ARM GAS  C:\Users\91819\AppData\Local\Temp\cct5vLZo.s 			page 1


   1              		.syntax unified
   2              		.cpu cortex-m3
   3              		.fpu softvfp
   4              		.eabi_attribute 20, 1
   5              		.eabi_attribute 21, 1
   6              		.eabi_attribute 23, 3
   7              		.eabi_attribute 24, 1
   8              		.eabi_attribute 25, 1
   9              		.eabi_attribute 26, 1
  10              		.eabi_attribute 30, 1
  11              		.eabi_attribute 34, 1
  12              		.eabi_attribute 18, 4
  13              		.thumb
  14              		.syntax unified
  15              		.file	"cyfitter_cfg.c"
  16              		.text
  17              	.Ltext0:
  18              		.cfi_sections	.debug_frame
  19              		.section	.text.CyClockStartupError,"ax",%progbits
  20              		.align	2
  21              		.thumb
  22              		.thumb_func
  23              		.type	CyClockStartupError, %function
  24              	CyClockStartupError:
  25              	.LFB3:
  26              		.file 1 "Generated_Source\\PSoC5\\cyfitter_cfg.c"
   1:Generated_Source\PSoC5/cyfitter_cfg.c **** 
   2:Generated_Source\PSoC5/cyfitter_cfg.c **** /*******************************************************************************
   3:Generated_Source\PSoC5/cyfitter_cfg.c **** * File Name: cyfitter_cfg.c
   4:Generated_Source\PSoC5/cyfitter_cfg.c **** * 
   5:Generated_Source\PSoC5/cyfitter_cfg.c **** * PSoC Creator  4.4
   6:Generated_Source\PSoC5/cyfitter_cfg.c **** *
   7:Generated_Source\PSoC5/cyfitter_cfg.c **** * Description:
   8:Generated_Source\PSoC5/cyfitter_cfg.c **** * This file contains device initialization code.
   9:Generated_Source\PSoC5/cyfitter_cfg.c **** * Except for the user defined sections in CyClockStartupError(), this file should not be modified.
  10:Generated_Source\PSoC5/cyfitter_cfg.c **** * This file is automatically generated by PSoC Creator.
  11:Generated_Source\PSoC5/cyfitter_cfg.c **** *
  12:Generated_Source\PSoC5/cyfitter_cfg.c **** ********************************************************************************
  13:Generated_Source\PSoC5/cyfitter_cfg.c **** * Copyright (c) 2007-2020 Cypress Semiconductor.  All rights reserved.
  14:Generated_Source\PSoC5/cyfitter_cfg.c **** * You may use this file only in accordance with the license, terms, conditions, 
  15:Generated_Source\PSoC5/cyfitter_cfg.c **** * disclaimers, and limitations in the end user license agreement accompanying 
  16:Generated_Source\PSoC5/cyfitter_cfg.c **** * the software package with which this file was provided.
  17:Generated_Source\PSoC5/cyfitter_cfg.c **** ********************************************************************************/
  18:Generated_Source\PSoC5/cyfitter_cfg.c **** 
  19:Generated_Source\PSoC5/cyfitter_cfg.c **** #include <string.h>
  20:Generated_Source\PSoC5/cyfitter_cfg.c **** #include "cytypes.h"
  21:Generated_Source\PSoC5/cyfitter_cfg.c **** #include "cydevice_trm.h"
  22:Generated_Source\PSoC5/cyfitter_cfg.c **** #include "cyfitter.h"
  23:Generated_Source\PSoC5/cyfitter_cfg.c **** #include "CyLib.h"
  24:Generated_Source\PSoC5/cyfitter_cfg.c **** #include "cyfitter_cfg.h"
  25:Generated_Source\PSoC5/cyfitter_cfg.c **** #include "cyapicallbacks.h"
  26:Generated_Source\PSoC5/cyfitter_cfg.c **** 
  27:Generated_Source\PSoC5/cyfitter_cfg.c **** #define CY_NEED_CYCLOCKSTARTUPERROR 1
  28:Generated_Source\PSoC5/cyfitter_cfg.c **** 
  29:Generated_Source\PSoC5/cyfitter_cfg.c **** 
  30:Generated_Source\PSoC5/cyfitter_cfg.c **** #if defined(__GNUC__) || defined(__ARMCC_VERSION)
  31:Generated_Source\PSoC5/cyfitter_cfg.c ****     #define CYPACKED 
ARM GAS  C:\Users\91819\AppData\Local\Temp\cct5vLZo.s 			page 2


  32:Generated_Source\PSoC5/cyfitter_cfg.c ****     #define CYPACKED_ATTR __attribute__ ((packed))
  33:Generated_Source\PSoC5/cyfitter_cfg.c ****     #define CYALIGNED __attribute__ ((aligned))
  34:Generated_Source\PSoC5/cyfitter_cfg.c ****     #define CY_CFG_UNUSED __attribute__ ((unused))
  35:Generated_Source\PSoC5/cyfitter_cfg.c ****     #ifndef CY_CFG_SECTION
  36:Generated_Source\PSoC5/cyfitter_cfg.c ****         #define CY_CFG_SECTION __attribute__ ((section(".psocinit")))
  37:Generated_Source\PSoC5/cyfitter_cfg.c ****     #endif
  38:Generated_Source\PSoC5/cyfitter_cfg.c ****     
  39:Generated_Source\PSoC5/cyfitter_cfg.c ****     #if defined(__ARMCC_VERSION)
  40:Generated_Source\PSoC5/cyfitter_cfg.c ****         #define CY_CFG_MEMORY_BARRIER() __memory_changed()
  41:Generated_Source\PSoC5/cyfitter_cfg.c ****     #else
  42:Generated_Source\PSoC5/cyfitter_cfg.c ****         #define CY_CFG_MEMORY_BARRIER() __sync_synchronize()
  43:Generated_Source\PSoC5/cyfitter_cfg.c ****     #endif
  44:Generated_Source\PSoC5/cyfitter_cfg.c ****     
  45:Generated_Source\PSoC5/cyfitter_cfg.c **** #elif defined(__ICCARM__)
  46:Generated_Source\PSoC5/cyfitter_cfg.c ****     #include <intrinsics.h>
  47:Generated_Source\PSoC5/cyfitter_cfg.c **** 
  48:Generated_Source\PSoC5/cyfitter_cfg.c ****     #define CYPACKED __packed
  49:Generated_Source\PSoC5/cyfitter_cfg.c ****     #define CYPACKED_ATTR 
  50:Generated_Source\PSoC5/cyfitter_cfg.c ****     #define CYALIGNED _Pragma("data_alignment=4")
  51:Generated_Source\PSoC5/cyfitter_cfg.c ****     #define CY_CFG_UNUSED _Pragma("diag_suppress=Pe177")
  52:Generated_Source\PSoC5/cyfitter_cfg.c ****     #define CY_CFG_SECTION _Pragma("location=\".psocinit\"")
  53:Generated_Source\PSoC5/cyfitter_cfg.c ****     
  54:Generated_Source\PSoC5/cyfitter_cfg.c ****     #define CY_CFG_MEMORY_BARRIER() __DMB()
  55:Generated_Source\PSoC5/cyfitter_cfg.c ****     
  56:Generated_Source\PSoC5/cyfitter_cfg.c **** #else
  57:Generated_Source\PSoC5/cyfitter_cfg.c ****     #error Unsupported toolchain
  58:Generated_Source\PSoC5/cyfitter_cfg.c **** #endif
  59:Generated_Source\PSoC5/cyfitter_cfg.c **** 
  60:Generated_Source\PSoC5/cyfitter_cfg.c **** #ifndef CYCODE
  61:Generated_Source\PSoC5/cyfitter_cfg.c ****     #define CYCODE
  62:Generated_Source\PSoC5/cyfitter_cfg.c **** #endif
  63:Generated_Source\PSoC5/cyfitter_cfg.c **** #ifndef CYDATA
  64:Generated_Source\PSoC5/cyfitter_cfg.c ****     #define CYDATA
  65:Generated_Source\PSoC5/cyfitter_cfg.c **** #endif
  66:Generated_Source\PSoC5/cyfitter_cfg.c **** #ifndef CYFAR
  67:Generated_Source\PSoC5/cyfitter_cfg.c ****     #define CYFAR
  68:Generated_Source\PSoC5/cyfitter_cfg.c **** #endif
  69:Generated_Source\PSoC5/cyfitter_cfg.c **** #ifndef CYXDATA
  70:Generated_Source\PSoC5/cyfitter_cfg.c ****     #define CYXDATA
  71:Generated_Source\PSoC5/cyfitter_cfg.c **** #endif
  72:Generated_Source\PSoC5/cyfitter_cfg.c **** 
  73:Generated_Source\PSoC5/cyfitter_cfg.c **** 
  74:Generated_Source\PSoC5/cyfitter_cfg.c **** CY_CFG_UNUSED
  75:Generated_Source\PSoC5/cyfitter_cfg.c **** static void CYMEMZERO(void *s, size_t n);
  76:Generated_Source\PSoC5/cyfitter_cfg.c **** CY_CFG_UNUSED
  77:Generated_Source\PSoC5/cyfitter_cfg.c **** static void CYMEMZERO(void *s, size_t n)
  78:Generated_Source\PSoC5/cyfitter_cfg.c **** {
  79:Generated_Source\PSoC5/cyfitter_cfg.c **** 	(void)memset(s, 0, n);
  80:Generated_Source\PSoC5/cyfitter_cfg.c **** }
  81:Generated_Source\PSoC5/cyfitter_cfg.c **** CY_CFG_UNUSED
  82:Generated_Source\PSoC5/cyfitter_cfg.c **** static void CYCONFIGCPY(void *dest, const void *src, size_t n);
  83:Generated_Source\PSoC5/cyfitter_cfg.c **** CY_CFG_UNUSED
  84:Generated_Source\PSoC5/cyfitter_cfg.c **** static void CYCONFIGCPY(void *dest, const void *src, size_t n)
  85:Generated_Source\PSoC5/cyfitter_cfg.c **** {
  86:Generated_Source\PSoC5/cyfitter_cfg.c **** 	(void)memcpy(dest, src, n);
  87:Generated_Source\PSoC5/cyfitter_cfg.c **** }
  88:Generated_Source\PSoC5/cyfitter_cfg.c **** CY_CFG_UNUSED
ARM GAS  C:\Users\91819\AppData\Local\Temp\cct5vLZo.s 			page 3


  89:Generated_Source\PSoC5/cyfitter_cfg.c **** static void CYCONFIGCPYCODE(void *dest, const void *src, size_t n);
  90:Generated_Source\PSoC5/cyfitter_cfg.c **** CY_CFG_UNUSED
  91:Generated_Source\PSoC5/cyfitter_cfg.c **** static void CYCONFIGCPYCODE(void *dest, const void *src, size_t n)
  92:Generated_Source\PSoC5/cyfitter_cfg.c **** {
  93:Generated_Source\PSoC5/cyfitter_cfg.c **** 	(void)memcpy(dest, src, n);
  94:Generated_Source\PSoC5/cyfitter_cfg.c **** }
  95:Generated_Source\PSoC5/cyfitter_cfg.c **** 
  96:Generated_Source\PSoC5/cyfitter_cfg.c **** 
  97:Generated_Source\PSoC5/cyfitter_cfg.c **** 
  98:Generated_Source\PSoC5/cyfitter_cfg.c **** 
  99:Generated_Source\PSoC5/cyfitter_cfg.c **** /* Clock startup error codes                                                   */
 100:Generated_Source\PSoC5/cyfitter_cfg.c **** #define CYCLOCKSTART_NO_ERROR    0u
 101:Generated_Source\PSoC5/cyfitter_cfg.c **** #define CYCLOCKSTART_XTAL_ERROR  1u
 102:Generated_Source\PSoC5/cyfitter_cfg.c **** #define CYCLOCKSTART_32KHZ_ERROR 2u
 103:Generated_Source\PSoC5/cyfitter_cfg.c **** #define CYCLOCKSTART_PLL_ERROR   3u
 104:Generated_Source\PSoC5/cyfitter_cfg.c **** #define CYCLOCKSTART_FLL_ERROR   4u
 105:Generated_Source\PSoC5/cyfitter_cfg.c **** #define CYCLOCKSTART_WCO_ERROR   5u
 106:Generated_Source\PSoC5/cyfitter_cfg.c **** 
 107:Generated_Source\PSoC5/cyfitter_cfg.c **** 
 108:Generated_Source\PSoC5/cyfitter_cfg.c **** #ifdef CY_NEED_CYCLOCKSTARTUPERROR
 109:Generated_Source\PSoC5/cyfitter_cfg.c **** /*******************************************************************************
 110:Generated_Source\PSoC5/cyfitter_cfg.c **** * Function Name: CyClockStartupError
 111:Generated_Source\PSoC5/cyfitter_cfg.c **** ********************************************************************************
 112:Generated_Source\PSoC5/cyfitter_cfg.c **** * Summary:
 113:Generated_Source\PSoC5/cyfitter_cfg.c **** *  If an error is encountered during clock configuration (crystal startup error,
 114:Generated_Source\PSoC5/cyfitter_cfg.c **** *  PLL lock error, etc.), the system will end up here.  Unless reimplemented by
 115:Generated_Source\PSoC5/cyfitter_cfg.c **** *  the customer, this function will stop in an infinite loop.
 116:Generated_Source\PSoC5/cyfitter_cfg.c **** *
 117:Generated_Source\PSoC5/cyfitter_cfg.c **** * Parameters:
 118:Generated_Source\PSoC5/cyfitter_cfg.c **** *   void
 119:Generated_Source\PSoC5/cyfitter_cfg.c **** *
 120:Generated_Source\PSoC5/cyfitter_cfg.c **** * Return:
 121:Generated_Source\PSoC5/cyfitter_cfg.c **** *   void
 122:Generated_Source\PSoC5/cyfitter_cfg.c **** *
 123:Generated_Source\PSoC5/cyfitter_cfg.c **** *******************************************************************************/
 124:Generated_Source\PSoC5/cyfitter_cfg.c **** CY_CFG_UNUSED
 125:Generated_Source\PSoC5/cyfitter_cfg.c **** static void CyClockStartupError(uint8 errorCode);
 126:Generated_Source\PSoC5/cyfitter_cfg.c **** CY_CFG_UNUSED
 127:Generated_Source\PSoC5/cyfitter_cfg.c **** static void CyClockStartupError(uint8 errorCode)
 128:Generated_Source\PSoC5/cyfitter_cfg.c **** {
  27              		.loc 1 128 0
  28              		.cfi_startproc
  29              		@ Volatile: function does not return.
  30              		@ args = 0, pretend = 0, frame = 0
  31              		@ frame_needed = 0, uses_anonymous_args = 0
  32              		@ link register save eliminated.
  33              	.LVL0:
  34              	.L2:
  35 0000 FEE7     		b	.L2
  36              		.cfi_endproc
  37              	.LFE3:
  38              		.size	CyClockStartupError, .-CyClockStartupError
  39 0002 00BF     		.section	.text.cfg_write_bytes32,"ax",%progbits
  40              		.align	2
  41              		.thumb
  42              		.thumb_func
  43              		.type	cfg_write_bytes32, %function
ARM GAS  C:\Users\91819\AppData\Local\Temp\cct5vLZo.s 			page 4


  44              	cfg_write_bytes32:
  45              	.LFB4:
 129:Generated_Source\PSoC5/cyfitter_cfg.c ****     /* To remove the compiler warning if errorCode not used.                */
 130:Generated_Source\PSoC5/cyfitter_cfg.c ****     errorCode = errorCode;
 131:Generated_Source\PSoC5/cyfitter_cfg.c **** 
 132:Generated_Source\PSoC5/cyfitter_cfg.c ****     /* If we have a clock startup error (bad MHz crystal, PLL lock, etc.),  */
 133:Generated_Source\PSoC5/cyfitter_cfg.c ****     /* we will end up here to allow the customer to implement something to  */
 134:Generated_Source\PSoC5/cyfitter_cfg.c ****     /* deal with the clock condition.                                       */
 135:Generated_Source\PSoC5/cyfitter_cfg.c **** 
 136:Generated_Source\PSoC5/cyfitter_cfg.c **** #ifdef CY_CFG_CLOCK_STARTUP_ERROR_CALLBACK
 137:Generated_Source\PSoC5/cyfitter_cfg.c ****     CY_CFG_Clock_Startup_ErrorCallback();
 138:Generated_Source\PSoC5/cyfitter_cfg.c **** #else
 139:Generated_Source\PSoC5/cyfitter_cfg.c ****     /*  If not using CY_CFG_CLOCK_STARTUP_ERROR_CALLBACK, place your clock startup code here. */
 140:Generated_Source\PSoC5/cyfitter_cfg.c ****     /* `#START CyClockStartupError` */
 141:Generated_Source\PSoC5/cyfitter_cfg.c **** 
 142:Generated_Source\PSoC5/cyfitter_cfg.c **** 
 143:Generated_Source\PSoC5/cyfitter_cfg.c **** 
 144:Generated_Source\PSoC5/cyfitter_cfg.c ****     /* `#END` */
 145:Generated_Source\PSoC5/cyfitter_cfg.c **** 
 146:Generated_Source\PSoC5/cyfitter_cfg.c ****     while(1) {}
 147:Generated_Source\PSoC5/cyfitter_cfg.c **** #endif /* CY_CFG_CLOCK_STARTUP_ERROR_CALLBACK */
 148:Generated_Source\PSoC5/cyfitter_cfg.c **** }
 149:Generated_Source\PSoC5/cyfitter_cfg.c **** #endif
 150:Generated_Source\PSoC5/cyfitter_cfg.c **** 
 151:Generated_Source\PSoC5/cyfitter_cfg.c **** #define CY_CFG_BASE_ADDR_COUNT 44u
 152:Generated_Source\PSoC5/cyfitter_cfg.c **** CYPACKED typedef struct
 153:Generated_Source\PSoC5/cyfitter_cfg.c **** {
 154:Generated_Source\PSoC5/cyfitter_cfg.c **** 	uint8 offset;
 155:Generated_Source\PSoC5/cyfitter_cfg.c **** 	uint8 value;
 156:Generated_Source\PSoC5/cyfitter_cfg.c **** } CYPACKED_ATTR cy_cfg_addrvalue_t;
 157:Generated_Source\PSoC5/cyfitter_cfg.c **** 
 158:Generated_Source\PSoC5/cyfitter_cfg.c **** #define cy_cfg_addr_table ((const uint32 CYFAR *)0x48000000u)
 159:Generated_Source\PSoC5/cyfitter_cfg.c **** #define cy_cfg_data_table ((const cy_cfg_addrvalue_t CYFAR *)0x480000B0u)
 160:Generated_Source\PSoC5/cyfitter_cfg.c **** 
 161:Generated_Source\PSoC5/cyfitter_cfg.c **** /* IOPINS0_0 Address: CYREG_PRT0_DM0 Size (bytes): 8 */
 162:Generated_Source\PSoC5/cyfitter_cfg.c **** #define BS_IOPINS0_0_VAL ((const uint8 CYFAR *)0x48000D44u)
 163:Generated_Source\PSoC5/cyfitter_cfg.c **** 
 164:Generated_Source\PSoC5/cyfitter_cfg.c **** /* IOPINS0_7 Address: CYREG_PRT12_DR Size (bytes): 10 */
 165:Generated_Source\PSoC5/cyfitter_cfg.c **** #define BS_IOPINS0_7_VAL ((const uint8 CYFAR *)0x48000D4Cu)
 166:Generated_Source\PSoC5/cyfitter_cfg.c **** 
 167:Generated_Source\PSoC5/cyfitter_cfg.c **** /* IOPINS0_8 Address: CYREG_PRT15_DR Size (bytes): 10 */
 168:Generated_Source\PSoC5/cyfitter_cfg.c **** #define BS_IOPINS0_8_VAL ((const uint8 CYFAR *)0x48000D58u)
 169:Generated_Source\PSoC5/cyfitter_cfg.c **** 
 170:Generated_Source\PSoC5/cyfitter_cfg.c **** /* IOPINS0_1 Address: CYREG_PRT1_DM0 Size (bytes): 8 */
 171:Generated_Source\PSoC5/cyfitter_cfg.c **** #define BS_IOPINS0_1_VAL ((const uint8 CYFAR *)0x48000D64u)
 172:Generated_Source\PSoC5/cyfitter_cfg.c **** 
 173:Generated_Source\PSoC5/cyfitter_cfg.c **** /* IOPINS0_2 Address: CYREG_PRT2_DM0 Size (bytes): 8 */
 174:Generated_Source\PSoC5/cyfitter_cfg.c **** #define BS_IOPINS0_2_VAL ((const uint8 CYFAR *)0x48000D6Cu)
 175:Generated_Source\PSoC5/cyfitter_cfg.c **** 
 176:Generated_Source\PSoC5/cyfitter_cfg.c **** /* IOPINS0_3 Address: CYREG_PRT3_DM0 Size (bytes): 8 */
 177:Generated_Source\PSoC5/cyfitter_cfg.c **** #define BS_IOPINS0_3_VAL ((const uint8 CYFAR *)0x48000D74u)
 178:Generated_Source\PSoC5/cyfitter_cfg.c **** 
 179:Generated_Source\PSoC5/cyfitter_cfg.c **** /* PHUB_CFGMEM1 Address: CYREG_PHUB_CFGMEM1_CFG0 Size (bytes): 4 */
 180:Generated_Source\PSoC5/cyfitter_cfg.c **** #define BS_PHUB_CFGMEM1_VAL ((const uint8 CYFAR *)0x48000D7Cu)
 181:Generated_Source\PSoC5/cyfitter_cfg.c **** 
 182:Generated_Source\PSoC5/cyfitter_cfg.c **** 
 183:Generated_Source\PSoC5/cyfitter_cfg.c **** /*******************************************************************************
ARM GAS  C:\Users\91819\AppData\Local\Temp\cct5vLZo.s 			page 5


 184:Generated_Source\PSoC5/cyfitter_cfg.c **** * Function Name: cfg_write_bytes32
 185:Generated_Source\PSoC5/cyfitter_cfg.c **** ********************************************************************************
 186:Generated_Source\PSoC5/cyfitter_cfg.c **** * Summary:
 187:Generated_Source\PSoC5/cyfitter_cfg.c **** *  This function is used for setting up the chip configuration areas that
 188:Generated_Source\PSoC5/cyfitter_cfg.c **** *  contain relatively sparse data.
 189:Generated_Source\PSoC5/cyfitter_cfg.c **** *
 190:Generated_Source\PSoC5/cyfitter_cfg.c **** * Parameters:
 191:Generated_Source\PSoC5/cyfitter_cfg.c **** *   void
 192:Generated_Source\PSoC5/cyfitter_cfg.c **** *
 193:Generated_Source\PSoC5/cyfitter_cfg.c **** * Return:
 194:Generated_Source\PSoC5/cyfitter_cfg.c **** *   void
 195:Generated_Source\PSoC5/cyfitter_cfg.c **** *
 196:Generated_Source\PSoC5/cyfitter_cfg.c **** *******************************************************************************/
 197:Generated_Source\PSoC5/cyfitter_cfg.c **** static void cfg_write_bytes32(const uint32 addr_table[], const cy_cfg_addrvalue_t data_table[]);
 198:Generated_Source\PSoC5/cyfitter_cfg.c **** static void cfg_write_bytes32(const uint32 addr_table[], const cy_cfg_addrvalue_t data_table[])
 199:Generated_Source\PSoC5/cyfitter_cfg.c **** {
  46              		.loc 1 199 0
  47              		.cfi_startproc
  48              		@ args = 0, pretend = 0, frame = 0
  49              		@ frame_needed = 0, uses_anonymous_args = 0
  50              		@ link register save eliminated.
  51              	.LVL1:
  52              		.loc 1 199 0
  53 0000 F0B4     		push	{r4, r5, r6, r7}
  54              		.cfi_def_cfa_offset 16
  55              		.cfi_offset 4, -16
  56              		.cfi_offset 5, -12
  57              		.cfi_offset 6, -8
  58              		.cfi_offset 7, -4
  59              	.LVL2:
 200:Generated_Source\PSoC5/cyfitter_cfg.c **** 	/* For 32-bit little-endian architectures */
 201:Generated_Source\PSoC5/cyfitter_cfg.c **** 	uint32 i, j = 0u;
  60              		.loc 1 201 0
  61 0002 0022     		movs	r2, #0
 202:Generated_Source\PSoC5/cyfitter_cfg.c **** 	for (i = 0u; i < CY_CFG_BASE_ADDR_COUNT; i++)
  62              		.loc 1 202 0
  63 0004 1746     		mov	r7, r2
  64 0006 11E0     		b	.L4
  65              	.LVL3:
  66              	.L7:
  67              	.LBB2:
 203:Generated_Source\PSoC5/cyfitter_cfg.c **** 	{
 204:Generated_Source\PSoC5/cyfitter_cfg.c **** 		uint32 baseAddr = addr_table[i];
  68              		.loc 1 204 0
  69 0008 50F82760 		ldr	r6, [r0, r7, lsl #2]
  70              	.LVL4:
 205:Generated_Source\PSoC5/cyfitter_cfg.c **** 		uint8 count = (uint8)baseAddr;
  71              		.loc 1 205 0
  72 000c F3B2     		uxtb	r3, r6
  73              	.LVL5:
 206:Generated_Source\PSoC5/cyfitter_cfg.c **** 		baseAddr &= 0xFFFFFF00u;
  74              		.loc 1 206 0
  75 000e 26F0FF06 		bic	r6, r6, #255
  76              	.LVL6:
 207:Generated_Source\PSoC5/cyfitter_cfg.c **** 		while (count != 0u)
  77              		.loc 1 207 0
  78 0012 08E0     		b	.L5
ARM GAS  C:\Users\91819\AppData\Local\Temp\cct5vLZo.s 			page 6


  79              	.L6:
 208:Generated_Source\PSoC5/cyfitter_cfg.c **** 		{
 209:Generated_Source\PSoC5/cyfitter_cfg.c **** 			CY_SET_REG8((void *)(baseAddr + data_table[j].offset), data_table[j].value);
  80              		.loc 1 209 0
  81 0014 01EB4205 		add	r5, r1, r2, lsl #1
  82 0018 11F81240 		ldrb	r4, [r1, r2, lsl #1]	@ zero_extendqisi2
  83 001c 6D78     		ldrb	r5, [r5, #1]	@ zero_extendqisi2
  84 001e A555     		strb	r5, [r4, r6]
 210:Generated_Source\PSoC5/cyfitter_cfg.c **** 			j++;
  85              		.loc 1 210 0
  86 0020 0132     		adds	r2, r2, #1
  87              	.LVL7:
 211:Generated_Source\PSoC5/cyfitter_cfg.c **** 			count--;
  88              		.loc 1 211 0
  89 0022 013B     		subs	r3, r3, #1
  90              	.LVL8:
  91 0024 DBB2     		uxtb	r3, r3
  92              	.LVL9:
  93              	.L5:
 207:Generated_Source\PSoC5/cyfitter_cfg.c **** 		{
  94              		.loc 1 207 0
  95 0026 002B     		cmp	r3, #0
  96 0028 F4D1     		bne	.L6
  97              	.LBE2:
 202:Generated_Source\PSoC5/cyfitter_cfg.c **** 	{
  98              		.loc 1 202 0 discriminator 2
  99 002a 0137     		adds	r7, r7, #1
 100              	.LVL10:
 101              	.L4:
 202:Generated_Source\PSoC5/cyfitter_cfg.c **** 	{
 102              		.loc 1 202 0 is_stmt 0 discriminator 1
 103 002c 2B2F     		cmp	r7, #43
 104 002e EBD9     		bls	.L7
 212:Generated_Source\PSoC5/cyfitter_cfg.c **** 		}
 213:Generated_Source\PSoC5/cyfitter_cfg.c **** 	}
 214:Generated_Source\PSoC5/cyfitter_cfg.c **** }
 105              		.loc 1 214 0 is_stmt 1
 106 0030 F0BC     		pop	{r4, r5, r6, r7}
 107              		.cfi_restore 7
 108              		.cfi_restore 6
 109              		.cfi_restore 5
 110              		.cfi_restore 4
 111              		.cfi_def_cfa_offset 0
 112              	.LVL11:
 113 0032 7047     		bx	lr
 114              		.cfi_endproc
 115              	.LFE4:
 116              		.size	cfg_write_bytes32, .-cfg_write_bytes32
 117              		.section	.text.ClockSetup,"ax",%progbits
 118              		.align	2
 119              		.thumb
 120              		.thumb_func
 121              		.type	ClockSetup, %function
 122              	ClockSetup:
 123              	.LFB5:
 215:Generated_Source\PSoC5/cyfitter_cfg.c **** 
 216:Generated_Source\PSoC5/cyfitter_cfg.c **** /*******************************************************************************
ARM GAS  C:\Users\91819\AppData\Local\Temp\cct5vLZo.s 			page 7


 217:Generated_Source\PSoC5/cyfitter_cfg.c **** * Function Name: ClockSetup
 218:Generated_Source\PSoC5/cyfitter_cfg.c **** ********************************************************************************
 219:Generated_Source\PSoC5/cyfitter_cfg.c **** *
 220:Generated_Source\PSoC5/cyfitter_cfg.c **** * Summary:
 221:Generated_Source\PSoC5/cyfitter_cfg.c **** *  Performs the initialization of all of the clocks in the device based on the
 222:Generated_Source\PSoC5/cyfitter_cfg.c **** *  settings in the Clock tab of the DWR.  This includes enabling the requested
 223:Generated_Source\PSoC5/cyfitter_cfg.c **** *  clocks and setting the necessary dividers to produce the desired frequency. 
 224:Generated_Source\PSoC5/cyfitter_cfg.c **** *
 225:Generated_Source\PSoC5/cyfitter_cfg.c **** * Parameters:
 226:Generated_Source\PSoC5/cyfitter_cfg.c **** *  void
 227:Generated_Source\PSoC5/cyfitter_cfg.c **** *
 228:Generated_Source\PSoC5/cyfitter_cfg.c **** * Return:
 229:Generated_Source\PSoC5/cyfitter_cfg.c **** *  void
 230:Generated_Source\PSoC5/cyfitter_cfg.c **** *
 231:Generated_Source\PSoC5/cyfitter_cfg.c **** *******************************************************************************/
 232:Generated_Source\PSoC5/cyfitter_cfg.c **** static void ClockSetup(void);
 233:Generated_Source\PSoC5/cyfitter_cfg.c **** static void ClockSetup(void)
 234:Generated_Source\PSoC5/cyfitter_cfg.c **** {
 124              		.loc 1 234 0
 125              		.cfi_startproc
 126              		@ args = 0, pretend = 0, frame = 0
 127              		@ frame_needed = 0, uses_anonymous_args = 0
 128 0000 38B5     		push	{r3, r4, r5, lr}
 129              		.cfi_def_cfa_offset 16
 130              		.cfi_offset 3, -16
 131              		.cfi_offset 4, -12
 132              		.cfi_offset 5, -8
 133              		.cfi_offset 14, -4
 235:Generated_Source\PSoC5/cyfitter_cfg.c **** 	uint32 timeout;
 236:Generated_Source\PSoC5/cyfitter_cfg.c **** 	uint8 pllLock;
 237:Generated_Source\PSoC5/cyfitter_cfg.c **** 
 238:Generated_Source\PSoC5/cyfitter_cfg.c **** 
 239:Generated_Source\PSoC5/cyfitter_cfg.c **** 	/* Configure Digital Clocks based on settings from Clock DWR */
 240:Generated_Source\PSoC5/cyfitter_cfg.c **** 	CY_SET_XTND_REG16((void CYFAR *)(CYREG_CLKDIST_DCFG0_CFG0), 0x0000u);
 134              		.loc 1 240 0
 135 0002 0024     		movs	r4, #0
 136 0004 2E4B     		ldr	r3, .L15
 137 0006 1C80     		strh	r4, [r3]	@ movhi
 241:Generated_Source\PSoC5/cyfitter_cfg.c **** 	CY_SET_XTND_REG8((void CYFAR *)(CYREG_CLKDIST_DCFG0_CFG0 + 0x2u), 0x58u);
 138              		.loc 1 241 0
 139 0008 5822     		movs	r2, #88
 140 000a 0233     		adds	r3, r3, #2
 141 000c 1A70     		strb	r2, [r3]
 242:Generated_Source\PSoC5/cyfitter_cfg.c **** 	CY_SET_XTND_REG16((void CYFAR *)(CYREG_CLKDIST_DCFG1_CFG0), 0x0008u);
 142              		.loc 1 242 0
 143 000e 0822     		movs	r2, #8
 144 0010 0233     		adds	r3, r3, #2
 145 0012 1A80     		strh	r2, [r3]	@ movhi
 243:Generated_Source\PSoC5/cyfitter_cfg.c **** 	CY_SET_XTND_REG8((void CYFAR *)(CYREG_CLKDIST_DCFG1_CFG0 + 0x2u), 0x18u);
 146              		.loc 1 243 0
 147 0014 1823     		movs	r3, #24
 148 0016 2B4A     		ldr	r2, .L15+4
 149 0018 1370     		strb	r3, [r2]
 244:Generated_Source\PSoC5/cyfitter_cfg.c **** 	CY_SET_XTND_REG16((void CYFAR *)(CYREG_CLKDIST_DCFG2_CFG0), 0x002Cu);
 150              		.loc 1 244 0
 151 001a 2C21     		movs	r1, #44
 152 001c 0232     		adds	r2, r2, #2
ARM GAS  C:\Users\91819\AppData\Local\Temp\cct5vLZo.s 			page 8


 153 001e 1180     		strh	r1, [r2]	@ movhi
 245:Generated_Source\PSoC5/cyfitter_cfg.c **** 	CY_SET_XTND_REG8((void CYFAR *)(CYREG_CLKDIST_DCFG2_CFG0 + 0x2u), 0x18u);
 154              		.loc 1 245 0
 155 0020 0232     		adds	r2, r2, #2
 156 0022 1370     		strb	r3, [r2]
 246:Generated_Source\PSoC5/cyfitter_cfg.c **** 	CY_SET_XTND_REG16((void CYFAR *)(CYREG_CLKDIST_DCFG3_CFG0), 0x004Du);
 157              		.loc 1 246 0
 158 0024 4D21     		movs	r1, #77
 159 0026 0232     		adds	r2, r2, #2
 160 0028 1180     		strh	r1, [r2]	@ movhi
 247:Generated_Source\PSoC5/cyfitter_cfg.c **** 	CY_SET_XTND_REG8((void CYFAR *)(CYREG_CLKDIST_DCFG3_CFG0 + 0x2u), 0x18u);
 161              		.loc 1 247 0
 162 002a 0232     		adds	r2, r2, #2
 163 002c 1370     		strb	r3, [r2]
 248:Generated_Source\PSoC5/cyfitter_cfg.c **** 	CY_SET_XTND_REG16((void CYFAR *)(CYREG_CLKDIST_DCFG4_CFG0), 0x383Fu);
 164              		.loc 1 248 0
 165 002e 43F63F01 		movw	r1, #14399
 166 0032 0232     		adds	r2, r2, #2
 167 0034 1180     		strh	r1, [r2]	@ movhi
 249:Generated_Source\PSoC5/cyfitter_cfg.c **** 	CY_SET_XTND_REG8((void CYFAR *)(CYREG_CLKDIST_DCFG4_CFG0 + 0x2u), 0x18u);
 168              		.loc 1 249 0
 169 0036 0232     		adds	r2, r2, #2
 170 0038 1370     		strb	r3, [r2]
 250:Generated_Source\PSoC5/cyfitter_cfg.c **** 
 251:Generated_Source\PSoC5/cyfitter_cfg.c **** 	/* Configure ILO based on settings from Clock DWR */
 252:Generated_Source\PSoC5/cyfitter_cfg.c **** 	CY_SET_XTND_REG8((void CYFAR *)(CYREG_SLOWCLK_ILO_CR0), 0x06u);
 171              		.loc 1 252 0
 172 003a 0622     		movs	r2, #6
 173 003c 224B     		ldr	r3, .L15+8
 174 003e 1A70     		strb	r2, [r3]
 253:Generated_Source\PSoC5/cyfitter_cfg.c **** 
 254:Generated_Source\PSoC5/cyfitter_cfg.c **** 	/* Configure IMO based on settings from Clock DWR */
 255:Generated_Source\PSoC5/cyfitter_cfg.c **** 	CY_SET_XTND_REG8((void CYFAR *)(CYREG_FASTCLK_IMO_CR), 0x52u);
 175              		.loc 1 255 0
 176 0040 5222     		movs	r2, #82
 177 0042 A3F58073 		sub	r3, r3, #256
 178 0046 1A70     		strb	r2, [r3]
 256:Generated_Source\PSoC5/cyfitter_cfg.c **** 	CY_SET_XTND_REG8((void CYFAR *)(CYREG_IMO_TR1), (CY_GET_XTND_REG8((void CYFAR *)CYREG_FLSHID_CUST_
 179              		.loc 1 256 0
 180 0048 204B     		ldr	r3, .L15+12
 181 004a 1B78     		ldrb	r3, [r3]	@ zero_extendqisi2
 182 004c DBB2     		uxtb	r3, r3
 183 004e 204A     		ldr	r2, .L15+16
 184 0050 1370     		strb	r3, [r2]
 257:Generated_Source\PSoC5/cyfitter_cfg.c **** 
 258:Generated_Source\PSoC5/cyfitter_cfg.c **** 	/* Configure PLL based on settings from Clock DWR */
 259:Generated_Source\PSoC5/cyfitter_cfg.c **** 	CY_SET_XTND_REG16((void CYFAR *)(CYREG_FASTCLK_PLL_P), 0x0718u);
 185              		.loc 1 259 0
 186 0052 4FF4E362 		mov	r2, #1816
 187 0056 1F4B     		ldr	r3, .L15+20
 188 0058 1A80     		strh	r2, [r3]	@ movhi
 260:Generated_Source\PSoC5/cyfitter_cfg.c **** 	CY_SET_XTND_REG16((void CYFAR *)(CYREG_FASTCLK_PLL_CFG0), 0x2251u);
 189              		.loc 1 260 0
 190 005a 42F25122 		movw	r2, #8785
 191 005e 023B     		subs	r3, r3, #2
 192 0060 1A80     		strh	r2, [r3]	@ movhi
 193              	.LVL12:
ARM GAS  C:\Users\91819\AppData\Local\Temp\cct5vLZo.s 			page 9


 261:Generated_Source\PSoC5/cyfitter_cfg.c **** 	/* Wait up to 250us for the PLL to lock */
 262:Generated_Source\PSoC5/cyfitter_cfg.c **** 	pllLock = 0u;
 263:Generated_Source\PSoC5/cyfitter_cfg.c **** 	for (timeout = 250u / 10u; (timeout > 0u) && (pllLock != 0x03u); timeout--)
 194              		.loc 1 263 0
 195 0062 1925     		movs	r5, #25
 196 0064 0CE0     		b	.L10
 197              	.LVL13:
 198              	.L12:
 264:Generated_Source\PSoC5/cyfitter_cfg.c **** 	{ 
 265:Generated_Source\PSoC5/cyfitter_cfg.c **** 		pllLock = 0x03u & ((uint8)((uint8)pllLock << 1) | ((CY_GET_XTND_REG8((void CYFAR *)CYREG_FASTCLK_
 199              		.loc 1 265 0 discriminator 4
 200 0066 1C4B     		ldr	r3, .L15+24
 201 0068 1B78     		ldrb	r3, [r3]	@ zero_extendqisi2
 202 006a 03F00103 		and	r3, r3, #1
 203 006e 43EA4404 		orr	r4, r3, r4, lsl #1
 204              	.LVL14:
 205 0072 04F00304 		and	r4, r4, #3
 206              	.LVL15:
 266:Generated_Source\PSoC5/cyfitter_cfg.c **** 		CyDelayCycles(10u * 48u); /* Delay 10us based on 48MHz clock */
 207              		.loc 1 266 0 discriminator 4
 208 0076 4FF4F070 		mov	r0, #480
 209 007a FFF7FEFF 		bl	CyDelayCycles
 210              	.LVL16:
 263:Generated_Source\PSoC5/cyfitter_cfg.c **** 	{ 
 211              		.loc 1 263 0 discriminator 4
 212 007e 013D     		subs	r5, r5, #1
 213              	.LVL17:
 214              	.L10:
 263:Generated_Source\PSoC5/cyfitter_cfg.c **** 	{ 
 215              		.loc 1 263 0 is_stmt 0 discriminator 1
 216 0080 0DB1     		cbz	r5, .L11
 263:Generated_Source\PSoC5/cyfitter_cfg.c **** 	{ 
 217              		.loc 1 263 0 discriminator 3
 218 0082 032C     		cmp	r4, #3
 219 0084 EFD1     		bne	.L12
 220              	.L11:
 267:Generated_Source\PSoC5/cyfitter_cfg.c **** 	}
 268:Generated_Source\PSoC5/cyfitter_cfg.c **** 	/* If we ran out of time the PLL didn't lock so go to the error function */
 269:Generated_Source\PSoC5/cyfitter_cfg.c **** 	if (timeout == 0u)
 221              		.loc 1 269 0 is_stmt 1
 222 0086 15B9     		cbnz	r5, .L13
 270:Generated_Source\PSoC5/cyfitter_cfg.c **** 	{
 271:Generated_Source\PSoC5/cyfitter_cfg.c **** 		CyClockStartupError(CYCLOCKSTART_PLL_ERROR);
 223              		.loc 1 271 0
 224 0088 0320     		movs	r0, #3
 225 008a FFF7FEFF 		bl	CyClockStartupError
 226              	.LVL18:
 227              	.L13:
 272:Generated_Source\PSoC5/cyfitter_cfg.c **** 	}
 273:Generated_Source\PSoC5/cyfitter_cfg.c **** 
 274:Generated_Source\PSoC5/cyfitter_cfg.c **** 	/* Configure Bus/Master Clock based on settings from Clock DWR */
 275:Generated_Source\PSoC5/cyfitter_cfg.c **** 	CY_SET_XTND_REG16((void CYFAR *)(CYREG_CLKDIST_MSTR0), 0x0100u);
 228              		.loc 1 275 0
 229 008e 134A     		ldr	r2, .L15+28
 230 0090 4FF48073 		mov	r3, #256
 231 0094 1380     		strh	r3, [r2]	@ movhi
 276:Generated_Source\PSoC5/cyfitter_cfg.c **** 	CY_SET_XTND_REG8((void CYFAR *)(CYREG_CLKDIST_MSTR0), 0x07u);
ARM GAS  C:\Users\91819\AppData\Local\Temp\cct5vLZo.s 			page 10


 232              		.loc 1 276 0
 233 0096 0723     		movs	r3, #7
 234 0098 1370     		strb	r3, [r2]
 277:Generated_Source\PSoC5/cyfitter_cfg.c **** 	CY_SET_XTND_REG8((void CYFAR *)(CYREG_CLKDIST_BCFG0), 0x00u);
 235              		.loc 1 277 0
 236 009a 0023     		movs	r3, #0
 237 009c 1049     		ldr	r1, .L15+32
 238 009e 0B70     		strb	r3, [r1]
 278:Generated_Source\PSoC5/cyfitter_cfg.c **** 	CY_SET_XTND_REG8((void CYFAR *)(CYREG_CLKDIST_BCFG2), 0x48u);
 239              		.loc 1 278 0
 240 00a0 4820     		movs	r0, #72
 241 00a2 0231     		adds	r1, r1, #2
 242 00a4 0870     		strb	r0, [r1]
 279:Generated_Source\PSoC5/cyfitter_cfg.c **** 	CY_SET_XTND_REG8((void CYFAR *)(CYREG_CLKDIST_MSTR0), 0x00u);
 243              		.loc 1 279 0
 244 00a6 1370     		strb	r3, [r2]
 280:Generated_Source\PSoC5/cyfitter_cfg.c **** 
 281:Generated_Source\PSoC5/cyfitter_cfg.c **** 	/* Configure USB Clock based on settings from Clock DWR */
 282:Generated_Source\PSoC5/cyfitter_cfg.c **** 	CY_SET_XTND_REG8((void CYFAR *)(CYREG_CLKDIST_UCFG), 0x00u);
 245              		.loc 1 282 0
 246 00a8 0532     		adds	r2, r2, #5
 247 00aa 1370     		strb	r3, [r2]
 283:Generated_Source\PSoC5/cyfitter_cfg.c **** 	CY_SET_XTND_REG8((void CYFAR *)(CYREG_CLKDIST_LD), 0x02u);
 248              		.loc 1 283 0
 249 00ac 0222     		movs	r2, #2
 250 00ae 0D4B     		ldr	r3, .L15+36
 251 00b0 1A70     		strb	r2, [r3]
 284:Generated_Source\PSoC5/cyfitter_cfg.c **** 
 285:Generated_Source\PSoC5/cyfitter_cfg.c **** 	CY_SET_XTND_REG8((void CYFAR *)(CYREG_PM_ACT_CFG2), ((CY_GET_XTND_REG8((void CYFAR *)CYREG_PM_ACT_
 252              		.loc 1 285 0
 253 00b2 0D4A     		ldr	r2, .L15+40
 254 00b4 1378     		ldrb	r3, [r2]	@ zero_extendqisi2
 255 00b6 43F01F03 		orr	r3, r3, #31
 256 00ba 1370     		strb	r3, [r2]
 257 00bc 38BD     		pop	{r3, r4, r5, pc}
 258              	.LVL19:
 259              	.L16:
 260 00be 00BF     		.align	2
 261              	.L15:
 262 00c0 80400040 		.word	1073758336
 263 00c4 86400040 		.word	1073758342
 264 00c8 00430040 		.word	1073758976
 265 00cc 0F010049 		.word	1224737039
 266 00d0 A1460040 		.word	1073759905
 267 00d4 22420040 		.word	1073758754
 268 00d8 25420040 		.word	1073758757
 269 00dc 04400040 		.word	1073758212
 270 00e0 06400040 		.word	1073758214
 271 00e4 01400040 		.word	1073758209
 272 00e8 A2430040 		.word	1073759138
 273              		.cfi_endproc
 274              	.LFE5:
 275              		.size	ClockSetup, .-ClockSetup
 276              		.section	.text.CYMEMZERO,"ax",%progbits
 277              		.align	2
 278              		.thumb
 279              		.thumb_func
ARM GAS  C:\Users\91819\AppData\Local\Temp\cct5vLZo.s 			page 11


 280              		.type	CYMEMZERO, %function
 281              	CYMEMZERO:
 282              	.LFB0:
  78:Generated_Source\PSoC5/cyfitter_cfg.c **** 	(void)memset(s, 0, n);
 283              		.loc 1 78 0
 284              		.cfi_startproc
 285              		@ args = 0, pretend = 0, frame = 0
 286              		@ frame_needed = 0, uses_anonymous_args = 0
 287              	.LVL20:
 288 0000 08B5     		push	{r3, lr}
 289              		.cfi_def_cfa_offset 8
 290              		.cfi_offset 3, -8
 291              		.cfi_offset 14, -4
  79:Generated_Source\PSoC5/cyfitter_cfg.c **** }
 292              		.loc 1 79 0
 293 0002 0A46     		mov	r2, r1
 294 0004 0021     		movs	r1, #0
 295              	.LVL21:
 296 0006 FFF7FEFF 		bl	memset
 297              	.LVL22:
 298 000a 08BD     		pop	{r3, pc}
 299              		.cfi_endproc
 300              	.LFE0:
 301              		.size	CYMEMZERO, .-CYMEMZERO
 302              		.section	.text.AnalogSetDefault,"ax",%progbits
 303              		.align	2
 304              		.thumb
 305              		.thumb_func
 306              		.type	AnalogSetDefault, %function
 307              	AnalogSetDefault:
 308              	.LFB6:
 286:Generated_Source\PSoC5/cyfitter_cfg.c **** }
 287:Generated_Source\PSoC5/cyfitter_cfg.c **** 
 288:Generated_Source\PSoC5/cyfitter_cfg.c **** 
 289:Generated_Source\PSoC5/cyfitter_cfg.c **** /* Analog API Functions */
 290:Generated_Source\PSoC5/cyfitter_cfg.c **** 
 291:Generated_Source\PSoC5/cyfitter_cfg.c **** 
 292:Generated_Source\PSoC5/cyfitter_cfg.c **** /*******************************************************************************
 293:Generated_Source\PSoC5/cyfitter_cfg.c **** * Function Name: AnalogSetDefault
 294:Generated_Source\PSoC5/cyfitter_cfg.c **** ********************************************************************************
 295:Generated_Source\PSoC5/cyfitter_cfg.c **** *
 296:Generated_Source\PSoC5/cyfitter_cfg.c **** * Summary:
 297:Generated_Source\PSoC5/cyfitter_cfg.c **** *  Sets up the analog portions of the chip to default values based on chip
 298:Generated_Source\PSoC5/cyfitter_cfg.c **** *  configuration options from the project.
 299:Generated_Source\PSoC5/cyfitter_cfg.c **** *
 300:Generated_Source\PSoC5/cyfitter_cfg.c **** * Parameters:
 301:Generated_Source\PSoC5/cyfitter_cfg.c **** *  void
 302:Generated_Source\PSoC5/cyfitter_cfg.c **** *
 303:Generated_Source\PSoC5/cyfitter_cfg.c **** * Return:
 304:Generated_Source\PSoC5/cyfitter_cfg.c **** *  void
 305:Generated_Source\PSoC5/cyfitter_cfg.c **** *
 306:Generated_Source\PSoC5/cyfitter_cfg.c **** *******************************************************************************/
 307:Generated_Source\PSoC5/cyfitter_cfg.c **** static void AnalogSetDefault(void);
 308:Generated_Source\PSoC5/cyfitter_cfg.c **** static void AnalogSetDefault(void)
 309:Generated_Source\PSoC5/cyfitter_cfg.c **** {
 309              		.loc 1 309 0
 310              		.cfi_startproc
ARM GAS  C:\Users\91819\AppData\Local\Temp\cct5vLZo.s 			page 12


 311              		@ args = 0, pretend = 0, frame = 0
 312              		@ frame_needed = 0, uses_anonymous_args = 0
 313 0000 F8B5     		push	{r3, r4, r5, r6, r7, lr}
 314              		.cfi_def_cfa_offset 24
 315              		.cfi_offset 3, -24
 316              		.cfi_offset 4, -20
 317              		.cfi_offset 5, -16
 318              		.cfi_offset 6, -12
 319              		.cfi_offset 7, -8
 320              		.cfi_offset 14, -4
 310:Generated_Source\PSoC5/cyfitter_cfg.c **** 	uint8 bg_xover_inl_trim = CY_GET_XTND_REG8((void CYFAR *)(CYREG_FLSHID_MFG_CFG_BG_XOVER_INL_TRIM +
 321              		.loc 1 310 0
 322 0002 164B     		ldr	r3, .L21
 323 0004 1B78     		ldrb	r3, [r3]	@ zero_extendqisi2
 324 0006 DBB2     		uxtb	r3, r3
 325              	.LVL23:
 311:Generated_Source\PSoC5/cyfitter_cfg.c **** 	uint8 cr4 = CY_GET_XTND_REG8((void CYFAR *)(CYREG_RESET_CR4));
 326              		.loc 1 311 0
 327 0008 154E     		ldr	r6, .L21+4
 328 000a 3478     		ldrb	r4, [r6]	@ zero_extendqisi2
 329 000c E4B2     		uxtb	r4, r4
 330              	.LVL24:
 312:Generated_Source\PSoC5/cyfitter_cfg.c **** 	uint8 cr5 = CY_GET_XTND_REG8((void CYFAR *)(CYREG_RESET_CR5));
 331              		.loc 1 312 0
 332 000e 154F     		ldr	r7, .L21+8
 333 0010 3D78     		ldrb	r5, [r7]	@ zero_extendqisi2
 334 0012 EDB2     		uxtb	r5, r5
 335              	.LVL25:
 313:Generated_Source\PSoC5/cyfitter_cfg.c **** 	CY_SET_XTND_REG8((void CYFAR *)(CYREG_BG_DFT0), (bg_xover_inl_trim & 0x07u));
 336              		.loc 1 313 0
 337 0014 03F00701 		and	r1, r3, #7
 338 0018 134A     		ldr	r2, .L21+12
 339 001a 1170     		strb	r1, [r2]
 314:Generated_Source\PSoC5/cyfitter_cfg.c **** 	CY_SET_XTND_REG8((void CYFAR *)(CYREG_BG_DFT1), ((bg_xover_inl_trim >> 4) & 0x0Fu));
 340              		.loc 1 314 0
 341 001c 1B09     		lsrs	r3, r3, #4
 342              	.LVL26:
 343 001e 0132     		adds	r2, r2, #1
 344 0020 1370     		strb	r3, [r2]
 315:Generated_Source\PSoC5/cyfitter_cfg.c **** 	/* Disable PRES while setting up SAR voltage reference */
 316:Generated_Source\PSoC5/cyfitter_cfg.c **** 	CY_SET_XTND_REG8((void CYFAR *)(CYREG_RESET_CR4), (cr4 | 0x03u));
 345              		.loc 1 316 0
 346 0022 44F00303 		orr	r3, r4, #3
 347 0026 3370     		strb	r3, [r6]
 317:Generated_Source\PSoC5/cyfitter_cfg.c **** 	CY_SET_XTND_REG8((void CYFAR *)(CYREG_RESET_CR5), (cr5 | 0x03u));
 348              		.loc 1 317 0
 349 0028 45F00303 		orr	r3, r5, #3
 350 002c 3B70     		strb	r3, [r7]
 318:Generated_Source\PSoC5/cyfitter_cfg.c **** 	CY_SET_XTND_REG8((void CYFAR *)CYREG_PRT0_AG, 0x03u);
 351              		.loc 1 318 0
 352 002e 0322     		movs	r2, #3
 353 0030 0E4B     		ldr	r3, .L21+16
 354 0032 1A70     		strb	r2, [r3]
 319:Generated_Source\PSoC5/cyfitter_cfg.c **** 	CY_SET_XTND_REG8((void CYFAR *)CYREG_SAR0_CSR1, 0x40u);
 355              		.loc 1 319 0
 356 0034 4023     		movs	r3, #64
 357 0036 0E4A     		ldr	r2, .L21+20
ARM GAS  C:\Users\91819\AppData\Local\Temp\cct5vLZo.s 			page 13


 358 0038 1370     		strb	r3, [r2]
 320:Generated_Source\PSoC5/cyfitter_cfg.c **** 	CY_SET_XTND_REG8((void CYFAR *)CYREG_SAR0_CSR3, 0x40u);
 359              		.loc 1 320 0
 360 003a 0232     		adds	r2, r2, #2
 361 003c 1370     		strb	r3, [r2]
 321:Generated_Source\PSoC5/cyfitter_cfg.c **** 	CY_SET_XTND_REG8((void CYFAR *)CYREG_SAR0_SW0, 0x30u);
 362              		.loc 1 321 0
 363 003e 3022     		movs	r2, #48
 364 0040 0C4B     		ldr	r3, .L21+24
 365 0042 1A70     		strb	r2, [r3]
 322:Generated_Source\PSoC5/cyfitter_cfg.c **** 	CY_SET_XTND_REG8((void CYFAR *)CYREG_SAR0_SW3, 0x20u);
 366              		.loc 1 322 0
 367 0044 2022     		movs	r2, #32
 368 0046 0333     		adds	r3, r3, #3
 369 0048 1A70     		strb	r2, [r3]
 323:Generated_Source\PSoC5/cyfitter_cfg.c **** 	CyDelayUs(10u); /* Allow vref to settle before re-enabling PRES */
 370              		.loc 1 323 0
 371 004a 0A20     		movs	r0, #10
 372 004c FFF7FEFF 		bl	CyDelayUs
 373              	.LVL27:
 324:Generated_Source\PSoC5/cyfitter_cfg.c **** 	CY_SET_XTND_REG8((void CYFAR *)(CYREG_RESET_CR5), (cr5));
 374              		.loc 1 324 0
 375 0050 3D70     		strb	r5, [r7]
 325:Generated_Source\PSoC5/cyfitter_cfg.c **** 	CY_SET_XTND_REG8((void CYFAR *)(CYREG_RESET_CR4), (cr4));
 376              		.loc 1 325 0
 377 0052 3470     		strb	r4, [r6]
 326:Generated_Source\PSoC5/cyfitter_cfg.c **** 	CY_SET_XTND_REG8((void CYFAR *)CYREG_PUMP_CR0, 0x44u);
 378              		.loc 1 326 0
 379 0054 4422     		movs	r2, #68
 380 0056 084B     		ldr	r3, .L21+28
 381 0058 1A70     		strb	r2, [r3]
 382 005a F8BD     		pop	{r3, r4, r5, r6, r7, pc}
 383              	.LVL28:
 384              	.L22:
 385              		.align	2
 386              	.L21:
 387 005c CF010049 		.word	1224737231
 388 0060 F8460040 		.word	1073759992
 389 0064 F9460040 		.word	1073759993
 390 0068 6E580040 		.word	1073764462
 391 006c 0D510040 		.word	1073762573
 392 0070 01590040 		.word	1073764609
 393 0074 205B0040 		.word	1073765152
 394 0078 76580040 		.word	1073764470
 395              		.cfi_endproc
 396              	.LFE6:
 397              		.size	AnalogSetDefault, .-AnalogSetDefault
 398              		.section	.text.CYCONFIGCPY,"ax",%progbits
 399              		.align	2
 400              		.thumb
 401              		.thumb_func
 402              		.type	CYCONFIGCPY, %function
 403              	CYCONFIGCPY:
 404              	.LFB1:
  85:Generated_Source\PSoC5/cyfitter_cfg.c **** 	(void)memcpy(dest, src, n);
 405              		.loc 1 85 0
 406              		.cfi_startproc
ARM GAS  C:\Users\91819\AppData\Local\Temp\cct5vLZo.s 			page 14


 407              		@ args = 0, pretend = 0, frame = 0
 408              		@ frame_needed = 0, uses_anonymous_args = 0
 409              	.LVL29:
 410 0000 08B5     		push	{r3, lr}
 411              		.cfi_def_cfa_offset 8
 412              		.cfi_offset 3, -8
 413              		.cfi_offset 14, -4
  86:Generated_Source\PSoC5/cyfitter_cfg.c **** }
 414              		.loc 1 86 0
 415 0002 FFF7FEFF 		bl	memcpy
 416              	.LVL30:
 417 0006 08BD     		pop	{r3, pc}
 418              		.cfi_endproc
 419              	.LFE1:
 420              		.size	CYCONFIGCPY, .-CYCONFIGCPY
 421              		.section	.text.SetAnalogRoutingPumps,"ax",%progbits
 422              		.align	2
 423              		.global	SetAnalogRoutingPumps
 424              		.thumb
 425              		.thumb_func
 426              		.type	SetAnalogRoutingPumps, %function
 427              	SetAnalogRoutingPumps:
 428              	.LFB7:
 327:Generated_Source\PSoC5/cyfitter_cfg.c **** }
 328:Generated_Source\PSoC5/cyfitter_cfg.c **** 
 329:Generated_Source\PSoC5/cyfitter_cfg.c **** 
 330:Generated_Source\PSoC5/cyfitter_cfg.c **** /*******************************************************************************
 331:Generated_Source\PSoC5/cyfitter_cfg.c **** * Function Name: SetAnalogRoutingPumps
 332:Generated_Source\PSoC5/cyfitter_cfg.c **** ********************************************************************************
 333:Generated_Source\PSoC5/cyfitter_cfg.c **** *
 334:Generated_Source\PSoC5/cyfitter_cfg.c **** * Summary:
 335:Generated_Source\PSoC5/cyfitter_cfg.c **** * Enables or disables the analog pumps feeding analog routing switches.
 336:Generated_Source\PSoC5/cyfitter_cfg.c **** * Intended to be called at startup, based on the Vdda system configuration;
 337:Generated_Source\PSoC5/cyfitter_cfg.c **** * may be called during operation when the user informs us that the Vdda voltage
 338:Generated_Source\PSoC5/cyfitter_cfg.c **** * crossed the pump threshold.
 339:Generated_Source\PSoC5/cyfitter_cfg.c **** *
 340:Generated_Source\PSoC5/cyfitter_cfg.c **** * Parameters:
 341:Generated_Source\PSoC5/cyfitter_cfg.c **** *  enabled - 1 to enable the pumps, 0 to disable the pumps
 342:Generated_Source\PSoC5/cyfitter_cfg.c **** *
 343:Generated_Source\PSoC5/cyfitter_cfg.c **** * Return:
 344:Generated_Source\PSoC5/cyfitter_cfg.c **** *  void
 345:Generated_Source\PSoC5/cyfitter_cfg.c **** *
 346:Generated_Source\PSoC5/cyfitter_cfg.c **** *******************************************************************************/
 347:Generated_Source\PSoC5/cyfitter_cfg.c **** void SetAnalogRoutingPumps(uint8 enabled)
 348:Generated_Source\PSoC5/cyfitter_cfg.c **** {
 429              		.loc 1 348 0
 430              		.cfi_startproc
 431              		@ args = 0, pretend = 0, frame = 0
 432              		@ frame_needed = 0, uses_anonymous_args = 0
 433              		@ link register save eliminated.
 434              	.LVL31:
 349:Generated_Source\PSoC5/cyfitter_cfg.c **** 	uint8 regValue = CY_GET_XTND_REG8((void CYFAR *)CYREG_PUMP_CR0);
 435              		.loc 1 349 0
 436 0000 054B     		ldr	r3, .L28
 437 0002 1B78     		ldrb	r3, [r3]	@ zero_extendqisi2
 438 0004 DBB2     		uxtb	r3, r3
 439              	.LVL32:
ARM GAS  C:\Users\91819\AppData\Local\Temp\cct5vLZo.s 			page 15


 350:Generated_Source\PSoC5/cyfitter_cfg.c **** 	if (enabled != 0u)
 440              		.loc 1 350 0
 441 0006 10B1     		cbz	r0, .L26
 351:Generated_Source\PSoC5/cyfitter_cfg.c **** 	{
 352:Generated_Source\PSoC5/cyfitter_cfg.c **** 		regValue |= 0x22u;
 442              		.loc 1 352 0
 443 0008 43F02203 		orr	r3, r3, #34
 444              	.LVL33:
 445 000c 01E0     		b	.L27
 446              	.L26:
 353:Generated_Source\PSoC5/cyfitter_cfg.c **** 	}
 354:Generated_Source\PSoC5/cyfitter_cfg.c **** 	else
 355:Generated_Source\PSoC5/cyfitter_cfg.c **** 	{
 356:Generated_Source\PSoC5/cyfitter_cfg.c **** 		regValue &= (uint8)~0x22u;
 447              		.loc 1 356 0
 448 000e 03F0DD03 		and	r3, r3, #221
 449              	.LVL34:
 450              	.L27:
 357:Generated_Source\PSoC5/cyfitter_cfg.c **** 	}
 358:Generated_Source\PSoC5/cyfitter_cfg.c **** 	CY_SET_XTND_REG8((void CYFAR *)CYREG_PUMP_CR0, regValue);
 451              		.loc 1 358 0
 452 0012 014A     		ldr	r2, .L28
 453 0014 1370     		strb	r3, [r2]
 454 0016 7047     		bx	lr
 455              	.L29:
 456              		.align	2
 457              	.L28:
 458 0018 76580040 		.word	1073764470
 459              		.cfi_endproc
 460              	.LFE7:
 461              		.size	SetAnalogRoutingPumps, .-SetAnalogRoutingPumps
 462              		.section	.text.cyfitter_cfg,"ax",%progbits
 463              		.align	2
 464              		.global	cyfitter_cfg
 465              		.thumb
 466              		.thumb_func
 467              		.type	cyfitter_cfg, %function
 468              	cyfitter_cfg:
 469              	.LFB8:
 359:Generated_Source\PSoC5/cyfitter_cfg.c **** }
 360:Generated_Source\PSoC5/cyfitter_cfg.c **** 
 361:Generated_Source\PSoC5/cyfitter_cfg.c **** 
 362:Generated_Source\PSoC5/cyfitter_cfg.c **** #define CY_AMUX_UNUSED CYREG_BOOST_SR
 363:Generated_Source\PSoC5/cyfitter_cfg.c **** 
 364:Generated_Source\PSoC5/cyfitter_cfg.c **** 
 365:Generated_Source\PSoC5/cyfitter_cfg.c **** /*******************************************************************************
 366:Generated_Source\PSoC5/cyfitter_cfg.c **** * Function Name: cyfitter_cfg
 367:Generated_Source\PSoC5/cyfitter_cfg.c **** ********************************************************************************
 368:Generated_Source\PSoC5/cyfitter_cfg.c **** * Summary:
 369:Generated_Source\PSoC5/cyfitter_cfg.c **** *  This function is called by the start-up code for the selected device. It
 370:Generated_Source\PSoC5/cyfitter_cfg.c **** *  performs all of the necessary device configuration based on the design
 371:Generated_Source\PSoC5/cyfitter_cfg.c **** *  settings.  This includes settings from the Design Wide Resources (DWR) such
 372:Generated_Source\PSoC5/cyfitter_cfg.c **** *  as Clocks and Pins as well as any component configuration that is necessary.
 373:Generated_Source\PSoC5/cyfitter_cfg.c **** *
 374:Generated_Source\PSoC5/cyfitter_cfg.c **** * Parameters:
 375:Generated_Source\PSoC5/cyfitter_cfg.c **** *   void
 376:Generated_Source\PSoC5/cyfitter_cfg.c **** *
ARM GAS  C:\Users\91819\AppData\Local\Temp\cct5vLZo.s 			page 16


 377:Generated_Source\PSoC5/cyfitter_cfg.c **** * Return:
 378:Generated_Source\PSoC5/cyfitter_cfg.c **** *   void
 379:Generated_Source\PSoC5/cyfitter_cfg.c **** *
 380:Generated_Source\PSoC5/cyfitter_cfg.c **** *******************************************************************************/
 381:Generated_Source\PSoC5/cyfitter_cfg.c **** 
 382:Generated_Source\PSoC5/cyfitter_cfg.c **** void cyfitter_cfg(void)
 383:Generated_Source\PSoC5/cyfitter_cfg.c **** {
 470              		.loc 1 383 0
 471              		.cfi_startproc
 472              		@ args = 0, pretend = 0, frame = 0
 473              		@ frame_needed = 0, uses_anonymous_args = 0
 474 0000 38B5     		push	{r3, r4, r5, lr}
 475              		.cfi_def_cfa_offset 16
 476              		.cfi_offset 3, -16
 477              		.cfi_offset 4, -12
 478              		.cfi_offset 5, -8
 479              		.cfi_offset 14, -4
 384:Generated_Source\PSoC5/cyfitter_cfg.c **** #ifdef CYGlobalIntDisable
 385:Generated_Source\PSoC5/cyfitter_cfg.c **** 	/* Disable interrupts by default. Let user enable if/when they want. */
 386:Generated_Source\PSoC5/cyfitter_cfg.c **** 	CYGlobalIntDisable
 480              		.loc 1 386 0
 481              		.syntax unified
 482              	@ 386 "Generated_Source\PSoC5\cyfitter_cfg.c" 1
 483 0002 72B6     		CPSID   i
 484              	@ 0 "" 2
 387:Generated_Source\PSoC5/cyfitter_cfg.c **** #endif
 388:Generated_Source\PSoC5/cyfitter_cfg.c **** 
 389:Generated_Source\PSoC5/cyfitter_cfg.c **** 
 390:Generated_Source\PSoC5/cyfitter_cfg.c **** 	/* Set Flash Cycles based on max possible frequency in case a glitch occurs during ClockSetup(). *
 391:Generated_Source\PSoC5/cyfitter_cfg.c **** 	CY_SET_XTND_REG8((void CYFAR *)(CYREG_CACHE_CC_CTL), (((CYDEV_INSTRUCT_CACHE_ENABLED) != 0) ? 0x61
 485              		.loc 1 391 0
 486              		.thumb
 487              		.syntax unified
 488 0004 6122     		movs	r2, #97
 489 0006 324B     		ldr	r3, .L34
 490 0008 1A70     		strb	r2, [r3]
 392:Generated_Source\PSoC5/cyfitter_cfg.c **** 	/* Setup clocks based on selections from Clock DWR */
 393:Generated_Source\PSoC5/cyfitter_cfg.c **** 	ClockSetup();
 491              		.loc 1 393 0
 492 000a FFF7FEFF 		bl	ClockSetup
 493              	.LVL35:
 494              	.LBB3:
 394:Generated_Source\PSoC5/cyfitter_cfg.c **** 	{
 395:Generated_Source\PSoC5/cyfitter_cfg.c **** 
 396:Generated_Source\PSoC5/cyfitter_cfg.c **** 		CYPACKED typedef struct {
 397:Generated_Source\PSoC5/cyfitter_cfg.c **** 			void CYFAR *address;
 398:Generated_Source\PSoC5/cyfitter_cfg.c **** 			uint16 size;
 399:Generated_Source\PSoC5/cyfitter_cfg.c **** 		} CYPACKED_ATTR cfg_memset_t;
 400:Generated_Source\PSoC5/cyfitter_cfg.c **** 
 401:Generated_Source\PSoC5/cyfitter_cfg.c **** 		static const cfg_memset_t CYCODE cfg_memset_list[] = {
 402:Generated_Source\PSoC5/cyfitter_cfg.c **** 			/* address, size */
 403:Generated_Source\PSoC5/cyfitter_cfg.c **** 			{(void CYFAR *)(CYREG_TMR0_CFG0), 12u},
 404:Generated_Source\PSoC5/cyfitter_cfg.c **** 			{(void CYFAR *)(CYREG_PRT4_DR), 48u},
 405:Generated_Source\PSoC5/cyfitter_cfg.c **** 			{(void CYFAR *)(CYDEV_UCFG_B0_P0_U0_BASE), 4096u},
 406:Generated_Source\PSoC5/cyfitter_cfg.c **** 			{(void CYFAR *)(CYDEV_UCFG_B1_P2_U0_BASE), 2048u},
 407:Generated_Source\PSoC5/cyfitter_cfg.c **** 			{(void CYFAR *)(CYDEV_UCFG_DSI0_BASE), 2560u},
 408:Generated_Source\PSoC5/cyfitter_cfg.c **** 			{(void CYFAR *)(CYDEV_UCFG_DSI12_BASE), 512u},
ARM GAS  C:\Users\91819\AppData\Local\Temp\cct5vLZo.s 			page 17


 409:Generated_Source\PSoC5/cyfitter_cfg.c **** 			{(void CYFAR *)(CYREG_BCTL0_MDCLK_EN), 32u},
 410:Generated_Source\PSoC5/cyfitter_cfg.c **** 		};
 411:Generated_Source\PSoC5/cyfitter_cfg.c **** 
 412:Generated_Source\PSoC5/cyfitter_cfg.c **** 		uint8 CYDATA i;
 413:Generated_Source\PSoC5/cyfitter_cfg.c **** 
 414:Generated_Source\PSoC5/cyfitter_cfg.c **** 		/* Zero out critical memory blocks before beginning configuration */
 415:Generated_Source\PSoC5/cyfitter_cfg.c **** 		for (i = 0u; i < (sizeof(cfg_memset_list)/sizeof(cfg_memset_list[0])); i++)
 495              		.loc 1 415 0
 496 000e 0024     		movs	r4, #0
 497 0010 0CE0     		b	.L31
 498              	.LVL36:
 499              	.L32:
 500              	.LBB4:
 416:Generated_Source\PSoC5/cyfitter_cfg.c **** 		{
 417:Generated_Source\PSoC5/cyfitter_cfg.c **** 			const cfg_memset_t CYCODE * CYDATA ms = &cfg_memset_list[i];
 418:Generated_Source\PSoC5/cyfitter_cfg.c **** 			CYMEMZERO(ms->address, (size_t)(uint32)(ms->size));
 501              		.loc 1 418 0 discriminator 3
 502 0012 304D     		ldr	r5, .L34+4
 503 0014 6300     		lsls	r3, r4, #1
 504 0016 1919     		adds	r1, r3, r4
 505 0018 4A00     		lsls	r2, r1, #1
 506 001a 1146     		mov	r1, r2
 507 001c 2A44     		add	r2, r2, r5
 508 001e 0846     		mov	r0, r1
 509 0020 9188     		ldrh	r1, [r2, #4]
 510 0022 2858     		ldr	r0, [r5, r0]	@ unaligned
 511 0024 FFF7FEFF 		bl	CYMEMZERO
 512              	.LVL37:
 513              	.LBE4:
 415:Generated_Source\PSoC5/cyfitter_cfg.c **** 		{
 514              		.loc 1 415 0 discriminator 3
 515 0028 0134     		adds	r4, r4, #1
 516              	.LVL38:
 517 002a E4B2     		uxtb	r4, r4
 518              	.LVL39:
 519              	.L31:
 415:Generated_Source\PSoC5/cyfitter_cfg.c **** 		{
 520              		.loc 1 415 0 is_stmt 0 discriminator 1
 521 002c 062C     		cmp	r4, #6
 522 002e F0D9     		bls	.L32
 419:Generated_Source\PSoC5/cyfitter_cfg.c **** 		}
 420:Generated_Source\PSoC5/cyfitter_cfg.c **** 
 421:Generated_Source\PSoC5/cyfitter_cfg.c **** 		cfg_write_bytes32(cy_cfg_addr_table, cy_cfg_data_table);
 523              		.loc 1 421 0 is_stmt 1
 524 0030 2949     		ldr	r1, .L34+8
 525 0032 4FF09040 		mov	r0, #1207959552
 526 0036 FFF7FEFF 		bl	cfg_write_bytes32
 527              	.LVL40:
 422:Generated_Source\PSoC5/cyfitter_cfg.c **** 
 423:Generated_Source\PSoC5/cyfitter_cfg.c **** 		/* Perform normal device configuration. Order is not critical for these items. */
 424:Generated_Source\PSoC5/cyfitter_cfg.c **** 		CYMEMZERO((void CYFAR *)(CYREG_PHUB_CFGMEM0_CFG0), 4u);
 528              		.loc 1 424 0
 529 003a 0421     		movs	r1, #4
 530 003c 2748     		ldr	r0, .L34+12
 531 003e FFF7FEFF 		bl	CYMEMZERO
 532              	.LVL41:
 425:Generated_Source\PSoC5/cyfitter_cfg.c **** 		CYCONFIGCPY((void CYFAR *)(CYREG_PHUB_CFGMEM1_CFG0), (const void CYFAR *)(BS_PHUB_CFGMEM1_VAL), 4
ARM GAS  C:\Users\91819\AppData\Local\Temp\cct5vLZo.s 			page 18


 533              		.loc 1 425 0
 534 0042 0422     		movs	r2, #4
 535 0044 2649     		ldr	r1, .L34+16
 536 0046 2748     		ldr	r0, .L34+20
 537 0048 FFF7FEFF 		bl	CYCONFIGCPY
 538              	.LVL42:
 426:Generated_Source\PSoC5/cyfitter_cfg.c **** 
 427:Generated_Source\PSoC5/cyfitter_cfg.c **** 		/* Enable digital routing */
 428:Generated_Source\PSoC5/cyfitter_cfg.c **** 		CY_SET_XTND_REG8((void CYFAR *)CYREG_BCTL0_BANK_CTL, CY_GET_XTND_REG8((void CYFAR *)CYREG_BCTL0_B
 539              		.loc 1 428 0
 540 004c 264A     		ldr	r2, .L34+24
 541 004e 1378     		ldrb	r3, [r2]	@ zero_extendqisi2
 542 0050 43F00203 		orr	r3, r3, #2
 543 0054 1370     		strb	r3, [r2]
 429:Generated_Source\PSoC5/cyfitter_cfg.c **** 		CY_SET_XTND_REG8((void CYFAR *)CYREG_BCTL1_BANK_CTL, CY_GET_XTND_REG8((void CYFAR *)CYREG_BCTL1_B
 544              		.loc 1 429 0
 545 0056 1032     		adds	r2, r2, #16
 546 0058 1378     		ldrb	r3, [r2]	@ zero_extendqisi2
 547 005a 43F00203 		orr	r3, r3, #2
 548 005e 1370     		strb	r3, [r2]
 430:Generated_Source\PSoC5/cyfitter_cfg.c **** 
 431:Generated_Source\PSoC5/cyfitter_cfg.c **** 		/* Enable UDB array */
 432:Generated_Source\PSoC5/cyfitter_cfg.c **** 		CY_SET_XTND_REG8((void CYFAR *)CYREG_PM_ACT_CFG0, CY_GET_XTND_REG8((void CYFAR *)CYREG_PM_ACT_CFG
 549              		.loc 1 432 0
 550 0060 224C     		ldr	r4, .L34+28
 551              	.LVL43:
 552 0062 2378     		ldrb	r3, [r4]	@ zero_extendqisi2
 553 0064 43F04003 		orr	r3, r3, #64
 554 0068 2370     		strb	r3, [r4]
 433:Generated_Source\PSoC5/cyfitter_cfg.c **** 		CY_SET_XTND_REG8((void CYFAR *)CYREG_PM_AVAIL_CR2, CY_GET_XTND_REG8((void CYFAR *)CYREG_PM_AVAIL_
 555              		.loc 1 433 0
 556 006a A2F58632 		sub	r2, r2, #68608
 557 006e 513A     		subs	r2, r2, #81
 558 0070 1378     		ldrb	r3, [r2]	@ zero_extendqisi2
 559 0072 43F01003 		orr	r3, r3, #16
 560 0076 1370     		strb	r3, [r2]
 561              	.LBE3:
 434:Generated_Source\PSoC5/cyfitter_cfg.c **** 	}
 435:Generated_Source\PSoC5/cyfitter_cfg.c **** 
 436:Generated_Source\PSoC5/cyfitter_cfg.c **** 
 437:Generated_Source\PSoC5/cyfitter_cfg.c **** 	/* Perform second pass device configuration. These items must be configured in specific order afte
 438:Generated_Source\PSoC5/cyfitter_cfg.c **** 	CYCONFIGCPY((void CYFAR *)(CYREG_PRT0_DM0), (const void CYFAR *)(BS_IOPINS0_0_VAL), 8u);
 562              		.loc 1 438 0
 563 0078 0822     		movs	r2, #8
 564 007a 1D49     		ldr	r1, .L34+32
 565 007c 1D48     		ldr	r0, .L34+36
 566 007e FFF7FEFF 		bl	CYCONFIGCPY
 567              	.LVL44:
 439:Generated_Source\PSoC5/cyfitter_cfg.c **** 	CYCONFIGCPY((void CYFAR *)(CYREG_PRT12_DR), (const void CYFAR *)(BS_IOPINS0_7_VAL), 10u);
 568              		.loc 1 439 0
 569 0082 0A22     		movs	r2, #10
 570 0084 1C49     		ldr	r1, .L34+40
 571 0086 1D48     		ldr	r0, .L34+44
 572 0088 FFF7FEFF 		bl	CYCONFIGCPY
 573              	.LVL45:
 440:Generated_Source\PSoC5/cyfitter_cfg.c **** 	CYCONFIGCPY((void CYFAR *)(CYREG_PRT15_DR), (const void CYFAR *)(BS_IOPINS0_8_VAL), 10u);
 574              		.loc 1 440 0
ARM GAS  C:\Users\91819\AppData\Local\Temp\cct5vLZo.s 			page 19


 575 008c 0A22     		movs	r2, #10
 576 008e 1C49     		ldr	r1, .L34+48
 577 0090 1C48     		ldr	r0, .L34+52
 578 0092 FFF7FEFF 		bl	CYCONFIGCPY
 579              	.LVL46:
 441:Generated_Source\PSoC5/cyfitter_cfg.c **** 	CYCONFIGCPY((void CYFAR *)(CYREG_PRT1_DM0), (const void CYFAR *)(BS_IOPINS0_1_VAL), 8u);
 580              		.loc 1 441 0
 581 0096 0822     		movs	r2, #8
 582 0098 1B49     		ldr	r1, .L34+56
 583 009a 1C48     		ldr	r0, .L34+60
 584 009c FFF7FEFF 		bl	CYCONFIGCPY
 585              	.LVL47:
 442:Generated_Source\PSoC5/cyfitter_cfg.c **** 	CYCONFIGCPY((void CYFAR *)(CYREG_PRT2_DM0), (const void CYFAR *)(BS_IOPINS0_2_VAL), 8u);
 586              		.loc 1 442 0
 587 00a0 0822     		movs	r2, #8
 588 00a2 1B49     		ldr	r1, .L34+64
 589 00a4 1B48     		ldr	r0, .L34+68
 590 00a6 FFF7FEFF 		bl	CYCONFIGCPY
 591              	.LVL48:
 443:Generated_Source\PSoC5/cyfitter_cfg.c **** 	CYCONFIGCPY((void CYFAR *)(CYREG_PRT3_DM0), (const void CYFAR *)(BS_IOPINS0_3_VAL), 8u);
 592              		.loc 1 443 0
 593 00aa 0822     		movs	r2, #8
 594 00ac 1A49     		ldr	r1, .L34+72
 595 00ae 1B48     		ldr	r0, .L34+76
 596 00b0 FFF7FEFF 		bl	CYCONFIGCPY
 597              	.LVL49:
 444:Generated_Source\PSoC5/cyfitter_cfg.c **** 	/* Switch Boost to the precision bandgap reference from its internal reference */
 445:Generated_Source\PSoC5/cyfitter_cfg.c **** 	CY_SET_REG8((void CYXDATA *)CYREG_BOOST_CR2, (CY_GET_REG8((void CYXDATA *)CYREG_BOOST_CR2) | 0x08u
 598              		.loc 1 445 0
 599 00b4 1A4A     		ldr	r2, .L34+80
 600 00b6 1378     		ldrb	r3, [r2]	@ zero_extendqisi2
 601 00b8 43F00803 		orr	r3, r3, #8
 602 00bc 1370     		strb	r3, [r2]
 446:Generated_Source\PSoC5/cyfitter_cfg.c **** 
 447:Generated_Source\PSoC5/cyfitter_cfg.c **** 	/* Perform basic analog initialization to defaults */
 448:Generated_Source\PSoC5/cyfitter_cfg.c **** 	AnalogSetDefault();
 603              		.loc 1 448 0
 604 00be FFF7FEFF 		bl	AnalogSetDefault
 605              	.LVL50:
 449:Generated_Source\PSoC5/cyfitter_cfg.c **** 
 450:Generated_Source\PSoC5/cyfitter_cfg.c **** 	/* Configure alternate active mode */
 451:Generated_Source\PSoC5/cyfitter_cfg.c **** 	CYCONFIGCPY((void CYFAR *)CYDEV_PM_STBY_BASE, (const void CYFAR *)CYDEV_PM_ACT_BASE, 14u);
 606              		.loc 1 451 0
 607 00c2 0E22     		movs	r2, #14
 608 00c4 2146     		mov	r1, r4
 609 00c6 1748     		ldr	r0, .L34+84
 610 00c8 FFF7FEFF 		bl	CYCONFIGCPY
 611              	.LVL51:
 612 00cc 38BD     		pop	{r3, r4, r5, pc}
 613              	.L35:
 614 00ce 00BF     		.align	2
 615              	.L34:
 616 00d0 00480040 		.word	1073760256
 617 00d4 00000000 		.word	.LANCHOR0
 618 00d8 B0000048 		.word	1207959728
 619 00dc 00760040 		.word	1073772032
 620 00e0 7C0D0048 		.word	1207963004
ARM GAS  C:\Users\91819\AppData\Local\Temp\cct5vLZo.s 			page 20


 621 00e4 08760040 		.word	1073772040
 622 00e8 03500140 		.word	1073827843
 623 00ec A0430040 		.word	1073759136
 624 00f0 440D0048 		.word	1207962948
 625 00f4 02510040 		.word	1073762562
 626 00f8 4C0D0048 		.word	1207962956
 627 00fc C0510040 		.word	1073762752
 628 0100 580D0048 		.word	1207962968
 629 0104 F0510040 		.word	1073762800
 630 0108 640D0048 		.word	1207962980
 631 010c 12510040 		.word	1073762578
 632 0110 6C0D0048 		.word	1207962988
 633 0114 22510040 		.word	1073762594
 634 0118 740D0048 		.word	1207962996
 635 011c 32510040 		.word	1073762610
 636 0120 22430040 		.word	1073759010
 637 0124 B0430040 		.word	1073759152
 638              		.cfi_endproc
 639              	.LFE8:
 640              		.size	cyfitter_cfg, .-cyfitter_cfg
 641              		.section	.rodata
 642              		.align	2
 643              		.set	.LANCHOR0,. + 0
 644              		.type	cfg_memset_list.5015, %object
 645              		.size	cfg_memset_list.5015, 42
 646              	cfg_memset_list.5015:
 647 0000 004F0040 		.word	1073762048
 648 0004 0C00     		.short	12
 649 0006 40510040 		.4byte	1073762624
 650 000a 3000     		.short	48
 651 000c 00000140 		.word	1073807360
 652 0010 0010     		.short	4096
 653 0012 00140140 		.4byte	1073812480
 654 0016 0008     		.short	2048
 655 0018 00400140 		.word	1073823744
 656 001c 000A     		.short	2560
 657 001e 004C0140 		.4byte	1073826816
 658 0022 0002     		.short	512
 659 0024 00500140 		.word	1073827840
 660 0028 2000     		.short	32
 661              		.text
 662              	.Letext0:
 663              		.file 2 "c:\\program files (x86)\\cypress\\psoc creator\\4.4\\psoc creator\\import\\gnu\\arm\\5.4.
 664              		.file 3 "Generated_Source\\PSoC5\\cytypes.h"
 665              		.file 4 "Generated_Source\\PSoC5\\CyLib.h"
 666              		.section	.debug_info,"",%progbits
 667              	.Ldebug_info0:
 668 0000 AF050000 		.4byte	0x5af
 669 0004 0400     		.2byte	0x4
 670 0006 00000000 		.4byte	.Ldebug_abbrev0
 671 000a 04       		.byte	0x4
 672 000b 01       		.uleb128 0x1
 673 000c 9F000000 		.4byte	.LASF49
 674 0010 0C       		.byte	0xc
 675 0011 27020000 		.4byte	.LASF50
 676 0015 5E020000 		.4byte	.LASF51
 677 0019 00000000 		.4byte	.Ldebug_ranges0+0
ARM GAS  C:\Users\91819\AppData\Local\Temp\cct5vLZo.s 			page 21


 678 001d 00000000 		.4byte	0
 679 0021 00000000 		.4byte	.Ldebug_line0
 680 0025 02       		.uleb128 0x2
 681 0026 04       		.byte	0x4
 682 0027 05       		.byte	0x5
 683 0028 696E7400 		.ascii	"int\000"
 684 002c 03       		.uleb128 0x3
 685 002d 19000000 		.4byte	.LASF12
 686 0031 02       		.byte	0x2
 687 0032 D8       		.byte	0xd8
 688 0033 37000000 		.4byte	0x37
 689 0037 04       		.uleb128 0x4
 690 0038 04       		.byte	0x4
 691 0039 07       		.byte	0x7
 692 003a CE010000 		.4byte	.LASF0
 693 003e 04       		.uleb128 0x4
 694 003f 08       		.byte	0x8
 695 0040 05       		.byte	0x5
 696 0041 19020000 		.4byte	.LASF1
 697 0045 04       		.uleb128 0x4
 698 0046 08       		.byte	0x8
 699 0047 04       		.byte	0x4
 700 0048 22030000 		.4byte	.LASF2
 701 004c 04       		.uleb128 0x4
 702 004d 01       		.byte	0x1
 703 004e 06       		.byte	0x6
 704 004f 40030000 		.4byte	.LASF3
 705 0053 04       		.uleb128 0x4
 706 0054 01       		.byte	0x1
 707 0055 08       		.byte	0x8
 708 0056 65010000 		.4byte	.LASF4
 709 005a 04       		.uleb128 0x4
 710 005b 02       		.byte	0x2
 711 005c 05       		.byte	0x5
 712 005d 02030000 		.4byte	.LASF5
 713 0061 04       		.uleb128 0x4
 714 0062 02       		.byte	0x2
 715 0063 07       		.byte	0x7
 716 0064 50000000 		.4byte	.LASF6
 717 0068 04       		.uleb128 0x4
 718 0069 04       		.byte	0x4
 719 006a 05       		.byte	0x5
 720 006b 14030000 		.4byte	.LASF7
 721 006f 04       		.uleb128 0x4
 722 0070 04       		.byte	0x4
 723 0071 07       		.byte	0x7
 724 0072 2D010000 		.4byte	.LASF8
 725 0076 04       		.uleb128 0x4
 726 0077 08       		.byte	0x8
 727 0078 07       		.byte	0x7
 728 0079 E3010000 		.4byte	.LASF9
 729 007d 04       		.uleb128 0x4
 730 007e 04       		.byte	0x4
 731 007f 07       		.byte	0x7
 732 0080 10020000 		.4byte	.LASF10
 733 0084 05       		.uleb128 0x5
 734 0085 04       		.byte	0x4
ARM GAS  C:\Users\91819\AppData\Local\Temp\cct5vLZo.s 			page 22


 735 0086 04       		.uleb128 0x4
 736 0087 01       		.byte	0x1
 737 0088 08       		.byte	0x8
 738 0089 1D030000 		.4byte	.LASF11
 739 008d 06       		.uleb128 0x6
 740 008e 3F010000 		.4byte	.LASF13
 741 0092 03       		.byte	0x3
 742 0093 E401     		.2byte	0x1e4
 743 0095 53000000 		.4byte	0x53
 744 0099 06       		.uleb128 0x6
 745 009a AB010000 		.4byte	.LASF14
 746 009e 03       		.byte	0x3
 747 009f E501     		.2byte	0x1e5
 748 00a1 61000000 		.4byte	0x61
 749 00a5 06       		.uleb128 0x6
 750 00a6 C7010000 		.4byte	.LASF15
 751 00aa 03       		.byte	0x3
 752 00ab E601     		.2byte	0x1e6
 753 00ad 6F000000 		.4byte	0x6f
 754 00b1 04       		.uleb128 0x4
 755 00b2 04       		.byte	0x4
 756 00b3 04       		.byte	0x4
 757 00b4 6B000000 		.4byte	.LASF16
 758 00b8 04       		.uleb128 0x4
 759 00b9 08       		.byte	0x8
 760 00ba 04       		.byte	0x4
 761 00bb 7A010000 		.4byte	.LASF17
 762 00bf 06       		.uleb128 0x6
 763 00c0 14000000 		.4byte	.LASF18
 764 00c4 03       		.byte	0x3
 765 00c5 8E02     		.2byte	0x28e
 766 00c7 CB000000 		.4byte	0xcb
 767 00cb 07       		.uleb128 0x7
 768 00cc 8D000000 		.4byte	0x8d
 769 00d0 06       		.uleb128 0x6
 770 00d1 00000000 		.4byte	.LASF19
 771 00d5 03       		.byte	0x3
 772 00d6 8F02     		.2byte	0x28f
 773 00d8 DC000000 		.4byte	0xdc
 774 00dc 07       		.uleb128 0x7
 775 00dd 99000000 		.4byte	0x99
 776 00e1 08       		.uleb128 0x8
 777 00e2 02       		.byte	0x2
 778 00e3 01       		.byte	0x1
 779 00e4 98       		.byte	0x98
 780 00e5 02010000 		.4byte	0x102
 781 00e9 09       		.uleb128 0x9
 782 00ea FB020000 		.4byte	.LASF20
 783 00ee 01       		.byte	0x1
 784 00ef 9A       		.byte	0x9a
 785 00f0 8D000000 		.4byte	0x8d
 786 00f4 00       		.byte	0
 787 00f5 09       		.uleb128 0x9
 788 00f6 39000000 		.4byte	.LASF21
 789 00fa 01       		.byte	0x1
 790 00fb 9B       		.byte	0x9b
 791 00fc 8D000000 		.4byte	0x8d
ARM GAS  C:\Users\91819\AppData\Local\Temp\cct5vLZo.s 			page 23


 792 0100 01       		.byte	0x1
 793 0101 00       		.byte	0
 794 0102 03       		.uleb128 0x3
 795 0103 E8020000 		.4byte	.LASF22
 796 0107 01       		.byte	0x1
 797 0108 9C       		.byte	0x9c
 798 0109 E1000000 		.4byte	0xe1
 799 010d 0A       		.uleb128 0xa
 800 010e 71000000 		.4byte	.LASF52
 801 0112 01       		.byte	0x1
 802 0113 7F       		.byte	0x7f
 803 0114 00000000 		.4byte	.LFB3
 804 0118 02000000 		.4byte	.LFE3-.LFB3
 805 011c 01       		.uleb128 0x1
 806 011d 9C       		.byte	0x9c
 807 011e 30010000 		.4byte	0x130
 808 0122 0B       		.uleb128 0xb
 809 0123 BD010000 		.4byte	.LASF23
 810 0127 01       		.byte	0x1
 811 0128 7F       		.byte	0x7f
 812 0129 8D000000 		.4byte	0x8d
 813 012d 01       		.uleb128 0x1
 814 012e 50       		.byte	0x50
 815 012f 00       		.byte	0
 816 0130 0C       		.uleb128 0xc
 817 0131 81010000 		.4byte	.LASF28
 818 0135 01       		.byte	0x1
 819 0136 C6       		.byte	0xc6
 820 0137 00000000 		.4byte	.LFB4
 821 013b 34000000 		.4byte	.LFE4-.LFB4
 822 013f 01       		.uleb128 0x1
 823 0140 9C       		.byte	0x9c
 824 0141 A2010000 		.4byte	0x1a2
 825 0145 0B       		.uleb128 0xb
 826 0146 A0010000 		.4byte	.LASF24
 827 014a 01       		.byte	0x1
 828 014b C6       		.byte	0xc6
 829 014c A2010000 		.4byte	0x1a2
 830 0150 01       		.uleb128 0x1
 831 0151 50       		.byte	0x50
 832 0152 0B       		.uleb128 0xb
 833 0153 B2010000 		.4byte	.LASF25
 834 0157 01       		.byte	0x1
 835 0158 C6       		.byte	0xc6
 836 0159 AD010000 		.4byte	0x1ad
 837 015d 01       		.uleb128 0x1
 838 015e 51       		.byte	0x51
 839 015f 0D       		.uleb128 0xd
 840 0160 6900     		.ascii	"i\000"
 841 0162 01       		.byte	0x1
 842 0163 C9       		.byte	0xc9
 843 0164 A5000000 		.4byte	0xa5
 844 0168 00000000 		.4byte	.LLST0
 845 016c 0D       		.uleb128 0xd
 846 016d 6A00     		.ascii	"j\000"
 847 016f 01       		.byte	0x1
 848 0170 C9       		.byte	0xc9
ARM GAS  C:\Users\91819\AppData\Local\Temp\cct5vLZo.s 			page 24


 849 0171 A5000000 		.4byte	0xa5
 850 0175 1F000000 		.4byte	.LLST1
 851 0179 0E       		.uleb128 0xe
 852 017a 08000000 		.4byte	.LBB2
 853 017e 22000000 		.4byte	.LBE2-.LBB2
 854 0182 0F       		.uleb128 0xf
 855 0183 07020000 		.4byte	.LASF26
 856 0187 01       		.byte	0x1
 857 0188 CC       		.byte	0xcc
 858 0189 A5000000 		.4byte	0xa5
 859 018d 3E000000 		.4byte	.LLST2
 860 0191 0F       		.uleb128 0xf
 861 0192 3F000000 		.4byte	.LASF27
 862 0196 01       		.byte	0x1
 863 0197 CD       		.byte	0xcd
 864 0198 8D000000 		.4byte	0x8d
 865 019c 51000000 		.4byte	.LLST3
 866 01a0 00       		.byte	0
 867 01a1 00       		.byte	0
 868 01a2 10       		.uleb128 0x10
 869 01a3 04       		.byte	0x4
 870 01a4 A8010000 		.4byte	0x1a8
 871 01a8 11       		.uleb128 0x11
 872 01a9 A5000000 		.4byte	0xa5
 873 01ad 10       		.uleb128 0x10
 874 01ae 04       		.byte	0x4
 875 01af B3010000 		.4byte	0x1b3
 876 01b3 11       		.uleb128 0x11
 877 01b4 02010000 		.4byte	0x102
 878 01b8 0C       		.uleb128 0xc
 879 01b9 45000000 		.4byte	.LASF29
 880 01bd 01       		.byte	0x1
 881 01be E9       		.byte	0xe9
 882 01bf 00000000 		.4byte	.LFB5
 883 01c3 EC000000 		.4byte	.LFE5-.LFB5
 884 01c7 01       		.uleb128 0x1
 885 01c8 9C       		.byte	0x9c
 886 01c9 10020000 		.4byte	0x210
 887 01cd 0F       		.uleb128 0xf
 888 01ce 31000000 		.4byte	.LASF30
 889 01d2 01       		.byte	0x1
 890 01d3 EB       		.byte	0xeb
 891 01d4 A5000000 		.4byte	0xa5
 892 01d8 6F000000 		.4byte	.LLST4
 893 01dc 0F       		.uleb128 0xf
 894 01dd 63000000 		.4byte	.LASF31
 895 01e1 01       		.byte	0x1
 896 01e2 EC       		.byte	0xec
 897 01e3 8D000000 		.4byte	0x8d
 898 01e7 8E000000 		.4byte	.LLST5
 899 01eb 12       		.uleb128 0x12
 900 01ec 7E000000 		.4byte	.LVL16
 901 01f0 8A050000 		.4byte	0x58a
 902 01f4 00020000 		.4byte	0x200
 903 01f8 13       		.uleb128 0x13
 904 01f9 01       		.uleb128 0x1
 905 01fa 50       		.byte	0x50
ARM GAS  C:\Users\91819\AppData\Local\Temp\cct5vLZo.s 			page 25


 906 01fb 03       		.uleb128 0x3
 907 01fc 0A       		.byte	0xa
 908 01fd E001     		.2byte	0x1e0
 909 01ff 00       		.byte	0
 910 0200 14       		.uleb128 0x14
 911 0201 8E000000 		.4byte	.LVL18
 912 0205 0D010000 		.4byte	0x10d
 913 0209 13       		.uleb128 0x13
 914 020a 01       		.uleb128 0x1
 915 020b 50       		.byte	0x50
 916 020c 01       		.uleb128 0x1
 917 020d 33       		.byte	0x33
 918 020e 00       		.byte	0
 919 020f 00       		.byte	0
 920 0210 0C       		.uleb128 0xc
 921 0211 45010000 		.4byte	.LASF32
 922 0215 01       		.byte	0x1
 923 0216 4D       		.byte	0x4d
 924 0217 00000000 		.4byte	.LFB0
 925 021b 0C000000 		.4byte	.LFE0-.LFB0
 926 021f 01       		.uleb128 0x1
 927 0220 9C       		.byte	0x9c
 928 0221 5D020000 		.4byte	0x25d
 929 0225 15       		.uleb128 0x15
 930 0226 7300     		.ascii	"s\000"
 931 0228 01       		.byte	0x1
 932 0229 4D       		.byte	0x4d
 933 022a 84000000 		.4byte	0x84
 934 022e B8000000 		.4byte	.LLST6
 935 0232 15       		.uleb128 0x15
 936 0233 6E00     		.ascii	"n\000"
 937 0235 01       		.byte	0x1
 938 0236 4D       		.byte	0x4d
 939 0237 2C000000 		.4byte	0x2c
 940 023b D9000000 		.4byte	.LLST7
 941 023f 14       		.uleb128 0x14
 942 0240 0A000000 		.4byte	.LVL22
 943 0244 95050000 		.4byte	0x595
 944 0248 13       		.uleb128 0x13
 945 0249 01       		.uleb128 0x1
 946 024a 50       		.byte	0x50
 947 024b 03       		.uleb128 0x3
 948 024c F3       		.byte	0xf3
 949 024d 01       		.uleb128 0x1
 950 024e 50       		.byte	0x50
 951 024f 13       		.uleb128 0x13
 952 0250 01       		.uleb128 0x1
 953 0251 51       		.byte	0x51
 954 0252 01       		.uleb128 0x1
 955 0253 30       		.byte	0x30
 956 0254 13       		.uleb128 0x13
 957 0255 01       		.uleb128 0x1
 958 0256 52       		.byte	0x52
 959 0257 03       		.uleb128 0x3
 960 0258 F3       		.byte	0xf3
 961 0259 01       		.uleb128 0x1
 962 025a 51       		.byte	0x51
ARM GAS  C:\Users\91819\AppData\Local\Temp\cct5vLZo.s 			page 26


 963 025b 00       		.byte	0
 964 025c 00       		.byte	0
 965 025d 16       		.uleb128 0x16
 966 025e 20000000 		.4byte	.LASF33
 967 0262 01       		.byte	0x1
 968 0263 3401     		.2byte	0x134
 969 0265 00000000 		.4byte	.LFB6
 970 0269 7C000000 		.4byte	.LFE6-.LFB6
 971 026d 01       		.uleb128 0x1
 972 026e 9C       		.byte	0x9c
 973 026f B3020000 		.4byte	0x2b3
 974 0273 17       		.uleb128 0x17
 975 0274 2E030000 		.4byte	.LASF34
 976 0278 01       		.byte	0x1
 977 0279 3601     		.2byte	0x136
 978 027b 8D000000 		.4byte	0x8d
 979 027f 05010000 		.4byte	.LLST8
 980 0283 18       		.uleb128 0x18
 981 0284 63723400 		.ascii	"cr4\000"
 982 0288 01       		.byte	0x1
 983 0289 3701     		.2byte	0x137
 984 028b 8D000000 		.4byte	0x8d
 985 028f 18010000 		.4byte	.LLST9
 986 0293 18       		.uleb128 0x18
 987 0294 63723500 		.ascii	"cr5\000"
 988 0298 01       		.byte	0x1
 989 0299 3801     		.2byte	0x138
 990 029b 8D000000 		.4byte	0x8d
 991 029f 2B010000 		.4byte	.LLST10
 992 02a3 14       		.uleb128 0x14
 993 02a4 50000000 		.4byte	.LVL27
 994 02a8 9E050000 		.4byte	0x59e
 995 02ac 13       		.uleb128 0x13
 996 02ad 01       		.uleb128 0x1
 997 02ae 50       		.byte	0x50
 998 02af 01       		.uleb128 0x1
 999 02b0 3A       		.byte	0x3a
 1000 02b1 00       		.byte	0
 1001 02b2 00       		.byte	0
 1002 02b3 0C       		.uleb128 0xc
 1003 02b4 55030000 		.4byte	.LASF35
 1004 02b8 01       		.byte	0x1
 1005 02b9 54       		.byte	0x54
 1006 02ba 00000000 		.4byte	.LFB1
 1007 02be 08000000 		.4byte	.LFE1-.LFB1
 1008 02c2 01       		.uleb128 0x1
 1009 02c3 9C       		.byte	0x9c
 1010 02c4 13030000 		.4byte	0x313
 1011 02c8 19       		.uleb128 0x19
 1012 02c9 85000000 		.4byte	.LASF36
 1013 02cd 01       		.byte	0x1
 1014 02ce 54       		.byte	0x54
 1015 02cf 84000000 		.4byte	0x84
 1016 02d3 3E010000 		.4byte	.LLST11
 1017 02d7 15       		.uleb128 0x15
 1018 02d8 73726300 		.ascii	"src\000"
 1019 02dc 01       		.byte	0x1
ARM GAS  C:\Users\91819\AppData\Local\Temp\cct5vLZo.s 			page 27


 1020 02dd 54       		.byte	0x54
 1021 02de 13030000 		.4byte	0x313
 1022 02e2 5F010000 		.4byte	.LLST12
 1023 02e6 15       		.uleb128 0x15
 1024 02e7 6E00     		.ascii	"n\000"
 1025 02e9 01       		.byte	0x1
 1026 02ea 54       		.byte	0x54
 1027 02eb 2C000000 		.4byte	0x2c
 1028 02ef 80010000 		.4byte	.LLST13
 1029 02f3 14       		.uleb128 0x14
 1030 02f4 06000000 		.4byte	.LVL30
 1031 02f8 A9050000 		.4byte	0x5a9
 1032 02fc 13       		.uleb128 0x13
 1033 02fd 01       		.uleb128 0x1
 1034 02fe 50       		.byte	0x50
 1035 02ff 03       		.uleb128 0x3
 1036 0300 F3       		.byte	0xf3
 1037 0301 01       		.uleb128 0x1
 1038 0302 50       		.byte	0x50
 1039 0303 13       		.uleb128 0x13
 1040 0304 01       		.uleb128 0x1
 1041 0305 51       		.byte	0x51
 1042 0306 03       		.uleb128 0x3
 1043 0307 F3       		.byte	0xf3
 1044 0308 01       		.uleb128 0x1
 1045 0309 51       		.byte	0x51
 1046 030a 13       		.uleb128 0x13
 1047 030b 01       		.uleb128 0x1
 1048 030c 52       		.byte	0x52
 1049 030d 03       		.uleb128 0x3
 1050 030e F3       		.byte	0xf3
 1051 030f 01       		.uleb128 0x1
 1052 0310 52       		.byte	0x52
 1053 0311 00       		.byte	0
 1054 0312 00       		.byte	0
 1055 0313 10       		.uleb128 0x10
 1056 0314 04       		.byte	0x4
 1057 0315 19030000 		.4byte	0x319
 1058 0319 1A       		.uleb128 0x1a
 1059 031a 1B       		.uleb128 0x1b
 1060 031b 4F010000 		.4byte	.LASF39
 1061 031f 01       		.byte	0x1
 1062 0320 5B01     		.2byte	0x15b
 1063 0322 00000000 		.4byte	.LFB7
 1064 0326 1C000000 		.4byte	.LFE7-.LFB7
 1065 032a 01       		.uleb128 0x1
 1066 032b 9C       		.byte	0x9c
 1067 032c 4D030000 		.4byte	0x34d
 1068 0330 1C       		.uleb128 0x1c
 1069 0331 0C030000 		.4byte	.LASF37
 1070 0335 01       		.byte	0x1
 1071 0336 5B01     		.2byte	0x15b
 1072 0338 8D000000 		.4byte	0x8d
 1073 033c 01       		.uleb128 0x1
 1074 033d 50       		.byte	0x50
 1075 033e 1D       		.uleb128 0x1d
 1076 033f 4C030000 		.4byte	.LASF38
ARM GAS  C:\Users\91819\AppData\Local\Temp\cct5vLZo.s 			page 28


 1077 0343 01       		.byte	0x1
 1078 0344 5D01     		.2byte	0x15d
 1079 0346 8D000000 		.4byte	0x8d
 1080 034a 01       		.uleb128 0x1
 1081 034b 53       		.byte	0x53
 1082 034c 00       		.byte	0
 1083 034d 1B       		.uleb128 0x1b
 1084 034e 93010000 		.4byte	.LASF40
 1085 0352 01       		.byte	0x1
 1086 0353 7E01     		.2byte	0x17e
 1087 0355 00000000 		.4byte	.LFB8
 1088 0359 28010000 		.4byte	.LFE8-.LFB8
 1089 035d 01       		.uleb128 0x1
 1090 035e 9C       		.byte	0x9c
 1091 035f 8A050000 		.4byte	0x58a
 1092 0363 1E       		.uleb128 0x1e
 1093 0364 0E000000 		.4byte	.LBB3
 1094 0368 6A000000 		.4byte	.LBE3-.LBB3
 1095 036c 7B040000 		.4byte	0x47b
 1096 0370 1F       		.uleb128 0x1f
 1097 0371 06       		.byte	0x6
 1098 0372 01       		.byte	0x1
 1099 0373 8C01     		.2byte	0x18c
 1100 0375 94030000 		.4byte	0x394
 1101 0379 20       		.uleb128 0x20
 1102 037a DB010000 		.4byte	.LASF41
 1103 037e 01       		.byte	0x1
 1104 037f 8D01     		.2byte	0x18d
 1105 0381 84000000 		.4byte	0x84
 1106 0385 00       		.byte	0
 1107 0386 20       		.uleb128 0x20
 1108 0387 9A000000 		.4byte	.LASF42
 1109 038b 01       		.byte	0x1
 1110 038c 8E01     		.2byte	0x18e
 1111 038e 99000000 		.4byte	0x99
 1112 0392 04       		.byte	0x4
 1113 0393 00       		.byte	0
 1114 0394 06       		.uleb128 0x6
 1115 0395 FA010000 		.4byte	.LASF43
 1116 0399 01       		.byte	0x1
 1117 039a 8F01     		.2byte	0x18f
 1118 039c 70030000 		.4byte	0x370
 1119 03a0 21       		.uleb128 0x21
 1120 03a1 B0030000 		.4byte	0x3b0
 1121 03a5 B0030000 		.4byte	0x3b0
 1122 03a9 22       		.uleb128 0x22
 1123 03aa 7D000000 		.4byte	0x7d
 1124 03ae 06       		.byte	0x6
 1125 03af 00       		.byte	0
 1126 03b0 11       		.uleb128 0x11
 1127 03b1 94030000 		.4byte	0x394
 1128 03b5 1D       		.uleb128 0x1d
 1129 03b6 8A000000 		.4byte	.LASF44
 1130 03ba 01       		.byte	0x1
 1131 03bb 9101     		.2byte	0x191
 1132 03bd C7030000 		.4byte	0x3c7
 1133 03c1 05       		.uleb128 0x5
ARM GAS  C:\Users\91819\AppData\Local\Temp\cct5vLZo.s 			page 29


 1134 03c2 03       		.byte	0x3
 1135 03c3 00000000 		.4byte	cfg_memset_list.5015
 1136 03c7 11       		.uleb128 0x11
 1137 03c8 A0030000 		.4byte	0x3a0
 1138 03cc 18       		.uleb128 0x18
 1139 03cd 6900     		.ascii	"i\000"
 1140 03cf 01       		.byte	0x1
 1141 03d0 9C01     		.2byte	0x19c
 1142 03d2 8D000000 		.4byte	0x8d
 1143 03d6 A1010000 		.4byte	.LLST14
 1144 03da 1E       		.uleb128 0x1e
 1145 03db 12000000 		.4byte	.LBB4
 1146 03df 16000000 		.4byte	.LBE4-.LBB4
 1147 03e3 1F040000 		.4byte	0x41f
 1148 03e7 18       		.uleb128 0x18
 1149 03e8 6D7300   		.ascii	"ms\000"
 1150 03eb 01       		.byte	0x1
 1151 03ec A101     		.2byte	0x1a1
 1152 03ee F6030000 		.4byte	0x3f6
 1153 03f2 CB010000 		.4byte	.LLST15
 1154 03f6 10       		.uleb128 0x10
 1155 03f7 04       		.byte	0x4
 1156 03f8 B0030000 		.4byte	0x3b0
 1157 03fc 14       		.uleb128 0x14
 1158 03fd 28000000 		.4byte	.LVL37
 1159 0401 10020000 		.4byte	0x210
 1160 0405 13       		.uleb128 0x13
 1161 0406 01       		.uleb128 0x1
 1162 0407 51       		.byte	0x51
 1163 0408 14       		.uleb128 0x14
 1164 0409 74       		.byte	0x74
 1165 040a 00       		.sleb128 0
 1166 040b 31       		.byte	0x31
 1167 040c 24       		.byte	0x24
 1168 040d 74       		.byte	0x74
 1169 040e 00       		.sleb128 0
 1170 040f 22       		.byte	0x22
 1171 0410 31       		.byte	0x31
 1172 0411 24       		.byte	0x24
 1173 0412 75       		.byte	0x75
 1174 0413 00       		.sleb128 0
 1175 0414 22       		.byte	0x22
 1176 0415 23       		.byte	0x23
 1177 0416 04       		.uleb128 0x4
 1178 0417 94       		.byte	0x94
 1179 0418 02       		.byte	0x2
 1180 0419 0A       		.byte	0xa
 1181 041a FFFF     		.2byte	0xffff
 1182 041c 1A       		.byte	0x1a
 1183 041d 00       		.byte	0
 1184 041e 00       		.byte	0
 1185 041f 12       		.uleb128 0x12
 1186 0420 3A000000 		.4byte	.LVL40
 1187 0424 30010000 		.4byte	0x130
 1188 0428 3D040000 		.4byte	0x43d
 1189 042c 13       		.uleb128 0x13
 1190 042d 01       		.uleb128 0x1
ARM GAS  C:\Users\91819\AppData\Local\Temp\cct5vLZo.s 			page 30


 1191 042e 50       		.byte	0x50
 1192 042f 03       		.uleb128 0x3
 1193 0430 42       		.byte	0x42
 1194 0431 4A       		.byte	0x4a
 1195 0432 24       		.byte	0x24
 1196 0433 13       		.uleb128 0x13
 1197 0434 01       		.uleb128 0x1
 1198 0435 51       		.byte	0x51
 1199 0436 05       		.uleb128 0x5
 1200 0437 0C       		.byte	0xc
 1201 0438 B0000048 		.4byte	0x480000b0
 1202 043c 00       		.byte	0
 1203 043d 12       		.uleb128 0x12
 1204 043e 42000000 		.4byte	.LVL41
 1205 0442 10020000 		.4byte	0x210
 1206 0446 59040000 		.4byte	0x459
 1207 044a 13       		.uleb128 0x13
 1208 044b 01       		.uleb128 0x1
 1209 044c 50       		.byte	0x50
 1210 044d 05       		.uleb128 0x5
 1211 044e 0C       		.byte	0xc
 1212 044f 00760040 		.4byte	0x40007600
 1213 0453 13       		.uleb128 0x13
 1214 0454 01       		.uleb128 0x1
 1215 0455 51       		.byte	0x51
 1216 0456 01       		.uleb128 0x1
 1217 0457 34       		.byte	0x34
 1218 0458 00       		.byte	0
 1219 0459 14       		.uleb128 0x14
 1220 045a 4C000000 		.4byte	.LVL42
 1221 045e B3020000 		.4byte	0x2b3
 1222 0462 13       		.uleb128 0x13
 1223 0463 01       		.uleb128 0x1
 1224 0464 50       		.byte	0x50
 1225 0465 05       		.uleb128 0x5
 1226 0466 0C       		.byte	0xc
 1227 0467 08760040 		.4byte	0x40007608
 1228 046b 13       		.uleb128 0x13
 1229 046c 01       		.uleb128 0x1
 1230 046d 51       		.byte	0x51
 1231 046e 05       		.uleb128 0x5
 1232 046f 0C       		.byte	0xc
 1233 0470 7C0D0048 		.4byte	0x48000d7c
 1234 0474 13       		.uleb128 0x13
 1235 0475 01       		.uleb128 0x1
 1236 0476 52       		.byte	0x52
 1237 0477 01       		.uleb128 0x1
 1238 0478 34       		.byte	0x34
 1239 0479 00       		.byte	0
 1240 047a 00       		.byte	0
 1241 047b 23       		.uleb128 0x23
 1242 047c 0E000000 		.4byte	.LVL35
 1243 0480 B8010000 		.4byte	0x1b8
 1244 0484 12       		.uleb128 0x12
 1245 0485 82000000 		.4byte	.LVL44
 1246 0489 B3020000 		.4byte	0x2b3
 1247 048d A9040000 		.4byte	0x4a9
ARM GAS  C:\Users\91819\AppData\Local\Temp\cct5vLZo.s 			page 31


 1248 0491 13       		.uleb128 0x13
 1249 0492 01       		.uleb128 0x1
 1250 0493 50       		.byte	0x50
 1251 0494 05       		.uleb128 0x5
 1252 0495 0C       		.byte	0xc
 1253 0496 02510040 		.4byte	0x40005102
 1254 049a 13       		.uleb128 0x13
 1255 049b 01       		.uleb128 0x1
 1256 049c 51       		.byte	0x51
 1257 049d 05       		.uleb128 0x5
 1258 049e 0C       		.byte	0xc
 1259 049f 440D0048 		.4byte	0x48000d44
 1260 04a3 13       		.uleb128 0x13
 1261 04a4 01       		.uleb128 0x1
 1262 04a5 52       		.byte	0x52
 1263 04a6 01       		.uleb128 0x1
 1264 04a7 38       		.byte	0x38
 1265 04a8 00       		.byte	0
 1266 04a9 12       		.uleb128 0x12
 1267 04aa 8C000000 		.4byte	.LVL45
 1268 04ae B3020000 		.4byte	0x2b3
 1269 04b2 CE040000 		.4byte	0x4ce
 1270 04b6 13       		.uleb128 0x13
 1271 04b7 01       		.uleb128 0x1
 1272 04b8 50       		.byte	0x50
 1273 04b9 05       		.uleb128 0x5
 1274 04ba 0C       		.byte	0xc
 1275 04bb C0510040 		.4byte	0x400051c0
 1276 04bf 13       		.uleb128 0x13
 1277 04c0 01       		.uleb128 0x1
 1278 04c1 51       		.byte	0x51
 1279 04c2 05       		.uleb128 0x5
 1280 04c3 0C       		.byte	0xc
 1281 04c4 4C0D0048 		.4byte	0x48000d4c
 1282 04c8 13       		.uleb128 0x13
 1283 04c9 01       		.uleb128 0x1
 1284 04ca 52       		.byte	0x52
 1285 04cb 01       		.uleb128 0x1
 1286 04cc 3A       		.byte	0x3a
 1287 04cd 00       		.byte	0
 1288 04ce 12       		.uleb128 0x12
 1289 04cf 96000000 		.4byte	.LVL46
 1290 04d3 B3020000 		.4byte	0x2b3
 1291 04d7 F3040000 		.4byte	0x4f3
 1292 04db 13       		.uleb128 0x13
 1293 04dc 01       		.uleb128 0x1
 1294 04dd 50       		.byte	0x50
 1295 04de 05       		.uleb128 0x5
 1296 04df 0C       		.byte	0xc
 1297 04e0 F0510040 		.4byte	0x400051f0
 1298 04e4 13       		.uleb128 0x13
 1299 04e5 01       		.uleb128 0x1
 1300 04e6 51       		.byte	0x51
 1301 04e7 05       		.uleb128 0x5
 1302 04e8 0C       		.byte	0xc
 1303 04e9 580D0048 		.4byte	0x48000d58
 1304 04ed 13       		.uleb128 0x13
ARM GAS  C:\Users\91819\AppData\Local\Temp\cct5vLZo.s 			page 32


 1305 04ee 01       		.uleb128 0x1
 1306 04ef 52       		.byte	0x52
 1307 04f0 01       		.uleb128 0x1
 1308 04f1 3A       		.byte	0x3a
 1309 04f2 00       		.byte	0
 1310 04f3 12       		.uleb128 0x12
 1311 04f4 A0000000 		.4byte	.LVL47
 1312 04f8 B3020000 		.4byte	0x2b3
 1313 04fc 18050000 		.4byte	0x518
 1314 0500 13       		.uleb128 0x13
 1315 0501 01       		.uleb128 0x1
 1316 0502 50       		.byte	0x50
 1317 0503 05       		.uleb128 0x5
 1318 0504 0C       		.byte	0xc
 1319 0505 12510040 		.4byte	0x40005112
 1320 0509 13       		.uleb128 0x13
 1321 050a 01       		.uleb128 0x1
 1322 050b 51       		.byte	0x51
 1323 050c 05       		.uleb128 0x5
 1324 050d 0C       		.byte	0xc
 1325 050e 640D0048 		.4byte	0x48000d64
 1326 0512 13       		.uleb128 0x13
 1327 0513 01       		.uleb128 0x1
 1328 0514 52       		.byte	0x52
 1329 0515 01       		.uleb128 0x1
 1330 0516 38       		.byte	0x38
 1331 0517 00       		.byte	0
 1332 0518 12       		.uleb128 0x12
 1333 0519 AA000000 		.4byte	.LVL48
 1334 051d B3020000 		.4byte	0x2b3
 1335 0521 3D050000 		.4byte	0x53d
 1336 0525 13       		.uleb128 0x13
 1337 0526 01       		.uleb128 0x1
 1338 0527 50       		.byte	0x50
 1339 0528 05       		.uleb128 0x5
 1340 0529 0C       		.byte	0xc
 1341 052a 22510040 		.4byte	0x40005122
 1342 052e 13       		.uleb128 0x13
 1343 052f 01       		.uleb128 0x1
 1344 0530 51       		.byte	0x51
 1345 0531 05       		.uleb128 0x5
 1346 0532 0C       		.byte	0xc
 1347 0533 6C0D0048 		.4byte	0x48000d6c
 1348 0537 13       		.uleb128 0x13
 1349 0538 01       		.uleb128 0x1
 1350 0539 52       		.byte	0x52
 1351 053a 01       		.uleb128 0x1
 1352 053b 38       		.byte	0x38
 1353 053c 00       		.byte	0
 1354 053d 12       		.uleb128 0x12
 1355 053e B4000000 		.4byte	.LVL49
 1356 0542 B3020000 		.4byte	0x2b3
 1357 0546 62050000 		.4byte	0x562
 1358 054a 13       		.uleb128 0x13
 1359 054b 01       		.uleb128 0x1
 1360 054c 50       		.byte	0x50
 1361 054d 05       		.uleb128 0x5
ARM GAS  C:\Users\91819\AppData\Local\Temp\cct5vLZo.s 			page 33


 1362 054e 0C       		.byte	0xc
 1363 054f 32510040 		.4byte	0x40005132
 1364 0553 13       		.uleb128 0x13
 1365 0554 01       		.uleb128 0x1
 1366 0555 51       		.byte	0x51
 1367 0556 05       		.uleb128 0x5
 1368 0557 0C       		.byte	0xc
 1369 0558 740D0048 		.4byte	0x48000d74
 1370 055c 13       		.uleb128 0x13
 1371 055d 01       		.uleb128 0x1
 1372 055e 52       		.byte	0x52
 1373 055f 01       		.uleb128 0x1
 1374 0560 38       		.byte	0x38
 1375 0561 00       		.byte	0
 1376 0562 23       		.uleb128 0x23
 1377 0563 C2000000 		.4byte	.LVL50
 1378 0567 5D020000 		.4byte	0x25d
 1379 056b 14       		.uleb128 0x14
 1380 056c CC000000 		.4byte	.LVL51
 1381 0570 B3020000 		.4byte	0x2b3
 1382 0574 13       		.uleb128 0x13
 1383 0575 01       		.uleb128 0x1
 1384 0576 50       		.byte	0x50
 1385 0577 05       		.uleb128 0x5
 1386 0578 0C       		.byte	0xc
 1387 0579 B0430040 		.4byte	0x400043b0
 1388 057d 13       		.uleb128 0x13
 1389 057e 01       		.uleb128 0x1
 1390 057f 51       		.byte	0x51
 1391 0580 02       		.uleb128 0x2
 1392 0581 74       		.byte	0x74
 1393 0582 00       		.sleb128 0
 1394 0583 13       		.uleb128 0x13
 1395 0584 01       		.uleb128 0x1
 1396 0585 52       		.byte	0x52
 1397 0586 01       		.uleb128 0x1
 1398 0587 3E       		.byte	0x3e
 1399 0588 00       		.byte	0
 1400 0589 00       		.byte	0
 1401 058a 24       		.uleb128 0x24
 1402 058b 06000000 		.4byte	.LASF45
 1403 058f 06000000 		.4byte	.LASF45
 1404 0593 04       		.byte	0x4
 1405 0594 79       		.byte	0x79
 1406 0595 25       		.uleb128 0x25
 1407 0596 73010000 		.4byte	.LASF47
 1408 059a 73010000 		.4byte	.LASF47
 1409 059e 24       		.uleb128 0x24
 1410 059f 4D020000 		.4byte	.LASF46
 1411 05a3 4D020000 		.4byte	.LASF46
 1412 05a7 04       		.byte	0x4
 1413 05a8 77       		.byte	0x77
 1414 05a9 25       		.uleb128 0x25
 1415 05aa 57020000 		.4byte	.LASF48
 1416 05ae 57020000 		.4byte	.LASF48
 1417 05b2 00       		.byte	0
 1418              		.section	.debug_abbrev,"",%progbits
ARM GAS  C:\Users\91819\AppData\Local\Temp\cct5vLZo.s 			page 34


 1419              	.Ldebug_abbrev0:
 1420 0000 01       		.uleb128 0x1
 1421 0001 11       		.uleb128 0x11
 1422 0002 01       		.byte	0x1
 1423 0003 25       		.uleb128 0x25
 1424 0004 0E       		.uleb128 0xe
 1425 0005 13       		.uleb128 0x13
 1426 0006 0B       		.uleb128 0xb
 1427 0007 03       		.uleb128 0x3
 1428 0008 0E       		.uleb128 0xe
 1429 0009 1B       		.uleb128 0x1b
 1430 000a 0E       		.uleb128 0xe
 1431 000b 55       		.uleb128 0x55
 1432 000c 17       		.uleb128 0x17
 1433 000d 11       		.uleb128 0x11
 1434 000e 01       		.uleb128 0x1
 1435 000f 10       		.uleb128 0x10
 1436 0010 17       		.uleb128 0x17
 1437 0011 00       		.byte	0
 1438 0012 00       		.byte	0
 1439 0013 02       		.uleb128 0x2
 1440 0014 24       		.uleb128 0x24
 1441 0015 00       		.byte	0
 1442 0016 0B       		.uleb128 0xb
 1443 0017 0B       		.uleb128 0xb
 1444 0018 3E       		.uleb128 0x3e
 1445 0019 0B       		.uleb128 0xb
 1446 001a 03       		.uleb128 0x3
 1447 001b 08       		.uleb128 0x8
 1448 001c 00       		.byte	0
 1449 001d 00       		.byte	0
 1450 001e 03       		.uleb128 0x3
 1451 001f 16       		.uleb128 0x16
 1452 0020 00       		.byte	0
 1453 0021 03       		.uleb128 0x3
 1454 0022 0E       		.uleb128 0xe
 1455 0023 3A       		.uleb128 0x3a
 1456 0024 0B       		.uleb128 0xb
 1457 0025 3B       		.uleb128 0x3b
 1458 0026 0B       		.uleb128 0xb
 1459 0027 49       		.uleb128 0x49
 1460 0028 13       		.uleb128 0x13
 1461 0029 00       		.byte	0
 1462 002a 00       		.byte	0
 1463 002b 04       		.uleb128 0x4
 1464 002c 24       		.uleb128 0x24
 1465 002d 00       		.byte	0
 1466 002e 0B       		.uleb128 0xb
 1467 002f 0B       		.uleb128 0xb
 1468 0030 3E       		.uleb128 0x3e
 1469 0031 0B       		.uleb128 0xb
 1470 0032 03       		.uleb128 0x3
 1471 0033 0E       		.uleb128 0xe
 1472 0034 00       		.byte	0
 1473 0035 00       		.byte	0
 1474 0036 05       		.uleb128 0x5
 1475 0037 0F       		.uleb128 0xf
ARM GAS  C:\Users\91819\AppData\Local\Temp\cct5vLZo.s 			page 35


 1476 0038 00       		.byte	0
 1477 0039 0B       		.uleb128 0xb
 1478 003a 0B       		.uleb128 0xb
 1479 003b 00       		.byte	0
 1480 003c 00       		.byte	0
 1481 003d 06       		.uleb128 0x6
 1482 003e 16       		.uleb128 0x16
 1483 003f 00       		.byte	0
 1484 0040 03       		.uleb128 0x3
 1485 0041 0E       		.uleb128 0xe
 1486 0042 3A       		.uleb128 0x3a
 1487 0043 0B       		.uleb128 0xb
 1488 0044 3B       		.uleb128 0x3b
 1489 0045 05       		.uleb128 0x5
 1490 0046 49       		.uleb128 0x49
 1491 0047 13       		.uleb128 0x13
 1492 0048 00       		.byte	0
 1493 0049 00       		.byte	0
 1494 004a 07       		.uleb128 0x7
 1495 004b 35       		.uleb128 0x35
 1496 004c 00       		.byte	0
 1497 004d 49       		.uleb128 0x49
 1498 004e 13       		.uleb128 0x13
 1499 004f 00       		.byte	0
 1500 0050 00       		.byte	0
 1501 0051 08       		.uleb128 0x8
 1502 0052 13       		.uleb128 0x13
 1503 0053 01       		.byte	0x1
 1504 0054 0B       		.uleb128 0xb
 1505 0055 0B       		.uleb128 0xb
 1506 0056 3A       		.uleb128 0x3a
 1507 0057 0B       		.uleb128 0xb
 1508 0058 3B       		.uleb128 0x3b
 1509 0059 0B       		.uleb128 0xb
 1510 005a 01       		.uleb128 0x1
 1511 005b 13       		.uleb128 0x13
 1512 005c 00       		.byte	0
 1513 005d 00       		.byte	0
 1514 005e 09       		.uleb128 0x9
 1515 005f 0D       		.uleb128 0xd
 1516 0060 00       		.byte	0
 1517 0061 03       		.uleb128 0x3
 1518 0062 0E       		.uleb128 0xe
 1519 0063 3A       		.uleb128 0x3a
 1520 0064 0B       		.uleb128 0xb
 1521 0065 3B       		.uleb128 0x3b
 1522 0066 0B       		.uleb128 0xb
 1523 0067 49       		.uleb128 0x49
 1524 0068 13       		.uleb128 0x13
 1525 0069 38       		.uleb128 0x38
 1526 006a 0B       		.uleb128 0xb
 1527 006b 00       		.byte	0
 1528 006c 00       		.byte	0
 1529 006d 0A       		.uleb128 0xa
 1530 006e 2E       		.uleb128 0x2e
 1531 006f 01       		.byte	0x1
 1532 0070 03       		.uleb128 0x3
ARM GAS  C:\Users\91819\AppData\Local\Temp\cct5vLZo.s 			page 36


 1533 0071 0E       		.uleb128 0xe
 1534 0072 3A       		.uleb128 0x3a
 1535 0073 0B       		.uleb128 0xb
 1536 0074 3B       		.uleb128 0x3b
 1537 0075 0B       		.uleb128 0xb
 1538 0076 27       		.uleb128 0x27
 1539 0077 19       		.uleb128 0x19
 1540 0078 8701     		.uleb128 0x87
 1541 007a 19       		.uleb128 0x19
 1542 007b 11       		.uleb128 0x11
 1543 007c 01       		.uleb128 0x1
 1544 007d 12       		.uleb128 0x12
 1545 007e 06       		.uleb128 0x6
 1546 007f 40       		.uleb128 0x40
 1547 0080 18       		.uleb128 0x18
 1548 0081 9742     		.uleb128 0x2117
 1549 0083 19       		.uleb128 0x19
 1550 0084 01       		.uleb128 0x1
 1551 0085 13       		.uleb128 0x13
 1552 0086 00       		.byte	0
 1553 0087 00       		.byte	0
 1554 0088 0B       		.uleb128 0xb
 1555 0089 05       		.uleb128 0x5
 1556 008a 00       		.byte	0
 1557 008b 03       		.uleb128 0x3
 1558 008c 0E       		.uleb128 0xe
 1559 008d 3A       		.uleb128 0x3a
 1560 008e 0B       		.uleb128 0xb
 1561 008f 3B       		.uleb128 0x3b
 1562 0090 0B       		.uleb128 0xb
 1563 0091 49       		.uleb128 0x49
 1564 0092 13       		.uleb128 0x13
 1565 0093 02       		.uleb128 0x2
 1566 0094 18       		.uleb128 0x18
 1567 0095 00       		.byte	0
 1568 0096 00       		.byte	0
 1569 0097 0C       		.uleb128 0xc
 1570 0098 2E       		.uleb128 0x2e
 1571 0099 01       		.byte	0x1
 1572 009a 03       		.uleb128 0x3
 1573 009b 0E       		.uleb128 0xe
 1574 009c 3A       		.uleb128 0x3a
 1575 009d 0B       		.uleb128 0xb
 1576 009e 3B       		.uleb128 0x3b
 1577 009f 0B       		.uleb128 0xb
 1578 00a0 27       		.uleb128 0x27
 1579 00a1 19       		.uleb128 0x19
 1580 00a2 11       		.uleb128 0x11
 1581 00a3 01       		.uleb128 0x1
 1582 00a4 12       		.uleb128 0x12
 1583 00a5 06       		.uleb128 0x6
 1584 00a6 40       		.uleb128 0x40
 1585 00a7 18       		.uleb128 0x18
 1586 00a8 9742     		.uleb128 0x2117
 1587 00aa 19       		.uleb128 0x19
 1588 00ab 01       		.uleb128 0x1
 1589 00ac 13       		.uleb128 0x13
ARM GAS  C:\Users\91819\AppData\Local\Temp\cct5vLZo.s 			page 37


 1590 00ad 00       		.byte	0
 1591 00ae 00       		.byte	0
 1592 00af 0D       		.uleb128 0xd
 1593 00b0 34       		.uleb128 0x34
 1594 00b1 00       		.byte	0
 1595 00b2 03       		.uleb128 0x3
 1596 00b3 08       		.uleb128 0x8
 1597 00b4 3A       		.uleb128 0x3a
 1598 00b5 0B       		.uleb128 0xb
 1599 00b6 3B       		.uleb128 0x3b
 1600 00b7 0B       		.uleb128 0xb
 1601 00b8 49       		.uleb128 0x49
 1602 00b9 13       		.uleb128 0x13
 1603 00ba 02       		.uleb128 0x2
 1604 00bb 17       		.uleb128 0x17
 1605 00bc 00       		.byte	0
 1606 00bd 00       		.byte	0
 1607 00be 0E       		.uleb128 0xe
 1608 00bf 0B       		.uleb128 0xb
 1609 00c0 01       		.byte	0x1
 1610 00c1 11       		.uleb128 0x11
 1611 00c2 01       		.uleb128 0x1
 1612 00c3 12       		.uleb128 0x12
 1613 00c4 06       		.uleb128 0x6
 1614 00c5 00       		.byte	0
 1615 00c6 00       		.byte	0
 1616 00c7 0F       		.uleb128 0xf
 1617 00c8 34       		.uleb128 0x34
 1618 00c9 00       		.byte	0
 1619 00ca 03       		.uleb128 0x3
 1620 00cb 0E       		.uleb128 0xe
 1621 00cc 3A       		.uleb128 0x3a
 1622 00cd 0B       		.uleb128 0xb
 1623 00ce 3B       		.uleb128 0x3b
 1624 00cf 0B       		.uleb128 0xb
 1625 00d0 49       		.uleb128 0x49
 1626 00d1 13       		.uleb128 0x13
 1627 00d2 02       		.uleb128 0x2
 1628 00d3 17       		.uleb128 0x17
 1629 00d4 00       		.byte	0
 1630 00d5 00       		.byte	0
 1631 00d6 10       		.uleb128 0x10
 1632 00d7 0F       		.uleb128 0xf
 1633 00d8 00       		.byte	0
 1634 00d9 0B       		.uleb128 0xb
 1635 00da 0B       		.uleb128 0xb
 1636 00db 49       		.uleb128 0x49
 1637 00dc 13       		.uleb128 0x13
 1638 00dd 00       		.byte	0
 1639 00de 00       		.byte	0
 1640 00df 11       		.uleb128 0x11
 1641 00e0 26       		.uleb128 0x26
 1642 00e1 00       		.byte	0
 1643 00e2 49       		.uleb128 0x49
 1644 00e3 13       		.uleb128 0x13
 1645 00e4 00       		.byte	0
 1646 00e5 00       		.byte	0
ARM GAS  C:\Users\91819\AppData\Local\Temp\cct5vLZo.s 			page 38


 1647 00e6 12       		.uleb128 0x12
 1648 00e7 898201   		.uleb128 0x4109
 1649 00ea 01       		.byte	0x1
 1650 00eb 11       		.uleb128 0x11
 1651 00ec 01       		.uleb128 0x1
 1652 00ed 31       		.uleb128 0x31
 1653 00ee 13       		.uleb128 0x13
 1654 00ef 01       		.uleb128 0x1
 1655 00f0 13       		.uleb128 0x13
 1656 00f1 00       		.byte	0
 1657 00f2 00       		.byte	0
 1658 00f3 13       		.uleb128 0x13
 1659 00f4 8A8201   		.uleb128 0x410a
 1660 00f7 00       		.byte	0
 1661 00f8 02       		.uleb128 0x2
 1662 00f9 18       		.uleb128 0x18
 1663 00fa 9142     		.uleb128 0x2111
 1664 00fc 18       		.uleb128 0x18
 1665 00fd 00       		.byte	0
 1666 00fe 00       		.byte	0
 1667 00ff 14       		.uleb128 0x14
 1668 0100 898201   		.uleb128 0x4109
 1669 0103 01       		.byte	0x1
 1670 0104 11       		.uleb128 0x11
 1671 0105 01       		.uleb128 0x1
 1672 0106 31       		.uleb128 0x31
 1673 0107 13       		.uleb128 0x13
 1674 0108 00       		.byte	0
 1675 0109 00       		.byte	0
 1676 010a 15       		.uleb128 0x15
 1677 010b 05       		.uleb128 0x5
 1678 010c 00       		.byte	0
 1679 010d 03       		.uleb128 0x3
 1680 010e 08       		.uleb128 0x8
 1681 010f 3A       		.uleb128 0x3a
 1682 0110 0B       		.uleb128 0xb
 1683 0111 3B       		.uleb128 0x3b
 1684 0112 0B       		.uleb128 0xb
 1685 0113 49       		.uleb128 0x49
 1686 0114 13       		.uleb128 0x13
 1687 0115 02       		.uleb128 0x2
 1688 0116 17       		.uleb128 0x17
 1689 0117 00       		.byte	0
 1690 0118 00       		.byte	0
 1691 0119 16       		.uleb128 0x16
 1692 011a 2E       		.uleb128 0x2e
 1693 011b 01       		.byte	0x1
 1694 011c 03       		.uleb128 0x3
 1695 011d 0E       		.uleb128 0xe
 1696 011e 3A       		.uleb128 0x3a
 1697 011f 0B       		.uleb128 0xb
 1698 0120 3B       		.uleb128 0x3b
 1699 0121 05       		.uleb128 0x5
 1700 0122 27       		.uleb128 0x27
 1701 0123 19       		.uleb128 0x19
 1702 0124 11       		.uleb128 0x11
 1703 0125 01       		.uleb128 0x1
ARM GAS  C:\Users\91819\AppData\Local\Temp\cct5vLZo.s 			page 39


 1704 0126 12       		.uleb128 0x12
 1705 0127 06       		.uleb128 0x6
 1706 0128 40       		.uleb128 0x40
 1707 0129 18       		.uleb128 0x18
 1708 012a 9742     		.uleb128 0x2117
 1709 012c 19       		.uleb128 0x19
 1710 012d 01       		.uleb128 0x1
 1711 012e 13       		.uleb128 0x13
 1712 012f 00       		.byte	0
 1713 0130 00       		.byte	0
 1714 0131 17       		.uleb128 0x17
 1715 0132 34       		.uleb128 0x34
 1716 0133 00       		.byte	0
 1717 0134 03       		.uleb128 0x3
 1718 0135 0E       		.uleb128 0xe
 1719 0136 3A       		.uleb128 0x3a
 1720 0137 0B       		.uleb128 0xb
 1721 0138 3B       		.uleb128 0x3b
 1722 0139 05       		.uleb128 0x5
 1723 013a 49       		.uleb128 0x49
 1724 013b 13       		.uleb128 0x13
 1725 013c 02       		.uleb128 0x2
 1726 013d 17       		.uleb128 0x17
 1727 013e 00       		.byte	0
 1728 013f 00       		.byte	0
 1729 0140 18       		.uleb128 0x18
 1730 0141 34       		.uleb128 0x34
 1731 0142 00       		.byte	0
 1732 0143 03       		.uleb128 0x3
 1733 0144 08       		.uleb128 0x8
 1734 0145 3A       		.uleb128 0x3a
 1735 0146 0B       		.uleb128 0xb
 1736 0147 3B       		.uleb128 0x3b
 1737 0148 05       		.uleb128 0x5
 1738 0149 49       		.uleb128 0x49
 1739 014a 13       		.uleb128 0x13
 1740 014b 02       		.uleb128 0x2
 1741 014c 17       		.uleb128 0x17
 1742 014d 00       		.byte	0
 1743 014e 00       		.byte	0
 1744 014f 19       		.uleb128 0x19
 1745 0150 05       		.uleb128 0x5
 1746 0151 00       		.byte	0
 1747 0152 03       		.uleb128 0x3
 1748 0153 0E       		.uleb128 0xe
 1749 0154 3A       		.uleb128 0x3a
 1750 0155 0B       		.uleb128 0xb
 1751 0156 3B       		.uleb128 0x3b
 1752 0157 0B       		.uleb128 0xb
 1753 0158 49       		.uleb128 0x49
 1754 0159 13       		.uleb128 0x13
 1755 015a 02       		.uleb128 0x2
 1756 015b 17       		.uleb128 0x17
 1757 015c 00       		.byte	0
 1758 015d 00       		.byte	0
 1759 015e 1A       		.uleb128 0x1a
 1760 015f 26       		.uleb128 0x26
ARM GAS  C:\Users\91819\AppData\Local\Temp\cct5vLZo.s 			page 40


 1761 0160 00       		.byte	0
 1762 0161 00       		.byte	0
 1763 0162 00       		.byte	0
 1764 0163 1B       		.uleb128 0x1b
 1765 0164 2E       		.uleb128 0x2e
 1766 0165 01       		.byte	0x1
 1767 0166 3F       		.uleb128 0x3f
 1768 0167 19       		.uleb128 0x19
 1769 0168 03       		.uleb128 0x3
 1770 0169 0E       		.uleb128 0xe
 1771 016a 3A       		.uleb128 0x3a
 1772 016b 0B       		.uleb128 0xb
 1773 016c 3B       		.uleb128 0x3b
 1774 016d 05       		.uleb128 0x5
 1775 016e 27       		.uleb128 0x27
 1776 016f 19       		.uleb128 0x19
 1777 0170 11       		.uleb128 0x11
 1778 0171 01       		.uleb128 0x1
 1779 0172 12       		.uleb128 0x12
 1780 0173 06       		.uleb128 0x6
 1781 0174 40       		.uleb128 0x40
 1782 0175 18       		.uleb128 0x18
 1783 0176 9742     		.uleb128 0x2117
 1784 0178 19       		.uleb128 0x19
 1785 0179 01       		.uleb128 0x1
 1786 017a 13       		.uleb128 0x13
 1787 017b 00       		.byte	0
 1788 017c 00       		.byte	0
 1789 017d 1C       		.uleb128 0x1c
 1790 017e 05       		.uleb128 0x5
 1791 017f 00       		.byte	0
 1792 0180 03       		.uleb128 0x3
 1793 0181 0E       		.uleb128 0xe
 1794 0182 3A       		.uleb128 0x3a
 1795 0183 0B       		.uleb128 0xb
 1796 0184 3B       		.uleb128 0x3b
 1797 0185 05       		.uleb128 0x5
 1798 0186 49       		.uleb128 0x49
 1799 0187 13       		.uleb128 0x13
 1800 0188 02       		.uleb128 0x2
 1801 0189 18       		.uleb128 0x18
 1802 018a 00       		.byte	0
 1803 018b 00       		.byte	0
 1804 018c 1D       		.uleb128 0x1d
 1805 018d 34       		.uleb128 0x34
 1806 018e 00       		.byte	0
 1807 018f 03       		.uleb128 0x3
 1808 0190 0E       		.uleb128 0xe
 1809 0191 3A       		.uleb128 0x3a
 1810 0192 0B       		.uleb128 0xb
 1811 0193 3B       		.uleb128 0x3b
 1812 0194 05       		.uleb128 0x5
 1813 0195 49       		.uleb128 0x49
 1814 0196 13       		.uleb128 0x13
 1815 0197 02       		.uleb128 0x2
 1816 0198 18       		.uleb128 0x18
 1817 0199 00       		.byte	0
ARM GAS  C:\Users\91819\AppData\Local\Temp\cct5vLZo.s 			page 41


 1818 019a 00       		.byte	0
 1819 019b 1E       		.uleb128 0x1e
 1820 019c 0B       		.uleb128 0xb
 1821 019d 01       		.byte	0x1
 1822 019e 11       		.uleb128 0x11
 1823 019f 01       		.uleb128 0x1
 1824 01a0 12       		.uleb128 0x12
 1825 01a1 06       		.uleb128 0x6
 1826 01a2 01       		.uleb128 0x1
 1827 01a3 13       		.uleb128 0x13
 1828 01a4 00       		.byte	0
 1829 01a5 00       		.byte	0
 1830 01a6 1F       		.uleb128 0x1f
 1831 01a7 13       		.uleb128 0x13
 1832 01a8 01       		.byte	0x1
 1833 01a9 0B       		.uleb128 0xb
 1834 01aa 0B       		.uleb128 0xb
 1835 01ab 3A       		.uleb128 0x3a
 1836 01ac 0B       		.uleb128 0xb
 1837 01ad 3B       		.uleb128 0x3b
 1838 01ae 05       		.uleb128 0x5
 1839 01af 01       		.uleb128 0x1
 1840 01b0 13       		.uleb128 0x13
 1841 01b1 00       		.byte	0
 1842 01b2 00       		.byte	0
 1843 01b3 20       		.uleb128 0x20
 1844 01b4 0D       		.uleb128 0xd
 1845 01b5 00       		.byte	0
 1846 01b6 03       		.uleb128 0x3
 1847 01b7 0E       		.uleb128 0xe
 1848 01b8 3A       		.uleb128 0x3a
 1849 01b9 0B       		.uleb128 0xb
 1850 01ba 3B       		.uleb128 0x3b
 1851 01bb 05       		.uleb128 0x5
 1852 01bc 49       		.uleb128 0x49
 1853 01bd 13       		.uleb128 0x13
 1854 01be 38       		.uleb128 0x38
 1855 01bf 0B       		.uleb128 0xb
 1856 01c0 00       		.byte	0
 1857 01c1 00       		.byte	0
 1858 01c2 21       		.uleb128 0x21
 1859 01c3 01       		.uleb128 0x1
 1860 01c4 01       		.byte	0x1
 1861 01c5 49       		.uleb128 0x49
 1862 01c6 13       		.uleb128 0x13
 1863 01c7 01       		.uleb128 0x1
 1864 01c8 13       		.uleb128 0x13
 1865 01c9 00       		.byte	0
 1866 01ca 00       		.byte	0
 1867 01cb 22       		.uleb128 0x22
 1868 01cc 21       		.uleb128 0x21
 1869 01cd 00       		.byte	0
 1870 01ce 49       		.uleb128 0x49
 1871 01cf 13       		.uleb128 0x13
 1872 01d0 2F       		.uleb128 0x2f
 1873 01d1 0B       		.uleb128 0xb
 1874 01d2 00       		.byte	0
ARM GAS  C:\Users\91819\AppData\Local\Temp\cct5vLZo.s 			page 42


 1875 01d3 00       		.byte	0
 1876 01d4 23       		.uleb128 0x23
 1877 01d5 898201   		.uleb128 0x4109
 1878 01d8 00       		.byte	0
 1879 01d9 11       		.uleb128 0x11
 1880 01da 01       		.uleb128 0x1
 1881 01db 31       		.uleb128 0x31
 1882 01dc 13       		.uleb128 0x13
 1883 01dd 00       		.byte	0
 1884 01de 00       		.byte	0
 1885 01df 24       		.uleb128 0x24
 1886 01e0 2E       		.uleb128 0x2e
 1887 01e1 00       		.byte	0
 1888 01e2 3F       		.uleb128 0x3f
 1889 01e3 19       		.uleb128 0x19
 1890 01e4 3C       		.uleb128 0x3c
 1891 01e5 19       		.uleb128 0x19
 1892 01e6 6E       		.uleb128 0x6e
 1893 01e7 0E       		.uleb128 0xe
 1894 01e8 03       		.uleb128 0x3
 1895 01e9 0E       		.uleb128 0xe
 1896 01ea 3A       		.uleb128 0x3a
 1897 01eb 0B       		.uleb128 0xb
 1898 01ec 3B       		.uleb128 0x3b
 1899 01ed 0B       		.uleb128 0xb
 1900 01ee 00       		.byte	0
 1901 01ef 00       		.byte	0
 1902 01f0 25       		.uleb128 0x25
 1903 01f1 2E       		.uleb128 0x2e
 1904 01f2 00       		.byte	0
 1905 01f3 3F       		.uleb128 0x3f
 1906 01f4 19       		.uleb128 0x19
 1907 01f5 3C       		.uleb128 0x3c
 1908 01f6 19       		.uleb128 0x19
 1909 01f7 6E       		.uleb128 0x6e
 1910 01f8 0E       		.uleb128 0xe
 1911 01f9 03       		.uleb128 0x3
 1912 01fa 0E       		.uleb128 0xe
 1913 01fb 00       		.byte	0
 1914 01fc 00       		.byte	0
 1915 01fd 00       		.byte	0
 1916              		.section	.debug_loc,"",%progbits
 1917              	.Ldebug_loc0:
 1918              	.LLST0:
 1919 0000 02000000 		.4byte	.LVL2
 1920 0004 08000000 		.4byte	.LVL3
 1921 0008 0200     		.2byte	0x2
 1922 000a 30       		.byte	0x30
 1923 000b 9F       		.byte	0x9f
 1924 000c 08000000 		.4byte	.LVL3
 1925 0010 32000000 		.4byte	.LVL11
 1926 0014 0100     		.2byte	0x1
 1927 0016 57       		.byte	0x57
 1928 0017 00000000 		.4byte	0
 1929 001b 00000000 		.4byte	0
 1930              	.LLST1:
 1931 001f 02000000 		.4byte	.LVL2
ARM GAS  C:\Users\91819\AppData\Local\Temp\cct5vLZo.s 			page 43


 1932 0023 08000000 		.4byte	.LVL3
 1933 0027 0200     		.2byte	0x2
 1934 0029 30       		.byte	0x30
 1935 002a 9F       		.byte	0x9f
 1936 002b 08000000 		.4byte	.LVL3
 1937 002f 34000000 		.4byte	.LFE4
 1938 0033 0100     		.2byte	0x1
 1939 0035 52       		.byte	0x52
 1940 0036 00000000 		.4byte	0
 1941 003a 00000000 		.4byte	0
 1942              	.LLST2:
 1943 003e 0C000000 		.4byte	.LVL4
 1944 0042 2C000000 		.4byte	.LVL10
 1945 0046 0100     		.2byte	0x1
 1946 0048 56       		.byte	0x56
 1947 0049 00000000 		.4byte	0
 1948 004d 00000000 		.4byte	0
 1949              	.LLST3:
 1950 0051 0E000000 		.4byte	.LVL5
 1951 0055 24000000 		.4byte	.LVL8
 1952 0059 0100     		.2byte	0x1
 1953 005b 53       		.byte	0x53
 1954 005c 26000000 		.4byte	.LVL9
 1955 0060 2C000000 		.4byte	.LVL10
 1956 0064 0100     		.2byte	0x1
 1957 0066 53       		.byte	0x53
 1958 0067 00000000 		.4byte	0
 1959 006b 00000000 		.4byte	0
 1960              	.LLST4:
 1961 006f 62000000 		.4byte	.LVL12
 1962 0073 66000000 		.4byte	.LVL13
 1963 0077 0200     		.2byte	0x2
 1964 0079 49       		.byte	0x49
 1965 007a 9F       		.byte	0x9f
 1966 007b 66000000 		.4byte	.LVL13
 1967 007f BE000000 		.4byte	.LVL19
 1968 0083 0100     		.2byte	0x1
 1969 0085 55       		.byte	0x55
 1970 0086 00000000 		.4byte	0
 1971 008a 00000000 		.4byte	0
 1972              	.LLST5:
 1973 008e 62000000 		.4byte	.LVL12
 1974 0092 66000000 		.4byte	.LVL13
 1975 0096 0200     		.2byte	0x2
 1976 0098 30       		.byte	0x30
 1977 0099 9F       		.byte	0x9f
 1978 009a 66000000 		.4byte	.LVL13
 1979 009e 72000000 		.4byte	.LVL14
 1980 00a2 0100     		.2byte	0x1
 1981 00a4 54       		.byte	0x54
 1982 00a5 76000000 		.4byte	.LVL15
 1983 00a9 BE000000 		.4byte	.LVL19
 1984 00ad 0100     		.2byte	0x1
 1985 00af 54       		.byte	0x54
 1986 00b0 00000000 		.4byte	0
 1987 00b4 00000000 		.4byte	0
 1988              	.LLST6:
ARM GAS  C:\Users\91819\AppData\Local\Temp\cct5vLZo.s 			page 44


 1989 00b8 00000000 		.4byte	.LVL20
 1990 00bc 09000000 		.4byte	.LVL22-1
 1991 00c0 0100     		.2byte	0x1
 1992 00c2 50       		.byte	0x50
 1993 00c3 09000000 		.4byte	.LVL22-1
 1994 00c7 0C000000 		.4byte	.LFE0
 1995 00cb 0400     		.2byte	0x4
 1996 00cd F3       		.byte	0xf3
 1997 00ce 01       		.uleb128 0x1
 1998 00cf 50       		.byte	0x50
 1999 00d0 9F       		.byte	0x9f
 2000 00d1 00000000 		.4byte	0
 2001 00d5 00000000 		.4byte	0
 2002              	.LLST7:
 2003 00d9 00000000 		.4byte	.LVL20
 2004 00dd 06000000 		.4byte	.LVL21
 2005 00e1 0100     		.2byte	0x1
 2006 00e3 51       		.byte	0x51
 2007 00e4 06000000 		.4byte	.LVL21
 2008 00e8 09000000 		.4byte	.LVL22-1
 2009 00ec 0100     		.2byte	0x1
 2010 00ee 52       		.byte	0x52
 2011 00ef 09000000 		.4byte	.LVL22-1
 2012 00f3 0C000000 		.4byte	.LFE0
 2013 00f7 0400     		.2byte	0x4
 2014 00f9 F3       		.byte	0xf3
 2015 00fa 01       		.uleb128 0x1
 2016 00fb 51       		.byte	0x51
 2017 00fc 9F       		.byte	0x9f
 2018 00fd 00000000 		.4byte	0
 2019 0101 00000000 		.4byte	0
 2020              	.LLST8:
 2021 0105 08000000 		.4byte	.LVL23
 2022 0109 1E000000 		.4byte	.LVL26
 2023 010d 0100     		.2byte	0x1
 2024 010f 53       		.byte	0x53
 2025 0110 00000000 		.4byte	0
 2026 0114 00000000 		.4byte	0
 2027              	.LLST9:
 2028 0118 0E000000 		.4byte	.LVL24
 2029 011c 5C000000 		.4byte	.LVL28
 2030 0120 0100     		.2byte	0x1
 2031 0122 54       		.byte	0x54
 2032 0123 00000000 		.4byte	0
 2033 0127 00000000 		.4byte	0
 2034              	.LLST10:
 2035 012b 14000000 		.4byte	.LVL25
 2036 012f 5C000000 		.4byte	.LVL28
 2037 0133 0100     		.2byte	0x1
 2038 0135 55       		.byte	0x55
 2039 0136 00000000 		.4byte	0
 2040 013a 00000000 		.4byte	0
 2041              	.LLST11:
 2042 013e 00000000 		.4byte	.LVL29
 2043 0142 05000000 		.4byte	.LVL30-1
 2044 0146 0100     		.2byte	0x1
 2045 0148 50       		.byte	0x50
ARM GAS  C:\Users\91819\AppData\Local\Temp\cct5vLZo.s 			page 45


 2046 0149 05000000 		.4byte	.LVL30-1
 2047 014d 08000000 		.4byte	.LFE1
 2048 0151 0400     		.2byte	0x4
 2049 0153 F3       		.byte	0xf3
 2050 0154 01       		.uleb128 0x1
 2051 0155 50       		.byte	0x50
 2052 0156 9F       		.byte	0x9f
 2053 0157 00000000 		.4byte	0
 2054 015b 00000000 		.4byte	0
 2055              	.LLST12:
 2056 015f 00000000 		.4byte	.LVL29
 2057 0163 05000000 		.4byte	.LVL30-1
 2058 0167 0100     		.2byte	0x1
 2059 0169 51       		.byte	0x51
 2060 016a 05000000 		.4byte	.LVL30-1
 2061 016e 08000000 		.4byte	.LFE1
 2062 0172 0400     		.2byte	0x4
 2063 0174 F3       		.byte	0xf3
 2064 0175 01       		.uleb128 0x1
 2065 0176 51       		.byte	0x51
 2066 0177 9F       		.byte	0x9f
 2067 0178 00000000 		.4byte	0
 2068 017c 00000000 		.4byte	0
 2069              	.LLST13:
 2070 0180 00000000 		.4byte	.LVL29
 2071 0184 05000000 		.4byte	.LVL30-1
 2072 0188 0100     		.2byte	0x1
 2073 018a 52       		.byte	0x52
 2074 018b 05000000 		.4byte	.LVL30-1
 2075 018f 08000000 		.4byte	.LFE1
 2076 0193 0400     		.2byte	0x4
 2077 0195 F3       		.byte	0xf3
 2078 0196 01       		.uleb128 0x1
 2079 0197 52       		.byte	0x52
 2080 0198 9F       		.byte	0x9f
 2081 0199 00000000 		.4byte	0
 2082 019d 00000000 		.4byte	0
 2083              	.LLST14:
 2084 01a1 0E000000 		.4byte	.LVL35
 2085 01a5 12000000 		.4byte	.LVL36
 2086 01a9 0200     		.2byte	0x2
 2087 01ab 30       		.byte	0x30
 2088 01ac 9F       		.byte	0x9f
 2089 01ad 12000000 		.4byte	.LVL36
 2090 01b1 2A000000 		.4byte	.LVL38
 2091 01b5 0100     		.2byte	0x1
 2092 01b7 54       		.byte	0x54
 2093 01b8 2C000000 		.4byte	.LVL39
 2094 01bc 62000000 		.4byte	.LVL43
 2095 01c0 0100     		.2byte	0x1
 2096 01c2 54       		.byte	0x54
 2097 01c3 00000000 		.4byte	0
 2098 01c7 00000000 		.4byte	0
 2099              	.LLST15:
 2100 01cb 12000000 		.4byte	.LVL36
 2101 01cf 2A000000 		.4byte	.LVL38
 2102 01d3 0B00     		.2byte	0xb
ARM GAS  C:\Users\91819\AppData\Local\Temp\cct5vLZo.s 			page 46


 2103 01d5 74       		.byte	0x74
 2104 01d6 00       		.sleb128 0
 2105 01d7 36       		.byte	0x36
 2106 01d8 1E       		.byte	0x1e
 2107 01d9 03       		.byte	0x3
 2108 01da 00000000 		.4byte	cfg_memset_list.5015
 2109 01de 22       		.byte	0x22
 2110 01df 9F       		.byte	0x9f
 2111 01e0 2A000000 		.4byte	.LVL38
 2112 01e4 2C000000 		.4byte	.LVL39
 2113 01e8 0B00     		.2byte	0xb
 2114 01ea 74       		.byte	0x74
 2115 01eb 7F       		.sleb128 -1
 2116 01ec 36       		.byte	0x36
 2117 01ed 1E       		.byte	0x1e
 2118 01ee 03       		.byte	0x3
 2119 01ef 00000000 		.4byte	cfg_memset_list.5015
 2120 01f3 22       		.byte	0x22
 2121 01f4 9F       		.byte	0x9f
 2122 01f5 00000000 		.4byte	0
 2123 01f9 00000000 		.4byte	0
 2124              		.section	.debug_aranges,"",%progbits
 2125 0000 54000000 		.4byte	0x54
 2126 0004 0200     		.2byte	0x2
 2127 0006 00000000 		.4byte	.Ldebug_info0
 2128 000a 04       		.byte	0x4
 2129 000b 00       		.byte	0
 2130 000c 0000     		.2byte	0
 2131 000e 0000     		.2byte	0
 2132 0010 00000000 		.4byte	.LFB3
 2133 0014 02000000 		.4byte	.LFE3-.LFB3
 2134 0018 00000000 		.4byte	.LFB4
 2135 001c 34000000 		.4byte	.LFE4-.LFB4
 2136 0020 00000000 		.4byte	.LFB5
 2137 0024 EC000000 		.4byte	.LFE5-.LFB5
 2138 0028 00000000 		.4byte	.LFB0
 2139 002c 0C000000 		.4byte	.LFE0-.LFB0
 2140 0030 00000000 		.4byte	.LFB6
 2141 0034 7C000000 		.4byte	.LFE6-.LFB6
 2142 0038 00000000 		.4byte	.LFB1
 2143 003c 08000000 		.4byte	.LFE1-.LFB1
 2144 0040 00000000 		.4byte	.LFB7
 2145 0044 1C000000 		.4byte	.LFE7-.LFB7
 2146 0048 00000000 		.4byte	.LFB8
 2147 004c 28010000 		.4byte	.LFE8-.LFB8
 2148 0050 00000000 		.4byte	0
 2149 0054 00000000 		.4byte	0
 2150              		.section	.debug_ranges,"",%progbits
 2151              	.Ldebug_ranges0:
 2152 0000 00000000 		.4byte	.LFB3
 2153 0004 02000000 		.4byte	.LFE3
 2154 0008 00000000 		.4byte	.LFB4
 2155 000c 34000000 		.4byte	.LFE4
 2156 0010 00000000 		.4byte	.LFB5
 2157 0014 EC000000 		.4byte	.LFE5
 2158 0018 00000000 		.4byte	.LFB0
 2159 001c 0C000000 		.4byte	.LFE0
ARM GAS  C:\Users\91819\AppData\Local\Temp\cct5vLZo.s 			page 47


 2160 0020 00000000 		.4byte	.LFB6
 2161 0024 7C000000 		.4byte	.LFE6
 2162 0028 00000000 		.4byte	.LFB1
 2163 002c 08000000 		.4byte	.LFE1
 2164 0030 00000000 		.4byte	.LFB7
 2165 0034 1C000000 		.4byte	.LFE7
 2166 0038 00000000 		.4byte	.LFB8
 2167 003c 28010000 		.4byte	.LFE8
 2168 0040 00000000 		.4byte	0
 2169 0044 00000000 		.4byte	0
 2170              		.section	.debug_line,"",%progbits
 2171              	.Ldebug_line0:
 2172 0000 E9010000 		.section	.debug_str,"MS",%progbits,1
 2172      0200D600 
 2172      00000201 
 2172      FB0E0D00 
 2172      01010101 
 2173              	.LASF19:
 2174 0000 72656731 		.ascii	"reg16\000"
 2174      3600
 2175              	.LASF45:
 2176 0006 43794465 		.ascii	"CyDelayCycles\000"
 2176      6C617943 
 2176      79636C65 
 2176      7300
 2177              	.LASF18:
 2178 0014 72656738 		.ascii	"reg8\000"
 2178      00
 2179              	.LASF12:
 2180 0019 73697A65 		.ascii	"size_t\000"
 2180      5F7400
 2181              	.LASF33:
 2182 0020 416E616C 		.ascii	"AnalogSetDefault\000"
 2182      6F675365 
 2182      74446566 
 2182      61756C74 
 2182      00
 2183              	.LASF30:
 2184 0031 74696D65 		.ascii	"timeout\000"
 2184      6F757400 
 2185              	.LASF21:
 2186 0039 76616C75 		.ascii	"value\000"
 2186      6500
 2187              	.LASF27:
 2188 003f 636F756E 		.ascii	"count\000"
 2188      7400
 2189              	.LASF29:
 2190 0045 436C6F63 		.ascii	"ClockSetup\000"
 2190      6B536574 
 2190      757000
 2191              	.LASF6:
 2192 0050 73686F72 		.ascii	"short unsigned int\000"
 2192      7420756E 
 2192      7369676E 
 2192      65642069 
 2192      6E7400
 2193              	.LASF31:
ARM GAS  C:\Users\91819\AppData\Local\Temp\cct5vLZo.s 			page 48


 2194 0063 706C6C4C 		.ascii	"pllLock\000"
 2194      6F636B00 
 2195              	.LASF16:
 2196 006b 666C6F61 		.ascii	"float\000"
 2196      7400
 2197              	.LASF52:
 2198 0071 4379436C 		.ascii	"CyClockStartupError\000"
 2198      6F636B53 
 2198      74617274 
 2198      75704572 
 2198      726F7200 
 2199              	.LASF36:
 2200 0085 64657374 		.ascii	"dest\000"
 2200      00
 2201              	.LASF44:
 2202 008a 6366675F 		.ascii	"cfg_memset_list\000"
 2202      6D656D73 
 2202      65745F6C 
 2202      69737400 
 2203              	.LASF42:
 2204 009a 73697A65 		.ascii	"size\000"
 2204      00
 2205              	.LASF49:
 2206 009f 474E5520 		.ascii	"GNU C11 5.4.1 20160609 (release) [ARM/embedded-5-br"
 2206      43313120 
 2206      352E342E 
 2206      31203230 
 2206      31363036 
 2207 00d2 616E6368 		.ascii	"anch revision 237715] -mcpu=cortex-m3 -mthumb -g -O"
 2207      20726576 
 2207      6973696F 
 2207      6E203233 
 2207      37373135 
 2208 0105 67202D66 		.ascii	"g -ffunction-sections -ffat-lto-objects\000"
 2208      66756E63 
 2208      74696F6E 
 2208      2D736563 
 2208      74696F6E 
 2209              	.LASF8:
 2210 012d 6C6F6E67 		.ascii	"long unsigned int\000"
 2210      20756E73 
 2210      69676E65 
 2210      6420696E 
 2210      7400
 2211              	.LASF13:
 2212 013f 75696E74 		.ascii	"uint8\000"
 2212      3800
 2213              	.LASF32:
 2214 0145 43594D45 		.ascii	"CYMEMZERO\000"
 2214      4D5A4552 
 2214      4F00
 2215              	.LASF39:
 2216 014f 53657441 		.ascii	"SetAnalogRoutingPumps\000"
 2216      6E616C6F 
 2216      67526F75 
 2216      74696E67 
 2216      50756D70 
ARM GAS  C:\Users\91819\AppData\Local\Temp\cct5vLZo.s 			page 49


 2217              	.LASF4:
 2218 0165 756E7369 		.ascii	"unsigned char\000"
 2218      676E6564 
 2218      20636861 
 2218      7200
 2219              	.LASF47:
 2220 0173 6D656D73 		.ascii	"memset\000"
 2220      657400
 2221              	.LASF17:
 2222 017a 646F7562 		.ascii	"double\000"
 2222      6C6500
 2223              	.LASF28:
 2224 0181 6366675F 		.ascii	"cfg_write_bytes32\000"
 2224      77726974 
 2224      655F6279 
 2224      74657333 
 2224      3200
 2225              	.LASF40:
 2226 0193 63796669 		.ascii	"cyfitter_cfg\000"
 2226      74746572 
 2226      5F636667 
 2226      00
 2227              	.LASF24:
 2228 01a0 61646472 		.ascii	"addr_table\000"
 2228      5F746162 
 2228      6C6500
 2229              	.LASF14:
 2230 01ab 75696E74 		.ascii	"uint16\000"
 2230      313600
 2231              	.LASF25:
 2232 01b2 64617461 		.ascii	"data_table\000"
 2232      5F746162 
 2232      6C6500
 2233              	.LASF23:
 2234 01bd 6572726F 		.ascii	"errorCode\000"
 2234      72436F64 
 2234      6500
 2235              	.LASF15:
 2236 01c7 75696E74 		.ascii	"uint32\000"
 2236      333200
 2237              	.LASF0:
 2238 01ce 756E7369 		.ascii	"unsigned int\000"
 2238      676E6564 
 2238      20696E74 
 2238      00
 2239              	.LASF41:
 2240 01db 61646472 		.ascii	"address\000"
 2240      65737300 
 2241              	.LASF9:
 2242 01e3 6C6F6E67 		.ascii	"long long unsigned int\000"
 2242      206C6F6E 
 2242      6720756E 
 2242      7369676E 
 2242      65642069 
 2243              	.LASF43:
 2244 01fa 6366675F 		.ascii	"cfg_memset_t\000"
 2244      6D656D73 
ARM GAS  C:\Users\91819\AppData\Local\Temp\cct5vLZo.s 			page 50


 2244      65745F74 
 2244      00
 2245              	.LASF26:
 2246 0207 62617365 		.ascii	"baseAddr\000"
 2246      41646472 
 2246      00
 2247              	.LASF10:
 2248 0210 73697A65 		.ascii	"sizetype\000"
 2248      74797065 
 2248      00
 2249              	.LASF1:
 2250 0219 6C6F6E67 		.ascii	"long long int\000"
 2250      206C6F6E 
 2250      6720696E 
 2250      7400
 2251              	.LASF50:
 2252 0227 47656E65 		.ascii	"Generated_Source\\PSoC5\\cyfitter_cfg.c\000"
 2252      72617465 
 2252      645F536F 
 2252      75726365 
 2252      5C50536F 
 2253              	.LASF46:
 2254 024d 43794465 		.ascii	"CyDelayUs\000"
 2254      6C617955 
 2254      7300
 2255              	.LASF48:
 2256 0257 6D656D63 		.ascii	"memcpy\000"
 2256      707900
 2257              	.LASF51:
 2258 025e 433A5C55 		.ascii	"C:\\Users\\91819\\Documents\\HDA_Sem2\\EAA\\Lab\\Wo"
 2258      73657273 
 2258      5C393138 
 2258      31395C44 
 2258      6F63756D 
 2259 028a 726B7370 		.ascii	"rkspace01\\Workspace03\\electronicClock_v3.cydsn\\e"
 2259      61636530 
 2259      315C576F 
 2259      726B7370 
 2259      61636530 
 2260 02ba 6C656374 		.ascii	"lectronicClock_v3.cydsn\\electronicClock.cydsn\000"
 2260      726F6E69 
 2260      63436C6F 
 2260      636B5F76 
 2260      332E6379 
 2261              	.LASF22:
 2262 02e8 63795F63 		.ascii	"cy_cfg_addrvalue_t\000"
 2262      66675F61 
 2262      64647276 
 2262      616C7565 
 2262      5F7400
 2263              	.LASF20:
 2264 02fb 6F666673 		.ascii	"offset\000"
 2264      657400
 2265              	.LASF5:
 2266 0302 73686F72 		.ascii	"short int\000"
 2266      7420696E 
 2266      7400
ARM GAS  C:\Users\91819\AppData\Local\Temp\cct5vLZo.s 			page 51


 2267              	.LASF37:
 2268 030c 656E6162 		.ascii	"enabled\000"
 2268      6C656400 
 2269              	.LASF7:
 2270 0314 6C6F6E67 		.ascii	"long int\000"
 2270      20696E74 
 2270      00
 2271              	.LASF11:
 2272 031d 63686172 		.ascii	"char\000"
 2272      00
 2273              	.LASF2:
 2274 0322 6C6F6E67 		.ascii	"long double\000"
 2274      20646F75 
 2274      626C6500 
 2275              	.LASF34:
 2276 032e 62675F78 		.ascii	"bg_xover_inl_trim\000"
 2276      6F766572 
 2276      5F696E6C 
 2276      5F747269 
 2276      6D00
 2277              	.LASF3:
 2278 0340 7369676E 		.ascii	"signed char\000"
 2278      65642063 
 2278      68617200 
 2279              	.LASF38:
 2280 034c 72656756 		.ascii	"regValue\000"
 2280      616C7565 
 2280      00
 2281              	.LASF35:
 2282 0355 4359434F 		.ascii	"CYCONFIGCPY\000"
 2282      4E464947 
 2282      43505900 
 2283              		.ident	"GCC: (GNU Tools for ARM Embedded Processors) 5.4.1 20160609 (release) [ARM/embedded-5-bran
