ARM GAS  C:\Users\91819\AppData\Local\Temp\ccPcrfbB.s 			page 1


   1              		.syntax unified
   2              		.cpu cortex-m3
   3              		.fpu softvfp
   4              		.eabi_attribute 20, 1
   5              		.eabi_attribute 21, 1
   6              		.eabi_attribute 23, 3
   7              		.eabi_attribute 24, 1
   8              		.eabi_attribute 25, 1
   9              		.eabi_attribute 26, 1
  10              		.eabi_attribute 30, 1
  11              		.eabi_attribute 34, 1
  12              		.eabi_attribute 18, 4
  13              		.thumb
  14              		.syntax unified
  15              		.file	"cymetadata.c"
  16              		.text
  17              	.Ltext0:
  18              		.cfi_sections	.debug_frame
  19              		.global	cy_metadata
  20              		.global	cy_meta_flashprotect
  21              		.global	cy_meta_wonvl
  22              		.global	cy_meta_custnvl
  23              		.global	cy_meta_configecc
  24              		.section	.cyconfigecc,"a",%progbits
  25              		.align	2
  26              		.type	cy_meta_configecc, %object
  27              		.size	cy_meta_configecc, 3456
  28              	cy_meta_configecc:
  29 0000 01       		.byte	1
  30 0001 45       		.byte	69
  31 0002 00       		.byte	0
  32 0003 40       		.byte	64
  33 0004 02       		.byte	2
  34 0005 4F       		.byte	79
  35 0006 00       		.byte	0
  36 0007 40       		.byte	64
  37 0008 09       		.byte	9
  38 0009 52       		.byte	82
  39 000a 00       		.byte	0
  40 000b 40       		.byte	64
  41 000c 01       		.byte	1
  42 000d 5B       		.byte	91
  43 000e 00       		.byte	0
  44 000f 40       		.byte	64
  45 0010 02       		.byte	2
  46 0011 64       		.byte	100
  47 0012 00       		.byte	0
  48 0013 40       		.byte	64
  49 0014 03       		.byte	3
  50 0015 65       		.byte	101
  51 0016 00       		.byte	0
  52 0017 40       		.byte	64
  53 0018 1A       		.byte	26
  54 0019 00       		.byte	0
  55 001a 01       		.byte	1
  56 001b 40       		.byte	64
  57 001c 2A       		.byte	42
ARM GAS  C:\Users\91819\AppData\Local\Temp\ccPcrfbB.s 			page 2


  58 001d 01       		.byte	1
  59 001e 01       		.byte	1
  60 001f 40       		.byte	64
  61 0020 2D       		.byte	45
  62 0021 02       		.byte	2
  63 0022 01       		.byte	1
  64 0023 40       		.byte	64
  65 0024 42       		.byte	66
  66 0025 03       		.byte	3
  67 0026 01       		.byte	1
  68 0027 40       		.byte	64
  69 0028 2D       		.byte	45
  70 0029 04       		.byte	4
  71 002a 01       		.byte	1
  72 002b 40       		.byte	64
  73 002c 45       		.byte	69
  74 002d 05       		.byte	5
  75 002e 01       		.byte	1
  76 002f 40       		.byte	64
  77 0030 2A       		.byte	42
  78 0031 06       		.byte	6
  79 0032 01       		.byte	1
  80 0033 40       		.byte	64
  81 0034 3C       		.byte	60
  82 0035 07       		.byte	7
  83 0036 01       		.byte	1
  84 0037 40       		.byte	64
  85 0038 2D       		.byte	45
  86 0039 08       		.byte	8
  87 003a 01       		.byte	1
  88 003b 40       		.byte	64
  89 003c 49       		.byte	73
  90 003d 09       		.byte	9
  91 003e 01       		.byte	1
  92 003f 40       		.byte	64
  93 0040 3A       		.byte	58
  94 0041 0A       		.byte	10
  95 0042 01       		.byte	1
  96 0043 40       		.byte	64
  97 0044 3F       		.byte	63
  98 0045 0B       		.byte	11
  99 0046 01       		.byte	1
 100 0047 40       		.byte	64
 101 0048 21       		.byte	33
 102 0049 0C       		.byte	12
 103 004a 01       		.byte	1
 104 004b 40       		.byte	64
 105 004c 36       		.byte	54
 106 004d 0D       		.byte	13
 107 004e 01       		.byte	1
 108 004f 40       		.byte	64
 109 0050 49       		.byte	73
 110 0051 0E       		.byte	14
 111 0052 01       		.byte	1
 112 0053 40       		.byte	64
 113 0054 2E       		.byte	46
 114 0055 0F       		.byte	15
ARM GAS  C:\Users\91819\AppData\Local\Temp\ccPcrfbB.s 			page 3


 115 0056 01       		.byte	1
 116 0057 40       		.byte	64
 117 0058 33       		.byte	51
 118 0059 14       		.byte	20
 119 005a 01       		.byte	1
 120 005b 40       		.byte	64
 121 005c 3E       		.byte	62
 122 005d 15       		.byte	21
 123 005e 01       		.byte	1
 124 005f 40       		.byte	64
 125 0060 42       		.byte	66
 126 0061 16       		.byte	22
 127 0062 01       		.byte	1
 128 0063 40       		.byte	64
 129 0064 42       		.byte	66
 130 0065 17       		.byte	23
 131 0066 01       		.byte	1
 132 0067 40       		.byte	64
 133 0068 68       		.byte	104
 134 0069 18       		.byte	24
 135 006a 01       		.byte	1
 136 006b 40       		.byte	64
 137 006c 4C       		.byte	76
 138 006d 19       		.byte	25
 139 006e 01       		.byte	1
 140 006f 40       		.byte	64
 141 0070 53       		.byte	83
 142 0071 1A       		.byte	26
 143 0072 01       		.byte	1
 144 0073 40       		.byte	64
 145 0074 50       		.byte	80
 146 0075 1B       		.byte	27
 147 0076 01       		.byte	1
 148 0077 40       		.byte	64
 149 0078 0D       		.byte	13
 150 0079 40       		.byte	64
 151 007a 01       		.byte	1
 152 007b 40       		.byte	64
 153 007c 17       		.byte	23
 154 007d 41       		.byte	65
 155 007e 01       		.byte	1
 156 007f 40       		.byte	64
 157 0080 0C       		.byte	12
 158 0081 42       		.byte	66
 159 0082 01       		.byte	1
 160 0083 40       		.byte	64
 161 0084 0C       		.byte	12
 162 0085 43       		.byte	67
 163 0086 01       		.byte	1
 164 0087 40       		.byte	64
 165 0088 03       		.byte	3
 166 0089 44       		.byte	68
 167 008a 01       		.byte	1
 168 008b 40       		.byte	64
 169 008c 0C       		.byte	12
 170 008d 45       		.byte	69
 171 008e 01       		.byte	1
ARM GAS  C:\Users\91819\AppData\Local\Temp\ccPcrfbB.s 			page 4


 172 008f 40       		.byte	64
 173 0090 09       		.byte	9
 174 0091 46       		.byte	70
 175 0092 01       		.byte	1
 176 0093 40       		.byte	64
 177 0094 10       		.byte	16
 178 0095 47       		.byte	71
 179 0096 01       		.byte	1
 180 0097 40       		.byte	64
 181 0098 06       		.byte	6
 182 0099 48       		.byte	72
 183 009a 01       		.byte	1
 184 009b 40       		.byte	64
 185 009c 02       		.byte	2
 186 009d 49       		.byte	73
 187 009e 01       		.byte	1
 188 009f 40       		.byte	64
 189 00a0 1A       		.byte	26
 190 00a1 4C       		.byte	76
 191 00a2 01       		.byte	1
 192 00a3 40       		.byte	64
 193 00a4 0E       		.byte	14
 194 00a5 4D       		.byte	77
 195 00a6 01       		.byte	1
 196 00a7 40       		.byte	64
 197 00a8 0D       		.byte	13
 198 00a9 50       		.byte	80
 199 00aa 01       		.byte	1
 200 00ab 40       		.byte	64
 201 00ac 03       		.byte	3
 202 00ad 51       		.byte	81
 203 00ae 01       		.byte	1
 204 00af 40       		.byte	64
 205 00b0 7E       		.byte	126
 206 00b1 02       		.byte	2
 207 00b2 01       		.byte	1
 208 00b3 40       		.byte	64
 209 00b4 0A       		.byte	10
 210 00b5 1B       		.byte	27
 211 00b6 00       		.byte	0
 212 00b7 01       		.byte	1
 213 00b8 01       		.byte	1
 214 00b9 01       		.byte	1
 215 00ba 08       		.byte	8
 216 00bb 9A       		.byte	-102
 217 00bc 09       		.byte	9
 218 00bd 39       		.byte	57
 219 00be 10       		.byte	16
 220 00bf 30       		.byte	48
 221 00c0 11       		.byte	17
 222 00c1 18       		.byte	24
 223 00c2 60       		.byte	96
 224 00c3 80       		.byte	-128
 225 00c4 61       		.byte	97
 226 00c5 94       		.byte	-108
 227 00c6 7C       		.byte	124
 228 00c7 40       		.byte	64
ARM GAS  C:\Users\91819\AppData\Local\Temp\ccPcrfbB.s 			page 5


 229 00c8 27       		.byte	39
 230 00c9 84       		.byte	-124
 231 00ca 84       		.byte	-124
 232 00cb 01       		.byte	1
 233 00cc 8F       		.byte	-113
 234 00cd 0F       		.byte	15
 235 00ce 87       		.byte	-121
 236 00cf 0F       		.byte	15
 237 00d0 88       		.byte	-120
 238 00d1 72       		.byte	114
 239 00d2 8B       		.byte	-117
 240 00d3 38       		.byte	56
 241 00d4 03       		.byte	3
 242 00d5 02       		.byte	2
 243 00d6 05       		.byte	5
 244 00d7 04       		.byte	4
 245 00d8 06       		.byte	6
 246 00d9 02       		.byte	2
 247 00da 0D       		.byte	13
 248 00db 08       		.byte	8
 249 00dc 15       		.byte	21
 250 00dd 02       		.byte	2
 251 00de 1B       		.byte	27
 252 00df 08       		.byte	8
 253 00e0 1F       		.byte	31
 254 00e1 04       		.byte	4
 255 00e2 23       		.byte	35
 256 00e3 10       		.byte	16
 257 00e4 26       		.byte	38
 258 00e5 01       		.byte	1
 259 00e6 2B       		.byte	43
 260 00e7 01       		.byte	1
 261 00e8 2D       		.byte	45
 262 00e9 01       		.byte	1
 263 00ea 2E       		.byte	46
 264 00eb 04       		.byte	4
 265 00ec 30       		.byte	48
 266 00ed 02       		.byte	2
 267 00ee 32       		.byte	50
 268 00ef 04       		.byte	4
 269 00f0 33       		.byte	51
 270 00f1 1F       		.byte	31
 271 00f2 36       		.byte	54
 272 00f3 01       		.byte	1
 273 00f4 39       		.byte	57
 274 00f5 08       		.byte	8
 275 00f6 3F       		.byte	63
 276 00f7 04       		.byte	4
 277 00f8 58       		.byte	88
 278 00f9 04       		.byte	4
 279 00fa 59       		.byte	89
 280 00fb 04       		.byte	4
 281 00fc 5C       		.byte	92
 282 00fd 22       		.byte	34
 283 00fe 5F       		.byte	95
 284 00ff 01       		.byte	1
 285 0100 D8       		.byte	-40
ARM GAS  C:\Users\91819\AppData\Local\Temp\ccPcrfbB.s 			page 6


 286 0101 04       		.byte	4
 287 0102 D9       		.byte	-39
 288 0103 04       		.byte	4
 289 0104 DC       		.byte	-36
 290 0105 22       		.byte	34
 291 0106 DF       		.byte	-33
 292 0107 01       		.byte	1
 293 0108 00       		.byte	0
 294 0109 40       		.byte	64
 295 010a 02       		.byte	2
 296 010b 08       		.byte	8
 297 010c 03       		.byte	3
 298 010d 1C       		.byte	28
 299 010e 04       		.byte	4
 300 010f 80       		.byte	-128
 301 0110 05       		.byte	5
 302 0111 04       		.byte	4
 303 0112 06       		.byte	6
 304 0113 04       		.byte	4
 305 0114 08       		.byte	8
 306 0115 01       		.byte	1
 307 0116 0A       		.byte	10
 308 0117 18       		.byte	24
 309 0118 0C       		.byte	12
 310 0119 01       		.byte	1
 311 011a 0F       		.byte	15
 312 011b 10       		.byte	16
 313 011c 12       		.byte	18
 314 011d 15       		.byte	21
 315 011e 13       		.byte	19
 316 011f 02       		.byte	2
 317 0120 14       		.byte	20
 318 0121 10       		.byte	16
 319 0122 15       		.byte	21
 320 0123 02       		.byte	2
 321 0124 17       		.byte	23
 322 0125 07       		.byte	7
 323 0126 18       		.byte	24
 324 0127 C0       		.byte	-64
 325 0128 19       		.byte	25
 326 0129 44       		.byte	68
 327 012a 1A       		.byte	26
 328 012b 50       		.byte	80
 329 012c 21       		.byte	33
 330 012d 08       		.byte	8
 331 012e 22       		.byte	34
 332 012f 04       		.byte	4
 333 0130 23       		.byte	35
 334 0131 10       		.byte	16
 335 0132 28       		.byte	40
 336 0133 51       		.byte	81
 337 0134 29       		.byte	41
 338 0135 50       		.byte	80
 339 0136 2A       		.byte	42
 340 0137 10       		.byte	16
 341 0138 2F       		.byte	47
 342 0139 08       		.byte	8
ARM GAS  C:\Users\91819\AppData\Local\Temp\ccPcrfbB.s 			page 7


 343 013a 31       		.byte	49
 344 013b 04       		.byte	4
 345 013c 33       		.byte	51
 346 013d 51       		.byte	81
 347 013e 35       		.byte	53
 348 013f 44       		.byte	68
 349 0140 37       		.byte	55
 350 0141 02       		.byte	2
 351 0142 38       		.byte	56
 352 0143 84       		.byte	-124
 353 0144 3A       		.byte	58
 354 0145 07       		.byte	7
 355 0146 3B       		.byte	59
 356 0147 10       		.byte	16
 357 0148 3C       		.byte	60
 358 0149 04       		.byte	4
 359 014a 3E       		.byte	62
 360 014b 40       		.byte	64
 361 014c 3F       		.byte	63
 362 014d 10       		.byte	16
 363 014e 86       		.byte	-122
 364 014f 20       		.byte	32
 365 0150 C0       		.byte	-64
 366 0151 E7       		.byte	-25
 367 0152 C2       		.byte	-62
 368 0153 3E       		.byte	62
 369 0154 C4       		.byte	-60
 370 0155 3F       		.byte	63
 371 0156 CA       		.byte	-54
 372 0157 2F       		.byte	47
 373 0158 CC       		.byte	-52
 374 0159 DF       		.byte	-33
 375 015a CE       		.byte	-50
 376 015b 7F       		.byte	127
 377 015c 04       		.byte	4
 378 015d 03       		.byte	3
 379 015e 0C       		.byte	12
 380 015f 03       		.byte	3
 381 0160 10       		.byte	16
 382 0161 03       		.byte	3
 383 0162 11       		.byte	17
 384 0163 01       		.byte	1
 385 0164 16       		.byte	22
 386 0165 03       		.byte	3
 387 0166 18       		.byte	24
 388 0167 01       		.byte	1
 389 0168 1A       		.byte	26
 390 0169 02       		.byte	2
 391 016a 28       		.byte	40
 392 016b 03       		.byte	3
 393 016c 29       		.byte	41
 394 016d 01       		.byte	1
 395 016e 2C       		.byte	44
 396 016f 03       		.byte	3
 397 0170 30       		.byte	48
 398 0171 01       		.byte	1
 399 0172 35       		.byte	53
ARM GAS  C:\Users\91819\AppData\Local\Temp\ccPcrfbB.s 			page 8


 400 0173 01       		.byte	1
 401 0174 36       		.byte	54
 402 0175 02       		.byte	2
 403 0176 39       		.byte	57
 404 0177 20       		.byte	32
 405 0178 3F       		.byte	63
 406 0179 10       		.byte	16
 407 017a 58       		.byte	88
 408 017b 04       		.byte	4
 409 017c 59       		.byte	89
 410 017d 04       		.byte	4
 411 017e 5C       		.byte	92
 412 017f 22       		.byte	34
 413 0180 5F       		.byte	95
 414 0181 01       		.byte	1
 415 0182 81       		.byte	-127
 416 0183 02       		.byte	2
 417 0184 86       		.byte	-122
 418 0185 02       		.byte	2
 419 0186 87       		.byte	-121
 420 0187 04       		.byte	4
 421 0188 89       		.byte	-119
 422 0189 20       		.byte	32
 423 018a 8B       		.byte	-117
 424 018b 10       		.byte	16
 425 018c 8F       		.byte	-113
 426 018d 08       		.byte	8
 427 018e 91       		.byte	-111
 428 018f 80       		.byte	-128
 429 0190 93       		.byte	-109
 430 0191 40       		.byte	64
 431 0192 95       		.byte	-107
 432 0193 40       		.byte	64
 433 0194 97       		.byte	-105
 434 0195 80       		.byte	-128
 435 0196 99       		.byte	-103
 436 0197 08       		.byte	8
 437 0198 9D       		.byte	-99
 438 0199 04       		.byte	4
 439 019a A1       		.byte	-95
 440 019b 10       		.byte	16
 441 019c A3       		.byte	-93
 442 019d 20       		.byte	32
 443 019e A7       		.byte	-89
 444 019f 02       		.byte	2
 445 01a0 A9       		.byte	-87
 446 01a1 01       		.byte	1
 447 01a2 AE       		.byte	-82
 448 01a3 01       		.byte	1
 449 01a4 AF       		.byte	-81
 450 01a5 01       		.byte	1
 451 01a6 B1       		.byte	-79
 452 01a7 FF       		.byte	-1
 453 01a8 B4       		.byte	-76
 454 01a9 01       		.byte	1
 455 01aa B6       		.byte	-74
 456 01ab 02       		.byte	2
ARM GAS  C:\Users\91819\AppData\Local\Temp\ccPcrfbB.s 			page 9


 457 01ac BF       		.byte	-65
 458 01ad 01       		.byte	1
 459 01ae D8       		.byte	-40
 460 01af 04       		.byte	4
 461 01b0 D9       		.byte	-39
 462 01b1 04       		.byte	4
 463 01b2 DC       		.byte	-36
 464 01b3 02       		.byte	2
 465 01b4 DF       		.byte	-33
 466 01b5 01       		.byte	1
 467 01b6 00       		.byte	0
 468 01b7 40       		.byte	64
 469 01b8 02       		.byte	2
 470 01b9 10       		.byte	16
 471 01ba 03       		.byte	3
 472 01bb 80       		.byte	-128
 473 01bc 04       		.byte	4
 474 01bd 80       		.byte	-128
 475 01be 05       		.byte	5
 476 01bf 04       		.byte	4
 477 01c0 08       		.byte	8
 478 01c1 01       		.byte	1
 479 01c2 0A       		.byte	10
 480 01c3 08       		.byte	8
 481 01c4 0B       		.byte	11
 482 01c5 10       		.byte	16
 483 01c6 0E       		.byte	14
 484 01c7 04       		.byte	4
 485 01c8 0F       		.byte	15
 486 01c9 90       		.byte	-112
 487 01ca 10       		.byte	16
 488 01cb 12       		.byte	18
 489 01cc 12       		.byte	18
 490 01cd 04       		.byte	4
 491 01ce 14       		.byte	20
 492 01cf 01       		.byte	1
 493 01d0 16       		.byte	22
 494 01d1 04       		.byte	4
 495 01d2 1A       		.byte	26
 496 01d3 0C       		.byte	12
 497 01d4 1B       		.byte	27
 498 01d5 C0       		.byte	-64
 499 01d6 1E       		.byte	30
 500 01d7 40       		.byte	64
 501 01d8 1F       		.byte	31
 502 01d9 40       		.byte	64
 503 01da 21       		.byte	33
 504 01db 02       		.byte	2
 505 01dc 26       		.byte	38
 506 01dd 20       		.byte	32
 507 01de 28       		.byte	40
 508 01df 11       		.byte	17
 509 01e0 29       		.byte	41
 510 01e1 54       		.byte	84
 511 01e2 2B       		.byte	43
 512 01e3 40       		.byte	64
 513 01e4 2E       		.byte	46
ARM GAS  C:\Users\91819\AppData\Local\Temp\ccPcrfbB.s 			page 10


 514 01e5 04       		.byte	4
 515 01e6 2F       		.byte	47
 516 01e7 88       		.byte	-120
 517 01e8 30       		.byte	48
 518 01e9 02       		.byte	2
 519 01ea 32       		.byte	50
 520 01eb 0C       		.byte	12
 521 01ec 33       		.byte	51
 522 01ed 50       		.byte	80
 523 01ee 34       		.byte	52
 524 01ef 02       		.byte	2
 525 01f0 35       		.byte	53
 526 01f1 44       		.byte	68
 527 01f2 38       		.byte	56
 528 01f3 C4       		.byte	-60
 529 01f4 39       		.byte	57
 530 01f5 20       		.byte	32
 531 01f6 3A       		.byte	58
 532 01f7 96       		.byte	-106
 533 01f8 3C       		.byte	60
 534 01f9 04       		.byte	4
 535 01fa 3E       		.byte	62
 536 01fb 80       		.byte	-128
 537 01fc 3F       		.byte	63
 538 01fd 10       		.byte	16
 539 01fe 44       		.byte	68
 540 01ff 40       		.byte	64
 541 0200 45       		.byte	69
 542 0201 02       		.byte	2
 543 0202 62       		.byte	98
 544 0203 03       		.byte	3
 545 0204 79       		.byte	121
 546 0205 02       		.byte	2
 547 0206 7B       		.byte	123
 548 0207 40       		.byte	64
 549 0208 80       		.byte	-128
 550 0209 80       		.byte	-128
 551 020a 88       		.byte	-120
 552 020b 02       		.byte	2
 553 020c 8C       		.byte	-116
 554 020d 04       		.byte	4
 555 020e 90       		.byte	-112
 556 020f 80       		.byte	-128
 557 0210 93       		.byte	-109
 558 0211 10       		.byte	16
 559 0212 94       		.byte	-108
 560 0213 04       		.byte	4
 561 0214 95       		.byte	-107
 562 0215 02       		.byte	2
 563 0216 99       		.byte	-103
 564 0217 44       		.byte	68
 565 0218 9C       		.byte	-100
 566 0219 40       		.byte	64
 567 021a 9D       		.byte	-99
 568 021b 10       		.byte	16
 569 021c 9E       		.byte	-98
 570 021d 02       		.byte	2
ARM GAS  C:\Users\91819\AppData\Local\Temp\ccPcrfbB.s 			page 11


 571 021e 9F       		.byte	-97
 572 021f 50       		.byte	80
 573 0220 A2       		.byte	-94
 574 0221 02       		.byte	2
 575 0222 A6       		.byte	-90
 576 0223 28       		.byte	40
 577 0224 B1       		.byte	-79
 578 0225 08       		.byte	8
 579 0226 B2       		.byte	-78
 580 0227 02       		.byte	2
 581 0228 C0       		.byte	-64
 582 0229 AD       		.byte	-83
 583 022a C2       		.byte	-62
 584 022b 7E       		.byte	126
 585 022c C4       		.byte	-60
 586 022d C7       		.byte	-57
 587 022e CA       		.byte	-54
 588 022f EF       		.byte	-17
 589 0230 CC       		.byte	-52
 590 0231 DF       		.byte	-33
 591 0232 CE       		.byte	-50
 592 0233 7F       		.byte	127
 593 0234 E0       		.byte	-32
 594 0235 20       		.byte	32
 595 0236 E6       		.byte	-26
 596 0237 04       		.byte	4
 597 0238 EE       		.byte	-18
 598 0239 02       		.byte	2
 599 023a 19       		.byte	25
 600 023b 01       		.byte	1
 601 023c 22       		.byte	34
 602 023d 01       		.byte	1
 603 023e 2D       		.byte	45
 604 023f 01       		.byte	1
 605 0240 31       		.byte	49
 606 0241 01       		.byte	1
 607 0242 34       		.byte	52
 608 0243 01       		.byte	1
 609 0244 39       		.byte	57
 610 0245 02       		.byte	2
 611 0246 3F       		.byte	63
 612 0247 01       		.byte	1
 613 0248 56       		.byte	86
 614 0249 02       		.byte	2
 615 024a 57       		.byte	87
 616 024b 3D       		.byte	61
 617 024c 58       		.byte	88
 618 024d 04       		.byte	4
 619 024e 59       		.byte	89
 620 024f 04       		.byte	4
 621 0250 5B       		.byte	91
 622 0251 0C       		.byte	12
 623 0252 5C       		.byte	92
 624 0253 22       		.byte	34
 625 0254 5D       		.byte	93
 626 0255 20       		.byte	32
 627 0256 5F       		.byte	95
ARM GAS  C:\Users\91819\AppData\Local\Temp\ccPcrfbB.s 			page 12


 628 0257 01       		.byte	1
 629 0258 8E       		.byte	-114
 630 0259 02       		.byte	2
 631 025a 9E       		.byte	-98
 632 025b 02       		.byte	2
 633 025c AE       		.byte	-82
 634 025d 01       		.byte	1
 635 025e B0       		.byte	-80
 636 025f 01       		.byte	1
 637 0260 B2       		.byte	-78
 638 0261 02       		.byte	2
 639 0262 C0       		.byte	-64
 640 0263 40       		.byte	64
 641 0264 C1       		.byte	-63
 642 0265 03       		.byte	3
 643 0266 C9       		.byte	-55
 644 0267 FF       		.byte	-1
 645 0268 CA       		.byte	-54
 646 0269 FF       		.byte	-1
 647 026a CB       		.byte	-53
 648 026b FF       		.byte	-1
 649 026c CD       		.byte	-51
 650 026d A0       		.byte	-96
 651 026e CF       		.byte	-49
 652 026f 04       		.byte	4
 653 0270 D0       		.byte	-48
 654 0271 18       		.byte	24
 655 0272 D2       		.byte	-46
 656 0273 80       		.byte	-128
 657 0274 D8       		.byte	-40
 658 0275 04       		.byte	4
 659 0276 D9       		.byte	-39
 660 0277 04       		.byte	4
 661 0278 DA       		.byte	-38
 662 0279 04       		.byte	4
 663 027a DB       		.byte	-37
 664 027b 04       		.byte	4
 665 027c DC       		.byte	-36
 666 027d 21       		.byte	33
 667 027e DD       		.byte	-35
 668 027f 11       		.byte	17
 669 0280 DF       		.byte	-33
 670 0281 01       		.byte	1
 671 0282 E0       		.byte	-32
 672 0283 40       		.byte	64
 673 0284 E2       		.byte	-30
 674 0285 C0       		.byte	-64
 675 0286 E4       		.byte	-28
 676 0287 40       		.byte	64
 677 0288 E5       		.byte	-27
 678 0289 40       		.byte	64
 679 028a E6       		.byte	-26
 680 028b C0       		.byte	-64
 681 028c E8       		.byte	-24
 682 028d C0       		.byte	-64
 683 028e EA       		.byte	-22
 684 028f C0       		.byte	-64
ARM GAS  C:\Users\91819\AppData\Local\Temp\ccPcrfbB.s 			page 13


 685 0290 EC       		.byte	-20
 686 0291 C0       		.byte	-64
 687 0292 EE       		.byte	-18
 688 0293 C0       		.byte	-64
 689 0294 00       		.byte	0
 690 0295 04       		.byte	4
 691 0296 01       		.byte	1
 692 0297 80       		.byte	-128
 693 0298 04       		.byte	4
 694 0299 40       		.byte	64
 695 029a 08       		.byte	8
 696 029b 01       		.byte	1
 697 029c 09       		.byte	9
 698 029d 40       		.byte	64
 699 029e 0A       		.byte	10
 700 029f 0A       		.byte	10
 701 02a0 0F       		.byte	15
 702 02a1 02       		.byte	2
 703 02a2 10       		.byte	16
 704 02a3 04       		.byte	4
 705 02a4 11       		.byte	17
 706 02a5 01       		.byte	1
 707 02a6 12       		.byte	18
 708 02a7 01       		.byte	1
 709 02a8 17       		.byte	23
 710 02a9 80       		.byte	-128
 711 02aa 18       		.byte	24
 712 02ab 04       		.byte	4
 713 02ac 1B       		.byte	27
 714 02ad 20       		.byte	32
 715 02ae 1C       		.byte	28
 716 02af 40       		.byte	64
 717 02b0 1D       		.byte	29
 718 02b1 02       		.byte	2
 719 02b2 1E       		.byte	30
 720 02b3 20       		.byte	32
 721 02b4 22       		.byte	34
 722 02b5 02       		.byte	2
 723 02b6 28       		.byte	40
 724 02b7 02       		.byte	2
 725 02b8 29       		.byte	41
 726 02b9 04       		.byte	4
 727 02ba 2A       		.byte	42
 728 02bb 01       		.byte	1
 729 02bc 2B       		.byte	43
 730 02bd 80       		.byte	-128
 731 02be 2D       		.byte	45
 732 02bf 80       		.byte	-128
 733 02c0 2E       		.byte	46
 734 02c1 80       		.byte	-128
 735 02c2 2F       		.byte	47
 736 02c3 A8       		.byte	-88
 737 02c4 31       		.byte	49
 738 02c5 40       		.byte	64
 739 02c6 32       		.byte	50
 740 02c7 15       		.byte	21
 741 02c8 33       		.byte	51
ARM GAS  C:\Users\91819\AppData\Local\Temp\ccPcrfbB.s 			page 14


 742 02c9 08       		.byte	8
 743 02ca 35       		.byte	53
 744 02cb 44       		.byte	68
 745 02cc 38       		.byte	56
 746 02cd 04       		.byte	4
 747 02ce 3A       		.byte	58
 748 02cf 80       		.byte	-128
 749 02d0 3D       		.byte	61
 750 02d1 80       		.byte	-128
 751 02d2 3F       		.byte	63
 752 02d3 80       		.byte	-128
 753 02d4 45       		.byte	69
 754 02d5 02       		.byte	2
 755 02d6 46       		.byte	70
 756 02d7 20       		.byte	32
 757 02d8 5A       		.byte	90
 758 02d9 20       		.byte	32
 759 02da 62       		.byte	98
 760 02db 02       		.byte	2
 761 02dc 68       		.byte	104
 762 02dd 02       		.byte	2
 763 02de 69       		.byte	105
 764 02df 21       		.byte	33
 765 02e0 6B       		.byte	107
 766 02e1 50       		.byte	80
 767 02e2 71       		.byte	113
 768 02e3 10       		.byte	16
 769 02e4 72       		.byte	114
 770 02e5 02       		.byte	2
 771 02e6 77       		.byte	119
 772 02e7 80       		.byte	-128
 773 02e8 79       		.byte	121
 774 02e9 40       		.byte	64
 775 02ea 8A       		.byte	-118
 776 02eb 10       		.byte	16
 777 02ec 92       		.byte	-110
 778 02ed 08       		.byte	8
 779 02ee 94       		.byte	-108
 780 02ef 04       		.byte	4
 781 02f0 95       		.byte	-107
 782 02f1 20       		.byte	32
 783 02f2 98       		.byte	-104
 784 02f3 81       		.byte	-127
 785 02f4 99       		.byte	-103
 786 02f5 44       		.byte	68
 787 02f6 9A       		.byte	-102
 788 02f7 81       		.byte	-127
 789 02f8 9D       		.byte	-99
 790 02f9 10       		.byte	16
 791 02fa 9E       		.byte	-98
 792 02fb 02       		.byte	2
 793 02fc 9F       		.byte	-97
 794 02fd 50       		.byte	80
 795 02fe A3       		.byte	-93
 796 02ff 40       		.byte	64
 797 0300 A4       		.byte	-92
 798 0301 02       		.byte	2
ARM GAS  C:\Users\91819\AppData\Local\Temp\ccPcrfbB.s 			page 15


 799 0302 AA       		.byte	-86
 800 0303 40       		.byte	64
 801 0304 AF       		.byte	-81
 802 0305 08       		.byte	8
 803 0306 B3       		.byte	-77
 804 0307 40       		.byte	64
 805 0308 C0       		.byte	-64
 806 0309 85       		.byte	-123
 807 030a C2       		.byte	-62
 808 030b 8B       		.byte	-117
 809 030c C4       		.byte	-60
 810 030d 8B       		.byte	-117
 811 030e CA       		.byte	-54
 812 030f FB       		.byte	-5
 813 0310 CC       		.byte	-52
 814 0311 5F       		.byte	95
 815 0312 CE       		.byte	-50
 816 0313 1A       		.byte	26
 817 0314 D0       		.byte	-48
 818 0315 C0       		.byte	-64
 819 0316 D6       		.byte	-42
 820 0317 04       		.byte	4
 821 0318 D8       		.byte	-40
 822 0319 01       		.byte	1
 823 031a DE       		.byte	-34
 824 031b 08       		.byte	8
 825 031c EE       		.byte	-18
 826 031d 80       		.byte	-128
 827 031e 40       		.byte	64
 828 031f 40       		.byte	64
 829 0320 41       		.byte	65
 830 0321 03       		.byte	3
 831 0322 46       		.byte	70
 832 0323 20       		.byte	32
 833 0324 47       		.byte	71
 834 0325 10       		.byte	16
 835 0326 48       		.byte	72
 836 0327 28       		.byte	40
 837 0328 49       		.byte	73
 838 0329 FF       		.byte	-1
 839 032a 4A       		.byte	74
 840 032b FF       		.byte	-1
 841 032c 4B       		.byte	75
 842 032d FF       		.byte	-1
 843 032e 4D       		.byte	77
 844 032f AF       		.byte	-81
 845 0330 4E       		.byte	78
 846 0331 0F       		.byte	15
 847 0332 4F       		.byte	79
 848 0333 04       		.byte	4
 849 0334 50       		.byte	80
 850 0335 18       		.byte	24
 851 0336 58       		.byte	88
 852 0337 04       		.byte	4
 853 0338 59       		.byte	89
 854 0339 04       		.byte	4
 855 033a 5A       		.byte	90
ARM GAS  C:\Users\91819\AppData\Local\Temp\ccPcrfbB.s 			page 16


 856 033b 04       		.byte	4
 857 033c 5C       		.byte	92
 858 033d 22       		.byte	34
 859 033e 5D       		.byte	93
 860 033f 01       		.byte	1
 861 0340 5F       		.byte	95
 862 0341 01       		.byte	1
 863 0342 60       		.byte	96
 864 0343 40       		.byte	64
 865 0344 62       		.byte	98
 866 0345 C0       		.byte	-64
 867 0346 64       		.byte	100
 868 0347 40       		.byte	64
 869 0348 65       		.byte	101
 870 0349 40       		.byte	64
 871 034a 66       		.byte	102
 872 034b C0       		.byte	-64
 873 034c 68       		.byte	104
 874 034d C0       		.byte	-64
 875 034e 6A       		.byte	106
 876 034f C0       		.byte	-64
 877 0350 6C       		.byte	108
 878 0351 C0       		.byte	-64
 879 0352 6E       		.byte	110
 880 0353 C0       		.byte	-64
 881 0354 8D       		.byte	-115
 882 0355 01       		.byte	1
 883 0356 97       		.byte	-105
 884 0357 01       		.byte	1
 885 0358 9F       		.byte	-97
 886 0359 01       		.byte	1
 887 035a A7       		.byte	-89
 888 035b 01       		.byte	1
 889 035c A9       		.byte	-87
 890 035d 01       		.byte	1
 891 035e B1       		.byte	-79
 892 035f 01       		.byte	1
 893 0360 BF       		.byte	-65
 894 0361 01       		.byte	1
 895 0362 D2       		.byte	-46
 896 0363 03       		.byte	3
 897 0364 D3       		.byte	-45
 898 0365 02       		.byte	2
 899 0366 D8       		.byte	-40
 900 0367 04       		.byte	4
 901 0368 D9       		.byte	-39
 902 0369 04       		.byte	4
 903 036a DB       		.byte	-37
 904 036b 04       		.byte	4
 905 036c DC       		.byte	-36
 906 036d 22       		.byte	34
 907 036e DD       		.byte	-35
 908 036f 20       		.byte	32
 909 0370 DF       		.byte	-33
 910 0371 01       		.byte	1
 911 0372 01       		.byte	1
 912 0373 80       		.byte	-128
ARM GAS  C:\Users\91819\AppData\Local\Temp\ccPcrfbB.s 			page 17


 913 0374 03       		.byte	3
 914 0375 30       		.byte	48
 915 0376 06       		.byte	6
 916 0377 80       		.byte	-128
 917 0378 07       		.byte	7
 918 0379 10       		.byte	16
 919 037a 08       		.byte	8
 920 037b 41       		.byte	65
 921 037c 0A       		.byte	10
 922 037d 08       		.byte	8
 923 037e 0B       		.byte	11
 924 037f 0C       		.byte	12
 925 0380 0C       		.byte	12
 926 0381 01       		.byte	1
 927 0382 0F       		.byte	15
 928 0383 04       		.byte	4
 929 0384 10       		.byte	16
 930 0385 04       		.byte	4
 931 0386 12       		.byte	18
 932 0387 01       		.byte	1
 933 0388 14       		.byte	20
 934 0389 50       		.byte	80
 935 038a 16       		.byte	22
 936 038b 01       		.byte	1
 937 038c 17       		.byte	23
 938 038d 04       		.byte	4
 939 038e 23       		.byte	35
 940 038f 80       		.byte	-128
 941 0390 28       		.byte	40
 942 0391 40       		.byte	64
 943 0392 29       		.byte	41
 944 0393 90       		.byte	-112
 945 0394 2A       		.byte	42
 946 0395 84       		.byte	-124
 947 0396 2B       		.byte	43
 948 0397 40       		.byte	64
 949 0398 2E       		.byte	46
 950 0399 02       		.byte	2
 951 039a 2F       		.byte	47
 952 039b 34       		.byte	52
 953 039c 30       		.byte	48
 954 039d 19       		.byte	25
 955 039e 31       		.byte	49
 956 039f 80       		.byte	-128
 957 03a0 34       		.byte	52
 958 03a1 45       		.byte	69
 959 03a2 35       		.byte	53
 960 03a3 04       		.byte	4
 961 03a4 37       		.byte	55
 962 03a5 04       		.byte	4
 963 03a6 38       		.byte	56
 964 03a7 80       		.byte	-128
 965 03a8 3A       		.byte	58
 966 03a9 01       		.byte	1
 967 03aa 3B       		.byte	59
 968 03ab 28       		.byte	40
 969 03ac 3E       		.byte	62
ARM GAS  C:\Users\91819\AppData\Local\Temp\ccPcrfbB.s 			page 18


 970 03ad 80       		.byte	-128
 971 03ae 45       		.byte	69
 972 03af 02       		.byte	2
 973 03b0 46       		.byte	70
 974 03b1 23       		.byte	35
 975 03b2 56       		.byte	86
 976 03b3 20       		.byte	32
 977 03b4 57       		.byte	87
 978 03b5 01       		.byte	1
 979 03b6 69       		.byte	105
 980 03b7 40       		.byte	64
 981 03b8 6A       		.byte	106
 982 03b9 20       		.byte	32
 983 03ba 92       		.byte	-110
 984 03bb 08       		.byte	8
 985 03bc 95       		.byte	-107
 986 03bd 40       		.byte	64
 987 03be 96       		.byte	-106
 988 03bf 20       		.byte	32
 989 03c0 98       		.byte	-104
 990 03c1 81       		.byte	-127
 991 03c2 99       		.byte	-103
 992 03c3 04       		.byte	4
 993 03c4 9A       		.byte	-102
 994 03c5 81       		.byte	-127
 995 03c6 9C       		.byte	-100
 996 03c7 04       		.byte	4
 997 03c8 9E       		.byte	-98
 998 03c9 20       		.byte	32
 999 03ca A1       		.byte	-95
 1000 03cb 02       		.byte	2
 1001 03cc A3       		.byte	-93
 1002 03cd 60       		.byte	96
 1003 03ce A7       		.byte	-89
 1004 03cf 01       		.byte	1
 1005 03d0 AD       		.byte	-83
 1006 03d1 40       		.byte	64
 1007 03d2 B4       		.byte	-76
 1008 03d3 02       		.byte	2
 1009 03d4 C0       		.byte	-64
 1010 03d5 35       		.byte	53
 1011 03d6 C2       		.byte	-62
 1012 03d7 5B       		.byte	91
 1013 03d8 C4       		.byte	-60
 1014 03d9 B3       		.byte	-77
 1015 03da CA       		.byte	-54
 1016 03db EF       		.byte	-17
 1017 03dc CC       		.byte	-52
 1018 03dd DF       		.byte	-33
 1019 03de CE       		.byte	-50
 1020 03df 1F       		.byte	31
 1021 03e0 D0       		.byte	-48
 1022 03e1 C0       		.byte	-64
 1023 03e2 E2       		.byte	-30
 1024 03e3 01       		.byte	1
 1025 03e4 E4       		.byte	-28
 1026 03e5 10       		.byte	16
ARM GAS  C:\Users\91819\AppData\Local\Temp\ccPcrfbB.s 			page 19


 1027 03e6 EC       		.byte	-20
 1028 03e7 08       		.byte	8
 1029 03e8 EE       		.byte	-18
 1030 03e9 04       		.byte	4
 1031 03ea 05       		.byte	5
 1032 03eb 02       		.byte	2
 1033 03ec 09       		.byte	9
 1034 03ed 21       		.byte	33
 1035 03ee 0B       		.byte	11
 1036 03ef D8       		.byte	-40
 1037 03f0 0D       		.byte	13
 1038 03f1 38       		.byte	56
 1039 03f2 0E       		.byte	14
 1040 03f3 01       		.byte	1
 1041 03f4 0F       		.byte	15
 1042 03f5 C0       		.byte	-64
 1043 03f6 10       		.byte	16
 1044 03f7 02       		.byte	2
 1045 03f8 11       		.byte	17
 1046 03f9 9A       		.byte	-102
 1047 03fa 15       		.byte	21
 1048 03fb 13       		.byte	19
 1049 03fc 17       		.byte	23
 1050 03fd 64       		.byte	100
 1051 03fe 19       		.byte	25
 1052 03ff 98       		.byte	-104
 1053 0400 1A       		.byte	26
 1054 0401 01       		.byte	1
 1055 0402 1B       		.byte	27
 1056 0403 02       		.byte	2
 1057 0404 1D       		.byte	29
 1058 0405 9A       		.byte	-102
 1059 0406 1E       		.byte	30
 1060 0407 02       		.byte	2
 1061 0408 21       		.byte	33
 1062 0409 FC       		.byte	-4
 1063 040a 23       		.byte	35
 1064 040b 03       		.byte	3
 1065 040c 24       		.byte	36
 1066 040d 02       		.byte	2
 1067 040e 29       		.byte	41
 1068 040f 02       		.byte	2
 1069 0410 2A       		.byte	42
 1070 0411 02       		.byte	2
 1071 0412 2B       		.byte	43
 1072 0413 98       		.byte	-104
 1073 0414 2D       		.byte	45
 1074 0415 98       		.byte	-104
 1075 0416 2F       		.byte	47
 1076 0417 02       		.byte	2
 1077 0418 32       		.byte	50
 1078 0419 01       		.byte	1
 1079 041a 33       		.byte	51
 1080 041b 13       		.byte	19
 1081 041c 35       		.byte	53
 1082 041d 0F       		.byte	15
 1083 041e 36       		.byte	54
ARM GAS  C:\Users\91819\AppData\Local\Temp\ccPcrfbB.s 			page 20


 1084 041f 02       		.byte	2
 1085 0420 37       		.byte	55
 1086 0421 E0       		.byte	-32
 1087 0422 38       		.byte	56
 1088 0423 80       		.byte	-128
 1089 0424 39       		.byte	57
 1090 0425 02       		.byte	2
 1091 0426 3A       		.byte	58
 1092 0427 02       		.byte	2
 1093 0428 3B       		.byte	59
 1094 0429 A0       		.byte	-96
 1095 042a 3E       		.byte	62
 1096 042b 04       		.byte	4
 1097 042c 3F       		.byte	63
 1098 042d 01       		.byte	1
 1099 042e 54       		.byte	84
 1100 042f 09       		.byte	9
 1101 0430 58       		.byte	88
 1102 0431 04       		.byte	4
 1103 0432 59       		.byte	89
 1104 0433 04       		.byte	4
 1105 0434 5B       		.byte	91
 1106 0435 04       		.byte	4
 1107 0436 5C       		.byte	92
 1108 0437 03       		.byte	3
 1109 0438 5F       		.byte	95
 1110 0439 01       		.byte	1
 1111 043a D8       		.byte	-40
 1112 043b 04       		.byte	4
 1113 043c D9       		.byte	-39
 1114 043d 04       		.byte	4
 1115 043e DB       		.byte	-37
 1116 043f 04       		.byte	4
 1117 0440 DC       		.byte	-36
 1118 0441 22       		.byte	34
 1119 0442 DF       		.byte	-33
 1120 0443 01       		.byte	1
 1121 0444 00       		.byte	0
 1122 0445 06       		.byte	6
 1123 0446 01       		.byte	1
 1124 0447 20       		.byte	32
 1125 0448 05       		.byte	5
 1126 0449 40       		.byte	64
 1127 044a 09       		.byte	9
 1128 044b 08       		.byte	8
 1129 044c 0A       		.byte	10
 1130 044d 04       		.byte	4
 1131 044e 0C       		.byte	12
 1132 044f 40       		.byte	64
 1133 0450 0E       		.byte	14
 1134 0451 80       		.byte	-128
 1135 0452 0F       		.byte	15
 1136 0453 04       		.byte	4
 1137 0454 10       		.byte	16
 1138 0455 01       		.byte	1
 1139 0456 12       		.byte	18
 1140 0457 80       		.byte	-128
ARM GAS  C:\Users\91819\AppData\Local\Temp\ccPcrfbB.s 			page 21


 1141 0458 14       		.byte	20
 1142 0459 10       		.byte	16
 1143 045a 15       		.byte	21
 1144 045b 10       		.byte	16
 1145 045c 1C       		.byte	28
 1146 045d 80       		.byte	-128
 1147 045e 1D       		.byte	29
 1148 045f 40       		.byte	64
 1149 0460 1E       		.byte	30
 1150 0461 80       		.byte	-128
 1151 0462 1F       		.byte	31
 1152 0463 04       		.byte	4
 1153 0464 24       		.byte	36
 1154 0465 20       		.byte	32
 1155 0466 25       		.byte	37
 1156 0467 70       		.byte	112
 1157 0468 26       		.byte	38
 1158 0469 1E       		.byte	30
 1159 046a 28       		.byte	40
 1160 046b 01       		.byte	1
 1161 046c 29       		.byte	41
 1162 046d A0       		.byte	-96
 1163 046e 2E       		.byte	46
 1164 046f 50       		.byte	80
 1165 0470 2F       		.byte	47
 1166 0471 80       		.byte	-128
 1167 0472 31       		.byte	49
 1168 0473 09       		.byte	9
 1169 0474 32       		.byte	50
 1170 0475 80       		.byte	-128
 1171 0476 36       		.byte	54
 1172 0477 08       		.byte	8
 1173 0478 37       		.byte	55
 1174 0479 52       		.byte	82
 1175 047a 3A       		.byte	58
 1176 047b 02       		.byte	2
 1177 047c 3B       		.byte	59
 1178 047d 10       		.byte	16
 1179 047e 3D       		.byte	61
 1180 047f A0       		.byte	-96
 1181 0480 3E       		.byte	62
 1182 0481 08       		.byte	8
 1183 0482 46       		.byte	70
 1184 0483 08       		.byte	8
 1185 0484 47       		.byte	71
 1186 0485 20       		.byte	32
 1187 0486 5C       		.byte	92
 1188 0487 41       		.byte	65
 1189 0488 5D       		.byte	93
 1190 0489 04       		.byte	4
 1191 048a 5F       		.byte	95
 1192 048b 20       		.byte	32
 1193 048c 67       		.byte	103
 1194 048d 02       		.byte	2
 1195 048e 69       		.byte	105
 1196 048f A0       		.byte	-96
 1197 0490 6A       		.byte	106
ARM GAS  C:\Users\91819\AppData\Local\Temp\ccPcrfbB.s 			page 22


 1198 0491 0A       		.byte	10
 1199 0492 70       		.byte	112
 1200 0493 A4       		.byte	-92
 1201 0494 73       		.byte	115
 1202 0495 40       		.byte	64
 1203 0496 82       		.byte	-126
 1204 0497 02       		.byte	2
 1205 0498 89       		.byte	-119
 1206 0499 10       		.byte	16
 1207 049a 8C       		.byte	-116
 1208 049b 04       		.byte	4
 1209 049c 90       		.byte	-112
 1210 049d 41       		.byte	65
 1211 049e 91       		.byte	-111
 1212 049f 04       		.byte	4
 1213 04a0 92       		.byte	-110
 1214 04a1 54       		.byte	84
 1215 04a2 93       		.byte	-109
 1216 04a3 12       		.byte	18
 1217 04a4 94       		.byte	-108
 1218 04a5 24       		.byte	36
 1219 04a6 99       		.byte	-103
 1220 04a7 80       		.byte	-128
 1221 04a8 9A       		.byte	-102
 1222 04a9 08       		.byte	8
 1223 04aa 9B       		.byte	-101
 1224 04ab 52       		.byte	82
 1225 04ac 9D       		.byte	-99
 1226 04ad 21       		.byte	33
 1227 04ae 9E       		.byte	-98
 1228 04af 02       		.byte	2
 1229 04b0 A1       		.byte	-95
 1230 04b1 80       		.byte	-128
 1231 04b2 A2       		.byte	-94
 1232 04b3 80       		.byte	-128
 1233 04b4 A3       		.byte	-93
 1234 04b5 A0       		.byte	-96
 1235 04b6 A4       		.byte	-92
 1236 04b7 01       		.byte	1
 1237 04b8 A5       		.byte	-91
 1238 04b9 68       		.byte	104
 1239 04ba A6       		.byte	-90
 1240 04bb 1C       		.byte	28
 1241 04bc AE       		.byte	-82
 1242 04bd 80       		.byte	-128
 1243 04be AF       		.byte	-81
 1244 04bf 20       		.byte	32
 1245 04c0 C0       		.byte	-64
 1246 04c1 8E       		.byte	-114
 1247 04c2 C2       		.byte	-62
 1248 04c3 D6       		.byte	-42
 1249 04c4 C4       		.byte	-60
 1250 04c5 69       		.byte	105
 1251 04c6 CA       		.byte	-54
 1252 04c7 BC       		.byte	-68
 1253 04c8 CC       		.byte	-52
 1254 04c9 FB       		.byte	-5
ARM GAS  C:\Users\91819\AppData\Local\Temp\ccPcrfbB.s 			page 23


 1255 04ca CE       		.byte	-50
 1256 04cb 75       		.byte	117
 1257 04cc D6       		.byte	-42
 1258 04cd F0       		.byte	-16
 1259 04ce D8       		.byte	-40
 1260 04cf 10       		.byte	16
 1261 04d0 E4       		.byte	-28
 1262 04d1 10       		.byte	16
 1263 04d2 EA       		.byte	-22
 1264 04d3 10       		.byte	16
 1265 04d4 EE       		.byte	-18
 1266 04d5 04       		.byte	4
 1267 04d6 58       		.byte	88
 1268 04d7 04       		.byte	4
 1269 04d8 59       		.byte	89
 1270 04d9 04       		.byte	4
 1271 04da 5C       		.byte	92
 1272 04db 22       		.byte	34
 1273 04dc 5F       		.byte	95
 1274 04dd 01       		.byte	1
 1275 04de 80       		.byte	-128
 1276 04df 8D       		.byte	-115
 1277 04e0 84       		.byte	-124
 1278 04e1 02       		.byte	2
 1279 04e2 86       		.byte	-122
 1280 04e3 0D       		.byte	13
 1281 04e4 88       		.byte	-120
 1282 04e5 11       		.byte	17
 1283 04e6 8A       		.byte	-118
 1284 04e7 22       		.byte	34
 1285 04e8 8E       		.byte	-114
 1286 04e9 80       		.byte	-128
 1287 04ea 90       		.byte	-112
 1288 04eb 0D       		.byte	13
 1289 04ec 92       		.byte	-110
 1290 04ed 80       		.byte	-128
 1291 04ee 94       		.byte	-108
 1292 04ef 62       		.byte	98
 1293 04f0 96       		.byte	-106
 1294 04f1 14       		.byte	20
 1295 04f2 98       		.byte	-104
 1296 04f3 40       		.byte	64
 1297 04f4 9C       		.byte	-100
 1298 04f5 42       		.byte	66
 1299 04f6 9E       		.byte	-98
 1300 04f7 08       		.byte	8
 1301 04f8 A0       		.byte	-96
 1302 04f9 8D       		.byte	-115
 1303 04fa A4       		.byte	-92
 1304 04fb 8D       		.byte	-115
 1305 04fc A8       		.byte	-88
 1306 04fd 8D       		.byte	-115
 1307 04fe B2       		.byte	-78
 1308 04ff 0F       		.byte	15
 1309 0500 B4       		.byte	-76
 1310 0501 80       		.byte	-128
 1311 0502 B6       		.byte	-74
ARM GAS  C:\Users\91819\AppData\Local\Temp\ccPcrfbB.s 			page 24


 1312 0503 70       		.byte	112
 1313 0504 BA       		.byte	-70
 1314 0505 88       		.byte	-120
 1315 0506 BE       		.byte	-66
 1316 0507 10       		.byte	16
 1317 0508 C0       		.byte	-64
 1318 0509 21       		.byte	33
 1319 050a C1       		.byte	-63
 1320 050b 06       		.byte	6
 1321 050c C2       		.byte	-62
 1322 050d 30       		.byte	48
 1323 050e C5       		.byte	-59
 1324 050f DE       		.byte	-34
 1325 0510 C6       		.byte	-58
 1326 0511 F0       		.byte	-16
 1327 0512 C7       		.byte	-57
 1328 0513 BC       		.byte	-68
 1329 0514 C8       		.byte	-56
 1330 0515 3B       		.byte	59
 1331 0516 C9       		.byte	-55
 1332 0517 FF       		.byte	-1
 1333 0518 CA       		.byte	-54
 1334 0519 FF       		.byte	-1
 1335 051a CB       		.byte	-53
 1336 051b FF       		.byte	-1
 1337 051c CC       		.byte	-52
 1338 051d 22       		.byte	34
 1339 051e CE       		.byte	-50
 1340 051f F0       		.byte	-16
 1341 0520 CF       		.byte	-49
 1342 0521 08       		.byte	8
 1343 0522 D0       		.byte	-48
 1344 0523 04       		.byte	4
 1345 0524 D4       		.byte	-44
 1346 0525 40       		.byte	64
 1347 0526 D8       		.byte	-40
 1348 0527 04       		.byte	4
 1349 0528 D9       		.byte	-39
 1350 0529 04       		.byte	4
 1351 052a DA       		.byte	-38
 1352 052b 04       		.byte	4
 1353 052c DB       		.byte	-37
 1354 052d 04       		.byte	4
 1355 052e DC       		.byte	-36
 1356 052f 20       		.byte	32
 1357 0530 DF       		.byte	-33
 1358 0531 01       		.byte	1
 1359 0532 E2       		.byte	-30
 1360 0533 C0       		.byte	-64
 1361 0534 E4       		.byte	-28
 1362 0535 40       		.byte	64
 1363 0536 E5       		.byte	-27
 1364 0537 01       		.byte	1
 1365 0538 E6       		.byte	-26
 1366 0539 10       		.byte	16
 1367 053a E7       		.byte	-25
 1368 053b 11       		.byte	17
ARM GAS  C:\Users\91819\AppData\Local\Temp\ccPcrfbB.s 			page 25


 1369 053c E8       		.byte	-24
 1370 053d C0       		.byte	-64
 1371 053e E9       		.byte	-23
 1372 053f 01       		.byte	1
 1373 0540 EB       		.byte	-21
 1374 0541 11       		.byte	17
 1375 0542 EC       		.byte	-20
 1376 0543 40       		.byte	64
 1377 0544 ED       		.byte	-19
 1378 0545 01       		.byte	1
 1379 0546 EE       		.byte	-18
 1380 0547 40       		.byte	64
 1381 0548 EF       		.byte	-17
 1382 0549 01       		.byte	1
 1383 054a 00       		.byte	0
 1384 054b 06       		.byte	6
 1385 054c 01       		.byte	1
 1386 054d A0       		.byte	-96
 1387 054e 04       		.byte	4
 1388 054f A0       		.byte	-96
 1389 0550 05       		.byte	5
 1390 0551 44       		.byte	68
 1391 0552 07       		.byte	7
 1392 0553 40       		.byte	64
 1393 0554 08       		.byte	8
 1394 0555 04       		.byte	4
 1395 0556 09       		.byte	9
 1396 0557 08       		.byte	8
 1397 0558 0A       		.byte	10
 1398 0559 04       		.byte	4
 1399 055a 0D       		.byte	13
 1400 055b 80       		.byte	-128
 1401 055c 0E       		.byte	14
 1402 055d A0       		.byte	-96
 1403 055e 0F       		.byte	15
 1404 055f 08       		.byte	8
 1405 0560 12       		.byte	18
 1406 0561 80       		.byte	-128
 1407 0562 17       		.byte	23
 1408 0563 16       		.byte	22
 1409 0564 1D       		.byte	29
 1410 0565 84       		.byte	-124
 1411 0566 1F       		.byte	31
 1412 0567 90       		.byte	-112
 1413 0568 28       		.byte	40
 1414 0569 40       		.byte	64
 1415 056a 29       		.byte	41
 1416 056b 20       		.byte	32
 1417 056c 2C       		.byte	44
 1418 056d 04       		.byte	4
 1419 056e 2E       		.byte	46
 1420 056f 02       		.byte	2
 1421 0570 2F       		.byte	47
 1422 0571 20       		.byte	32
 1423 0572 31       		.byte	49
 1424 0573 09       		.byte	9
 1425 0574 32       		.byte	50
ARM GAS  C:\Users\91819\AppData\Local\Temp\ccPcrfbB.s 			page 26


 1426 0575 80       		.byte	-128
 1427 0576 34       		.byte	52
 1428 0577 40       		.byte	64
 1429 0578 35       		.byte	53
 1430 0579 A1       		.byte	-95
 1431 057a 39       		.byte	57
 1432 057b 20       		.byte	32
 1433 057c 3A       		.byte	58
 1434 057d 02       		.byte	2
 1435 057e 3B       		.byte	59
 1436 057f 10       		.byte	16
 1437 0580 3F       		.byte	63
 1438 0581 10       		.byte	16
 1439 0582 45       		.byte	69
 1440 0583 A0       		.byte	-96
 1441 0584 47       		.byte	71
 1442 0585 08       		.byte	8
 1443 0586 4C       		.byte	76
 1444 0587 40       		.byte	64
 1445 0588 4D       		.byte	77
 1446 0589 04       		.byte	4
 1447 058a 4E       		.byte	78
 1448 058b 08       		.byte	8
 1449 058c 54       		.byte	84
 1450 058d 02       		.byte	2
 1451 058e 56       		.byte	86
 1452 058f 28       		.byte	40
 1453 0590 57       		.byte	87
 1454 0591 04       		.byte	4
 1455 0592 65       		.byte	101
 1456 0593 40       		.byte	64
 1457 0594 66       		.byte	102
 1458 0595 20       		.byte	32
 1459 0596 67       		.byte	103
 1460 0597 20       		.byte	32
 1461 0598 90       		.byte	-112
 1462 0599 41       		.byte	65
 1463 059a 91       		.byte	-111
 1464 059b 20       		.byte	32
 1465 059c 92       		.byte	-110
 1466 059d 54       		.byte	84
 1467 059e 93       		.byte	-109
 1468 059f 02       		.byte	2
 1469 05a0 94       		.byte	-108
 1470 05a1 04       		.byte	4
 1471 05a2 99       		.byte	-103
 1472 05a3 80       		.byte	-128
 1473 05a4 9B       		.byte	-101
 1474 05a5 5E       		.byte	94
 1475 05a6 9D       		.byte	-99
 1476 05a7 20       		.byte	32
 1477 05a8 9E       		.byte	-98
 1478 05a9 02       		.byte	2
 1479 05aa A2       		.byte	-94
 1480 05ab 40       		.byte	64
 1481 05ac A4       		.byte	-92
 1482 05ad 03       		.byte	3
ARM GAS  C:\Users\91819\AppData\Local\Temp\ccPcrfbB.s 			page 27


 1483 05ae A5       		.byte	-91
 1484 05af 48       		.byte	72
 1485 05b0 A6       		.byte	-90
 1486 05b1 94       		.byte	-108
 1487 05b2 A7       		.byte	-89
 1488 05b3 80       		.byte	-128
 1489 05b4 C0       		.byte	-64
 1490 05b5 FF       		.byte	-1
 1491 05b6 C2       		.byte	-62
 1492 05b7 F6       		.byte	-10
 1493 05b8 C4       		.byte	-60
 1494 05b9 78       		.byte	120
 1495 05ba CA       		.byte	-54
 1496 05bb E5       		.byte	-27
 1497 05bc CC       		.byte	-52
 1498 05bd BB       		.byte	-69
 1499 05be CE       		.byte	-50
 1500 05bf 25       		.byte	37
 1501 05c0 D0       		.byte	-48
 1502 05c1 70       		.byte	112
 1503 05c2 D2       		.byte	-46
 1504 05c3 20       		.byte	32
 1505 05c4 D8       		.byte	-40
 1506 05c5 70       		.byte	112
 1507 05c6 E0       		.byte	-32
 1508 05c7 80       		.byte	-128
 1509 05c8 01       		.byte	1
 1510 05c9 84       		.byte	-124
 1511 05ca 05       		.byte	5
 1512 05cb 01       		.byte	1
 1513 05cc 09       		.byte	9
 1514 05cd 80       		.byte	-128
 1515 05ce 0B       		.byte	11
 1516 05cf 04       		.byte	4
 1517 05d0 0D       		.byte	13
 1518 05d1 04       		.byte	4
 1519 05d2 11       		.byte	17
 1520 05d3 84       		.byte	-124
 1521 05d4 15       		.byte	21
 1522 05d5 07       		.byte	7
 1523 05d6 17       		.byte	23
 1524 05d7 38       		.byte	56
 1525 05d8 19       		.byte	25
 1526 05d9 0A       		.byte	10
 1527 05da 1B       		.byte	27
 1528 05db 10       		.byte	16
 1529 05dc 1D       		.byte	29
 1530 05dd 04       		.byte	4
 1531 05de 1F       		.byte	31
 1532 05df 80       		.byte	-128
 1533 05e0 21       		.byte	33
 1534 05e1 56       		.byte	86
 1535 05e2 23       		.byte	35
 1536 05e3 09       		.byte	9
 1537 05e4 25       		.byte	37
 1538 05e5 84       		.byte	-124
 1539 05e6 2D       		.byte	45
ARM GAS  C:\Users\91819\AppData\Local\Temp\ccPcrfbB.s 			page 28


 1540 05e7 60       		.byte	96
 1541 05e8 31       		.byte	49
 1542 05e9 08       		.byte	8
 1543 05ea 33       		.byte	51
 1544 05eb 7F       		.byte	127
 1545 05ec 35       		.byte	53
 1546 05ed 80       		.byte	-128
 1547 05ee 37       		.byte	55
 1548 05ef 80       		.byte	-128
 1549 05f0 39       		.byte	57
 1550 05f1 08       		.byte	8
 1551 05f2 3F       		.byte	63
 1552 05f3 51       		.byte	81
 1553 05f4 52       		.byte	82
 1554 05f5 80       		.byte	-128
 1555 05f6 58       		.byte	88
 1556 05f7 04       		.byte	4
 1557 05f8 59       		.byte	89
 1558 05f9 04       		.byte	4
 1559 05fa 5B       		.byte	91
 1560 05fb 04       		.byte	4
 1561 05fc 5C       		.byte	92
 1562 05fd 02       		.byte	2
 1563 05fe 5D       		.byte	93
 1564 05ff 10       		.byte	16
 1565 0600 5F       		.byte	95
 1566 0601 01       		.byte	1
 1567 0602 D8       		.byte	-40
 1568 0603 04       		.byte	4
 1569 0604 D9       		.byte	-39
 1570 0605 04       		.byte	4
 1571 0606 DC       		.byte	-36
 1572 0607 22       		.byte	34
 1573 0608 DF       		.byte	-33
 1574 0609 01       		.byte	1
 1575 060a 00       		.byte	0
 1576 060b 06       		.byte	6
 1577 060c 01       		.byte	1
 1578 060d A0       		.byte	-96
 1579 060e 04       		.byte	4
 1580 060f 04       		.byte	4
 1581 0610 05       		.byte	5
 1582 0611 A8       		.byte	-88
 1583 0612 09       		.byte	9
 1584 0613 08       		.byte	8
 1585 0614 0A       		.byte	10
 1586 0615 24       		.byte	36
 1587 0616 0D       		.byte	13
 1588 0617 08       		.byte	8
 1589 0618 11       		.byte	17
 1590 0619 01       		.byte	1
 1591 061a 12       		.byte	18
 1592 061b 80       		.byte	-128
 1593 061c 15       		.byte	21
 1594 061d 01       		.byte	1
 1595 061e 16       		.byte	22
 1596 061f 22       		.byte	34
ARM GAS  C:\Users\91819\AppData\Local\Temp\ccPcrfbB.s 			page 29


 1597 0620 24       		.byte	36
 1598 0621 41       		.byte	65
 1599 0622 25       		.byte	37
 1600 0623 04       		.byte	4
 1601 0624 27       		.byte	39
 1602 0625 08       		.byte	8
 1603 0626 29       		.byte	41
 1604 0627 28       		.byte	40
 1605 0628 2B       		.byte	43
 1606 0629 40       		.byte	64
 1607 062a 2C       		.byte	44
 1608 062b 02       		.byte	2
 1609 062c 2F       		.byte	47
 1610 062d A0       		.byte	-96
 1611 062e 32       		.byte	50
 1612 062f D0       		.byte	-48
 1613 0630 36       		.byte	54
 1614 0631 54       		.byte	84
 1615 0632 37       		.byte	55
 1616 0633 02       		.byte	2
 1617 0634 39       		.byte	57
 1618 0635 20       		.byte	32
 1619 0636 3A       		.byte	58
 1620 0637 22       		.byte	34
 1621 0638 3D       		.byte	61
 1622 0639 88       		.byte	-120
 1623 063a 3E       		.byte	62
 1624 063b 11       		.byte	17
 1625 063c 75       		.byte	117
 1626 063d 01       		.byte	1
 1627 063e 8D       		.byte	-115
 1628 063f 80       		.byte	-128
 1629 0640 8F       		.byte	-113
 1630 0641 40       		.byte	64
 1631 0642 91       		.byte	-111
 1632 0643 20       		.byte	32
 1633 0644 92       		.byte	-110
 1634 0645 55       		.byte	85
 1635 0646 93       		.byte	-109
 1636 0647 02       		.byte	2
 1637 0648 94       		.byte	-108
 1638 0649 04       		.byte	4
 1639 064a 96       		.byte	-106
 1640 064b 80       		.byte	-128
 1641 064c 9B       		.byte	-101
 1642 064d 56       		.byte	86
 1643 064e 9D       		.byte	-99
 1644 064f 21       		.byte	33
 1645 0650 A2       		.byte	-94
 1646 0651 40       		.byte	64
 1647 0652 A3       		.byte	-93
 1648 0653 20       		.byte	32
 1649 0654 A4       		.byte	-92
 1650 0655 01       		.byte	1
 1651 0656 A5       		.byte	-91
 1652 0657 0C       		.byte	12
 1653 0658 A6       		.byte	-90
ARM GAS  C:\Users\91819\AppData\Local\Temp\ccPcrfbB.s 			page 30


 1654 0659 14       		.byte	20
 1655 065a A7       		.byte	-89
 1656 065b C0       		.byte	-64
 1657 065c B0       		.byte	-80
 1658 065d 10       		.byte	16
 1659 065e B1       		.byte	-79
 1660 065f 10       		.byte	16
 1661 0660 B2       		.byte	-78
 1662 0661 04       		.byte	4
 1663 0662 C0       		.byte	-64
 1664 0663 EF       		.byte	-17
 1665 0664 C2       		.byte	-62
 1666 0665 26       		.byte	38
 1667 0666 C4       		.byte	-60
 1668 0667 B8       		.byte	-72
 1669 0668 CA       		.byte	-54
 1670 0669 D7       		.byte	-41
 1671 066a CC       		.byte	-52
 1672 066b FC       		.byte	-4
 1673 066c CE       		.byte	-50
 1674 066d F5       		.byte	-11
 1675 066e E4       		.byte	-28
 1676 066f 40       		.byte	64
 1677 0670 E6       		.byte	-26
 1678 0671 04       		.byte	4
 1679 0672 EC       		.byte	-20
 1680 0673 20       		.byte	32
 1681 0674 EE       		.byte	-18
 1682 0675 02       		.byte	2
 1683 0676 40       		.byte	64
 1684 0677 10       		.byte	16
 1685 0678 41       		.byte	65
 1686 0679 02       		.byte	2
 1687 067a 49       		.byte	73
 1688 067b FF       		.byte	-1
 1689 067c 4A       		.byte	74
 1690 067d FF       		.byte	-1
 1691 067e 4B       		.byte	75
 1692 067f FF       		.byte	-1
 1693 0680 4D       		.byte	77
 1694 0681 A0       		.byte	-96
 1695 0682 4F       		.byte	79
 1696 0683 04       		.byte	4
 1697 0684 50       		.byte	80
 1698 0685 18       		.byte	24
 1699 0686 58       		.byte	88
 1700 0687 04       		.byte	4
 1701 0688 59       		.byte	89
 1702 0689 04       		.byte	4
 1703 068a 5A       		.byte	90
 1704 068b 04       		.byte	4
 1705 068c 5C       		.byte	92
 1706 068d 22       		.byte	34
 1707 068e 5D       		.byte	93
 1708 068f 01       		.byte	1
 1709 0690 5F       		.byte	95
 1710 0691 01       		.byte	1
ARM GAS  C:\Users\91819\AppData\Local\Temp\ccPcrfbB.s 			page 31


 1711 0692 60       		.byte	96
 1712 0693 40       		.byte	64
 1713 0694 62       		.byte	98
 1714 0695 C0       		.byte	-64
 1715 0696 64       		.byte	100
 1716 0697 40       		.byte	64
 1717 0698 65       		.byte	101
 1718 0699 40       		.byte	64
 1719 069a 66       		.byte	102
 1720 069b C0       		.byte	-64
 1721 069c 68       		.byte	104
 1722 069d C0       		.byte	-64
 1723 069e 6A       		.byte	106
 1724 069f C0       		.byte	-64
 1725 06a0 6C       		.byte	108
 1726 06a1 C0       		.byte	-64
 1727 06a2 6E       		.byte	110
 1728 06a3 C0       		.byte	-64
 1729 06a4 82       		.byte	-126
 1730 06a5 01       		.byte	1
 1731 06a6 94       		.byte	-108
 1732 06a7 04       		.byte	4
 1733 06a8 95       		.byte	-107
 1734 06a9 03       		.byte	3
 1735 06aa 97       		.byte	-105
 1736 06ab 0C       		.byte	12
 1737 06ac 99       		.byte	-103
 1738 06ad 05       		.byte	5
 1739 06ae 9A       		.byte	-102
 1740 06af 02       		.byte	2
 1741 06b0 9B       		.byte	-101
 1742 06b1 0A       		.byte	10
 1743 06b2 9D       		.byte	-99
 1744 06b3 02       		.byte	2
 1745 06b4 9E       		.byte	-98
 1746 06b5 02       		.byte	2
 1747 06b6 9F       		.byte	-97
 1748 06b7 0D       		.byte	13
 1749 06b8 A1       		.byte	-95
 1750 06b9 09       		.byte	9
 1751 06ba A3       		.byte	-93
 1752 06bb 06       		.byte	6
 1753 06bc A8       		.byte	-88
 1754 06bd 04       		.byte	4
 1755 06be AC       		.byte	-84
 1756 06bf 04       		.byte	4
 1757 06c0 B0       		.byte	-80
 1758 06c1 04       		.byte	4
 1759 06c2 B2       		.byte	-78
 1760 06c3 02       		.byte	2
 1761 06c4 B6       		.byte	-74
 1762 06c5 01       		.byte	1
 1763 06c6 B7       		.byte	-73
 1764 06c7 0F       		.byte	15
 1765 06c8 BB       		.byte	-69
 1766 06c9 80       		.byte	-128
 1767 06ca BE       		.byte	-66
ARM GAS  C:\Users\91819\AppData\Local\Temp\ccPcrfbB.s 			page 32


 1768 06cb 01       		.byte	1
 1769 06cc C0       		.byte	-64
 1770 06cd 10       		.byte	16
 1771 06ce C1       		.byte	-63
 1772 06cf 02       		.byte	2
 1773 06d0 C5       		.byte	-59
 1774 06d1 01       		.byte	1
 1775 06d2 C6       		.byte	-58
 1776 06d3 20       		.byte	32
 1777 06d4 C8       		.byte	-56
 1778 06d5 09       		.byte	9
 1779 06d6 C9       		.byte	-55
 1780 06d7 FF       		.byte	-1
 1781 06d8 CA       		.byte	-54
 1782 06d9 FF       		.byte	-1
 1783 06da CB       		.byte	-53
 1784 06db FF       		.byte	-1
 1785 06dc CD       		.byte	-51
 1786 06dd AF       		.byte	-81
 1787 06de CE       		.byte	-50
 1788 06df 0F       		.byte	15
 1789 06e0 CF       		.byte	-49
 1790 06e1 04       		.byte	4
 1791 06e2 D0       		.byte	-48
 1792 06e3 18       		.byte	24
 1793 06e4 D6       		.byte	-42
 1794 06e5 02       		.byte	2
 1795 06e6 D7       		.byte	-41
 1796 06e7 20       		.byte	32
 1797 06e8 D8       		.byte	-40
 1798 06e9 04       		.byte	4
 1799 06ea D9       		.byte	-39
 1800 06eb 04       		.byte	4
 1801 06ec DA       		.byte	-38
 1802 06ed 04       		.byte	4
 1803 06ee DB       		.byte	-37
 1804 06ef 04       		.byte	4
 1805 06f0 DC       		.byte	-36
 1806 06f1 01       		.byte	1
 1807 06f2 DD       		.byte	-35
 1808 06f3 01       		.byte	1
 1809 06f4 DF       		.byte	-33
 1810 06f5 01       		.byte	1
 1811 06f6 E0       		.byte	-32
 1812 06f7 40       		.byte	64
 1813 06f8 E2       		.byte	-30
 1814 06f9 C0       		.byte	-64
 1815 06fa E4       		.byte	-28
 1816 06fb 40       		.byte	64
 1817 06fc E5       		.byte	-27
 1818 06fd 40       		.byte	64
 1819 06fe E6       		.byte	-26
 1820 06ff C0       		.byte	-64
 1821 0700 E8       		.byte	-24
 1822 0701 C0       		.byte	-64
 1823 0702 EA       		.byte	-22
 1824 0703 C0       		.byte	-64
ARM GAS  C:\Users\91819\AppData\Local\Temp\ccPcrfbB.s 			page 33


 1825 0704 EC       		.byte	-20
 1826 0705 C0       		.byte	-64
 1827 0706 EE       		.byte	-18
 1828 0707 C0       		.byte	-64
 1829 0708 00       		.byte	0
 1830 0709 06       		.byte	6
 1831 070a 01       		.byte	1
 1832 070b 21       		.byte	33
 1833 070c 05       		.byte	5
 1834 070d 01       		.byte	1
 1835 070e 08       		.byte	8
 1836 070f 40       		.byte	64
 1837 0710 09       		.byte	9
 1838 0711 08       		.byte	8
 1839 0712 0A       		.byte	10
 1840 0713 84       		.byte	-124
 1841 0714 0D       		.byte	13
 1842 0715 80       		.byte	-128
 1843 0716 0E       		.byte	14
 1844 0717 20       		.byte	32
 1845 0718 0F       		.byte	15
 1846 0719 08       		.byte	8
 1847 071a 14       		.byte	20
 1848 071b 06       		.byte	6
 1849 071c 1C       		.byte	28
 1850 071d 21       		.byte	33
 1851 071e 1D       		.byte	29
 1852 071f 80       		.byte	-128
 1853 0720 1F       		.byte	31
 1854 0721 01       		.byte	1
 1855 0722 26       		.byte	38
 1856 0723 80       		.byte	-128
 1857 0724 28       		.byte	40
 1858 0725 40       		.byte	64
 1859 0726 29       		.byte	41
 1860 0727 20       		.byte	32
 1861 0728 2B       		.byte	43
 1862 0729 40       		.byte	64
 1863 072a 2F       		.byte	47
 1864 072b 80       		.byte	-128
 1865 072c 31       		.byte	49
 1866 072d 08       		.byte	8
 1867 072e 32       		.byte	50
 1868 072f 40       		.byte	64
 1869 0730 34       		.byte	52
 1870 0731 04       		.byte	4
 1871 0732 36       		.byte	54
 1872 0733 94       		.byte	-108
 1873 0734 38       		.byte	56
 1874 0735 04       		.byte	4
 1875 0736 39       		.byte	57
 1876 0737 21       		.byte	33
 1877 0738 40       		.byte	64
 1878 0739 01       		.byte	1
 1879 073a 41       		.byte	65
 1880 073b 20       		.byte	32
 1881 073c 45       		.byte	69
ARM GAS  C:\Users\91819\AppData\Local\Temp\ccPcrfbB.s 			page 34


 1882 073d A0       		.byte	-96
 1883 073e 4F       		.byte	79
 1884 073f 08       		.byte	8
 1885 0740 55       		.byte	85
 1886 0741 20       		.byte	32
 1887 0742 62       		.byte	98
 1888 0743 C0       		.byte	-64
 1889 0744 66       		.byte	102
 1890 0745 40       		.byte	64
 1891 0746 6E       		.byte	110
 1892 0747 D1       		.byte	-47
 1893 0748 6F       		.byte	111
 1894 0749 74       		.byte	116
 1895 074a 77       		.byte	119
 1896 074b 02       		.byte	2
 1897 074c 7C       		.byte	124
 1898 074d 02       		.byte	2
 1899 074e 7F       		.byte	127
 1900 074f 80       		.byte	-128
 1901 0750 81       		.byte	-127
 1902 0751 04       		.byte	4
 1903 0752 C0       		.byte	-64
 1904 0753 1E       		.byte	30
 1905 0754 C2       		.byte	-62
 1906 0755 EF       		.byte	-17
 1907 0756 C4       		.byte	-60
 1908 0757 C0       		.byte	-64
 1909 0758 CA       		.byte	-54
 1910 0759 85       		.byte	-123
 1911 075a CC       		.byte	-52
 1912 075b 7A       		.byte	122
 1913 075c CE       		.byte	-50
 1914 075d 07       		.byte	7
 1915 075e D0       		.byte	-48
 1916 075f 3C       		.byte	60
 1917 0760 D8       		.byte	-40
 1918 0761 10       		.byte	16
 1919 0762 E0       		.byte	-32
 1920 0763 04       		.byte	4
 1921 0764 00       		.byte	0
 1922 0765 2C       		.byte	44
 1923 0766 02       		.byte	2
 1924 0767 11       		.byte	17
 1925 0768 04       		.byte	4
 1926 0769 10       		.byte	16
 1927 076a 0F       		.byte	15
 1928 076b 02       		.byte	2
 1929 076c 10       		.byte	16
 1930 076d 1C       		.byte	28
 1931 076e 12       		.byte	18
 1932 076f 22       		.byte	34
 1933 0770 19       		.byte	25
 1934 0771 06       		.byte	6
 1935 0772 1A       		.byte	26
 1936 0773 03       		.byte	3
 1937 0774 1C       		.byte	28
 1938 0775 09       		.byte	9
ARM GAS  C:\Users\91819\AppData\Local\Temp\ccPcrfbB.s 			page 35


 1939 0776 1D       		.byte	29
 1940 0777 04       		.byte	4
 1941 0778 1E       		.byte	30
 1942 0779 10       		.byte	16
 1943 077a 20       		.byte	32
 1944 077b 14       		.byte	20
 1945 077c 24       		.byte	36
 1946 077d 30       		.byte	48
 1947 077e 25       		.byte	37
 1948 077f 01       		.byte	1
 1949 0780 26       		.byte	38
 1950 0781 0C       		.byte	12
 1951 0782 28       		.byte	40
 1952 0783 40       		.byte	64
 1953 0784 2D       		.byte	45
 1954 0785 06       		.byte	6
 1955 0786 31       		.byte	49
 1956 0787 01       		.byte	1
 1957 0788 34       		.byte	52
 1958 0789 1F       		.byte	31
 1959 078a 35       		.byte	53
 1960 078b 06       		.byte	6
 1961 078c 36       		.byte	54
 1962 078d 60       		.byte	96
 1963 078e 38       		.byte	56
 1964 078f 80       		.byte	-128
 1965 0790 39       		.byte	57
 1966 0791 20       		.byte	32
 1967 0792 3F       		.byte	63
 1968 0793 11       		.byte	17
 1969 0794 40       		.byte	64
 1970 0795 02       		.byte	2
 1971 0796 46       		.byte	70
 1972 0797 40       		.byte	64
 1973 0798 49       		.byte	73
 1974 0799 FF       		.byte	-1
 1975 079a 4A       		.byte	74
 1976 079b 07       		.byte	7
 1977 079c 4B       		.byte	75
 1978 079d FF       		.byte	-1
 1979 079e 4C       		.byte	76
 1980 079f 40       		.byte	64
 1981 07a0 4D       		.byte	77
 1982 07a1 20       		.byte	32
 1983 07a2 4E       		.byte	78
 1984 07a3 F0       		.byte	-16
 1985 07a4 4F       		.byte	79
 1986 07a5 05       		.byte	5
 1987 07a6 50       		.byte	80
 1988 07a7 08       		.byte	8
 1989 07a8 58       		.byte	88
 1990 07a9 04       		.byte	4
 1991 07aa 59       		.byte	89
 1992 07ab 04       		.byte	4
 1993 07ac 5A       		.byte	90
 1994 07ad 04       		.byte	4
 1995 07ae 5C       		.byte	92
ARM GAS  C:\Users\91819\AppData\Local\Temp\ccPcrfbB.s 			page 36


 1996 07af 23       		.byte	35
 1997 07b0 5D       		.byte	93
 1998 07b1 03       		.byte	3
 1999 07b2 5F       		.byte	95
 2000 07b3 01       		.byte	1
 2001 07b4 60       		.byte	96
 2002 07b5 40       		.byte	64
 2003 07b6 61       		.byte	97
 2004 07b7 A8       		.byte	-88
 2005 07b8 62       		.byte	98
 2006 07b9 40       		.byte	64
 2007 07ba 63       		.byte	99
 2008 07bb 20       		.byte	32
 2009 07bc D6       		.byte	-42
 2010 07bd 08       		.byte	8
 2011 07be D8       		.byte	-40
 2012 07bf 04       		.byte	4
 2013 07c0 D9       		.byte	-39
 2014 07c1 04       		.byte	4
 2015 07c2 DB       		.byte	-37
 2016 07c3 04       		.byte	4
 2017 07c4 DC       		.byte	-36
 2018 07c5 22       		.byte	34
 2019 07c6 DD       		.byte	-35
 2020 07c7 90       		.byte	-112
 2021 07c8 DF       		.byte	-33
 2022 07c9 01       		.byte	1
 2023 07ca 00       		.byte	0
 2024 07cb 02       		.byte	2
 2025 07cc 02       		.byte	2
 2026 07cd 10       		.byte	16
 2027 07ce 05       		.byte	5
 2028 07cf 04       		.byte	4
 2029 07d0 06       		.byte	6
 2030 07d1 81       		.byte	-127
 2031 07d2 0A       		.byte	10
 2032 07d3 86       		.byte	-122
 2033 07d4 0C       		.byte	12
 2034 07d5 01       		.byte	1
 2035 07d6 0F       		.byte	15
 2036 07d7 84       		.byte	-124
 2037 07d8 10       		.byte	16
 2038 07d9 90       		.byte	-112
 2039 07da 12       		.byte	18
 2040 07db 04       		.byte	4
 2041 07dc 16       		.byte	22
 2042 07dd 0A       		.byte	10
 2043 07de 19       		.byte	25
 2044 07df 40       		.byte	64
 2045 07e0 1A       		.byte	26
 2046 07e1 06       		.byte	6
 2047 07e2 1B       		.byte	27
 2048 07e3 10       		.byte	16
 2049 07e4 20       		.byte	32
 2050 07e5 44       		.byte	68
 2051 07e6 2A       		.byte	42
 2052 07e7 01       		.byte	1
ARM GAS  C:\Users\91819\AppData\Local\Temp\ccPcrfbB.s 			page 37


 2053 07e8 2B       		.byte	43
 2054 07e9 95       		.byte	-107
 2055 07ea 2E       		.byte	46
 2056 07eb 88       		.byte	-120
 2057 07ec 2F       		.byte	47
 2058 07ed A0       		.byte	-96
 2059 07ee 30       		.byte	48
 2060 07ef 11       		.byte	17
 2061 07f0 31       		.byte	49
 2062 07f1 94       		.byte	-108
 2063 07f2 32       		.byte	50
 2064 07f3 40       		.byte	64
 2065 07f4 34       		.byte	52
 2066 07f5 20       		.byte	32
 2067 07f6 35       		.byte	53
 2068 07f7 04       		.byte	4
 2069 07f8 38       		.byte	56
 2070 07f9 80       		.byte	-128
 2071 07fa 39       		.byte	57
 2072 07fb 20       		.byte	32
 2073 07fc 3A       		.byte	58
 2074 07fd 0A       		.byte	10
 2075 07fe 3F       		.byte	63
 2076 07ff 8C       		.byte	-116
 2077 0800 40       		.byte	64
 2078 0801 04       		.byte	4
 2079 0802 50       		.byte	80
 2080 0803 50       		.byte	80
 2081 0804 52       		.byte	82
 2082 0805 10       		.byte	16
 2083 0806 5C       		.byte	92
 2084 0807 80       		.byte	-128
 2085 0808 64       		.byte	100
 2086 0809 02       		.byte	2
 2087 080a 80       		.byte	-128
 2088 080b 60       		.byte	96
 2089 080c 82       		.byte	-126
 2090 080d 06       		.byte	6
 2091 080e 83       		.byte	-125
 2092 080f 40       		.byte	64
 2093 0810 85       		.byte	-123
 2094 0811 10       		.byte	16
 2095 0812 86       		.byte	-122
 2096 0813 80       		.byte	-128
 2097 0814 8C       		.byte	-116
 2098 0815 40       		.byte	64
 2099 0816 8D       		.byte	-115
 2100 0817 04       		.byte	4
 2101 0818 93       		.byte	-109
 2102 0819 04       		.byte	4
 2103 081a 94       		.byte	-108
 2104 081b 20       		.byte	32
 2105 081c 98       		.byte	-104
 2106 081d 80       		.byte	-128
 2107 081e 99       		.byte	-103
 2108 081f 14       		.byte	20
 2109 0820 9A       		.byte	-102
ARM GAS  C:\Users\91819\AppData\Local\Temp\ccPcrfbB.s 			page 38


 2110 0821 81       		.byte	-127
 2111 0822 9C       		.byte	-100
 2112 0823 02       		.byte	2
 2113 0824 9D       		.byte	-99
 2114 0825 40       		.byte	64
 2115 0826 9E       		.byte	-98
 2116 0827 04       		.byte	4
 2117 0828 A0       		.byte	-96
 2118 0829 81       		.byte	-127
 2119 082a A1       		.byte	-95
 2120 082b 80       		.byte	-128
 2121 082c A3       		.byte	-93
 2122 082d 61       		.byte	97
 2123 082e A9       		.byte	-87
 2124 082f 84       		.byte	-124
 2125 0830 C0       		.byte	-64
 2126 0831 BC       		.byte	-68
 2127 0832 C2       		.byte	-62
 2128 0833 5B       		.byte	91
 2129 0834 C4       		.byte	-60
 2130 0835 CE       		.byte	-50
 2131 0836 CA       		.byte	-54
 2132 0837 DF       		.byte	-33
 2133 0838 CC       		.byte	-52
 2134 0839 6F       		.byte	111
 2135 083a CE       		.byte	-50
 2136 083b 5F       		.byte	95
 2137 083c D0       		.byte	-48
 2138 083d 04       		.byte	4
 2139 083e D6       		.byte	-42
 2140 083f 10       		.byte	16
 2141 0840 D8       		.byte	-40
 2142 0841 10       		.byte	16
 2143 0842 E0       		.byte	-32
 2144 0843 06       		.byte	6
 2145 0844 E6       		.byte	-26
 2146 0845 04       		.byte	4
 2147 0846 12       		.byte	18
 2148 0847 01       		.byte	1
 2149 0848 15       		.byte	21
 2150 0849 01       		.byte	1
 2151 084a 28       		.byte	40
 2152 084b 01       		.byte	1
 2153 084c 2E       		.byte	46
 2154 084d 02       		.byte	2
 2155 084e 2F       		.byte	47
 2156 084f 03       		.byte	3
 2157 0850 30       		.byte	48
 2158 0851 03       		.byte	3
 2159 0852 33       		.byte	51
 2160 0853 01       		.byte	1
 2161 0854 35       		.byte	53
 2162 0855 02       		.byte	2
 2163 0856 54       		.byte	84
 2164 0857 01       		.byte	1
 2165 0858 58       		.byte	88
 2166 0859 04       		.byte	4
ARM GAS  C:\Users\91819\AppData\Local\Temp\ccPcrfbB.s 			page 39


 2167 085a 59       		.byte	89
 2168 085b 0C       		.byte	12
 2169 085c 5B       		.byte	91
 2170 085d 0C       		.byte	12
 2171 085e 5C       		.byte	92
 2172 085f 29       		.byte	41
 2173 0860 5D       		.byte	93
 2174 0861 20       		.byte	32
 2175 0862 5F       		.byte	95
 2176 0863 01       		.byte	1
 2177 0864 80       		.byte	-128
 2178 0865 03       		.byte	3
 2179 0866 81       		.byte	-127
 2180 0867 10       		.byte	16
 2181 0868 82       		.byte	-126
 2182 0869 34       		.byte	52
 2183 086a 87       		.byte	-121
 2184 086b 03       		.byte	3
 2185 086c 8B       		.byte	-117
 2186 086d 08       		.byte	8
 2187 086e 8D       		.byte	-115
 2188 086f 01       		.byte	1
 2189 0870 8F       		.byte	-113
 2190 0871 0E       		.byte	14
 2191 0872 92       		.byte	-110
 2192 0873 28       		.byte	40
 2193 0874 94       		.byte	-108
 2194 0875 03       		.byte	3
 2195 0876 96       		.byte	-106
 2196 0877 04       		.byte	4
 2197 0878 98       		.byte	-104
 2198 0879 03       		.byte	3
 2199 087a 99       		.byte	-103
 2200 087b 01       		.byte	1
 2201 087c 9A       		.byte	-102
 2202 087d 1C       		.byte	28
 2203 087e 9B       		.byte	-101
 2204 087f 06       		.byte	6
 2205 0880 9C       		.byte	-100
 2206 0881 2A       		.byte	42
 2207 0882 9D       		.byte	-99
 2208 0883 0C       		.byte	12
 2209 0884 9E       		.byte	-98
 2210 0885 14       		.byte	20
 2211 0886 9F       		.byte	-97
 2212 0887 03       		.byte	3
 2213 0888 A6       		.byte	-90
 2214 0889 20       		.byte	32
 2215 088a AA       		.byte	-86
 2216 088b 15       		.byte	21
 2217 088c AF       		.byte	-81
 2218 088d 0C       		.byte	12
 2219 088e B0       		.byte	-80
 2220 088f 38       		.byte	56
 2221 0890 B3       		.byte	-77
 2222 0891 10       		.byte	16
 2223 0892 B4       		.byte	-76
ARM GAS  C:\Users\91819\AppData\Local\Temp\ccPcrfbB.s 			page 40


 2224 0893 0F       		.byte	15
 2225 0894 B7       		.byte	-73
 2226 0895 0F       		.byte	15
 2227 0896 BA       		.byte	-70
 2228 0897 22       		.byte	34
 2229 0898 BB       		.byte	-69
 2230 0899 80       		.byte	-128
 2231 089a BF       		.byte	-65
 2232 089b 04       		.byte	4
 2233 089c C0       		.byte	-64
 2234 089d 63       		.byte	99
 2235 089e C1       		.byte	-63
 2236 089f 05       		.byte	5
 2237 08a0 C5       		.byte	-59
 2238 08a1 E0       		.byte	-32
 2239 08a2 C6       		.byte	-58
 2240 08a3 0B       		.byte	11
 2241 08a4 C7       		.byte	-57
 2242 08a5 0C       		.byte	12
 2243 08a6 C8       		.byte	-56
 2244 08a7 16       		.byte	22
 2245 08a8 C9       		.byte	-55
 2246 08a9 FF       		.byte	-1
 2247 08aa CA       		.byte	-54
 2248 08ab FF       		.byte	-1
 2249 08ac CB       		.byte	-53
 2250 08ad FF       		.byte	-1
 2251 08ae CE       		.byte	-50
 2252 08af F0       		.byte	-16
 2253 08b0 CF       		.byte	-49
 2254 08b1 44       		.byte	68
 2255 08b2 D0       		.byte	-48
 2256 08b3 0C       		.byte	12
 2257 08b4 D4       		.byte	-44
 2258 08b5 01       		.byte	1
 2259 08b6 D8       		.byte	-40
 2260 08b7 04       		.byte	4
 2261 08b8 D9       		.byte	-39
 2262 08b9 04       		.byte	4
 2263 08ba DA       		.byte	-38
 2264 08bb 04       		.byte	4
 2265 08bc DB       		.byte	-37
 2266 08bd 04       		.byte	4
 2267 08be DC       		.byte	-36
 2268 08bf 33       		.byte	51
 2269 08c0 DD       		.byte	-35
 2270 08c1 33       		.byte	51
 2271 08c2 DF       		.byte	-33
 2272 08c3 01       		.byte	1
 2273 08c4 E6       		.byte	-26
 2274 08c5 C0       		.byte	-64
 2275 08c6 EA       		.byte	-22
 2276 08c7 40       		.byte	64
 2277 08c8 EB       		.byte	-21
 2278 08c9 02       		.byte	2
 2279 08ca 00       		.byte	0
 2280 08cb 02       		.byte	2
ARM GAS  C:\Users\91819\AppData\Local\Temp\ccPcrfbB.s 			page 41


 2281 08cc 08       		.byte	8
 2282 08cd 01       		.byte	1
 2283 08ce 09       		.byte	9
 2284 08cf 88       		.byte	-120
 2285 08d0 0A       		.byte	10
 2286 08d1 14       		.byte	20
 2287 08d2 0E       		.byte	14
 2288 08d3 40       		.byte	64
 2289 08d4 12       		.byte	18
 2290 08d5 14       		.byte	20
 2291 08d6 14       		.byte	20
 2292 08d7 02       		.byte	2
 2293 08d8 17       		.byte	23
 2294 08d9 20       		.byte	32
 2295 08da 18       		.byte	24
 2296 08db 80       		.byte	-128
 2297 08dc 19       		.byte	25
 2298 08dd 10       		.byte	16
 2299 08de 1A       		.byte	26
 2300 08df 04       		.byte	4
 2301 08e0 1B       		.byte	27
 2302 08e1 01       		.byte	1
 2303 08e2 1E       		.byte	30
 2304 08e3 40       		.byte	64
 2305 08e4 21       		.byte	33
 2306 08e5 80       		.byte	-128
 2307 08e6 22       		.byte	34
 2308 08e7 04       		.byte	4
 2309 08e8 25       		.byte	37
 2310 08e9 04       		.byte	4
 2311 08ea 27       		.byte	39
 2312 08eb 28       		.byte	40
 2313 08ec 28       		.byte	40
 2314 08ed 01       		.byte	1
 2315 08ee 29       		.byte	41
 2316 08ef 40       		.byte	64
 2317 08f0 2E       		.byte	46
 2318 08f1 40       		.byte	64
 2319 08f2 31       		.byte	49
 2320 08f3 90       		.byte	-112
 2321 08f4 37       		.byte	55
 2322 08f5 08       		.byte	8
 2323 08f6 38       		.byte	56
 2324 08f7 A0       		.byte	-96
 2325 08f8 39       		.byte	57
 2326 08f9 08       		.byte	8
 2327 08fa 3A       		.byte	58
 2328 08fb 14       		.byte	20
 2329 08fc 3B       		.byte	59
 2330 08fd 01       		.byte	1
 2331 08fe 3C       		.byte	60
 2332 08ff 02       		.byte	2
 2333 0900 3F       		.byte	63
 2334 0901 02       		.byte	2
 2335 0902 41       		.byte	65
 2336 0903 04       		.byte	4
 2337 0904 48       		.byte	72
ARM GAS  C:\Users\91819\AppData\Local\Temp\ccPcrfbB.s 			page 42


 2338 0905 01       		.byte	1
 2339 0906 49       		.byte	73
 2340 0907 11       		.byte	17
 2341 0908 4B       		.byte	75
 2342 0909 01       		.byte	1
 2343 090a 50       		.byte	80
 2344 090b 88       		.byte	-120
 2345 090c 51       		.byte	81
 2346 090d 08       		.byte	8
 2347 090e 59       		.byte	89
 2348 090f 01       		.byte	1
 2349 0910 5A       		.byte	90
 2350 0911 18       		.byte	24
 2351 0912 5B       		.byte	91
 2352 0913 80       		.byte	-128
 2353 0914 5D       		.byte	93
 2354 0915 80       		.byte	-128
 2355 0916 7D       		.byte	125
 2356 0917 40       		.byte	64
 2357 0918 91       		.byte	-111
 2358 0919 40       		.byte	64
 2359 091a 93       		.byte	-109
 2360 091b 04       		.byte	4
 2361 091c 94       		.byte	-108
 2362 091d 80       		.byte	-128
 2363 091e 98       		.byte	-104
 2364 091f 80       		.byte	-128
 2365 0920 99       		.byte	-103
 2366 0921 04       		.byte	4
 2367 0922 9A       		.byte	-102
 2368 0923 81       		.byte	-127
 2369 0924 9B       		.byte	-101
 2370 0925 80       		.byte	-128
 2371 0926 9D       		.byte	-99
 2372 0927 10       		.byte	16
 2373 0928 9E       		.byte	-98
 2374 0929 04       		.byte	4
 2375 092a A3       		.byte	-93
 2376 092b 60       		.byte	96
 2377 092c A4       		.byte	-92
 2378 092d 08       		.byte	8
 2379 092e A5       		.byte	-91
 2380 092f 80       		.byte	-128
 2381 0930 AE       		.byte	-82
 2382 0931 04       		.byte	4
 2383 0932 B2       		.byte	-78
 2384 0933 80       		.byte	-128
 2385 0934 B7       		.byte	-73
 2386 0935 40       		.byte	64
 2387 0936 C0       		.byte	-64
 2388 0937 08       		.byte	8
 2389 0938 C2       		.byte	-62
 2390 0939 1F       		.byte	31
 2391 093a C4       		.byte	-60
 2392 093b C6       		.byte	-58
 2393 093c CA       		.byte	-54
 2394 093d 18       		.byte	24
ARM GAS  C:\Users\91819\AppData\Local\Temp\ccPcrfbB.s 			page 43


 2395 093e CC       		.byte	-52
 2396 093f 4C       		.byte	76
 2397 0940 CE       		.byte	-50
 2398 0941 0F       		.byte	15
 2399 0942 D0       		.byte	-48
 2400 0943 02       		.byte	2
 2401 0944 D2       		.byte	-46
 2402 0945 0C       		.byte	12
 2403 0946 D6       		.byte	-42
 2404 0947 1F       		.byte	31
 2405 0948 DE       		.byte	-34
 2406 0949 10       		.byte	16
 2407 094a EC       		.byte	-20
 2408 094b 08       		.byte	8
 2409 094c EE       		.byte	-18
 2410 094d 02       		.byte	2
 2411 094e 01       		.byte	1
 2412 094f 02       		.byte	2
 2413 0950 03       		.byte	3
 2414 0951 01       		.byte	1
 2415 0952 04       		.byte	4
 2416 0953 38       		.byte	56
 2417 0954 05       		.byte	5
 2418 0955 0B       		.byte	11
 2419 0956 09       		.byte	9
 2420 0957 0B       		.byte	11
 2421 0958 0A       		.byte	10
 2422 0959 02       		.byte	2
 2423 095a 0D       		.byte	13
 2424 095b 04       		.byte	4
 2425 095c 0E       		.byte	14
 2426 095d 40       		.byte	64
 2427 095e 11       		.byte	17
 2428 095f 08       		.byte	8
 2429 0960 14       		.byte	20
 2430 0961 14       		.byte	20
 2431 0962 15       		.byte	21
 2432 0963 01       		.byte	1
 2433 0964 16       		.byte	22
 2434 0965 2B       		.byte	43
 2435 0966 17       		.byte	23
 2436 0967 02       		.byte	2
 2437 0968 18       		.byte	24
 2438 0969 0D       		.byte	13
 2439 096a 1A       		.byte	26
 2440 096b 10       		.byte	16
 2441 096c 1C       		.byte	28
 2442 096d 10       		.byte	16
 2443 096e 1E       		.byte	30
 2444 096f 27       		.byte	39
 2445 0970 21       		.byte	33
 2446 0971 04       		.byte	4
 2447 0972 25       		.byte	37
 2448 0973 04       		.byte	4
 2449 0974 26       		.byte	38
 2450 0975 40       		.byte	64
 2451 0976 29       		.byte	41
ARM GAS  C:\Users\91819\AppData\Local\Temp\ccPcrfbB.s 			page 44


 2452 0977 04       		.byte	4
 2453 0978 31       		.byte	49
 2454 0979 08       		.byte	8
 2455 097a 32       		.byte	50
 2456 097b 3C       		.byte	60
 2457 097c 33       		.byte	51
 2458 097d 04       		.byte	4
 2459 097e 34       		.byte	52
 2460 097f 03       		.byte	3
 2461 0980 35       		.byte	53
 2462 0981 03       		.byte	3
 2463 0982 36       		.byte	54
 2464 0983 40       		.byte	64
 2465 0984 38       		.byte	56
 2466 0985 08       		.byte	8
 2467 0986 3E       		.byte	62
 2468 0987 40       		.byte	64
 2469 0988 3F       		.byte	63
 2470 0989 04       		.byte	4
 2471 098a 40       		.byte	64
 2472 098b 30       		.byte	48
 2473 098c 41       		.byte	65
 2474 098d 06       		.byte	6
 2475 098e 49       		.byte	73
 2476 098f FF       		.byte	-1
 2477 0990 4A       		.byte	74
 2478 0991 FF       		.byte	-1
 2479 0992 4B       		.byte	75
 2480 0993 FF       		.byte	-1
 2481 0994 4D       		.byte	77
 2482 0995 A0       		.byte	-96
 2483 0996 4F       		.byte	79
 2484 0997 04       		.byte	4
 2485 0998 50       		.byte	80
 2486 0999 18       		.byte	24
 2487 099a 56       		.byte	86
 2488 099b 02       		.byte	2
 2489 099c 57       		.byte	87
 2490 099d 11       		.byte	17
 2491 099e 58       		.byte	88
 2492 099f 04       		.byte	4
 2493 09a0 59       		.byte	89
 2494 09a1 04       		.byte	4
 2495 09a2 5A       		.byte	90
 2496 09a3 04       		.byte	4
 2497 09a4 5B       		.byte	91
 2498 09a5 04       		.byte	4
 2499 09a6 5C       		.byte	92
 2500 09a7 30       		.byte	48
 2501 09a8 5D       		.byte	93
 2502 09a9 31       		.byte	49
 2503 09aa 5F       		.byte	95
 2504 09ab 01       		.byte	1
 2505 09ac 60       		.byte	96
 2506 09ad 40       		.byte	64
 2507 09ae 62       		.byte	98
 2508 09af C0       		.byte	-64
ARM GAS  C:\Users\91819\AppData\Local\Temp\ccPcrfbB.s 			page 45


 2509 09b0 64       		.byte	100
 2510 09b1 40       		.byte	64
 2511 09b2 65       		.byte	101
 2512 09b3 40       		.byte	64
 2513 09b4 66       		.byte	102
 2514 09b5 C0       		.byte	-64
 2515 09b6 68       		.byte	104
 2516 09b7 C0       		.byte	-64
 2517 09b8 6A       		.byte	106
 2518 09b9 C0       		.byte	-64
 2519 09ba 6C       		.byte	108
 2520 09bb C0       		.byte	-64
 2521 09bc 6E       		.byte	110
 2522 09bd C0       		.byte	-64
 2523 09be 80       		.byte	-128
 2524 09bf 07       		.byte	7
 2525 09c0 82       		.byte	-126
 2526 09c1 08       		.byte	8
 2527 09c2 84       		.byte	-124
 2528 09c3 06       		.byte	6
 2529 09c4 88       		.byte	-120
 2530 09c5 06       		.byte	6
 2531 09c6 8A       		.byte	-118
 2532 09c7 09       		.byte	9
 2533 09c8 8B       		.byte	-117
 2534 09c9 02       		.byte	2
 2535 09ca 8E       		.byte	-114
 2536 09cb 09       		.byte	9
 2537 09cc 93       		.byte	-109
 2538 09cd 01       		.byte	1
 2539 09ce 94       		.byte	-108
 2540 09cf 09       		.byte	9
 2541 09d0 96       		.byte	-106
 2542 09d1 06       		.byte	6
 2543 09d2 97       		.byte	-105
 2544 09d3 02       		.byte	2
 2545 09d4 A0       		.byte	-96
 2546 09d5 04       		.byte	4
 2547 09d6 A4       		.byte	-92
 2548 09d7 02       		.byte	2
 2549 09d8 AC       		.byte	-84
 2550 09d9 0F       		.byte	15
 2551 09da B0       		.byte	-80
 2552 09db 07       		.byte	7
 2553 09dc B2       		.byte	-78
 2554 09dd 0E       		.byte	14
 2555 09de B3       		.byte	-77
 2556 09df 01       		.byte	1
 2557 09e0 B5       		.byte	-75
 2558 09e1 02       		.byte	2
 2559 09e2 BA       		.byte	-70
 2560 09e3 08       		.byte	8
 2561 09e4 C0       		.byte	-64
 2562 09e5 30       		.byte	48
 2563 09e6 C1       		.byte	-63
 2564 09e7 06       		.byte	6
 2565 09e8 C6       		.byte	-58
ARM GAS  C:\Users\91819\AppData\Local\Temp\ccPcrfbB.s 			page 46


 2566 09e9 10       		.byte	16
 2567 09ea C7       		.byte	-57
 2568 09eb 02       		.byte	2
 2569 09ec C8       		.byte	-56
 2570 09ed 18       		.byte	24
 2571 09ee C9       		.byte	-55
 2572 09ef FF       		.byte	-1
 2573 09f0 CA       		.byte	-54
 2574 09f1 FF       		.byte	-1
 2575 09f2 CB       		.byte	-53
 2576 09f3 FF       		.byte	-1
 2577 09f4 CD       		.byte	-51
 2578 09f5 AF       		.byte	-81
 2579 09f6 CE       		.byte	-50
 2580 09f7 0F       		.byte	15
 2581 09f8 CF       		.byte	-49
 2582 09f9 04       		.byte	4
 2583 09fa D0       		.byte	-48
 2584 09fb 18       		.byte	24
 2585 09fc D2       		.byte	-46
 2586 09fd 80       		.byte	-128
 2587 09fe D8       		.byte	-40
 2588 09ff 04       		.byte	4
 2589 0a00 D9       		.byte	-39
 2590 0a01 04       		.byte	4
 2591 0a02 DA       		.byte	-38
 2592 0a03 04       		.byte	4
 2593 0a04 DB       		.byte	-37
 2594 0a05 04       		.byte	4
 2595 0a06 DC       		.byte	-36
 2596 0a07 13       		.byte	19
 2597 0a08 DD       		.byte	-35
 2598 0a09 11       		.byte	17
 2599 0a0a DF       		.byte	-33
 2600 0a0b 01       		.byte	1
 2601 0a0c E0       		.byte	-32
 2602 0a0d 40       		.byte	64
 2603 0a0e E2       		.byte	-30
 2604 0a0f C0       		.byte	-64
 2605 0a10 E4       		.byte	-28
 2606 0a11 40       		.byte	64
 2607 0a12 E5       		.byte	-27
 2608 0a13 40       		.byte	64
 2609 0a14 E6       		.byte	-26
 2610 0a15 C0       		.byte	-64
 2611 0a16 E8       		.byte	-24
 2612 0a17 C0       		.byte	-64
 2613 0a18 EA       		.byte	-22
 2614 0a19 C0       		.byte	-64
 2615 0a1a EC       		.byte	-20
 2616 0a1b C0       		.byte	-64
 2617 0a1c EE       		.byte	-18
 2618 0a1d C0       		.byte	-64
 2619 0a1e 02       		.byte	2
 2620 0a1f 02       		.byte	2
 2621 0a20 03       		.byte	3
 2622 0a21 98       		.byte	-104
ARM GAS  C:\Users\91819\AppData\Local\Temp\ccPcrfbB.s 			page 47


 2623 0a22 04       		.byte	4
 2624 0a23 80       		.byte	-128
 2625 0a24 05       		.byte	5
 2626 0a25 14       		.byte	20
 2627 0a26 07       		.byte	7
 2628 0a27 02       		.byte	2
 2629 0a28 0B       		.byte	11
 2630 0a29 20       		.byte	32
 2631 0a2a 0D       		.byte	13
 2632 0a2b 80       		.byte	-128
 2633 0a2c 0E       		.byte	14
 2634 0a2d 28       		.byte	40
 2635 0a2e 10       		.byte	16
 2636 0a2f A0       		.byte	-96
 2637 0a30 11       		.byte	17
 2638 0a31 80       		.byte	-128
 2639 0a32 16       		.byte	22
 2640 0a33 20       		.byte	32
 2641 0a34 18       		.byte	24
 2642 0a35 80       		.byte	-128
 2643 0a36 1B       		.byte	27
 2644 0a37 08       		.byte	8
 2645 0a38 1D       		.byte	29
 2646 0a39 54       		.byte	84
 2647 0a3a 20       		.byte	32
 2648 0a3b 08       		.byte	8
 2649 0a3c 21       		.byte	33
 2650 0a3d 08       		.byte	8
 2651 0a3e 24       		.byte	36
 2652 0a3f 10       		.byte	16
 2653 0a40 26       		.byte	38
 2654 0a41 02       		.byte	2
 2655 0a42 27       		.byte	39
 2656 0a43 04       		.byte	4
 2657 0a44 2C       		.byte	44
 2658 0a45 50       		.byte	80
 2659 0a46 2D       		.byte	45
 2660 0a47 10       		.byte	16
 2661 0a48 2F       		.byte	47
 2662 0a49 98       		.byte	-104
 2663 0a4a 30       		.byte	48
 2664 0a4b 02       		.byte	2
 2665 0a4c 31       		.byte	49
 2666 0a4d 08       		.byte	8
 2667 0a4e 37       		.byte	55
 2668 0a4f 05       		.byte	5
 2669 0a50 38       		.byte	56
 2670 0a51 20       		.byte	32
 2671 0a52 3C       		.byte	60
 2672 0a53 80       		.byte	-128
 2673 0a54 3D       		.byte	61
 2674 0a55 A0       		.byte	-96
 2675 0a56 3E       		.byte	62
 2676 0a57 04       		.byte	4
 2677 0a58 3F       		.byte	63
 2678 0a59 02       		.byte	2
 2679 0a5a 41       		.byte	65
ARM GAS  C:\Users\91819\AppData\Local\Temp\ccPcrfbB.s 			page 48


 2680 0a5b 08       		.byte	8
 2681 0a5c 45       		.byte	69
 2682 0a5d 08       		.byte	8
 2683 0a5e 4A       		.byte	74
 2684 0a5f 08       		.byte	8
 2685 0a60 4E       		.byte	78
 2686 0a61 08       		.byte	8
 2687 0a62 50       		.byte	80
 2688 0a63 10       		.byte	16
 2689 0a64 52       		.byte	82
 2690 0a65 08       		.byte	8
 2691 0a66 5C       		.byte	92
 2692 0a67 10       		.byte	16
 2693 0a68 6D       		.byte	109
 2694 0a69 20       		.byte	32
 2695 0a6a 6E       		.byte	110
 2696 0a6b 04       		.byte	4
 2697 0a6c 6F       		.byte	111
 2698 0a6d 01       		.byte	1
 2699 0a6e 70       		.byte	112
 2700 0a6f 02       		.byte	2
 2701 0a70 74       		.byte	116
 2702 0a71 A0       		.byte	-96
 2703 0a72 77       		.byte	119
 2704 0a73 10       		.byte	16
 2705 0a74 8A       		.byte	-118
 2706 0a75 01       		.byte	1
 2707 0a76 8D       		.byte	-115
 2708 0a77 40       		.byte	64
 2709 0a78 91       		.byte	-111
 2710 0a79 80       		.byte	-128
 2711 0a7a 92       		.byte	-110
 2712 0a7b 02       		.byte	2
 2713 0a7c 93       		.byte	-109
 2714 0a7d 18       		.byte	24
 2715 0a7e 95       		.byte	-107
 2716 0a7f 10       		.byte	16
 2717 0a80 97       		.byte	-105
 2718 0a81 04       		.byte	4
 2719 0a82 98       		.byte	-104
 2720 0a83 21       		.byte	33
 2721 0a84 9C       		.byte	-100
 2722 0a85 50       		.byte	80
 2723 0a86 9D       		.byte	-99
 2724 0a87 20       		.byte	32
 2725 0a88 A0       		.byte	-96
 2726 0a89 40       		.byte	64
 2727 0a8a A1       		.byte	-95
 2728 0a8b 80       		.byte	-128
 2729 0a8c A2       		.byte	-94
 2730 0a8d 14       		.byte	20
 2731 0a8e A3       		.byte	-93
 2732 0a8f 20       		.byte	32
 2733 0a90 AC       		.byte	-84
 2734 0a91 21       		.byte	33
 2735 0a92 AE       		.byte	-82
 2736 0a93 02       		.byte	2
ARM GAS  C:\Users\91819\AppData\Local\Temp\ccPcrfbB.s 			page 49


 2737 0a94 B0       		.byte	-80
 2738 0a95 80       		.byte	-128
 2739 0a96 B1       		.byte	-79
 2740 0a97 08       		.byte	8
 2741 0a98 B2       		.byte	-78
 2742 0a99 04       		.byte	4
 2743 0a9a B3       		.byte	-77
 2744 0a9b 40       		.byte	64
 2745 0a9c B4       		.byte	-76
 2746 0a9d 24       		.byte	36
 2747 0a9e B5       		.byte	-75
 2748 0a9f 01       		.byte	1
 2749 0aa0 C0       		.byte	-64
 2750 0aa1 EF       		.byte	-17
 2751 0aa2 C2       		.byte	-62
 2752 0aa3 E4       		.byte	-28
 2753 0aa4 C4       		.byte	-60
 2754 0aa5 2D       		.byte	45
 2755 0aa6 CA       		.byte	-54
 2756 0aa7 E0       		.byte	-32
 2757 0aa8 CC       		.byte	-52
 2758 0aa9 C3       		.byte	-61
 2759 0aaa CE       		.byte	-50
 2760 0aab F4       		.byte	-12
 2761 0aac D0       		.byte	-48
 2762 0aad 42       		.byte	66
 2763 0aae D2       		.byte	-46
 2764 0aaf 24       		.byte	36
 2765 0ab0 D6       		.byte	-42
 2766 0ab1 20       		.byte	32
 2767 0ab2 EC       		.byte	-20
 2768 0ab3 60       		.byte	96
 2769 0ab4 EE       		.byte	-18
 2770 0ab5 02       		.byte	2
 2771 0ab6 00       		.byte	0
 2772 0ab7 1C       		.byte	28
 2773 0ab8 02       		.byte	2
 2774 0ab9 02       		.byte	2
 2775 0aba 04       		.byte	4
 2776 0abb 18       		.byte	24
 2777 0abc 08       		.byte	8
 2778 0abd 1C       		.byte	28
 2779 0abe 0A       		.byte	10
 2780 0abf 01       		.byte	1
 2781 0ac0 0E       		.byte	14
 2782 0ac1 03       		.byte	3
 2783 0ac2 12       		.byte	18
 2784 0ac3 04       		.byte	4
 2785 0ac4 14       		.byte	20
 2786 0ac5 07       		.byte	7
 2787 0ac6 16       		.byte	22
 2788 0ac7 18       		.byte	24
 2789 0ac8 1C       		.byte	28
 2790 0ac9 04       		.byte	4
 2791 0aca 1E       		.byte	30
 2792 0acb 20       		.byte	32
 2793 0acc 20       		.byte	32
ARM GAS  C:\Users\91819\AppData\Local\Temp\ccPcrfbB.s 			page 50


 2794 0acd 10       		.byte	16
 2795 0ace 24       		.byte	36
 2796 0acf 08       		.byte	8
 2797 0ad0 2C       		.byte	44
 2798 0ad1 1F       		.byte	31
 2799 0ad2 30       		.byte	48
 2800 0ad3 20       		.byte	32
 2801 0ad4 36       		.byte	54
 2802 0ad5 1F       		.byte	31
 2803 0ad6 3A       		.byte	58
 2804 0ad7 80       		.byte	-128
 2805 0ad8 56       		.byte	86
 2806 0ad9 08       		.byte	8
 2807 0ada 58       		.byte	88
 2808 0adb 04       		.byte	4
 2809 0adc 59       		.byte	89
 2810 0add 04       		.byte	4
 2811 0ade 5B       		.byte	91
 2812 0adf 04       		.byte	4
 2813 0ae0 5C       		.byte	92
 2814 0ae1 23       		.byte	35
 2815 0ae2 5D       		.byte	93
 2816 0ae3 90       		.byte	-112
 2817 0ae4 5F       		.byte	95
 2818 0ae5 01       		.byte	1
 2819 0ae6 80       		.byte	-128
 2820 0ae7 33       		.byte	51
 2821 0ae8 81       		.byte	-127
 2822 0ae9 04       		.byte	4
 2823 0aea 83       		.byte	-125
 2824 0aeb 11       		.byte	17
 2825 0aec 84       		.byte	-124
 2826 0aed 0C       		.byte	12
 2827 0aee 85       		.byte	-123
 2828 0aef 07       		.byte	7
 2829 0af0 88       		.byte	-120
 2830 0af1 04       		.byte	4
 2831 0af2 89       		.byte	-119
 2832 0af3 07       		.byte	7
 2833 0af4 8C       		.byte	-116
 2834 0af5 0C       		.byte	12
 2835 0af6 8E       		.byte	-114
 2836 0af7 33       		.byte	51
 2837 0af8 92       		.byte	-110
 2838 0af9 33       		.byte	51
 2839 0afa 94       		.byte	-108
 2840 0afb 11       		.byte	17
 2841 0afc 95       		.byte	-107
 2842 0afd 02       		.byte	2
 2843 0afe 97       		.byte	-105
 2844 0aff 11       		.byte	17
 2845 0b00 9C       		.byte	-100
 2846 0b01 08       		.byte	8
 2847 0b02 9D       		.byte	-99
 2848 0b03 01       		.byte	1
 2849 0b04 9F       		.byte	-97
 2850 0b05 0E       		.byte	14
ARM GAS  C:\Users\91819\AppData\Local\Temp\ccPcrfbB.s 			page 51


 2851 0b06 A0       		.byte	-96
 2852 0b07 22       		.byte	34
 2853 0b08 A4       		.byte	-92
 2854 0b09 33       		.byte	51
 2855 0b0a A6       		.byte	-90
 2856 0b0b 0C       		.byte	12
 2857 0b0c A8       		.byte	-88
 2858 0b0d 0F       		.byte	15
 2859 0b0e AA       		.byte	-86
 2860 0b0f 30       		.byte	48
 2861 0b10 AC       		.byte	-84
 2862 0b11 3F       		.byte	63
 2863 0b12 B3       		.byte	-77
 2864 0b13 18       		.byte	24
 2865 0b14 B4       		.byte	-76
 2866 0b15 0F       		.byte	15
 2867 0b16 B6       		.byte	-74
 2868 0b17 30       		.byte	48
 2869 0b18 B7       		.byte	-73
 2870 0b19 07       		.byte	7
 2871 0b1a BA       		.byte	-70
 2872 0b1b 20       		.byte	32
 2873 0b1c BF       		.byte	-65
 2874 0b1d 04       		.byte	4
 2875 0b1e C0       		.byte	-64
 2876 0b1f 35       		.byte	53
 2877 0b20 C1       		.byte	-63
 2878 0b21 01       		.byte	1
 2879 0b22 C2       		.byte	-62
 2880 0b23 04       		.byte	4
 2881 0b24 C4       		.byte	-60
 2882 0b25 06       		.byte	6
 2883 0b26 C5       		.byte	-59
 2884 0b27 0E       		.byte	14
 2885 0b28 C6       		.byte	-58
 2886 0b29 C0       		.byte	-64
 2887 0b2a C8       		.byte	-56
 2888 0b2b 09       		.byte	9
 2889 0b2c C9       		.byte	-55
 2890 0b2d FF       		.byte	-1
 2891 0b2e CA       		.byte	-54
 2892 0b2f FF       		.byte	-1
 2893 0b30 CB       		.byte	-53
 2894 0b31 FF       		.byte	-1
 2895 0b32 CC       		.byte	-52
 2896 0b33 62       		.byte	98
 2897 0b34 CD       		.byte	-51
 2898 0b35 A0       		.byte	-96
 2899 0b36 CE       		.byte	-50
 2900 0b37 F0       		.byte	-16
 2901 0b38 CF       		.byte	-49
 2902 0b39 41       		.byte	65
 2903 0b3a D0       		.byte	-48
 2904 0b3b 0C       		.byte	12
 2905 0b3c D4       		.byte	-44
 2906 0b3d 18       		.byte	24
 2907 0b3e D8       		.byte	-40
ARM GAS  C:\Users\91819\AppData\Local\Temp\ccPcrfbB.s 			page 52


 2908 0b3f 04       		.byte	4
 2909 0b40 D9       		.byte	-39
 2910 0b41 04       		.byte	4
 2911 0b42 DA       		.byte	-38
 2912 0b43 04       		.byte	4
 2913 0b44 DB       		.byte	-37
 2914 0b45 04       		.byte	4
 2915 0b46 DC       		.byte	-36
 2916 0b47 33       		.byte	51
 2917 0b48 DD       		.byte	-35
 2918 0b49 33       		.byte	51
 2919 0b4a DF       		.byte	-33
 2920 0b4b 01       		.byte	1
 2921 0b4c E6       		.byte	-26
 2922 0b4d 40       		.byte	64
 2923 0b4e E7       		.byte	-25
 2924 0b4f 02       		.byte	2
 2925 0b50 E9       		.byte	-23
 2926 0b51 10       		.byte	16
 2927 0b52 EA       		.byte	-22
 2928 0b53 30       		.byte	48
 2929 0b54 EB       		.byte	-21
 2930 0b55 10       		.byte	16
 2931 0b56 ED       		.byte	-19
 2932 0b57 10       		.byte	16
 2933 0b58 EE       		.byte	-18
 2934 0b59 10       		.byte	16
 2935 0b5a EF       		.byte	-17
 2936 0b5b 12       		.byte	18
 2937 0b5c 01       		.byte	1
 2938 0b5d 10       		.byte	16
 2939 0b5e 02       		.byte	2
 2940 0b5f 02       		.byte	2
 2941 0b60 03       		.byte	3
 2942 0b61 90       		.byte	-112
 2943 0b62 04       		.byte	4
 2944 0b63 02       		.byte	2
 2945 0b64 05       		.byte	5
 2946 0b65 80       		.byte	-128
 2947 0b66 07       		.byte	7
 2948 0b67 18       		.byte	24
 2949 0b68 0A       		.byte	10
 2950 0b69 40       		.byte	64
 2951 0b6a 0B       		.byte	11
 2952 0b6b 21       		.byte	33
 2953 0b6c 0C       		.byte	12
 2954 0b6d 84       		.byte	-124
 2955 0b6e 0F       		.byte	15
 2956 0b6f 80       		.byte	-128
 2957 0b70 10       		.byte	16
 2958 0b71 A0       		.byte	-96
 2959 0b72 11       		.byte	17
 2960 0b73 C0       		.byte	-64
 2961 0b74 13       		.byte	19
 2962 0b75 08       		.byte	8
 2963 0b76 14       		.byte	20
 2964 0b77 10       		.byte	16
ARM GAS  C:\Users\91819\AppData\Local\Temp\ccPcrfbB.s 			page 53


 2965 0b78 15       		.byte	21
 2966 0b79 50       		.byte	80
 2967 0b7a 16       		.byte	22
 2968 0b7b 40       		.byte	64
 2969 0b7c 19       		.byte	25
 2970 0b7d 80       		.byte	-128
 2971 0b7e 1A       		.byte	26
 2972 0b7f 40       		.byte	64
 2973 0b80 1B       		.byte	27
 2974 0b81 80       		.byte	-128
 2975 0b82 1E       		.byte	30
 2976 0b83 02       		.byte	2
 2977 0b84 1F       		.byte	31
 2978 0b85 10       		.byte	16
 2979 0b86 24       		.byte	36
 2980 0b87 02       		.byte	2
 2981 0b88 26       		.byte	38
 2982 0b89 88       		.byte	-120
 2983 0b8a 28       		.byte	40
 2984 0b8b 21       		.byte	33
 2985 0b8c 29       		.byte	41
 2986 0b8d 20       		.byte	32
 2987 0b8e 31       		.byte	49
 2988 0b8f 08       		.byte	8
 2989 0b90 33       		.byte	51
 2990 0b91 20       		.byte	32
 2991 0b92 34       		.byte	52
 2992 0b93 04       		.byte	4
 2993 0b94 36       		.byte	54
 2994 0b95 80       		.byte	-128
 2995 0b96 37       		.byte	55
 2996 0b97 04       		.byte	4
 2997 0b98 38       		.byte	56
 2998 0b99 04       		.byte	4
 2999 0b9a 3B       		.byte	59
 3000 0b9b 10       		.byte	16
 3001 0b9c 3D       		.byte	61
 3002 0b9d 20       		.byte	32
 3003 0b9e 3E       		.byte	62
 3004 0b9f 04       		.byte	4
 3005 0ba0 3F       		.byte	63
 3006 0ba1 02       		.byte	2
 3007 0ba2 44       		.byte	68
 3008 0ba3 10       		.byte	16
 3009 0ba4 45       		.byte	69
 3010 0ba5 40       		.byte	64
 3011 0ba6 47       		.byte	71
 3012 0ba7 02       		.byte	2
 3013 0ba8 4E       		.byte	78
 3014 0ba9 0A       		.byte	10
 3015 0baa 4F       		.byte	79
 3016 0bab 84       		.byte	-124
 3017 0bac 56       		.byte	86
 3018 0bad 20       		.byte	32
 3019 0bae 58       		.byte	88
 3020 0baf 80       		.byte	-128
 3021 0bb0 5E       		.byte	94
ARM GAS  C:\Users\91819\AppData\Local\Temp\ccPcrfbB.s 			page 54


 3022 0bb1 02       		.byte	2
 3023 0bb2 62       		.byte	98
 3024 0bb3 40       		.byte	64
 3025 0bb4 63       		.byte	99
 3026 0bb5 03       		.byte	3
 3027 0bb6 65       		.byte	101
 3028 0bb7 40       		.byte	64
 3029 0bb8 67       		.byte	103
 3030 0bb9 08       		.byte	8
 3031 0bba 80       		.byte	-128
 3032 0bbb 04       		.byte	4
 3033 0bbc 83       		.byte	-125
 3034 0bbd 20       		.byte	32
 3035 0bbe 85       		.byte	-123
 3036 0bbf 08       		.byte	8
 3037 0bc0 88       		.byte	-120
 3038 0bc1 80       		.byte	-128
 3039 0bc2 8D       		.byte	-115
 3040 0bc3 20       		.byte	32
 3041 0bc4 91       		.byte	-111
 3042 0bc5 10       		.byte	16
 3043 0bc6 92       		.byte	-110
 3044 0bc7 04       		.byte	4
 3045 0bc8 93       		.byte	-109
 3046 0bc9 18       		.byte	24
 3047 0bca 97       		.byte	-105
 3048 0bcb 24       		.byte	36
 3049 0bcc 98       		.byte	-104
 3050 0bcd 31       		.byte	49
 3051 0bce 99       		.byte	-103
 3052 0bcf 40       		.byte	64
 3053 0bd0 9B       		.byte	-101
 3054 0bd1 16       		.byte	22
 3055 0bd2 9D       		.byte	-99
 3056 0bd3 20       		.byte	32
 3057 0bd4 9E       		.byte	-98
 3058 0bd5 20       		.byte	32
 3059 0bd6 A0       		.byte	-96
 3060 0bd7 A0       		.byte	-96
 3061 0bd8 A1       		.byte	-95
 3062 0bd9 50       		.byte	80
 3063 0bda A2       		.byte	-94
 3064 0bdb 02       		.byte	2
 3065 0bdc A3       		.byte	-93
 3066 0bdd 20       		.byte	32
 3067 0bde A7       		.byte	-89
 3068 0bdf 81       		.byte	-127
 3069 0be0 A9       		.byte	-87
 3070 0be1 10       		.byte	16
 3071 0be2 B0       		.byte	-80
 3072 0be3 04       		.byte	4
 3073 0be4 C0       		.byte	-64
 3074 0be5 FF       		.byte	-1
 3075 0be6 C2       		.byte	-62
 3076 0be7 BD       		.byte	-67
 3077 0be8 C4       		.byte	-60
 3078 0be9 FD       		.byte	-3
ARM GAS  C:\Users\91819\AppData\Local\Temp\ccPcrfbB.s 			page 55


 3079 0bea CA       		.byte	-54
 3080 0beb 0E       		.byte	14
 3081 0bec CC       		.byte	-52
 3082 0bed 56       		.byte	86
 3083 0bee CE       		.byte	-50
 3084 0bef E6       		.byte	-26
 3085 0bf0 D0       		.byte	-48
 3086 0bf1 D0       		.byte	-48
 3087 0bf2 D2       		.byte	-46
 3088 0bf3 30       		.byte	48
 3089 0bf4 D6       		.byte	-42
 3090 0bf5 88       		.byte	-120
 3091 0bf6 D8       		.byte	-40
 3092 0bf7 38       		.byte	56
 3093 0bf8 E0       		.byte	-32
 3094 0bf9 50       		.byte	80
 3095 0bfa EC       		.byte	-20
 3096 0bfb 04       		.byte	4
 3097 0bfc 12       		.byte	18
 3098 0bfd 20       		.byte	32
 3099 0bfe 16       		.byte	22
 3100 0bff 20       		.byte	32
 3101 0c00 30       		.byte	48
 3102 0c01 80       		.byte	-128
 3103 0c02 33       		.byte	51
 3104 0c03 08       		.byte	8
 3105 0c04 34       		.byte	52
 3106 0c05 08       		.byte	8
 3107 0c06 36       		.byte	54
 3108 0c07 40       		.byte	64
 3109 0c08 3B       		.byte	59
 3110 0c09 22       		.byte	34
 3111 0c0a 3E       		.byte	62
 3112 0c0b 20       		.byte	32
 3113 0c0c 87       		.byte	-121
 3114 0c0d 10       		.byte	16
 3115 0c0e C4       		.byte	-60
 3116 0c0f 30       		.byte	48
 3117 0c10 CC       		.byte	-52
 3118 0c11 F0       		.byte	-16
 3119 0c12 CE       		.byte	-50
 3120 0c13 70       		.byte	112
 3121 0c14 E6       		.byte	-26
 3122 0c15 40       		.byte	64
 3123 0c16 01       		.byte	1
 3124 0c17 20       		.byte	32
 3125 0c18 06       		.byte	6
 3126 0c19 08       		.byte	8
 3127 0c1a 0B       		.byte	11
 3128 0c1b 20       		.byte	32
 3129 0c1c 32       		.byte	50
 3130 0c1d 40       		.byte	64
 3131 0c1e 51       		.byte	81
 3132 0c1f 20       		.byte	32
 3133 0c20 54       		.byte	84
 3134 0c21 02       		.byte	2
 3135 0c22 80       		.byte	-128
ARM GAS  C:\Users\91819\AppData\Local\Temp\ccPcrfbB.s 			page 56


 3136 0c23 08       		.byte	8
 3137 0c24 82       		.byte	-126
 3138 0c25 20       		.byte	32
 3139 0c26 8A       		.byte	-118
 3140 0c27 08       		.byte	8
 3141 0c28 97       		.byte	-105
 3142 0c29 02       		.byte	2
 3143 0c2a 9C       		.byte	-100
 3144 0c2b 08       		.byte	8
 3145 0c2c A2       		.byte	-94
 3146 0c2d 20       		.byte	32
 3147 0c2e A4       		.byte	-92
 3148 0c2f 80       		.byte	-128
 3149 0c30 A6       		.byte	-90
 3150 0c31 40       		.byte	64
 3151 0c32 AF       		.byte	-81
 3152 0c33 08       		.byte	8
 3153 0c34 C0       		.byte	-64
 3154 0c35 C0       		.byte	-64
 3155 0c36 C2       		.byte	-62
 3156 0c37 10       		.byte	16
 3157 0c38 CC       		.byte	-52
 3158 0c39 10       		.byte	16
 3159 0c3a D4       		.byte	-44
 3160 0c3b 20       		.byte	32
 3161 0c3c D6       		.byte	-42
 3162 0c3d 20       		.byte	32
 3163 0c3e E4       		.byte	-28
 3164 0c3f 80       		.byte	-128
 3165 0c40 E6       		.byte	-26
 3166 0c41 20       		.byte	32
 3167 0c42 EE       		.byte	-18
 3168 0c43 40       		.byte	64
 3169 0c44 53       		.byte	83
 3170 0c45 08       		.byte	8
 3171 0c46 97       		.byte	-105
 3172 0c47 02       		.byte	2
 3173 0c48 A4       		.byte	-92
 3174 0c49 80       		.byte	-128
 3175 0c4a A6       		.byte	-90
 3176 0c4b 40       		.byte	64
 3177 0c4c A8       		.byte	-88
 3178 0c4d 02       		.byte	2
 3179 0c4e A9       		.byte	-87
 3180 0c4f 20       		.byte	32
 3181 0c50 AA       		.byte	-86
 3182 0c51 40       		.byte	64
 3183 0c52 AF       		.byte	-81
 3184 0c53 10       		.byte	16
 3185 0c54 B1       		.byte	-79
 3186 0c55 20       		.byte	32
 3187 0c56 D4       		.byte	-44
 3188 0c57 20       		.byte	32
 3189 0c58 EA       		.byte	-22
 3190 0c59 20       		.byte	32
 3191 0c5a EC       		.byte	-20
 3192 0c5b 40       		.byte	64
ARM GAS  C:\Users\91819\AppData\Local\Temp\ccPcrfbB.s 			page 57


 3193 0c5c 1B       		.byte	27
 3194 0c5d 08       		.byte	8
 3195 0c5e 62       		.byte	98
 3196 0c5f 02       		.byte	2
 3197 0c60 82       		.byte	-126
 3198 0c61 02       		.byte	2
 3199 0c62 8F       		.byte	-113
 3200 0c63 20       		.byte	32
 3201 0c64 A4       		.byte	-92
 3202 0c65 80       		.byte	-128
 3203 0c66 A6       		.byte	-90
 3204 0c67 40       		.byte	64
 3205 0c68 A7       		.byte	-89
 3206 0c69 08       		.byte	8
 3207 0c6a AB       		.byte	-85
 3208 0c6b 01       		.byte	1
 3209 0c6c C6       		.byte	-58
 3210 0c6d 10       		.byte	16
 3211 0c6e D8       		.byte	-40
 3212 0c6f 40       		.byte	64
 3213 0c70 E2       		.byte	-30
 3214 0c71 80       		.byte	-128
 3215 0c72 EE       		.byte	-18
 3216 0c73 20       		.byte	32
 3217 0c74 7B       		.byte	123
 3218 0c75 02       		.byte	2
 3219 0c76 83       		.byte	-125
 3220 0c77 02       		.byte	2
 3221 0c78 DC       		.byte	-36
 3222 0c79 01       		.byte	1
 3223 0c7a 59       		.byte	89
 3224 0c7b 40       		.byte	64
 3225 0c7c 5C       		.byte	92
 3226 0c7d 02       		.byte	2
 3227 0c7e 64       		.byte	100
 3228 0c7f 04       		.byte	4
 3229 0c80 80       		.byte	-128
 3230 0c81 20       		.byte	32
 3231 0c82 95       		.byte	-107
 3232 0c83 02       		.byte	2
 3233 0c84 98       		.byte	-104
 3234 0c85 04       		.byte	4
 3235 0c86 AD       		.byte	-83
 3236 0c87 01       		.byte	1
 3237 0c88 B0       		.byte	-80
 3238 0c89 04       		.byte	4
 3239 0c8a D4       		.byte	-44
 3240 0c8b 01       		.byte	1
 3241 0c8c D6       		.byte	-42
 3242 0c8d 01       		.byte	1
 3243 0c8e D8       		.byte	-40
 3244 0c8f 01       		.byte	1
 3245 0c90 EC       		.byte	-20
 3246 0c91 01       		.byte	1
 3247 0c92 1B       		.byte	27
 3248 0c93 04       		.byte	4
 3249 0c94 24       		.byte	36
ARM GAS  C:\Users\91819\AppData\Local\Temp\ccPcrfbB.s 			page 58


 3250 0c95 10       		.byte	16
 3251 0c96 89       		.byte	-119
 3252 0c97 40       		.byte	64
 3253 0c98 95       		.byte	-107
 3254 0c99 02       		.byte	2
 3255 0c9a 9C       		.byte	-100
 3256 0c9b 22       		.byte	34
 3257 0c9c 9D       		.byte	-99
 3258 0c9d 40       		.byte	64
 3259 0c9e C6       		.byte	-58
 3260 0c9f 08       		.byte	8
 3261 0ca0 C8       		.byte	-56
 3262 0ca1 01       		.byte	1
 3263 0ca2 E0       		.byte	-32
 3264 0ca3 01       		.byte	1
 3265 0ca4 08       		.byte	8
 3266 0ca5 20       		.byte	32
 3267 0ca6 0B       		.byte	11
 3268 0ca7 40       		.byte	64
 3269 0ca8 0D       		.byte	13
 3270 0ca9 01       		.byte	1
 3271 0caa 47       		.byte	71
 3272 0cab 80       		.byte	-128
 3273 0cac 8A       		.byte	-118
 3274 0cad 10       		.byte	16
 3275 0cae 8D       		.byte	-115
 3276 0caf 04       		.byte	4
 3277 0cb0 8F       		.byte	-113
 3278 0cb1 80       		.byte	-128
 3279 0cb2 95       		.byte	-107
 3280 0cb3 02       		.byte	2
 3281 0cb4 9C       		.byte	-100
 3282 0cb5 22       		.byte	34
 3283 0cb6 AB       		.byte	-85
 3284 0cb7 04       		.byte	4
 3285 0cb8 B4       		.byte	-76
 3286 0cb9 10       		.byte	16
 3287 0cba C2       		.byte	-62
 3288 0cbb 0E       		.byte	14
 3289 0cbc D0       		.byte	-48
 3290 0cbd 04       		.byte	4
 3291 0cbe E0       		.byte	-32
 3292 0cbf 08       		.byte	8
 3293 0cc0 E4       		.byte	-28
 3294 0cc1 0C       		.byte	12
 3295 0cc2 EA       		.byte	-22
 3296 0cc3 08       		.byte	8
 3297 0cc4 27       		.byte	39
 3298 0cc5 20       		.byte	32
 3299 0cc6 9F       		.byte	-97
 3300 0cc7 20       		.byte	32
 3301 0cc8 A4       		.byte	-92
 3302 0cc9 80       		.byte	-128
 3303 0cca AE       		.byte	-82
 3304 0ccb 40       		.byte	64
 3305 0ccc C8       		.byte	-56
 3306 0ccd 80       		.byte	-128
ARM GAS  C:\Users\91819\AppData\Local\Temp\ccPcrfbB.s 			page 59


 3307 0cce EE       		.byte	-18
 3308 0ccf 40       		.byte	64
 3309 0cd0 A8       		.byte	-88
 3310 0cd1 80       		.byte	-128
 3311 0cd2 EA       		.byte	-22
 3312 0cd3 20       		.byte	32
 3313 0cd4 53       		.byte	83
 3314 0cd5 80       		.byte	-128
 3315 0cd6 56       		.byte	86
 3316 0cd7 10       		.byte	16
 3317 0cd8 59       		.byte	89
 3318 0cd9 04       		.byte	4
 3319 0cda 5B       		.byte	91
 3320 0cdb 20       		.byte	32
 3321 0cdc 5E       		.byte	94
 3322 0cdd 80       		.byte	-128
 3323 0cde 5F       		.byte	95
 3324 0cdf 02       		.byte	2
 3325 0ce0 62       		.byte	98
 3326 0ce1 04       		.byte	4
 3327 0ce2 66       		.byte	102
 3328 0ce3 20       		.byte	32
 3329 0ce4 8A       		.byte	-118
 3330 0ce5 40       		.byte	64
 3331 0ce6 8F       		.byte	-113
 3332 0ce7 20       		.byte	32
 3333 0ce8 99       		.byte	-103
 3334 0ce9 04       		.byte	4
 3335 0cea 9A       		.byte	-102
 3336 0ceb 34       		.byte	52
 3337 0cec 9B       		.byte	-101
 3338 0ced 02       		.byte	2
 3339 0cee 9C       		.byte	-100
 3340 0cef 02       		.byte	2
 3341 0cf0 A3       		.byte	-93
 3342 0cf1 80       		.byte	-128
 3343 0cf2 AF       		.byte	-81
 3344 0cf3 40       		.byte	64
 3345 0cf4 B2       		.byte	-78
 3346 0cf5 20       		.byte	32
 3347 0cf6 B3       		.byte	-77
 3348 0cf7 82       		.byte	-126
 3349 0cf8 B6       		.byte	-74
 3350 0cf9 04       		.byte	4
 3351 0cfa D4       		.byte	-44
 3352 0cfb 07       		.byte	7
 3353 0cfc D6       		.byte	-42
 3354 0cfd 07       		.byte	7
 3355 0cfe D8       		.byte	-40
 3356 0cff 03       		.byte	3
 3357 0d00 E0       		.byte	-32
 3358 0d01 04       		.byte	4
 3359 0d02 E4       		.byte	-28
 3360 0d03 08       		.byte	8
 3361 0d04 E8       		.byte	-24
 3362 0d05 05       		.byte	5
 3363 0d06 EC       		.byte	-20
ARM GAS  C:\Users\91819\AppData\Local\Temp\ccPcrfbB.s 			page 60


 3364 0d07 09       		.byte	9
 3365 0d08 10       		.byte	16
 3366 0d09 10       		.byte	16
 3367 0d0a 70       		.byte	112
 3368 0d0b 01       		.byte	1
 3369 0d0c 7C       		.byte	124
 3370 0d0d 40       		.byte	64
 3371 0d0e 88       		.byte	-120
 3372 0d0f 10       		.byte	16
 3373 0d10 8C       		.byte	-116
 3374 0d11 40       		.byte	64
 3375 0d12 90       		.byte	-112
 3376 0d13 02       		.byte	2
 3377 0d14 A8       		.byte	-88
 3378 0d15 01       		.byte	1
 3379 0d16 B0       		.byte	-80
 3380 0d17 02       		.byte	2
 3381 0d18 C4       		.byte	-60
 3382 0d19 08       		.byte	8
 3383 0d1a DC       		.byte	-36
 3384 0d1b 01       		.byte	1
 3385 0d1c DE       		.byte	-34
 3386 0d1d 04       		.byte	4
 3387 0d1e E0       		.byte	-32
 3388 0d1f 02       		.byte	2
 3389 0d20 E2       		.byte	-30
 3390 0d21 04       		.byte	4
 3391 0d22 E8       		.byte	-24
 3392 0d23 04       		.byte	4
 3393 0d24 00       		.byte	0
 3394 0d25 0F       		.byte	15
 3395 0d26 02       		.byte	2
 3396 0d27 14       		.byte	20
 3397 0d28 08       		.byte	8
 3398 0d29 04       		.byte	4
 3399 0d2a 0A       		.byte	10
 3400 0d2b 06       		.byte	6
 3401 0d2c 0C       		.byte	12
 3402 0d2d 0D       		.byte	13
 3403 0d2e 0E       		.byte	14
 3404 0d2f 07       		.byte	7
 3405 0d30 10       		.byte	16
 3406 0d31 0F       		.byte	15
 3407 0d32 11       		.byte	17
 3408 0d33 01       		.byte	1
 3409 0d34 12       		.byte	18
 3410 0d35 14       		.byte	20
 3411 0d36 1A       		.byte	26
 3412 0d37 0C       		.byte	12
 3413 0d38 1B       		.byte	27
 3414 0d39 01       		.byte	1
 3415 0d3a 1C       		.byte	28
 3416 0d3b 0F       		.byte	15
 3417 0d3c 1D       		.byte	29
 3418 0d3d 01       		.byte	1
 3419 0d3e 00       		.byte	0
 3420 0d3f AB       		.byte	-85
ARM GAS  C:\Users\91819\AppData\Local\Temp\ccPcrfbB.s 			page 61


 3421 0d40 01       		.byte	1
 3422 0d41 0F       		.byte	15
 3423 0d42 10       		.byte	16
 3424 0d43 0A       		.byte	10
 3425 0d44 1C       		.byte	28
 3426 0d45 C0       		.byte	-64
 3427 0d46 C0       		.byte	-64
 3428 0d47 00       		.byte	0
 3429 0d48 00       		.byte	0
 3430 0d49 03       		.byte	3
 3431 0d4a 03       		.byte	3
 3432 0d4b 00       		.byte	0
 3433 0d4c 80       		.byte	-128
 3434 0d4d 00       		.byte	0
 3435 0d4e 40       		.byte	64
 3436 0d4f BC       		.byte	-68
 3437 0d50 BC       		.byte	-68
 3438 0d51 00       		.byte	0
 3439 0d52 B4       		.byte	-76
 3440 0d53 00       		.byte	0
 3441 0d54 00       		.byte	0
 3442 0d55 00       		.byte	0
 3443 0d56 00       		.byte	0
 3444 0d57 00       		.byte	0
 3445 0d58 40       		.byte	64
 3446 0d59 00       		.byte	0
 3447 0d5a 00       		.byte	0
 3448 0d5b 00       		.byte	0
 3449 0d5c 00       		.byte	0
 3450 0d5d 00       		.byte	0
 3451 0d5e 00       		.byte	0
 3452 0d5f 00       		.byte	0
 3453 0d60 C0       		.byte	-64
 3454 0d61 00       		.byte	0
 3455 0d62 00       		.byte	0
 3456 0d63 00       		.byte	0
 3457 0d64 00       		.byte	0
 3458 0d65 FF       		.byte	-1
 3459 0d66 FF       		.byte	-1
 3460 0d67 00       		.byte	0
 3461 0d68 FF       		.byte	-1
 3462 0d69 00       		.byte	0
 3463 0d6a 00       		.byte	0
 3464 0d6b 00       		.byte	0
 3465 0d6c 00       		.byte	0
 3466 0d6d 39       		.byte	57
 3467 0d6e 39       		.byte	57
 3468 0d6f 00       		.byte	0
 3469 0d70 38       		.byte	56
 3470 0d71 00       		.byte	0
 3471 0d72 00       		.byte	0
 3472 0d73 00       		.byte	0
 3473 0d74 00       		.byte	0
 3474 0d75 38       		.byte	56
 3475 0d76 38       		.byte	56
 3476 0d77 00       		.byte	0
 3477 0d78 08       		.byte	8
ARM GAS  C:\Users\91819\AppData\Local\Temp\ccPcrfbB.s 			page 62


 3478 0d79 00       		.byte	0
 3479 0d7a 00       		.byte	0
 3480 0d7b 00       		.byte	0
 3481 0d7c 00       		.byte	0
 3482 0d7d 01       		.byte	1
 3483 0d7e 00       		.byte	0
 3484 0d7f 00       		.byte	0
 3485              		.section	.cywolatch,"a",%progbits
 3486              		.align	2
 3487              		.type	cy_meta_wonvl, %object
 3488              		.size	cy_meta_wonvl, 4
 3489              	cy_meta_wonvl:
 3490 0000 BC       		.byte	-68
 3491 0001 90       		.byte	-112
 3492 0002 AC       		.byte	-84
 3493 0003 AF       		.byte	-81
 3494              		.section	.cycustnvl,"a",%progbits
 3495              		.align	2
 3496              		.type	cy_meta_custnvl, %object
 3497              		.size	cy_meta_custnvl, 4
 3498              	cy_meta_custnvl:
 3499 0000 00       		.byte	0
 3500 0001 00       		.byte	0
 3501 0002 40       		.byte	64
 3502 0003 07       		.byte	7
 3503              		.section	.cymeta,"a",%progbits
 3504              		.align	2
 3505              		.type	cy_metadata, %object
 3506              		.size	cy_metadata, 12
 3507              	cy_metadata:
 3508 0000 00       		.byte	0
 3509 0001 01       		.byte	1
 3510 0002 2E       		.byte	46
 3511 0003 16       		.byte	22
 3512 0004 10       		.byte	16
 3513 0005 69       		.byte	105
 3514 0006 00       		.byte	0
 3515 0007 01       		.byte	1
 3516 0008 00       		.byte	0
 3517 0009 00       		.byte	0
 3518 000a 00       		.byte	0
 3519 000b 00       		.byte	0
 3520              		.section	.cyflashprotect,"a",%progbits
 3521              		.align	2
 3522              		.type	cy_meta_flashprotect, %object
 3523              		.size	cy_meta_flashprotect, 256
 3524              	cy_meta_flashprotect:
 3525 0000 00000000 		.space	256
 3525      00000000 
 3525      00000000 
 3525      00000000 
 3525      00000000 
 3526              		.text
 3527              	.Letext0:
 3528              		.file 1 "c:\\program files (x86)\\cypress\\psoc creator\\4.4\\psoc creator\\import\\gnu\\arm\\5.4.
 3529              		.file 2 "c:\\program files (x86)\\cypress\\psoc creator\\4.4\\psoc creator\\import\\gnu\\arm\\5.4.
 3530              		.file 3 "Generated_Source\\PSoC5\\cymetadata.c"
ARM GAS  C:\Users\91819\AppData\Local\Temp\ccPcrfbB.s 			page 63


 3531              		.section	.debug_info,"",%progbits
 3532              	.Ldebug_info0:
 3533 0000 35010000 		.4byte	0x135
 3534 0004 0400     		.2byte	0x4
 3535 0006 00000000 		.4byte	.Ldebug_abbrev0
 3536 000a 04       		.byte	0x4
 3537 000b 01       		.uleb128 0x1
 3538 000c 24000000 		.4byte	.LASF17
 3539 0010 0C       		.byte	0xc
 3540 0011 08020000 		.4byte	.LASF18
 3541 0015 5F010000 		.4byte	.LASF19
 3542 0019 00000000 		.4byte	.Ldebug_line0
 3543 001d 02       		.uleb128 0x2
 3544 001e 01       		.byte	0x1
 3545 001f 06       		.byte	0x6
 3546 0020 FC010000 		.4byte	.LASF0
 3547 0024 03       		.uleb128 0x3
 3548 0025 00000000 		.4byte	.LASF9
 3549 0029 01       		.byte	0x1
 3550 002a 1D       		.byte	0x1d
 3551 002b 2F000000 		.4byte	0x2f
 3552 002f 02       		.uleb128 0x2
 3553 0030 01       		.byte	0x1
 3554 0031 08       		.byte	0x8
 3555 0032 16000000 		.4byte	.LASF1
 3556 0036 02       		.uleb128 0x2
 3557 0037 02       		.byte	0x2
 3558 0038 05       		.byte	0x5
 3559 0039 E9010000 		.4byte	.LASF2
 3560 003d 02       		.uleb128 0x2
 3561 003e 02       		.byte	0x2
 3562 003f 07       		.byte	0x7
 3563 0040 C4000000 		.4byte	.LASF3
 3564 0044 02       		.uleb128 0x2
 3565 0045 04       		.byte	0x4
 3566 0046 05       		.byte	0x5
 3567 0047 F3010000 		.4byte	.LASF4
 3568 004b 02       		.uleb128 0x2
 3569 004c 04       		.byte	0x4
 3570 004d 07       		.byte	0x7
 3571 004e B2000000 		.4byte	.LASF5
 3572 0052 02       		.uleb128 0x2
 3573 0053 08       		.byte	0x8
 3574 0054 05       		.byte	0x5
 3575 0055 51010000 		.4byte	.LASF6
 3576 0059 02       		.uleb128 0x2
 3577 005a 08       		.byte	0x8
 3578 005b 07       		.byte	0x7
 3579 005c 06010000 		.4byte	.LASF7
 3580 0060 04       		.uleb128 0x4
 3581 0061 04       		.byte	0x4
 3582 0062 05       		.byte	0x5
 3583 0063 696E7400 		.ascii	"int\000"
 3584 0067 02       		.uleb128 0x2
 3585 0068 04       		.byte	0x4
 3586 0069 07       		.byte	0x7
 3587 006a F9000000 		.4byte	.LASF8
ARM GAS  C:\Users\91819\AppData\Local\Temp\ccPcrfbB.s 			page 64


 3588 006e 03       		.uleb128 0x3
 3589 006f 1D010000 		.4byte	.LASF10
 3590 0073 02       		.byte	0x2
 3591 0074 18       		.byte	0x18
 3592 0075 24000000 		.4byte	0x24
 3593 0079 05       		.uleb128 0x5
 3594 007a 91000000 		.4byte	0x91
 3595 007e 8A000000 		.4byte	0x8a
 3596 0082 06       		.uleb128 0x6
 3597 0083 8A000000 		.4byte	0x8a
 3598 0087 7F0D     		.2byte	0xd7f
 3599 0089 00       		.byte	0
 3600 008a 02       		.uleb128 0x2
 3601 008b 04       		.byte	0x4
 3602 008c 07       		.byte	0x7
 3603 008d 48010000 		.4byte	.LASF11
 3604 0091 07       		.uleb128 0x7
 3605 0092 6E000000 		.4byte	0x6e
 3606 0096 08       		.uleb128 0x8
 3607 0097 E7000000 		.4byte	.LASF12
 3608 009b 03       		.byte	0x3
 3609 009c 1F       		.byte	0x1f
 3610 009d A7000000 		.4byte	0xa7
 3611 00a1 05       		.uleb128 0x5
 3612 00a2 03       		.byte	0x3
 3613 00a3 00000000 		.4byte	cy_meta_configecc
 3614 00a7 07       		.uleb128 0x7
 3615 00a8 79000000 		.4byte	0x79
 3616 00ac 05       		.uleb128 0x5
 3617 00ad 91000000 		.4byte	0x91
 3618 00b1 BC000000 		.4byte	0xbc
 3619 00b5 09       		.uleb128 0x9
 3620 00b6 8A000000 		.4byte	0x8a
 3621 00ba 03       		.byte	0x3
 3622 00bb 00       		.byte	0
 3623 00bc 0A       		.uleb128 0xa
 3624 00bd D7000000 		.4byte	.LASF13
 3625 00c1 03       		.byte	0x3
 3626 00c2 DC01     		.2byte	0x1dc
 3627 00c4 CE000000 		.4byte	0xce
 3628 00c8 05       		.uleb128 0x5
 3629 00c9 03       		.byte	0x3
 3630 00ca 00000000 		.4byte	cy_meta_custnvl
 3631 00ce 07       		.uleb128 0x7
 3632 00cf AC000000 		.4byte	0xac
 3633 00d3 0A       		.uleb128 0xa
 3634 00d4 3A010000 		.4byte	.LASF14
 3635 00d8 03       		.byte	0x3
 3636 00d9 EA01     		.2byte	0x1ea
 3637 00db E5000000 		.4byte	0xe5
 3638 00df 05       		.uleb128 0x5
 3639 00e0 03       		.byte	0x3
 3640 00e1 00000000 		.4byte	cy_meta_wonvl
 3641 00e5 07       		.uleb128 0x7
 3642 00e6 AC000000 		.4byte	0xac
 3643 00ea 05       		.uleb128 0x5
 3644 00eb 91000000 		.4byte	0x91
ARM GAS  C:\Users\91819\AppData\Local\Temp\ccPcrfbB.s 			page 65


 3645 00ef FA000000 		.4byte	0xfa
 3646 00f3 09       		.uleb128 0x9
 3647 00f4 8A000000 		.4byte	0x8a
 3648 00f8 FF       		.byte	0xff
 3649 00f9 00       		.byte	0
 3650 00fa 0A       		.uleb128 0xa
 3651 00fb 25010000 		.4byte	.LASF15
 3652 00ff 03       		.byte	0x3
 3653 0100 F801     		.2byte	0x1f8
 3654 0102 0C010000 		.4byte	0x10c
 3655 0106 05       		.uleb128 0x5
 3656 0107 03       		.byte	0x3
 3657 0108 00000000 		.4byte	cy_meta_flashprotect
 3658 010c 07       		.uleb128 0x7
 3659 010d EA000000 		.4byte	0xea
 3660 0111 05       		.uleb128 0x5
 3661 0112 91000000 		.4byte	0x91
 3662 0116 21010000 		.4byte	0x121
 3663 011a 09       		.uleb128 0x9
 3664 011b 8A000000 		.4byte	0x8a
 3665 011f 0B       		.byte	0xb
 3666 0120 00       		.byte	0
 3667 0121 0A       		.uleb128 0xa
 3668 0122 0A000000 		.4byte	.LASF16
 3669 0126 03       		.byte	0x3
 3670 0127 2502     		.2byte	0x225
 3671 0129 33010000 		.4byte	0x133
 3672 012d 05       		.uleb128 0x5
 3673 012e 03       		.byte	0x3
 3674 012f 00000000 		.4byte	cy_metadata
 3675 0133 07       		.uleb128 0x7
 3676 0134 11010000 		.4byte	0x111
 3677 0138 00       		.byte	0
 3678              		.section	.debug_abbrev,"",%progbits
 3679              	.Ldebug_abbrev0:
 3680 0000 01       		.uleb128 0x1
 3681 0001 11       		.uleb128 0x11
 3682 0002 01       		.byte	0x1
 3683 0003 25       		.uleb128 0x25
 3684 0004 0E       		.uleb128 0xe
 3685 0005 13       		.uleb128 0x13
 3686 0006 0B       		.uleb128 0xb
 3687 0007 03       		.uleb128 0x3
 3688 0008 0E       		.uleb128 0xe
 3689 0009 1B       		.uleb128 0x1b
 3690 000a 0E       		.uleb128 0xe
 3691 000b 10       		.uleb128 0x10
 3692 000c 17       		.uleb128 0x17
 3693 000d 00       		.byte	0
 3694 000e 00       		.byte	0
 3695 000f 02       		.uleb128 0x2
 3696 0010 24       		.uleb128 0x24
 3697 0011 00       		.byte	0
 3698 0012 0B       		.uleb128 0xb
 3699 0013 0B       		.uleb128 0xb
 3700 0014 3E       		.uleb128 0x3e
 3701 0015 0B       		.uleb128 0xb
ARM GAS  C:\Users\91819\AppData\Local\Temp\ccPcrfbB.s 			page 66


 3702 0016 03       		.uleb128 0x3
 3703 0017 0E       		.uleb128 0xe
 3704 0018 00       		.byte	0
 3705 0019 00       		.byte	0
 3706 001a 03       		.uleb128 0x3
 3707 001b 16       		.uleb128 0x16
 3708 001c 00       		.byte	0
 3709 001d 03       		.uleb128 0x3
 3710 001e 0E       		.uleb128 0xe
 3711 001f 3A       		.uleb128 0x3a
 3712 0020 0B       		.uleb128 0xb
 3713 0021 3B       		.uleb128 0x3b
 3714 0022 0B       		.uleb128 0xb
 3715 0023 49       		.uleb128 0x49
 3716 0024 13       		.uleb128 0x13
 3717 0025 00       		.byte	0
 3718 0026 00       		.byte	0
 3719 0027 04       		.uleb128 0x4
 3720 0028 24       		.uleb128 0x24
 3721 0029 00       		.byte	0
 3722 002a 0B       		.uleb128 0xb
 3723 002b 0B       		.uleb128 0xb
 3724 002c 3E       		.uleb128 0x3e
 3725 002d 0B       		.uleb128 0xb
 3726 002e 03       		.uleb128 0x3
 3727 002f 08       		.uleb128 0x8
 3728 0030 00       		.byte	0
 3729 0031 00       		.byte	0
 3730 0032 05       		.uleb128 0x5
 3731 0033 01       		.uleb128 0x1
 3732 0034 01       		.byte	0x1
 3733 0035 49       		.uleb128 0x49
 3734 0036 13       		.uleb128 0x13
 3735 0037 01       		.uleb128 0x1
 3736 0038 13       		.uleb128 0x13
 3737 0039 00       		.byte	0
 3738 003a 00       		.byte	0
 3739 003b 06       		.uleb128 0x6
 3740 003c 21       		.uleb128 0x21
 3741 003d 00       		.byte	0
 3742 003e 49       		.uleb128 0x49
 3743 003f 13       		.uleb128 0x13
 3744 0040 2F       		.uleb128 0x2f
 3745 0041 05       		.uleb128 0x5
 3746 0042 00       		.byte	0
 3747 0043 00       		.byte	0
 3748 0044 07       		.uleb128 0x7
 3749 0045 26       		.uleb128 0x26
 3750 0046 00       		.byte	0
 3751 0047 49       		.uleb128 0x49
 3752 0048 13       		.uleb128 0x13
 3753 0049 00       		.byte	0
 3754 004a 00       		.byte	0
 3755 004b 08       		.uleb128 0x8
 3756 004c 34       		.uleb128 0x34
 3757 004d 00       		.byte	0
 3758 004e 03       		.uleb128 0x3
ARM GAS  C:\Users\91819\AppData\Local\Temp\ccPcrfbB.s 			page 67


 3759 004f 0E       		.uleb128 0xe
 3760 0050 3A       		.uleb128 0x3a
 3761 0051 0B       		.uleb128 0xb
 3762 0052 3B       		.uleb128 0x3b
 3763 0053 0B       		.uleb128 0xb
 3764 0054 49       		.uleb128 0x49
 3765 0055 13       		.uleb128 0x13
 3766 0056 3F       		.uleb128 0x3f
 3767 0057 19       		.uleb128 0x19
 3768 0058 02       		.uleb128 0x2
 3769 0059 18       		.uleb128 0x18
 3770 005a 00       		.byte	0
 3771 005b 00       		.byte	0
 3772 005c 09       		.uleb128 0x9
 3773 005d 21       		.uleb128 0x21
 3774 005e 00       		.byte	0
 3775 005f 49       		.uleb128 0x49
 3776 0060 13       		.uleb128 0x13
 3777 0061 2F       		.uleb128 0x2f
 3778 0062 0B       		.uleb128 0xb
 3779 0063 00       		.byte	0
 3780 0064 00       		.byte	0
 3781 0065 0A       		.uleb128 0xa
 3782 0066 34       		.uleb128 0x34
 3783 0067 00       		.byte	0
 3784 0068 03       		.uleb128 0x3
 3785 0069 0E       		.uleb128 0xe
 3786 006a 3A       		.uleb128 0x3a
 3787 006b 0B       		.uleb128 0xb
 3788 006c 3B       		.uleb128 0x3b
 3789 006d 05       		.uleb128 0x5
 3790 006e 49       		.uleb128 0x49
 3791 006f 13       		.uleb128 0x13
 3792 0070 3F       		.uleb128 0x3f
 3793 0071 19       		.uleb128 0x19
 3794 0072 02       		.uleb128 0x2
 3795 0073 18       		.uleb128 0x18
 3796 0074 00       		.byte	0
 3797 0075 00       		.byte	0
 3798 0076 00       		.byte	0
 3799              		.section	.debug_aranges,"",%progbits
 3800 0000 14000000 		.4byte	0x14
 3801 0004 0200     		.2byte	0x2
 3802 0006 00000000 		.4byte	.Ldebug_info0
 3803 000a 04       		.byte	0x4
 3804 000b 00       		.byte	0
 3805 000c 0000     		.2byte	0
 3806 000e 0000     		.2byte	0
 3807 0010 00000000 		.4byte	0
 3808 0014 00000000 		.4byte	0
 3809              		.section	.debug_line,"",%progbits
 3810              	.Ldebug_line0:
 3811 0000 3D010000 		.section	.debug_str,"MS",%progbits,1
 3811      02003701 
 3811      00000201 
 3811      FB0E0D00 
 3811      01010101 
ARM GAS  C:\Users\91819\AppData\Local\Temp\ccPcrfbB.s 			page 68


 3812              	.LASF9:
 3813 0000 5F5F7569 		.ascii	"__uint8_t\000"
 3813      6E74385F 
 3813      7400
 3814              	.LASF16:
 3815 000a 63795F6D 		.ascii	"cy_metadata\000"
 3815      65746164 
 3815      61746100 
 3816              	.LASF1:
 3817 0016 756E7369 		.ascii	"unsigned char\000"
 3817      676E6564 
 3817      20636861 
 3817      7200
 3818              	.LASF17:
 3819 0024 474E5520 		.ascii	"GNU C11 5.4.1 20160609 (release) [ARM/embedded-5-br"
 3819      43313120 
 3819      352E342E 
 3819      31203230 
 3819      31363036 
 3820 0057 616E6368 		.ascii	"anch revision 237715] -mcpu=cortex-m3 -mthumb -g -O"
 3820      20726576 
 3820      6973696F 
 3820      6E203233 
 3820      37373135 
 3821 008a 67202D66 		.ascii	"g -ffunction-sections -ffat-lto-objects\000"
 3821      66756E63 
 3821      74696F6E 
 3821      2D736563 
 3821      74696F6E 
 3822              	.LASF5:
 3823 00b2 6C6F6E67 		.ascii	"long unsigned int\000"
 3823      20756E73 
 3823      69676E65 
 3823      6420696E 
 3823      7400
 3824              	.LASF3:
 3825 00c4 73686F72 		.ascii	"short unsigned int\000"
 3825      7420756E 
 3825      7369676E 
 3825      65642069 
 3825      6E7400
 3826              	.LASF13:
 3827 00d7 63795F6D 		.ascii	"cy_meta_custnvl\000"
 3827      6574615F 
 3827      63757374 
 3827      6E766C00 
 3828              	.LASF12:
 3829 00e7 63795F6D 		.ascii	"cy_meta_configecc\000"
 3829      6574615F 
 3829      636F6E66 
 3829      69676563 
 3829      6300
 3830              	.LASF8:
 3831 00f9 756E7369 		.ascii	"unsigned int\000"
 3831      676E6564 
 3831      20696E74 
 3831      00
ARM GAS  C:\Users\91819\AppData\Local\Temp\ccPcrfbB.s 			page 69


 3832              	.LASF7:
 3833 0106 6C6F6E67 		.ascii	"long long unsigned int\000"
 3833      206C6F6E 
 3833      6720756E 
 3833      7369676E 
 3833      65642069 
 3834              	.LASF10:
 3835 011d 75696E74 		.ascii	"uint8_t\000"
 3835      385F7400 
 3836              	.LASF15:
 3837 0125 63795F6D 		.ascii	"cy_meta_flashprotect\000"
 3837      6574615F 
 3837      666C6173 
 3837      6870726F 
 3837      74656374 
 3838              	.LASF14:
 3839 013a 63795F6D 		.ascii	"cy_meta_wonvl\000"
 3839      6574615F 
 3839      776F6E76 
 3839      6C00
 3840              	.LASF11:
 3841 0148 73697A65 		.ascii	"sizetype\000"
 3841      74797065 
 3841      00
 3842              	.LASF6:
 3843 0151 6C6F6E67 		.ascii	"long long int\000"
 3843      206C6F6E 
 3843      6720696E 
 3843      7400
 3844              	.LASF19:
 3845 015f 433A5C55 		.ascii	"C:\\Users\\91819\\Documents\\HDA_Sem2\\EAA\\Lab\\Wo"
 3845      73657273 
 3845      5C393138 
 3845      31395C44 
 3845      6F63756D 
 3846 018b 726B7370 		.ascii	"rkspace01\\Workspace03\\electronicClock_v3.cydsn\\e"
 3846      61636530 
 3846      315C576F 
 3846      726B7370 
 3846      61636530 
 3847 01bb 6C656374 		.ascii	"lectronicClock_v3.cydsn\\electronicClock.cydsn\000"
 3847      726F6E69 
 3847      63436C6F 
 3847      636B5F76 
 3847      332E6379 
 3848              	.LASF2:
 3849 01e9 73686F72 		.ascii	"short int\000"
 3849      7420696E 
 3849      7400
 3850              	.LASF4:
 3851 01f3 6C6F6E67 		.ascii	"long int\000"
 3851      20696E74 
 3851      00
 3852              	.LASF0:
 3853 01fc 7369676E 		.ascii	"signed char\000"
 3853      65642063 
 3853      68617200 
ARM GAS  C:\Users\91819\AppData\Local\Temp\ccPcrfbB.s 			page 70


 3854              	.LASF18:
 3855 0208 47656E65 		.ascii	"Generated_Source\\PSoC5\\cymetadata.c\000"
 3855      72617465 
 3855      645F536F 
 3855      75726365 
 3855      5C50536F 
 3856              		.ident	"GCC: (GNU Tools for ARM Embedded Processors) 5.4.1 20160609 (release) [ARM/embedded-5-bran
