ARM GAS  C:\Users\91819\AppData\Local\Temp\cc2mYg3x.s 			page 1


   1              		.syntax unified
   2              		.cpu cortex-m3
   3              		.fpu softvfp
   4              		.eabi_attribute 20, 1
   5              		.eabi_attribute 21, 1
   6              		.eabi_attribute 23, 3
   7              		.eabi_attribute 24, 1
   8              		.eabi_attribute 25, 1
   9              		.eabi_attribute 26, 1
  10              		.eabi_attribute 30, 1
  11              		.eabi_attribute 34, 1
  12              		.eabi_attribute 18, 4
  13              		.thumb
  14              		.syntax unified
  15              		.file	"sp_common.c"
  16              		.text
  17              	.Ltext0:
  18              		.cfi_sections	.debug_frame
  19              		.section	.text.RTE_timertick_sp_common_tick,"ax",%progbits
  20              		.align	2
  21              		.global	RTE_timertick_sp_common_tick
  22              		.thumb
  23              		.thumb_func
  24              		.type	RTE_timertick_sp_common_tick, %function
  25              	RTE_timertick_sp_common_tick:
  26              	.LFB131:
  27              		.file 1 "rte\\sp_common.c"
   1:rte/sp_common.c **** 
   2:rte/sp_common.c **** 
   3:rte/sp_common.c **** /*
   4:rte/sp_common.c ****  * Filename: sp_common.c
   5:rte/sp_common.c ****  *
   6:rte/sp_common.c ****  * Author: Autogenerated by H-DA RTE Generator, (c) Prof. Fromm
   7:rte/sp_common.c ****  */
   8:rte/sp_common.c **** 
   9:rte/sp_common.c **** #include "project.h"
  10:rte/sp_common.c **** #include "global.h"
  11:rte/sp_common.c **** #include "rte.h"
  12:rte/sp_common.c **** #include "rte_types.h"
  13:rte/sp_common.c **** #include "sp_common.h"
  14:rte/sp_common.c **** 
  15:rte/sp_common.c **** 
  16:rte/sp_common.c **** 
  17:rte/sp_common.c **** /* USER CODE START SP_COMMON_INCLUDE */
  18:rte/sp_common.c **** 
  19:rte/sp_common.c **** /* USER CODE END SP_COMMON_INCLUDE */
  20:rte/sp_common.c **** 
  21:rte/sp_common.c **** #include "sc_clock.h"
  22:rte/sp_common.c **** #include "sc_clock_type.h"
  23:rte/sp_common.c **** #include "sc_clock.h"
  24:rte/sp_common.c **** #include "sc_clock_type.h"
  25:rte/sp_common.c **** #include "sc_event.h"
  26:rte/sp_common.c **** #include "sc_event_type.h"
  27:rte/sp_common.c **** 
  28:rte/sp_common.c **** 
  29:rte/sp_common.c **** 
  30:rte/sp_common.c **** /* signal configuration */
ARM GAS  C:\Users\91819\AppData\Local\Temp\cc2mYg3x.s 			page 2


  31:rte/sp_common.c **** /*
  32:rte/sp_common.c **** * description: A Signal
  33:rte/sp_common.c **** * indriver: 0
  34:rte/sp_common.c **** * name: so_clock
  35:rte/sp_common.c **** * onDataError: 0
  36:rte/sp_common.c **** * onDataUpdate: 0
  37:rte/sp_common.c **** * outdriver: default
  38:rte/sp_common.c **** * resource: res_clock
  39:rte/sp_common.c **** * shortname: clock
  40:rte/sp_common.c **** * signalclass: sc_clock
  41:rte/sp_common.c **** * signalpool: sp_common
  42:rte/sp_common.c **** */
  43:rte/sp_common.c **** 
  44:rte/sp_common.c **** 
  45:rte/sp_common.c **** 
  46:rte/sp_common.c ****  
  47:rte/sp_common.c **** 
  48:rte/sp_common.c **** static const SC_CLOCK_cfg_t SO_CLOCK_cfg = 
  49:rte/sp_common.c **** {
  50:rte/sp_common.c ****    /* indriver           */  0,
  51:rte/sp_common.c ****    /* outdriver          */  SC_CLOCK_driverOut,
  52:rte/sp_common.c **** 
  53:rte/sp_common.c ****    /* onUpdate           */  0,
  54:rte/sp_common.c ****    /* onError            */  0,
  55:rte/sp_common.c ****    /* taskCount onUpdate */  0,
  56:rte/sp_common.c ****    /* task list onUpdate */  NULL,
  57:rte/sp_common.c ****    /* taskCount onError  */  0,
  58:rte/sp_common.c ****    /* task list onError  */  NULL,
  59:rte/sp_common.c **** 
  60:rte/sp_common.c ****    /* resource active    */  TRUE,
  61:rte/sp_common.c ****    /* resource           */  res_clock,
  62:rte/sp_common.c ****    
  63:rte/sp_common.c **** }; /* configuration so_clock */
  64:rte/sp_common.c **** 
  65:rte/sp_common.c **** 
  66:rte/sp_common.c **** /* signal data */
  67:rte/sp_common.c **** 
  68:rte/sp_common.c **** SC_CLOCK_t SO_CLOCK_signal= 
  69:rte/sp_common.c **** {
  70:rte/sp_common.c ****    /* init value    */  SC_CLOCK_INIT_DATA,
  71:rte/sp_common.c ****    /* status        */  RTE_SIGNALSTATUS_STARTUP,
  72:rte/sp_common.c ****    /* age           */  0,
  73:rte/sp_common.c ****    /* cfg           */  &SO_CLOCK_cfg,
  74:rte/sp_common.c **** }; /* data so_clock */
  75:rte/sp_common.c **** 
  76:rte/sp_common.c **** /* signal configuration */
  77:rte/sp_common.c **** /*
  78:rte/sp_common.c **** * description: A Signal
  79:rte/sp_common.c **** * indriver: 0
  80:rte/sp_common.c **** * name: so_display
  81:rte/sp_common.c **** * onDataError: 0
  82:rte/sp_common.c **** * onDataUpdate: 0
  83:rte/sp_common.c **** * outdriver: default
  84:rte/sp_common.c **** * resource: None
  85:rte/sp_common.c **** * shortname: display
  86:rte/sp_common.c **** * signalclass: sc_clock
  87:rte/sp_common.c **** * signalpool: sp_common
ARM GAS  C:\Users\91819\AppData\Local\Temp\cc2mYg3x.s 			page 3


  88:rte/sp_common.c **** */
  89:rte/sp_common.c **** 
  90:rte/sp_common.c ****  
  91:rte/sp_common.c **** 
  92:rte/sp_common.c **** static const SC_CLOCK_cfg_t SO_DISPLAY_cfg = 
  93:rte/sp_common.c **** {
  94:rte/sp_common.c ****    /* indriver           */  0,
  95:rte/sp_common.c ****    /* outdriver          */  SC_CLOCK_driverOut,
  96:rte/sp_common.c **** 
  97:rte/sp_common.c ****    /* onUpdate           */  0,
  98:rte/sp_common.c ****    /* onError            */  0,
  99:rte/sp_common.c ****    /* taskCount onUpdate */  0,
 100:rte/sp_common.c ****    /* task list onUpdate */  NULL,
 101:rte/sp_common.c ****    /* taskCount onError  */  0,
 102:rte/sp_common.c ****    /* task list onError  */  NULL,
 103:rte/sp_common.c **** 
 104:rte/sp_common.c ****    /* resource active    */  FALSE,
 105:rte/sp_common.c ****    /* resource           */  NULL,
 106:rte/sp_common.c ****    
 107:rte/sp_common.c **** }; /* configuration so_display */
 108:rte/sp_common.c **** 
 109:rte/sp_common.c **** 
 110:rte/sp_common.c **** /* signal data */
 111:rte/sp_common.c **** 
 112:rte/sp_common.c **** SC_CLOCK_t SO_DISPLAY_signal= 
 113:rte/sp_common.c **** {
 114:rte/sp_common.c ****    /* init value    */  SC_CLOCK_INIT_DATA,
 115:rte/sp_common.c ****    /* status        */  RTE_SIGNALSTATUS_STARTUP,
 116:rte/sp_common.c ****    /* age           */  0,
 117:rte/sp_common.c ****    /* cfg           */  &SO_DISPLAY_cfg,
 118:rte/sp_common.c **** }; /* data so_display */
 119:rte/sp_common.c **** 
 120:rte/sp_common.c **** /* signal configuration */
 121:rte/sp_common.c **** /*
 122:rte/sp_common.c **** * description: A Signal
 123:rte/sp_common.c **** * indriver: default
 124:rte/sp_common.c **** * name: so_event
 125:rte/sp_common.c **** * onDataError: 0
 126:rte/sp_common.c **** * onDataUpdate: ev_event_onData
 127:rte/sp_common.c **** * outdriver: 0
 128:rte/sp_common.c **** * resource: res_event
 129:rte/sp_common.c **** * shortname: event
 130:rte/sp_common.c **** * signalclass: sc_event
 131:rte/sp_common.c **** * signalpool: sp_common
 132:rte/sp_common.c **** */
 133:rte/sp_common.c **** 
 134:rte/sp_common.c **** 
 135:rte/sp_common.c **** /* The following array contains the receiving tasks for onUpdate signal events */
 136:rte/sp_common.c **** const TaskTypeArray so_event_updTasks = { tsk_control };
 137:rte/sp_common.c ****  
 138:rte/sp_common.c **** 
 139:rte/sp_common.c **** static const SC_EVENT_cfg_t SO_EVENT_cfg = 
 140:rte/sp_common.c **** {
 141:rte/sp_common.c ****    /* indriver           */  SC_EVENT_driverIn,
 142:rte/sp_common.c ****    /* outdriver          */  0,
 143:rte/sp_common.c **** 
 144:rte/sp_common.c ****    /* onUpdate           */  ev_event_onData,
ARM GAS  C:\Users\91819\AppData\Local\Temp\cc2mYg3x.s 			page 4


 145:rte/sp_common.c ****    /* onError            */  0,
 146:rte/sp_common.c ****    /* taskCount onUpdate */  1,
 147:rte/sp_common.c ****    /* task list onUpdate */  &so_event_updTasks,
 148:rte/sp_common.c ****    /* taskCount onError  */  0,
 149:rte/sp_common.c ****    /* task list onError  */  NULL,
 150:rte/sp_common.c **** 
 151:rte/sp_common.c ****    /* resource active    */  TRUE,
 152:rte/sp_common.c ****    /* resource           */  res_event,
 153:rte/sp_common.c ****    
 154:rte/sp_common.c **** }; /* configuration so_event */
 155:rte/sp_common.c **** 
 156:rte/sp_common.c **** 
 157:rte/sp_common.c **** /* signal data */
 158:rte/sp_common.c **** 
 159:rte/sp_common.c **** SC_EVENT_t SO_EVENT_signal= 
 160:rte/sp_common.c **** {
 161:rte/sp_common.c ****    /* init value    */  SC_EVENT_INIT_DATA,
 162:rte/sp_common.c ****    /* status        */  RTE_SIGNALSTATUS_STARTUP,
 163:rte/sp_common.c ****    /* age           */  0,
 164:rte/sp_common.c ****    /* cfg           */  &SO_EVENT_cfg,
 165:rte/sp_common.c **** }; /* data so_event */
 166:rte/sp_common.c **** 
 167:rte/sp_common.c **** 
 168:rte/sp_common.c **** 
 169:rte/sp_common.c **** void RTE_timertick_sp_common_tick(uint32_t tick){
  28              		.loc 1 169 0
  29              		.cfi_startproc
  30              		@ args = 0, pretend = 0, frame = 0
  31              		@ frame_needed = 0, uses_anonymous_args = 0
  32              		@ link register save eliminated.
  33              	.LVL0:
  34              	.LBB8:
  35              	.LBB9:
  36              		.file 2 "rte\\sc_clock.h"
   1:rte/sc_clock.h **** 
   2:rte/sc_clock.h **** 
   3:rte/sc_clock.h **** /**
   4:rte/sc_clock.h **** *  file    SC_CLOCK_signal.h
   5:rte/sc_clock.h **** *
   6:rte/sc_clock.h **** *  brief   signal base class for signal sc_clock
   7:rte/sc_clock.h **** *
   8:rte/sc_clock.h **** *  author  Autogenerated, Peter Fromm       <peter.fromm@h-da.de>
   9:rte/sc_clock.h **** *
  10:rte/sc_clock.h **** *
  11:rte/sc_clock.h **** */
  12:rte/sc_clock.h **** 
  13:rte/sc_clock.h **** /*
  14:rte/sc_clock.h **** * description: Signalclass
  15:rte/sc_clock.h **** * name: sc_clock
  16:rte/sc_clock.h **** * shortname: clock
  17:rte/sc_clock.h **** */
  18:rte/sc_clock.h **** 
  19:rte/sc_clock.h **** #ifndef SC_CLOCK_SIGNAL_H_INCLUDED
  20:rte/sc_clock.h **** #define SC_CLOCK_SIGNAL_H_INCLUDED
  21:rte/sc_clock.h **** 
  22:rte/sc_clock.h **** /*================================================[ public includes  ]=============================
  23:rte/sc_clock.h **** #include "global.h"
ARM GAS  C:\Users\91819\AppData\Local\Temp\cc2mYg3x.s 			page 5


  24:rte/sc_clock.h **** #include "project.h"
  25:rte/sc_clock.h **** #include "rte.h"
  26:rte/sc_clock.h **** #include "rte_types.h"
  27:rte/sc_clock.h **** 
  28:rte/sc_clock.h **** #include "sc_clock_type.h"
  29:rte/sc_clock.h **** 
  30:rte/sc_clock.h **** 
  31:rte/sc_clock.h **** /**************************************************************************************************
  32:rte/sc_clock.h **** /* The driver API block																						*/
  33:rte/sc_clock.h **** /**************************************************************************************************
  34:rte/sc_clock.h ****                                                                                                    
  35:rte/sc_clock.h **** /**
  36:rte/sc_clock.h ****  *  Definition of function types for driver interfaces.
  37:rte/sc_clock.h ****  *  I-Port
  38:rte/sc_clock.h ****  */
  39:rte/sc_clock.h **** typedef RC_t (*SC_CLOCK_driverIn_t)(SC_CLOCK_data_t * const);
  40:rte/sc_clock.h **** 
  41:rte/sc_clock.h **** /**
  42:rte/sc_clock.h ****  *  Definition of function types for driver interfaces.
  43:rte/sc_clock.h ****  *  O-Port
  44:rte/sc_clock.h ****  */
  45:rte/sc_clock.h **** typedef RC_t (*SC_CLOCK_driverOut_t)( const SC_CLOCK_data_t * const);
  46:rte/sc_clock.h **** 
  47:rte/sc_clock.h **** 
  48:rte/sc_clock.h **** /**************************************************************************************************
  49:rte/sc_clock.h **** /* The signal configuration API block																				*/
  50:rte/sc_clock.h **** /**************************************************************************************************
  51:rte/sc_clock.h **** 
  52:rte/sc_clock.h **** /**
  53:rte/sc_clock.h ****  * Instances of the struct SC_CLOCK_cfg_t represent the signal object configuration.
  54:rte/sc_clock.h ****  */
  55:rte/sc_clock.h **** struct SC_CLOCK_cfg_s
  56:rte/sc_clock.h **** {
  57:rte/sc_clock.h ****     /**
  58:rte/sc_clock.h ****      * Function pointer to the input driver
  59:rte/sc_clock.h ****      */
  60:rte/sc_clock.h ****     SC_CLOCK_driverIn_t const inDriver;
  61:rte/sc_clock.h **** 
  62:rte/sc_clock.h ****     /**
  63:rte/sc_clock.h ****      * Function pointer to the output driver table
  64:rte/sc_clock.h ****      */
  65:rte/sc_clock.h ****    SC_CLOCK_driverOut_t const outDriver;
  66:rte/sc_clock.h ****    
  67:rte/sc_clock.h ****     /**
  68:rte/sc_clock.h ****      * Event onUpdate
  69:rte/sc_clock.h ****      */
  70:rte/sc_clock.h ****     EventMaskType const evOnUpdate;
  71:rte/sc_clock.h ****     
  72:rte/sc_clock.h ****     
  73:rte/sc_clock.h ****     /**
  74:rte/sc_clock.h ****      * Event onError
  75:rte/sc_clock.h ****      */
  76:rte/sc_clock.h ****     EventMaskType const evOnError;
  77:rte/sc_clock.h ****     
  78:rte/sc_clock.h ****     /**
  79:rte/sc_clock.h ****      * Task Count onUpdate
  80:rte/sc_clock.h ****      */
ARM GAS  C:\Users\91819\AppData\Local\Temp\cc2mYg3x.s 			page 6


  81:rte/sc_clock.h ****     size_t const onUpdateTaskCount;
  82:rte/sc_clock.h **** 
  83:rte/sc_clock.h ****     /**
  84:rte/sc_clock.h ****      * Task List onUpdate
  85:rte/sc_clock.h ****      */
  86:rte/sc_clock.h ****     TaskTypeArray* const onUpdateTasks;
  87:rte/sc_clock.h ****     
  88:rte/sc_clock.h ****     /**
  89:rte/sc_clock.h ****      * Task Count onError
  90:rte/sc_clock.h ****      */
  91:rte/sc_clock.h ****     size_t const onErrorTaskCount;
  92:rte/sc_clock.h **** 
  93:rte/sc_clock.h ****     /**
  94:rte/sc_clock.h ****      * Task List onError
  95:rte/sc_clock.h ****      */
  96:rte/sc_clock.h ****     TaskTypeArray* const onErrorTasks;
  97:rte/sc_clock.h **** 	
  98:rte/sc_clock.h **** 	
  99:rte/sc_clock.h **** 	/**
 100:rte/sc_clock.h **** 	 * Ressourse is active? We need an additional boolean as a ressource value 0 is valid.
 101:rte/sc_clock.h **** 	 */
 102:rte/sc_clock.h **** 	 boolean_t const resourceActive;
 103:rte/sc_clock.h **** 	 
 104:rte/sc_clock.h **** 	/**
 105:rte/sc_clock.h **** 	 * Ressourse 
 106:rte/sc_clock.h **** 	 */
 107:rte/sc_clock.h **** 	 ResourceType const resource;
 108:rte/sc_clock.h **** 
 109:rte/sc_clock.h **** };                                                                                                 
 110:rte/sc_clock.h **** typedef const struct SC_CLOCK_cfg_s SC_CLOCK_cfg_t;
 111:rte/sc_clock.h ****                               
 112:rte/sc_clock.h **** /**************************************************************************************************
 113:rte/sc_clock.h **** /* The data interface block																							*/
 114:rte/sc_clock.h **** /**************************************************************************************************
 115:rte/sc_clock.h **** 
 116:rte/sc_clock.h ****                                                                                                    
 117:rte/sc_clock.h **** 							  
 118:rte/sc_clock.h **** /**
 119:rte/sc_clock.h ****  * Instances of the struct SC_CLOCK_t represent the signal objects.
 120:rte/sc_clock.h ****  * A signal object contains the current application value 'value' as well as relevant meta data.
 121:rte/sc_clock.h ****  */
 122:rte/sc_clock.h **** struct SC_CLOCK_s
 123:rte/sc_clock.h **** {                                                                                                  
 124:rte/sc_clock.h **** 
 125:rte/sc_clock.h **** 	/**
 126:rte/sc_clock.h **** 	 * Data buffer for the application value
 127:rte/sc_clock.h **** 	 */
 128:rte/sc_clock.h ****     SC_CLOCK_data_t value;
 129:rte/sc_clock.h **** 
 130:rte/sc_clock.h ****     /**
 131:rte/sc_clock.h ****      * Current signal status
 132:rte/sc_clock.h ****      */
 133:rte/sc_clock.h ****     RTE_signalStatus_t status;
 134:rte/sc_clock.h **** 
 135:rte/sc_clock.h ****     /**
 136:rte/sc_clock.h ****      * Current age of the signal (in calling cycles)
 137:rte/sc_clock.h ****      */
ARM GAS  C:\Users\91819\AppData\Local\Temp\cc2mYg3x.s 			page 7


 138:rte/sc_clock.h ****     uint32_t age;
 139:rte/sc_clock.h **** 
 140:rte/sc_clock.h ****     /**
 141:rte/sc_clock.h ****      * Pointer to the signal configuration
 142:rte/sc_clock.h ****      */
 143:rte/sc_clock.h **** 	const SC_CLOCK_cfg_t * const    pSigCfg;
 144:rte/sc_clock.h **** 
 145:rte/sc_clock.h **** };                                                                                                 
 146:rte/sc_clock.h **** typedef struct SC_CLOCK_s SC_CLOCK_t;
 147:rte/sc_clock.h **** 
 148:rte/sc_clock.h **** /**************************************************************************************************
 149:rte/sc_clock.h **** /* Signal initialisation   																							*/
 150:rte/sc_clock.h **** /**************************************************************************************************
 151:rte/sc_clock.h **** 
 152:rte/sc_clock.h **** /**
 153:rte/sc_clock.h ****  * Initializes a signal instance with a passed init value.
 154:rte/sc_clock.h ****  * Depending on the configured conversion or scaling function the raw_value will be calculated.
 155:rte/sc_clock.h ****  * Signal status will change from RTE_SIGNALSTATUS_STARTUP to RTE_SIGNALSTATUS_INITIALIZED.
 156:rte/sc_clock.h ****  *
 157:rte/sc_clock.h ****  * @param  SC_CLOCK_t * const signal: Pointer to the signal object which will be initialised
 158:rte/sc_clock.h ****  * @param const sc_clock_data_t * const value: Pointer to initial value of the application data
 159:rte/sc_clock.h ****  * @return RC_t: standard return code, currently only RC_SUCCESS
 160:rte/sc_clock.h ****  *
 161:rte/sc_clock.h ****  **/
 162:rte/sc_clock.h **** inline RC_t RTE_SC_CLOCK_init( SC_CLOCK_t * const signal, const SC_CLOCK_data_t * const value )
 163:rte/sc_clock.h **** {                                                                                                  
 164:rte/sc_clock.h **** 
 165:rte/sc_clock.h ****    RC_t ret = RC_SUCCESS;
 166:rte/sc_clock.h **** 
 167:rte/sc_clock.h ****    //Set value and raw value
 168:rte/sc_clock.h ****    signal->value  = *value;
 169:rte/sc_clock.h ****    signal->age    = 0;
 170:rte/sc_clock.h ****    signal->status = RTE_SIGNALSTATUS_INITIALIZED;
 171:rte/sc_clock.h **** 
 172:rte/sc_clock.h ****    return ret;
 173:rte/sc_clock.h **** }
 174:rte/sc_clock.h **** 
 175:rte/sc_clock.h **** /**************************************************************************************************
 176:rte/sc_clock.h **** /* Status and timeout control																						*/
 177:rte/sc_clock.h **** /**************************************************************************************************
 178:rte/sc_clock.h **** 
 179:rte/sc_clock.h **** /**
 180:rte/sc_clock.h ****  *  Returns the current signal status of the passed signal instance.
 181:rte/sc_clock.h ****  *
 182:rte/sc_clock.h ****  * @param  SC_CLOCK_t * const signal: Pointer to the signal object
 183:rte/sc_clock.h ****  * @return  sig_status_t: The current signal status
 184:rte/sc_clock.h ****  *
 185:rte/sc_clock.h ****  **/
 186:rte/sc_clock.h **** inline RTE_signalStatus_t RTE_SC_CLOCK_getStatus( const SC_CLOCK_t * const signal )
 187:rte/sc_clock.h **** {
 188:rte/sc_clock.h ****    return signal->status;
 189:rte/sc_clock.h **** }
 190:rte/sc_clock.h **** 
 191:rte/sc_clock.h **** 
 192:rte/sc_clock.h **** /**
 193:rte/sc_clock.h ****  *  Sets a new signal status of the passed signal instance by passing the new status.
 194:rte/sc_clock.h ****  *
ARM GAS  C:\Users\91819\AppData\Local\Temp\cc2mYg3x.s 			page 8


 195:rte/sc_clock.h ****  * @param  SC_CLOCK_t * const signal: Pointer to the signal object
 196:rte/sc_clock.h ****  * @param  const sig_status_t status: New signal status
 197:rte/sc_clock.h ****  * @return RC_t: standard return code, currently only RC_SUCCESS
 198:rte/sc_clock.h ****  *
 199:rte/sc_clock.h ****  */
 200:rte/sc_clock.h **** inline RC_t RTE_SC_CLOCK_setStatus( SC_CLOCK_t * const signal, const RTE_signalStatus_t status )
 201:rte/sc_clock.h **** {
 202:rte/sc_clock.h ****    signal->status = status;
 203:rte/sc_clock.h ****    size_t taskNum=0;
 204:rte/sc_clock.h ****    
 205:rte/sc_clock.h ****    //Fire error events in case of invalid state
 206:rte/sc_clock.h ****    if (signal->status == RTE_SIGNALSTATUS_INVALID)
 207:rte/sc_clock.h ****    {
 208:rte/sc_clock.h **** 	    //Pointer to the Taskarray, containing the tasks receiving the onUpdate events
 209:rte/sc_clock.h **** 		TaskTypeArray* pTaskArray = signal->pSigCfg->onErrorTasks;
 210:rte/sc_clock.h **** 
 211:rte/sc_clock.h **** 		if (NULL!=signal->pSigCfg->evOnError && NULL != pTaskArray){
 212:rte/sc_clock.h **** 			for( taskNum=0 ; taskNum < signal->pSigCfg->onErrorTaskCount ;taskNum++){
 213:rte/sc_clock.h **** 				TaskType task = (*pTaskArray)[taskNum];
 214:rte/sc_clock.h **** 				SetEvent( task, signal->pSigCfg->evOnError);
 215:rte/sc_clock.h **** 			}
 216:rte/sc_clock.h **** 		}
 217:rte/sc_clock.h ****    }
 218:rte/sc_clock.h ****    
 219:rte/sc_clock.h ****    return RC_SUCCESS;
 220:rte/sc_clock.h **** }
 221:rte/sc_clock.h **** 
 222:rte/sc_clock.h **** 
 223:rte/sc_clock.h **** /**
 224:rte/sc_clock.h ****  * Returns the count of refreshing trials (refresh, set or set_raw) that failed.
 225:rte/sc_clock.h ****  * Prerquisite: The signal is refreshed cyclically
 226:rte/sc_clock.h ****  *
 227:rte/sc_clock.h ****  * @param  SC_CLOCK_t * const signal: Pointer to the signal object
 228:rte/sc_clock.h ****  * @return uint32_t: Number of cycles since the signal has been updated for the last time
 229:rte/sc_clock.h ****  */
 230:rte/sc_clock.h **** inline uint32_t RTE_SC_CLOCK_getAge( const SC_CLOCK_t * const signal )
 231:rte/sc_clock.h **** {
 232:rte/sc_clock.h ****    return signal->age;
 233:rte/sc_clock.h **** }
 234:rte/sc_clock.h **** 
 235:rte/sc_clock.h **** /**
 236:rte/sc_clock.h ****  * Should be called by application or driver if no new value can be provided.
 237:rte/sc_clock.h ****  * @param  SC_CLOCK_t * const signal: Pointer to the signal object
 238:rte/sc_clock.h ****  * @param uint32_t increment: incrementvalue, typically in [ms]
 239:rte/sc_clock.h ****  * @return void
 240:rte/sc_clock.h ****  */
 241:rte/sc_clock.h **** inline void RTE_SC_CLOCK_incAge(  SC_CLOCK_t * const signal , uint32_t increment)
 242:rte/sc_clock.h **** {
 243:rte/sc_clock.h **** 	   //Hack....
 244:rte/sc_clock.h **** 	   if ( 0xFFFF0000 > (signal->age + increment) )
  37              		.loc 2 244 0
  38 0000 0C4B     		ldr	r3, .L5
  39 0002 5B69     		ldr	r3, [r3, #20]
  40 0004 0344     		add	r3, r3, r0
  41 0006 13F1011F 		cmn	r3, #65537
  42 000a 01D8     		bhi	.L2
 245:rte/sc_clock.h **** 	   {
ARM GAS  C:\Users\91819\AppData\Local\Temp\cc2mYg3x.s 			page 9


 246:rte/sc_clock.h **** 	      signal->age += increment;
  43              		.loc 2 246 0
  44 000c 094A     		ldr	r2, .L5
  45 000e 5361     		str	r3, [r2, #20]
  46              	.L2:
  47              	.LVL1:
  48              	.LBE9:
  49              	.LBE8:
  50              	.LBB10:
  51              	.LBB11:
 244:rte/sc_clock.h **** 	   {
  52              		.loc 2 244 0
  53 0010 084B     		ldr	r3, .L5
  54 0012 1B6B     		ldr	r3, [r3, #48]
  55 0014 0344     		add	r3, r3, r0
  56 0016 13F1011F 		cmn	r3, #65537
  57 001a 01D8     		bhi	.L3
  58              		.loc 2 246 0
  59 001c 054A     		ldr	r2, .L5
  60 001e 1363     		str	r3, [r2, #48]
  61              	.L3:
  62              	.LVL2:
  63              	.LBE11:
  64              	.LBE10:
  65              	.LBB12:
  66              	.LBB13:
  67              		.file 3 "rte\\sc_event.h"
   1:rte/sc_event.h **** 
   2:rte/sc_event.h **** 
   3:rte/sc_event.h **** /**
   4:rte/sc_event.h **** *  file    SC_EVENT_signal.h
   5:rte/sc_event.h **** *
   6:rte/sc_event.h **** *  brief   signal base class for signal sc_event
   7:rte/sc_event.h **** *
   8:rte/sc_event.h **** *  author  Autogenerated, Peter Fromm       <peter.fromm@h-da.de>
   9:rte/sc_event.h **** *
  10:rte/sc_event.h **** *
  11:rte/sc_event.h **** */
  12:rte/sc_event.h **** 
  13:rte/sc_event.h **** /*
  14:rte/sc_event.h **** * description: Signalclass
  15:rte/sc_event.h **** * name: sc_event
  16:rte/sc_event.h **** * shortname: event
  17:rte/sc_event.h **** */
  18:rte/sc_event.h **** 
  19:rte/sc_event.h **** #ifndef SC_EVENT_SIGNAL_H_INCLUDED
  20:rte/sc_event.h **** #define SC_EVENT_SIGNAL_H_INCLUDED
  21:rte/sc_event.h **** 
  22:rte/sc_event.h **** /*================================================[ public includes  ]=============================
  23:rte/sc_event.h **** #include "global.h"
  24:rte/sc_event.h **** #include "project.h"
  25:rte/sc_event.h **** #include "rte.h"
  26:rte/sc_event.h **** #include "rte_types.h"
  27:rte/sc_event.h **** 
  28:rte/sc_event.h **** #include "sc_event_type.h"
  29:rte/sc_event.h **** 
  30:rte/sc_event.h **** 
ARM GAS  C:\Users\91819\AppData\Local\Temp\cc2mYg3x.s 			page 10


  31:rte/sc_event.h **** /**************************************************************************************************
  32:rte/sc_event.h **** /* The driver API block																						*/
  33:rte/sc_event.h **** /**************************************************************************************************
  34:rte/sc_event.h ****                                                                                                    
  35:rte/sc_event.h **** /**
  36:rte/sc_event.h ****  *  Definition of function types for driver interfaces.
  37:rte/sc_event.h ****  *  I-Port
  38:rte/sc_event.h ****  */
  39:rte/sc_event.h **** typedef RC_t (*SC_EVENT_driverIn_t)(SC_EVENT_data_t * const);
  40:rte/sc_event.h **** 
  41:rte/sc_event.h **** /**
  42:rte/sc_event.h ****  *  Definition of function types for driver interfaces.
  43:rte/sc_event.h ****  *  O-Port
  44:rte/sc_event.h ****  */
  45:rte/sc_event.h **** typedef RC_t (*SC_EVENT_driverOut_t)( const SC_EVENT_data_t * const);
  46:rte/sc_event.h **** 
  47:rte/sc_event.h **** 
  48:rte/sc_event.h **** /**************************************************************************************************
  49:rte/sc_event.h **** /* The signal configuration API block																				*/
  50:rte/sc_event.h **** /**************************************************************************************************
  51:rte/sc_event.h **** 
  52:rte/sc_event.h **** /**
  53:rte/sc_event.h ****  * Instances of the struct SC_EVENT_cfg_t represent the signal object configuration.
  54:rte/sc_event.h ****  */
  55:rte/sc_event.h **** struct SC_EVENT_cfg_s
  56:rte/sc_event.h **** {
  57:rte/sc_event.h ****     /**
  58:rte/sc_event.h ****      * Function pointer to the input driver
  59:rte/sc_event.h ****      */
  60:rte/sc_event.h ****     SC_EVENT_driverIn_t const inDriver;
  61:rte/sc_event.h **** 
  62:rte/sc_event.h ****     /**
  63:rte/sc_event.h ****      * Function pointer to the output driver table
  64:rte/sc_event.h ****      */
  65:rte/sc_event.h ****    SC_EVENT_driverOut_t const outDriver;
  66:rte/sc_event.h ****    
  67:rte/sc_event.h ****     /**
  68:rte/sc_event.h ****      * Event onUpdate
  69:rte/sc_event.h ****      */
  70:rte/sc_event.h ****     EventMaskType const evOnUpdate;
  71:rte/sc_event.h ****     
  72:rte/sc_event.h ****     
  73:rte/sc_event.h ****     /**
  74:rte/sc_event.h ****      * Event onError
  75:rte/sc_event.h ****      */
  76:rte/sc_event.h ****     EventMaskType const evOnError;
  77:rte/sc_event.h ****     
  78:rte/sc_event.h ****     /**
  79:rte/sc_event.h ****      * Task Count onUpdate
  80:rte/sc_event.h ****      */
  81:rte/sc_event.h ****     size_t const onUpdateTaskCount;
  82:rte/sc_event.h **** 
  83:rte/sc_event.h ****     /**
  84:rte/sc_event.h ****      * Task List onUpdate
  85:rte/sc_event.h ****      */
  86:rte/sc_event.h ****     TaskTypeArray* const onUpdateTasks;
  87:rte/sc_event.h ****     
ARM GAS  C:\Users\91819\AppData\Local\Temp\cc2mYg3x.s 			page 11


  88:rte/sc_event.h ****     /**
  89:rte/sc_event.h ****      * Task Count onError
  90:rte/sc_event.h ****      */
  91:rte/sc_event.h ****     size_t const onErrorTaskCount;
  92:rte/sc_event.h **** 
  93:rte/sc_event.h ****     /**
  94:rte/sc_event.h ****      * Task List onError
  95:rte/sc_event.h ****      */
  96:rte/sc_event.h ****     TaskTypeArray* const onErrorTasks;
  97:rte/sc_event.h **** 	
  98:rte/sc_event.h **** 	
  99:rte/sc_event.h **** 	/**
 100:rte/sc_event.h **** 	 * Ressourse is active? We need an additional boolean as a ressource value 0 is valid.
 101:rte/sc_event.h **** 	 */
 102:rte/sc_event.h **** 	 boolean_t const resourceActive;
 103:rte/sc_event.h **** 	 
 104:rte/sc_event.h **** 	/**
 105:rte/sc_event.h **** 	 * Ressourse 
 106:rte/sc_event.h **** 	 */
 107:rte/sc_event.h **** 	 ResourceType const resource;
 108:rte/sc_event.h **** 
 109:rte/sc_event.h **** };                                                                                                 
 110:rte/sc_event.h **** typedef const struct SC_EVENT_cfg_s SC_EVENT_cfg_t;
 111:rte/sc_event.h ****                               
 112:rte/sc_event.h **** /**************************************************************************************************
 113:rte/sc_event.h **** /* The data interface block																							*/
 114:rte/sc_event.h **** /**************************************************************************************************
 115:rte/sc_event.h **** 
 116:rte/sc_event.h ****                                                                                                    
 117:rte/sc_event.h **** 							  
 118:rte/sc_event.h **** /**
 119:rte/sc_event.h ****  * Instances of the struct SC_EVENT_t represent the signal objects.
 120:rte/sc_event.h ****  * A signal object contains the current application value 'value' as well as relevant meta data.
 121:rte/sc_event.h ****  */
 122:rte/sc_event.h **** struct SC_EVENT_s
 123:rte/sc_event.h **** {                                                                                                  
 124:rte/sc_event.h **** 
 125:rte/sc_event.h **** 	/**
 126:rte/sc_event.h **** 	 * Data buffer for the application value
 127:rte/sc_event.h **** 	 */
 128:rte/sc_event.h ****     SC_EVENT_data_t value;
 129:rte/sc_event.h **** 
 130:rte/sc_event.h ****     /**
 131:rte/sc_event.h ****      * Current signal status
 132:rte/sc_event.h ****      */
 133:rte/sc_event.h ****     RTE_signalStatus_t status;
 134:rte/sc_event.h **** 
 135:rte/sc_event.h ****     /**
 136:rte/sc_event.h ****      * Current age of the signal (in calling cycles)
 137:rte/sc_event.h ****      */
 138:rte/sc_event.h ****     uint32_t age;
 139:rte/sc_event.h **** 
 140:rte/sc_event.h ****     /**
 141:rte/sc_event.h ****      * Pointer to the signal configuration
 142:rte/sc_event.h ****      */
 143:rte/sc_event.h **** 	const SC_EVENT_cfg_t * const    pSigCfg;
 144:rte/sc_event.h **** 
ARM GAS  C:\Users\91819\AppData\Local\Temp\cc2mYg3x.s 			page 12


 145:rte/sc_event.h **** };                                                                                                 
 146:rte/sc_event.h **** typedef struct SC_EVENT_s SC_EVENT_t;
 147:rte/sc_event.h **** 
 148:rte/sc_event.h **** /**************************************************************************************************
 149:rte/sc_event.h **** /* Signal initialisation   																							*/
 150:rte/sc_event.h **** /**************************************************************************************************
 151:rte/sc_event.h **** 
 152:rte/sc_event.h **** /**
 153:rte/sc_event.h ****  * Initializes a signal instance with a passed init value.
 154:rte/sc_event.h ****  * Depending on the configured conversion or scaling function the raw_value will be calculated.
 155:rte/sc_event.h ****  * Signal status will change from RTE_SIGNALSTATUS_STARTUP to RTE_SIGNALSTATUS_INITIALIZED.
 156:rte/sc_event.h ****  *
 157:rte/sc_event.h ****  * @param  SC_EVENT_t * const signal: Pointer to the signal object which will be initialised
 158:rte/sc_event.h ****  * @param const sc_event_data_t * const value: Pointer to initial value of the application data
 159:rte/sc_event.h ****  * @return RC_t: standard return code, currently only RC_SUCCESS
 160:rte/sc_event.h ****  *
 161:rte/sc_event.h ****  **/
 162:rte/sc_event.h **** inline RC_t RTE_SC_EVENT_init( SC_EVENT_t * const signal, const SC_EVENT_data_t * const value )
 163:rte/sc_event.h **** {                                                                                                  
 164:rte/sc_event.h **** 
 165:rte/sc_event.h ****    RC_t ret = RC_SUCCESS;
 166:rte/sc_event.h **** 
 167:rte/sc_event.h ****    //Set value and raw value
 168:rte/sc_event.h ****    signal->value  = *value;
 169:rte/sc_event.h ****    signal->age    = 0;
 170:rte/sc_event.h ****    signal->status = RTE_SIGNALSTATUS_INITIALIZED;
 171:rte/sc_event.h **** 
 172:rte/sc_event.h ****    return ret;
 173:rte/sc_event.h **** }
 174:rte/sc_event.h **** 
 175:rte/sc_event.h **** /**************************************************************************************************
 176:rte/sc_event.h **** /* Status and timeout control																						*/
 177:rte/sc_event.h **** /**************************************************************************************************
 178:rte/sc_event.h **** 
 179:rte/sc_event.h **** /**
 180:rte/sc_event.h ****  *  Returns the current signal status of the passed signal instance.
 181:rte/sc_event.h ****  *
 182:rte/sc_event.h ****  * @param  SC_EVENT_t * const signal: Pointer to the signal object
 183:rte/sc_event.h ****  * @return  sig_status_t: The current signal status
 184:rte/sc_event.h ****  *
 185:rte/sc_event.h ****  **/
 186:rte/sc_event.h **** inline RTE_signalStatus_t RTE_SC_EVENT_getStatus( const SC_EVENT_t * const signal )
 187:rte/sc_event.h **** {
 188:rte/sc_event.h ****    return signal->status;
 189:rte/sc_event.h **** }
 190:rte/sc_event.h **** 
 191:rte/sc_event.h **** 
 192:rte/sc_event.h **** /**
 193:rte/sc_event.h ****  *  Sets a new signal status of the passed signal instance by passing the new status.
 194:rte/sc_event.h ****  *
 195:rte/sc_event.h ****  * @param  SC_EVENT_t * const signal: Pointer to the signal object
 196:rte/sc_event.h ****  * @param  const sig_status_t status: New signal status
 197:rte/sc_event.h ****  * @return RC_t: standard return code, currently only RC_SUCCESS
 198:rte/sc_event.h ****  *
 199:rte/sc_event.h ****  */
 200:rte/sc_event.h **** inline RC_t RTE_SC_EVENT_setStatus( SC_EVENT_t * const signal, const RTE_signalStatus_t status )
 201:rte/sc_event.h **** {
ARM GAS  C:\Users\91819\AppData\Local\Temp\cc2mYg3x.s 			page 13


 202:rte/sc_event.h ****    signal->status = status;
 203:rte/sc_event.h ****    size_t taskNum=0;
 204:rte/sc_event.h ****    
 205:rte/sc_event.h ****    //Fire error events in case of invalid state
 206:rte/sc_event.h ****    if (signal->status == RTE_SIGNALSTATUS_INVALID)
 207:rte/sc_event.h ****    {
 208:rte/sc_event.h **** 	    //Pointer to the Taskarray, containing the tasks receiving the onUpdate events
 209:rte/sc_event.h **** 		TaskTypeArray* pTaskArray = signal->pSigCfg->onErrorTasks;
 210:rte/sc_event.h **** 
 211:rte/sc_event.h **** 		if (NULL!=signal->pSigCfg->evOnError && NULL != pTaskArray){
 212:rte/sc_event.h **** 			for( taskNum=0 ; taskNum < signal->pSigCfg->onErrorTaskCount ;taskNum++){
 213:rte/sc_event.h **** 				TaskType task = (*pTaskArray)[taskNum];
 214:rte/sc_event.h **** 				SetEvent( task, signal->pSigCfg->evOnError);
 215:rte/sc_event.h **** 			}
 216:rte/sc_event.h **** 		}
 217:rte/sc_event.h ****    }
 218:rte/sc_event.h ****    
 219:rte/sc_event.h ****    return RC_SUCCESS;
 220:rte/sc_event.h **** }
 221:rte/sc_event.h **** 
 222:rte/sc_event.h **** 
 223:rte/sc_event.h **** /**
 224:rte/sc_event.h ****  * Returns the count of refreshing trials (refresh, set or set_raw) that failed.
 225:rte/sc_event.h ****  * Prerquisite: The signal is refreshed cyclically
 226:rte/sc_event.h ****  *
 227:rte/sc_event.h ****  * @param  SC_EVENT_t * const signal: Pointer to the signal object
 228:rte/sc_event.h ****  * @return uint32_t: Number of cycles since the signal has been updated for the last time
 229:rte/sc_event.h ****  */
 230:rte/sc_event.h **** inline uint32_t RTE_SC_EVENT_getAge( const SC_EVENT_t * const signal )
 231:rte/sc_event.h **** {
 232:rte/sc_event.h ****    return signal->age;
 233:rte/sc_event.h **** }
 234:rte/sc_event.h **** 
 235:rte/sc_event.h **** /**
 236:rte/sc_event.h ****  * Should be called by application or driver if no new value can be provided.
 237:rte/sc_event.h ****  * @param  SC_EVENT_t * const signal: Pointer to the signal object
 238:rte/sc_event.h ****  * @param uint32_t increment: incrementvalue, typically in [ms]
 239:rte/sc_event.h ****  * @return void
 240:rte/sc_event.h ****  */
 241:rte/sc_event.h **** inline void RTE_SC_EVENT_incAge(  SC_EVENT_t * const signal , uint32_t increment)
 242:rte/sc_event.h **** {
 243:rte/sc_event.h **** 	   //Hack....
 244:rte/sc_event.h **** 	   if ( 0xFFFF0000 > (signal->age + increment) )
  68              		.loc 3 244 0
  69 0020 044B     		ldr	r3, .L5
  70 0022 DB6B     		ldr	r3, [r3, #60]
  71 0024 1844     		add	r0, r0, r3
  72              	.LVL3:
  73 0026 10F1011F 		cmn	r0, #65537
  74 002a 01D8     		bhi	.L1
 245:rte/sc_event.h **** 	   {
 246:rte/sc_event.h **** 	      signal->age += increment;
  75              		.loc 3 246 0
  76 002c 014B     		ldr	r3, .L5
  77 002e D863     		str	r0, [r3, #60]
  78              	.LVL4:
  79              	.L1:
ARM GAS  C:\Users\91819\AppData\Local\Temp\cc2mYg3x.s 			page 14


  80 0030 7047     		bx	lr
  81              	.L6:
  82 0032 00BF     		.align	2
  83              	.L5:
  84 0034 00000000 		.word	.LANCHOR0
  85              	.LBE13:
  86              	.LBE12:
  87              		.cfi_endproc
  88              	.LFE131:
  89              		.size	RTE_timertick_sp_common_tick, .-RTE_timertick_sp_common_tick
  90              		.global	SO_EVENT_signal
  91              		.global	so_event_updTasks
  92              		.global	SO_DISPLAY_signal
  93              		.global	SO_CLOCK_signal
  94              		.section	.rodata
  95              		.align	2
  96              		.type	SO_EVENT_cfg, %object
  97              		.size	SO_EVENT_cfg, 40
  98              	SO_EVENT_cfg:
  99 0000 00000000 		.word	SC_EVENT_driverIn
 100 0004 00000000 		.word	0
 101 0008 01000000 		.word	1
 102 000c 00000000 		.word	0
 103 0010 01000000 		.word	1
 104 0014 00000000 		.word	so_event_updTasks
 105 0018 00000000 		.word	0
 106 001c 00000000 		.word	0
 107 0020 01       		.byte	1
 108 0021 000000   		.space	3
 109 0024 01000000 		.word	1
 110              		.type	so_event_updTasks, %object
 111              		.size	so_event_updTasks, 4
 112              	so_event_updTasks:
 113 0028 03000000 		.word	3
 114              		.type	SO_DISPLAY_cfg, %object
 115              		.size	SO_DISPLAY_cfg, 40
 116              	SO_DISPLAY_cfg:
 117 002c 00000000 		.word	0
 118 0030 00000000 		.word	SC_CLOCK_driverOut
 119 0034 00000000 		.word	0
 120 0038 00000000 		.word	0
 121 003c 00000000 		.word	0
 122 0040 00000000 		.word	0
 123 0044 00000000 		.word	0
 124 0048 00000000 		.word	0
 125 004c 00       		.byte	0
 126 004d 000000   		.space	3
 127 0050 00000000 		.word	0
 128              		.type	SO_CLOCK_cfg, %object
 129              		.size	SO_CLOCK_cfg, 40
 130              	SO_CLOCK_cfg:
 131 0054 00000000 		.word	0
 132 0058 00000000 		.word	SC_CLOCK_driverOut
 133 005c 00000000 		.word	0
 134 0060 00000000 		.word	0
 135 0064 00000000 		.word	0
 136 0068 00000000 		.word	0
ARM GAS  C:\Users\91819\AppData\Local\Temp\cc2mYg3x.s 			page 15


 137 006c 00000000 		.word	0
 138 0070 00000000 		.word	0
 139 0074 01       		.byte	1
 140 0075 000000   		.space	3
 141 0078 00000000 		.word	0
 142              		.data
 143              		.align	2
 144              		.set	.LANCHOR0,. + 0
 145              		.type	SO_CLOCK_signal, %object
 146              		.size	SO_CLOCK_signal, 28
 147              	SO_CLOCK_signal:
 148 0000 00000000 		.space	16
 148      00000000 
 148      00000000 
 148      00000000 
 149 0010 00       		.byte	0
 150 0011 000000   		.space	3
 151 0014 00000000 		.word	0
 152 0018 54000000 		.word	SO_CLOCK_cfg
 153              		.type	SO_DISPLAY_signal, %object
 154              		.size	SO_DISPLAY_signal, 28
 155              	SO_DISPLAY_signal:
 156 001c 00000000 		.space	16
 156      00000000 
 156      00000000 
 156      00000000 
 157 002c 00       		.byte	0
 158 002d 000000   		.space	3
 159 0030 00000000 		.word	0
 160 0034 2C000000 		.word	SO_DISPLAY_cfg
 161              		.type	SO_EVENT_signal, %object
 162              		.size	SO_EVENT_signal, 12
 163              	SO_EVENT_signal:
 164 0038 00       		.space	1
 165 0039 00       		.byte	0
 166 003a 0000     		.space	2
 167 003c 00000000 		.word	0
 168 0040 00000000 		.word	SO_EVENT_cfg
 169              		.text
 170              	.Letext0:
 171              		.file 4 "c:\\program files (x86)\\cypress\\psoc creator\\4.4\\psoc creator\\import\\gnu\\arm\\5.4.
 172              		.file 5 "c:\\program files (x86)\\cypress\\psoc creator\\4.4\\psoc creator\\import\\gnu\\arm\\5.4.
 173              		.file 6 "c:\\program files (x86)\\cypress\\psoc creator\\4.4\\psoc creator\\import\\gnu\\arm\\5.4.
 174              		.file 7 "Generated_Source\\PSoC5/ErikaOS_1_common_ee_types.inc"
 175              		.file 8 "Generated_Source\\PSoC5/ErikaOS_1_cortex_mx_ee_cpu.inc"
 176              		.file 9 "Generated_Source\\PSoC5/ErikaOS_1_ee_oo_common.inc"
 177              		.file 10 ".\\bsw/global.h"
 178              		.file 11 "rte\\rte_types.h"
 179              		.file 12 "rte\\rte.h"
 180              		.file 13 ".\\asw/statemachine.h"
 181              		.file 14 ".\\bsw\\tft/tft.h"
 182              		.file 15 ".\\asw/swc_clock.h"
 183              		.file 16 "rte\\sc_clock_type.h"
 184              		.file 17 "rte\\sc_event_type.h"
 185              		.file 18 "Generated_Source\\PSoC5/ErikaOS_1_ee_oo_intfunc.inc"
 186              		.file 19 "Generated_Source\\PSoC5/ErikaOS_1_cortex_mx_ee_context.inc"
 187              		.file 20 "Generated_Source\\PSoC5/ErikaOS_1_common_ee_primitives.inc"
ARM GAS  C:\Users\91819\AppData\Local\Temp\cc2mYg3x.s 			page 16


 188              		.file 21 "Generated_Source\\PSoC5/core_cm3.h"
 189              		.section	.debug_info,"",%progbits
 190              	.Ldebug_info0:
 191 0000 DF090000 		.4byte	0x9df
 192 0004 0400     		.2byte	0x4
 193 0006 00000000 		.4byte	.Ldebug_abbrev0
 194 000a 04       		.byte	0x4
 195 000b 01       		.uleb128 0x1
 196 000c 9E060000 		.4byte	.LASF166
 197 0010 0C       		.byte	0xc
 198 0011 F3070000 		.4byte	.LASF167
 199 0015 EA080000 		.4byte	.LASF168
 200 0019 00000000 		.4byte	.Ldebug_ranges0+0
 201 001d 00000000 		.4byte	0
 202 0021 00000000 		.4byte	.Ldebug_line0
 203 0025 02       		.uleb128 0x2
 204 0026 01       		.byte	0x1
 205 0027 06       		.byte	0x6
 206 0028 71010000 		.4byte	.LASF0
 207 002c 03       		.uleb128 0x3
 208 002d 73000000 		.4byte	.LASF3
 209 0031 04       		.byte	0x4
 210 0032 1D       		.byte	0x1d
 211 0033 37000000 		.4byte	0x37
 212 0037 02       		.uleb128 0x2
 213 0038 01       		.byte	0x1
 214 0039 08       		.byte	0x8
 215 003a 47060000 		.4byte	.LASF1
 216 003e 02       		.uleb128 0x2
 217 003f 02       		.byte	0x2
 218 0040 05       		.byte	0x5
 219 0041 55060000 		.4byte	.LASF2
 220 0045 03       		.uleb128 0x3
 221 0046 B2070000 		.4byte	.LASF4
 222 004a 04       		.byte	0x4
 223 004b 2B       		.byte	0x2b
 224 004c 50000000 		.4byte	0x50
 225 0050 02       		.uleb128 0x2
 226 0051 02       		.byte	0x2
 227 0052 07       		.byte	0x7
 228 0053 42080000 		.4byte	.LASF5
 229 0057 03       		.uleb128 0x3
 230 0058 E7000000 		.4byte	.LASF6
 231 005c 04       		.byte	0x4
 232 005d 3F       		.byte	0x3f
 233 005e 62000000 		.4byte	0x62
 234 0062 02       		.uleb128 0x2
 235 0063 04       		.byte	0x4
 236 0064 05       		.byte	0x5
 237 0065 12020000 		.4byte	.LASF7
 238 0069 03       		.uleb128 0x3
 239 006a CB020000 		.4byte	.LASF8
 240 006e 04       		.byte	0x4
 241 006f 41       		.byte	0x41
 242 0070 74000000 		.4byte	0x74
 243 0074 02       		.uleb128 0x2
 244 0075 04       		.byte	0x4
ARM GAS  C:\Users\91819\AppData\Local\Temp\cc2mYg3x.s 			page 17


 245 0076 07       		.byte	0x7
 246 0077 5E030000 		.4byte	.LASF9
 247 007b 02       		.uleb128 0x2
 248 007c 08       		.byte	0x8
 249 007d 05       		.byte	0x5
 250 007e 63010000 		.4byte	.LASF10
 251 0082 02       		.uleb128 0x2
 252 0083 08       		.byte	0x8
 253 0084 07       		.byte	0x7
 254 0085 AC000000 		.4byte	.LASF11
 255 0089 04       		.uleb128 0x4
 256 008a 04       		.byte	0x4
 257 008b 05       		.byte	0x5
 258 008c 696E7400 		.ascii	"int\000"
 259 0090 02       		.uleb128 0x2
 260 0091 04       		.byte	0x4
 261 0092 07       		.byte	0x7
 262 0093 03030000 		.4byte	.LASF12
 263 0097 03       		.uleb128 0x3
 264 0098 E2080000 		.4byte	.LASF13
 265 009c 05       		.byte	0x5
 266 009d 18       		.byte	0x18
 267 009e 2C000000 		.4byte	0x2c
 268 00a2 03       		.uleb128 0x3
 269 00a3 10030000 		.4byte	.LASF14
 270 00a7 05       		.byte	0x5
 271 00a8 24       		.byte	0x24
 272 00a9 45000000 		.4byte	0x45
 273 00ad 03       		.uleb128 0x3
 274 00ae 3F060000 		.4byte	.LASF15
 275 00b2 05       		.byte	0x5
 276 00b3 2C       		.byte	0x2c
 277 00b4 57000000 		.4byte	0x57
 278 00b8 03       		.uleb128 0x3
 279 00b9 78070000 		.4byte	.LASF16
 280 00bd 05       		.byte	0x5
 281 00be 30       		.byte	0x30
 282 00bf 69000000 		.4byte	0x69
 283 00c3 02       		.uleb128 0x2
 284 00c4 04       		.byte	0x4
 285 00c5 04       		.byte	0x4
 286 00c6 EE050000 		.4byte	.LASF17
 287 00ca 02       		.uleb128 0x2
 288 00cb 08       		.byte	0x8
 289 00cc 04       		.byte	0x4
 290 00cd 5D020000 		.4byte	.LASF18
 291 00d1 02       		.uleb128 0x2
 292 00d2 01       		.byte	0x1
 293 00d3 08       		.byte	0x8
 294 00d4 A7070000 		.4byte	.LASF19
 295 00d8 03       		.uleb128 0x3
 296 00d9 3E000000 		.4byte	.LASF20
 297 00dd 06       		.byte	0x6
 298 00de D8       		.byte	0xd8
 299 00df 90000000 		.4byte	0x90
 300 00e3 02       		.uleb128 0x2
 301 00e4 08       		.byte	0x8
ARM GAS  C:\Users\91819\AppData\Local\Temp\cc2mYg3x.s 			page 18


 302 00e5 04       		.byte	0x4
 303 00e6 9B070000 		.4byte	.LASF21
 304 00ea 03       		.uleb128 0x3
 305 00eb D9080000 		.4byte	.LASF22
 306 00ef 07       		.byte	0x7
 307 00f0 53       		.byte	0x53
 308 00f1 89000000 		.4byte	0x89
 309 00f5 03       		.uleb128 0x3
 310 00f6 BB080000 		.4byte	.LASF23
 311 00fa 07       		.byte	0x7
 312 00fb 54       		.byte	0x54
 313 00fc 90000000 		.4byte	0x90
 314 0100 03       		.uleb128 0x3
 315 0101 3A030000 		.4byte	.LASF24
 316 0105 08       		.byte	0x8
 317 0106 4D       		.byte	0x4d
 318 0107 F5000000 		.4byte	0xf5
 319 010b 03       		.uleb128 0x3
 320 010c EE090000 		.4byte	.LASF25
 321 0110 08       		.byte	0x8
 322 0111 4F       		.byte	0x4f
 323 0112 F5000000 		.4byte	0xf5
 324 0116 03       		.uleb128 0x3
 325 0117 F6020000 		.4byte	.LASF26
 326 011b 08       		.byte	0x8
 327 011c 78       		.byte	0x78
 328 011d EA000000 		.4byte	0xea
 329 0121 05       		.uleb128 0x5
 330 0122 D3030000 		.4byte	.LASF27
 331 0126 09       		.byte	0x9
 332 0127 F701     		.2byte	0x1f7
 333 0129 16010000 		.4byte	0x116
 334 012d 05       		.uleb128 0x5
 335 012e 66000000 		.4byte	.LASF28
 336 0132 09       		.byte	0x9
 337 0133 2102     		.2byte	0x221
 338 0135 00010000 		.4byte	0x100
 339 0139 05       		.uleb128 0x5
 340 013a 7D010000 		.4byte	.LASF29
 341 013e 09       		.byte	0x9
 342 013f 2C02     		.2byte	0x22c
 343 0141 00010000 		.4byte	0x100
 344 0145 02       		.uleb128 0x2
 345 0146 04       		.byte	0x4
 346 0147 07       		.byte	0x7
 347 0148 FA040000 		.4byte	.LASF30
 348 014c 03       		.uleb128 0x3
 349 014d 03050000 		.4byte	.LASF31
 350 0151 0A       		.byte	0xa
 351 0152 9C       		.byte	0x9c
 352 0153 37000000 		.4byte	0x37
 353 0157 06       		.uleb128 0x6
 354 0158 01       		.byte	0x1
 355 0159 25000000 		.4byte	0x25
 356 015d 0A       		.byte	0xa
 357 015e CF       		.byte	0xcf
 358 015f 00020000 		.4byte	0x200
ARM GAS  C:\Users\91819\AppData\Local\Temp\cc2mYg3x.s 			page 19


 359 0163 07       		.uleb128 0x7
 360 0164 7E030000 		.4byte	.LASF32
 361 0168 00       		.byte	0
 362 0169 08       		.uleb128 0x8
 363 016a E0050000 		.4byte	.LASF33
 364 016e 7F       		.sleb128 -1
 365 016f 08       		.uleb128 0x8
 366 0170 70030000 		.4byte	.LASF34
 367 0174 7E       		.sleb128 -2
 368 0175 08       		.uleb128 0x8
 369 0176 90060000 		.4byte	.LASF35
 370 017a 7D       		.sleb128 -3
 371 017b 08       		.uleb128 0x8
 372 017c 32080000 		.4byte	.LASF36
 373 0180 7C       		.sleb128 -4
 374 0181 08       		.uleb128 0x8
 375 0182 82000000 		.4byte	.LASF37
 376 0186 7B       		.sleb128 -5
 377 0187 08       		.uleb128 0x8
 378 0188 03080000 		.4byte	.LASF38
 379 018c 7A       		.sleb128 -6
 380 018d 08       		.uleb128 0x8
 381 018e A8050000 		.4byte	.LASF39
 382 0192 79       		.sleb128 -7
 383 0193 08       		.uleb128 0x8
 384 0194 19040000 		.4byte	.LASF40
 385 0198 78       		.sleb128 -8
 386 0199 08       		.uleb128 0x8
 387 019a E5010000 		.4byte	.LASF41
 388 019e 77       		.sleb128 -9
 389 019f 08       		.uleb128 0x8
 390 01a0 0C060000 		.4byte	.LASF42
 391 01a4 76       		.sleb128 -10
 392 01a5 08       		.uleb128 0x8
 393 01a6 D5000000 		.4byte	.LASF43
 394 01aa 75       		.sleb128 -11
 395 01ab 08       		.uleb128 0x8
 396 01ac 4F020000 		.4byte	.LASF44
 397 01b0 74       		.sleb128 -12
 398 01b1 08       		.uleb128 0x8
 399 01b2 4C030000 		.4byte	.LASF45
 400 01b6 73       		.sleb128 -13
 401 01b7 08       		.uleb128 0x8
 402 01b8 88070000 		.4byte	.LASF46
 403 01bc 72       		.sleb128 -14
 404 01bd 08       		.uleb128 0x8
 405 01be 2B060000 		.4byte	.LASF47
 406 01c2 71       		.sleb128 -15
 407 01c3 08       		.uleb128 0x8
 408 01c4 43050000 		.4byte	.LASF48
 409 01c8 70       		.sleb128 -16
 410 01c9 08       		.uleb128 0x8
 411 01ca BA050000 		.4byte	.LASF49
 412 01ce 6F       		.sleb128 -17
 413 01cf 08       		.uleb128 0x8
 414 01d0 44040000 		.4byte	.LASF50
 415 01d4 6E       		.sleb128 -18
ARM GAS  C:\Users\91819\AppData\Local\Temp\cc2mYg3x.s 			page 20


 416 01d5 08       		.uleb128 0x8
 417 01d6 99000000 		.4byte	.LASF51
 418 01da 6D       		.sleb128 -19
 419 01db 08       		.uleb128 0x8
 420 01dc 72040000 		.4byte	.LASF52
 421 01e0 6C       		.sleb128 -20
 422 01e1 08       		.uleb128 0x8
 423 01e2 C3000000 		.4byte	.LASF53
 424 01e6 6B       		.sleb128 -21
 425 01e7 08       		.uleb128 0x8
 426 01e8 91050000 		.4byte	.LASF54
 427 01ec 6A       		.sleb128 -22
 428 01ed 08       		.uleb128 0x8
 429 01ee 1F000000 		.4byte	.LASF55
 430 01f2 69       		.sleb128 -23
 431 01f3 08       		.uleb128 0x8
 432 01f4 29030000 		.4byte	.LASF56
 433 01f8 68       		.sleb128 -24
 434 01f9 08       		.uleb128 0x8
 435 01fa DA070000 		.4byte	.LASF57
 436 01fe 67       		.sleb128 -25
 437 01ff 00       		.byte	0
 438 0200 03       		.uleb128 0x3
 439 0201 7D000000 		.4byte	.LASF58
 440 0205 0A       		.byte	0xa
 441 0206 EA       		.byte	0xea
 442 0207 57010000 		.4byte	0x157
 443 020b 03       		.uleb128 0x3
 444 020c 67080000 		.4byte	.LASF59
 445 0210 0B       		.byte	0xb
 446 0211 19       		.byte	0x19
 447 0212 16020000 		.4byte	0x216
 448 0216 09       		.uleb128 0x9
 449 0217 21010000 		.4byte	0x121
 450 021b 21020000 		.4byte	0x221
 451 021f 0A       		.uleb128 0xa
 452 0220 00       		.byte	0
 453 0221 06       		.uleb128 0x6
 454 0222 01       		.byte	0x1
 455 0223 37000000 		.4byte	0x37
 456 0227 0C       		.byte	0xc
 457 0228 59       		.byte	0x59
 458 0229 46020000 		.4byte	0x246
 459 022d 07       		.uleb128 0x7
 460 022e 59040000 		.4byte	.LASF60
 461 0232 00       		.byte	0
 462 0233 07       		.uleb128 0x7
 463 0234 28010000 		.4byte	.LASF61
 464 0238 01       		.byte	0x1
 465 0239 07       		.uleb128 0x7
 466 023a 64020000 		.4byte	.LASF62
 467 023e 02       		.byte	0x2
 468 023f 07       		.uleb128 0x7
 469 0240 86080000 		.4byte	.LASF63
 470 0244 03       		.byte	0x3
 471 0245 00       		.byte	0
 472 0246 03       		.uleb128 0x3
ARM GAS  C:\Users\91819\AppData\Local\Temp\cc2mYg3x.s 			page 21


 473 0247 1F080000 		.4byte	.LASF64
 474 024b 0C       		.byte	0xc
 475 024c 5E       		.byte	0x5e
 476 024d 21020000 		.4byte	0x221
 477 0251 03       		.uleb128 0x3
 478 0252 DC090000 		.4byte	.LASF65
 479 0256 0D       		.byte	0xd
 480 0257 32       		.byte	0x32
 481 0258 5C020000 		.4byte	0x25c
 482 025c 0B       		.uleb128 0xb
 483 025d 04       		.byte	0x4
 484 025e 62020000 		.4byte	0x262
 485 0262 0C       		.uleb128 0xc
 486 0263 69020000 		.4byte	0x269
 487 0267 0D       		.uleb128 0xd
 488 0268 00       		.byte	0
 489 0269 03       		.uleb128 0x3
 490 026a 01020000 		.4byte	.LASF66
 491 026e 0D       		.byte	0xd
 492 026f 37       		.byte	0x37
 493 0270 74020000 		.4byte	0x274
 494 0274 0B       		.uleb128 0xb
 495 0275 04       		.byte	0x4
 496 0276 7A020000 		.4byte	0x27a
 497 027a 0E       		.uleb128 0xe
 498 027b 4C010000 		.4byte	0x14c
 499 027f 85020000 		.4byte	0x285
 500 0283 0D       		.uleb128 0xd
 501 0284 00       		.byte	0
 502 0285 0F       		.uleb128 0xf
 503 0286 0C       		.byte	0xc
 504 0287 0D       		.byte	0xd
 505 0288 3E       		.byte	0x3e
 506 0289 BE020000 		.4byte	0x2be
 507 028d 10       		.uleb128 0x10
 508 028e C8030000 		.4byte	.LASF67
 509 0292 0D       		.byte	0xd
 510 0293 40       		.byte	0x40
 511 0294 A2000000 		.4byte	0xa2
 512 0298 00       		.byte	0
 513 0299 10       		.uleb128 0x10
 514 029a 91000000 		.4byte	.LASF68
 515 029e 0D       		.byte	0xd
 516 029f 41       		.byte	0x41
 517 02a0 A2000000 		.4byte	0xa2
 518 02a4 02       		.byte	0x2
 519 02a5 10       		.uleb128 0x10
 520 02a6 C4090000 		.4byte	.LASF69
 521 02aa 0D       		.byte	0xd
 522 02ab 42       		.byte	0x42
 523 02ac 69020000 		.4byte	0x269
 524 02b0 04       		.byte	0x4
 525 02b1 10       		.uleb128 0x10
 526 02b2 75080000 		.4byte	.LASF70
 527 02b6 0D       		.byte	0xd
 528 02b7 43       		.byte	0x43
 529 02b8 51020000 		.4byte	0x251
ARM GAS  C:\Users\91819\AppData\Local\Temp\cc2mYg3x.s 			page 22


 530 02bc 08       		.byte	0x8
 531 02bd 00       		.byte	0
 532 02be 03       		.uleb128 0x3
 533 02bf 0D050000 		.4byte	.LASF71
 534 02c3 0D       		.byte	0xd
 535 02c4 45       		.byte	0x45
 536 02c5 85020000 		.4byte	0x285
 537 02c9 09       		.uleb128 0x9
 538 02ca BE020000 		.4byte	0x2be
 539 02ce D4020000 		.4byte	0x2d4
 540 02d2 0A       		.uleb128 0xa
 541 02d3 00       		.byte	0
 542 02d4 0F       		.uleb128 0xf
 543 02d5 0C       		.byte	0xc
 544 02d6 0D       		.byte	0xd
 545 02d7 4C       		.byte	0x4c
 546 02d8 01030000 		.4byte	0x301
 547 02dc 10       		.uleb128 0x10
 548 02dd 0A000000 		.4byte	.LASF72
 549 02e1 0D       		.byte	0xd
 550 02e2 4E       		.byte	0x4e
 551 02e3 A2000000 		.4byte	0xa2
 552 02e7 00       		.byte	0
 553 02e8 10       		.uleb128 0x10
 554 02e9 A6010000 		.4byte	.LASF73
 555 02ed 0D       		.byte	0xd
 556 02ee 4F       		.byte	0x4f
 557 02ef 07030000 		.4byte	0x307
 558 02f3 04       		.byte	0x4
 559 02f4 10       		.uleb128 0x10
 560 02f5 CE030000 		.4byte	.LASF74
 561 02f9 0D       		.byte	0xd
 562 02fa 50       		.byte	0x50
 563 02fb 0C030000 		.4byte	0x30c
 564 02ff 08       		.byte	0x8
 565 0300 00       		.byte	0
 566 0301 0B       		.uleb128 0xb
 567 0302 04       		.byte	0x4
 568 0303 C9020000 		.4byte	0x2c9
 569 0307 11       		.uleb128 0x11
 570 0308 01030000 		.4byte	0x301
 571 030c 11       		.uleb128 0x11
 572 030d A2000000 		.4byte	0xa2
 573 0311 03       		.uleb128 0x3
 574 0312 54050000 		.4byte	.LASF75
 575 0316 0D       		.byte	0xd
 576 0317 51       		.byte	0x51
 577 0318 D4020000 		.4byte	0x2d4
 578 031c 09       		.uleb128 0x9
 579 031d 11030000 		.4byte	0x311
 580 0321 27030000 		.4byte	0x327
 581 0325 0A       		.uleb128 0xa
 582 0326 00       		.byte	0
 583 0327 0F       		.uleb128 0xf
 584 0328 0C       		.byte	0xc
 585 0329 0D       		.byte	0xd
 586 032a 5A       		.byte	0x5a
ARM GAS  C:\Users\91819\AppData\Local\Temp\cc2mYg3x.s 			page 23


 587 032b 54030000 		.4byte	0x354
 588 032f 10       		.uleb128 0x10
 589 0330 FB010000 		.4byte	.LASF76
 590 0334 0D       		.byte	0xd
 591 0335 5C       		.byte	0x5c
 592 0336 A2000000 		.4byte	0xa2
 593 033a 00       		.byte	0
 594 033b 10       		.uleb128 0x10
 595 033c 2E040000 		.4byte	.LASF77
 596 0340 0D       		.byte	0xd
 597 0341 5D       		.byte	0x5d
 598 0342 51020000 		.4byte	0x251
 599 0346 04       		.byte	0x4
 600 0347 10       		.uleb128 0x10
 601 0348 38020000 		.4byte	.LASF78
 602 034c 0D       		.byte	0xd
 603 034d 5E       		.byte	0x5e
 604 034e 51020000 		.4byte	0x251
 605 0352 08       		.byte	0x8
 606 0353 00       		.byte	0
 607 0354 03       		.uleb128 0x3
 608 0355 BD040000 		.4byte	.LASF79
 609 0359 0D       		.byte	0xd
 610 035a 5F       		.byte	0x5f
 611 035b 27030000 		.4byte	0x327
 612 035f 09       		.uleb128 0x9
 613 0360 54030000 		.4byte	0x354
 614 0364 6A030000 		.4byte	0x36a
 615 0368 0A       		.uleb128 0xa
 616 0369 00       		.byte	0
 617 036a 0F       		.uleb128 0xf
 618 036b 10       		.byte	0x10
 619 036c 0D       		.byte	0xd
 620 036d 66       		.byte	0x66
 621 036e AF030000 		.4byte	0x3af
 622 0372 10       		.uleb128 0x10
 623 0373 BC010000 		.4byte	.LASF80
 624 0377 0D       		.byte	0xd
 625 0378 68       		.byte	0x68
 626 0379 AF030000 		.4byte	0x3af
 627 037d 00       		.byte	0
 628 037e 10       		.uleb128 0x10
 629 037f 85040000 		.4byte	.LASF81
 630 0383 0D       		.byte	0xd
 631 0384 69       		.byte	0x69
 632 0385 0C030000 		.4byte	0x30c
 633 0389 04       		.byte	0x4
 634 038a 10       		.uleb128 0x10
 635 038b 45000000 		.4byte	.LASF82
 636 038f 0D       		.byte	0xd
 637 0390 6A       		.byte	0x6a
 638 0391 B5030000 		.4byte	0x3b5
 639 0395 08       		.byte	0x8
 640 0396 10       		.uleb128 0x10
 641 0397 55080000 		.4byte	.LASF83
 642 039b 0D       		.byte	0xd
 643 039c 6B       		.byte	0x6b
ARM GAS  C:\Users\91819\AppData\Local\Temp\cc2mYg3x.s 			page 24


 644 039d 0C030000 		.4byte	0x30c
 645 03a1 0C       		.byte	0xc
 646 03a2 10       		.uleb128 0x10
 647 03a3 20010000 		.4byte	.LASF84
 648 03a7 0D       		.byte	0xd
 649 03a8 6C       		.byte	0x6c
 650 03a9 A2000000 		.4byte	0xa2
 651 03ad 0E       		.byte	0xe
 652 03ae 00       		.byte	0
 653 03af 0B       		.uleb128 0xb
 654 03b0 04       		.byte	0x4
 655 03b1 1C030000 		.4byte	0x31c
 656 03b5 0B       		.uleb128 0xb
 657 03b6 04       		.byte	0x4
 658 03b7 5F030000 		.4byte	0x35f
 659 03bb 03       		.uleb128 0x3
 660 03bc F6090000 		.4byte	.LASF85
 661 03c0 0D       		.byte	0xd
 662 03c1 6E       		.byte	0x6e
 663 03c2 6A030000 		.4byte	0x36a
 664 03c6 06       		.uleb128 0x6
 665 03c7 02       		.byte	0x2
 666 03c8 50000000 		.4byte	0x50
 667 03cc 0E       		.byte	0xe
 668 03cd 5C       		.byte	0x5c
 669 03ce 64040000 		.4byte	0x464
 670 03d2 12       		.uleb128 0x12
 671 03d3 0D010000 		.4byte	.LASF86
 672 03d7 FFFF     		.2byte	0xffff
 673 03d9 07       		.uleb128 0x7
 674 03da AC070000 		.4byte	.LASF87
 675 03de 00       		.byte	0
 676 03df 12       		.uleb128 0x12
 677 03e0 BD070000 		.4byte	.LASF88
 678 03e4 00F8     		.2byte	0xf800
 679 03e6 12       		.uleb128 0x12
 680 03e7 E9050000 		.4byte	.LASF89
 681 03eb 1FF8     		.2byte	0xf81f
 682 03ed 12       		.uleb128 0x12
 683 03ee 61000000 		.4byte	.LASF90
 684 03f2 FF07     		.2byte	0x7ff
 685 03f4 12       		.uleb128 0x12
 686 03f5 B1030000 		.4byte	.LASF91
 687 03f9 E0FF     		.2byte	0xffe0
 688 03fb 13       		.uleb128 0x13
 689 03fc 52454400 		.ascii	"RED\000"
 690 0400 1F       		.byte	0x1f
 691 0401 12       		.uleb128 0x12
 692 0402 36000000 		.4byte	.LASF92
 693 0406 1FF8     		.2byte	0xf81f
 694 0408 12       		.uleb128 0x12
 695 0409 D4070000 		.4byte	.LASF93
 696 040d E007     		.2byte	0x7e0
 697 040f 12       		.uleb128 0x12
 698 0410 36070000 		.4byte	.LASF94
 699 0414 E0FF     		.2byte	0xffe0
 700 0416 12       		.uleb128 0x12
ARM GAS  C:\Users\91819\AppData\Local\Temp\cc2mYg3x.s 			page 25


 701 0417 43020000 		.4byte	.LASF95
 702 041b FF07     		.2byte	0x7ff
 703 041d 12       		.uleb128 0x12
 704 041e 32020000 		.4byte	.LASF96
 705 0422 3D02     		.2byte	0x23d
 706 0424 12       		.uleb128 0x12
 707 0425 D6020000 		.4byte	.LASF97
 708 0429 3FE0     		.2byte	0xe03f
 709 042b 12       		.uleb128 0x12
 710 042c A3050000 		.4byte	.LASF98
 711 0430 210C     		.2byte	0xc21
 712 0432 12       		.uleb128 0x12
 713 0433 CE050000 		.4byte	.LASF99
 714 0437 89F3     		.2byte	0xf389
 715 0439 12       		.uleb128 0x12
 716 043a B3040000 		.4byte	.LASF100
 717 043e BE3E     		.2byte	0x3ebe
 718 0440 12       		.uleb128 0x12
 719 0441 A4090000 		.4byte	.LASF101
 720 0445 2A1A     		.2byte	0x1a2a
 721 0447 12       		.uleb128 0x12
 722 0448 14080000 		.4byte	.LASF102
 723 044c 21F8     		.2byte	0xf821
 724 044e 12       		.uleb128 0x12
 725 044f F0020000 		.4byte	.LASF103
 726 0453 6318     		.2byte	0x1863
 727 0455 12       		.uleb128 0x12
 728 0456 3A040000 		.4byte	.LASF104
 729 045a 658A     		.2byte	0x8a65
 730 045c 12       		.uleb128 0x12
 731 045d 12040000 		.4byte	.LASF105
 732 0461 D448     		.2byte	0x48d4
 733 0463 00       		.byte	0
 734 0464 03       		.uleb128 0x3
 735 0465 13010000 		.4byte	.LASF106
 736 0469 0E       		.byte	0xe
 737 046a 72       		.byte	0x72
 738 046b C6030000 		.4byte	0x3c6
 739 046f 06       		.uleb128 0x6
 740 0470 01       		.byte	0x1
 741 0471 37000000 		.4byte	0x37
 742 0475 0F       		.byte	0xf
 743 0476 26       		.byte	0x26
 744 0477 88040000 		.4byte	0x488
 745 047b 07       		.uleb128 0x7
 746 047c CE010000 		.4byte	.LASF107
 747 0480 00       		.byte	0
 748 0481 07       		.uleb128 0x7
 749 0482 04060000 		.4byte	.LASF108
 750 0486 01       		.byte	0x1
 751 0487 00       		.byte	0
 752 0488 03       		.uleb128 0x3
 753 0489 53000000 		.4byte	.LASF109
 754 048d 0F       		.byte	0xf
 755 048e 29       		.byte	0x29
 756 048f 6F040000 		.4byte	0x46f
 757 0493 0F       		.uleb128 0xf
ARM GAS  C:\Users\91819\AppData\Local\Temp\cc2mYg3x.s 			page 26


 758 0494 04       		.byte	0x4
 759 0495 0F       		.byte	0xf
 760 0496 2B       		.byte	0x2b
 761 0497 B4040000 		.4byte	0x4b4
 762 049b 10       		.uleb128 0x10
 763 049c 1B020000 		.4byte	.LASF110
 764 04a0 0F       		.byte	0xf
 765 04a1 2C       		.byte	0x2c
 766 04a2 64040000 		.4byte	0x464
 767 04a6 00       		.byte	0
 768 04a7 10       		.uleb128 0x10
 769 04a8 3B070000 		.4byte	.LASF111
 770 04ac 0F       		.byte	0xf
 771 04ad 2D       		.byte	0x2d
 772 04ae 64040000 		.4byte	0x464
 773 04b2 02       		.byte	0x2
 774 04b3 00       		.byte	0
 775 04b4 03       		.uleb128 0x3
 776 04b5 AD090000 		.4byte	.LASF112
 777 04b9 0F       		.byte	0xf
 778 04ba 2E       		.byte	0x2e
 779 04bb 93040000 		.4byte	0x493
 780 04bf 0F       		.uleb128 0xf
 781 04c0 0A       		.byte	0xa
 782 04c1 0F       		.byte	0xf
 783 04c2 30       		.byte	0x30
 784 04c3 F8040000 		.4byte	0x4f8
 785 04c7 10       		.uleb128 0x10
 786 04c8 CA090000 		.4byte	.LASF113
 787 04cc 0F       		.byte	0xf
 788 04cd 32       		.byte	0x32
 789 04ce 97000000 		.4byte	0x97
 790 04d2 00       		.byte	0
 791 04d3 10       		.uleb128 0x10
 792 04d4 5F060000 		.4byte	.LASF114
 793 04d8 0F       		.byte	0xf
 794 04d9 33       		.byte	0x33
 795 04da 97000000 		.4byte	0x97
 796 04de 01       		.byte	0x1
 797 04df 10       		.uleb128 0x10
 798 04e0 BA090000 		.4byte	.LASF115
 799 04e4 0F       		.byte	0xf
 800 04e5 34       		.byte	0x34
 801 04e6 B4040000 		.4byte	0x4b4
 802 04ea 02       		.byte	0x2
 803 04eb 10       		.uleb128 0x10
 804 04ec 14000000 		.4byte	.LASF116
 805 04f0 0F       		.byte	0xf
 806 04f1 35       		.byte	0x35
 807 04f2 B4040000 		.4byte	0x4b4
 808 04f6 06       		.byte	0x6
 809 04f7 00       		.byte	0
 810 04f8 03       		.uleb128 0x3
 811 04f9 89030000 		.4byte	.LASF117
 812 04fd 0F       		.byte	0xf
 813 04fe 36       		.byte	0x36
 814 04ff BF040000 		.4byte	0x4bf
ARM GAS  C:\Users\91819\AppData\Local\Temp\cc2mYg3x.s 			page 27


 815 0503 0F       		.uleb128 0xf
 816 0504 10       		.byte	0x10
 817 0505 10       		.byte	0x10
 818 0506 20       		.byte	0x20
 819 0507 30050000 		.4byte	0x530
 820 050b 10       		.uleb128 0x10
 821 050c B7030000 		.4byte	.LASF118
 822 0510 10       		.byte	0x10
 823 0511 22       		.byte	0x22
 824 0512 30050000 		.4byte	0x530
 825 0516 00       		.byte	0
 826 0517 10       		.uleb128 0x10
 827 0518 A8040000 		.4byte	.LASF119
 828 051c 10       		.byte	0x10
 829 051d 23       		.byte	0x23
 830 051e F8040000 		.4byte	0x4f8
 831 0522 04       		.byte	0x4
 832 0523 10       		.uleb128 0x10
 833 0524 9B040000 		.4byte	.LASF120
 834 0528 10       		.byte	0x10
 835 0529 24       		.byte	0x24
 836 052a 88040000 		.4byte	0x488
 837 052e 0E       		.byte	0xe
 838 052f 00       		.byte	0
 839 0530 0B       		.uleb128 0xb
 840 0531 04       		.byte	0x4
 841 0532 BB030000 		.4byte	0x3bb
 842 0536 03       		.uleb128 0x3
 843 0537 19030000 		.4byte	.LASF121
 844 053b 10       		.byte	0x10
 845 053c 26       		.byte	0x26
 846 053d 03050000 		.4byte	0x503
 847 0541 03       		.uleb128 0x3
 848 0542 64070000 		.4byte	.LASF122
 849 0546 02       		.byte	0x2
 850 0547 27       		.byte	0x27
 851 0548 4C050000 		.4byte	0x54c
 852 054c 0B       		.uleb128 0xb
 853 054d 04       		.byte	0x4
 854 054e 52050000 		.4byte	0x552
 855 0552 14       		.uleb128 0x14
 856 0553 00020000 		.4byte	0x200
 857 0557 61050000 		.4byte	0x561
 858 055b 15       		.uleb128 0x15
 859 055c 67050000 		.4byte	0x567
 860 0560 00       		.byte	0
 861 0561 0B       		.uleb128 0xb
 862 0562 04       		.byte	0x4
 863 0563 36050000 		.4byte	0x536
 864 0567 11       		.uleb128 0x11
 865 0568 61050000 		.4byte	0x561
 866 056c 03       		.uleb128 0x3
 867 056d FD030000 		.4byte	.LASF123
 868 0571 02       		.byte	0x2
 869 0572 2D       		.byte	0x2d
 870 0573 77050000 		.4byte	0x577
 871 0577 0B       		.uleb128 0xb
ARM GAS  C:\Users\91819\AppData\Local\Temp\cc2mYg3x.s 			page 28


 872 0578 04       		.byte	0x4
 873 0579 7D050000 		.4byte	0x57d
 874 057d 14       		.uleb128 0x14
 875 057e 00020000 		.4byte	0x200
 876 0582 8C050000 		.4byte	0x58c
 877 0586 15       		.uleb128 0x15
 878 0587 97050000 		.4byte	0x597
 879 058b 00       		.byte	0
 880 058c 0B       		.uleb128 0xb
 881 058d 04       		.byte	0x4
 882 058e 92050000 		.4byte	0x592
 883 0592 11       		.uleb128 0x11
 884 0593 36050000 		.4byte	0x536
 885 0597 11       		.uleb128 0x11
 886 0598 8C050000 		.4byte	0x58c
 887 059c 16       		.uleb128 0x16
 888 059d 45010000 		.4byte	.LASF135
 889 05a1 28       		.byte	0x28
 890 05a2 02       		.byte	0x2
 891 05a3 37       		.byte	0x37
 892 05a4 21060000 		.4byte	0x621
 893 05a8 10       		.uleb128 0x10
 894 05a9 D7050000 		.4byte	.LASF124
 895 05ad 02       		.byte	0x2
 896 05ae 3C       		.byte	0x3c
 897 05af 21060000 		.4byte	0x621
 898 05b3 00       		.byte	0
 899 05b4 10       		.uleb128 0x10
 900 05b5 42030000 		.4byte	.LASF125
 901 05b9 02       		.byte	0x2
 902 05ba 41       		.byte	0x41
 903 05bb 26060000 		.4byte	0x626
 904 05bf 04       		.byte	0x4
 905 05c0 10       		.uleb128 0x10
 906 05c1 8B010000 		.4byte	.LASF126
 907 05c5 02       		.byte	0x2
 908 05c6 46       		.byte	0x46
 909 05c7 2B060000 		.4byte	0x62b
 910 05cb 08       		.byte	0x8
 911 05cc 10       		.uleb128 0x10
 912 05cd 2C070000 		.4byte	.LASF127
 913 05d1 02       		.byte	0x2
 914 05d2 4C       		.byte	0x4c
 915 05d3 2B060000 		.4byte	0x62b
 916 05d7 0C       		.byte	0xc
 917 05d8 10       		.uleb128 0x10
 918 05d9 A0020000 		.4byte	.LASF128
 919 05dd 02       		.byte	0x2
 920 05de 51       		.byte	0x51
 921 05df 30060000 		.4byte	0x630
 922 05e3 10       		.byte	0x10
 923 05e4 10       		.uleb128 0x10
 924 05e5 82060000 		.4byte	.LASF129
 925 05e9 02       		.byte	0x2
 926 05ea 56       		.byte	0x56
 927 05eb 3B060000 		.4byte	0x63b
 928 05ef 14       		.byte	0x14
ARM GAS  C:\Users\91819\AppData\Local\Temp\cc2mYg3x.s 			page 29


 929 05f0 10       		.uleb128 0x10
 930 05f1 1A060000 		.4byte	.LASF130
 931 05f5 02       		.byte	0x2
 932 05f6 5B       		.byte	0x5b
 933 05f7 30060000 		.4byte	0x630
 934 05fb 18       		.byte	0x18
 935 05fc 10       		.uleb128 0x10
 936 05fd CF090000 		.4byte	.LASF131
 937 0601 02       		.byte	0x2
 938 0602 60       		.byte	0x60
 939 0603 3B060000 		.4byte	0x63b
 940 0607 1C       		.byte	0x1c
 941 0608 10       		.uleb128 0x10
 942 0609 F1000000 		.4byte	.LASF132
 943 060d 02       		.byte	0x2
 944 060e 66       		.byte	0x66
 945 060f 40060000 		.4byte	0x640
 946 0613 20       		.byte	0x20
 947 0614 10       		.uleb128 0x10
 948 0615 F4030000 		.4byte	.LASF133
 949 0619 02       		.byte	0x2
 950 061a 6B       		.byte	0x6b
 951 061b 45060000 		.4byte	0x645
 952 061f 24       		.byte	0x24
 953 0620 00       		.byte	0
 954 0621 11       		.uleb128 0x11
 955 0622 41050000 		.4byte	0x541
 956 0626 11       		.uleb128 0x11
 957 0627 6C050000 		.4byte	0x56c
 958 062b 11       		.uleb128 0x11
 959 062c 39010000 		.4byte	0x139
 960 0630 11       		.uleb128 0x11
 961 0631 D8000000 		.4byte	0xd8
 962 0635 0B       		.uleb128 0xb
 963 0636 04       		.byte	0x4
 964 0637 0B020000 		.4byte	0x20b
 965 063b 11       		.uleb128 0x11
 966 063c 35060000 		.4byte	0x635
 967 0640 11       		.uleb128 0x11
 968 0641 4C010000 		.4byte	0x14c
 969 0645 11       		.uleb128 0x11
 970 0646 2D010000 		.4byte	0x12d
 971 064a 03       		.uleb128 0x3
 972 064b 54010000 		.4byte	.LASF134
 973 064f 02       		.byte	0x2
 974 0650 6E       		.byte	0x6e
 975 0651 55060000 		.4byte	0x655
 976 0655 11       		.uleb128 0x11
 977 0656 9C050000 		.4byte	0x59c
 978 065a 16       		.uleb128 0x16
 979 065b EF040000 		.4byte	.LASF136
 980 065f 1C       		.byte	0x1c
 981 0660 02       		.byte	0x2
 982 0661 7A       		.byte	0x7a
 983 0662 97060000 		.4byte	0x697
 984 0666 10       		.uleb128 0x10
 985 0667 FD020000 		.4byte	.LASF137
ARM GAS  C:\Users\91819\AppData\Local\Temp\cc2mYg3x.s 			page 30


 986 066b 02       		.byte	0x2
 987 066c 80       		.byte	0x80
 988 066d 36050000 		.4byte	0x536
 989 0671 00       		.byte	0
 990 0672 10       		.uleb128 0x10
 991 0673 9F080000 		.4byte	.LASF138
 992 0677 02       		.byte	0x2
 993 0678 85       		.byte	0x85
 994 0679 46020000 		.4byte	0x246
 995 067d 10       		.byte	0x10
 996 067e 17       		.uleb128 0x17
 997 067f 61676500 		.ascii	"age\000"
 998 0683 02       		.byte	0x2
 999 0684 8A       		.byte	0x8a
 1000 0685 B8000000 		.4byte	0xb8
 1001 0689 14       		.byte	0x14
 1002 068a 10       		.uleb128 0x10
 1003 068b 5C070000 		.4byte	.LASF139
 1004 068f 02       		.byte	0x2
 1005 0690 8F       		.byte	0x8f
 1006 0691 9D060000 		.4byte	0x69d
 1007 0695 18       		.byte	0x18
 1008 0696 00       		.byte	0
 1009 0697 0B       		.uleb128 0xb
 1010 0698 04       		.byte	0x4
 1011 0699 4A060000 		.4byte	0x64a
 1012 069d 11       		.uleb128 0x11
 1013 069e 97060000 		.4byte	0x697
 1014 06a2 03       		.uleb128 0x3
 1015 06a3 89090000 		.4byte	.LASF140
 1016 06a7 02       		.byte	0x2
 1017 06a8 92       		.byte	0x92
 1018 06a9 5A060000 		.4byte	0x65a
 1019 06ad 0F       		.uleb128 0xf
 1020 06ae 01       		.byte	0x1
 1021 06af 11       		.byte	0x11
 1022 06b0 1D       		.byte	0x1d
 1023 06b1 C2060000 		.4byte	0x6c2
 1024 06b5 10       		.uleb128 0x10
 1025 06b6 26020000 		.4byte	.LASF141
 1026 06ba 11       		.byte	0x11
 1027 06bb 1F       		.byte	0x1f
 1028 06bc 97000000 		.4byte	0x97
 1029 06c0 00       		.byte	0
 1030 06c1 00       		.byte	0
 1031 06c2 03       		.uleb128 0x3
 1032 06c3 94090000 		.4byte	.LASF142
 1033 06c7 11       		.byte	0x11
 1034 06c8 21       		.byte	0x21
 1035 06c9 AD060000 		.4byte	0x6ad
 1036 06cd 03       		.uleb128 0x3
 1037 06ce 48070000 		.4byte	.LASF143
 1038 06d2 03       		.byte	0x3
 1039 06d3 27       		.byte	0x27
 1040 06d4 D8060000 		.4byte	0x6d8
 1041 06d8 0B       		.uleb128 0xb
 1042 06d9 04       		.byte	0x4
ARM GAS  C:\Users\91819\AppData\Local\Temp\cc2mYg3x.s 			page 31


 1043 06da DE060000 		.4byte	0x6de
 1044 06de 14       		.uleb128 0x14
 1045 06df 00020000 		.4byte	0x200
 1046 06e3 ED060000 		.4byte	0x6ed
 1047 06e7 15       		.uleb128 0x15
 1048 06e8 F3060000 		.4byte	0x6f3
 1049 06ec 00       		.byte	0
 1050 06ed 0B       		.uleb128 0xb
 1051 06ee 04       		.byte	0x4
 1052 06ef C2060000 		.4byte	0x6c2
 1053 06f3 11       		.uleb128 0x11
 1054 06f4 ED060000 		.4byte	0x6ed
 1055 06f8 03       		.uleb128 0x3
 1056 06f9 74090000 		.4byte	.LASF144
 1057 06fd 03       		.byte	0x3
 1058 06fe 2D       		.byte	0x2d
 1059 06ff 03070000 		.4byte	0x703
 1060 0703 0B       		.uleb128 0xb
 1061 0704 04       		.byte	0x4
 1062 0705 09070000 		.4byte	0x709
 1063 0709 14       		.uleb128 0x14
 1064 070a 00020000 		.4byte	0x200
 1065 070e 18070000 		.4byte	0x718
 1066 0712 15       		.uleb128 0x15
 1067 0713 23070000 		.4byte	0x723
 1068 0717 00       		.byte	0
 1069 0718 0B       		.uleb128 0xb
 1070 0719 04       		.byte	0x4
 1071 071a 1E070000 		.4byte	0x71e
 1072 071e 11       		.uleb128 0x11
 1073 071f C2060000 		.4byte	0x6c2
 1074 0723 11       		.uleb128 0x11
 1075 0724 18070000 		.4byte	0x718
 1076 0728 16       		.uleb128 0x16
 1077 0729 D1040000 		.4byte	.LASF145
 1078 072d 28       		.byte	0x28
 1079 072e 03       		.byte	0x3
 1080 072f 37       		.byte	0x37
 1081 0730 AD070000 		.4byte	0x7ad
 1082 0734 10       		.uleb128 0x10
 1083 0735 D7050000 		.4byte	.LASF124
 1084 0739 03       		.byte	0x3
 1085 073a 3C       		.byte	0x3c
 1086 073b AD070000 		.4byte	0x7ad
 1087 073f 00       		.byte	0
 1088 0740 10       		.uleb128 0x10
 1089 0741 42030000 		.4byte	.LASF125
 1090 0745 03       		.byte	0x3
 1091 0746 41       		.byte	0x41
 1092 0747 B2070000 		.4byte	0x7b2
 1093 074b 04       		.byte	0x4
 1094 074c 10       		.uleb128 0x10
 1095 074d 8B010000 		.4byte	.LASF126
 1096 0751 03       		.byte	0x3
 1097 0752 46       		.byte	0x46
 1098 0753 2B060000 		.4byte	0x62b
 1099 0757 08       		.byte	0x8
ARM GAS  C:\Users\91819\AppData\Local\Temp\cc2mYg3x.s 			page 32


 1100 0758 10       		.uleb128 0x10
 1101 0759 2C070000 		.4byte	.LASF127
 1102 075d 03       		.byte	0x3
 1103 075e 4C       		.byte	0x4c
 1104 075f 2B060000 		.4byte	0x62b
 1105 0763 0C       		.byte	0xc
 1106 0764 10       		.uleb128 0x10
 1107 0765 A0020000 		.4byte	.LASF128
 1108 0769 03       		.byte	0x3
 1109 076a 51       		.byte	0x51
 1110 076b 30060000 		.4byte	0x630
 1111 076f 10       		.byte	0x10
 1112 0770 10       		.uleb128 0x10
 1113 0771 82060000 		.4byte	.LASF129
 1114 0775 03       		.byte	0x3
 1115 0776 56       		.byte	0x56
 1116 0777 3B060000 		.4byte	0x63b
 1117 077b 14       		.byte	0x14
 1118 077c 10       		.uleb128 0x10
 1119 077d 1A060000 		.4byte	.LASF130
 1120 0781 03       		.byte	0x3
 1121 0782 5B       		.byte	0x5b
 1122 0783 30060000 		.4byte	0x630
 1123 0787 18       		.byte	0x18
 1124 0788 10       		.uleb128 0x10
 1125 0789 CF090000 		.4byte	.LASF131
 1126 078d 03       		.byte	0x3
 1127 078e 60       		.byte	0x60
 1128 078f 3B060000 		.4byte	0x63b
 1129 0793 1C       		.byte	0x1c
 1130 0794 10       		.uleb128 0x10
 1131 0795 F1000000 		.4byte	.LASF132
 1132 0799 03       		.byte	0x3
 1133 079a 66       		.byte	0x66
 1134 079b 40060000 		.4byte	0x640
 1135 079f 20       		.byte	0x20
 1136 07a0 10       		.uleb128 0x10
 1137 07a1 F4030000 		.4byte	.LASF133
 1138 07a5 03       		.byte	0x3
 1139 07a6 6B       		.byte	0x6b
 1140 07a7 45060000 		.4byte	0x645
 1141 07ab 24       		.byte	0x24
 1142 07ac 00       		.byte	0
 1143 07ad 11       		.uleb128 0x11
 1144 07ae CD060000 		.4byte	0x6cd
 1145 07b2 11       		.uleb128 0x11
 1146 07b3 F8060000 		.4byte	0x6f8
 1147 07b7 03       		.uleb128 0x3
 1148 07b8 E0040000 		.4byte	.LASF146
 1149 07bc 03       		.byte	0x3
 1150 07bd 6E       		.byte	0x6e
 1151 07be C2070000 		.4byte	0x7c2
 1152 07c2 11       		.uleb128 0x11
 1153 07c3 28070000 		.4byte	0x728
 1154 07c7 16       		.uleb128 0x16
 1155 07c8 7B020000 		.4byte	.LASF147
 1156 07cc 0C       		.byte	0xc
ARM GAS  C:\Users\91819\AppData\Local\Temp\cc2mYg3x.s 			page 33


 1157 07cd 03       		.byte	0x3
 1158 07ce 7A       		.byte	0x7a
 1159 07cf 04080000 		.4byte	0x804
 1160 07d3 10       		.uleb128 0x10
 1161 07d4 FD020000 		.4byte	.LASF137
 1162 07d8 03       		.byte	0x3
 1163 07d9 80       		.byte	0x80
 1164 07da C2060000 		.4byte	0x6c2
 1165 07de 00       		.byte	0
 1166 07df 10       		.uleb128 0x10
 1167 07e0 9F080000 		.4byte	.LASF138
 1168 07e4 03       		.byte	0x3
 1169 07e5 85       		.byte	0x85
 1170 07e6 46020000 		.4byte	0x246
 1171 07ea 01       		.byte	0x1
 1172 07eb 17       		.uleb128 0x17
 1173 07ec 61676500 		.ascii	"age\000"
 1174 07f0 03       		.byte	0x3
 1175 07f1 8A       		.byte	0x8a
 1176 07f2 B8000000 		.4byte	0xb8
 1177 07f6 04       		.byte	0x4
 1178 07f7 10       		.uleb128 0x10
 1179 07f8 5C070000 		.4byte	.LASF139
 1180 07fc 03       		.byte	0x3
 1181 07fd 8F       		.byte	0x8f
 1182 07fe 0A080000 		.4byte	0x80a
 1183 0802 08       		.byte	0x8
 1184 0803 00       		.byte	0
 1185 0804 0B       		.uleb128 0xb
 1186 0805 04       		.byte	0x4
 1187 0806 B7070000 		.4byte	0x7b7
 1188 080a 11       		.uleb128 0x11
 1189 080b 04080000 		.4byte	0x804
 1190 080f 03       		.uleb128 0x3
 1191 0810 86020000 		.4byte	.LASF148
 1192 0814 03       		.byte	0x3
 1193 0815 92       		.byte	0x92
 1194 0816 C7070000 		.4byte	0x7c7
 1195 081a 18       		.uleb128 0x18
 1196 081b C5080000 		.4byte	.LASF151
 1197 081f 03       		.byte	0x3
 1198 0820 F1       		.byte	0xf1
 1199 0821 03       		.byte	0x3
 1200 0822 3D080000 		.4byte	0x83d
 1201 0826 19       		.uleb128 0x19
 1202 0827 81070000 		.4byte	.LASF149
 1203 082b 03       		.byte	0x3
 1204 082c F1       		.byte	0xf1
 1205 082d 43080000 		.4byte	0x843
 1206 0831 19       		.uleb128 0x19
 1207 0832 00000000 		.4byte	.LASF150
 1208 0836 03       		.byte	0x3
 1209 0837 F1       		.byte	0xf1
 1210 0838 B8000000 		.4byte	0xb8
 1211 083c 00       		.byte	0
 1212 083d 0B       		.uleb128 0xb
 1213 083e 04       		.byte	0x4
ARM GAS  C:\Users\91819\AppData\Local\Temp\cc2mYg3x.s 			page 34


 1214 083f 0F080000 		.4byte	0x80f
 1215 0843 11       		.uleb128 0x11
 1216 0844 3D080000 		.4byte	0x83d
 1217 0848 18       		.uleb128 0x18
 1218 0849 DC020000 		.4byte	.LASF152
 1219 084d 02       		.byte	0x2
 1220 084e F1       		.byte	0xf1
 1221 084f 03       		.byte	0x3
 1222 0850 6B080000 		.4byte	0x86b
 1223 0854 19       		.uleb128 0x19
 1224 0855 81070000 		.4byte	.LASF149
 1225 0859 02       		.byte	0x2
 1226 085a F1       		.byte	0xf1
 1227 085b 71080000 		.4byte	0x871
 1228 085f 19       		.uleb128 0x19
 1229 0860 00000000 		.4byte	.LASF150
 1230 0864 02       		.byte	0x2
 1231 0865 F1       		.byte	0xf1
 1232 0866 B8000000 		.4byte	0xb8
 1233 086a 00       		.byte	0
 1234 086b 0B       		.uleb128 0xb
 1235 086c 04       		.byte	0x4
 1236 086d A2060000 		.4byte	0x6a2
 1237 0871 11       		.uleb128 0x11
 1238 0872 6B080000 		.4byte	0x86b
 1239 0876 1A       		.uleb128 0x1a
 1240 0877 65060000 		.4byte	.LASF169
 1241 087b 01       		.byte	0x1
 1242 087c A9       		.byte	0xa9
 1243 087d 00000000 		.4byte	.LFB131
 1244 0881 38000000 		.4byte	.LFE131-.LFB131
 1245 0885 01       		.uleb128 0x1
 1246 0886 9C       		.byte	0x9c
 1247 0887 09090000 		.4byte	0x909
 1248 088b 1B       		.uleb128 0x1b
 1249 088c 4A020000 		.4byte	.LASF170
 1250 0890 01       		.byte	0x1
 1251 0891 A9       		.byte	0xa9
 1252 0892 B8000000 		.4byte	0xb8
 1253 0896 00000000 		.4byte	.LLST0
 1254 089a 1C       		.uleb128 0x1c
 1255 089b 48080000 		.4byte	0x848
 1256 089f 00000000 		.4byte	.LBB8
 1257 08a3 10000000 		.4byte	.LBE8-.LBB8
 1258 08a7 01       		.byte	0x1
 1259 08a8 AA       		.byte	0xaa
 1260 08a9 C0080000 		.4byte	0x8c0
 1261 08ad 1D       		.uleb128 0x1d
 1262 08ae 5F080000 		.4byte	0x85f
 1263 08b2 21000000 		.4byte	.LLST1
 1264 08b6 1D       		.uleb128 0x1d
 1265 08b7 54080000 		.4byte	0x854
 1266 08bb 34000000 		.4byte	.LLST2
 1267 08bf 00       		.byte	0
 1268 08c0 1C       		.uleb128 0x1c
 1269 08c1 48080000 		.4byte	0x848
 1270 08c5 10000000 		.4byte	.LBB10
ARM GAS  C:\Users\91819\AppData\Local\Temp\cc2mYg3x.s 			page 35


 1271 08c9 10000000 		.4byte	.LBE10-.LBB10
 1272 08cd 01       		.byte	0x1
 1273 08ce AB       		.byte	0xab
 1274 08cf E6080000 		.4byte	0x8e6
 1275 08d3 1D       		.uleb128 0x1d
 1276 08d4 5F080000 		.4byte	0x85f
 1277 08d8 4C000000 		.4byte	.LLST3
 1278 08dc 1D       		.uleb128 0x1d
 1279 08dd 54080000 		.4byte	0x854
 1280 08e1 5F000000 		.4byte	.LLST4
 1281 08e5 00       		.byte	0
 1282 08e6 1E       		.uleb128 0x1e
 1283 08e7 1A080000 		.4byte	0x81a
 1284 08eb 20000000 		.4byte	.LBB12
 1285 08ef 18000000 		.4byte	.LBE12-.LBB12
 1286 08f3 01       		.byte	0x1
 1287 08f4 AC       		.byte	0xac
 1288 08f5 1D       		.uleb128 0x1d
 1289 08f6 31080000 		.4byte	0x831
 1290 08fa 77000000 		.4byte	.LLST5
 1291 08fe 1D       		.uleb128 0x1d
 1292 08ff 26080000 		.4byte	0x826
 1293 0903 98000000 		.4byte	.LLST6
 1294 0907 00       		.byte	0
 1295 0908 00       		.byte	0
 1296 0909 1F       		.uleb128 0x1f
 1297 090a 84050000 		.4byte	.LASF153
 1298 090e 01       		.byte	0x1
 1299 090f 30       		.byte	0x30
 1300 0910 4A060000 		.4byte	0x64a
 1301 0914 05       		.uleb128 0x5
 1302 0915 03       		.byte	0x3
 1303 0916 54000000 		.4byte	SO_CLOCK_cfg
 1304 091a 1F       		.uleb128 0x1f
 1305 091b 91020000 		.4byte	.LASF154
 1306 091f 01       		.byte	0x1
 1307 0920 5C       		.byte	0x5c
 1308 0921 4A060000 		.4byte	0x64a
 1309 0925 05       		.uleb128 0x5
 1310 0926 03       		.byte	0x3
 1311 0927 2C000000 		.4byte	SO_DISPLAY_cfg
 1312 092b 1F       		.uleb128 0x1f
 1313 092c D8010000 		.4byte	.LASF155
 1314 0930 01       		.byte	0x1
 1315 0931 8B       		.byte	0x8b
 1316 0932 B7070000 		.4byte	0x7b7
 1317 0936 05       		.uleb128 0x5
 1318 0937 03       		.byte	0x3
 1319 0938 00000000 		.4byte	SO_EVENT_cfg
 1320 093c 20       		.uleb128 0x20
 1321 093d DC030000 		.4byte	.LASF156
 1322 0941 12       		.byte	0x12
 1323 0942 40       		.byte	0x40
 1324 0943 00010000 		.4byte	0x100
 1325 0947 20       		.uleb128 0x20
 1326 0948 2A050000 		.4byte	.LASF157
 1327 094c 12       		.byte	0x12
ARM GAS  C:\Users\91819\AppData\Local\Temp\cc2mYg3x.s 			page 36


 1328 094d 47       		.byte	0x47
 1329 094e 0B010000 		.4byte	0x10b
 1330 0952 20       		.uleb128 0x20
 1331 0953 71050000 		.4byte	.LASF158
 1332 0957 12       		.byte	0x12
 1333 0958 4A       		.byte	0x4a
 1334 0959 00010000 		.4byte	0x100
 1335 095d 20       		.uleb128 0x20
 1336 095e B2020000 		.4byte	.LASF159
 1337 0962 13       		.byte	0x13
 1338 0963 48       		.byte	0x48
 1339 0964 16010000 		.4byte	0x116
 1340 0968 20       		.uleb128 0x20
 1341 0969 A6080000 		.4byte	.LASF160
 1342 096d 14       		.byte	0x14
 1343 096e 44       		.byte	0x44
 1344 096f 00010000 		.4byte	0x100
 1345 0973 21       		.uleb128 0x21
 1346 0974 00010000 		.4byte	.LASF161
 1347 0978 15       		.byte	0x15
 1348 0979 1207     		.2byte	0x712
 1349 097b 7F090000 		.4byte	0x97f
 1350 097f 22       		.uleb128 0x22
 1351 0980 AD000000 		.4byte	0xad
 1352 0984 23       		.uleb128 0x23
 1353 0985 F4050000 		.4byte	.LASF162
 1354 0989 01       		.byte	0x1
 1355 098a 44       		.byte	0x44
 1356 098b A2060000 		.4byte	0x6a2
 1357 098f 05       		.uleb128 0x5
 1358 0990 03       		.byte	0x3
 1359 0991 00000000 		.4byte	SO_CLOCK_signal
 1360 0995 23       		.uleb128 0x23
 1361 0996 C2070000 		.4byte	.LASF163
 1362 099a 01       		.byte	0x1
 1363 099b 70       		.byte	0x70
 1364 099c A2060000 		.4byte	0x6a2
 1365 09a0 05       		.uleb128 0x5
 1366 09a1 03       		.byte	0x3
 1367 09a2 00000000 		.4byte	SO_DISPLAY_signal
 1368 09a6 23       		.uleb128 0x23
 1369 09a7 96010000 		.4byte	.LASF164
 1370 09ab 01       		.byte	0x1
 1371 09ac 9F       		.byte	0x9f
 1372 09ad 0F080000 		.4byte	0x80f
 1373 09b1 05       		.uleb128 0x5
 1374 09b2 03       		.byte	0x3
 1375 09b3 00000000 		.4byte	SO_EVENT_signal
 1376 09b7 09       		.uleb128 0x9
 1377 09b8 C7090000 		.4byte	0x9c7
 1378 09bc C7090000 		.4byte	0x9c7
 1379 09c0 24       		.uleb128 0x24
 1380 09c1 45010000 		.4byte	0x145
 1381 09c5 00       		.byte	0
 1382 09c6 00       		.byte	0
 1383 09c7 11       		.uleb128 0x11
 1384 09c8 21010000 		.4byte	0x121
ARM GAS  C:\Users\91819\AppData\Local\Temp\cc2mYg3x.s 			page 37


 1385 09cc 23       		.uleb128 0x23
 1386 09cd 9F030000 		.4byte	.LASF165
 1387 09d1 01       		.byte	0x1
 1388 09d2 88       		.byte	0x88
 1389 09d3 DD090000 		.4byte	0x9dd
 1390 09d7 05       		.uleb128 0x5
 1391 09d8 03       		.byte	0x3
 1392 09d9 00000000 		.4byte	so_event_updTasks
 1393 09dd 11       		.uleb128 0x11
 1394 09de B7090000 		.4byte	0x9b7
 1395 09e2 00       		.byte	0
 1396              		.section	.debug_abbrev,"",%progbits
 1397              	.Ldebug_abbrev0:
 1398 0000 01       		.uleb128 0x1
 1399 0001 11       		.uleb128 0x11
 1400 0002 01       		.byte	0x1
 1401 0003 25       		.uleb128 0x25
 1402 0004 0E       		.uleb128 0xe
 1403 0005 13       		.uleb128 0x13
 1404 0006 0B       		.uleb128 0xb
 1405 0007 03       		.uleb128 0x3
 1406 0008 0E       		.uleb128 0xe
 1407 0009 1B       		.uleb128 0x1b
 1408 000a 0E       		.uleb128 0xe
 1409 000b 55       		.uleb128 0x55
 1410 000c 17       		.uleb128 0x17
 1411 000d 11       		.uleb128 0x11
 1412 000e 01       		.uleb128 0x1
 1413 000f 10       		.uleb128 0x10
 1414 0010 17       		.uleb128 0x17
 1415 0011 00       		.byte	0
 1416 0012 00       		.byte	0
 1417 0013 02       		.uleb128 0x2
 1418 0014 24       		.uleb128 0x24
 1419 0015 00       		.byte	0
 1420 0016 0B       		.uleb128 0xb
 1421 0017 0B       		.uleb128 0xb
 1422 0018 3E       		.uleb128 0x3e
 1423 0019 0B       		.uleb128 0xb
 1424 001a 03       		.uleb128 0x3
 1425 001b 0E       		.uleb128 0xe
 1426 001c 00       		.byte	0
 1427 001d 00       		.byte	0
 1428 001e 03       		.uleb128 0x3
 1429 001f 16       		.uleb128 0x16
 1430 0020 00       		.byte	0
 1431 0021 03       		.uleb128 0x3
 1432 0022 0E       		.uleb128 0xe
 1433 0023 3A       		.uleb128 0x3a
 1434 0024 0B       		.uleb128 0xb
 1435 0025 3B       		.uleb128 0x3b
 1436 0026 0B       		.uleb128 0xb
 1437 0027 49       		.uleb128 0x49
 1438 0028 13       		.uleb128 0x13
 1439 0029 00       		.byte	0
 1440 002a 00       		.byte	0
 1441 002b 04       		.uleb128 0x4
ARM GAS  C:\Users\91819\AppData\Local\Temp\cc2mYg3x.s 			page 38


 1442 002c 24       		.uleb128 0x24
 1443 002d 00       		.byte	0
 1444 002e 0B       		.uleb128 0xb
 1445 002f 0B       		.uleb128 0xb
 1446 0030 3E       		.uleb128 0x3e
 1447 0031 0B       		.uleb128 0xb
 1448 0032 03       		.uleb128 0x3
 1449 0033 08       		.uleb128 0x8
 1450 0034 00       		.byte	0
 1451 0035 00       		.byte	0
 1452 0036 05       		.uleb128 0x5
 1453 0037 16       		.uleb128 0x16
 1454 0038 00       		.byte	0
 1455 0039 03       		.uleb128 0x3
 1456 003a 0E       		.uleb128 0xe
 1457 003b 3A       		.uleb128 0x3a
 1458 003c 0B       		.uleb128 0xb
 1459 003d 3B       		.uleb128 0x3b
 1460 003e 05       		.uleb128 0x5
 1461 003f 49       		.uleb128 0x49
 1462 0040 13       		.uleb128 0x13
 1463 0041 00       		.byte	0
 1464 0042 00       		.byte	0
 1465 0043 06       		.uleb128 0x6
 1466 0044 04       		.uleb128 0x4
 1467 0045 01       		.byte	0x1
 1468 0046 0B       		.uleb128 0xb
 1469 0047 0B       		.uleb128 0xb
 1470 0048 49       		.uleb128 0x49
 1471 0049 13       		.uleb128 0x13
 1472 004a 3A       		.uleb128 0x3a
 1473 004b 0B       		.uleb128 0xb
 1474 004c 3B       		.uleb128 0x3b
 1475 004d 0B       		.uleb128 0xb
 1476 004e 01       		.uleb128 0x1
 1477 004f 13       		.uleb128 0x13
 1478 0050 00       		.byte	0
 1479 0051 00       		.byte	0
 1480 0052 07       		.uleb128 0x7
 1481 0053 28       		.uleb128 0x28
 1482 0054 00       		.byte	0
 1483 0055 03       		.uleb128 0x3
 1484 0056 0E       		.uleb128 0xe
 1485 0057 1C       		.uleb128 0x1c
 1486 0058 0B       		.uleb128 0xb
 1487 0059 00       		.byte	0
 1488 005a 00       		.byte	0
 1489 005b 08       		.uleb128 0x8
 1490 005c 28       		.uleb128 0x28
 1491 005d 00       		.byte	0
 1492 005e 03       		.uleb128 0x3
 1493 005f 0E       		.uleb128 0xe
 1494 0060 1C       		.uleb128 0x1c
 1495 0061 0D       		.uleb128 0xd
 1496 0062 00       		.byte	0
 1497 0063 00       		.byte	0
 1498 0064 09       		.uleb128 0x9
ARM GAS  C:\Users\91819\AppData\Local\Temp\cc2mYg3x.s 			page 39


 1499 0065 01       		.uleb128 0x1
 1500 0066 01       		.byte	0x1
 1501 0067 49       		.uleb128 0x49
 1502 0068 13       		.uleb128 0x13
 1503 0069 01       		.uleb128 0x1
 1504 006a 13       		.uleb128 0x13
 1505 006b 00       		.byte	0
 1506 006c 00       		.byte	0
 1507 006d 0A       		.uleb128 0xa
 1508 006e 21       		.uleb128 0x21
 1509 006f 00       		.byte	0
 1510 0070 00       		.byte	0
 1511 0071 00       		.byte	0
 1512 0072 0B       		.uleb128 0xb
 1513 0073 0F       		.uleb128 0xf
 1514 0074 00       		.byte	0
 1515 0075 0B       		.uleb128 0xb
 1516 0076 0B       		.uleb128 0xb
 1517 0077 49       		.uleb128 0x49
 1518 0078 13       		.uleb128 0x13
 1519 0079 00       		.byte	0
 1520 007a 00       		.byte	0
 1521 007b 0C       		.uleb128 0xc
 1522 007c 15       		.uleb128 0x15
 1523 007d 01       		.byte	0x1
 1524 007e 01       		.uleb128 0x1
 1525 007f 13       		.uleb128 0x13
 1526 0080 00       		.byte	0
 1527 0081 00       		.byte	0
 1528 0082 0D       		.uleb128 0xd
 1529 0083 18       		.uleb128 0x18
 1530 0084 00       		.byte	0
 1531 0085 00       		.byte	0
 1532 0086 00       		.byte	0
 1533 0087 0E       		.uleb128 0xe
 1534 0088 15       		.uleb128 0x15
 1535 0089 01       		.byte	0x1
 1536 008a 49       		.uleb128 0x49
 1537 008b 13       		.uleb128 0x13
 1538 008c 01       		.uleb128 0x1
 1539 008d 13       		.uleb128 0x13
 1540 008e 00       		.byte	0
 1541 008f 00       		.byte	0
 1542 0090 0F       		.uleb128 0xf
 1543 0091 13       		.uleb128 0x13
 1544 0092 01       		.byte	0x1
 1545 0093 0B       		.uleb128 0xb
 1546 0094 0B       		.uleb128 0xb
 1547 0095 3A       		.uleb128 0x3a
 1548 0096 0B       		.uleb128 0xb
 1549 0097 3B       		.uleb128 0x3b
 1550 0098 0B       		.uleb128 0xb
 1551 0099 01       		.uleb128 0x1
 1552 009a 13       		.uleb128 0x13
 1553 009b 00       		.byte	0
 1554 009c 00       		.byte	0
 1555 009d 10       		.uleb128 0x10
ARM GAS  C:\Users\91819\AppData\Local\Temp\cc2mYg3x.s 			page 40


 1556 009e 0D       		.uleb128 0xd
 1557 009f 00       		.byte	0
 1558 00a0 03       		.uleb128 0x3
 1559 00a1 0E       		.uleb128 0xe
 1560 00a2 3A       		.uleb128 0x3a
 1561 00a3 0B       		.uleb128 0xb
 1562 00a4 3B       		.uleb128 0x3b
 1563 00a5 0B       		.uleb128 0xb
 1564 00a6 49       		.uleb128 0x49
 1565 00a7 13       		.uleb128 0x13
 1566 00a8 38       		.uleb128 0x38
 1567 00a9 0B       		.uleb128 0xb
 1568 00aa 00       		.byte	0
 1569 00ab 00       		.byte	0
 1570 00ac 11       		.uleb128 0x11
 1571 00ad 26       		.uleb128 0x26
 1572 00ae 00       		.byte	0
 1573 00af 49       		.uleb128 0x49
 1574 00b0 13       		.uleb128 0x13
 1575 00b1 00       		.byte	0
 1576 00b2 00       		.byte	0
 1577 00b3 12       		.uleb128 0x12
 1578 00b4 28       		.uleb128 0x28
 1579 00b5 00       		.byte	0
 1580 00b6 03       		.uleb128 0x3
 1581 00b7 0E       		.uleb128 0xe
 1582 00b8 1C       		.uleb128 0x1c
 1583 00b9 05       		.uleb128 0x5
 1584 00ba 00       		.byte	0
 1585 00bb 00       		.byte	0
 1586 00bc 13       		.uleb128 0x13
 1587 00bd 28       		.uleb128 0x28
 1588 00be 00       		.byte	0
 1589 00bf 03       		.uleb128 0x3
 1590 00c0 08       		.uleb128 0x8
 1591 00c1 1C       		.uleb128 0x1c
 1592 00c2 0B       		.uleb128 0xb
 1593 00c3 00       		.byte	0
 1594 00c4 00       		.byte	0
 1595 00c5 14       		.uleb128 0x14
 1596 00c6 15       		.uleb128 0x15
 1597 00c7 01       		.byte	0x1
 1598 00c8 27       		.uleb128 0x27
 1599 00c9 19       		.uleb128 0x19
 1600 00ca 49       		.uleb128 0x49
 1601 00cb 13       		.uleb128 0x13
 1602 00cc 01       		.uleb128 0x1
 1603 00cd 13       		.uleb128 0x13
 1604 00ce 00       		.byte	0
 1605 00cf 00       		.byte	0
 1606 00d0 15       		.uleb128 0x15
 1607 00d1 05       		.uleb128 0x5
 1608 00d2 00       		.byte	0
 1609 00d3 49       		.uleb128 0x49
 1610 00d4 13       		.uleb128 0x13
 1611 00d5 00       		.byte	0
 1612 00d6 00       		.byte	0
ARM GAS  C:\Users\91819\AppData\Local\Temp\cc2mYg3x.s 			page 41


 1613 00d7 16       		.uleb128 0x16
 1614 00d8 13       		.uleb128 0x13
 1615 00d9 01       		.byte	0x1
 1616 00da 03       		.uleb128 0x3
 1617 00db 0E       		.uleb128 0xe
 1618 00dc 0B       		.uleb128 0xb
 1619 00dd 0B       		.uleb128 0xb
 1620 00de 3A       		.uleb128 0x3a
 1621 00df 0B       		.uleb128 0xb
 1622 00e0 3B       		.uleb128 0x3b
 1623 00e1 0B       		.uleb128 0xb
 1624 00e2 01       		.uleb128 0x1
 1625 00e3 13       		.uleb128 0x13
 1626 00e4 00       		.byte	0
 1627 00e5 00       		.byte	0
 1628 00e6 17       		.uleb128 0x17
 1629 00e7 0D       		.uleb128 0xd
 1630 00e8 00       		.byte	0
 1631 00e9 03       		.uleb128 0x3
 1632 00ea 08       		.uleb128 0x8
 1633 00eb 3A       		.uleb128 0x3a
 1634 00ec 0B       		.uleb128 0xb
 1635 00ed 3B       		.uleb128 0x3b
 1636 00ee 0B       		.uleb128 0xb
 1637 00ef 49       		.uleb128 0x49
 1638 00f0 13       		.uleb128 0x13
 1639 00f1 38       		.uleb128 0x38
 1640 00f2 0B       		.uleb128 0xb
 1641 00f3 00       		.byte	0
 1642 00f4 00       		.byte	0
 1643 00f5 18       		.uleb128 0x18
 1644 00f6 2E       		.uleb128 0x2e
 1645 00f7 01       		.byte	0x1
 1646 00f8 3F       		.uleb128 0x3f
 1647 00f9 19       		.uleb128 0x19
 1648 00fa 03       		.uleb128 0x3
 1649 00fb 0E       		.uleb128 0xe
 1650 00fc 3A       		.uleb128 0x3a
 1651 00fd 0B       		.uleb128 0xb
 1652 00fe 3B       		.uleb128 0x3b
 1653 00ff 0B       		.uleb128 0xb
 1654 0100 27       		.uleb128 0x27
 1655 0101 19       		.uleb128 0x19
 1656 0102 20       		.uleb128 0x20
 1657 0103 0B       		.uleb128 0xb
 1658 0104 01       		.uleb128 0x1
 1659 0105 13       		.uleb128 0x13
 1660 0106 00       		.byte	0
 1661 0107 00       		.byte	0
 1662 0108 19       		.uleb128 0x19
 1663 0109 05       		.uleb128 0x5
 1664 010a 00       		.byte	0
 1665 010b 03       		.uleb128 0x3
 1666 010c 0E       		.uleb128 0xe
 1667 010d 3A       		.uleb128 0x3a
 1668 010e 0B       		.uleb128 0xb
 1669 010f 3B       		.uleb128 0x3b
ARM GAS  C:\Users\91819\AppData\Local\Temp\cc2mYg3x.s 			page 42


 1670 0110 0B       		.uleb128 0xb
 1671 0111 49       		.uleb128 0x49
 1672 0112 13       		.uleb128 0x13
 1673 0113 00       		.byte	0
 1674 0114 00       		.byte	0
 1675 0115 1A       		.uleb128 0x1a
 1676 0116 2E       		.uleb128 0x2e
 1677 0117 01       		.byte	0x1
 1678 0118 3F       		.uleb128 0x3f
 1679 0119 19       		.uleb128 0x19
 1680 011a 03       		.uleb128 0x3
 1681 011b 0E       		.uleb128 0xe
 1682 011c 3A       		.uleb128 0x3a
 1683 011d 0B       		.uleb128 0xb
 1684 011e 3B       		.uleb128 0x3b
 1685 011f 0B       		.uleb128 0xb
 1686 0120 27       		.uleb128 0x27
 1687 0121 19       		.uleb128 0x19
 1688 0122 11       		.uleb128 0x11
 1689 0123 01       		.uleb128 0x1
 1690 0124 12       		.uleb128 0x12
 1691 0125 06       		.uleb128 0x6
 1692 0126 40       		.uleb128 0x40
 1693 0127 18       		.uleb128 0x18
 1694 0128 9742     		.uleb128 0x2117
 1695 012a 19       		.uleb128 0x19
 1696 012b 01       		.uleb128 0x1
 1697 012c 13       		.uleb128 0x13
 1698 012d 00       		.byte	0
 1699 012e 00       		.byte	0
 1700 012f 1B       		.uleb128 0x1b
 1701 0130 05       		.uleb128 0x5
 1702 0131 00       		.byte	0
 1703 0132 03       		.uleb128 0x3
 1704 0133 0E       		.uleb128 0xe
 1705 0134 3A       		.uleb128 0x3a
 1706 0135 0B       		.uleb128 0xb
 1707 0136 3B       		.uleb128 0x3b
 1708 0137 0B       		.uleb128 0xb
 1709 0138 49       		.uleb128 0x49
 1710 0139 13       		.uleb128 0x13
 1711 013a 02       		.uleb128 0x2
 1712 013b 17       		.uleb128 0x17
 1713 013c 00       		.byte	0
 1714 013d 00       		.byte	0
 1715 013e 1C       		.uleb128 0x1c
 1716 013f 1D       		.uleb128 0x1d
 1717 0140 01       		.byte	0x1
 1718 0141 31       		.uleb128 0x31
 1719 0142 13       		.uleb128 0x13
 1720 0143 11       		.uleb128 0x11
 1721 0144 01       		.uleb128 0x1
 1722 0145 12       		.uleb128 0x12
 1723 0146 06       		.uleb128 0x6
 1724 0147 58       		.uleb128 0x58
 1725 0148 0B       		.uleb128 0xb
 1726 0149 59       		.uleb128 0x59
ARM GAS  C:\Users\91819\AppData\Local\Temp\cc2mYg3x.s 			page 43


 1727 014a 0B       		.uleb128 0xb
 1728 014b 01       		.uleb128 0x1
 1729 014c 13       		.uleb128 0x13
 1730 014d 00       		.byte	0
 1731 014e 00       		.byte	0
 1732 014f 1D       		.uleb128 0x1d
 1733 0150 05       		.uleb128 0x5
 1734 0151 00       		.byte	0
 1735 0152 31       		.uleb128 0x31
 1736 0153 13       		.uleb128 0x13
 1737 0154 02       		.uleb128 0x2
 1738 0155 17       		.uleb128 0x17
 1739 0156 00       		.byte	0
 1740 0157 00       		.byte	0
 1741 0158 1E       		.uleb128 0x1e
 1742 0159 1D       		.uleb128 0x1d
 1743 015a 01       		.byte	0x1
 1744 015b 31       		.uleb128 0x31
 1745 015c 13       		.uleb128 0x13
 1746 015d 11       		.uleb128 0x11
 1747 015e 01       		.uleb128 0x1
 1748 015f 12       		.uleb128 0x12
 1749 0160 06       		.uleb128 0x6
 1750 0161 58       		.uleb128 0x58
 1751 0162 0B       		.uleb128 0xb
 1752 0163 59       		.uleb128 0x59
 1753 0164 0B       		.uleb128 0xb
 1754 0165 00       		.byte	0
 1755 0166 00       		.byte	0
 1756 0167 1F       		.uleb128 0x1f
 1757 0168 34       		.uleb128 0x34
 1758 0169 00       		.byte	0
 1759 016a 03       		.uleb128 0x3
 1760 016b 0E       		.uleb128 0xe
 1761 016c 3A       		.uleb128 0x3a
 1762 016d 0B       		.uleb128 0xb
 1763 016e 3B       		.uleb128 0x3b
 1764 016f 0B       		.uleb128 0xb
 1765 0170 49       		.uleb128 0x49
 1766 0171 13       		.uleb128 0x13
 1767 0172 02       		.uleb128 0x2
 1768 0173 18       		.uleb128 0x18
 1769 0174 00       		.byte	0
 1770 0175 00       		.byte	0
 1771 0176 20       		.uleb128 0x20
 1772 0177 34       		.uleb128 0x34
 1773 0178 00       		.byte	0
 1774 0179 03       		.uleb128 0x3
 1775 017a 0E       		.uleb128 0xe
 1776 017b 3A       		.uleb128 0x3a
 1777 017c 0B       		.uleb128 0xb
 1778 017d 3B       		.uleb128 0x3b
 1779 017e 0B       		.uleb128 0xb
 1780 017f 49       		.uleb128 0x49
 1781 0180 13       		.uleb128 0x13
 1782 0181 3F       		.uleb128 0x3f
 1783 0182 19       		.uleb128 0x19
ARM GAS  C:\Users\91819\AppData\Local\Temp\cc2mYg3x.s 			page 44


 1784 0183 3C       		.uleb128 0x3c
 1785 0184 19       		.uleb128 0x19
 1786 0185 00       		.byte	0
 1787 0186 00       		.byte	0
 1788 0187 21       		.uleb128 0x21
 1789 0188 34       		.uleb128 0x34
 1790 0189 00       		.byte	0
 1791 018a 03       		.uleb128 0x3
 1792 018b 0E       		.uleb128 0xe
 1793 018c 3A       		.uleb128 0x3a
 1794 018d 0B       		.uleb128 0xb
 1795 018e 3B       		.uleb128 0x3b
 1796 018f 05       		.uleb128 0x5
 1797 0190 49       		.uleb128 0x49
 1798 0191 13       		.uleb128 0x13
 1799 0192 3F       		.uleb128 0x3f
 1800 0193 19       		.uleb128 0x19
 1801 0194 3C       		.uleb128 0x3c
 1802 0195 19       		.uleb128 0x19
 1803 0196 00       		.byte	0
 1804 0197 00       		.byte	0
 1805 0198 22       		.uleb128 0x22
 1806 0199 35       		.uleb128 0x35
 1807 019a 00       		.byte	0
 1808 019b 49       		.uleb128 0x49
 1809 019c 13       		.uleb128 0x13
 1810 019d 00       		.byte	0
 1811 019e 00       		.byte	0
 1812 019f 23       		.uleb128 0x23
 1813 01a0 34       		.uleb128 0x34
 1814 01a1 00       		.byte	0
 1815 01a2 03       		.uleb128 0x3
 1816 01a3 0E       		.uleb128 0xe
 1817 01a4 3A       		.uleb128 0x3a
 1818 01a5 0B       		.uleb128 0xb
 1819 01a6 3B       		.uleb128 0x3b
 1820 01a7 0B       		.uleb128 0xb
 1821 01a8 49       		.uleb128 0x49
 1822 01a9 13       		.uleb128 0x13
 1823 01aa 3F       		.uleb128 0x3f
 1824 01ab 19       		.uleb128 0x19
 1825 01ac 02       		.uleb128 0x2
 1826 01ad 18       		.uleb128 0x18
 1827 01ae 00       		.byte	0
 1828 01af 00       		.byte	0
 1829 01b0 24       		.uleb128 0x24
 1830 01b1 21       		.uleb128 0x21
 1831 01b2 00       		.byte	0
 1832 01b3 49       		.uleb128 0x49
 1833 01b4 13       		.uleb128 0x13
 1834 01b5 2F       		.uleb128 0x2f
 1835 01b6 0B       		.uleb128 0xb
 1836 01b7 00       		.byte	0
 1837 01b8 00       		.byte	0
 1838 01b9 00       		.byte	0
 1839              		.section	.debug_loc,"",%progbits
 1840              	.Ldebug_loc0:
ARM GAS  C:\Users\91819\AppData\Local\Temp\cc2mYg3x.s 			page 45


 1841              	.LLST0:
 1842 0000 00000000 		.4byte	.LVL0
 1843 0004 26000000 		.4byte	.LVL3
 1844 0008 0100     		.2byte	0x1
 1845 000a 50       		.byte	0x50
 1846 000b 26000000 		.4byte	.LVL3
 1847 000f 38000000 		.4byte	.LFE131
 1848 0013 0400     		.2byte	0x4
 1849 0015 F3       		.byte	0xf3
 1850 0016 01       		.uleb128 0x1
 1851 0017 50       		.byte	0x50
 1852 0018 9F       		.byte	0x9f
 1853 0019 00000000 		.4byte	0
 1854 001d 00000000 		.4byte	0
 1855              	.LLST1:
 1856 0021 00000000 		.4byte	.LVL0
 1857 0025 10000000 		.4byte	.LVL1
 1858 0029 0100     		.2byte	0x1
 1859 002b 50       		.byte	0x50
 1860 002c 00000000 		.4byte	0
 1861 0030 00000000 		.4byte	0
 1862              	.LLST2:
 1863 0034 00000000 		.4byte	.LVL0
 1864 0038 10000000 		.4byte	.LVL1
 1865 003c 0600     		.2byte	0x6
 1866 003e 03       		.byte	0x3
 1867 003f 00000000 		.4byte	SO_CLOCK_signal
 1868 0043 9F       		.byte	0x9f
 1869 0044 00000000 		.4byte	0
 1870 0048 00000000 		.4byte	0
 1871              	.LLST3:
 1872 004c 10000000 		.4byte	.LVL1
 1873 0050 20000000 		.4byte	.LVL2
 1874 0054 0100     		.2byte	0x1
 1875 0056 50       		.byte	0x50
 1876 0057 00000000 		.4byte	0
 1877 005b 00000000 		.4byte	0
 1878              	.LLST4:
 1879 005f 10000000 		.4byte	.LVL1
 1880 0063 20000000 		.4byte	.LVL2
 1881 0067 0600     		.2byte	0x6
 1882 0069 03       		.byte	0x3
 1883 006a 00000000 		.4byte	SO_DISPLAY_signal
 1884 006e 9F       		.byte	0x9f
 1885 006f 00000000 		.4byte	0
 1886 0073 00000000 		.4byte	0
 1887              	.LLST5:
 1888 0077 20000000 		.4byte	.LVL2
 1889 007b 26000000 		.4byte	.LVL3
 1890 007f 0100     		.2byte	0x1
 1891 0081 50       		.byte	0x50
 1892 0082 26000000 		.4byte	.LVL3
 1893 0086 30000000 		.4byte	.LVL4
 1894 008a 0400     		.2byte	0x4
 1895 008c F3       		.byte	0xf3
 1896 008d 01       		.uleb128 0x1
 1897 008e 50       		.byte	0x50
ARM GAS  C:\Users\91819\AppData\Local\Temp\cc2mYg3x.s 			page 46


 1898 008f 9F       		.byte	0x9f
 1899 0090 00000000 		.4byte	0
 1900 0094 00000000 		.4byte	0
 1901              	.LLST6:
 1902 0098 20000000 		.4byte	.LVL2
 1903 009c 30000000 		.4byte	.LVL4
 1904 00a0 0600     		.2byte	0x6
 1905 00a2 03       		.byte	0x3
 1906 00a3 00000000 		.4byte	SO_EVENT_signal
 1907 00a7 9F       		.byte	0x9f
 1908 00a8 00000000 		.4byte	0
 1909 00ac 00000000 		.4byte	0
 1910              		.section	.debug_aranges,"",%progbits
 1911 0000 1C000000 		.4byte	0x1c
 1912 0004 0200     		.2byte	0x2
 1913 0006 00000000 		.4byte	.Ldebug_info0
 1914 000a 04       		.byte	0x4
 1915 000b 00       		.byte	0
 1916 000c 0000     		.2byte	0
 1917 000e 0000     		.2byte	0
 1918 0010 00000000 		.4byte	.LFB131
 1919 0014 38000000 		.4byte	.LFE131-.LFB131
 1920 0018 00000000 		.4byte	0
 1921 001c 00000000 		.4byte	0
 1922              		.section	.debug_ranges,"",%progbits
 1923              	.Ldebug_ranges0:
 1924 0000 00000000 		.4byte	.LFB131
 1925 0004 38000000 		.4byte	.LFE131
 1926 0008 00000000 		.4byte	0
 1927 000c 00000000 		.4byte	0
 1928              		.section	.debug_line,"",%progbits
 1929              	.Ldebug_line0:
 1930 0000 5F030000 		.section	.debug_str,"MS",%progbits,1
 1930      02003C03 
 1930      00000201 
 1930      FB0E0D00 
 1930      01010101 
 1931              	.LASF150:
 1932 0000 696E6372 		.ascii	"increment\000"
 1932      656D656E 
 1932      7400
 1933              	.LASF72:
 1934 000a 66726F6D 		.ascii	"fromState\000"
 1934      53746174 
 1934      6500
 1935              	.LASF116:
 1936 0014 666F6E74 		.ascii	"font_hours\000"
 1936      5F686F75 
 1936      727300
 1937              	.LASF55:
 1938 001f 52435F45 		.ascii	"RC_ERROR_INVALID_STATE\000"
 1938      52524F52 
 1938      5F494E56 
 1938      414C4944 
 1938      5F535441 
 1939              	.LASF92:
 1940 0036 4D414745 		.ascii	"MAGENTA\000"
ARM GAS  C:\Users\91819\AppData\Local\Temp\cc2mYg3x.s 			page 47


 1940      4E544100 
 1941              	.LASF20:
 1942 003e 73697A65 		.ascii	"size_t\000"
 1942      5F7400
 1943              	.LASF82:
 1944 0045 6D5F6163 		.ascii	"m_actionTable\000"
 1944      74696F6E 
 1944      5461626C 
 1944      6500
 1945              	.LASF109:
 1946 0053 57494447 		.ascii	"WIDGET_type_t\000"
 1946      45545F74 
 1946      7970655F 
 1946      7400
 1947              	.LASF90:
 1948 0061 47524544 		.ascii	"GRED\000"
 1948      00
 1949              	.LASF28:
 1950 0066 5265736F 		.ascii	"ResourceType\000"
 1950      75726365 
 1950      54797065 
 1950      00
 1951              	.LASF3:
 1952 0073 5F5F7569 		.ascii	"__uint8_t\000"
 1952      6E74385F 
 1952      7400
 1953              	.LASF58:
 1954 007d 52435F74 		.ascii	"RC_t\000"
 1954      00
 1955              	.LASF37:
 1956 0082 52435F45 		.ascii	"RC_ERROR_RANGE\000"
 1956      52524F52 
 1956      5F52414E 
 1956      474500
 1957              	.LASF68:
 1958 0091 746F5374 		.ascii	"toState\000"
 1958      61746500 
 1959              	.LASF51:
 1960 0099 52435F45 		.ascii	"RC_ERROR_NOT_MATCH\000"
 1960      52524F52 
 1960      5F4E4F54 
 1960      5F4D4154 
 1960      434800
 1961              	.LASF11:
 1962 00ac 6C6F6E67 		.ascii	"long long unsigned int\000"
 1962      206C6F6E 
 1962      6720756E 
 1962      7369676E 
 1962      65642069 
 1963              	.LASF53:
 1964 00c3 52435F45 		.ascii	"RC_ERROR_BAD_DATA\000"
 1964      52524F52 
 1964      5F424144 
 1964      5F444154 
 1964      4100
 1965              	.LASF43:
 1966 00d5 52435F45 		.ascii	"RC_ERROR_TIME_OUT\000"
ARM GAS  C:\Users\91819\AppData\Local\Temp\cc2mYg3x.s 			page 48


 1966      52524F52 
 1966      5F54494D 
 1966      455F4F55 
 1966      5400
 1967              	.LASF6:
 1968 00e7 5F5F696E 		.ascii	"__int32_t\000"
 1968      7433325F 
 1968      7400
 1969              	.LASF132:
 1970 00f1 7265736F 		.ascii	"resourceActive\000"
 1970      75726365 
 1970      41637469 
 1970      766500
 1971              	.LASF161:
 1972 0100 49544D5F 		.ascii	"ITM_RxBuffer\000"
 1972      52784275 
 1972      66666572 
 1972      00
 1973              	.LASF86:
 1974 010d 57484954 		.ascii	"WHITE\000"
 1974      4500
 1975              	.LASF106:
 1976 0113 5446545F 		.ascii	"TFT_colors_t\000"
 1976      636F6C6F 
 1976      72735F74 
 1976      00
 1977              	.LASF84:
 1978 0120 6D5F7374 		.ascii	"m_state\000"
 1978      61746500 
 1979              	.LASF61:
 1980 0128 5254455F 		.ascii	"RTE_SIGNALSTATUS_INITIALIZED\000"
 1980      5349474E 
 1980      414C5354 
 1980      41545553 
 1980      5F494E49 
 1981              	.LASF135:
 1982 0145 53435F43 		.ascii	"SC_CLOCK_cfg_s\000"
 1982      4C4F434B 
 1982      5F636667 
 1982      5F7300
 1983              	.LASF134:
 1984 0154 53435F43 		.ascii	"SC_CLOCK_cfg_t\000"
 1984      4C4F434B 
 1984      5F636667 
 1984      5F7400
 1985              	.LASF10:
 1986 0163 6C6F6E67 		.ascii	"long long int\000"
 1986      206C6F6E 
 1986      6720696E 
 1986      7400
 1987              	.LASF0:
 1988 0171 7369676E 		.ascii	"signed char\000"
 1988      65642063 
 1988      68617200 
 1989              	.LASF29:
 1990 017d 4576656E 		.ascii	"EventMaskType\000"
 1990      744D6173 
ARM GAS  C:\Users\91819\AppData\Local\Temp\cc2mYg3x.s 			page 49


 1990      6B547970 
 1990      6500
 1991              	.LASF126:
 1992 018b 65764F6E 		.ascii	"evOnUpdate\000"
 1992      55706461 
 1992      746500
 1993              	.LASF164:
 1994 0196 534F5F45 		.ascii	"SO_EVENT_signal\000"
 1994      56454E54 
 1994      5F736967 
 1994      6E616C00 
 1995              	.LASF73:
 1996 01a6 70496E6E 		.ascii	"pInnerTransitionTable\000"
 1996      65725472 
 1996      616E7369 
 1996      74696F6E 
 1996      5461626C 
 1997              	.LASF80:
 1998 01bc 6D5F7472 		.ascii	"m_transitionTable\000"
 1998      616E7369 
 1998      74696F6E 
 1998      5461626C 
 1998      6500
 1999              	.LASF107:
 2000 01ce 575F4D49 		.ascii	"W_MINUTES\000"
 2000      4E555445 
 2000      5300
 2001              	.LASF155:
 2002 01d8 534F5F45 		.ascii	"SO_EVENT_cfg\000"
 2002      56454E54 
 2002      5F636667 
 2002      00
 2003              	.LASF41:
 2004 01e5 52435F45 		.ascii	"RC_ERROR_BUFFER_EMTPY\000"
 2004      52524F52 
 2004      5F425546 
 2004      4645525F 
 2004      454D5450 
 2005              	.LASF76:
 2006 01fb 73746174 		.ascii	"state\000"
 2006      6500
 2007              	.LASF66:
 2008 0201 53544154 		.ascii	"STATE_GuardPtr_t\000"
 2008      455F4775 
 2008      61726450 
 2008      74725F74 
 2008      00
 2009              	.LASF7:
 2010 0212 6C6F6E67 		.ascii	"long int\000"
 2010      20696E74 
 2010      00
 2011              	.LASF110:
 2012 021b 465F4247 		.ascii	"F_BG_COLOR\000"
 2012      5F434F4C 
 2012      4F5200
 2013              	.LASF141:
 2014 0226 62757474 		.ascii	"buttonPress\000"
ARM GAS  C:\Users\91819\AppData\Local\Temp\cc2mYg3x.s 			page 50


 2014      6F6E5072 
 2014      65737300 
 2015              	.LASF96:
 2016 0232 42524F57 		.ascii	"BROWN\000"
 2016      4E00
 2017              	.LASF78:
 2018 0238 61637469 		.ascii	"actionExit\000"
 2018      6F6E4578 
 2018      697400
 2019              	.LASF95:
 2020 0243 59454C4C 		.ascii	"YELLOW\000"
 2020      4F5700
 2021              	.LASF170:
 2022 024a 7469636B 		.ascii	"tick\000"
 2022      00
 2023              	.LASF44:
 2024 024f 52435F45 		.ascii	"RC_ERROR_OPEN\000"
 2024      52524F52 
 2024      5F4F5045 
 2024      4E00
 2025              	.LASF18:
 2026 025d 646F7562 		.ascii	"double\000"
 2026      6C6500
 2027              	.LASF62:
 2028 0264 5254455F 		.ascii	"RTE_SIGNALSTATUS_VALID\000"
 2028      5349474E 
 2028      414C5354 
 2028      41545553 
 2028      5F56414C 
 2029              	.LASF147:
 2030 027b 53435F45 		.ascii	"SC_EVENT_s\000"
 2030      56454E54 
 2030      5F7300
 2031              	.LASF148:
 2032 0286 53435F45 		.ascii	"SC_EVENT_t\000"
 2032      56454E54 
 2032      5F7400
 2033              	.LASF154:
 2034 0291 534F5F44 		.ascii	"SO_DISPLAY_cfg\000"
 2034      4953504C 
 2034      41595F63 
 2034      666700
 2035              	.LASF128:
 2036 02a0 6F6E5570 		.ascii	"onUpdateTaskCount\000"
 2036      64617465 
 2036      5461736B 
 2036      436F756E 
 2036      7400
 2037              	.LASF159:
 2038 02b2 45455F73 		.ascii	"EE_std_endcycle_next_tid\000"
 2038      74645F65 
 2038      6E646379 
 2038      636C655F 
 2038      6E657874 
 2039              	.LASF8:
 2040 02cb 5F5F7569 		.ascii	"__uint32_t\000"
 2040      6E743332 
ARM GAS  C:\Users\91819\AppData\Local\Temp\cc2mYg3x.s 			page 51


 2040      5F7400
 2041              	.LASF97:
 2042 02d6 42525245 		.ascii	"BRRED\000"
 2042      4400
 2043              	.LASF152:
 2044 02dc 5254455F 		.ascii	"RTE_SC_CLOCK_incAge\000"
 2044      53435F43 
 2044      4C4F434B 
 2044      5F696E63 
 2044      41676500 
 2045              	.LASF103:
 2046 02f0 4C475241 		.ascii	"LGRAY\000"
 2046      5900
 2047              	.LASF26:
 2048 02f6 45455F54 		.ascii	"EE_TID\000"
 2048      494400
 2049              	.LASF137:
 2050 02fd 76616C75 		.ascii	"value\000"
 2050      6500
 2051              	.LASF12:
 2052 0303 756E7369 		.ascii	"unsigned int\000"
 2052      676E6564 
 2052      20696E74 
 2052      00
 2053              	.LASF14:
 2054 0310 75696E74 		.ascii	"uint16_t\000"
 2054      31365F74 
 2054      00
 2055              	.LASF121:
 2056 0319 53435F43 		.ascii	"SC_CLOCK_data_t\000"
 2056      4C4F434B 
 2056      5F646174 
 2056      615F7400 
 2057              	.LASF56:
 2058 0329 52435F45 		.ascii	"RC_ERROR_UNKNOWN\000"
 2058      52524F52 
 2058      5F554E4B 
 2058      4E4F574E 
 2058      00
 2059              	.LASF24:
 2060 033a 45455F55 		.ascii	"EE_UREG\000"
 2060      52454700 
 2061              	.LASF125:
 2062 0342 6F757444 		.ascii	"outDriver\000"
 2062      72697665 
 2062      7200
 2063              	.LASF45:
 2064 034c 52435F45 		.ascii	"RC_ERROR_CHECKSUM\000"
 2064      52524F52 
 2064      5F434845 
 2064      434B5355 
 2064      4D00
 2065              	.LASF9:
 2066 035e 6C6F6E67 		.ascii	"long unsigned int\000"
 2066      20756E73 
 2066      69676E65 
 2066      6420696E 
ARM GAS  C:\Users\91819\AppData\Local\Temp\cc2mYg3x.s 			page 52


 2066      7400
 2067              	.LASF34:
 2068 0370 52435F45 		.ascii	"RC_ERROR_NULL\000"
 2068      52524F52 
 2068      5F4E554C 
 2068      4C00
 2069              	.LASF32:
 2070 037e 52435F53 		.ascii	"RC_SUCCESS\000"
 2070      55434345 
 2070      535300
 2071              	.LASF117:
 2072 0389 434C4F43 		.ascii	"CLOCK_active_widget_t\000"
 2072      4B5F6163 
 2072      74697665 
 2072      5F776964 
 2072      6765745F 
 2073              	.LASF165:
 2074 039f 736F5F65 		.ascii	"so_event_updTasks\000"
 2074      76656E74 
 2074      5F757064 
 2074      5461736B 
 2074      7300
 2075              	.LASF91:
 2076 03b1 47424C55 		.ascii	"GBLUE\000"
 2076      4500
 2077              	.LASF118:
 2078 03b7 53746174 		.ascii	"StateMachine_ptr\000"
 2078      654D6163 
 2078      68696E65 
 2078      5F707472 
 2078      00
 2079              	.LASF67:
 2080 03c8 6576656E 		.ascii	"event\000"
 2080      7400
 2081              	.LASF74:
 2082 03ce 73697A65 		.ascii	"size\000"
 2082      00
 2083              	.LASF27:
 2084 03d3 5461736B 		.ascii	"TaskType\000"
 2084      54797065 
 2084      00
 2085              	.LASF156:
 2086 03dc 45455F6F 		.ascii	"EE_oo_IRQ_disable_count\000"
 2086      6F5F4952 
 2086      515F6469 
 2086      7361626C 
 2086      655F636F 
 2087              	.LASF133:
 2088 03f4 7265736F 		.ascii	"resource\000"
 2088      75726365 
 2088      00
 2089              	.LASF123:
 2090 03fd 53435F43 		.ascii	"SC_CLOCK_driverOut_t\000"
 2090      4C4F434B 
 2090      5F647269 
 2090      7665724F 
 2090      75745F74 
ARM GAS  C:\Users\91819\AppData\Local\Temp\cc2mYg3x.s 			page 53


 2091              	.LASF105:
 2092 0412 4C42424C 		.ascii	"LBBLUE\000"
 2092      554500
 2093              	.LASF40:
 2094 0419 52435F45 		.ascii	"RC_ERROR_BUFFER_FULL\000"
 2094      52524F52 
 2094      5F425546 
 2094      4645525F 
 2094      46554C4C 
 2095              	.LASF77:
 2096 042e 61637469 		.ascii	"actionEntry\000"
 2096      6F6E456E 
 2096      74727900 
 2097              	.LASF104:
 2098 043a 4C475241 		.ascii	"LGRAYBLUE\000"
 2098      59424C55 
 2098      4500
 2099              	.LASF50:
 2100 0444 52435F45 		.ascii	"RC_ERROR_WRITE_FAILS\000"
 2100      52524F52 
 2100      5F575249 
 2100      54455F46 
 2100      41494C53 
 2101              	.LASF60:
 2102 0459 5254455F 		.ascii	"RTE_SIGNALSTATUS_STARTUP\000"
 2102      5349474E 
 2102      414C5354 
 2102      41545553 
 2102      5F535441 
 2103              	.LASF52:
 2104 0472 52435F45 		.ascii	"RC_ERROR_BAD_PARAM\000"
 2104      52524F52 
 2104      5F424144 
 2104      5F504152 
 2104      414D00
 2105              	.LASF81:
 2106 0485 6D5F7472 		.ascii	"m_transitionTableSize\000"
 2106      616E7369 
 2106      74696F6E 
 2106      5461626C 
 2106      6553697A 
 2107              	.LASF120:
 2108 049b 61637469 		.ascii	"activeWidget\000"
 2108      76655769 
 2108      64676574 
 2108      00
 2109              	.LASF119:
 2110 04a8 636C6F63 		.ascii	"clockValue\000"
 2110      6B56616C 
 2110      756500
 2111              	.LASF100:
 2112 04b3 4C494748 		.ascii	"LIGHTBLUE\000"
 2112      54424C55 
 2112      4500
 2113              	.LASF79:
 2114 04bd 53544154 		.ascii	"STATE_stateAction_t\000"
 2114      455F7374 
ARM GAS  C:\Users\91819\AppData\Local\Temp\cc2mYg3x.s 			page 54


 2114      61746541 
 2114      6374696F 
 2114      6E5F7400 
 2115              	.LASF145:
 2116 04d1 53435F45 		.ascii	"SC_EVENT_cfg_s\000"
 2116      56454E54 
 2116      5F636667 
 2116      5F7300
 2117              	.LASF146:
 2118 04e0 53435F45 		.ascii	"SC_EVENT_cfg_t\000"
 2118      56454E54 
 2118      5F636667 
 2118      5F7400
 2119              	.LASF136:
 2120 04ef 53435F43 		.ascii	"SC_CLOCK_s\000"
 2120      4C4F434B 
 2120      5F7300
 2121              	.LASF30:
 2122 04fa 73697A65 		.ascii	"sizetype\000"
 2122      74797065 
 2122      00
 2123              	.LASF31:
 2124 0503 626F6F6C 		.ascii	"boolean_t\000"
 2124      65616E5F 
 2124      7400
 2125              	.LASF71:
 2126 050d 53544154 		.ascii	"STATE_stateInnerTransition_t\000"
 2126      455F7374 
 2126      61746549 
 2126      6E6E6572 
 2126      5472616E 
 2127              	.LASF157:
 2128 052a 45455F6F 		.ascii	"EE_oo_IRQ_suspend_status\000"
 2128      6F5F4952 
 2128      515F7375 
 2128      7370656E 
 2128      645F7374 
 2129              	.LASF48:
 2130 0543 52435F45 		.ascii	"RC_ERROR_INVALID\000"
 2130      52524F52 
 2130      5F494E56 
 2130      414C4944 
 2130      00
 2131              	.LASF75:
 2132 0554 53544154 		.ascii	"STATE_stateOuterTransition_t\000"
 2132      455F7374 
 2132      6174654F 
 2132      75746572 
 2132      5472616E 
 2133              	.LASF158:
 2134 0571 45455F41 		.ascii	"EE_ApplicationMode\000"
 2134      70706C69 
 2134      63617469 
 2134      6F6E4D6F 
 2134      646500
 2135              	.LASF153:
 2136 0584 534F5F43 		.ascii	"SO_CLOCK_cfg\000"
ARM GAS  C:\Users\91819\AppData\Local\Temp\cc2mYg3x.s 			page 55


 2136      4C4F434B 
 2136      5F636667 
 2136      00
 2137              	.LASF54:
 2138 0591 52435F45 		.ascii	"RC_ERROR_CANCELED\000"
 2138      52524F52 
 2138      5F43414E 
 2138      43454C45 
 2138      4400
 2139              	.LASF98:
 2140 05a3 47524159 		.ascii	"GRAY\000"
 2140      00
 2141              	.LASF39:
 2142 05a8 52435F45 		.ascii	"RC_ERROR_UNDERRUN\000"
 2142      52524F52 
 2142      5F554E44 
 2142      45525255 
 2142      4E00
 2143              	.LASF49:
 2144 05ba 52435F45 		.ascii	"RC_ERROR_READ_FAILS\000"
 2144      52524F52 
 2144      5F524541 
 2144      445F4641 
 2144      494C5300 
 2145              	.LASF99:
 2146 05ce 4441524B 		.ascii	"DARKBLUE\000"
 2146      424C5545 
 2146      00
 2147              	.LASF124:
 2148 05d7 696E4472 		.ascii	"inDriver\000"
 2148      69766572 
 2148      00
 2149              	.LASF33:
 2150 05e0 52435F45 		.ascii	"RC_ERROR\000"
 2150      52524F52 
 2150      00
 2151              	.LASF89:
 2152 05e9 42524544 		.ascii	"BRED\000"
 2152      00
 2153              	.LASF17:
 2154 05ee 666C6F61 		.ascii	"float\000"
 2154      7400
 2155              	.LASF162:
 2156 05f4 534F5F43 		.ascii	"SO_CLOCK_signal\000"
 2156      4C4F434B 
 2156      5F736967 
 2156      6E616C00 
 2157              	.LASF108:
 2158 0604 575F484F 		.ascii	"W_HOURS\000"
 2158      55525300 
 2159              	.LASF42:
 2160 060c 52435F45 		.ascii	"RC_ERROR_BUSY\000"
 2160      52524F52 
 2160      5F425553 
 2160      5900
 2161              	.LASF130:
 2162 061a 6F6E4572 		.ascii	"onErrorTaskCount\000"
ARM GAS  C:\Users\91819\AppData\Local\Temp\cc2mYg3x.s 			page 56


 2162      726F7254 
 2162      61736B43 
 2162      6F756E74 
 2162      00
 2163              	.LASF47:
 2164 062b 52435F45 		.ascii	"RC_ERROR_WRITE_ONLY\000"
 2164      52524F52 
 2164      5F575249 
 2164      54455F4F 
 2164      4E4C5900 
 2165              	.LASF15:
 2166 063f 696E7433 		.ascii	"int32_t\000"
 2166      325F7400 
 2167              	.LASF1:
 2168 0647 756E7369 		.ascii	"unsigned char\000"
 2168      676E6564 
 2168      20636861 
 2168      7200
 2169              	.LASF2:
 2170 0655 73686F72 		.ascii	"short int\000"
 2170      7420696E 
 2170      7400
 2171              	.LASF114:
 2172 065f 686F7572 		.ascii	"hours\000"
 2172      7300
 2173              	.LASF169:
 2174 0665 5254455F 		.ascii	"RTE_timertick_sp_common_tick\000"
 2174      74696D65 
 2174      72746963 
 2174      6B5F7370 
 2174      5F636F6D 
 2175              	.LASF129:
 2176 0682 6F6E5570 		.ascii	"onUpdateTasks\000"
 2176      64617465 
 2176      5461736B 
 2176      7300
 2177              	.LASF35:
 2178 0690 52435F45 		.ascii	"RC_ERROR_ZERO\000"
 2178      52524F52 
 2178      5F5A4552 
 2178      4F00
 2179              	.LASF166:
 2180 069e 474E5520 		.ascii	"GNU C11 5.4.1 20160609 (release) [ARM/embedded-5-br"
 2180      43313120 
 2180      352E342E 
 2180      31203230 
 2180      31363036 
 2181 06d1 616E6368 		.ascii	"anch revision 237715] -mcpu=cortex-m3 -mthumb -g -O"
 2181      20726576 
 2181      6973696F 
 2181      6E203233 
 2181      37373135 
 2182 0704 67202D66 		.ascii	"g -ffunction-sections -ffat-lto-objects\000"
 2182      66756E63 
 2182      74696F6E 
 2182      2D736563 
 2182      74696F6E 
ARM GAS  C:\Users\91819\AppData\Local\Temp\cc2mYg3x.s 			page 57


 2183              	.LASF127:
 2184 072c 65764F6E 		.ascii	"evOnError\000"
 2184      4572726F 
 2184      7200
 2185              	.LASF94:
 2186 0736 4359414E 		.ascii	"CYAN\000"
 2186      00
 2187              	.LASF111:
 2188 073b 465F5445 		.ascii	"F_TEXT_COLOR\000"
 2188      58545F43 
 2188      4F4C4F52 
 2188      00
 2189              	.LASF143:
 2190 0748 53435F45 		.ascii	"SC_EVENT_driverIn_t\000"
 2190      56454E54 
 2190      5F647269 
 2190      76657249 
 2190      6E5F7400 
 2191              	.LASF139:
 2192 075c 70536967 		.ascii	"pSigCfg\000"
 2192      43666700 
 2193              	.LASF122:
 2194 0764 53435F43 		.ascii	"SC_CLOCK_driverIn_t\000"
 2194      4C4F434B 
 2194      5F647269 
 2194      76657249 
 2194      6E5F7400 
 2195              	.LASF16:
 2196 0778 75696E74 		.ascii	"uint32_t\000"
 2196      33325F74 
 2196      00
 2197              	.LASF149:
 2198 0781 7369676E 		.ascii	"signal\000"
 2198      616C00
 2199              	.LASF46:
 2200 0788 52435F45 		.ascii	"RC_ERROR_READ_ONLY\000"
 2200      52524F52 
 2200      5F524541 
 2200      445F4F4E 
 2200      4C5900
 2201              	.LASF21:
 2202 079b 6C6F6E67 		.ascii	"long double\000"
 2202      20646F75 
 2202      626C6500 
 2203              	.LASF19:
 2204 07a7 63686172 		.ascii	"char\000"
 2204      00
 2205              	.LASF87:
 2206 07ac 424C4143 		.ascii	"BLACK\000"
 2206      4B00
 2207              	.LASF4:
 2208 07b2 5F5F7569 		.ascii	"__uint16_t\000"
 2208      6E743136 
 2208      5F7400
 2209              	.LASF88:
 2210 07bd 424C5545 		.ascii	"BLUE\000"
 2210      00
ARM GAS  C:\Users\91819\AppData\Local\Temp\cc2mYg3x.s 			page 58


 2211              	.LASF163:
 2212 07c2 534F5F44 		.ascii	"SO_DISPLAY_signal\000"
 2212      4953504C 
 2212      41595F73 
 2212      69676E61 
 2212      6C00
 2213              	.LASF93:
 2214 07d4 47524545 		.ascii	"GREEN\000"
 2214      4E00
 2215              	.LASF57:
 2216 07da 52435F45 		.ascii	"RC_ERROR_NOT_IMPLEMENTED\000"
 2216      52524F52 
 2216      5F4E4F54 
 2216      5F494D50 
 2216      4C454D45 
 2217              	.LASF167:
 2218 07f3 7274655C 		.ascii	"rte\\sp_common.c\000"
 2218      73705F63 
 2218      6F6D6D6F 
 2218      6E2E6300 
 2219              	.LASF38:
 2220 0803 52435F45 		.ascii	"RC_ERROR_OVERRUN\000"
 2220      52524F52 
 2220      5F4F5645 
 2220      5252554E 
 2220      00
 2221              	.LASF102:
 2222 0814 4C494748 		.ascii	"LIGHTGREEN\000"
 2222      54475245 
 2222      454E00
 2223              	.LASF64:
 2224 081f 5254455F 		.ascii	"RTE_signalStatus_t\000"
 2224      7369676E 
 2224      616C5374 
 2224      61747573 
 2224      5F7400
 2225              	.LASF36:
 2226 0832 52435F45 		.ascii	"RC_ERROR_MEMORY\000"
 2226      52524F52 
 2226      5F4D454D 
 2226      4F525900 
 2227              	.LASF5:
 2228 0842 73686F72 		.ascii	"short unsigned int\000"
 2228      7420756E 
 2228      7369676E 
 2228      65642069 
 2228      6E7400
 2229              	.LASF83:
 2230 0855 6D5F6163 		.ascii	"m_actionTableSize\000"
 2230      74696F6E 
 2230      5461626C 
 2230      6553697A 
 2230      6500
 2231              	.LASF59:
 2232 0867 5461736B 		.ascii	"TaskTypeArray\000"
 2232      54797065 
 2232      41727261 
ARM GAS  C:\Users\91819\AppData\Local\Temp\cc2mYg3x.s 			page 59


 2232      7900
 2233              	.LASF70:
 2234 0875 61637469 		.ascii	"actionTransition\000"
 2234      6F6E5472 
 2234      616E7369 
 2234      74696F6E 
 2234      00
 2235              	.LASF63:
 2236 0886 5254455F 		.ascii	"RTE_SIGNALSTATUS_INVALID\000"
 2236      5349474E 
 2236      414C5354 
 2236      41545553 
 2236      5F494E56 
 2237              	.LASF138:
 2238 089f 73746174 		.ascii	"status\000"
 2238      757300
 2239              	.LASF160:
 2240 08a6 45455F49 		.ascii	"EE_IRQ_nesting_level\000"
 2240      52515F6E 
 2240      65737469 
 2240      6E675F6C 
 2240      6576656C 
 2241              	.LASF23:
 2242 08bb 45455F55 		.ascii	"EE_UINT32\000"
 2242      494E5433 
 2242      3200
 2243              	.LASF151:
 2244 08c5 5254455F 		.ascii	"RTE_SC_EVENT_incAge\000"
 2244      53435F45 
 2244      56454E54 
 2244      5F696E63 
 2244      41676500 
 2245              	.LASF22:
 2246 08d9 45455F49 		.ascii	"EE_INT32\000"
 2246      4E543332 
 2246      00
 2247              	.LASF13:
 2248 08e2 75696E74 		.ascii	"uint8_t\000"
 2248      385F7400 
 2249              	.LASF168:
 2250 08ea 433A5C55 		.ascii	"C:\\Users\\91819\\Documents\\HDA_Sem2\\EAA\\Lab\\Wo"
 2250      73657273 
 2250      5C393138 
 2250      31395C44 
 2250      6F63756D 
 2251 0916 726B7370 		.ascii	"rkspace01\\Workspace03\\electronicClock_v3.cydsn\\e"
 2251      61636530 
 2251      315C576F 
 2251      726B7370 
 2251      61636530 
 2252 0946 6C656374 		.ascii	"lectronicClock_v3.cydsn\\electronicClock.cydsn\000"
 2252      726F6E69 
 2252      63436C6F 
 2252      636B5F76 
 2252      332E6379 
 2253              	.LASF144:
 2254 0974 53435F45 		.ascii	"SC_EVENT_driverOut_t\000"
ARM GAS  C:\Users\91819\AppData\Local\Temp\cc2mYg3x.s 			page 60


 2254      56454E54 
 2254      5F647269 
 2254      7665724F 
 2254      75745F74 
 2255              	.LASF140:
 2256 0989 53435F43 		.ascii	"SC_CLOCK_t\000"
 2256      4C4F434B 
 2256      5F7400
 2257              	.LASF142:
 2258 0994 53435F45 		.ascii	"SC_EVENT_data_t\000"
 2258      56454E54 
 2258      5F646174 
 2258      615F7400 
 2259              	.LASF101:
 2260 09a4 47524159 		.ascii	"GRAYBLUE\000"
 2260      424C5545 
 2260      00
 2261              	.LASF112:
 2262 09ad 434C4F43 		.ascii	"CLOCK_font_t\000"
 2262      4B5F666F 
 2262      6E745F74 
 2262      00
 2263              	.LASF115:
 2264 09ba 666F6E74 		.ascii	"font_mins\000"
 2264      5F6D696E 
 2264      7300
 2265              	.LASF69:
 2266 09c4 67756172 		.ascii	"guard\000"
 2266      6400
 2267              	.LASF113:
 2268 09ca 6D696E73 		.ascii	"mins\000"
 2268      00
 2269              	.LASF131:
 2270 09cf 6F6E4572 		.ascii	"onErrorTasks\000"
 2270      726F7254 
 2270      61736B73 
 2270      00
 2271              	.LASF65:
 2272 09dc 53544154 		.ascii	"STATE_ActionPtr_t\000"
 2272      455F4163 
 2272      74696F6E 
 2272      5074725F 
 2272      7400
 2273              	.LASF25:
 2274 09ee 45455F46 		.ascii	"EE_FREG\000"
 2274      52454700 
 2275              	.LASF85:
 2276 09f6 53544154 		.ascii	"STATE_t\000"
 2276      455F7400 
 2277              		.ident	"GCC: (GNU Tools for ARM Embedded Processors) 5.4.1 20160609 (release) [ARM/embedded-5-bran
