ARM GAS  C:\Users\91819\AppData\Local\Temp\ccZyeurY.s 			page 1


   1              		.syntax unified
   2              		.cpu cortex-m3
   3              		.fpu softvfp
   4              		.eabi_attribute 20, 1
   5              		.eabi_attribute 21, 1
   6              		.eabi_attribute 23, 3
   7              		.eabi_attribute 24, 1
   8              		.eabi_attribute 25, 1
   9              		.eabi_attribute 26, 1
  10              		.eabi_attribute 30, 1
  11              		.eabi_attribute 34, 1
  12              		.eabi_attribute 18, 4
  13              		.thumb
  14              		.syntax unified
  15              		.file	"swc_clock.c"
  16              		.text
  17              	.Ltext0:
  18              		.cfi_sections	.debug_frame
  19              		.section	.text.CLOCK_setEditFonts,"ax",%progbits
  20              		.align	2
  21              		.thumb
  22              		.thumb_func
  23              		.type	CLOCK_setEditFonts, %function
  24              	CLOCK_setEditFonts:
  25              	.LFB146:
  26              		.file 1 "asw\\swc_clock.c"
   1:asw/swc_clock.c **** 
   2:asw/swc_clock.c **** 
   3:asw/swc_clock.c **** /*
   4:asw/swc_clock.c ****  * Filename: swc_clock.c
   5:asw/swc_clock.c ****  *
   6:asw/swc_clock.c ****  * Author: Autogenerated by H-DA RTE Generator, (c) Prof. Fromm
   7:asw/swc_clock.c ****  */
   8:asw/swc_clock.c **** 
   9:asw/swc_clock.c **** 
  10:asw/swc_clock.c **** 
  11:asw/swc_clock.c **** 
  12:asw/swc_clock.c **** /* USER CODE START SWC_CLOCK_INCLUDE */
  13:asw/swc_clock.c **** 
  14:asw/swc_clock.c **** #include "project.h"
  15:asw/swc_clock.c **** #include "global.h"
  16:asw/swc_clock.c **** #include "rte.h"
  17:asw/swc_clock.c **** #include "rte_types.h"
  18:asw/swc_clock.c **** #include "swc_clock.h"
  19:asw/swc_clock.c **** #include "tft.h"
  20:asw/swc_clock.c **** #include "statemachine.h"
  21:asw/swc_clock.c **** #include "sp_common.h"
  22:asw/swc_clock.c **** #include "stdio.h"
  23:asw/swc_clock.c **** 
  24:asw/swc_clock.c **** /* USER CODE END SWC_CLOCK_INCLUDE */
  25:asw/swc_clock.c **** 
  26:asw/swc_clock.c **** volatile uint8_t m_hours = 0;
  27:asw/swc_clock.c **** volatile uint8_t m_mins = 0;
  28:asw/swc_clock.c **** 
  29:asw/swc_clock.c **** 
  30:asw/swc_clock.c **** 
  31:asw/swc_clock.c **** CLOCK_active_widget_t w_currentTime;
ARM GAS  C:\Users\91819\AppData\Local\Temp\ccZyeurY.s 			page 2


  32:asw/swc_clock.c **** /*static functions defined*/
  33:asw/swc_clock.c **** 
  34:asw/swc_clock.c **** extern SC_EVENT_data_t buttonStatus;
  35:asw/swc_clock.c **** 
  36:asw/swc_clock.c **** 
  37:asw/swc_clock.c **** /*ENUM to define all the states of the state machine*/
  38:asw/swc_clock.c **** 
  39:asw/swc_clock.c **** typedef enum  {
  40:asw/swc_clock.c ****     CLOCK_W_ISDISPLAYING,
  41:asw/swc_clock.c ****     CLOCK_W_ISEDITING,
  42:asw/swc_clock.c ****     CLOCK_W_ISAUTOINCREMENT
  43:asw/swc_clock.c **** } WIDGET_state_t;
  44:asw/swc_clock.c **** 
  45:asw/swc_clock.c **** 
  46:asw/swc_clock.c **** static void CLOCK__dispatch_KL_Hours();
  47:asw/swc_clock.c **** static void CLOCK__increment1Minute();
  48:asw/swc_clock.c **** static void CLOCK__dispatch_KL_HoursMin();
  49:asw/swc_clock.c **** static void CLOCK__dispatch_KR_Hours();
  50:asw/swc_clock.c **** static void CLOCK__dispatch_KRLP_Hours();
  51:asw/swc_clock.c **** static void CLOCK__dispatch_250MS_Hours();
  52:asw/swc_clock.c **** 
  53:asw/swc_clock.c **** static void CLOCK__dispatch_KL_Min();
  54:asw/swc_clock.c **** static void CLOCK__dispatch_KR_Min();
  55:asw/swc_clock.c **** static void CLOCK__dispatch_KRLP_Min();
  56:asw/swc_clock.c **** static void CLOCK__dispatch_250MS_Min();
  57:asw/swc_clock.c **** 
  58:asw/swc_clock.c **** static void CLOCK__dispatchWrapper(EVENT_ENUM_t ev, WIDGET_type_t activeWidget);
  59:asw/swc_clock.c **** 
  60:asw/swc_clock.c **** static void CLOCK_incrementWidget ();
  61:asw/swc_clock.c **** static void CLOCK_setEditFonts ();
  62:asw/swc_clock.c **** static void CLOCK_setDisplayFonts ();
  63:asw/swc_clock.c **** 
  64:asw/swc_clock.c **** 
  65:asw/swc_clock.c **** /** ---------------------------------- Transitions ---------------------------------------- **/
  66:asw/swc_clock.c **** /*===================================   CONTAINER   =========================================*/
  67:asw/swc_clock.c **** 
  68:asw/swc_clock.c **** /**  ===== CLOCK_C_ISDISPLAYING ====   */
  69:asw/swc_clock.c **** const STATE_stateInnerTransitionTable_t STATE_CLOCK_C_ISDISPLAYING_Transitions = {
  70:asw/swc_clock.c **** /*    Event                 ToState         Guard                       Action                     
  71:asw/swc_clock.c ****     { EV_KEYLEFT, CLOCK_C_ISEDITINGHOURS,      0,           CLOCK__dispatch_KL_Hours},
  72:asw/swc_clock.c **** 	{ EV_1MIN,	  CLOCK_C_ISDISPLAYING,        0,           CLOCK__increment1Minute },
  73:asw/swc_clock.c **** };
  74:asw/swc_clock.c **** 
  75:asw/swc_clock.c **** 
  76:asw/swc_clock.c **** /**  ===== IS_EDITINGHOURS ====   */
  77:asw/swc_clock.c **** const STATE_stateInnerTransitionTable_t STATE_CLOCK_C_ISEDITINGHOURS_Transitions = {
  78:asw/swc_clock.c **** /*    Event                          ToState                 		 Guard                       Action 
  79:asw/swc_clock.c ****     { EV_KEYLEFT,                CLOCK_C_ISEDITINGMINUTES,      0,                         CLOCK__d
  80:asw/swc_clock.c **** 	{ EV_KEYRIGHT,	             CLOCK_C_ISEDITINGHOURS,      0, /*Todo add guard */ 	 CLOCK__dispatch_
  81:asw/swc_clock.c ****     { EV_KEYRIGHTLONGPRESS,	     CLOCK_C_ISEDITINGHOURS,      0, /*Todo add guard */ 	 CLOCK__dispa
  82:asw/swc_clock.c ****     { EV_250MS,	                 CLOCK_C_ISEDITINGHOURS,      0, /*Todo add guard */ 	 CLOCK__dispa
  83:asw/swc_clock.c **** };
  84:asw/swc_clock.c **** 
  85:asw/swc_clock.c **** /**  ===== IS_EDITINGMINS ====   */
  86:asw/swc_clock.c **** const STATE_stateInnerTransitionTable_t STATE_CLOCK_C_ISEDITINGMINS_Transitions = {
  87:asw/swc_clock.c **** /*    Event                          ToState                 		 Guard                       Action 
  88:asw/swc_clock.c ****     { EV_KEYLEFT,                CLOCK_C_ISDISPLAYING,          0,                          CLOCK__
ARM GAS  C:\Users\91819\AppData\Local\Temp\ccZyeurY.s 			page 3


  89:asw/swc_clock.c **** 	{ EV_KEYRIGHT,	             CLOCK_C_ISEDITINGMINUTES,      0, /*Todo add guard */ 	    CLOCK__disp
  90:asw/swc_clock.c ****     { EV_KEYRIGHTLONGPRESS,	     CLOCK_C_ISEDITINGMINUTES,      0, /*Todo add guard */ 	    CLOCK__
  91:asw/swc_clock.c ****     { EV_250MS,	                 CLOCK_C_ISEDITINGMINUTES,      0, /*Todo add guard */ 	    CLOCK__
  92:asw/swc_clock.c **** };
  93:asw/swc_clock.c **** 
  94:asw/swc_clock.c **** /**
  95:asw/swc_clock.c ****  * Note: The casting is required because
  96:asw/swc_clock.c ****  * 	- We cannot store element of unknown size inside a class unless it is placed at the end of the 
  97:asw/swc_clock.c ****  * 	- At the same time, we need the array of undefined size to allocate memory in the assignments a
  98:asw/swc_clock.c ****  * 	- As a consequence, some nasty casts are required to translate the address of the array into a 
  99:asw/swc_clock.c ****  */
 100:asw/swc_clock.c **** 
 101:asw/swc_clock.c **** 
 102:asw/swc_clock.c **** static const STATE_stateOuterTransitionTable_t CONTROL_CLOCK_Transitions = {
 103:asw/swc_clock.c ****     /*fromState                             Pointer to table                                Size of
 104:asw/swc_clock.c ****     { CLOCK_C_ISDISPLAYING,       &STATE_CLOCK_C_ISDISPLAYING_Transitions,                sizeof(ST
 105:asw/swc_clock.c ****     { CLOCK_C_ISEDITINGHOURS,     &STATE_CLOCK_C_ISEDITINGHOURS_Transitions,              sizeof(ST
 106:asw/swc_clock.c ****     { CLOCK_C_ISEDITINGMINUTES,   &STATE_CLOCK_C_ISEDITINGMINS_Transitions,               sizeof(ST
 107:asw/swc_clock.c **** };
 108:asw/swc_clock.c **** 
 109:asw/swc_clock.c **** //static const uint16_t CONTROL_Connection_Transitions_size = sizeof(CONTROL_Connection_Transitions
 110:asw/swc_clock.c **** 
 111:asw/swc_clock.c **** /* USER CODE START SWC_CLOCK_USERDEFINITIONS */
 112:asw/swc_clock.c **** 
 113:asw/swc_clock.c **** /* USER CODE END SWC_CLOCK_USERDEFINITIONS */
 114:asw/swc_clock.c **** 
 115:asw/swc_clock.c **** /** ---------------------------------- Action Table ------------------------------------------- **/
 116:asw/swc_clock.c **** 
 117:asw/swc_clock.c **** static const STATE_stateAction_t CONTROL_CLOCK_StateActions[] = {
 118:asw/swc_clock.c **** /* fromState                           Entry                           Exit    */
 119:asw/swc_clock.c ****   { CLOCK_C_ISDISPLAYING,     0,        0   }
 120:asw/swc_clock.c **** };
 121:asw/swc_clock.c **** 
 122:asw/swc_clock.c **** //static const uint16_t CONTROL_Connection_StateActions_size = sizeof(CONTROL_Connection_StateActio
 123:asw/swc_clock.c **** 
 124:asw/swc_clock.c **** 
 125:asw/swc_clock.c **** 
 126:asw/swc_clock.c **** /* ---------------------------------- WIDGET ---------------------------------------- */
 127:asw/swc_clock.c **** 
 128:asw/swc_clock.c **** /**  ===== CLOCK_W_ISDISPLAYING ====   */
 129:asw/swc_clock.c **** static const STATE_stateInnerTransitionTable_t state_CLOCK_W_ISDISAPLAYING_Transitions = {
 130:asw/swc_clock.c **** /*    Event                 ToState                 		 Guard                       Action          
 131:asw/swc_clock.c ****     { EV_KEYLEFT,       CLOCK_W_ISEDITING,                     0,                  CLOCK_setEditFon
 132:asw/swc_clock.c **** 	{ EV_1MIN,          CLOCK_W_ISDISPLAYING,                  0,                  CLOCK_incrementWidg
 133:asw/swc_clock.c **** };
 134:asw/swc_clock.c **** 
 135:asw/swc_clock.c **** 
 136:asw/swc_clock.c **** /**  ===== CLOCK_W_ISEDITING ====   */
 137:asw/swc_clock.c **** static const STATE_stateInnerTransitionTable_t state_CLOCK_W_ISEDITING_Transitions = {
 138:asw/swc_clock.c **** /*    Event                         ToState                 		      Guard                       Act
 139:asw/swc_clock.c ****     {EV_KEYRIGHT,                CLOCK_W_ISEDITING,                        0,                      
 140:asw/swc_clock.c ****     {EV_KEYRIGHTLONGPRESS,       CLOCK_W_ISAUTOINCREMENT,                  0,                      
 141:asw/swc_clock.c ****     {EV_KEYLEFT,                 CLOCK_W_ISDISPLAYING,                     0,                      
 142:asw/swc_clock.c ****    
 143:asw/swc_clock.c **** };
 144:asw/swc_clock.c **** 
 145:asw/swc_clock.c **** /**  ===== CLOCK_W_ISAUTOINCREMENT ====   */
ARM GAS  C:\Users\91819\AppData\Local\Temp\ccZyeurY.s 			page 4


 146:asw/swc_clock.c **** static const STATE_stateInnerTransitionTable_t state_CLOCK_W_ISAUTOINCREMENT_Transitions = {
 147:asw/swc_clock.c **** /*    Event                   ToState                 		 Guard                       Action        
 148:asw/swc_clock.c ****     { EV_KEYRIGHT,             CLOCK_W_ISEDITING,             0,                          CLOCK_inc
 149:asw/swc_clock.c ****     { EV_250MS,                CLOCK_W_ISAUTOINCREMENT,       0,                          CLOCK_inc
 150:asw/swc_clock.c **** };
 151:asw/swc_clock.c **** 
 152:asw/swc_clock.c **** 
 153:asw/swc_clock.c **** /**
 154:asw/swc_clock.c ****  * Note: The casting is required because
 155:asw/swc_clock.c ****  * 	- We cannot store element of unknown size inside a class unless it is placed at the end of the 
 156:asw/swc_clock.c ****  * 	- At the same time, we need the array of undefined size to allocate memory in the assignments a
 157:asw/swc_clock.c ****  * 	- As a consequence, some nasty casts are required to translate the address of the array into a 
 158:asw/swc_clock.c ****  */
 159:asw/swc_clock.c **** static const STATE_stateOuterTransitionTable_t CLOCK_Widget_Transitions = {
 160:asw/swc_clock.c **** /*    fromState                             Pointer to table                            Size of tab
 161:asw/swc_clock.c ****     { CLOCK_W_ISDISPLAYING,             &state_CLOCK_W_ISDISAPLAYING_Transitions,       sizeof(stat
 162:asw/swc_clock.c ****     { CLOCK_W_ISEDITING,                &state_CLOCK_W_ISEDITING_Transitions,           sizeof(stat
 163:asw/swc_clock.c ****     { CLOCK_W_ISAUTOINCREMENT,          &state_CLOCK_W_ISAUTOINCREMENT_Transitions,     sizeof(stat
 164:asw/swc_clock.c **** };
 165:asw/swc_clock.c **** static const uint16_t CLOCK_Widget_Transitions_size = sizeof(CLOCK_Widget_Transitions)/sizeof(STATE
 166:asw/swc_clock.c **** 
 167:asw/swc_clock.c **** /* ---------------------------------- Action Table ------------------------------------------- */
 168:asw/swc_clock.c **** 
 169:asw/swc_clock.c **** 
 170:asw/swc_clock.c **** static const STATE_stateAction_t CLOCK_WIDGET_StateActions[] = {
 171:asw/swc_clock.c **** /*  fromState                           Entry                           Exit    */
 172:asw/swc_clock.c ****   { STATE(CLOCK_W_ISDISPLAYING),     0,        0   }
 173:asw/swc_clock.c **** };
 174:asw/swc_clock.c **** 
 175:asw/swc_clock.c **** 
 176:asw/swc_clock.c **** /** ---------------------------------- State Machine Object --------------------------------- **/
 177:asw/swc_clock.c **** 
 178:asw/swc_clock.c **** 
 179:asw/swc_clock.c **** /**
 180:asw/swc_clock.c ****  * The connection state machine object 
 181:asw/swc_clock.c ****  **/
 182:asw/swc_clock.c **** 
 183:asw/swc_clock.c **** 
 184:asw/swc_clock.c **** 
 185:asw/swc_clock.c **** STATE_t CONTROL_ContainerFSM = {
 186:asw/swc_clock.c ****     &CONTROL_CLOCK_Transitions,
 187:asw/swc_clock.c ****     sizeof(CONTROL_CLOCK_Transitions)/sizeof(STATE_stateOuterTransition_t),    
 188:asw/swc_clock.c ****     &CONTROL_CLOCK_StateActions,
 189:asw/swc_clock.c ****     sizeof(CONTROL_CLOCK_StateActions)/sizeof(STATE_stateAction_t),    
 190:asw/swc_clock.c ****     STATE(CLOCK_C_ISDISPLAYING)    
 191:asw/swc_clock.c **** };
 192:asw/swc_clock.c **** 
 193:asw/swc_clock.c **** STATE_t CONTROL_WidgetFSM = {
 194:asw/swc_clock.c ****     &CLOCK_Widget_Transitions,
 195:asw/swc_clock.c ****     sizeof(CLOCK_Widget_Transitions)/sizeof(STATE_stateOuterTransition_t),    
 196:asw/swc_clock.c ****     &CLOCK_WIDGET_StateActions,
 197:asw/swc_clock.c ****     sizeof(CLOCK_WIDGET_StateActions)/sizeof(STATE_stateAction_t),    
 198:asw/swc_clock.c ****     STATE(CLOCK_W_ISDISPLAYING)    
 199:asw/swc_clock.c **** };
 200:asw/swc_clock.c **** 
 201:asw/swc_clock.c ****     
 202:asw/swc_clock.c **** 
ARM GAS  C:\Users\91819\AppData\Local\Temp\ccZyeurY.s 			page 5


 203:asw/swc_clock.c **** 
 204:asw/swc_clock.c **** void CLOCK__action_initClock()
 205:asw/swc_clock.c **** { 
 206:asw/swc_clock.c ****     SC_CLOCK_data_t controlSignal;
 207:asw/swc_clock.c ****     controlSignal.StateMachine_ptr = &CONTROL_ContainerFSM;
 208:asw/swc_clock.c ****     RTE_SC_CLOCK_set(&SO_CLOCK_signal,controlSignal); 
 209:asw/swc_clock.c ****     
 210:asw/swc_clock.c ****     SC_CLOCK_data_t dispatchSignal;
 211:asw/swc_clock.c ****     dispatchSignal.StateMachine_ptr = &CONTROL_WidgetFSM;
 212:asw/swc_clock.c ****     dispatchSignal.clockValue.hours = 0;
 213:asw/swc_clock.c ****     dispatchSignal.clockValue.mins = 0;     
 214:asw/swc_clock.c ****        
 215:asw/swc_clock.c ****     
 216:asw/swc_clock.c ****     dispatchSignal.clockValue.font_hours.F_TEXT_COLOR = WHITE;
 217:asw/swc_clock.c ****     dispatchSignal.clockValue.font_hours.F_BG_COLOR = BLACK;
 218:asw/swc_clock.c ****     dispatchSignal.clockValue.font_mins.F_TEXT_COLOR = WHITE;
 219:asw/swc_clock.c ****     dispatchSignal.clockValue.font_mins.F_BG_COLOR = BLACK;    
 220:asw/swc_clock.c ****     RTE_SC_CLOCK_set(&SO_CLOCK_signal,dispatchSignal); 
 221:asw/swc_clock.c ****     TFT_setTextSize(4); 
 222:asw/swc_clock.c ****     tftDisplay("00", "00");
 223:asw/swc_clock.c ****      
 224:asw/swc_clock.c ****        
 225:asw/swc_clock.c **** }
 226:asw/swc_clock.c **** 
 227:asw/swc_clock.c **** 
 228:asw/swc_clock.c **** /*
 229:asw/swc_clock.c **** * component: swc_clock
 230:asw/swc_clock.c **** * cycletime: 50
 231:asw/swc_clock.c **** * description: Runnable
 232:asw/swc_clock.c **** * events: 
 233:asw/swc_clock.c **** * name: CLOCK_input_run
 234:asw/swc_clock.c **** * shortname: input
 235:asw/swc_clock.c **** * signalIN: 
 236:asw/swc_clock.c **** * signalOUT: so_event
 237:asw/swc_clock.c **** * task: tsk_io
 238:asw/swc_clock.c **** */
 239:asw/swc_clock.c **** void CLOCK_input_run(RTE_event ev){
 240:asw/swc_clock.c **** 	
 241:asw/swc_clock.c **** 	/* USER CODE START CLOCK_input_run */
 242:asw/swc_clock.c ****     static uint8_t longPressTick = 0;
 243:asw/swc_clock.c **** 
 244:asw/swc_clock.c **** 	/* USER CODE START TSK_IO_TASKBOBY_PRE */
 245:asw/swc_clock.c ****     if(1 == BUTTON_2_Read())
 246:asw/swc_clock.c ****     {
 247:asw/swc_clock.c ****         
 248:asw/swc_clock.c ****         longPressTick++;
 249:asw/swc_clock.c ****     }
 250:asw/swc_clock.c ****     if(longPressTick >= 20)
 251:asw/swc_clock.c ****     { 
 252:asw/swc_clock.c ****         buttonStatus.buttonPress = EV_KEYRIGHTLONGPRESS;
 253:asw/swc_clock.c ****         SetRelAlarm(alarm_250msEv,250,250);
 254:asw/swc_clock.c ****         RTE_SC_EVENT_set(&SO_EVENT_signal,buttonStatus); 
 255:asw/swc_clock.c ****         longPressTick = 0;
 256:asw/swc_clock.c ****     }
 257:asw/swc_clock.c ****     /* USER CODE END CLOCK_input_run */
 258:asw/swc_clock.c **** }
 259:asw/swc_clock.c **** 
ARM GAS  C:\Users\91819\AppData\Local\Temp\ccZyeurY.s 			page 6


 260:asw/swc_clock.c **** /*
 261:asw/swc_clock.c **** * component: swc_clock
 262:asw/swc_clock.c **** * cycletime: 0
 263:asw/swc_clock.c **** * description: Runnable
 264:asw/swc_clock.c **** * events: ev_event_onData|ev_1min|ev_250ms
 265:asw/swc_clock.c **** * name: CLOCK_control_run
 266:asw/swc_clock.c **** * shortname: control
 267:asw/swc_clock.c **** * signalIN: so_event
 268:asw/swc_clock.c **** * signalOUT: so_clock
 269:asw/swc_clock.c **** * task: tsk_control
 270:asw/swc_clock.c **** */
 271:asw/swc_clock.c **** void CLOCK_control_run(RTE_event ev){
 272:asw/swc_clock.c **** 	
 273:asw/swc_clock.c **** 	/* USER CODE START CLOCK_control_run */
 274:asw/swc_clock.c ****     
 275:asw/swc_clock.c ****     //Read the button data from the RTE
 276:asw/swc_clock.c ****     
 277:asw/swc_clock.c ****     SC_EVENT_data_t eventSignal = RTE_SC_EVENT_get(&SO_EVENT_signal); 
 278:asw/swc_clock.c ****     RTE_SC_EVENT_getThreadSafe(&SO_EVENT_signal,&eventSignal);
 279:asw/swc_clock.c ****     
 280:asw/swc_clock.c ****     
 281:asw/swc_clock.c ****     if((ev_250ms & ev) == ev_250ms)
 282:asw/swc_clock.c ****     {
 283:asw/swc_clock.c ****         eventSignal.buttonPress = EV_250MS; 
 284:asw/swc_clock.c ****     }
 285:asw/swc_clock.c ****      
 286:asw/swc_clock.c ****     if((ev_1min & ev) == ev_1min)
 287:asw/swc_clock.c ****     {
 288:asw/swc_clock.c ****         eventSignal.buttonPress = EV_1MIN;
 289:asw/swc_clock.c ****     }
 290:asw/swc_clock.c ****     
 291:asw/swc_clock.c ****     
 292:asw/swc_clock.c ****     //Execute Container State Machine
 293:asw/swc_clock.c **** 	STATE_processEvent(&CONTROL_ContainerFSM, eventSignal.buttonPress);    
 294:asw/swc_clock.c ****     
 295:asw/swc_clock.c ****     /* USER CODE END CLOCK_control_run */
 296:asw/swc_clock.c **** }
 297:asw/swc_clock.c **** 
 298:asw/swc_clock.c **** /*
 299:asw/swc_clock.c **** * component: swc_clock
 300:asw/swc_clock.c **** * cycletime: 250
 301:asw/swc_clock.c **** * description: Runnable 
 302:asw/swc_clock.c **** * events: 
 303:asw/swc_clock.c **** * name: CLOCK_display_run
 304:asw/swc_clock.c **** * shortname: display
 305:asw/swc_clock.c **** * signalIN: so_clock
 306:asw/swc_clock.c **** * signalOUT: so_display
 307:asw/swc_clock.c **** * task: tsk_tft
 308:asw/swc_clock.c **** */
 309:asw/swc_clock.c **** void CLOCK_display_run(RTE_event ev){
 310:asw/swc_clock.c **** 	
 311:asw/swc_clock.c **** 	/* USER CODE START CLOCK_display_run */
 312:asw/swc_clock.c ****     SC_CLOCK_data_t displaySignal = SC_CLOCK_INIT_DATA;
 313:asw/swc_clock.c ****     
 314:asw/swc_clock.c ****     //Resource to avoid race around condition
 315:asw/swc_clock.c ****     RTE_SC_CLOCK_getThreadSafe(&SO_CLOCK_signal,&displaySignal);
 316:asw/swc_clock.c ****     displaySignal = RTE_SC_CLOCK_get(&SO_CLOCK_signal);
ARM GAS  C:\Users\91819\AppData\Local\Temp\ccZyeurY.s 			page 7


 317:asw/swc_clock.c ****     
 318:asw/swc_clock.c ****     RTE_SC_CLOCK_set(&SO_DISPLAY_signal, displaySignal );
 319:asw/swc_clock.c ****     
 320:asw/swc_clock.c ****     RTE_SC_CLOCK_pushPort(&SO_DISPLAY_signal);
 321:asw/swc_clock.c ****     
 322:asw/swc_clock.c ****     
 323:asw/swc_clock.c ****     /* USER CODE END CLOCK_display_run */
 324:asw/swc_clock.c **** }
 325:asw/swc_clock.c **** 
 326:asw/swc_clock.c **** /* USER CODE START SWC_CLOCK_FUNCTIONS */
 327:asw/swc_clock.c **** 
 328:asw/swc_clock.c **** 
 329:asw/swc_clock.c **** static void CLOCK__dispatch_KL_Hours()
 330:asw/swc_clock.c **** {
 331:asw/swc_clock.c ****     CLOCK__dispatchWrapper(EV_KEYLEFT, W_HOURS);         
 332:asw/swc_clock.c **** }
 333:asw/swc_clock.c **** 
 334:asw/swc_clock.c **** static void CLOCK__increment1Minute()
 335:asw/swc_clock.c **** {
 336:asw/swc_clock.c ****     CLOCK__dispatchWrapper(EV_1MIN, W_MINUTES); 
 337:asw/swc_clock.c **** }
 338:asw/swc_clock.c **** 
 339:asw/swc_clock.c **** static void CLOCK__dispatch_KL_HoursMin()
 340:asw/swc_clock.c **** {
 341:asw/swc_clock.c ****     CLOCK__dispatchWrapper(EV_KEYLEFT, W_HOURS);
 342:asw/swc_clock.c ****     CLOCK__dispatchWrapper(EV_KEYLEFT, W_MINUTES);
 343:asw/swc_clock.c **** }
 344:asw/swc_clock.c **** 
 345:asw/swc_clock.c **** static void CLOCK__dispatch_KR_Hours()
 346:asw/swc_clock.c **** {    
 347:asw/swc_clock.c ****     CLOCK__dispatchWrapper(EV_KEYRIGHT, W_HOURS);
 348:asw/swc_clock.c **** }
 349:asw/swc_clock.c **** 
 350:asw/swc_clock.c **** static void CLOCK__dispatch_KRLP_Hours()
 351:asw/swc_clock.c **** { 
 352:asw/swc_clock.c ****     CLOCK__dispatchWrapper(EV_KEYRIGHTLONGPRESS, W_HOURS);
 353:asw/swc_clock.c **** }
 354:asw/swc_clock.c **** 
 355:asw/swc_clock.c **** static void CLOCK__dispatch_250MS_Hours()
 356:asw/swc_clock.c **** {     
 357:asw/swc_clock.c ****     CLOCK__dispatchWrapper(EV_250MS, W_HOURS);    
 358:asw/swc_clock.c **** }
 359:asw/swc_clock.c **** 
 360:asw/swc_clock.c **** static void CLOCK__dispatch_250MS_Min()
 361:asw/swc_clock.c **** {    
 362:asw/swc_clock.c ****     CLOCK__dispatchWrapper(EV_250MS, W_MINUTES);
 363:asw/swc_clock.c **** }
 364:asw/swc_clock.c **** 
 365:asw/swc_clock.c **** static void CLOCK__dispatch_KRLP_Min()
 366:asw/swc_clock.c **** {  
 367:asw/swc_clock.c ****     CLOCK__dispatchWrapper(EV_KEYRIGHTLONGPRESS, W_MINUTES);
 368:asw/swc_clock.c **** }
 369:asw/swc_clock.c **** 
 370:asw/swc_clock.c **** static void CLOCK__dispatch_KL_Min()
 371:asw/swc_clock.c **** {
 372:asw/swc_clock.c ****     CLOCK__dispatchWrapper(EV_KEYLEFT, W_MINUTES);    
 373:asw/swc_clock.c **** }
ARM GAS  C:\Users\91819\AppData\Local\Temp\ccZyeurY.s 			page 8


 374:asw/swc_clock.c **** 
 375:asw/swc_clock.c **** static void CLOCK__dispatch_KR_Min()
 376:asw/swc_clock.c **** {  
 377:asw/swc_clock.c ****     CLOCK__dispatchWrapper(EV_KEYRIGHT, W_MINUTES);     
 378:asw/swc_clock.c **** }
 379:asw/swc_clock.c **** 
 380:asw/swc_clock.c **** 
 381:asw/swc_clock.c **** 
 382:asw/swc_clock.c **** static void CLOCK_incrementWidget ()
 383:asw/swc_clock.c **** {     
 384:asw/swc_clock.c ****     
 385:asw/swc_clock.c ****     SC_CLOCK_data_t clockSignal = RTE_SC_CLOCK_get(&SO_CLOCK_signal);
 386:asw/swc_clock.c ****     if(clockSignal.activeWidget == W_HOURS)
 387:asw/swc_clock.c ****     {
 388:asw/swc_clock.c ****         if(m_hours < 23)
 389:asw/swc_clock.c ****             m_hours ++;
 390:asw/swc_clock.c ****         else 
 391:asw/swc_clock.c ****             m_hours = 0;
 392:asw/swc_clock.c ****         clockSignal.clockValue.hours = m_hours;
 393:asw/swc_clock.c ****         
 394:asw/swc_clock.c ****     }
 395:asw/swc_clock.c ****     else if(clockSignal.activeWidget == W_MINUTES)
 396:asw/swc_clock.c ****     {
 397:asw/swc_clock.c ****         if(m_mins < 59)
 398:asw/swc_clock.c ****             m_mins ++;
 399:asw/swc_clock.c ****         else 
 400:asw/swc_clock.c ****         {  
 401:asw/swc_clock.c ****             if(clockSignal.StateMachine_ptr->m_state == CLOCK_C_ISDISPLAYING)
 402:asw/swc_clock.c ****             {
 403:asw/swc_clock.c ****                 if(m_hours < 23)
 404:asw/swc_clock.c ****                     m_hours++;
 405:asw/swc_clock.c ****                 else 
 406:asw/swc_clock.c ****                     m_hours = 0;
 407:asw/swc_clock.c ****                 clockSignal.clockValue.hours = m_hours;  
 408:asw/swc_clock.c ****             }
 409:asw/swc_clock.c ****             m_mins = 0;
 410:asw/swc_clock.c ****         }
 411:asw/swc_clock.c ****         clockSignal.clockValue.mins = m_mins;  
 412:asw/swc_clock.c ****     }
 413:asw/swc_clock.c ****     RTE_SC_CLOCK_set(&SO_CLOCK_signal,clockSignal);    
 414:asw/swc_clock.c **** }
 415:asw/swc_clock.c **** 
 416:asw/swc_clock.c **** static void CLOCK_setEditFonts ()
 417:asw/swc_clock.c **** {  
  27              		.loc 1 417 0
  28              		.cfi_startproc
  29              		@ args = 0, pretend = 0, frame = 0
  30              		@ frame_needed = 0, uses_anonymous_args = 0
  31              		@ link register save eliminated.
 418:asw/swc_clock.c ****     if(SO_CLOCK_signal.value.activeWidget == W_HOURS)
  32              		.loc 1 418 0
  33 0000 0B4B     		ldr	r3, .L4
  34 0002 9B7B     		ldrb	r3, [r3, #14]	@ zero_extendqisi2
  35 0004 012B     		cmp	r3, #1
  36 0006 08D1     		bne	.L2
 419:asw/swc_clock.c ****     {
 420:asw/swc_clock.c ****         SO_CLOCK_signal.value.clockValue.font_hours.F_TEXT_COLOR = BLACK;
ARM GAS  C:\Users\91819\AppData\Local\Temp\ccZyeurY.s 			page 9


  37              		.loc 1 420 0
  38 0008 094B     		ldr	r3, .L4
  39 000a 0022     		movs	r2, #0
  40 000c 9A81     		strh	r2, [r3, #12]	@ movhi
 421:asw/swc_clock.c ****         SO_CLOCK_signal.value.clockValue.font_hours.F_BG_COLOR = WHITE;
  41              		.loc 1 421 0
  42 000e 4FF6FF71 		movw	r1, #65535
  43 0012 5981     		strh	r1, [r3, #10]	@ movhi
 422:asw/swc_clock.c ****         SO_CLOCK_signal.value.clockValue.font_mins.F_TEXT_COLOR = WHITE;
  44              		.loc 1 422 0
  45 0014 1981     		strh	r1, [r3, #8]	@ movhi
 423:asw/swc_clock.c ****         SO_CLOCK_signal.value.clockValue.font_mins.F_BG_COLOR = BLACK;
  46              		.loc 1 423 0
  47 0016 DA80     		strh	r2, [r3, #6]	@ movhi
  48 0018 7047     		bx	lr
  49              	.L2:
 424:asw/swc_clock.c ****     }
 425:asw/swc_clock.c ****     else if(SO_CLOCK_signal.value.activeWidget == W_MINUTES)
  50              		.loc 1 425 0
  51 001a 3BB9     		cbnz	r3, .L1
 426:asw/swc_clock.c ****     {
 427:asw/swc_clock.c ****         SO_CLOCK_signal.value.clockValue.font_hours.F_TEXT_COLOR = WHITE;
  52              		.loc 1 427 0
  53 001c 044B     		ldr	r3, .L4
  54 001e 4FF6FF72 		movw	r2, #65535
  55 0022 9A81     		strh	r2, [r3, #12]	@ movhi
 428:asw/swc_clock.c ****         SO_CLOCK_signal.value.clockValue.font_hours.F_BG_COLOR = BLACK;
  56              		.loc 1 428 0
  57 0024 0021     		movs	r1, #0
  58 0026 5981     		strh	r1, [r3, #10]	@ movhi
 429:asw/swc_clock.c ****         SO_CLOCK_signal.value.clockValue.font_mins.F_TEXT_COLOR = BLACK;
  59              		.loc 1 429 0
  60 0028 1981     		strh	r1, [r3, #8]	@ movhi
 430:asw/swc_clock.c ****         SO_CLOCK_signal.value.clockValue.font_mins.F_BG_COLOR = WHITE;
  61              		.loc 1 430 0
  62 002a DA80     		strh	r2, [r3, #6]	@ movhi
  63              	.L1:
  64 002c 7047     		bx	lr
  65              	.L5:
  66 002e 00BF     		.align	2
  67              	.L4:
  68 0030 00000000 		.word	SO_CLOCK_signal
  69              		.cfi_endproc
  70              	.LFE146:
  71              		.size	CLOCK_setEditFonts, .-CLOCK_setEditFonts
  72              		.section	.text.CLOCK_setDisplayFonts,"ax",%progbits
  73              		.align	2
  74              		.thumb
  75              		.thumb_func
  76              		.type	CLOCK_setDisplayFonts, %function
  77              	CLOCK_setDisplayFonts:
  78              	.LFB147:
 431:asw/swc_clock.c ****     }
 432:asw/swc_clock.c ****     
 433:asw/swc_clock.c **** }
 434:asw/swc_clock.c **** 
 435:asw/swc_clock.c **** static void CLOCK_setDisplayFonts ()
ARM GAS  C:\Users\91819\AppData\Local\Temp\ccZyeurY.s 			page 10


 436:asw/swc_clock.c **** {  
  79              		.loc 1 436 0
  80              		.cfi_startproc
  81              		@ args = 0, pretend = 0, frame = 0
  82              		@ frame_needed = 0, uses_anonymous_args = 0
  83              		@ link register save eliminated.
 437:asw/swc_clock.c ****     SO_CLOCK_signal.value.clockValue.font_hours.F_TEXT_COLOR = WHITE;
  84              		.loc 1 437 0
  85 0000 044B     		ldr	r3, .L7
  86 0002 4FF6FF71 		movw	r1, #65535
  87 0006 9981     		strh	r1, [r3, #12]	@ movhi
 438:asw/swc_clock.c ****     SO_CLOCK_signal.value.clockValue.font_hours.F_BG_COLOR = BLACK;
  88              		.loc 1 438 0
  89 0008 0022     		movs	r2, #0
  90 000a 5A81     		strh	r2, [r3, #10]	@ movhi
 439:asw/swc_clock.c ****     SO_CLOCK_signal.value.clockValue.font_mins.F_TEXT_COLOR = WHITE;
  91              		.loc 1 439 0
  92 000c 1981     		strh	r1, [r3, #8]	@ movhi
 440:asw/swc_clock.c ****     SO_CLOCK_signal.value.clockValue.font_mins.F_BG_COLOR = BLACK;
  93              		.loc 1 440 0
  94 000e DA80     		strh	r2, [r3, #6]	@ movhi
  95 0010 7047     		bx	lr
  96              	.L8:
  97 0012 00BF     		.align	2
  98              	.L7:
  99 0014 00000000 		.word	SO_CLOCK_signal
 100              		.cfi_endproc
 101              	.LFE147:
 102              		.size	CLOCK_setDisplayFonts, .-CLOCK_setDisplayFonts
 103              		.section	.text.CLOCK__dispatchWrapper,"ax",%progbits
 104              		.align	2
 105              		.thumb
 106              		.thumb_func
 107              		.type	CLOCK__dispatchWrapper, %function
 108              	CLOCK__dispatchWrapper:
 109              	.LFB148:
 441:asw/swc_clock.c ****       
 442:asw/swc_clock.c ****     
 443:asw/swc_clock.c **** }
 444:asw/swc_clock.c **** 
 445:asw/swc_clock.c **** static void CLOCK__dispatchWrapper(EVENT_ENUM_t ev, WIDGET_type_t activeWidget)
 446:asw/swc_clock.c **** {           
 110              		.loc 1 446 0
 111              		.cfi_startproc
 112              		@ args = 0, pretend = 0, frame = 0
 113              		@ frame_needed = 0, uses_anonymous_args = 0
 114              	.LVL0:
 115 0000 08B5     		push	{r3, lr}
 116              		.cfi_def_cfa_offset 8
 117              		.cfi_offset 3, -8
 118              		.cfi_offset 14, -4
 447:asw/swc_clock.c ****     SO_CLOCK_signal.value.activeWidget = activeWidget;
 119              		.loc 1 447 0
 120 0002 034B     		ldr	r3, .L11
 121 0004 9973     		strb	r1, [r3, #14]
 448:asw/swc_clock.c ****     STATE_processEvent(&CONTROL_WidgetFSM, ev);        
 122              		.loc 1 448 0
ARM GAS  C:\Users\91819\AppData\Local\Temp\ccZyeurY.s 			page 11


 123 0006 0146     		mov	r1, r0
 124              	.LVL1:
 125 0008 0248     		ldr	r0, .L11+4
 126              	.LVL2:
 127 000a FFF7FEFF 		bl	STATE_processEvent
 128              	.LVL3:
 129 000e 08BD     		pop	{r3, pc}
 130              	.L12:
 131              		.align	2
 132              	.L11:
 133 0010 00000000 		.word	SO_CLOCK_signal
 134 0014 00000000 		.word	.LANCHOR0
 135              		.cfi_endproc
 136              	.LFE148:
 137              		.size	CLOCK__dispatchWrapper, .-CLOCK__dispatchWrapper
 138              		.section	.text.CLOCK__increment1Minute,"ax",%progbits
 139              		.align	2
 140              		.thumb
 141              		.thumb_func
 142              		.type	CLOCK__increment1Minute, %function
 143              	CLOCK__increment1Minute:
 144              	.LFB136:
 335:asw/swc_clock.c ****     CLOCK__dispatchWrapper(EV_1MIN, W_MINUTES); 
 145              		.loc 1 335 0
 146              		.cfi_startproc
 147              		@ args = 0, pretend = 0, frame = 0
 148              		@ frame_needed = 0, uses_anonymous_args = 0
 149 0000 08B5     		push	{r3, lr}
 150              		.cfi_def_cfa_offset 8
 151              		.cfi_offset 3, -8
 152              		.cfi_offset 14, -4
 336:asw/swc_clock.c **** }
 153              		.loc 1 336 0
 154 0002 0021     		movs	r1, #0
 155 0004 0520     		movs	r0, #5
 156 0006 FFF7FEFF 		bl	CLOCK__dispatchWrapper
 157              	.LVL4:
 158 000a 08BD     		pop	{r3, pc}
 159              		.cfi_endproc
 160              	.LFE136:
 161              		.size	CLOCK__increment1Minute, .-CLOCK__increment1Minute
 162              		.section	.text.CLOCK__dispatch_KL_Hours,"ax",%progbits
 163              		.align	2
 164              		.thumb
 165              		.thumb_func
 166              		.type	CLOCK__dispatch_KL_Hours, %function
 167              	CLOCK__dispatch_KL_Hours:
 168              	.LFB135:
 330:asw/swc_clock.c ****     CLOCK__dispatchWrapper(EV_KEYLEFT, W_HOURS);         
 169              		.loc 1 330 0
 170              		.cfi_startproc
 171              		@ args = 0, pretend = 0, frame = 0
 172              		@ frame_needed = 0, uses_anonymous_args = 0
 173 0000 08B5     		push	{r3, lr}
 174              		.cfi_def_cfa_offset 8
 175              		.cfi_offset 3, -8
 176              		.cfi_offset 14, -4
ARM GAS  C:\Users\91819\AppData\Local\Temp\ccZyeurY.s 			page 12


 331:asw/swc_clock.c **** }
 177              		.loc 1 331 0
 178 0002 0121     		movs	r1, #1
 179 0004 0846     		mov	r0, r1
 180 0006 FFF7FEFF 		bl	CLOCK__dispatchWrapper
 181              	.LVL5:
 182 000a 08BD     		pop	{r3, pc}
 183              		.cfi_endproc
 184              	.LFE135:
 185              		.size	CLOCK__dispatch_KL_Hours, .-CLOCK__dispatch_KL_Hours
 186              		.section	.text.CLOCK__dispatch_250MS_Hours,"ax",%progbits
 187              		.align	2
 188              		.thumb
 189              		.thumb_func
 190              		.type	CLOCK__dispatch_250MS_Hours, %function
 191              	CLOCK__dispatch_250MS_Hours:
 192              	.LFB140:
 356:asw/swc_clock.c ****     CLOCK__dispatchWrapper(EV_250MS, W_HOURS);    
 193              		.loc 1 356 0
 194              		.cfi_startproc
 195              		@ args = 0, pretend = 0, frame = 0
 196              		@ frame_needed = 0, uses_anonymous_args = 0
 197 0000 08B5     		push	{r3, lr}
 198              		.cfi_def_cfa_offset 8
 199              		.cfi_offset 3, -8
 200              		.cfi_offset 14, -4
 357:asw/swc_clock.c **** }
 201              		.loc 1 357 0
 202 0002 0121     		movs	r1, #1
 203 0004 0420     		movs	r0, #4
 204 0006 FFF7FEFF 		bl	CLOCK__dispatchWrapper
 205              	.LVL6:
 206 000a 08BD     		pop	{r3, pc}
 207              		.cfi_endproc
 208              	.LFE140:
 209              		.size	CLOCK__dispatch_250MS_Hours, .-CLOCK__dispatch_250MS_Hours
 210              		.section	.text.CLOCK__dispatch_KRLP_Hours,"ax",%progbits
 211              		.align	2
 212              		.thumb
 213              		.thumb_func
 214              		.type	CLOCK__dispatch_KRLP_Hours, %function
 215              	CLOCK__dispatch_KRLP_Hours:
 216              	.LFB139:
 351:asw/swc_clock.c ****     CLOCK__dispatchWrapper(EV_KEYRIGHTLONGPRESS, W_HOURS);
 217              		.loc 1 351 0
 218              		.cfi_startproc
 219              		@ args = 0, pretend = 0, frame = 0
 220              		@ frame_needed = 0, uses_anonymous_args = 0
 221 0000 08B5     		push	{r3, lr}
 222              		.cfi_def_cfa_offset 8
 223              		.cfi_offset 3, -8
 224              		.cfi_offset 14, -4
 352:asw/swc_clock.c **** }
 225              		.loc 1 352 0
 226 0002 0121     		movs	r1, #1
 227 0004 0320     		movs	r0, #3
 228 0006 FFF7FEFF 		bl	CLOCK__dispatchWrapper
ARM GAS  C:\Users\91819\AppData\Local\Temp\ccZyeurY.s 			page 13


 229              	.LVL7:
 230 000a 08BD     		pop	{r3, pc}
 231              		.cfi_endproc
 232              	.LFE139:
 233              		.size	CLOCK__dispatch_KRLP_Hours, .-CLOCK__dispatch_KRLP_Hours
 234              		.section	.text.CLOCK__dispatch_KR_Hours,"ax",%progbits
 235              		.align	2
 236              		.thumb
 237              		.thumb_func
 238              		.type	CLOCK__dispatch_KR_Hours, %function
 239              	CLOCK__dispatch_KR_Hours:
 240              	.LFB138:
 346:asw/swc_clock.c ****     CLOCK__dispatchWrapper(EV_KEYRIGHT, W_HOURS);
 241              		.loc 1 346 0
 242              		.cfi_startproc
 243              		@ args = 0, pretend = 0, frame = 0
 244              		@ frame_needed = 0, uses_anonymous_args = 0
 245 0000 08B5     		push	{r3, lr}
 246              		.cfi_def_cfa_offset 8
 247              		.cfi_offset 3, -8
 248              		.cfi_offset 14, -4
 347:asw/swc_clock.c **** }
 249              		.loc 1 347 0
 250 0002 0121     		movs	r1, #1
 251 0004 0220     		movs	r0, #2
 252 0006 FFF7FEFF 		bl	CLOCK__dispatchWrapper
 253              	.LVL8:
 254 000a 08BD     		pop	{r3, pc}
 255              		.cfi_endproc
 256              	.LFE138:
 257              		.size	CLOCK__dispatch_KR_Hours, .-CLOCK__dispatch_KR_Hours
 258              		.section	.text.CLOCK__dispatch_KL_HoursMin,"ax",%progbits
 259              		.align	2
 260              		.thumb
 261              		.thumb_func
 262              		.type	CLOCK__dispatch_KL_HoursMin, %function
 263              	CLOCK__dispatch_KL_HoursMin:
 264              	.LFB137:
 340:asw/swc_clock.c ****     CLOCK__dispatchWrapper(EV_KEYLEFT, W_HOURS);
 265              		.loc 1 340 0
 266              		.cfi_startproc
 267              		@ args = 0, pretend = 0, frame = 0
 268              		@ frame_needed = 0, uses_anonymous_args = 0
 269 0000 08B5     		push	{r3, lr}
 270              		.cfi_def_cfa_offset 8
 271              		.cfi_offset 3, -8
 272              		.cfi_offset 14, -4
 341:asw/swc_clock.c ****     CLOCK__dispatchWrapper(EV_KEYLEFT, W_MINUTES);
 273              		.loc 1 341 0
 274 0002 0121     		movs	r1, #1
 275 0004 0846     		mov	r0, r1
 276 0006 FFF7FEFF 		bl	CLOCK__dispatchWrapper
 277              	.LVL9:
 342:asw/swc_clock.c **** }
 278              		.loc 1 342 0
 279 000a 0021     		movs	r1, #0
 280 000c 0120     		movs	r0, #1
ARM GAS  C:\Users\91819\AppData\Local\Temp\ccZyeurY.s 			page 14


 281 000e FFF7FEFF 		bl	CLOCK__dispatchWrapper
 282              	.LVL10:
 283 0012 08BD     		pop	{r3, pc}
 284              		.cfi_endproc
 285              	.LFE137:
 286              		.size	CLOCK__dispatch_KL_HoursMin, .-CLOCK__dispatch_KL_HoursMin
 287              		.section	.text.CLOCK__dispatch_250MS_Min,"ax",%progbits
 288              		.align	2
 289              		.thumb
 290              		.thumb_func
 291              		.type	CLOCK__dispatch_250MS_Min, %function
 292              	CLOCK__dispatch_250MS_Min:
 293              	.LFB141:
 361:asw/swc_clock.c ****     CLOCK__dispatchWrapper(EV_250MS, W_MINUTES);
 294              		.loc 1 361 0
 295              		.cfi_startproc
 296              		@ args = 0, pretend = 0, frame = 0
 297              		@ frame_needed = 0, uses_anonymous_args = 0
 298 0000 08B5     		push	{r3, lr}
 299              		.cfi_def_cfa_offset 8
 300              		.cfi_offset 3, -8
 301              		.cfi_offset 14, -4
 362:asw/swc_clock.c **** }
 302              		.loc 1 362 0
 303 0002 0021     		movs	r1, #0
 304 0004 0420     		movs	r0, #4
 305 0006 FFF7FEFF 		bl	CLOCK__dispatchWrapper
 306              	.LVL11:
 307 000a 08BD     		pop	{r3, pc}
 308              		.cfi_endproc
 309              	.LFE141:
 310              		.size	CLOCK__dispatch_250MS_Min, .-CLOCK__dispatch_250MS_Min
 311              		.section	.text.CLOCK__dispatch_KRLP_Min,"ax",%progbits
 312              		.align	2
 313              		.thumb
 314              		.thumb_func
 315              		.type	CLOCK__dispatch_KRLP_Min, %function
 316              	CLOCK__dispatch_KRLP_Min:
 317              	.LFB142:
 366:asw/swc_clock.c ****     CLOCK__dispatchWrapper(EV_KEYRIGHTLONGPRESS, W_MINUTES);
 318              		.loc 1 366 0
 319              		.cfi_startproc
 320              		@ args = 0, pretend = 0, frame = 0
 321              		@ frame_needed = 0, uses_anonymous_args = 0
 322 0000 08B5     		push	{r3, lr}
 323              		.cfi_def_cfa_offset 8
 324              		.cfi_offset 3, -8
 325              		.cfi_offset 14, -4
 367:asw/swc_clock.c **** }
 326              		.loc 1 367 0
 327 0002 0021     		movs	r1, #0
 328 0004 0320     		movs	r0, #3
 329 0006 FFF7FEFF 		bl	CLOCK__dispatchWrapper
 330              	.LVL12:
 331 000a 08BD     		pop	{r3, pc}
 332              		.cfi_endproc
 333              	.LFE142:
ARM GAS  C:\Users\91819\AppData\Local\Temp\ccZyeurY.s 			page 15


 334              		.size	CLOCK__dispatch_KRLP_Min, .-CLOCK__dispatch_KRLP_Min
 335              		.section	.text.CLOCK__dispatch_KR_Min,"ax",%progbits
 336              		.align	2
 337              		.thumb
 338              		.thumb_func
 339              		.type	CLOCK__dispatch_KR_Min, %function
 340              	CLOCK__dispatch_KR_Min:
 341              	.LFB144:
 376:asw/swc_clock.c ****     CLOCK__dispatchWrapper(EV_KEYRIGHT, W_MINUTES);     
 342              		.loc 1 376 0
 343              		.cfi_startproc
 344              		@ args = 0, pretend = 0, frame = 0
 345              		@ frame_needed = 0, uses_anonymous_args = 0
 346 0000 08B5     		push	{r3, lr}
 347              		.cfi_def_cfa_offset 8
 348              		.cfi_offset 3, -8
 349              		.cfi_offset 14, -4
 377:asw/swc_clock.c **** }
 350              		.loc 1 377 0
 351 0002 0021     		movs	r1, #0
 352 0004 0220     		movs	r0, #2
 353 0006 FFF7FEFF 		bl	CLOCK__dispatchWrapper
 354              	.LVL13:
 355 000a 08BD     		pop	{r3, pc}
 356              		.cfi_endproc
 357              	.LFE144:
 358              		.size	CLOCK__dispatch_KR_Min, .-CLOCK__dispatch_KR_Min
 359              		.section	.text.CLOCK__dispatch_KL_Min,"ax",%progbits
 360              		.align	2
 361              		.thumb
 362              		.thumb_func
 363              		.type	CLOCK__dispatch_KL_Min, %function
 364              	CLOCK__dispatch_KL_Min:
 365              	.LFB143:
 371:asw/swc_clock.c ****     CLOCK__dispatchWrapper(EV_KEYLEFT, W_MINUTES);    
 366              		.loc 1 371 0
 367              		.cfi_startproc
 368              		@ args = 0, pretend = 0, frame = 0
 369              		@ frame_needed = 0, uses_anonymous_args = 0
 370 0000 08B5     		push	{r3, lr}
 371              		.cfi_def_cfa_offset 8
 372              		.cfi_offset 3, -8
 373              		.cfi_offset 14, -4
 372:asw/swc_clock.c **** }
 374              		.loc 1 372 0
 375 0002 0021     		movs	r1, #0
 376 0004 0120     		movs	r0, #1
 377 0006 FFF7FEFF 		bl	CLOCK__dispatchWrapper
 378              	.LVL14:
 379 000a 08BD     		pop	{r3, pc}
 380              		.cfi_endproc
 381              	.LFE143:
 382              		.size	CLOCK__dispatch_KL_Min, .-CLOCK__dispatch_KL_Min
 383              		.section	.text.CLOCK_incrementWidget,"ax",%progbits
 384              		.align	2
 385              		.thumb
 386              		.thumb_func
ARM GAS  C:\Users\91819\AppData\Local\Temp\ccZyeurY.s 			page 16


 387              		.type	CLOCK_incrementWidget, %function
 388              	CLOCK_incrementWidget:
 389              	.LFB145:
 383:asw/swc_clock.c ****     
 390              		.loc 1 383 0
 391              		.cfi_startproc
 392              		@ args = 0, pretend = 0, frame = 32
 393              		@ frame_needed = 0, uses_anonymous_args = 0
 394 0000 30B5     		push	{r4, r5, lr}
 395              		.cfi_def_cfa_offset 12
 396              		.cfi_offset 4, -12
 397              		.cfi_offset 5, -8
 398              		.cfi_offset 14, -4
 399 0002 89B0     		sub	sp, sp, #36
 400              		.cfi_def_cfa_offset 48
 401              	.LVL15:
 402              	.LBB29:
 403              	.LBB30:
 404              		.file 2 ".\\rte/sc_clock.h"
   1:.\rte/sc_clock.h **** 
   2:.\rte/sc_clock.h **** 
   3:.\rte/sc_clock.h **** /**
   4:.\rte/sc_clock.h **** *  file    SC_CLOCK_signal.h
   5:.\rte/sc_clock.h **** *
   6:.\rte/sc_clock.h **** *  brief   signal base class for signal sc_clock
   7:.\rte/sc_clock.h **** *
   8:.\rte/sc_clock.h **** *  author  Autogenerated, Peter Fromm       <peter.fromm@h-da.de>
   9:.\rte/sc_clock.h **** *
  10:.\rte/sc_clock.h **** *
  11:.\rte/sc_clock.h **** */
  12:.\rte/sc_clock.h **** 
  13:.\rte/sc_clock.h **** /*
  14:.\rte/sc_clock.h **** * description: Signalclass
  15:.\rte/sc_clock.h **** * name: sc_clock
  16:.\rte/sc_clock.h **** * shortname: clock
  17:.\rte/sc_clock.h **** */
  18:.\rte/sc_clock.h **** 
  19:.\rte/sc_clock.h **** #ifndef SC_CLOCK_SIGNAL_H_INCLUDED
  20:.\rte/sc_clock.h **** #define SC_CLOCK_SIGNAL_H_INCLUDED
  21:.\rte/sc_clock.h **** 
  22:.\rte/sc_clock.h **** /*================================================[ public includes  ]=============================
  23:.\rte/sc_clock.h **** #include "global.h"
  24:.\rte/sc_clock.h **** #include "project.h"
  25:.\rte/sc_clock.h **** #include "rte.h"
  26:.\rte/sc_clock.h **** #include "rte_types.h"
  27:.\rte/sc_clock.h **** 
  28:.\rte/sc_clock.h **** #include "sc_clock_type.h"
  29:.\rte/sc_clock.h **** 
  30:.\rte/sc_clock.h **** 
  31:.\rte/sc_clock.h **** /**************************************************************************************************
  32:.\rte/sc_clock.h **** /* The driver API block																						*/
  33:.\rte/sc_clock.h **** /**************************************************************************************************
  34:.\rte/sc_clock.h ****                                                                                                    
  35:.\rte/sc_clock.h **** /**
  36:.\rte/sc_clock.h ****  *  Definition of function types for driver interfaces.
  37:.\rte/sc_clock.h ****  *  I-Port
  38:.\rte/sc_clock.h ****  */
ARM GAS  C:\Users\91819\AppData\Local\Temp\ccZyeurY.s 			page 17


  39:.\rte/sc_clock.h **** typedef RC_t (*SC_CLOCK_driverIn_t)(SC_CLOCK_data_t * const);
  40:.\rte/sc_clock.h **** 
  41:.\rte/sc_clock.h **** /**
  42:.\rte/sc_clock.h ****  *  Definition of function types for driver interfaces.
  43:.\rte/sc_clock.h ****  *  O-Port
  44:.\rte/sc_clock.h ****  */
  45:.\rte/sc_clock.h **** typedef RC_t (*SC_CLOCK_driverOut_t)( const SC_CLOCK_data_t * const);
  46:.\rte/sc_clock.h **** 
  47:.\rte/sc_clock.h **** 
  48:.\rte/sc_clock.h **** /**************************************************************************************************
  49:.\rte/sc_clock.h **** /* The signal configuration API block																				*/
  50:.\rte/sc_clock.h **** /**************************************************************************************************
  51:.\rte/sc_clock.h **** 
  52:.\rte/sc_clock.h **** /**
  53:.\rte/sc_clock.h ****  * Instances of the struct SC_CLOCK_cfg_t represent the signal object configuration.
  54:.\rte/sc_clock.h ****  */
  55:.\rte/sc_clock.h **** struct SC_CLOCK_cfg_s
  56:.\rte/sc_clock.h **** {
  57:.\rte/sc_clock.h ****     /**
  58:.\rte/sc_clock.h ****      * Function pointer to the input driver
  59:.\rte/sc_clock.h ****      */
  60:.\rte/sc_clock.h ****     SC_CLOCK_driverIn_t const inDriver;
  61:.\rte/sc_clock.h **** 
  62:.\rte/sc_clock.h ****     /**
  63:.\rte/sc_clock.h ****      * Function pointer to the output driver table
  64:.\rte/sc_clock.h ****      */
  65:.\rte/sc_clock.h ****    SC_CLOCK_driverOut_t const outDriver;
  66:.\rte/sc_clock.h ****    
  67:.\rte/sc_clock.h ****     /**
  68:.\rte/sc_clock.h ****      * Event onUpdate
  69:.\rte/sc_clock.h ****      */
  70:.\rte/sc_clock.h ****     EventMaskType const evOnUpdate;
  71:.\rte/sc_clock.h ****     
  72:.\rte/sc_clock.h ****     
  73:.\rte/sc_clock.h ****     /**
  74:.\rte/sc_clock.h ****      * Event onError
  75:.\rte/sc_clock.h ****      */
  76:.\rte/sc_clock.h ****     EventMaskType const evOnError;
  77:.\rte/sc_clock.h ****     
  78:.\rte/sc_clock.h ****     /**
  79:.\rte/sc_clock.h ****      * Task Count onUpdate
  80:.\rte/sc_clock.h ****      */
  81:.\rte/sc_clock.h ****     size_t const onUpdateTaskCount;
  82:.\rte/sc_clock.h **** 
  83:.\rte/sc_clock.h ****     /**
  84:.\rte/sc_clock.h ****      * Task List onUpdate
  85:.\rte/sc_clock.h ****      */
  86:.\rte/sc_clock.h ****     TaskTypeArray* const onUpdateTasks;
  87:.\rte/sc_clock.h ****     
  88:.\rte/sc_clock.h ****     /**
  89:.\rte/sc_clock.h ****      * Task Count onError
  90:.\rte/sc_clock.h ****      */
  91:.\rte/sc_clock.h ****     size_t const onErrorTaskCount;
  92:.\rte/sc_clock.h **** 
  93:.\rte/sc_clock.h ****     /**
  94:.\rte/sc_clock.h ****      * Task List onError
  95:.\rte/sc_clock.h ****      */
ARM GAS  C:\Users\91819\AppData\Local\Temp\ccZyeurY.s 			page 18


  96:.\rte/sc_clock.h ****     TaskTypeArray* const onErrorTasks;
  97:.\rte/sc_clock.h **** 	
  98:.\rte/sc_clock.h **** 	
  99:.\rte/sc_clock.h **** 	/**
 100:.\rte/sc_clock.h **** 	 * Ressourse is active? We need an additional boolean as a ressource value 0 is valid.
 101:.\rte/sc_clock.h **** 	 */
 102:.\rte/sc_clock.h **** 	 boolean_t const resourceActive;
 103:.\rte/sc_clock.h **** 	 
 104:.\rte/sc_clock.h **** 	/**
 105:.\rte/sc_clock.h **** 	 * Ressourse 
 106:.\rte/sc_clock.h **** 	 */
 107:.\rte/sc_clock.h **** 	 ResourceType const resource;
 108:.\rte/sc_clock.h **** 
 109:.\rte/sc_clock.h **** };                                                                                                 
 110:.\rte/sc_clock.h **** typedef const struct SC_CLOCK_cfg_s SC_CLOCK_cfg_t;
 111:.\rte/sc_clock.h ****                               
 112:.\rte/sc_clock.h **** /**************************************************************************************************
 113:.\rte/sc_clock.h **** /* The data interface block																							*/
 114:.\rte/sc_clock.h **** /**************************************************************************************************
 115:.\rte/sc_clock.h **** 
 116:.\rte/sc_clock.h ****                                                                                                    
 117:.\rte/sc_clock.h **** 							  
 118:.\rte/sc_clock.h **** /**
 119:.\rte/sc_clock.h ****  * Instances of the struct SC_CLOCK_t represent the signal objects.
 120:.\rte/sc_clock.h ****  * A signal object contains the current application value 'value' as well as relevant meta data.
 121:.\rte/sc_clock.h ****  */
 122:.\rte/sc_clock.h **** struct SC_CLOCK_s
 123:.\rte/sc_clock.h **** {                                                                                                  
 124:.\rte/sc_clock.h **** 
 125:.\rte/sc_clock.h **** 	/**
 126:.\rte/sc_clock.h **** 	 * Data buffer for the application value
 127:.\rte/sc_clock.h **** 	 */
 128:.\rte/sc_clock.h ****     SC_CLOCK_data_t value;
 129:.\rte/sc_clock.h **** 
 130:.\rte/sc_clock.h ****     /**
 131:.\rte/sc_clock.h ****      * Current signal status
 132:.\rte/sc_clock.h ****      */
 133:.\rte/sc_clock.h ****     RTE_signalStatus_t status;
 134:.\rte/sc_clock.h **** 
 135:.\rte/sc_clock.h ****     /**
 136:.\rte/sc_clock.h ****      * Current age of the signal (in calling cycles)
 137:.\rte/sc_clock.h ****      */
 138:.\rte/sc_clock.h ****     uint32_t age;
 139:.\rte/sc_clock.h **** 
 140:.\rte/sc_clock.h ****     /**
 141:.\rte/sc_clock.h ****      * Pointer to the signal configuration
 142:.\rte/sc_clock.h ****      */
 143:.\rte/sc_clock.h **** 	const SC_CLOCK_cfg_t * const    pSigCfg;
 144:.\rte/sc_clock.h **** 
 145:.\rte/sc_clock.h **** };                                                                                                 
 146:.\rte/sc_clock.h **** typedef struct SC_CLOCK_s SC_CLOCK_t;
 147:.\rte/sc_clock.h **** 
 148:.\rte/sc_clock.h **** /**************************************************************************************************
 149:.\rte/sc_clock.h **** /* Signal initialisation   																							*/
 150:.\rte/sc_clock.h **** /**************************************************************************************************
 151:.\rte/sc_clock.h **** 
 152:.\rte/sc_clock.h **** /**
ARM GAS  C:\Users\91819\AppData\Local\Temp\ccZyeurY.s 			page 19


 153:.\rte/sc_clock.h ****  * Initializes a signal instance with a passed init value.
 154:.\rte/sc_clock.h ****  * Depending on the configured conversion or scaling function the raw_value will be calculated.
 155:.\rte/sc_clock.h ****  * Signal status will change from RTE_SIGNALSTATUS_STARTUP to RTE_SIGNALSTATUS_INITIALIZED.
 156:.\rte/sc_clock.h ****  *
 157:.\rte/sc_clock.h ****  * @param  SC_CLOCK_t * const signal: Pointer to the signal object which will be initialised
 158:.\rte/sc_clock.h ****  * @param const sc_clock_data_t * const value: Pointer to initial value of the application data
 159:.\rte/sc_clock.h ****  * @return RC_t: standard return code, currently only RC_SUCCESS
 160:.\rte/sc_clock.h ****  *
 161:.\rte/sc_clock.h ****  **/
 162:.\rte/sc_clock.h **** inline RC_t RTE_SC_CLOCK_init( SC_CLOCK_t * const signal, const SC_CLOCK_data_t * const value )
 163:.\rte/sc_clock.h **** {                                                                                                  
 164:.\rte/sc_clock.h **** 
 165:.\rte/sc_clock.h ****    RC_t ret = RC_SUCCESS;
 166:.\rte/sc_clock.h **** 
 167:.\rte/sc_clock.h ****    //Set value and raw value
 168:.\rte/sc_clock.h ****    signal->value  = *value;
 169:.\rte/sc_clock.h ****    signal->age    = 0;
 170:.\rte/sc_clock.h ****    signal->status = RTE_SIGNALSTATUS_INITIALIZED;
 171:.\rte/sc_clock.h **** 
 172:.\rte/sc_clock.h ****    return ret;
 173:.\rte/sc_clock.h **** }
 174:.\rte/sc_clock.h **** 
 175:.\rte/sc_clock.h **** /**************************************************************************************************
 176:.\rte/sc_clock.h **** /* Status and timeout control																						*/
 177:.\rte/sc_clock.h **** /**************************************************************************************************
 178:.\rte/sc_clock.h **** 
 179:.\rte/sc_clock.h **** /**
 180:.\rte/sc_clock.h ****  *  Returns the current signal status of the passed signal instance.
 181:.\rte/sc_clock.h ****  *
 182:.\rte/sc_clock.h ****  * @param  SC_CLOCK_t * const signal: Pointer to the signal object
 183:.\rte/sc_clock.h ****  * @return  sig_status_t: The current signal status
 184:.\rte/sc_clock.h ****  *
 185:.\rte/sc_clock.h ****  **/
 186:.\rte/sc_clock.h **** inline RTE_signalStatus_t RTE_SC_CLOCK_getStatus( const SC_CLOCK_t * const signal )
 187:.\rte/sc_clock.h **** {
 188:.\rte/sc_clock.h ****    return signal->status;
 189:.\rte/sc_clock.h **** }
 190:.\rte/sc_clock.h **** 
 191:.\rte/sc_clock.h **** 
 192:.\rte/sc_clock.h **** /**
 193:.\rte/sc_clock.h ****  *  Sets a new signal status of the passed signal instance by passing the new status.
 194:.\rte/sc_clock.h ****  *
 195:.\rte/sc_clock.h ****  * @param  SC_CLOCK_t * const signal: Pointer to the signal object
 196:.\rte/sc_clock.h ****  * @param  const sig_status_t status: New signal status
 197:.\rte/sc_clock.h ****  * @return RC_t: standard return code, currently only RC_SUCCESS
 198:.\rte/sc_clock.h ****  *
 199:.\rte/sc_clock.h ****  */
 200:.\rte/sc_clock.h **** inline RC_t RTE_SC_CLOCK_setStatus( SC_CLOCK_t * const signal, const RTE_signalStatus_t status )
 201:.\rte/sc_clock.h **** {
 202:.\rte/sc_clock.h ****    signal->status = status;
 203:.\rte/sc_clock.h ****    size_t taskNum=0;
 204:.\rte/sc_clock.h ****    
 205:.\rte/sc_clock.h ****    //Fire error events in case of invalid state
 206:.\rte/sc_clock.h ****    if (signal->status == RTE_SIGNALSTATUS_INVALID)
 207:.\rte/sc_clock.h ****    {
 208:.\rte/sc_clock.h **** 	    //Pointer to the Taskarray, containing the tasks receiving the onUpdate events
 209:.\rte/sc_clock.h **** 		TaskTypeArray* pTaskArray = signal->pSigCfg->onErrorTasks;
ARM GAS  C:\Users\91819\AppData\Local\Temp\ccZyeurY.s 			page 20


 210:.\rte/sc_clock.h **** 
 211:.\rte/sc_clock.h **** 		if (NULL!=signal->pSigCfg->evOnError && NULL != pTaskArray){
 212:.\rte/sc_clock.h **** 			for( taskNum=0 ; taskNum < signal->pSigCfg->onErrorTaskCount ;taskNum++){
 213:.\rte/sc_clock.h **** 				TaskType task = (*pTaskArray)[taskNum];
 214:.\rte/sc_clock.h **** 				SetEvent( task, signal->pSigCfg->evOnError);
 215:.\rte/sc_clock.h **** 			}
 216:.\rte/sc_clock.h **** 		}
 217:.\rte/sc_clock.h ****    }
 218:.\rte/sc_clock.h ****    
 219:.\rte/sc_clock.h ****    return RC_SUCCESS;
 220:.\rte/sc_clock.h **** }
 221:.\rte/sc_clock.h **** 
 222:.\rte/sc_clock.h **** 
 223:.\rte/sc_clock.h **** /**
 224:.\rte/sc_clock.h ****  * Returns the count of refreshing trials (refresh, set or set_raw) that failed.
 225:.\rte/sc_clock.h ****  * Prerquisite: The signal is refreshed cyclically
 226:.\rte/sc_clock.h ****  *
 227:.\rte/sc_clock.h ****  * @param  SC_CLOCK_t * const signal: Pointer to the signal object
 228:.\rte/sc_clock.h ****  * @return uint32_t: Number of cycles since the signal has been updated for the last time
 229:.\rte/sc_clock.h ****  */
 230:.\rte/sc_clock.h **** inline uint32_t RTE_SC_CLOCK_getAge( const SC_CLOCK_t * const signal )
 231:.\rte/sc_clock.h **** {
 232:.\rte/sc_clock.h ****    return signal->age;
 233:.\rte/sc_clock.h **** }
 234:.\rte/sc_clock.h **** 
 235:.\rte/sc_clock.h **** /**
 236:.\rte/sc_clock.h ****  * Should be called by application or driver if no new value can be provided.
 237:.\rte/sc_clock.h ****  * @param  SC_CLOCK_t * const signal: Pointer to the signal object
 238:.\rte/sc_clock.h ****  * @param uint32_t increment: incrementvalue, typically in [ms]
 239:.\rte/sc_clock.h ****  * @return void
 240:.\rte/sc_clock.h ****  */
 241:.\rte/sc_clock.h **** inline void RTE_SC_CLOCK_incAge(  SC_CLOCK_t * const signal , uint32_t increment)
 242:.\rte/sc_clock.h **** {
 243:.\rte/sc_clock.h **** 	   //Hack....
 244:.\rte/sc_clock.h **** 	   if ( 0xFFFF0000 > (signal->age + increment) )
 245:.\rte/sc_clock.h **** 	   {
 246:.\rte/sc_clock.h **** 	      signal->age += increment;
 247:.\rte/sc_clock.h **** 	   }
 248:.\rte/sc_clock.h **** }
 249:.\rte/sc_clock.h **** 
 250:.\rte/sc_clock.h **** 
 251:.\rte/sc_clock.h **** /**************************************************************************************************
 252:.\rte/sc_clock.h **** /* Application Data read/write Interface																			*/
 253:.\rte/sc_clock.h **** /**************************************************************************************************
 254:.\rte/sc_clock.h **** 
 255:.\rte/sc_clock.h **** /**
 256:.\rte/sc_clock.h ****  * Returns the current application value of the passed signal instance.
 257:.\rte/sc_clock.h ****  *
 258:.\rte/sc_clock.h ****  * @param  SC_CLOCK_t * const signal: Pointer to the signal object
 259:.\rte/sc_clock.h ****  * @return sc_clock_data_t: current value of the application data buffer
 260:.\rte/sc_clock.h ****  *
 261:.\rte/sc_clock.h ****  **/
 262:.\rte/sc_clock.h **** inline SC_CLOCK_data_t RTE_SC_CLOCK_get( const SC_CLOCK_t * const signal )
 263:.\rte/sc_clock.h **** {               
 264:.\rte/sc_clock.h ****    //Todo: Critical region cannot be protected using return values																						
 265:.\rte/sc_clock.h ****    return signal->value;                                                                           
 405              		.loc 2 265 0
ARM GAS  C:\Users\91819\AppData\Local\Temp\ccZyeurY.s 			page 21


 406 0004 3C4B     		ldr	r3, .L50
 407 0006 0FCB     		ldmia	r3, {r0, r1, r2, r3}
 408 0008 08AC     		add	r4, sp, #32
 409 000a 04E90F00 		stmdb	r4, {r0, r1, r2, r3}
 410              	.LVL16:
 411              	.LBE30:
 412              	.LBE29:
 386:asw/swc_clock.c ****     {
 413              		.loc 1 386 0
 414 000e 9DF81E30 		ldrb	r3, [sp, #30]	@ zero_extendqisi2
 415 0012 012B     		cmp	r3, #1
 416 0014 12D1     		bne	.L34
 388:asw/swc_clock.c ****             m_hours ++;
 417              		.loc 1 388 0
 418 0016 394B     		ldr	r3, .L50+4
 419 0018 1B78     		ldrb	r3, [r3]	@ zero_extendqisi2
 420 001a DBB2     		uxtb	r3, r3
 421 001c 162B     		cmp	r3, #22
 422 001e 05D8     		bhi	.L35
 389:asw/swc_clock.c ****         else 
 423              		.loc 1 389 0
 424 0020 364A     		ldr	r2, .L50+4
 425 0022 1378     		ldrb	r3, [r2]	@ zero_extendqisi2
 426 0024 0133     		adds	r3, r3, #1
 427 0026 DBB2     		uxtb	r3, r3
 428 0028 1370     		strb	r3, [r2]
 429 002a 02E0     		b	.L36
 430              	.L35:
 391:asw/swc_clock.c ****         clockSignal.clockValue.hours = m_hours;
 431              		.loc 1 391 0
 432 002c 0022     		movs	r2, #0
 433 002e 334B     		ldr	r3, .L50+4
 434 0030 1A70     		strb	r2, [r3]
 435              	.L36:
 392:asw/swc_clock.c ****         
 436              		.loc 1 392 0
 437 0032 324B     		ldr	r3, .L50+4
 438 0034 1B78     		ldrb	r3, [r3]	@ zero_extendqisi2
 439 0036 8DF81530 		strb	r3, [sp, #21]
 440 003a 27E0     		b	.L37
 441              	.L34:
 395:asw/swc_clock.c ****     {
 442              		.loc 1 395 0
 443 003c 33BB     		cbnz	r3, .L37
 397:asw/swc_clock.c ****             m_mins ++;
 444              		.loc 1 397 0
 445 003e 2F4B     		ldr	r3, .L50+4
 446 0040 5B78     		ldrb	r3, [r3, #1]	@ zero_extendqisi2
 447 0042 DBB2     		uxtb	r3, r3
 448 0044 3A2B     		cmp	r3, #58
 449 0046 05D8     		bhi	.L38
 398:asw/swc_clock.c ****         else 
 450              		.loc 1 398 0
 451 0048 2C4A     		ldr	r2, .L50+4
 452 004a 5378     		ldrb	r3, [r2, #1]	@ zero_extendqisi2
 453 004c 0133     		adds	r3, r3, #1
 454 004e DBB2     		uxtb	r3, r3
ARM GAS  C:\Users\91819\AppData\Local\Temp\ccZyeurY.s 			page 22


 455 0050 5370     		strb	r3, [r2, #1]
 456 0052 17E0     		b	.L39
 457              	.L38:
 401:asw/swc_clock.c ****             {
 458              		.loc 1 401 0
 459 0054 049B     		ldr	r3, [sp, #16]
 460 0056 DB89     		ldrh	r3, [r3, #14]
 461 0058 8BB9     		cbnz	r3, .L40
 403:asw/swc_clock.c ****                     m_hours++;
 462              		.loc 1 403 0
 463 005a 284B     		ldr	r3, .L50+4
 464 005c 1B78     		ldrb	r3, [r3]	@ zero_extendqisi2
 465 005e DBB2     		uxtb	r3, r3
 466 0060 162B     		cmp	r3, #22
 467 0062 05D8     		bhi	.L41
 404:asw/swc_clock.c ****                 else 
 468              		.loc 1 404 0
 469 0064 254A     		ldr	r2, .L50+4
 470 0066 1378     		ldrb	r3, [r2]	@ zero_extendqisi2
 471 0068 0133     		adds	r3, r3, #1
 472 006a DBB2     		uxtb	r3, r3
 473 006c 1370     		strb	r3, [r2]
 474 006e 02E0     		b	.L42
 475              	.L41:
 406:asw/swc_clock.c ****                 clockSignal.clockValue.hours = m_hours;  
 476              		.loc 1 406 0
 477 0070 0022     		movs	r2, #0
 478 0072 224B     		ldr	r3, .L50+4
 479 0074 1A70     		strb	r2, [r3]
 480              	.L42:
 407:asw/swc_clock.c ****             }
 481              		.loc 1 407 0
 482 0076 214B     		ldr	r3, .L50+4
 483 0078 1B78     		ldrb	r3, [r3]	@ zero_extendqisi2
 484 007a 8DF81530 		strb	r3, [sp, #21]
 485              	.L40:
 409:asw/swc_clock.c ****         }
 486              		.loc 1 409 0
 487 007e 0022     		movs	r2, #0
 488 0080 1E4B     		ldr	r3, .L50+4
 489 0082 5A70     		strb	r2, [r3, #1]
 490              	.L39:
 411:asw/swc_clock.c ****     }
 491              		.loc 1 411 0
 492 0084 1D4B     		ldr	r3, .L50+4
 493 0086 5B78     		ldrb	r3, [r3, #1]	@ zero_extendqisi2
 494 0088 8DF81430 		strb	r3, [sp, #20]
 495              	.L37:
 496              	.LVL17:
 497 008c 08AB     		add	r3, sp, #32
 498 008e 13E90F00 		ldmdb	r3, {r0, r1, r2, r3}
 499 0092 8DE80F00 		stmia	sp, {r0, r1, r2, r3}
 500              	.LVL18:
 501              	.LBB31:
 502              	.LBB32:
 266:.\rte/sc_clock.h **** }                                                                                                  
 267:.\rte/sc_clock.h ****                                                                                                    
ARM GAS  C:\Users\91819\AppData\Local\Temp\ccZyeurY.s 			page 23


 268:.\rte/sc_clock.h **** /**
 269:.\rte/sc_clock.h ****  * Returns the current application value of the passed signal instance threadsafe.
 270:.\rte/sc_clock.h ****  *
 271:.\rte/sc_clock.h ****  * @param  SC_CLOCK_t * const signal: Pointer to the signal object
 272:.\rte/sc_clock.h ****  * @param  SC_CLOCK_data_t* data: Pointer to the return data Pointer to the signal object
 273:.\rte/sc_clock.h ****  * @return RC_SUCCESS
 274:.\rte/sc_clock.h ****  *
 275:.\rte/sc_clock.h ****  **/
 276:.\rte/sc_clock.h **** inline RC_t RTE_SC_CLOCK_getThreadSafe( const SC_CLOCK_t * const signal, SC_CLOCK_data_t * const da
 277:.\rte/sc_clock.h **** {    
 278:.\rte/sc_clock.h ****    if (TRUE == signal->pSigCfg->resourceActive) GetResource(signal->pSigCfg->resource);
 279:.\rte/sc_clock.h ****    *data = signal->value;
 280:.\rte/sc_clock.h ****    if (TRUE == signal->pSigCfg->resourceActive) ReleaseResource(signal->pSigCfg->resource);        
 281:.\rte/sc_clock.h **** 
 282:.\rte/sc_clock.h ****    return RC_SUCCESS;                                                                   
 283:.\rte/sc_clock.h ****    
 284:.\rte/sc_clock.h **** }                                                                                                  
 285:.\rte/sc_clock.h ****                                                                                                    
 286:.\rte/sc_clock.h **** /**
 287:.\rte/sc_clock.h ****  * Sets a new application value to the passed signal instance by passing the new value.
 288:.\rte/sc_clock.h ****  * The corresponding driver raw value will be calculated immediately by using the default conversio
 289:.\rte/sc_clock.h ****  * signal specific scaling function.
 290:.\rte/sc_clock.h ****  * The signal age will be set to 0 and the new status will be 'RTE_SIGNALSTATUS_VALID'.
 291:.\rte/sc_clock.h ****  *
 292:.\rte/sc_clock.h ****  * @param  SC_CLOCK_t * const signal: Pointer to the signal object
 293:.\rte/sc_clock.h ****  * @param  sc_clock_data_t const value: value for the application data buffer
 294:.\rte/sc_clock.h ****  * @return RC_t: standard return code, currently only RC_SUCCESS
 295:.\rte/sc_clock.h ****  *
 296:.\rte/sc_clock.h ****  **/
 297:.\rte/sc_clock.h **** inline RC_t RTE_SC_CLOCK_set(SC_CLOCK_t * const signal, const SC_CLOCK_data_t value  )
 298:.\rte/sc_clock.h **** {
 299:.\rte/sc_clock.h **** 
 300:.\rte/sc_clock.h ****    RC_t ret = RC_SUCCESS;
 301:.\rte/sc_clock.h ****    size_t taskNum=0;
 302:.\rte/sc_clock.h **** 
 303:.\rte/sc_clock.h **** 
 304:.\rte/sc_clock.h ****    if (TRUE == signal->pSigCfg->resourceActive) GetResource(signal->pSigCfg->resource);
 503              		.loc 2 304 0
 504 0096 184B     		ldr	r3, .L50
 505 0098 9B69     		ldr	r3, [r3, #24]
 506 009a 93F82020 		ldrb	r2, [r3, #32]	@ zero_extendqisi2
 507 009e 012A     		cmp	r2, #1
 508 00a0 02D1     		bne	.L43
 509 00a2 586A     		ldr	r0, [r3, #36]
 510 00a4 FFF7FEFF 		bl	EE_oo_GetResource
 511              	.LVL19:
 512              	.L43:
 305:.\rte/sc_clock.h ****    signal->value  = value;
 513              		.loc 2 305 0
 514 00a8 134C     		ldr	r4, .L50
 515 00aa 9DE80F00 		ldmia	sp, {r0, r1, r2, r3}
 516 00ae 84E80F00 		stmia	r4, {r0, r1, r2, r3}
 306:.\rte/sc_clock.h ****    signal->age    = 0;
 517              		.loc 2 306 0
 518 00b2 0023     		movs	r3, #0
 519 00b4 6361     		str	r3, [r4, #20]
 307:.\rte/sc_clock.h ****    signal->status = RTE_SIGNALSTATUS_VALID;
ARM GAS  C:\Users\91819\AppData\Local\Temp\ccZyeurY.s 			page 24


 520              		.loc 2 307 0
 521 00b6 0223     		movs	r3, #2
 522 00b8 2374     		strb	r3, [r4, #16]
 308:.\rte/sc_clock.h ****    if (TRUE == signal->pSigCfg->resourceActive) ReleaseResource(signal->pSigCfg->resource);
 523              		.loc 2 308 0
 524 00ba A369     		ldr	r3, [r4, #24]
 525 00bc 93F82020 		ldrb	r2, [r3, #32]	@ zero_extendqisi2
 526 00c0 012A     		cmp	r2, #1
 527 00c2 02D1     		bne	.L44
 528 00c4 586A     		ldr	r0, [r3, #36]
 529 00c6 FFF7FEFF 		bl	EE_oo_ReleaseResource
 530              	.LVL20:
 531              	.L44:
 309:.\rte/sc_clock.h **** 
 310:.\rte/sc_clock.h ****    //Pointer to the Taskarray, containing the tasks receiving the onUpdate events
 311:.\rte/sc_clock.h ****    TaskTypeArray* pTaskArray = signal->pSigCfg->onUpdateTasks;
 532              		.loc 2 311 0
 533 00ca 0B4B     		ldr	r3, .L50
 534 00cc 9B69     		ldr	r3, [r3, #24]
 535 00ce 5D69     		ldr	r5, [r3, #20]
 536              	.LVL21:
 312:.\rte/sc_clock.h **** 
 313:.\rte/sc_clock.h ****    if (NULL!=signal->pSigCfg->evOnUpdate && NULL != pTaskArray){
 537              		.loc 2 313 0
 538 00d0 9B68     		ldr	r3, [r3, #8]
 539 00d2 73B1     		cbz	r3, .L33
 540 00d4 3DB9     		cbnz	r5, .L48
 541 00d6 0CE0     		b	.L33
 542              	.LVL22:
 543              	.L47:
 544              	.LBB33:
 314:.\rte/sc_clock.h ****       for( taskNum=0 ; taskNum < signal->pSigCfg->onUpdateTaskCount ;taskNum++){
 315:.\rte/sc_clock.h **** 		  
 316:.\rte/sc_clock.h ****           TaskType task = (*pTaskArray)[taskNum];
 317:.\rte/sc_clock.h **** 	      SetEvent( task, signal->pSigCfg->evOnUpdate);
 545              		.loc 2 317 0
 546 00d8 9968     		ldr	r1, [r3, #8]
 547 00da 55F82400 		ldr	r0, [r5, r4, lsl #2]
 548 00de FFF7FEFF 		bl	EE_oo_SetEvent
 549              	.LVL23:
 550              	.LBE33:
 314:.\rte/sc_clock.h ****       for( taskNum=0 ; taskNum < signal->pSigCfg->onUpdateTaskCount ;taskNum++){
 551              		.loc 2 314 0
 552 00e2 0134     		adds	r4, r4, #1
 553              	.LVL24:
 554 00e4 00E0     		b	.L46
 555              	.LVL25:
 556              	.L48:
 313:.\rte/sc_clock.h ****       for( taskNum=0 ; taskNum < signal->pSigCfg->onUpdateTaskCount ;taskNum++){
 557              		.loc 2 313 0
 558 00e6 0024     		movs	r4, #0
 559              	.LVL26:
 560              	.L46:
 314:.\rte/sc_clock.h ****       for( taskNum=0 ; taskNum < signal->pSigCfg->onUpdateTaskCount ;taskNum++){
 561              		.loc 2 314 0
 562 00e8 034B     		ldr	r3, .L50
 563 00ea 9B69     		ldr	r3, [r3, #24]
ARM GAS  C:\Users\91819\AppData\Local\Temp\ccZyeurY.s 			page 25


 564 00ec 1A69     		ldr	r2, [r3, #16]
 565 00ee 9442     		cmp	r4, r2
 566 00f0 F2D3     		bcc	.L47
 567              	.LVL27:
 568              	.L33:
 569              	.LBE32:
 570              	.LBE31:
 414:asw/swc_clock.c **** 
 571              		.loc 1 414 0
 572 00f2 09B0     		add	sp, sp, #36
 573              		.cfi_def_cfa_offset 12
 574              		@ sp needed
 575 00f4 30BD     		pop	{r4, r5, pc}
 576              	.LVL28:
 577              	.L51:
 578 00f6 00BF     		.align	2
 579              	.L50:
 580 00f8 00000000 		.word	SO_CLOCK_signal
 581 00fc 00000000 		.word	.LANCHOR1
 582              		.cfi_endproc
 583              	.LFE145:
 584              		.size	CLOCK_incrementWidget, .-CLOCK_incrementWidget
 585              		.section	.text.CLOCK_input_run,"ax",%progbits
 586              		.align	2
 587              		.global	CLOCK_input_run
 588              		.thumb
 589              		.thumb_func
 590              		.type	CLOCK_input_run, %function
 591              	CLOCK_input_run:
 592              	.LFB132:
 239:asw/swc_clock.c **** 	
 593              		.loc 1 239 0
 594              		.cfi_startproc
 595              		@ args = 0, pretend = 0, frame = 0
 596              		@ frame_needed = 0, uses_anonymous_args = 0
 597              	.LVL29:
 598 0000 38B5     		push	{r3, r4, r5, lr}
 599              		.cfi_def_cfa_offset 16
 600              		.cfi_offset 3, -16
 601              		.cfi_offset 4, -12
 602              		.cfi_offset 5, -8
 603              		.cfi_offset 14, -4
 245:asw/swc_clock.c ****     {
 604              		.loc 1 245 0
 605 0002 FFF7FEFF 		bl	BUTTON_2_Read
 606              	.LVL30:
 607 0006 0128     		cmp	r0, #1
 608 0008 03D1     		bne	.L53
 248:asw/swc_clock.c ****     }
 609              		.loc 1 248 0
 610 000a 1F4A     		ldr	r2, .L62
 611 000c 9378     		ldrb	r3, [r2, #2]	@ zero_extendqisi2
 612 000e 0133     		adds	r3, r3, #1
 613 0010 9370     		strb	r3, [r2, #2]
 614              	.L53:
 250:asw/swc_clock.c ****     { 
 615              		.loc 1 250 0
ARM GAS  C:\Users\91819\AppData\Local\Temp\ccZyeurY.s 			page 26


 616 0012 1D4B     		ldr	r3, .L62
 617 0014 9B78     		ldrb	r3, [r3, #2]	@ zero_extendqisi2
 618 0016 132B     		cmp	r3, #19
 619 0018 35D9     		bls	.L52
 252:asw/swc_clock.c ****         SetRelAlarm(alarm_250msEv,250,250);
 620              		.loc 1 252 0
 621 001a 1C4C     		ldr	r4, .L62+4
 622 001c 0320     		movs	r0, #3
 623 001e 2070     		strb	r0, [r4]
 253:asw/swc_clock.c ****         RTE_SC_EVENT_set(&SO_EVENT_signal,buttonStatus); 
 624              		.loc 1 253 0
 625 0020 FA22     		movs	r2, #250
 626 0022 1146     		mov	r1, r2
 627 0024 FFF7FEFF 		bl	EE_oo_SetRelAlarm
 628              	.LVL31:
 629 0028 2478     		ldrb	r4, [r4]	@ zero_extendqisi2
 630              	.LVL32:
 631              	.LBB34:
 632              	.LBB35:
 633              		.file 3 ".\\rte/sc_event.h"
   1:.\rte/sc_event.h **** 
   2:.\rte/sc_event.h **** 
   3:.\rte/sc_event.h **** /**
   4:.\rte/sc_event.h **** *  file    SC_EVENT_signal.h
   5:.\rte/sc_event.h **** *
   6:.\rte/sc_event.h **** *  brief   signal base class for signal sc_event
   7:.\rte/sc_event.h **** *
   8:.\rte/sc_event.h **** *  author  Autogenerated, Peter Fromm       <peter.fromm@h-da.de>
   9:.\rte/sc_event.h **** *
  10:.\rte/sc_event.h **** *
  11:.\rte/sc_event.h **** */
  12:.\rte/sc_event.h **** 
  13:.\rte/sc_event.h **** /*
  14:.\rte/sc_event.h **** * description: Signalclass
  15:.\rte/sc_event.h **** * name: sc_event
  16:.\rte/sc_event.h **** * shortname: event
  17:.\rte/sc_event.h **** */
  18:.\rte/sc_event.h **** 
  19:.\rte/sc_event.h **** #ifndef SC_EVENT_SIGNAL_H_INCLUDED
  20:.\rte/sc_event.h **** #define SC_EVENT_SIGNAL_H_INCLUDED
  21:.\rte/sc_event.h **** 
  22:.\rte/sc_event.h **** /*================================================[ public includes  ]=============================
  23:.\rte/sc_event.h **** #include "global.h"
  24:.\rte/sc_event.h **** #include "project.h"
  25:.\rte/sc_event.h **** #include "rte.h"
  26:.\rte/sc_event.h **** #include "rte_types.h"
  27:.\rte/sc_event.h **** 
  28:.\rte/sc_event.h **** #include "sc_event_type.h"
  29:.\rte/sc_event.h **** 
  30:.\rte/sc_event.h **** 
  31:.\rte/sc_event.h **** /**************************************************************************************************
  32:.\rte/sc_event.h **** /* The driver API block																						*/
  33:.\rte/sc_event.h **** /**************************************************************************************************
  34:.\rte/sc_event.h ****                                                                                                    
  35:.\rte/sc_event.h **** /**
  36:.\rte/sc_event.h ****  *  Definition of function types for driver interfaces.
  37:.\rte/sc_event.h ****  *  I-Port
ARM GAS  C:\Users\91819\AppData\Local\Temp\ccZyeurY.s 			page 27


  38:.\rte/sc_event.h ****  */
  39:.\rte/sc_event.h **** typedef RC_t (*SC_EVENT_driverIn_t)(SC_EVENT_data_t * const);
  40:.\rte/sc_event.h **** 
  41:.\rte/sc_event.h **** /**
  42:.\rte/sc_event.h ****  *  Definition of function types for driver interfaces.
  43:.\rte/sc_event.h ****  *  O-Port
  44:.\rte/sc_event.h ****  */
  45:.\rte/sc_event.h **** typedef RC_t (*SC_EVENT_driverOut_t)( const SC_EVENT_data_t * const);
  46:.\rte/sc_event.h **** 
  47:.\rte/sc_event.h **** 
  48:.\rte/sc_event.h **** /**************************************************************************************************
  49:.\rte/sc_event.h **** /* The signal configuration API block																				*/
  50:.\rte/sc_event.h **** /**************************************************************************************************
  51:.\rte/sc_event.h **** 
  52:.\rte/sc_event.h **** /**
  53:.\rte/sc_event.h ****  * Instances of the struct SC_EVENT_cfg_t represent the signal object configuration.
  54:.\rte/sc_event.h ****  */
  55:.\rte/sc_event.h **** struct SC_EVENT_cfg_s
  56:.\rte/sc_event.h **** {
  57:.\rte/sc_event.h ****     /**
  58:.\rte/sc_event.h ****      * Function pointer to the input driver
  59:.\rte/sc_event.h ****      */
  60:.\rte/sc_event.h ****     SC_EVENT_driverIn_t const inDriver;
  61:.\rte/sc_event.h **** 
  62:.\rte/sc_event.h ****     /**
  63:.\rte/sc_event.h ****      * Function pointer to the output driver table
  64:.\rte/sc_event.h ****      */
  65:.\rte/sc_event.h ****    SC_EVENT_driverOut_t const outDriver;
  66:.\rte/sc_event.h ****    
  67:.\rte/sc_event.h ****     /**
  68:.\rte/sc_event.h ****      * Event onUpdate
  69:.\rte/sc_event.h ****      */
  70:.\rte/sc_event.h ****     EventMaskType const evOnUpdate;
  71:.\rte/sc_event.h ****     
  72:.\rte/sc_event.h ****     
  73:.\rte/sc_event.h ****     /**
  74:.\rte/sc_event.h ****      * Event onError
  75:.\rte/sc_event.h ****      */
  76:.\rte/sc_event.h ****     EventMaskType const evOnError;
  77:.\rte/sc_event.h ****     
  78:.\rte/sc_event.h ****     /**
  79:.\rte/sc_event.h ****      * Task Count onUpdate
  80:.\rte/sc_event.h ****      */
  81:.\rte/sc_event.h ****     size_t const onUpdateTaskCount;
  82:.\rte/sc_event.h **** 
  83:.\rte/sc_event.h ****     /**
  84:.\rte/sc_event.h ****      * Task List onUpdate
  85:.\rte/sc_event.h ****      */
  86:.\rte/sc_event.h ****     TaskTypeArray* const onUpdateTasks;
  87:.\rte/sc_event.h ****     
  88:.\rte/sc_event.h ****     /**
  89:.\rte/sc_event.h ****      * Task Count onError
  90:.\rte/sc_event.h ****      */
  91:.\rte/sc_event.h ****     size_t const onErrorTaskCount;
  92:.\rte/sc_event.h **** 
  93:.\rte/sc_event.h ****     /**
  94:.\rte/sc_event.h ****      * Task List onError
ARM GAS  C:\Users\91819\AppData\Local\Temp\ccZyeurY.s 			page 28


  95:.\rte/sc_event.h ****      */
  96:.\rte/sc_event.h ****     TaskTypeArray* const onErrorTasks;
  97:.\rte/sc_event.h **** 	
  98:.\rte/sc_event.h **** 	
  99:.\rte/sc_event.h **** 	/**
 100:.\rte/sc_event.h **** 	 * Ressourse is active? We need an additional boolean as a ressource value 0 is valid.
 101:.\rte/sc_event.h **** 	 */
 102:.\rte/sc_event.h **** 	 boolean_t const resourceActive;
 103:.\rte/sc_event.h **** 	 
 104:.\rte/sc_event.h **** 	/**
 105:.\rte/sc_event.h **** 	 * Ressourse 
 106:.\rte/sc_event.h **** 	 */
 107:.\rte/sc_event.h **** 	 ResourceType const resource;
 108:.\rte/sc_event.h **** 
 109:.\rte/sc_event.h **** };                                                                                                 
 110:.\rte/sc_event.h **** typedef const struct SC_EVENT_cfg_s SC_EVENT_cfg_t;
 111:.\rte/sc_event.h ****                               
 112:.\rte/sc_event.h **** /**************************************************************************************************
 113:.\rte/sc_event.h **** /* The data interface block																							*/
 114:.\rte/sc_event.h **** /**************************************************************************************************
 115:.\rte/sc_event.h **** 
 116:.\rte/sc_event.h ****                                                                                                    
 117:.\rte/sc_event.h **** 							  
 118:.\rte/sc_event.h **** /**
 119:.\rte/sc_event.h ****  * Instances of the struct SC_EVENT_t represent the signal objects.
 120:.\rte/sc_event.h ****  * A signal object contains the current application value 'value' as well as relevant meta data.
 121:.\rte/sc_event.h ****  */
 122:.\rte/sc_event.h **** struct SC_EVENT_s
 123:.\rte/sc_event.h **** {                                                                                                  
 124:.\rte/sc_event.h **** 
 125:.\rte/sc_event.h **** 	/**
 126:.\rte/sc_event.h **** 	 * Data buffer for the application value
 127:.\rte/sc_event.h **** 	 */
 128:.\rte/sc_event.h ****     SC_EVENT_data_t value;
 129:.\rte/sc_event.h **** 
 130:.\rte/sc_event.h ****     /**
 131:.\rte/sc_event.h ****      * Current signal status
 132:.\rte/sc_event.h ****      */
 133:.\rte/sc_event.h ****     RTE_signalStatus_t status;
 134:.\rte/sc_event.h **** 
 135:.\rte/sc_event.h ****     /**
 136:.\rte/sc_event.h ****      * Current age of the signal (in calling cycles)
 137:.\rte/sc_event.h ****      */
 138:.\rte/sc_event.h ****     uint32_t age;
 139:.\rte/sc_event.h **** 
 140:.\rte/sc_event.h ****     /**
 141:.\rte/sc_event.h ****      * Pointer to the signal configuration
 142:.\rte/sc_event.h ****      */
 143:.\rte/sc_event.h **** 	const SC_EVENT_cfg_t * const    pSigCfg;
 144:.\rte/sc_event.h **** 
 145:.\rte/sc_event.h **** };                                                                                                 
 146:.\rte/sc_event.h **** typedef struct SC_EVENT_s SC_EVENT_t;
 147:.\rte/sc_event.h **** 
 148:.\rte/sc_event.h **** /**************************************************************************************************
 149:.\rte/sc_event.h **** /* Signal initialisation   																							*/
 150:.\rte/sc_event.h **** /**************************************************************************************************
 151:.\rte/sc_event.h **** 
ARM GAS  C:\Users\91819\AppData\Local\Temp\ccZyeurY.s 			page 29


 152:.\rte/sc_event.h **** /**
 153:.\rte/sc_event.h ****  * Initializes a signal instance with a passed init value.
 154:.\rte/sc_event.h ****  * Depending on the configured conversion or scaling function the raw_value will be calculated.
 155:.\rte/sc_event.h ****  * Signal status will change from RTE_SIGNALSTATUS_STARTUP to RTE_SIGNALSTATUS_INITIALIZED.
 156:.\rte/sc_event.h ****  *
 157:.\rte/sc_event.h ****  * @param  SC_EVENT_t * const signal: Pointer to the signal object which will be initialised
 158:.\rte/sc_event.h ****  * @param const sc_event_data_t * const value: Pointer to initial value of the application data
 159:.\rte/sc_event.h ****  * @return RC_t: standard return code, currently only RC_SUCCESS
 160:.\rte/sc_event.h ****  *
 161:.\rte/sc_event.h ****  **/
 162:.\rte/sc_event.h **** inline RC_t RTE_SC_EVENT_init( SC_EVENT_t * const signal, const SC_EVENT_data_t * const value )
 163:.\rte/sc_event.h **** {                                                                                                  
 164:.\rte/sc_event.h **** 
 165:.\rte/sc_event.h ****    RC_t ret = RC_SUCCESS;
 166:.\rte/sc_event.h **** 
 167:.\rte/sc_event.h ****    //Set value and raw value
 168:.\rte/sc_event.h ****    signal->value  = *value;
 169:.\rte/sc_event.h ****    signal->age    = 0;
 170:.\rte/sc_event.h ****    signal->status = RTE_SIGNALSTATUS_INITIALIZED;
 171:.\rte/sc_event.h **** 
 172:.\rte/sc_event.h ****    return ret;
 173:.\rte/sc_event.h **** }
 174:.\rte/sc_event.h **** 
 175:.\rte/sc_event.h **** /**************************************************************************************************
 176:.\rte/sc_event.h **** /* Status and timeout control																						*/
 177:.\rte/sc_event.h **** /**************************************************************************************************
 178:.\rte/sc_event.h **** 
 179:.\rte/sc_event.h **** /**
 180:.\rte/sc_event.h ****  *  Returns the current signal status of the passed signal instance.
 181:.\rte/sc_event.h ****  *
 182:.\rte/sc_event.h ****  * @param  SC_EVENT_t * const signal: Pointer to the signal object
 183:.\rte/sc_event.h ****  * @return  sig_status_t: The current signal status
 184:.\rte/sc_event.h ****  *
 185:.\rte/sc_event.h ****  **/
 186:.\rte/sc_event.h **** inline RTE_signalStatus_t RTE_SC_EVENT_getStatus( const SC_EVENT_t * const signal )
 187:.\rte/sc_event.h **** {
 188:.\rte/sc_event.h ****    return signal->status;
 189:.\rte/sc_event.h **** }
 190:.\rte/sc_event.h **** 
 191:.\rte/sc_event.h **** 
 192:.\rte/sc_event.h **** /**
 193:.\rte/sc_event.h ****  *  Sets a new signal status of the passed signal instance by passing the new status.
 194:.\rte/sc_event.h ****  *
 195:.\rte/sc_event.h ****  * @param  SC_EVENT_t * const signal: Pointer to the signal object
 196:.\rte/sc_event.h ****  * @param  const sig_status_t status: New signal status
 197:.\rte/sc_event.h ****  * @return RC_t: standard return code, currently only RC_SUCCESS
 198:.\rte/sc_event.h ****  *
 199:.\rte/sc_event.h ****  */
 200:.\rte/sc_event.h **** inline RC_t RTE_SC_EVENT_setStatus( SC_EVENT_t * const signal, const RTE_signalStatus_t status )
 201:.\rte/sc_event.h **** {
 202:.\rte/sc_event.h ****    signal->status = status;
 203:.\rte/sc_event.h ****    size_t taskNum=0;
 204:.\rte/sc_event.h ****    
 205:.\rte/sc_event.h ****    //Fire error events in case of invalid state
 206:.\rte/sc_event.h ****    if (signal->status == RTE_SIGNALSTATUS_INVALID)
 207:.\rte/sc_event.h ****    {
 208:.\rte/sc_event.h **** 	    //Pointer to the Taskarray, containing the tasks receiving the onUpdate events
ARM GAS  C:\Users\91819\AppData\Local\Temp\ccZyeurY.s 			page 30


 209:.\rte/sc_event.h **** 		TaskTypeArray* pTaskArray = signal->pSigCfg->onErrorTasks;
 210:.\rte/sc_event.h **** 
 211:.\rte/sc_event.h **** 		if (NULL!=signal->pSigCfg->evOnError && NULL != pTaskArray){
 212:.\rte/sc_event.h **** 			for( taskNum=0 ; taskNum < signal->pSigCfg->onErrorTaskCount ;taskNum++){
 213:.\rte/sc_event.h **** 				TaskType task = (*pTaskArray)[taskNum];
 214:.\rte/sc_event.h **** 				SetEvent( task, signal->pSigCfg->evOnError);
 215:.\rte/sc_event.h **** 			}
 216:.\rte/sc_event.h **** 		}
 217:.\rte/sc_event.h ****    }
 218:.\rte/sc_event.h ****    
 219:.\rte/sc_event.h ****    return RC_SUCCESS;
 220:.\rte/sc_event.h **** }
 221:.\rte/sc_event.h **** 
 222:.\rte/sc_event.h **** 
 223:.\rte/sc_event.h **** /**
 224:.\rte/sc_event.h ****  * Returns the count of refreshing trials (refresh, set or set_raw) that failed.
 225:.\rte/sc_event.h ****  * Prerquisite: The signal is refreshed cyclically
 226:.\rte/sc_event.h ****  *
 227:.\rte/sc_event.h ****  * @param  SC_EVENT_t * const signal: Pointer to the signal object
 228:.\rte/sc_event.h ****  * @return uint32_t: Number of cycles since the signal has been updated for the last time
 229:.\rte/sc_event.h ****  */
 230:.\rte/sc_event.h **** inline uint32_t RTE_SC_EVENT_getAge( const SC_EVENT_t * const signal )
 231:.\rte/sc_event.h **** {
 232:.\rte/sc_event.h ****    return signal->age;
 233:.\rte/sc_event.h **** }
 234:.\rte/sc_event.h **** 
 235:.\rte/sc_event.h **** /**
 236:.\rte/sc_event.h ****  * Should be called by application or driver if no new value can be provided.
 237:.\rte/sc_event.h ****  * @param  SC_EVENT_t * const signal: Pointer to the signal object
 238:.\rte/sc_event.h ****  * @param uint32_t increment: incrementvalue, typically in [ms]
 239:.\rte/sc_event.h ****  * @return void
 240:.\rte/sc_event.h ****  */
 241:.\rte/sc_event.h **** inline void RTE_SC_EVENT_incAge(  SC_EVENT_t * const signal , uint32_t increment)
 242:.\rte/sc_event.h **** {
 243:.\rte/sc_event.h **** 	   //Hack....
 244:.\rte/sc_event.h **** 	   if ( 0xFFFF0000 > (signal->age + increment) )
 245:.\rte/sc_event.h **** 	   {
 246:.\rte/sc_event.h **** 	      signal->age += increment;
 247:.\rte/sc_event.h **** 	   }
 248:.\rte/sc_event.h **** }
 249:.\rte/sc_event.h **** 
 250:.\rte/sc_event.h **** 
 251:.\rte/sc_event.h **** /**************************************************************************************************
 252:.\rte/sc_event.h **** /* Application Data read/write Interface																			*/
 253:.\rte/sc_event.h **** /**************************************************************************************************
 254:.\rte/sc_event.h **** 
 255:.\rte/sc_event.h **** /**
 256:.\rte/sc_event.h ****  * Returns the current application value of the passed signal instance.
 257:.\rte/sc_event.h ****  *
 258:.\rte/sc_event.h ****  * @param  SC_EVENT_t * const signal: Pointer to the signal object
 259:.\rte/sc_event.h ****  * @return sc_event_data_t: current value of the application data buffer
 260:.\rte/sc_event.h ****  *
 261:.\rte/sc_event.h ****  **/
 262:.\rte/sc_event.h **** inline SC_EVENT_data_t RTE_SC_EVENT_get( const SC_EVENT_t * const signal )
 263:.\rte/sc_event.h **** {               
 264:.\rte/sc_event.h ****    //Todo: Critical region cannot be protected using return values																						
 265:.\rte/sc_event.h ****    return signal->value;                                                                           
ARM GAS  C:\Users\91819\AppData\Local\Temp\ccZyeurY.s 			page 31


 266:.\rte/sc_event.h **** }                                                                                                  
 267:.\rte/sc_event.h ****                                                                                                    
 268:.\rte/sc_event.h **** /**
 269:.\rte/sc_event.h ****  * Returns the current application value of the passed signal instance threadsafe.
 270:.\rte/sc_event.h ****  *
 271:.\rte/sc_event.h ****  * @param  SC_EVENT_t * const signal: Pointer to the signal object
 272:.\rte/sc_event.h ****  * @param  SC_EVENT_data_t* data: Pointer to the return data Pointer to the signal object
 273:.\rte/sc_event.h ****  * @return RC_SUCCESS
 274:.\rte/sc_event.h ****  *
 275:.\rte/sc_event.h ****  **/
 276:.\rte/sc_event.h **** inline RC_t RTE_SC_EVENT_getThreadSafe( const SC_EVENT_t * const signal, SC_EVENT_data_t * const da
 277:.\rte/sc_event.h **** {    
 278:.\rte/sc_event.h ****    if (TRUE == signal->pSigCfg->resourceActive) GetResource(signal->pSigCfg->resource);
 279:.\rte/sc_event.h ****    *data = signal->value;
 280:.\rte/sc_event.h ****    if (TRUE == signal->pSigCfg->resourceActive) ReleaseResource(signal->pSigCfg->resource);        
 281:.\rte/sc_event.h **** 
 282:.\rte/sc_event.h ****    return RC_SUCCESS;                                                                   
 283:.\rte/sc_event.h ****    
 284:.\rte/sc_event.h **** }                                                                                                  
 285:.\rte/sc_event.h ****                                                                                                    
 286:.\rte/sc_event.h **** /**
 287:.\rte/sc_event.h ****  * Sets a new application value to the passed signal instance by passing the new value.
 288:.\rte/sc_event.h ****  * The corresponding driver raw value will be calculated immediately by using the default conversio
 289:.\rte/sc_event.h ****  * signal specific scaling function.
 290:.\rte/sc_event.h ****  * The signal age will be set to 0 and the new status will be 'RTE_SIGNALSTATUS_VALID'.
 291:.\rte/sc_event.h ****  *
 292:.\rte/sc_event.h ****  * @param  SC_EVENT_t * const signal: Pointer to the signal object
 293:.\rte/sc_event.h ****  * @param  sc_event_data_t const value: value for the application data buffer
 294:.\rte/sc_event.h ****  * @return RC_t: standard return code, currently only RC_SUCCESS
 295:.\rte/sc_event.h ****  *
 296:.\rte/sc_event.h ****  **/
 297:.\rte/sc_event.h **** inline RC_t RTE_SC_EVENT_set(SC_EVENT_t * const signal, const SC_EVENT_data_t value  )
 298:.\rte/sc_event.h **** {
 299:.\rte/sc_event.h **** 
 300:.\rte/sc_event.h ****    RC_t ret = RC_SUCCESS;
 301:.\rte/sc_event.h ****    size_t taskNum=0;
 302:.\rte/sc_event.h **** 
 303:.\rte/sc_event.h **** 
 304:.\rte/sc_event.h ****    if (TRUE == signal->pSigCfg->resourceActive) GetResource(signal->pSigCfg->resource);
 634              		.loc 3 304 0
 635 002a 194B     		ldr	r3, .L62+8
 636 002c 9B68     		ldr	r3, [r3, #8]
 637 002e 93F82020 		ldrb	r2, [r3, #32]	@ zero_extendqisi2
 638 0032 012A     		cmp	r2, #1
 639 0034 02D1     		bne	.L55
 640 0036 586A     		ldr	r0, [r3, #36]
 641 0038 FFF7FEFF 		bl	EE_oo_GetResource
 642              	.LVL33:
 643              	.L55:
 305:.\rte/sc_event.h ****    signal->value  = value;
 644              		.loc 3 305 0
 645 003c 144B     		ldr	r3, .L62+8
 646 003e 1C70     		strb	r4, [r3]
 306:.\rte/sc_event.h ****    signal->age    = 0;
 647              		.loc 3 306 0
 648 0040 0022     		movs	r2, #0
 649 0042 5A60     		str	r2, [r3, #4]
ARM GAS  C:\Users\91819\AppData\Local\Temp\ccZyeurY.s 			page 32


 307:.\rte/sc_event.h ****    signal->status = RTE_SIGNALSTATUS_VALID;
 650              		.loc 3 307 0
 651 0044 0222     		movs	r2, #2
 652 0046 5A70     		strb	r2, [r3, #1]
 308:.\rte/sc_event.h ****    if (TRUE == signal->pSigCfg->resourceActive) ReleaseResource(signal->pSigCfg->resource);
 653              		.loc 3 308 0
 654 0048 9B68     		ldr	r3, [r3, #8]
 655 004a 93F82020 		ldrb	r2, [r3, #32]	@ zero_extendqisi2
 656 004e 012A     		cmp	r2, #1
 657 0050 02D1     		bne	.L56
 658 0052 586A     		ldr	r0, [r3, #36]
 659 0054 FFF7FEFF 		bl	EE_oo_ReleaseResource
 660              	.LVL34:
 661              	.L56:
 309:.\rte/sc_event.h **** 
 310:.\rte/sc_event.h ****    //Pointer to the Taskarray, containing the tasks receiving the onUpdate events
 311:.\rte/sc_event.h ****    TaskTypeArray* pTaskArray = signal->pSigCfg->onUpdateTasks;
 662              		.loc 3 311 0
 663 0058 0D4B     		ldr	r3, .L62+8
 664 005a 9B68     		ldr	r3, [r3, #8]
 665 005c 5D69     		ldr	r5, [r3, #20]
 666              	.LVL35:
 312:.\rte/sc_event.h **** 
 313:.\rte/sc_event.h ****    if (NULL!=signal->pSigCfg->evOnUpdate && NULL != pTaskArray){
 667              		.loc 3 313 0
 668 005e 9B68     		ldr	r3, [r3, #8]
 669 0060 73B1     		cbz	r3, .L57
 670 0062 3DB9     		cbnz	r5, .L60
 671 0064 0CE0     		b	.L57
 672              	.LVL36:
 673              	.L59:
 674              	.LBB36:
 314:.\rte/sc_event.h ****       for( taskNum=0 ; taskNum < signal->pSigCfg->onUpdateTaskCount ;taskNum++){
 315:.\rte/sc_event.h **** 		  
 316:.\rte/sc_event.h ****           TaskType task = (*pTaskArray)[taskNum];
 317:.\rte/sc_event.h **** 	      SetEvent( task, signal->pSigCfg->evOnUpdate);
 675              		.loc 3 317 0
 676 0066 9968     		ldr	r1, [r3, #8]
 677 0068 55F82400 		ldr	r0, [r5, r4, lsl #2]
 678 006c FFF7FEFF 		bl	EE_oo_SetEvent
 679              	.LVL37:
 680              	.LBE36:
 314:.\rte/sc_event.h ****       for( taskNum=0 ; taskNum < signal->pSigCfg->onUpdateTaskCount ;taskNum++){
 681              		.loc 3 314 0
 682 0070 0134     		adds	r4, r4, #1
 683              	.LVL38:
 684 0072 00E0     		b	.L58
 685              	.LVL39:
 686              	.L60:
 313:.\rte/sc_event.h ****       for( taskNum=0 ; taskNum < signal->pSigCfg->onUpdateTaskCount ;taskNum++){
 687              		.loc 3 313 0
 688 0074 0024     		movs	r4, #0
 689              	.LVL40:
 690              	.L58:
 314:.\rte/sc_event.h ****       for( taskNum=0 ; taskNum < signal->pSigCfg->onUpdateTaskCount ;taskNum++){
 691              		.loc 3 314 0
 692 0076 064B     		ldr	r3, .L62+8
ARM GAS  C:\Users\91819\AppData\Local\Temp\ccZyeurY.s 			page 33


 693 0078 9B68     		ldr	r3, [r3, #8]
 694 007a 1A69     		ldr	r2, [r3, #16]
 695 007c 9442     		cmp	r4, r2
 696 007e F2D3     		bcc	.L59
 697              	.LVL41:
 698              	.L57:
 699              	.LBE35:
 700              	.LBE34:
 255:asw/swc_clock.c ****     }
 701              		.loc 1 255 0
 702 0080 0022     		movs	r2, #0
 703 0082 014B     		ldr	r3, .L62
 704 0084 9A70     		strb	r2, [r3, #2]
 705              	.LVL42:
 706              	.L52:
 707 0086 38BD     		pop	{r3, r4, r5, pc}
 708              	.L63:
 709              		.align	2
 710              	.L62:
 711 0088 00000000 		.word	.LANCHOR1
 712 008c 00000000 		.word	buttonStatus
 713 0090 00000000 		.word	SO_EVENT_signal
 714              		.cfi_endproc
 715              	.LFE132:
 716              		.size	CLOCK_input_run, .-CLOCK_input_run
 717              		.section	.text.CLOCK_control_run,"ax",%progbits
 718              		.align	2
 719              		.global	CLOCK_control_run
 720              		.thumb
 721              		.thumb_func
 722              		.type	CLOCK_control_run, %function
 723              	CLOCK_control_run:
 724              	.LFB133:
 271:asw/swc_clock.c **** 	
 725              		.loc 1 271 0
 726              		.cfi_startproc
 727              		@ args = 0, pretend = 0, frame = 0
 728              		@ frame_needed = 0, uses_anonymous_args = 0
 729              	.LVL43:
 730 0000 38B5     		push	{r3, r4, r5, lr}
 731              		.cfi_def_cfa_offset 16
 732              		.cfi_offset 3, -16
 733              		.cfi_offset 4, -12
 734              		.cfi_offset 5, -8
 735              		.cfi_offset 14, -4
 736 0002 0546     		mov	r5, r0
 737              	.LVL44:
 738              	.LBB37:
 739              	.LBB38:
 278:.\rte/sc_event.h ****    *data = signal->value;
 740              		.loc 3 278 0
 741 0004 104B     		ldr	r3, .L70
 742 0006 9B68     		ldr	r3, [r3, #8]
 743 0008 93F82020 		ldrb	r2, [r3, #32]	@ zero_extendqisi2
 744 000c 012A     		cmp	r2, #1
 745 000e 02D1     		bne	.L65
 746 0010 586A     		ldr	r0, [r3, #36]
ARM GAS  C:\Users\91819\AppData\Local\Temp\ccZyeurY.s 			page 34


 747              	.LVL45:
 748 0012 FFF7FEFF 		bl	EE_oo_GetResource
 749              	.LVL46:
 750              	.L65:
 279:.\rte/sc_event.h ****    if (TRUE == signal->pSigCfg->resourceActive) ReleaseResource(signal->pSigCfg->resource);        
 751              		.loc 3 279 0
 752 0016 0C4B     		ldr	r3, .L70
 753 0018 1C78     		ldrb	r4, [r3]	@ zero_extendqisi2
 280:.\rte/sc_event.h **** 
 754              		.loc 3 280 0
 755 001a 9B68     		ldr	r3, [r3, #8]
 756 001c 93F82020 		ldrb	r2, [r3, #32]	@ zero_extendqisi2
 757 0020 012A     		cmp	r2, #1
 758 0022 02D1     		bne	.L66
 759 0024 586A     		ldr	r0, [r3, #36]
 760 0026 FFF7FEFF 		bl	EE_oo_ReleaseResource
 761              	.LVL47:
 762              	.L66:
 763              	.LBE38:
 764              	.LBE37:
 281:asw/swc_clock.c ****     {
 765              		.loc 1 281 0
 766 002a 15F0040F 		tst	r5, #4
 767 002e 01D0     		beq	.L67
 283:asw/swc_clock.c ****     }
 768              		.loc 1 283 0
 769 0030 4FF00404 		mov	r4, #4
 770              	.LVL48:
 771              	.L67:
 286:asw/swc_clock.c ****     {
 772              		.loc 1 286 0
 773 0034 15F0020F 		tst	r5, #2
 774 0038 01D0     		beq	.L68
 288:asw/swc_clock.c ****     }
 775              		.loc 1 288 0
 776 003a 4FF00504 		mov	r4, #5
 777              	.L68:
 778              	.LVL49:
 293:asw/swc_clock.c ****     
 779              		.loc 1 293 0
 780 003e E1B2     		uxtb	r1, r4
 781 0040 0248     		ldr	r0, .L70+4
 782 0042 FFF7FEFF 		bl	STATE_processEvent
 783              	.LVL50:
 784 0046 38BD     		pop	{r3, r4, r5, pc}
 785              	.LVL51:
 786              	.L71:
 787              		.align	2
 788              	.L70:
 789 0048 00000000 		.word	SO_EVENT_signal
 790 004c 10000000 		.word	.LANCHOR0+16
 791              		.cfi_endproc
 792              	.LFE133:
 793              		.size	CLOCK_control_run, .-CLOCK_control_run
 794              		.section	.text.CLOCK_display_run,"ax",%progbits
 795              		.align	2
 796              		.global	CLOCK_display_run
ARM GAS  C:\Users\91819\AppData\Local\Temp\ccZyeurY.s 			page 35


 797              		.thumb
 798              		.thumb_func
 799              		.type	CLOCK_display_run, %function
 800              	CLOCK_display_run:
 801              	.LFB134:
 309:asw/swc_clock.c **** 	
 802              		.loc 1 309 0
 803              		.cfi_startproc
 804              		@ args = 0, pretend = 0, frame = 48
 805              		@ frame_needed = 0, uses_anonymous_args = 0
 806              	.LVL52:
 807 0000 30B5     		push	{r4, r5, lr}
 808              		.cfi_def_cfa_offset 12
 809              		.cfi_offset 4, -12
 810              		.cfi_offset 5, -8
 811              		.cfi_offset 14, -4
 812 0002 8DB0     		sub	sp, sp, #52
 813              		.cfi_def_cfa_offset 64
 814              	.LVL53:
 815              	.LBB39:
 816              	.LBB40:
 278:.\rte/sc_clock.h ****    *data = signal->value;
 817              		.loc 2 278 0
 818 0004 294B     		ldr	r3, .L83
 819 0006 9B69     		ldr	r3, [r3, #24]
 820 0008 93F82020 		ldrb	r2, [r3, #32]	@ zero_extendqisi2
 821 000c 012A     		cmp	r2, #1
 822 000e 02D1     		bne	.L73
 823 0010 586A     		ldr	r0, [r3, #36]
 824              	.LVL54:
 825 0012 FFF7FEFF 		bl	EE_oo_GetResource
 826              	.LVL55:
 827              	.L73:
 280:.\rte/sc_clock.h **** 
 828              		.loc 2 280 0
 829 0016 254B     		ldr	r3, .L83
 830 0018 9B69     		ldr	r3, [r3, #24]
 831 001a 93F82020 		ldrb	r2, [r3, #32]	@ zero_extendqisi2
 832 001e 012A     		cmp	r2, #1
 833 0020 02D1     		bne	.L74
 834 0022 586A     		ldr	r0, [r3, #36]
 835 0024 FFF7FEFF 		bl	EE_oo_ReleaseResource
 836              	.LVL56:
 837              	.L74:
 838              	.LBE40:
 839              	.LBE39:
 840              	.LBB41:
 841              	.LBB42:
 265:.\rte/sc_clock.h **** }                                                                                                  
 842              		.loc 2 265 0
 843 0028 204B     		ldr	r3, .L83
 844 002a 08AD     		add	r5, sp, #32
 845 002c 0FCB     		ldmia	r3, {r0, r1, r2, r3}
 846 002e 85E80F00 		stmia	r5, {r0, r1, r2, r3}
 847              	.LVL57:
 848              	.LBE42:
 849              	.LBE41:
ARM GAS  C:\Users\91819\AppData\Local\Temp\ccZyeurY.s 			page 36


 316:asw/swc_clock.c ****     
 850              		.loc 1 316 0
 851 0032 04AC     		add	r4, sp, #16
 852 0034 84E80F00 		stmia	r4, {r0, r1, r2, r3}
 853              	.LVL58:
 854 0038 8DE80F00 		stmia	sp, {r0, r1, r2, r3}
 855              	.LVL59:
 856              	.LBB43:
 857              	.LBB44:
 304:.\rte/sc_clock.h ****    signal->value  = value;
 858              		.loc 2 304 0
 859 003c 1C4B     		ldr	r3, .L83+4
 860 003e 9B69     		ldr	r3, [r3, #24]
 861 0040 93F82020 		ldrb	r2, [r3, #32]	@ zero_extendqisi2
 862 0044 012A     		cmp	r2, #1
 863 0046 02D1     		bne	.L75
 864 0048 586A     		ldr	r0, [r3, #36]
 865 004a FFF7FEFF 		bl	EE_oo_GetResource
 866              	.LVL60:
 867              	.L75:
 305:.\rte/sc_clock.h ****    signal->age    = 0;
 868              		.loc 2 305 0
 869 004e 184C     		ldr	r4, .L83+4
 870 0050 9DE80F00 		ldmia	sp, {r0, r1, r2, r3}
 871 0054 84E80F00 		stmia	r4, {r0, r1, r2, r3}
 306:.\rte/sc_clock.h ****    signal->status = RTE_SIGNALSTATUS_VALID;
 872              		.loc 2 306 0
 873 0058 0023     		movs	r3, #0
 874 005a 6361     		str	r3, [r4, #20]
 307:.\rte/sc_clock.h ****    if (TRUE == signal->pSigCfg->resourceActive) ReleaseResource(signal->pSigCfg->resource);
 875              		.loc 2 307 0
 876 005c 0223     		movs	r3, #2
 877 005e 2374     		strb	r3, [r4, #16]
 308:.\rte/sc_clock.h **** 
 878              		.loc 2 308 0
 879 0060 A369     		ldr	r3, [r4, #24]
 880 0062 93F82020 		ldrb	r2, [r3, #32]	@ zero_extendqisi2
 881 0066 012A     		cmp	r2, #1
 882 0068 02D1     		bne	.L76
 883 006a 586A     		ldr	r0, [r3, #36]
 884 006c FFF7FEFF 		bl	EE_oo_ReleaseResource
 885              	.LVL61:
 886              	.L76:
 311:.\rte/sc_clock.h **** 
 887              		.loc 2 311 0
 888 0070 0F4B     		ldr	r3, .L83+4
 889 0072 9B69     		ldr	r3, [r3, #24]
 890 0074 5D69     		ldr	r5, [r3, #20]
 891              	.LVL62:
 313:.\rte/sc_clock.h ****       for( taskNum=0 ; taskNum < signal->pSigCfg->onUpdateTaskCount ;taskNum++){
 892              		.loc 2 313 0
 893 0076 9B68     		ldr	r3, [r3, #8]
 894 0078 73B1     		cbz	r3, .L77
 895 007a 3DB9     		cbnz	r5, .L81
 896 007c 0CE0     		b	.L77
 897              	.LVL63:
 898              	.L79:
ARM GAS  C:\Users\91819\AppData\Local\Temp\ccZyeurY.s 			page 37


 899              	.LBB45:
 900              		.loc 2 317 0
 901 007e 9968     		ldr	r1, [r3, #8]
 902 0080 55F82400 		ldr	r0, [r5, r4, lsl #2]
 903 0084 FFF7FEFF 		bl	EE_oo_SetEvent
 904              	.LVL64:
 905              	.LBE45:
 314:.\rte/sc_clock.h **** 		  
 906              		.loc 2 314 0
 907 0088 0134     		adds	r4, r4, #1
 908              	.LVL65:
 909 008a 00E0     		b	.L78
 910              	.LVL66:
 911              	.L81:
 313:.\rte/sc_clock.h ****       for( taskNum=0 ; taskNum < signal->pSigCfg->onUpdateTaskCount ;taskNum++){
 912              		.loc 2 313 0
 913 008c 0024     		movs	r4, #0
 914              	.LVL67:
 915              	.L78:
 314:.\rte/sc_clock.h **** 		  
 916              		.loc 2 314 0
 917 008e 084B     		ldr	r3, .L83+4
 918 0090 9B69     		ldr	r3, [r3, #24]
 919 0092 1A69     		ldr	r2, [r3, #16]
 920 0094 9442     		cmp	r4, r2
 921 0096 F2D3     		bcc	.L79
 922              	.LVL68:
 923              	.L77:
 924              	.LBE44:
 925              	.LBE43:
 926              	.LBB46:
 927              	.LBB47:
 318:.\rte/sc_clock.h ****       }
 319:.\rte/sc_clock.h ****    }
 320:.\rte/sc_clock.h **** 
 321:.\rte/sc_clock.h ****    return ret;
 322:.\rte/sc_clock.h **** }                                                                                                  
 323:.\rte/sc_clock.h ****                                                                                                    
 324:.\rte/sc_clock.h ****                                                                                                    
 325:.\rte/sc_clock.h **** /**************************************************************************************************
 326:.\rte/sc_clock.h **** /* Call functions to the connected drivers																			*/
 327:.\rte/sc_clock.h **** /**************************************************************************************************
 328:.\rte/sc_clock.h **** 
 329:.\rte/sc_clock.h ****                                                                                                    
 330:.\rte/sc_clock.h **** /**
 331:.\rte/sc_clock.h ****  *  Calls the connected driver interface to get a new value.
 332:.\rte/sc_clock.h ****  *
 333:.\rte/sc_clock.h ****  * @param SC_CLOCK_t * const signal: Pointer to the signal object
 334:.\rte/sc_clock.h ****  * @return  RC_t: Return value of the driver call
 335:.\rte/sc_clock.h ****  *
 336:.\rte/sc_clock.h ****  */
 337:.\rte/sc_clock.h **** inline RC_t RTE_SC_CLOCK_pullPort( SC_CLOCK_t * const signal )
 338:.\rte/sc_clock.h **** {                                                                                                  
 339:.\rte/sc_clock.h ****    RC_t ret = RC_SUCCESS;
 340:.\rte/sc_clock.h **** 
 341:.\rte/sc_clock.h ****                                                                                                    
 342:.\rte/sc_clock.h ****    if ( NULL != signal->pSigCfg->inDriver )
ARM GAS  C:\Users\91819\AppData\Local\Temp\ccZyeurY.s 			page 38


 343:.\rte/sc_clock.h ****    {
 344:.\rte/sc_clock.h **** 	  SC_CLOCK_data_t value = signal->value;
 345:.\rte/sc_clock.h ****       ret = signal->pSigCfg->inDriver(&value);
 346:.\rte/sc_clock.h ****                                                                                                    
 347:.\rte/sc_clock.h ****       if ( ret == RC_SUCCESS )                                                                     
 348:.\rte/sc_clock.h ****       {
 349:.\rte/sc_clock.h ****     	  //Critical Section
 350:.\rte/sc_clock.h ****     	  RTE_SC_CLOCK_set(signal, value);
 351:.\rte/sc_clock.h ****       }
 352:.\rte/sc_clock.h ****       else
 353:.\rte/sc_clock.h ****       {
 354:.\rte/sc_clock.h **** 		  //Signal is invalid. Error event (if present) will be fired
 355:.\rte/sc_clock.h **** 		  RTE_SC_CLOCK_setStatus(signal, RTE_SIGNALSTATUS_INVALID);
 356:.\rte/sc_clock.h ****       }
 357:.\rte/sc_clock.h **** 
 358:.\rte/sc_clock.h ****    }                                                                                               
 359:.\rte/sc_clock.h ****                                                                                                    
 360:.\rte/sc_clock.h ****    return ret;                                                                                     
 361:.\rte/sc_clock.h **** }                                                                                                  
 362:.\rte/sc_clock.h ****                                                                                                    
 363:.\rte/sc_clock.h **** /**
 364:.\rte/sc_clock.h ****  *  Calls the connected driver interfaces to send a value. Value will not be sent if it is INVALID.
 365:.\rte/sc_clock.h ****  *
 366:.\rte/sc_clock.h ****  * @param SC_CLOCK_t * const signal: Pointer to the signal object
 367:.\rte/sc_clock.h ****  * @return  RC_t: Return value of the driver call
 368:.\rte/sc_clock.h ****  *
 369:.\rte/sc_clock.h ****  **/
 370:.\rte/sc_clock.h **** inline RC_t RTE_SC_CLOCK_pushPort( const SC_CLOCK_t * const signal )
 371:.\rte/sc_clock.h **** {                                                                                                  
 372:.\rte/sc_clock.h ****    RC_t ret = RC_ERROR;
 373:.\rte/sc_clock.h **** 
 374:.\rte/sc_clock.h ****    if (RTE_SIGNALSTATUS_VALID == signal->status)
 928              		.loc 2 374 0
 929 0098 054B     		ldr	r3, .L83+4
 930 009a 1B7C     		ldrb	r3, [r3, #16]	@ zero_extendqisi2
 931 009c 022B     		cmp	r3, #2
 932 009e 03D1     		bne	.L72
 375:.\rte/sc_clock.h ****    {
 376:.\rte/sc_clock.h **** 	   ret = signal->pSigCfg->outDriver(&(signal->value));
 933              		.loc 2 376 0
 934 00a0 0348     		ldr	r0, .L83+4
 935 00a2 8369     		ldr	r3, [r0, #24]
 936 00a4 5B68     		ldr	r3, [r3, #4]
 937 00a6 9847     		blx	r3
 938              	.LVL69:
 939              	.L72:
 940              	.LBE47:
 941              	.LBE46:
 324:asw/swc_clock.c **** 
 942              		.loc 1 324 0
 943 00a8 0DB0     		add	sp, sp, #52
 944              		.cfi_def_cfa_offset 12
 945              		@ sp needed
 946 00aa 30BD     		pop	{r4, r5, pc}
 947              	.L84:
 948              		.align	2
 949              	.L83:
ARM GAS  C:\Users\91819\AppData\Local\Temp\ccZyeurY.s 			page 39


 950 00ac 00000000 		.word	SO_CLOCK_signal
 951 00b0 00000000 		.word	SO_DISPLAY_signal
 952              		.cfi_endproc
 953              	.LFE134:
 954              		.size	CLOCK_display_run, .-CLOCK_display_run
 955              		.section	.text.tftDisplay,"ax",%progbits
 956              		.align	2
 957              		.global	tftDisplay
 958              		.thumb
 959              		.thumb_func
 960              		.type	tftDisplay, %function
 961              	tftDisplay:
 962              	.LFB149:
 449:asw/swc_clock.c **** }
 450:asw/swc_clock.c **** /* USER CODE END SWC_CLOCK_FUNCTIONS */
 451:asw/swc_clock.c **** 
 452:asw/swc_clock.c **** void tftDisplay( char* time_hours, char* time_mins)
 453:asw/swc_clock.c **** {    
 963              		.loc 1 453 0
 964              		.cfi_startproc
 965              		@ args = 0, pretend = 0, frame = 0
 966              		@ frame_needed = 0, uses_anonymous_args = 0
 967              	.LVL70:
 968 0000 70B5     		push	{r4, r5, r6, lr}
 969              		.cfi_def_cfa_offset 16
 970              		.cfi_offset 4, -16
 971              		.cfi_offset 5, -12
 972              		.cfi_offset 6, -8
 973              		.cfi_offset 14, -4
 974 0002 0646     		mov	r6, r0
 975 0004 0D46     		mov	r5, r1
 454:asw/swc_clock.c ****     TFT_setCursor(5, 40);
 976              		.loc 1 454 0
 977 0006 2821     		movs	r1, #40
 978              	.LVL71:
 979 0008 0520     		movs	r0, #5
 980              	.LVL72:
 981 000a FFF7FEFF 		bl	TFT_setCursor
 982              	.LVL73:
 455:asw/swc_clock.c ****     TFT_setColors(SO_CLOCK_signal.value.clockValue.font_hours.F_TEXT_COLOR,SO_CLOCK_signal.value.cl
 983              		.loc 1 455 0
 984 000e 0C4C     		ldr	r4, .L87
 985 0010 6189     		ldrh	r1, [r4, #10]
 986 0012 A089     		ldrh	r0, [r4, #12]
 987 0014 FFF7FEFF 		bl	TFT_setColors
 988              	.LVL74:
 456:asw/swc_clock.c ****     TFT_print(time_hours);
 989              		.loc 1 456 0
 990 0018 3046     		mov	r0, r6
 991 001a FFF7FEFF 		bl	TFT_print
 992              	.LVL75:
 457:asw/swc_clock.c ****     TFT_setColors(WHITE,BLACK);
 993              		.loc 1 457 0
 994 001e 0021     		movs	r1, #0
 995 0020 4FF6FF70 		movw	r0, #65535
 996 0024 FFF7FEFF 		bl	TFT_setColors
 997              	.LVL76:
ARM GAS  C:\Users\91819\AppData\Local\Temp\ccZyeurY.s 			page 40


 458:asw/swc_clock.c ****     TFT_print(":");
 998              		.loc 1 458 0
 999 0028 0648     		ldr	r0, .L87+4
 1000 002a FFF7FEFF 		bl	TFT_print
 1001              	.LVL77:
 459:asw/swc_clock.c ****     TFT_setColors(SO_CLOCK_signal.value.clockValue.font_mins.F_TEXT_COLOR,SO_CLOCK_signal.value.clo
 1002              		.loc 1 459 0
 1003 002e E188     		ldrh	r1, [r4, #6]
 1004 0030 2089     		ldrh	r0, [r4, #8]
 1005 0032 FFF7FEFF 		bl	TFT_setColors
 1006              	.LVL78:
 460:asw/swc_clock.c ****     TFT_print(time_mins);
 1007              		.loc 1 460 0
 1008 0036 2846     		mov	r0, r5
 1009 0038 FFF7FEFF 		bl	TFT_print
 1010              	.LVL79:
 1011 003c 70BD     		pop	{r4, r5, r6, pc}
 1012              	.LVL80:
 1013              	.L88:
 1014 003e 00BF     		.align	2
 1015              	.L87:
 1016 0040 00000000 		.word	SO_CLOCK_signal
 1017 0044 00000000 		.word	.LC0
 1018              		.cfi_endproc
 1019              	.LFE149:
 1020              		.size	tftDisplay, .-tftDisplay
 1021              		.section	.text.CLOCK__action_initClock,"ax",%progbits
 1022              		.align	2
 1023              		.global	CLOCK__action_initClock
 1024              		.thumb
 1025              		.thumb_func
 1026              		.type	CLOCK__action_initClock, %function
 1027              	CLOCK__action_initClock:
 1028              	.LFB131:
 205:asw/swc_clock.c ****     SC_CLOCK_data_t controlSignal;
 1029              		.loc 1 205 0
 1030              		.cfi_startproc
 1031              		@ args = 0, pretend = 0, frame = 64
 1032              		@ frame_needed = 0, uses_anonymous_args = 0
 1033 0000 30B5     		push	{r4, r5, lr}
 1034              		.cfi_def_cfa_offset 12
 1035              		.cfi_offset 4, -12
 1036              		.cfi_offset 5, -8
 1037              		.cfi_offset 14, -4
 1038 0002 91B0     		sub	sp, sp, #68
 1039              		.cfi_def_cfa_offset 80
 207:asw/swc_clock.c ****     RTE_SC_CLOCK_set(&SO_CLOCK_signal,controlSignal); 
 1040              		.loc 1 207 0
 1041 0004 404B     		ldr	r3, .L103
 1042 0006 0C93     		str	r3, [sp, #48]
 1043              	.LVL81:
 1044 0008 04AC     		add	r4, sp, #16
 1045 000a 10AB     		add	r3, sp, #64
 1046 000c 13E90F00 		ldmdb	r3, {r0, r1, r2, r3}
 1047 0010 84E80F00 		stmia	r4, {r0, r1, r2, r3}
 1048              	.LVL82:
 1049              	.LBB48:
ARM GAS  C:\Users\91819\AppData\Local\Temp\ccZyeurY.s 			page 41


 1050              	.LBB49:
 304:.\rte/sc_clock.h ****    signal->value  = value;
 1051              		.loc 2 304 0
 1052 0014 3D4B     		ldr	r3, .L103+4
 1053 0016 9B69     		ldr	r3, [r3, #24]
 1054 0018 93F82020 		ldrb	r2, [r3, #32]	@ zero_extendqisi2
 1055 001c 012A     		cmp	r2, #1
 1056 001e 02D1     		bne	.L90
 1057 0020 586A     		ldr	r0, [r3, #36]
 1058 0022 FFF7FEFF 		bl	EE_oo_GetResource
 1059              	.LVL83:
 1060              	.L90:
 305:.\rte/sc_clock.h ****    signal->age    = 0;
 1061              		.loc 2 305 0
 1062 0026 394C     		ldr	r4, .L103+4
 1063 0028 04AB     		add	r3, sp, #16
 1064 002a 0FCB     		ldmia	r3, {r0, r1, r2, r3}
 1065 002c 84E80F00 		stmia	r4, {r0, r1, r2, r3}
 306:.\rte/sc_clock.h ****    signal->status = RTE_SIGNALSTATUS_VALID;
 1066              		.loc 2 306 0
 1067 0030 0023     		movs	r3, #0
 1068 0032 6361     		str	r3, [r4, #20]
 307:.\rte/sc_clock.h ****    if (TRUE == signal->pSigCfg->resourceActive) ReleaseResource(signal->pSigCfg->resource);
 1069              		.loc 2 307 0
 1070 0034 0223     		movs	r3, #2
 1071 0036 2374     		strb	r3, [r4, #16]
 308:.\rte/sc_clock.h **** 
 1072              		.loc 2 308 0
 1073 0038 A369     		ldr	r3, [r4, #24]
 1074 003a 93F82020 		ldrb	r2, [r3, #32]	@ zero_extendqisi2
 1075 003e 012A     		cmp	r2, #1
 1076 0040 02D1     		bne	.L91
 1077 0042 586A     		ldr	r0, [r3, #36]
 1078 0044 FFF7FEFF 		bl	EE_oo_ReleaseResource
 1079              	.LVL84:
 1080              	.L91:
 311:.\rte/sc_clock.h **** 
 1081              		.loc 2 311 0
 1082 0048 304B     		ldr	r3, .L103+4
 1083 004a 9B69     		ldr	r3, [r3, #24]
 1084 004c 5D69     		ldr	r5, [r3, #20]
 1085              	.LVL85:
 313:.\rte/sc_clock.h ****       for( taskNum=0 ; taskNum < signal->pSigCfg->onUpdateTaskCount ;taskNum++){
 1086              		.loc 2 313 0
 1087 004e 9B68     		ldr	r3, [r3, #8]
 1088 0050 73B1     		cbz	r3, .L92
 1089 0052 3DB9     		cbnz	r5, .L100
 1090 0054 0CE0     		b	.L92
 1091              	.LVL86:
 1092              	.L94:
 1093              	.LBB50:
 317:.\rte/sc_clock.h ****       }
 1094              		.loc 2 317 0
 1095 0056 9968     		ldr	r1, [r3, #8]
 1096 0058 55F82400 		ldr	r0, [r5, r4, lsl #2]
 1097 005c FFF7FEFF 		bl	EE_oo_SetEvent
 1098              	.LVL87:
ARM GAS  C:\Users\91819\AppData\Local\Temp\ccZyeurY.s 			page 42


 1099              	.LBE50:
 314:.\rte/sc_clock.h **** 		  
 1100              		.loc 2 314 0
 1101 0060 0134     		adds	r4, r4, #1
 1102              	.LVL88:
 1103 0062 00E0     		b	.L93
 1104              	.LVL89:
 1105              	.L100:
 313:.\rte/sc_clock.h ****       for( taskNum=0 ; taskNum < signal->pSigCfg->onUpdateTaskCount ;taskNum++){
 1106              		.loc 2 313 0
 1107 0064 0024     		movs	r4, #0
 1108              	.LVL90:
 1109              	.L93:
 314:.\rte/sc_clock.h **** 		  
 1110              		.loc 2 314 0
 1111 0066 294B     		ldr	r3, .L103+4
 1112 0068 9B69     		ldr	r3, [r3, #24]
 1113 006a 1A69     		ldr	r2, [r3, #16]
 1114 006c 9442     		cmp	r4, r2
 1115 006e F2D3     		bcc	.L94
 1116              	.LVL91:
 1117              	.L92:
 1118              	.LBE49:
 1119              	.LBE48:
 211:asw/swc_clock.c ****     dispatchSignal.clockValue.hours = 0;
 1120              		.loc 1 211 0
 1121 0070 274B     		ldr	r3, .L103+8
 1122 0072 0893     		str	r3, [sp, #32]
 212:asw/swc_clock.c ****     dispatchSignal.clockValue.mins = 0;     
 1123              		.loc 1 212 0
 1124 0074 0023     		movs	r3, #0
 1125 0076 8DF82530 		strb	r3, [sp, #37]
 213:asw/swc_clock.c ****        
 1126              		.loc 1 213 0
 1127 007a 8DF82430 		strb	r3, [sp, #36]
 216:asw/swc_clock.c ****     dispatchSignal.clockValue.font_hours.F_BG_COLOR = BLACK;
 1128              		.loc 1 216 0
 1129 007e 4FF6FF72 		movw	r2, #65535
 1130 0082 ADF82C20 		strh	r2, [sp, #44]	@ movhi
 217:asw/swc_clock.c ****     dispatchSignal.clockValue.font_mins.F_TEXT_COLOR = WHITE;
 1131              		.loc 1 217 0
 1132 0086 ADF82A30 		strh	r3, [sp, #42]	@ movhi
 218:asw/swc_clock.c ****     dispatchSignal.clockValue.font_mins.F_BG_COLOR = BLACK;    
 1133              		.loc 1 218 0
 1134 008a ADF82820 		strh	r2, [sp, #40]	@ movhi
 219:asw/swc_clock.c ****     RTE_SC_CLOCK_set(&SO_CLOCK_signal,dispatchSignal); 
 1135              		.loc 1 219 0
 1136 008e ADF82630 		strh	r3, [sp, #38]	@ movhi
 1137              	.LVL92:
 1138 0092 08AB     		add	r3, sp, #32
 1139 0094 0FCB     		ldmia	r3, {r0, r1, r2, r3}
 1140 0096 8DE80F00 		stmia	sp, {r0, r1, r2, r3}
 1141              	.LVL93:
 1142              	.LBB51:
 1143              	.LBB52:
 304:.\rte/sc_clock.h ****    signal->value  = value;
 1144              		.loc 2 304 0
ARM GAS  C:\Users\91819\AppData\Local\Temp\ccZyeurY.s 			page 43


 1145 009a 1C4B     		ldr	r3, .L103+4
 1146 009c 9B69     		ldr	r3, [r3, #24]
 1147 009e 93F82020 		ldrb	r2, [r3, #32]	@ zero_extendqisi2
 1148 00a2 012A     		cmp	r2, #1
 1149 00a4 02D1     		bne	.L95
 1150 00a6 586A     		ldr	r0, [r3, #36]
 1151 00a8 FFF7FEFF 		bl	EE_oo_GetResource
 1152              	.LVL94:
 1153              	.L95:
 305:.\rte/sc_clock.h ****    signal->age    = 0;
 1154              		.loc 2 305 0
 1155 00ac 174C     		ldr	r4, .L103+4
 1156 00ae 9DE80F00 		ldmia	sp, {r0, r1, r2, r3}
 1157 00b2 84E80F00 		stmia	r4, {r0, r1, r2, r3}
 306:.\rte/sc_clock.h ****    signal->status = RTE_SIGNALSTATUS_VALID;
 1158              		.loc 2 306 0
 1159 00b6 0023     		movs	r3, #0
 1160 00b8 6361     		str	r3, [r4, #20]
 307:.\rte/sc_clock.h ****    if (TRUE == signal->pSigCfg->resourceActive) ReleaseResource(signal->pSigCfg->resource);
 1161              		.loc 2 307 0
 1162 00ba 0223     		movs	r3, #2
 1163 00bc 2374     		strb	r3, [r4, #16]
 308:.\rte/sc_clock.h **** 
 1164              		.loc 2 308 0
 1165 00be A369     		ldr	r3, [r4, #24]
 1166 00c0 93F82020 		ldrb	r2, [r3, #32]	@ zero_extendqisi2
 1167 00c4 012A     		cmp	r2, #1
 1168 00c6 02D1     		bne	.L96
 1169 00c8 586A     		ldr	r0, [r3, #36]
 1170 00ca FFF7FEFF 		bl	EE_oo_ReleaseResource
 1171              	.LVL95:
 1172              	.L96:
 311:.\rte/sc_clock.h **** 
 1173              		.loc 2 311 0
 1174 00ce 0F4B     		ldr	r3, .L103+4
 1175 00d0 9B69     		ldr	r3, [r3, #24]
 1176 00d2 5D69     		ldr	r5, [r3, #20]
 1177              	.LVL96:
 313:.\rte/sc_clock.h ****       for( taskNum=0 ; taskNum < signal->pSigCfg->onUpdateTaskCount ;taskNum++){
 1178              		.loc 2 313 0
 1179 00d4 9B68     		ldr	r3, [r3, #8]
 1180 00d6 73B1     		cbz	r3, .L97
 1181 00d8 3DB9     		cbnz	r5, .L101
 1182 00da 0CE0     		b	.L97
 1183              	.LVL97:
 1184              	.L99:
 1185              	.LBB53:
 317:.\rte/sc_clock.h ****       }
 1186              		.loc 2 317 0
 1187 00dc 9968     		ldr	r1, [r3, #8]
 1188 00de 55F82400 		ldr	r0, [r5, r4, lsl #2]
 1189 00e2 FFF7FEFF 		bl	EE_oo_SetEvent
 1190              	.LVL98:
 1191              	.LBE53:
 314:.\rte/sc_clock.h **** 		  
 1192              		.loc 2 314 0
 1193 00e6 0134     		adds	r4, r4, #1
ARM GAS  C:\Users\91819\AppData\Local\Temp\ccZyeurY.s 			page 44


 1194              	.LVL99:
 1195 00e8 00E0     		b	.L98
 1196              	.LVL100:
 1197              	.L101:
 313:.\rte/sc_clock.h ****       for( taskNum=0 ; taskNum < signal->pSigCfg->onUpdateTaskCount ;taskNum++){
 1198              		.loc 2 313 0
 1199 00ea 0024     		movs	r4, #0
 1200              	.LVL101:
 1201              	.L98:
 314:.\rte/sc_clock.h **** 		  
 1202              		.loc 2 314 0
 1203 00ec 074B     		ldr	r3, .L103+4
 1204 00ee 9B69     		ldr	r3, [r3, #24]
 1205 00f0 1A69     		ldr	r2, [r3, #16]
 1206 00f2 9442     		cmp	r4, r2
 1207 00f4 F2D3     		bcc	.L99
 1208              	.LVL102:
 1209              	.L97:
 1210              	.LBE52:
 1211              	.LBE51:
 221:asw/swc_clock.c ****     tftDisplay("00", "00");
 1212              		.loc 1 221 0
 1213 00f6 0420     		movs	r0, #4
 1214 00f8 FFF7FEFF 		bl	TFT_setTextSize
 1215              	.LVL103:
 222:asw/swc_clock.c ****      
 1216              		.loc 1 222 0
 1217 00fc 0548     		ldr	r0, .L103+12
 1218 00fe 0146     		mov	r1, r0
 1219 0100 FFF7FEFF 		bl	tftDisplay
 1220              	.LVL104:
 225:asw/swc_clock.c **** 
 1221              		.loc 1 225 0
 1222 0104 11B0     		add	sp, sp, #68
 1223              		.cfi_def_cfa_offset 12
 1224              		@ sp needed
 1225 0106 30BD     		pop	{r4, r5, pc}
 1226              	.L104:
 1227              		.align	2
 1228              	.L103:
 1229 0108 10000000 		.word	.LANCHOR0+16
 1230 010c 00000000 		.word	SO_CLOCK_signal
 1231 0110 00000000 		.word	.LANCHOR0
 1232 0114 04000000 		.word	.LC1
 1233              		.cfi_endproc
 1234              	.LFE131:
 1235              		.size	CLOCK__action_initClock, .-CLOCK__action_initClock
 1236              		.global	CONTROL_WidgetFSM
 1237              		.global	CONTROL_ContainerFSM
 1238              		.global	STATE_CLOCK_C_ISEDITINGMINS_Transitions
 1239              		.global	STATE_CLOCK_C_ISEDITINGHOURS_Transitions
 1240              		.global	STATE_CLOCK_C_ISDISPLAYING_Transitions
 1241              		.comm	w_currentTime,10,4
 1242              		.global	m_mins
 1243              		.global	m_hours
 1244              		.section	.rodata
 1245              		.align	2
ARM GAS  C:\Users\91819\AppData\Local\Temp\ccZyeurY.s 			page 45


 1246              		.type	CLOCK_WIDGET_StateActions, %object
 1247              		.size	CLOCK_WIDGET_StateActions, 12
 1248              	CLOCK_WIDGET_StateActions:
 1249 0000 00000000 		.space	12
 1249      00000000 
 1249      00000000 
 1250              		.type	CLOCK_Widget_Transitions, %object
 1251              		.size	CLOCK_Widget_Transitions, 36
 1252              	CLOCK_Widget_Transitions:
 1253 000c 0000     		.short	0
 1254 000e 0000     		.space	2
 1255 0010 6C000000 		.word	state_CLOCK_W_ISDISAPLAYING_Transitions
 1256 0014 0200     		.short	2
 1257 0016 0000     		.space	2
 1258 0018 0100     		.short	1
 1259 001a 0000     		.space	2
 1260 001c 48000000 		.word	state_CLOCK_W_ISEDITING_Transitions
 1261 0020 0300     		.short	3
 1262 0022 0000     		.space	2
 1263 0024 0200     		.short	2
 1264 0026 0000     		.space	2
 1265 0028 30000000 		.word	state_CLOCK_W_ISAUTOINCREMENT_Transitions
 1266 002c 0200     		.short	2
 1267 002e 0000     		.space	2
 1268              		.type	state_CLOCK_W_ISAUTOINCREMENT_Transitions, %object
 1269              		.size	state_CLOCK_W_ISAUTOINCREMENT_Transitions, 24
 1270              	state_CLOCK_W_ISAUTOINCREMENT_Transitions:
 1271 0030 0200     		.short	2
 1272 0032 0100     		.short	1
 1273 0034 00000000 		.word	0
 1274 0038 00000000 		.word	CLOCK_incrementWidget
 1275 003c 0400     		.short	4
 1276 003e 0200     		.short	2
 1277 0040 00000000 		.word	0
 1278 0044 00000000 		.word	CLOCK_incrementWidget
 1279              		.type	state_CLOCK_W_ISEDITING_Transitions, %object
 1280              		.size	state_CLOCK_W_ISEDITING_Transitions, 36
 1281              	state_CLOCK_W_ISEDITING_Transitions:
 1282 0048 0200     		.short	2
 1283 004a 0100     		.short	1
 1284 004c 00000000 		.word	0
 1285 0050 00000000 		.word	CLOCK_incrementWidget
 1286 0054 0300     		.short	3
 1287 0056 0200     		.short	2
 1288 0058 00000000 		.word	0
 1289 005c 00000000 		.word	0
 1290 0060 0100     		.short	1
 1291 0062 0000     		.short	0
 1292 0064 00000000 		.word	0
 1293 0068 00000000 		.word	CLOCK_setDisplayFonts
 1294              		.type	state_CLOCK_W_ISDISAPLAYING_Transitions, %object
 1295              		.size	state_CLOCK_W_ISDISAPLAYING_Transitions, 24
 1296              	state_CLOCK_W_ISDISAPLAYING_Transitions:
 1297 006c 0100     		.short	1
 1298 006e 0100     		.short	1
 1299 0070 00000000 		.word	0
 1300 0074 00000000 		.word	CLOCK_setEditFonts
ARM GAS  C:\Users\91819\AppData\Local\Temp\ccZyeurY.s 			page 46


 1301 0078 0500     		.short	5
 1302 007a 0000     		.short	0
 1303 007c 00000000 		.word	0
 1304 0080 00000000 		.word	CLOCK_incrementWidget
 1305              		.type	CONTROL_CLOCK_StateActions, %object
 1306              		.size	CONTROL_CLOCK_StateActions, 12
 1307              	CONTROL_CLOCK_StateActions:
 1308 0084 00000000 		.space	12
 1308      00000000 
 1308      00000000 
 1309              		.type	CONTROL_CLOCK_Transitions, %object
 1310              		.size	CONTROL_CLOCK_Transitions, 36
 1311              	CONTROL_CLOCK_Transitions:
 1312 0090 0000     		.short	0
 1313 0092 0000     		.space	2
 1314 0094 00000000 		.word	STATE_CLOCK_C_ISDISPLAYING_Transitions
 1315 0098 0200     		.short	2
 1316 009a 0000     		.space	2
 1317 009c 0100     		.short	1
 1318 009e 0000     		.space	2
 1319 00a0 00000000 		.word	STATE_CLOCK_C_ISEDITINGHOURS_Transitions
 1320 00a4 0400     		.short	4
 1321 00a6 0000     		.space	2
 1322 00a8 0200     		.short	2
 1323 00aa 0000     		.space	2
 1324 00ac 00000000 		.word	STATE_CLOCK_C_ISEDITINGMINS_Transitions
 1325 00b0 0400     		.short	4
 1326 00b2 0000     		.space	2
 1327              		.type	STATE_CLOCK_C_ISEDITINGMINS_Transitions, %object
 1328              		.size	STATE_CLOCK_C_ISEDITINGMINS_Transitions, 48
 1329              	STATE_CLOCK_C_ISEDITINGMINS_Transitions:
 1330 00b4 0100     		.short	1
 1331 00b6 0000     		.short	0
 1332 00b8 00000000 		.word	0
 1333 00bc 00000000 		.word	CLOCK__dispatch_KL_Min
 1334 00c0 0200     		.short	2
 1335 00c2 0200     		.short	2
 1336 00c4 00000000 		.word	0
 1337 00c8 00000000 		.word	CLOCK__dispatch_KR_Min
 1338 00cc 0300     		.short	3
 1339 00ce 0200     		.short	2
 1340 00d0 00000000 		.word	0
 1341 00d4 00000000 		.word	CLOCK__dispatch_KRLP_Min
 1342 00d8 0400     		.short	4
 1343 00da 0200     		.short	2
 1344 00dc 00000000 		.word	0
 1345 00e0 00000000 		.word	CLOCK__dispatch_250MS_Min
 1346              		.type	STATE_CLOCK_C_ISEDITINGHOURS_Transitions, %object
 1347              		.size	STATE_CLOCK_C_ISEDITINGHOURS_Transitions, 48
 1348              	STATE_CLOCK_C_ISEDITINGHOURS_Transitions:
 1349 00e4 0100     		.short	1
 1350 00e6 0200     		.short	2
 1351 00e8 00000000 		.word	0
 1352 00ec 00000000 		.word	CLOCK__dispatch_KL_HoursMin
 1353 00f0 0200     		.short	2
 1354 00f2 0100     		.short	1
 1355 00f4 00000000 		.word	0
ARM GAS  C:\Users\91819\AppData\Local\Temp\ccZyeurY.s 			page 47


 1356 00f8 00000000 		.word	CLOCK__dispatch_KR_Hours
 1357 00fc 0300     		.short	3
 1358 00fe 0100     		.short	1
 1359 0100 00000000 		.word	0
 1360 0104 00000000 		.word	CLOCK__dispatch_KRLP_Hours
 1361 0108 0400     		.short	4
 1362 010a 0100     		.short	1
 1363 010c 00000000 		.word	0
 1364 0110 00000000 		.word	CLOCK__dispatch_250MS_Hours
 1365              		.type	STATE_CLOCK_C_ISDISPLAYING_Transitions, %object
 1366              		.size	STATE_CLOCK_C_ISDISPLAYING_Transitions, 24
 1367              	STATE_CLOCK_C_ISDISPLAYING_Transitions:
 1368 0114 0100     		.short	1
 1369 0116 0100     		.short	1
 1370 0118 00000000 		.word	0
 1371 011c 00000000 		.word	CLOCK__dispatch_KL_Hours
 1372 0120 0500     		.short	5
 1373 0122 0000     		.short	0
 1374 0124 00000000 		.word	0
 1375 0128 00000000 		.word	CLOCK__increment1Minute
 1376              		.data
 1377              		.align	2
 1378              		.set	.LANCHOR0,. + 0
 1379              		.type	CONTROL_WidgetFSM, %object
 1380              		.size	CONTROL_WidgetFSM, 16
 1381              	CONTROL_WidgetFSM:
 1382 0000 0C000000 		.word	CLOCK_Widget_Transitions
 1383 0004 0300     		.short	3
 1384 0006 0000     		.space	2
 1385 0008 00000000 		.word	CLOCK_WIDGET_StateActions
 1386 000c 0100     		.short	1
 1387 000e 0000     		.short	0
 1388              		.type	CONTROL_ContainerFSM, %object
 1389              		.size	CONTROL_ContainerFSM, 16
 1390              	CONTROL_ContainerFSM:
 1391 0010 90000000 		.word	CONTROL_CLOCK_Transitions
 1392 0014 0300     		.short	3
 1393 0016 0000     		.space	2
 1394 0018 84000000 		.word	CONTROL_CLOCK_StateActions
 1395 001c 0100     		.short	1
 1396 001e 0000     		.short	0
 1397              		.section	.rodata.str1.4,"aMS",%progbits,1
 1398              		.align	2
 1399              	.LC0:
 1400 0000 3A00     		.ascii	":\000"
 1401 0002 0000     		.space	2
 1402              	.LC1:
 1403 0004 303000   		.ascii	"00\000"
 1404              		.bss
 1405              		.set	.LANCHOR1,. + 0
 1406              		.type	m_hours, %object
 1407              		.size	m_hours, 1
 1408              	m_hours:
 1409 0000 00       		.space	1
 1410              		.type	m_mins, %object
 1411              		.size	m_mins, 1
 1412              	m_mins:
ARM GAS  C:\Users\91819\AppData\Local\Temp\ccZyeurY.s 			page 48


 1413 0001 00       		.space	1
 1414              		.type	longPressTick.8580, %object
 1415              		.size	longPressTick.8580, 1
 1416              	longPressTick.8580:
 1417 0002 00       		.space	1
 1418              		.text
 1419              	.Letext0:
 1420              		.file 4 "c:\\program files (x86)\\cypress\\psoc creator\\4.4\\psoc creator\\import\\gnu\\arm\\5.4.
 1421              		.file 5 "c:\\program files (x86)\\cypress\\psoc creator\\4.4\\psoc creator\\import\\gnu\\arm\\5.4.
 1422              		.file 6 "c:\\program files (x86)\\cypress\\psoc creator\\4.4\\psoc creator\\import\\gnu\\arm\\5.4.
 1423              		.file 7 "Generated_Source\\PSoC5/ErikaOS_1_common_ee_types.inc"
 1424              		.file 8 "Generated_Source\\PSoC5/ErikaOS_1_cortex_mx_ee_cpu.inc"
 1425              		.file 9 "Generated_Source\\PSoC5/ErikaOS_1_ee_oo_common.inc"
 1426              		.file 10 ".\\bsw/global.h"
 1427              		.file 11 ".\\rte/rte_types.h"
 1428              		.file 12 ".\\rte/rte.h"
 1429              		.file 13 ".\\bsw\\tft/tft.h"
 1430              		.file 14 "asw\\swc_clock.h"
 1431              		.file 15 "asw\\statemachine.h"
 1432              		.file 16 ".\\rte/sc_clock_type.h"
 1433              		.file 17 ".\\rte/sc_event_type.h"
 1434              		.file 18 "Generated_Source\\PSoC5/ErikaOS_1_ee_oo_intfunc.inc"
 1435              		.file 19 "Generated_Source\\PSoC5/ErikaOS_1_cortex_mx_ee_context.inc"
 1436              		.file 20 "Generated_Source\\PSoC5/ErikaOS_1_common_ee_primitives.inc"
 1437              		.file 21 "Generated_Source\\PSoC5/core_cm3.h"
 1438              		.file 22 ".\\rte/sp_common.h"
 1439              		.file 23 "Generated_Source\\PSoC5/ErikaOS_1_ee_oo_kernel.inc"
 1440              		.file 24 "Generated_Source\\PSoC5/BUTTON_2.h"
 1441              		.section	.debug_info,"",%progbits
 1442              	.Ldebug_info0:
 1443 0000 33140000 		.4byte	0x1433
 1444 0004 0400     		.2byte	0x4
 1445 0006 00000000 		.4byte	.Ldebug_abbrev0
 1446 000a 04       		.byte	0x4
 1447 000b 01       		.uleb128 0x1
 1448 000c 7E0A0000 		.4byte	.LASF236
 1449 0010 0C       		.byte	0xc
 1450 0011 5A0B0000 		.4byte	.LASF237
 1451 0015 83060000 		.4byte	.LASF238
 1452 0019 00000000 		.4byte	.Ldebug_ranges0+0
 1453 001d 00000000 		.4byte	0
 1454 0021 00000000 		.4byte	.Ldebug_line0
 1455 0025 02       		.uleb128 0x2
 1456 0026 01       		.byte	0x1
 1457 0027 06       		.byte	0x6
 1458 0028 5A020000 		.4byte	.LASF0
 1459 002c 03       		.uleb128 0x3
 1460 002d C5000000 		.4byte	.LASF3
 1461 0031 04       		.byte	0x4
 1462 0032 1D       		.byte	0x1d
 1463 0033 37000000 		.4byte	0x37
 1464 0037 02       		.uleb128 0x2
 1465 0038 01       		.byte	0x1
 1466 0039 08       		.byte	0x8
 1467 003a 000A0000 		.4byte	.LASF1
 1468 003e 02       		.uleb128 0x2
 1469 003f 02       		.byte	0x2
ARM GAS  C:\Users\91819\AppData\Local\Temp\ccZyeurY.s 			page 49


 1470 0040 05       		.byte	0x5
 1471 0041 2E0A0000 		.4byte	.LASF2
 1472 0045 03       		.uleb128 0x3
 1473 0046 100C0000 		.4byte	.LASF4
 1474 004a 04       		.byte	0x4
 1475 004b 2B       		.byte	0x2b
 1476 004c 50000000 		.4byte	0x50
 1477 0050 02       		.uleb128 0x2
 1478 0051 02       		.byte	0x2
 1479 0052 07       		.byte	0x7
 1480 0053 460D0000 		.4byte	.LASF5
 1481 0057 03       		.uleb128 0x3
 1482 0058 A3010000 		.4byte	.LASF6
 1483 005c 04       		.byte	0x4
 1484 005d 3F       		.byte	0x3f
 1485 005e 62000000 		.4byte	0x62
 1486 0062 02       		.uleb128 0x2
 1487 0063 04       		.byte	0x4
 1488 0064 05       		.byte	0x5
 1489 0065 07030000 		.4byte	.LASF7
 1490 0069 03       		.uleb128 0x3
 1491 006a D9030000 		.4byte	.LASF8
 1492 006e 04       		.byte	0x4
 1493 006f 41       		.byte	0x41
 1494 0070 74000000 		.4byte	0x74
 1495 0074 02       		.uleb128 0x2
 1496 0075 04       		.byte	0x4
 1497 0076 07       		.byte	0x7
 1498 0077 CB0B0000 		.4byte	.LASF9
 1499 007b 02       		.uleb128 0x2
 1500 007c 08       		.byte	0x8
 1501 007d 05       		.byte	0x5
 1502 007e 59040000 		.4byte	.LASF10
 1503 0082 02       		.uleb128 0x2
 1504 0083 08       		.byte	0x8
 1505 0084 07       		.byte	0x7
 1506 0085 2B010000 		.4byte	.LASF11
 1507 0089 04       		.uleb128 0x4
 1508 008a 04       		.byte	0x4
 1509 008b 05       		.byte	0x5
 1510 008c 696E7400 		.ascii	"int\000"
 1511 0090 02       		.uleb128 0x2
 1512 0091 04       		.byte	0x4
 1513 0092 07       		.byte	0x7
 1514 0093 80040000 		.4byte	.LASF12
 1515 0097 03       		.uleb128 0x3
 1516 0098 5D0E0000 		.4byte	.LASF13
 1517 009c 05       		.byte	0x5
 1518 009d 18       		.byte	0x18
 1519 009e 2C000000 		.4byte	0x2c
 1520 00a2 03       		.uleb128 0x3
 1521 00a3 95040000 		.4byte	.LASF14
 1522 00a7 05       		.byte	0x5
 1523 00a8 24       		.byte	0x24
 1524 00a9 45000000 		.4byte	0x45
 1525 00ad 03       		.uleb128 0x3
 1526 00ae F8090000 		.4byte	.LASF15
ARM GAS  C:\Users\91819\AppData\Local\Temp\ccZyeurY.s 			page 50


 1527 00b2 05       		.byte	0x5
 1528 00b3 2C       		.byte	0x2c
 1529 00b4 57000000 		.4byte	0x57
 1530 00b8 03       		.uleb128 0x3
 1531 00b9 A80B0000 		.4byte	.LASF16
 1532 00bd 05       		.byte	0x5
 1533 00be 30       		.byte	0x30
 1534 00bf 69000000 		.4byte	0x69
 1535 00c3 02       		.uleb128 0x2
 1536 00c4 04       		.byte	0x4
 1537 00c5 04       		.byte	0x4
 1538 00c6 88090000 		.4byte	.LASF17
 1539 00ca 02       		.uleb128 0x2
 1540 00cb 08       		.byte	0x8
 1541 00cc 04       		.byte	0x4
 1542 00cd 61030000 		.4byte	.LASF18
 1543 00d1 02       		.uleb128 0x2
 1544 00d2 01       		.byte	0x1
 1545 00d3 08       		.byte	0x8
 1546 00d4 F40B0000 		.4byte	.LASF19
 1547 00d8 03       		.uleb128 0x3
 1548 00d9 49000000 		.4byte	.LASF20
 1549 00dd 06       		.byte	0x6
 1550 00de D8       		.byte	0xd8
 1551 00df 90000000 		.4byte	0x90
 1552 00e3 02       		.uleb128 0x2
 1553 00e4 08       		.byte	0x8
 1554 00e5 04       		.byte	0x4
 1555 00e6 B4070000 		.4byte	.LASF21
 1556 00ea 03       		.uleb128 0x3
 1557 00eb 540E0000 		.4byte	.LASF22
 1558 00ef 07       		.byte	0x7
 1559 00f0 53       		.byte	0x53
 1560 00f1 89000000 		.4byte	0x89
 1561 00f5 03       		.uleb128 0x3
 1562 00f6 3A0E0000 		.4byte	.LASF23
 1563 00fa 07       		.byte	0x7
 1564 00fb 54       		.byte	0x54
 1565 00fc 90000000 		.4byte	0x90
 1566 0100 03       		.uleb128 0x3
 1567 0101 BF040000 		.4byte	.LASF24
 1568 0105 08       		.byte	0x8
 1569 0106 4D       		.byte	0x4d
 1570 0107 F5000000 		.4byte	0xf5
 1571 010b 03       		.uleb128 0x3
 1572 010c 770F0000 		.4byte	.LASF25
 1573 0110 08       		.byte	0x8
 1574 0111 4F       		.byte	0x4f
 1575 0112 F5000000 		.4byte	0xf5
 1576 0116 03       		.uleb128 0x3
 1577 0117 1B090000 		.4byte	.LASF26
 1578 011b 08       		.byte	0x8
 1579 011c 78       		.byte	0x78
 1580 011d EA000000 		.4byte	0xea
 1581 0121 05       		.uleb128 0x5
 1582 0122 79050000 		.4byte	.LASF27
 1583 0126 09       		.byte	0x9
ARM GAS  C:\Users\91819\AppData\Local\Temp\ccZyeurY.s 			page 51


 1584 0127 F701     		.2byte	0x1f7
 1585 0129 16010000 		.4byte	0x116
 1586 012d 05       		.uleb128 0x5
 1587 012e B2000000 		.4byte	.LASF28
 1588 0132 09       		.byte	0x9
 1589 0133 2102     		.2byte	0x221
 1590 0135 00010000 		.4byte	0x100
 1591 0139 05       		.uleb128 0x5
 1592 013a 120F0000 		.4byte	.LASF29
 1593 013e 09       		.byte	0x9
 1594 013f 2C02     		.2byte	0x22c
 1595 0141 00010000 		.4byte	0x100
 1596 0145 02       		.uleb128 0x2
 1597 0146 04       		.byte	0x4
 1598 0147 07       		.byte	0x7
 1599 0148 7A070000 		.4byte	.LASF30
 1600 014c 06       		.uleb128 0x6
 1601 014d 04       		.byte	0x4
 1602 014e D1000000 		.4byte	0xd1
 1603 0152 07       		.uleb128 0x7
 1604 0153 97000000 		.4byte	0x97
 1605 0157 03       		.uleb128 0x3
 1606 0158 C0070000 		.4byte	.LASF31
 1607 015c 0A       		.byte	0xa
 1608 015d 9C       		.byte	0x9c
 1609 015e 37000000 		.4byte	0x37
 1610 0162 08       		.uleb128 0x8
 1611 0163 01       		.byte	0x1
 1612 0164 25000000 		.4byte	0x25
 1613 0168 0A       		.byte	0xa
 1614 0169 CF       		.byte	0xcf
 1615 016a 0B020000 		.4byte	0x20b
 1616 016e 09       		.uleb128 0x9
 1617 016f 1E050000 		.4byte	.LASF32
 1618 0173 00       		.byte	0
 1619 0174 0A       		.uleb128 0xa
 1620 0175 7A090000 		.4byte	.LASF33
 1621 0179 7F       		.sleb128 -1
 1622 017a 0A       		.uleb128 0xa
 1623 017b F4040000 		.4byte	.LASF34
 1624 017f 7E       		.sleb128 -2
 1625 0180 0A       		.uleb128 0xa
 1626 0181 700A0000 		.4byte	.LASF35
 1627 0185 7D       		.sleb128 -3
 1628 0186 0A       		.uleb128 0xa
 1629 0187 360D0000 		.4byte	.LASF36
 1630 018b 7C       		.sleb128 -4
 1631 018c 0A       		.uleb128 0xa
 1632 018d D4000000 		.4byte	.LASF37
 1633 0191 7B       		.sleb128 -5
 1634 0192 0A       		.uleb128 0xa
 1635 0193 D50C0000 		.4byte	.LASF38
 1636 0197 7A       		.sleb128 -6
 1637 0198 0A       		.uleb128 0xa
 1638 0199 BE080000 		.4byte	.LASF39
 1639 019d 79       		.sleb128 -7
 1640 019e 0A       		.uleb128 0xa
ARM GAS  C:\Users\91819\AppData\Local\Temp\ccZyeurY.s 			page 52


 1641 019f D8050000 		.4byte	.LASF40
 1642 01a3 78       		.sleb128 -8
 1643 01a4 0A       		.uleb128 0xa
 1644 01a5 DA020000 		.4byte	.LASF41
 1645 01a9 77       		.sleb128 -9
 1646 01aa 0A       		.uleb128 0xa
 1647 01ab A7090000 		.4byte	.LASF42
 1648 01af 76       		.sleb128 -10
 1649 01b0 0A       		.uleb128 0xa
 1650 01b1 63010000 		.4byte	.LASF43
 1651 01b5 75       		.sleb128 -11
 1652 01b6 0A       		.uleb128 0xa
 1653 01b7 4A030000 		.4byte	.LASF44
 1654 01bb 74       		.sleb128 -12
 1655 01bc 0A       		.uleb128 0xa
 1656 01bd D1040000 		.4byte	.LASF45
 1657 01c1 73       		.sleb128 -13
 1658 01c2 0A       		.uleb128 0xa
 1659 01c3 B80B0000 		.4byte	.LASF46
 1660 01c7 72       		.sleb128 -14
 1661 01c8 0A       		.uleb128 0xa
 1662 01c9 E4090000 		.4byte	.LASF47
 1663 01cd 71       		.sleb128 -15
 1664 01ce 0A       		.uleb128 0xa
 1665 01cf BA020000 		.4byte	.LASF48
 1666 01d3 70       		.sleb128 -16
 1667 01d4 0A       		.uleb128 0xa
 1668 01d5 D0080000 		.4byte	.LASF49
 1669 01d9 6F       		.sleb128 -17
 1670 01da 0A       		.uleb128 0xa
 1671 01db 03060000 		.4byte	.LASF50
 1672 01df 6E       		.sleb128 -18
 1673 01e0 0A       		.uleb128 0xa
 1674 01e1 11010000 		.4byte	.LASF51
 1675 01e5 6D       		.sleb128 -19
 1676 01e6 0A       		.uleb128 0xa
 1677 01e7 42060000 		.4byte	.LASF52
 1678 01eb 6C       		.sleb128 -20
 1679 01ec 0A       		.uleb128 0xa
 1680 01ed 51010000 		.4byte	.LASF53
 1681 01f1 6B       		.sleb128 -21
 1682 01f2 0A       		.uleb128 0xa
 1683 01f3 A7080000 		.4byte	.LASF54
 1684 01f7 6A       		.sleb128 -22
 1685 01f8 0A       		.uleb128 0xa
 1686 01f9 2A000000 		.4byte	.LASF55
 1687 01fd 69       		.sleb128 -23
 1688 01fe 0A       		.uleb128 0xa
 1689 01ff AE040000 		.4byte	.LASF56
 1690 0203 68       		.sleb128 -24
 1691 0204 0A       		.uleb128 0xa
 1692 0205 860C0000 		.4byte	.LASF57
 1693 0209 67       		.sleb128 -25
 1694 020a 00       		.byte	0
 1695 020b 03       		.uleb128 0x3
 1696 020c CF000000 		.4byte	.LASF58
 1697 0210 0A       		.byte	0xa
ARM GAS  C:\Users\91819\AppData\Local\Temp\ccZyeurY.s 			page 53


 1698 0211 EA       		.byte	0xea
 1699 0212 62010000 		.4byte	0x162
 1700 0216 03       		.uleb128 0x3
 1701 0217 800D0000 		.4byte	.LASF59
 1702 021b 0B       		.byte	0xb
 1703 021c 19       		.byte	0x19
 1704 021d 21020000 		.4byte	0x221
 1705 0221 0B       		.uleb128 0xb
 1706 0222 21010000 		.4byte	0x121
 1707 0226 2C020000 		.4byte	0x22c
 1708 022a 0C       		.uleb128 0xc
 1709 022b 00       		.byte	0
 1710 022c 03       		.uleb128 0x3
 1711 022d 14050000 		.4byte	.LASF60
 1712 0231 0B       		.byte	0xb
 1713 0232 21       		.byte	0x21
 1714 0233 39010000 		.4byte	0x139
 1715 0237 08       		.uleb128 0x8
 1716 0238 01       		.byte	0x1
 1717 0239 37000000 		.4byte	0x37
 1718 023d 0C       		.byte	0xc
 1719 023e 59       		.byte	0x59
 1720 023f 5C020000 		.4byte	0x25c
 1721 0243 09       		.uleb128 0x9
 1722 0244 29060000 		.4byte	.LASF61
 1723 0248 00       		.byte	0
 1724 0249 09       		.uleb128 0x9
 1725 024a 00020000 		.4byte	.LASF62
 1726 024e 01       		.byte	0x1
 1727 024f 09       		.uleb128 0x9
 1728 0250 76030000 		.4byte	.LASF63
 1729 0254 02       		.byte	0x2
 1730 0255 09       		.uleb128 0x9
 1731 0256 FD0D0000 		.4byte	.LASF64
 1732 025a 03       		.byte	0x3
 1733 025b 00       		.byte	0
 1734 025c 03       		.uleb128 0x3
 1735 025d 0B0D0000 		.4byte	.LASF65
 1736 0261 0C       		.byte	0xc
 1737 0262 5E       		.byte	0x5e
 1738 0263 37020000 		.4byte	0x237
 1739 0267 08       		.uleb128 0x8
 1740 0268 02       		.byte	0x2
 1741 0269 50000000 		.4byte	0x50
 1742 026d 0D       		.byte	0xd
 1743 026e 5C       		.byte	0x5c
 1744 026f 05030000 		.4byte	0x305
 1745 0273 0D       		.uleb128 0xd
 1746 0274 BF000000 		.4byte	.LASF66
 1747 0278 FFFF     		.2byte	0xffff
 1748 027a 09       		.uleb128 0x9
 1749 027b 0A0C0000 		.4byte	.LASF67
 1750 027f 00       		.byte	0
 1751 0280 0D       		.uleb128 0xd
 1752 0281 350C0000 		.4byte	.LASF68
 1753 0285 00F8     		.2byte	0xf800
 1754 0287 0D       		.uleb128 0xd
ARM GAS  C:\Users\91819\AppData\Local\Temp\ccZyeurY.s 			page 54


 1755 0288 83090000 		.4byte	.LASF69
 1756 028c 1FF8     		.2byte	0xf81f
 1757 028e 0D       		.uleb128 0xd
 1758 028f 86000000 		.4byte	.LASF70
 1759 0293 FF07     		.2byte	0x7ff
 1760 0295 0D       		.uleb128 0xd
 1761 0296 57050000 		.4byte	.LASF71
 1762 029a E0FF     		.2byte	0xffe0
 1763 029c 0E       		.uleb128 0xe
 1764 029d 52454400 		.ascii	"RED\000"
 1765 02a1 1F       		.byte	0x1f
 1766 02a2 0D       		.uleb128 0xd
 1767 02a3 41000000 		.4byte	.LASF72
 1768 02a7 1FF8     		.2byte	0xf81f
 1769 02a9 0D       		.uleb128 0xd
 1770 02aa 670C0000 		.4byte	.LASF73
 1771 02ae E007     		.2byte	0x7e0
 1772 02b0 0D       		.uleb128 0xd
 1773 02b1 220B0000 		.4byte	.LASF74
 1774 02b5 E0FF     		.2byte	0xffe0
 1775 02b7 0D       		.uleb128 0xd
 1776 02b8 43030000 		.4byte	.LASF75
 1777 02bc FF07     		.2byte	0x7ff
 1778 02be 0D       		.uleb128 0xd
 1779 02bf 32030000 		.4byte	.LASF76
 1780 02c3 3D02     		.2byte	0x23d
 1781 02c5 0D       		.uleb128 0xd
 1782 02c6 E4030000 		.4byte	.LASF77
 1783 02ca 3FE0     		.2byte	0xe03f
 1784 02cc 0D       		.uleb128 0xd
 1785 02cd B9080000 		.4byte	.LASF78
 1786 02d1 210C     		.2byte	0xc21
 1787 02d3 0D       		.uleb128 0xd
 1788 02d4 40090000 		.4byte	.LASF79
 1789 02d8 89F3     		.2byte	0xf389
 1790 02da 0D       		.uleb128 0xd
 1791 02db 2F070000 		.4byte	.LASF80
 1792 02df BE3E     		.2byte	0x3ebe
 1793 02e1 0D       		.uleb128 0xd
 1794 02e2 E20E0000 		.4byte	.LASF81
 1795 02e6 2A1A     		.2byte	0x1a2a
 1796 02e8 0D       		.uleb128 0xd
 1797 02e9 EB0C0000 		.4byte	.LASF82
 1798 02ed 21F8     		.2byte	0xf821
 1799 02ef 0D       		.uleb128 0xd
 1800 02f0 2B040000 		.4byte	.LASF83
 1801 02f4 6318     		.2byte	0x1863
 1802 02f6 0D       		.uleb128 0xd
 1803 02f7 F9050000 		.4byte	.LASF84
 1804 02fb 658A     		.2byte	0x8a65
 1805 02fd 0D       		.uleb128 0xd
 1806 02fe D1050000 		.4byte	.LASF85
 1807 0302 D448     		.2byte	0x48d4
 1808 0304 00       		.byte	0
 1809 0305 03       		.uleb128 0x3
 1810 0306 D9010000 		.4byte	.LASF86
 1811 030a 0D       		.byte	0xd
ARM GAS  C:\Users\91819\AppData\Local\Temp\ccZyeurY.s 			page 55


 1812 030b 72       		.byte	0x72
 1813 030c 67020000 		.4byte	0x267
 1814 0310 08       		.uleb128 0x8
 1815 0311 01       		.byte	0x1
 1816 0312 37000000 		.4byte	0x37
 1817 0316 0E       		.byte	0xe
 1818 0317 12       		.byte	0x12
 1819 0318 41030000 		.4byte	0x341
 1820 031c 09       		.uleb128 0x9
 1821 031d 1D0E0000 		.4byte	.LASF87
 1822 0321 00       		.byte	0
 1823 0322 09       		.uleb128 0x9
 1824 0323 00000000 		.4byte	.LASF88
 1825 0327 01       		.byte	0x1
 1826 0328 09       		.uleb128 0x9
 1827 0329 4D040000 		.4byte	.LASF89
 1828 032d 02       		.byte	0x2
 1829 032e 09       		.uleb128 0x9
 1830 032f BD0E0000 		.4byte	.LASF90
 1831 0333 03       		.byte	0x3
 1832 0334 09       		.uleb128 0x9
 1833 0335 58030000 		.4byte	.LASF91
 1834 0339 04       		.byte	0x4
 1835 033a 09       		.uleb128 0x9
 1836 033b 8D040000 		.4byte	.LASF92
 1837 033f 05       		.byte	0x5
 1838 0340 00       		.byte	0
 1839 0341 03       		.uleb128 0x3
 1840 0342 400B0000 		.4byte	.LASF93
 1841 0346 0E       		.byte	0xe
 1842 0347 1A       		.byte	0x1a
 1843 0348 10030000 		.4byte	0x310
 1844 034c 08       		.uleb128 0x8
 1845 034d 01       		.byte	0x1
 1846 034e 37000000 		.4byte	0x37
 1847 0352 0E       		.byte	0xe
 1848 0353 1C       		.byte	0x1c
 1849 0354 6B030000 		.4byte	0x36b
 1850 0358 09       		.uleb128 0x9
 1851 0359 8E010000 		.4byte	.LASF94
 1852 035d 00       		.byte	0
 1853 035e 09       		.uleb128 0x9
 1854 035f 8D020000 		.4byte	.LASF95
 1855 0363 01       		.byte	0x1
 1856 0364 09       		.uleb128 0x9
 1857 0365 3E0A0000 		.4byte	.LASF96
 1858 0369 02       		.byte	0x2
 1859 036a 00       		.byte	0
 1860 036b 08       		.uleb128 0x8
 1861 036c 01       		.byte	0x1
 1862 036d 37000000 		.4byte	0x37
 1863 0371 0E       		.byte	0xe
 1864 0372 26       		.byte	0x26
 1865 0373 84030000 		.4byte	0x384
 1866 0377 09       		.uleb128 0x9
 1867 0378 62080000 		.4byte	.LASF97
 1868 037c 00       		.byte	0
ARM GAS  C:\Users\91819\AppData\Local\Temp\ccZyeurY.s 			page 56


 1869 037d 09       		.uleb128 0x9
 1870 037e 9F090000 		.4byte	.LASF98
 1871 0382 01       		.byte	0x1
 1872 0383 00       		.byte	0
 1873 0384 03       		.uleb128 0x3
 1874 0385 68030000 		.4byte	.LASF99
 1875 0389 0E       		.byte	0xe
 1876 038a 29       		.byte	0x29
 1877 038b 6B030000 		.4byte	0x36b
 1878 038f 0F       		.uleb128 0xf
 1879 0390 04       		.byte	0x4
 1880 0391 0E       		.byte	0xe
 1881 0392 2B       		.byte	0x2b
 1882 0393 B0030000 		.4byte	0x3b0
 1883 0397 10       		.uleb128 0x10
 1884 0398 10030000 		.4byte	.LASF100
 1885 039c 0E       		.byte	0xe
 1886 039d 2C       		.byte	0x2c
 1887 039e 05030000 		.4byte	0x305
 1888 03a2 00       		.byte	0
 1889 03a3 10       		.uleb128 0x10
 1890 03a4 4D0B0000 		.4byte	.LASF101
 1891 03a8 0E       		.byte	0xe
 1892 03a9 2D       		.byte	0x2d
 1893 03aa 05030000 		.4byte	0x305
 1894 03ae 02       		.byte	0x2
 1895 03af 00       		.byte	0
 1896 03b0 03       		.uleb128 0x3
 1897 03b1 F50E0000 		.4byte	.LASF102
 1898 03b5 0E       		.byte	0xe
 1899 03b6 2E       		.byte	0x2e
 1900 03b7 8F030000 		.4byte	0x38f
 1901 03bb 0F       		.uleb128 0xf
 1902 03bc 0A       		.byte	0xa
 1903 03bd 0E       		.byte	0xe
 1904 03be 30       		.byte	0x30
 1905 03bf F4030000 		.4byte	0x3f4
 1906 03c3 10       		.uleb128 0x10
 1907 03c4 200F0000 		.4byte	.LASF103
 1908 03c8 0E       		.byte	0xe
 1909 03c9 32       		.byte	0x32
 1910 03ca 97000000 		.4byte	0x97
 1911 03ce 00       		.byte	0
 1912 03cf 10       		.uleb128 0x10
 1913 03d0 380A0000 		.4byte	.LASF104
 1914 03d4 0E       		.byte	0xe
 1915 03d5 33       		.byte	0x33
 1916 03d6 97000000 		.4byte	0x97
 1917 03da 01       		.byte	0x1
 1918 03db 10       		.uleb128 0x10
 1919 03dc 020F0000 		.4byte	.LASF105
 1920 03e0 0E       		.byte	0xe
 1921 03e1 34       		.byte	0x34
 1922 03e2 B0030000 		.4byte	0x3b0
 1923 03e6 02       		.byte	0x2
 1924 03e7 10       		.uleb128 0x10
 1925 03e8 15000000 		.4byte	.LASF106
ARM GAS  C:\Users\91819\AppData\Local\Temp\ccZyeurY.s 			page 57


 1926 03ec 0E       		.byte	0xe
 1927 03ed 35       		.byte	0x35
 1928 03ee B0030000 		.4byte	0x3b0
 1929 03f2 06       		.byte	0x6
 1930 03f3 00       		.byte	0
 1931 03f4 03       		.uleb128 0x3
 1932 03f5 41050000 		.4byte	.LASF107
 1933 03f9 0E       		.byte	0xe
 1934 03fa 36       		.byte	0x36
 1935 03fb BB030000 		.4byte	0x3bb
 1936 03ff 03       		.uleb128 0x3
 1937 0400 4D0F0000 		.4byte	.LASF108
 1938 0404 0F       		.byte	0xf
 1939 0405 32       		.byte	0x32
 1940 0406 0A040000 		.4byte	0x40a
 1941 040a 06       		.uleb128 0x6
 1942 040b 04       		.byte	0x4
 1943 040c 10040000 		.4byte	0x410
 1944 0410 11       		.uleb128 0x11
 1945 0411 17040000 		.4byte	0x417
 1946 0415 12       		.uleb128 0x12
 1947 0416 00       		.byte	0
 1948 0417 03       		.uleb128 0x3
 1949 0418 F6020000 		.4byte	.LASF109
 1950 041c 0F       		.byte	0xf
 1951 041d 37       		.byte	0x37
 1952 041e 22040000 		.4byte	0x422
 1953 0422 06       		.uleb128 0x6
 1954 0423 04       		.byte	0x4
 1955 0424 28040000 		.4byte	0x428
 1956 0428 13       		.uleb128 0x13
 1957 0429 57010000 		.4byte	0x157
 1958 042d 33040000 		.4byte	0x433
 1959 0431 12       		.uleb128 0x12
 1960 0432 00       		.byte	0
 1961 0433 0F       		.uleb128 0xf
 1962 0434 0C       		.byte	0xc
 1963 0435 0F       		.byte	0xf
 1964 0436 3E       		.byte	0x3e
 1965 0437 6C040000 		.4byte	0x46c
 1966 043b 10       		.uleb128 0x10
 1967 043c 6E050000 		.4byte	.LASF110
 1968 0440 0F       		.byte	0xf
 1969 0441 40       		.byte	0x40
 1970 0442 A2000000 		.4byte	0xa2
 1971 0446 00       		.byte	0
 1972 0447 10       		.uleb128 0x10
 1973 0448 09010000 		.4byte	.LASF111
 1974 044c 0F       		.byte	0xf
 1975 044d 41       		.byte	0x41
 1976 044e A2000000 		.4byte	0xa2
 1977 0452 02       		.byte	0x2
 1978 0453 10       		.uleb128 0x10
 1979 0454 0C0F0000 		.4byte	.LASF112
 1980 0458 0F       		.byte	0xf
 1981 0459 42       		.byte	0x42
 1982 045a 17040000 		.4byte	0x417
ARM GAS  C:\Users\91819\AppData\Local\Temp\ccZyeurY.s 			page 58


 1983 045e 04       		.byte	0x4
 1984 045f 10       		.uleb128 0x10
 1985 0460 B80D0000 		.4byte	.LASF113
 1986 0464 0F       		.byte	0xf
 1987 0465 43       		.byte	0x43
 1988 0466 FF030000 		.4byte	0x3ff
 1989 046a 08       		.byte	0x8
 1990 046b 00       		.byte	0
 1991 046c 03       		.uleb128 0x3
 1992 046d CA070000 		.4byte	.LASF114
 1993 0471 0F       		.byte	0xf
 1994 0472 45       		.byte	0x45
 1995 0473 33040000 		.4byte	0x433
 1996 0477 0B       		.uleb128 0xb
 1997 0478 6C040000 		.4byte	0x46c
 1998 047c 82040000 		.4byte	0x482
 1999 0480 0C       		.uleb128 0xc
 2000 0481 00       		.byte	0
 2001 0482 0F       		.uleb128 0xf
 2002 0483 0C       		.byte	0xc
 2003 0484 0F       		.byte	0xf
 2004 0485 4C       		.byte	0x4c
 2005 0486 AF040000 		.4byte	0x4af
 2006 048a 10       		.uleb128 0x10
 2007 048b 0B000000 		.4byte	.LASF115
 2008 048f 0F       		.byte	0xf
 2009 0490 4E       		.byte	0x4e
 2010 0491 A2000000 		.4byte	0xa2
 2011 0495 00       		.byte	0
 2012 0496 10       		.uleb128 0x10
 2013 0497 A4020000 		.4byte	.LASF116
 2014 049b 0F       		.byte	0xf
 2015 049c 4F       		.byte	0x4f
 2016 049d B5040000 		.4byte	0x4b5
 2017 04a1 04       		.byte	0x4
 2018 04a2 10       		.uleb128 0x10
 2019 04a3 74050000 		.4byte	.LASF117
 2020 04a7 0F       		.byte	0xf
 2021 04a8 50       		.byte	0x50
 2022 04a9 BA040000 		.4byte	0x4ba
 2023 04ad 08       		.byte	0x8
 2024 04ae 00       		.byte	0
 2025 04af 06       		.uleb128 0x6
 2026 04b0 04       		.byte	0x4
 2027 04b1 77040000 		.4byte	0x477
 2028 04b5 14       		.uleb128 0x14
 2029 04b6 AF040000 		.4byte	0x4af
 2030 04ba 14       		.uleb128 0x14
 2031 04bb A2000000 		.4byte	0xa2
 2032 04bf 03       		.uleb128 0x3
 2033 04c0 40080000 		.4byte	.LASF118
 2034 04c4 0F       		.byte	0xf
 2035 04c5 51       		.byte	0x51
 2036 04c6 82040000 		.4byte	0x482
 2037 04ca 0B       		.uleb128 0xb
 2038 04cb BF040000 		.4byte	0x4bf
 2039 04cf D5040000 		.4byte	0x4d5
ARM GAS  C:\Users\91819\AppData\Local\Temp\ccZyeurY.s 			page 59


 2040 04d3 0C       		.uleb128 0xc
 2041 04d4 00       		.byte	0
 2042 04d5 0F       		.uleb128 0xf
 2043 04d6 0C       		.byte	0xc
 2044 04d7 0F       		.byte	0xf
 2045 04d8 5A       		.byte	0x5a
 2046 04d9 02050000 		.4byte	0x502
 2047 04dd 10       		.uleb128 0x10
 2048 04de F0020000 		.4byte	.LASF119
 2049 04e2 0F       		.byte	0xf
 2050 04e3 5C       		.byte	0x5c
 2051 04e4 A2000000 		.4byte	0xa2
 2052 04e8 00       		.byte	0
 2053 04e9 10       		.uleb128 0x10
 2054 04ea ED050000 		.4byte	.LASF120
 2055 04ee 0F       		.byte	0xf
 2056 04ef 5D       		.byte	0x5d
 2057 04f0 FF030000 		.4byte	0x3ff
 2058 04f4 04       		.byte	0x4
 2059 04f5 10       		.uleb128 0x10
 2060 04f6 38030000 		.4byte	.LASF121
 2061 04fa 0F       		.byte	0xf
 2062 04fb 5E       		.byte	0x5e
 2063 04fc FF030000 		.4byte	0x3ff
 2064 0500 08       		.byte	0x8
 2065 0501 00       		.byte	0
 2066 0502 03       		.uleb128 0x3
 2067 0503 39070000 		.4byte	.LASF122
 2068 0507 0F       		.byte	0xf
 2069 0508 5F       		.byte	0x5f
 2070 0509 D5040000 		.4byte	0x4d5
 2071 050d 0B       		.uleb128 0xb
 2072 050e 02050000 		.4byte	0x502
 2073 0512 18050000 		.4byte	0x518
 2074 0516 0C       		.uleb128 0xc
 2075 0517 00       		.byte	0
 2076 0518 0F       		.uleb128 0xf
 2077 0519 10       		.byte	0x10
 2078 051a 0F       		.byte	0xf
 2079 051b 66       		.byte	0x66
 2080 051c 5D050000 		.4byte	0x55d
 2081 0520 10       		.uleb128 0x10
 2082 0521 C30C0000 		.4byte	.LASF123
 2083 0525 0F       		.byte	0xf
 2084 0526 68       		.byte	0x68
 2085 0527 5D050000 		.4byte	0x55d
 2086 052b 00       		.byte	0
 2087 052c 10       		.uleb128 0x10
 2088 052d 55060000 		.4byte	.LASF124
 2089 0531 0F       		.byte	0xf
 2090 0532 69       		.byte	0x69
 2091 0533 BA040000 		.4byte	0x4ba
 2092 0537 04       		.byte	0x4
 2093 0538 10       		.uleb128 0x10
 2094 0539 50000000 		.4byte	.LASF125
 2095 053d 0F       		.byte	0xf
 2096 053e 6A       		.byte	0x6a
ARM GAS  C:\Users\91819\AppData\Local\Temp\ccZyeurY.s 			page 60


 2097 053f 63050000 		.4byte	0x563
 2098 0543 08       		.byte	0x8
 2099 0544 10       		.uleb128 0x10
 2100 0545 6E0D0000 		.4byte	.LASF126
 2101 0549 0F       		.byte	0xf
 2102 054a 6B       		.byte	0x6b
 2103 054b BA040000 		.4byte	0x4ba
 2104 054f 0C       		.byte	0xc
 2105 0550 10       		.uleb128 0x10
 2106 0551 E6010000 		.4byte	.LASF127
 2107 0555 0F       		.byte	0xf
 2108 0556 6C       		.byte	0x6c
 2109 0557 A2000000 		.4byte	0xa2
 2110 055b 0E       		.byte	0xe
 2111 055c 00       		.byte	0
 2112 055d 06       		.uleb128 0x6
 2113 055e 04       		.byte	0x4
 2114 055f CA040000 		.4byte	0x4ca
 2115 0563 06       		.uleb128 0x6
 2116 0564 04       		.byte	0x4
 2117 0565 0D050000 		.4byte	0x50d
 2118 0569 03       		.uleb128 0x3
 2119 056a 8C0F0000 		.4byte	.LASF128
 2120 056e 0F       		.byte	0xf
 2121 056f 6E       		.byte	0x6e
 2122 0570 18050000 		.4byte	0x518
 2123 0574 0F       		.uleb128 0xf
 2124 0575 10       		.byte	0x10
 2125 0576 10       		.byte	0x10
 2126 0577 20       		.byte	0x20
 2127 0578 A1050000 		.4byte	0x5a1
 2128 057c 10       		.uleb128 0x10
 2129 057d 5D050000 		.4byte	.LASF129
 2130 0581 10       		.byte	0x10
 2131 0582 22       		.byte	0x22
 2132 0583 A1050000 		.4byte	0x5a1
 2133 0587 00       		.byte	0
 2134 0588 10       		.uleb128 0x10
 2135 0589 78060000 		.4byte	.LASF130
 2136 058d 10       		.byte	0x10
 2137 058e 23       		.byte	0x23
 2138 058f F4030000 		.4byte	0x3f4
 2139 0593 04       		.byte	0x4
 2140 0594 10       		.uleb128 0x10
 2141 0595 6B060000 		.4byte	.LASF131
 2142 0599 10       		.byte	0x10
 2143 059a 24       		.byte	0x24
 2144 059b 84030000 		.4byte	0x384
 2145 059f 0E       		.byte	0xe
 2146 05a0 00       		.byte	0
 2147 05a1 06       		.uleb128 0x6
 2148 05a2 04       		.byte	0x4
 2149 05a3 69050000 		.4byte	0x569
 2150 05a7 03       		.uleb128 0x3
 2151 05a8 9E040000 		.4byte	.LASF132
 2152 05ac 10       		.byte	0x10
 2153 05ad 26       		.byte	0x26
ARM GAS  C:\Users\91819\AppData\Local\Temp\ccZyeurY.s 			page 61


 2154 05ae 74050000 		.4byte	0x574
 2155 05b2 03       		.uleb128 0x3
 2156 05b3 940B0000 		.4byte	.LASF133
 2157 05b7 02       		.byte	0x2
 2158 05b8 27       		.byte	0x27
 2159 05b9 BD050000 		.4byte	0x5bd
 2160 05bd 06       		.uleb128 0x6
 2161 05be 04       		.byte	0x4
 2162 05bf C3050000 		.4byte	0x5c3
 2163 05c3 15       		.uleb128 0x15
 2164 05c4 0B020000 		.4byte	0x20b
 2165 05c8 D2050000 		.4byte	0x5d2
 2166 05cc 16       		.uleb128 0x16
 2167 05cd D8050000 		.4byte	0x5d8
 2168 05d1 00       		.byte	0
 2169 05d2 06       		.uleb128 0x6
 2170 05d3 04       		.byte	0x4
 2171 05d4 A7050000 		.4byte	0x5a7
 2172 05d8 14       		.uleb128 0x14
 2173 05d9 D2050000 		.4byte	0x5d2
 2174 05dd 03       		.uleb128 0x3
 2175 05de A3050000 		.4byte	.LASF134
 2176 05e2 02       		.byte	0x2
 2177 05e3 2D       		.byte	0x2d
 2178 05e4 E8050000 		.4byte	0x5e8
 2179 05e8 06       		.uleb128 0x6
 2180 05e9 04       		.byte	0x4
 2181 05ea EE050000 		.4byte	0x5ee
 2182 05ee 15       		.uleb128 0x15
 2183 05ef 0B020000 		.4byte	0x20b
 2184 05f3 FD050000 		.4byte	0x5fd
 2185 05f7 16       		.uleb128 0x16
 2186 05f8 08060000 		.4byte	0x608
 2187 05fc 00       		.byte	0
 2188 05fd 06       		.uleb128 0x6
 2189 05fe 04       		.byte	0x4
 2190 05ff 03060000 		.4byte	0x603
 2191 0603 14       		.uleb128 0x14
 2192 0604 A7050000 		.4byte	0x5a7
 2193 0608 14       		.uleb128 0x14
 2194 0609 FD050000 		.4byte	0x5fd
 2195 060d 17       		.uleb128 0x17
 2196 060e CB020000 		.4byte	.LASF146
 2197 0612 28       		.byte	0x28
 2198 0613 02       		.byte	0x2
 2199 0614 37       		.byte	0x37
 2200 0615 92060000 		.4byte	0x692
 2201 0619 10       		.uleb128 0x10
 2202 061a 49090000 		.4byte	.LASF135
 2203 061e 02       		.byte	0x2
 2204 061f 3C       		.byte	0x3c
 2205 0620 92060000 		.4byte	0x692
 2206 0624 00       		.byte	0
 2207 0625 10       		.uleb128 0x10
 2208 0626 C7040000 		.4byte	.LASF136
 2209 062a 02       		.byte	0x2
 2210 062b 41       		.byte	0x41
ARM GAS  C:\Users\91819\AppData\Local\Temp\ccZyeurY.s 			page 62


 2211 062c 97060000 		.4byte	0x697
 2212 0630 04       		.byte	0x4
 2213 0631 10       		.uleb128 0x10
 2214 0632 82020000 		.4byte	.LASF137
 2215 0636 02       		.byte	0x2
 2216 0637 46       		.byte	0x46
 2217 0638 9C060000 		.4byte	0x69c
 2218 063c 08       		.byte	0x8
 2219 063d 10       		.uleb128 0x10
 2220 063e 180B0000 		.4byte	.LASF138
 2221 0642 02       		.byte	0x2
 2222 0643 4C       		.byte	0x4c
 2223 0644 9C060000 		.4byte	0x69c
 2224 0648 0C       		.byte	0xc
 2225 0649 10       		.uleb128 0x10
 2226 064a AE030000 		.4byte	.LASF139
 2227 064e 02       		.byte	0x2
 2228 064f 51       		.byte	0x51
 2229 0650 A1060000 		.4byte	0x6a1
 2230 0654 10       		.byte	0x10
 2231 0655 10       		.uleb128 0x10
 2232 0656 570A0000 		.4byte	.LASF140
 2233 065a 02       		.byte	0x2
 2234 065b 56       		.byte	0x56
 2235 065c AC060000 		.4byte	0x6ac
 2236 0660 14       		.byte	0x14
 2237 0661 10       		.uleb128 0x10
 2238 0662 D3090000 		.4byte	.LASF141
 2239 0666 02       		.byte	0x2
 2240 0667 5B       		.byte	0x5b
 2241 0668 A1060000 		.4byte	0x6a1
 2242 066c 18       		.byte	0x18
 2243 066d 10       		.uleb128 0x10
 2244 066e 400F0000 		.4byte	.LASF142
 2245 0672 02       		.byte	0x2
 2246 0673 60       		.byte	0x60
 2247 0674 AC060000 		.4byte	0x6ac
 2248 0678 1C       		.byte	0x1c
 2249 0679 10       		.uleb128 0x10
 2250 067a AD010000 		.4byte	.LASF143
 2251 067e 02       		.byte	0x2
 2252 067f 66       		.byte	0x66
 2253 0680 B1060000 		.4byte	0x6b1
 2254 0684 20       		.byte	0x20
 2255 0685 10       		.uleb128 0x10
 2256 0686 9A050000 		.4byte	.LASF144
 2257 068a 02       		.byte	0x2
 2258 068b 6B       		.byte	0x6b
 2259 068c B6060000 		.4byte	0x6b6
 2260 0690 24       		.byte	0x24
 2261 0691 00       		.byte	0
 2262 0692 14       		.uleb128 0x14
 2263 0693 B2050000 		.4byte	0x5b2
 2264 0697 14       		.uleb128 0x14
 2265 0698 DD050000 		.4byte	0x5dd
 2266 069c 14       		.uleb128 0x14
 2267 069d 39010000 		.4byte	0x139
ARM GAS  C:\Users\91819\AppData\Local\Temp\ccZyeurY.s 			page 63


 2268 06a1 14       		.uleb128 0x14
 2269 06a2 D8000000 		.4byte	0xd8
 2270 06a6 06       		.uleb128 0x6
 2271 06a7 04       		.byte	0x4
 2272 06a8 16020000 		.4byte	0x216
 2273 06ac 14       		.uleb128 0x14
 2274 06ad A6060000 		.4byte	0x6a6
 2275 06b1 14       		.uleb128 0x14
 2276 06b2 57010000 		.4byte	0x157
 2277 06b6 14       		.uleb128 0x14
 2278 06b7 2D010000 		.4byte	0x12d
 2279 06bb 03       		.uleb128 0x3
 2280 06bc 3D020000 		.4byte	.LASF145
 2281 06c0 02       		.byte	0x2
 2282 06c1 6E       		.byte	0x6e
 2283 06c2 C6060000 		.4byte	0x6c6
 2284 06c6 14       		.uleb128 0x14
 2285 06c7 0D060000 		.4byte	0x60d
 2286 06cb 17       		.uleb128 0x17
 2287 06cc FE000000 		.4byte	.LASF147
 2288 06d0 1C       		.byte	0x1c
 2289 06d1 02       		.byte	0x2
 2290 06d2 7A       		.byte	0x7a
 2291 06d3 08070000 		.4byte	0x708
 2292 06d7 10       		.uleb128 0x10
 2293 06d8 67040000 		.4byte	.LASF148
 2294 06dc 02       		.byte	0x2
 2295 06dd 80       		.byte	0x80
 2296 06de A7050000 		.4byte	0x5a7
 2297 06e2 00       		.byte	0
 2298 06e3 10       		.uleb128 0x10
 2299 06e4 160E0000 		.4byte	.LASF149
 2300 06e8 02       		.byte	0x2
 2301 06e9 85       		.byte	0x85
 2302 06ea 5C020000 		.4byte	0x25c
 2303 06ee 10       		.byte	0x10
 2304 06ef 18       		.uleb128 0x18
 2305 06f0 61676500 		.ascii	"age\000"
 2306 06f4 02       		.byte	0x2
 2307 06f5 8A       		.byte	0x8a
 2308 06f6 B8000000 		.4byte	0xb8
 2309 06fa 14       		.byte	0x14
 2310 06fb 10       		.uleb128 0x10
 2311 06fc 7E0B0000 		.4byte	.LASF150
 2312 0700 02       		.byte	0x2
 2313 0701 8F       		.byte	0x8f
 2314 0702 0E070000 		.4byte	0x70e
 2315 0706 18       		.byte	0x18
 2316 0707 00       		.byte	0
 2317 0708 06       		.uleb128 0x6
 2318 0709 04       		.byte	0x4
 2319 070a BB060000 		.4byte	0x6bb
 2320 070e 14       		.uleb128 0x14
 2321 070f 08070000 		.4byte	0x708
 2322 0713 03       		.uleb128 0x3
 2323 0714 B20E0000 		.4byte	.LASF151
 2324 0718 02       		.byte	0x2
ARM GAS  C:\Users\91819\AppData\Local\Temp\ccZyeurY.s 			page 64


 2325 0719 92       		.byte	0x92
 2326 071a CB060000 		.4byte	0x6cb
 2327 071e 0F       		.uleb128 0xf
 2328 071f 01       		.byte	0x1
 2329 0720 11       		.byte	0x11
 2330 0721 1D       		.byte	0x1d
 2331 0722 33070000 		.4byte	0x733
 2332 0726 10       		.uleb128 0x10
 2333 0727 1B030000 		.4byte	.LASF152
 2334 072b 11       		.byte	0x11
 2335 072c 1F       		.byte	0x1f
 2336 072d 97000000 		.4byte	0x97
 2337 0731 00       		.byte	0
 2338 0732 00       		.byte	0
 2339 0733 03       		.uleb128 0x3
 2340 0734 D20E0000 		.4byte	.LASF153
 2341 0738 11       		.byte	0x11
 2342 0739 21       		.byte	0x21
 2343 073a 1E070000 		.4byte	0x71e
 2344 073e 03       		.uleb128 0x3
 2345 073f 6A0B0000 		.4byte	.LASF154
 2346 0743 03       		.byte	0x3
 2347 0744 27       		.byte	0x27
 2348 0745 49070000 		.4byte	0x749
 2349 0749 06       		.uleb128 0x6
 2350 074a 04       		.byte	0x4
 2351 074b 4F070000 		.4byte	0x74f
 2352 074f 15       		.uleb128 0x15
 2353 0750 0B020000 		.4byte	0x20b
 2354 0754 5E070000 		.4byte	0x75e
 2355 0758 16       		.uleb128 0x16
 2356 0759 64070000 		.4byte	0x764
 2357 075d 00       		.byte	0
 2358 075e 06       		.uleb128 0x6
 2359 075f 04       		.byte	0x4
 2360 0760 33070000 		.4byte	0x733
 2361 0764 14       		.uleb128 0x14
 2362 0765 5E070000 		.4byte	0x75e
 2363 0769 03       		.uleb128 0x3
 2364 076a 9D0E0000 		.4byte	.LASF155
 2365 076e 03       		.byte	0x3
 2366 076f 2D       		.byte	0x2d
 2367 0770 74070000 		.4byte	0x774
 2368 0774 06       		.uleb128 0x6
 2369 0775 04       		.byte	0x4
 2370 0776 7A070000 		.4byte	0x77a
 2371 077a 15       		.uleb128 0x15
 2372 077b 0B020000 		.4byte	0x20b
 2373 077f 89070000 		.4byte	0x789
 2374 0783 16       		.uleb128 0x16
 2375 0784 94070000 		.4byte	0x794
 2376 0788 00       		.byte	0
 2377 0789 06       		.uleb128 0x6
 2378 078a 04       		.byte	0x4
 2379 078b 8F070000 		.4byte	0x78f
 2380 078f 14       		.uleb128 0x14
 2381 0790 33070000 		.4byte	0x733
ARM GAS  C:\Users\91819\AppData\Local\Temp\ccZyeurY.s 			page 65


 2382 0794 14       		.uleb128 0x14
 2383 0795 89070000 		.4byte	0x789
 2384 0799 17       		.uleb128 0x17
 2385 079a 4D070000 		.4byte	.LASF156
 2386 079e 28       		.byte	0x28
 2387 079f 03       		.byte	0x3
 2388 07a0 37       		.byte	0x37
 2389 07a1 1E080000 		.4byte	0x81e
 2390 07a5 10       		.uleb128 0x10
 2391 07a6 49090000 		.4byte	.LASF135
 2392 07aa 03       		.byte	0x3
 2393 07ab 3C       		.byte	0x3c
 2394 07ac 1E080000 		.4byte	0x81e
 2395 07b0 00       		.byte	0
 2396 07b1 10       		.uleb128 0x10
 2397 07b2 C7040000 		.4byte	.LASF136
 2398 07b6 03       		.byte	0x3
 2399 07b7 41       		.byte	0x41
 2400 07b8 23080000 		.4byte	0x823
 2401 07bc 04       		.byte	0x4
 2402 07bd 10       		.uleb128 0x10
 2403 07be 82020000 		.4byte	.LASF137
 2404 07c2 03       		.byte	0x3
 2405 07c3 46       		.byte	0x46
 2406 07c4 9C060000 		.4byte	0x69c
 2407 07c8 08       		.byte	0x8
 2408 07c9 10       		.uleb128 0x10
 2409 07ca 180B0000 		.4byte	.LASF138
 2410 07ce 03       		.byte	0x3
 2411 07cf 4C       		.byte	0x4c
 2412 07d0 9C060000 		.4byte	0x69c
 2413 07d4 0C       		.byte	0xc
 2414 07d5 10       		.uleb128 0x10
 2415 07d6 AE030000 		.4byte	.LASF139
 2416 07da 03       		.byte	0x3
 2417 07db 51       		.byte	0x51
 2418 07dc A1060000 		.4byte	0x6a1
 2419 07e0 10       		.byte	0x10
 2420 07e1 10       		.uleb128 0x10
 2421 07e2 570A0000 		.4byte	.LASF140
 2422 07e6 03       		.byte	0x3
 2423 07e7 56       		.byte	0x56
 2424 07e8 AC060000 		.4byte	0x6ac
 2425 07ec 14       		.byte	0x14
 2426 07ed 10       		.uleb128 0x10
 2427 07ee D3090000 		.4byte	.LASF141
 2428 07f2 03       		.byte	0x3
 2429 07f3 5B       		.byte	0x5b
 2430 07f4 A1060000 		.4byte	0x6a1
 2431 07f8 18       		.byte	0x18
 2432 07f9 10       		.uleb128 0x10
 2433 07fa 400F0000 		.4byte	.LASF142
 2434 07fe 03       		.byte	0x3
 2435 07ff 60       		.byte	0x60
 2436 0800 AC060000 		.4byte	0x6ac
 2437 0804 1C       		.byte	0x1c
 2438 0805 10       		.uleb128 0x10
ARM GAS  C:\Users\91819\AppData\Local\Temp\ccZyeurY.s 			page 66


 2439 0806 AD010000 		.4byte	.LASF143
 2440 080a 03       		.byte	0x3
 2441 080b 66       		.byte	0x66
 2442 080c B1060000 		.4byte	0x6b1
 2443 0810 20       		.byte	0x20
 2444 0811 10       		.uleb128 0x10
 2445 0812 9A050000 		.4byte	.LASF144
 2446 0816 03       		.byte	0x3
 2447 0817 6B       		.byte	0x6b
 2448 0818 B6060000 		.4byte	0x6b6
 2449 081c 24       		.byte	0x24
 2450 081d 00       		.byte	0
 2451 081e 14       		.uleb128 0x14
 2452 081f 3E070000 		.4byte	0x73e
 2453 0823 14       		.uleb128 0x14
 2454 0824 69070000 		.4byte	0x769
 2455 0828 03       		.uleb128 0x3
 2456 0829 5C070000 		.4byte	.LASF157
 2457 082d 03       		.byte	0x3
 2458 082e 6E       		.byte	0x6e
 2459 082f 33080000 		.4byte	0x833
 2460 0833 14       		.uleb128 0x14
 2461 0834 99070000 		.4byte	0x799
 2462 0838 17       		.uleb128 0x17
 2463 0839 8D030000 		.4byte	.LASF158
 2464 083d 0C       		.byte	0xc
 2465 083e 03       		.byte	0x3
 2466 083f 7A       		.byte	0x7a
 2467 0840 75080000 		.4byte	0x875
 2468 0844 10       		.uleb128 0x10
 2469 0845 67040000 		.4byte	.LASF148
 2470 0849 03       		.byte	0x3
 2471 084a 80       		.byte	0x80
 2472 084b 33070000 		.4byte	0x733
 2473 084f 00       		.byte	0
 2474 0850 10       		.uleb128 0x10
 2475 0851 160E0000 		.4byte	.LASF149
 2476 0855 03       		.byte	0x3
 2477 0856 85       		.byte	0x85
 2478 0857 5C020000 		.4byte	0x25c
 2479 085b 01       		.byte	0x1
 2480 085c 18       		.uleb128 0x18
 2481 085d 61676500 		.ascii	"age\000"
 2482 0861 03       		.byte	0x3
 2483 0862 8A       		.byte	0x8a
 2484 0863 B8000000 		.4byte	0xb8
 2485 0867 04       		.byte	0x4
 2486 0868 10       		.uleb128 0x10
 2487 0869 7E0B0000 		.4byte	.LASF150
 2488 086d 03       		.byte	0x3
 2489 086e 8F       		.byte	0x8f
 2490 086f 7B080000 		.4byte	0x87b
 2491 0873 08       		.byte	0x8
 2492 0874 00       		.byte	0
 2493 0875 06       		.uleb128 0x6
 2494 0876 04       		.byte	0x4
 2495 0877 28080000 		.4byte	0x828
ARM GAS  C:\Users\91819\AppData\Local\Temp\ccZyeurY.s 			page 67


 2496 087b 14       		.uleb128 0x14
 2497 087c 75080000 		.4byte	0x875
 2498 0880 03       		.uleb128 0x3
 2499 0881 5E000000 		.4byte	.LASF159
 2500 0885 03       		.byte	0x3
 2501 0886 92       		.byte	0x92
 2502 0887 38080000 		.4byte	0x838
 2503 088b 08       		.uleb128 0x8
 2504 088c 01       		.byte	0x1
 2505 088d 37000000 		.4byte	0x37
 2506 0891 01       		.byte	0x1
 2507 0892 27       		.byte	0x27
 2508 0893 AA080000 		.4byte	0x8aa
 2509 0897 09       		.uleb128 0x9
 2510 0898 590D0000 		.4byte	.LASF160
 2511 089c 00       		.byte	0
 2512 089d 09       		.uleb128 0x9
 2513 089e 0E0A0000 		.4byte	.LASF161
 2514 08a2 01       		.byte	0x1
 2515 08a3 09       		.uleb128 0x9
 2516 08a4 29050000 		.4byte	.LASF162
 2517 08a8 02       		.byte	0x2
 2518 08a9 00       		.byte	0
 2519 08aa 19       		.uleb128 0x19
 2520 08ab 18060000 		.4byte	.LASF163
 2521 08af 02       		.byte	0x2
 2522 08b0 0601     		.2byte	0x106
 2523 08b2 A7050000 		.4byte	0x5a7
 2524 08b6 03       		.byte	0x3
 2525 08b7 C8080000 		.4byte	0x8c8
 2526 08bb 1A       		.uleb128 0x1a
 2527 08bc B10B0000 		.4byte	.LASF165
 2528 08c0 02       		.byte	0x2
 2529 08c1 0601     		.2byte	0x106
 2530 08c3 D3080000 		.4byte	0x8d3
 2531 08c7 00       		.byte	0
 2532 08c8 06       		.uleb128 0x6
 2533 08c9 04       		.byte	0x4
 2534 08ca CE080000 		.4byte	0x8ce
 2535 08ce 14       		.uleb128 0x14
 2536 08cf 13070000 		.4byte	0x713
 2537 08d3 14       		.uleb128 0x14
 2538 08d4 C8080000 		.4byte	0x8c8
 2539 08d8 19       		.uleb128 0x19
 2540 08d9 E3040000 		.4byte	.LASF164
 2541 08dd 02       		.byte	0x2
 2542 08de 2901     		.2byte	0x129
 2543 08e0 0B020000 		.4byte	0x20b
 2544 08e4 03       		.byte	0x3
 2545 08e5 34090000 		.4byte	0x934
 2546 08e9 1A       		.uleb128 0x1a
 2547 08ea B10B0000 		.4byte	.LASF165
 2548 08ee 02       		.byte	0x2
 2549 08ef 2901     		.2byte	0x129
 2550 08f1 3A090000 		.4byte	0x93a
 2551 08f5 1A       		.uleb128 0x1a
 2552 08f6 67040000 		.4byte	.LASF148
ARM GAS  C:\Users\91819\AppData\Local\Temp\ccZyeurY.s 			page 68


 2553 08fa 02       		.byte	0x2
 2554 08fb 2901     		.2byte	0x129
 2555 08fd 03060000 		.4byte	0x603
 2556 0901 1B       		.uleb128 0x1b
 2557 0902 72657400 		.ascii	"ret\000"
 2558 0906 02       		.byte	0x2
 2559 0907 2C01     		.2byte	0x12c
 2560 0909 0B020000 		.4byte	0x20b
 2561 090d 1C       		.uleb128 0x1c
 2562 090e C90D0000 		.4byte	.LASF166
 2563 0912 02       		.byte	0x2
 2564 0913 2D01     		.2byte	0x12d
 2565 0915 D8000000 		.4byte	0xd8
 2566 0919 1C       		.uleb128 0x1c
 2567 091a 69000000 		.4byte	.LASF167
 2568 091e 02       		.byte	0x2
 2569 091f 3701     		.2byte	0x137
 2570 0921 A6060000 		.4byte	0x6a6
 2571 0925 1D       		.uleb128 0x1d
 2572 0926 1C       		.uleb128 0x1c
 2573 0927 E60C0000 		.4byte	.LASF168
 2574 092b 02       		.byte	0x2
 2575 092c 3C01     		.2byte	0x13c
 2576 092e 21010000 		.4byte	0x121
 2577 0932 00       		.byte	0
 2578 0933 00       		.byte	0
 2579 0934 06       		.uleb128 0x6
 2580 0935 04       		.byte	0x4
 2581 0936 13070000 		.4byte	0x713
 2582 093a 14       		.uleb128 0x14
 2583 093b 34090000 		.4byte	0x934
 2584 093f 19       		.uleb128 0x19
 2585 0940 8E090000 		.4byte	.LASF169
 2586 0944 03       		.byte	0x3
 2587 0945 2901     		.2byte	0x129
 2588 0947 0B020000 		.4byte	0x20b
 2589 094b 03       		.byte	0x3
 2590 094c 9B090000 		.4byte	0x99b
 2591 0950 1A       		.uleb128 0x1a
 2592 0951 B10B0000 		.4byte	.LASF165
 2593 0955 03       		.byte	0x3
 2594 0956 2901     		.2byte	0x129
 2595 0958 A1090000 		.4byte	0x9a1
 2596 095c 1A       		.uleb128 0x1a
 2597 095d 67040000 		.4byte	.LASF148
 2598 0961 03       		.byte	0x3
 2599 0962 2901     		.2byte	0x129
 2600 0964 8F070000 		.4byte	0x78f
 2601 0968 1B       		.uleb128 0x1b
 2602 0969 72657400 		.ascii	"ret\000"
 2603 096d 03       		.byte	0x3
 2604 096e 2C01     		.2byte	0x12c
 2605 0970 0B020000 		.4byte	0x20b
 2606 0974 1C       		.uleb128 0x1c
 2607 0975 C90D0000 		.4byte	.LASF166
 2608 0979 03       		.byte	0x3
 2609 097a 2D01     		.2byte	0x12d
ARM GAS  C:\Users\91819\AppData\Local\Temp\ccZyeurY.s 			page 69


 2610 097c D8000000 		.4byte	0xd8
 2611 0980 1C       		.uleb128 0x1c
 2612 0981 69000000 		.4byte	.LASF167
 2613 0985 03       		.byte	0x3
 2614 0986 3701     		.2byte	0x137
 2615 0988 A6060000 		.4byte	0x6a6
 2616 098c 1D       		.uleb128 0x1d
 2617 098d 1C       		.uleb128 0x1c
 2618 098e E60C0000 		.4byte	.LASF168
 2619 0992 03       		.byte	0x3
 2620 0993 3C01     		.2byte	0x13c
 2621 0995 21010000 		.4byte	0x121
 2622 0999 00       		.byte	0
 2623 099a 00       		.byte	0
 2624 099b 06       		.uleb128 0x6
 2625 099c 04       		.byte	0x4
 2626 099d 80080000 		.4byte	0x880
 2627 09a1 14       		.uleb128 0x14
 2628 09a2 9B090000 		.4byte	0x99b
 2629 09a6 19       		.uleb128 0x19
 2630 09a7 EA030000 		.4byte	.LASF170
 2631 09ab 03       		.byte	0x3
 2632 09ac 1401     		.2byte	0x114
 2633 09ae 0B020000 		.4byte	0x20b
 2634 09b2 03       		.byte	0x3
 2635 09b3 D0090000 		.4byte	0x9d0
 2636 09b7 1A       		.uleb128 0x1a
 2637 09b8 B10B0000 		.4byte	.LASF165
 2638 09bc 03       		.byte	0x3
 2639 09bd 1401     		.2byte	0x114
 2640 09bf DB090000 		.4byte	0x9db
 2641 09c3 1A       		.uleb128 0x1a
 2642 09c4 5D080000 		.4byte	.LASF171
 2643 09c8 03       		.byte	0x3
 2644 09c9 1401     		.2byte	0x114
 2645 09cb 64070000 		.4byte	0x764
 2646 09cf 00       		.byte	0
 2647 09d0 06       		.uleb128 0x6
 2648 09d1 04       		.byte	0x4
 2649 09d2 D6090000 		.4byte	0x9d6
 2650 09d6 14       		.uleb128 0x14
 2651 09d7 80080000 		.4byte	0x880
 2652 09db 14       		.uleb128 0x14
 2653 09dc D0090000 		.4byte	0x9d0
 2654 09e0 19       		.uleb128 0x19
 2655 09e1 F90B0000 		.4byte	.LASF172
 2656 09e5 03       		.byte	0x3
 2657 09e6 0601     		.2byte	0x106
 2658 09e8 33070000 		.4byte	0x733
 2659 09ec 03       		.byte	0x3
 2660 09ed FE090000 		.4byte	0x9fe
 2661 09f1 1A       		.uleb128 0x1a
 2662 09f2 B10B0000 		.4byte	.LASF165
 2663 09f6 03       		.byte	0x3
 2664 09f7 0601     		.2byte	0x106
 2665 09f9 DB090000 		.4byte	0x9db
 2666 09fd 00       		.byte	0
ARM GAS  C:\Users\91819\AppData\Local\Temp\ccZyeurY.s 			page 70


 2667 09fe 19       		.uleb128 0x19
 2668 09ff 15040000 		.4byte	.LASF173
 2669 0a03 02       		.byte	0x2
 2670 0a04 7201     		.2byte	0x172
 2671 0a06 0B020000 		.4byte	0x20b
 2672 0a0a 03       		.byte	0x3
 2673 0a0b 280A0000 		.4byte	0xa28
 2674 0a0f 1A       		.uleb128 0x1a
 2675 0a10 B10B0000 		.4byte	.LASF165
 2676 0a14 02       		.byte	0x2
 2677 0a15 7201     		.2byte	0x172
 2678 0a17 D3080000 		.4byte	0x8d3
 2679 0a1b 1B       		.uleb128 0x1b
 2680 0a1c 72657400 		.ascii	"ret\000"
 2681 0a20 02       		.byte	0x2
 2682 0a21 7401     		.2byte	0x174
 2683 0a23 0B020000 		.4byte	0x20b
 2684 0a27 00       		.byte	0
 2685 0a28 19       		.uleb128 0x19
 2686 0a29 3A0C0000 		.4byte	.LASF174
 2687 0a2d 02       		.byte	0x2
 2688 0a2e 1401     		.2byte	0x114
 2689 0a30 0B020000 		.4byte	0x20b
 2690 0a34 03       		.byte	0x3
 2691 0a35 520A0000 		.4byte	0xa52
 2692 0a39 1A       		.uleb128 0x1a
 2693 0a3a B10B0000 		.4byte	.LASF165
 2694 0a3e 02       		.byte	0x2
 2695 0a3f 1401     		.2byte	0x114
 2696 0a41 D3080000 		.4byte	0x8d3
 2697 0a45 1A       		.uleb128 0x1a
 2698 0a46 5D080000 		.4byte	.LASF171
 2699 0a4a 02       		.byte	0x2
 2700 0a4b 1401     		.2byte	0x114
 2701 0a4d D8050000 		.4byte	0x5d8
 2702 0a51 00       		.byte	0
 2703 0a52 1E       		.uleb128 0x1e
 2704 0a53 FD070000 		.4byte	.LASF175
 2705 0a57 01       		.byte	0x1
 2706 0a58 A001     		.2byte	0x1a0
 2707 0a5a 00000000 		.4byte	.LFB146
 2708 0a5e 34000000 		.4byte	.LFE146-.LFB146
 2709 0a62 01       		.uleb128 0x1
 2710 0a63 9C       		.byte	0x9c
 2711 0a64 1E       		.uleb128 0x1e
 2712 0a65 98030000 		.4byte	.LASF176
 2713 0a69 01       		.byte	0x1
 2714 0a6a B301     		.2byte	0x1b3
 2715 0a6c 00000000 		.4byte	.LFB147
 2716 0a70 18000000 		.4byte	.LFE147-.LFB147
 2717 0a74 01       		.uleb128 0x1
 2718 0a75 9C       		.byte	0x9c
 2719 0a76 1F       		.uleb128 0x1f
 2720 0a77 83070000 		.4byte	.LASF239
 2721 0a7b 01       		.byte	0x1
 2722 0a7c BD01     		.2byte	0x1bd
 2723 0a7e 00000000 		.4byte	.LFB148
ARM GAS  C:\Users\91819\AppData\Local\Temp\ccZyeurY.s 			page 71


 2724 0a82 18000000 		.4byte	.LFE148-.LFB148
 2725 0a86 01       		.uleb128 0x1
 2726 0a87 9C       		.byte	0x9c
 2727 0a88 BF0A0000 		.4byte	0xabf
 2728 0a8c 20       		.uleb128 0x20
 2729 0a8d 657600   		.ascii	"ev\000"
 2730 0a90 01       		.byte	0x1
 2731 0a91 BD01     		.2byte	0x1bd
 2732 0a93 41030000 		.4byte	0x341
 2733 0a97 00000000 		.4byte	.LLST0
 2734 0a9b 21       		.uleb128 0x21
 2735 0a9c 6B060000 		.4byte	.LASF131
 2736 0aa0 01       		.byte	0x1
 2737 0aa1 BD01     		.2byte	0x1bd
 2738 0aa3 84030000 		.4byte	0x384
 2739 0aa7 21000000 		.4byte	.LLST1
 2740 0aab 22       		.uleb128 0x22
 2741 0aac 0E000000 		.4byte	.LVL3
 2742 0ab0 C1130000 		.4byte	0x13c1
 2743 0ab4 23       		.uleb128 0x23
 2744 0ab5 01       		.uleb128 0x1
 2745 0ab6 50       		.byte	0x50
 2746 0ab7 05       		.uleb128 0x5
 2747 0ab8 03       		.byte	0x3
 2748 0ab9 00000000 		.4byte	.LANCHOR0
 2749 0abd 00       		.byte	0
 2750 0abe 00       		.byte	0
 2751 0abf 24       		.uleb128 0x24
 2752 0ac0 1E0D0000 		.4byte	.LASF177
 2753 0ac4 01       		.byte	0x1
 2754 0ac5 4E01     		.2byte	0x14e
 2755 0ac7 00000000 		.4byte	.LFB136
 2756 0acb 0C000000 		.4byte	.LFE136-.LFB136
 2757 0acf 01       		.uleb128 0x1
 2758 0ad0 9C       		.byte	0x9c
 2759 0ad1 EA0A0000 		.4byte	0xaea
 2760 0ad5 22       		.uleb128 0x22
 2761 0ad6 0A000000 		.4byte	.LVL4
 2762 0ada 760A0000 		.4byte	0xa76
 2763 0ade 23       		.uleb128 0x23
 2764 0adf 01       		.uleb128 0x1
 2765 0ae0 50       		.byte	0x50
 2766 0ae1 01       		.uleb128 0x1
 2767 0ae2 35       		.byte	0x35
 2768 0ae3 23       		.uleb128 0x23
 2769 0ae4 01       		.uleb128 0x1
 2770 0ae5 51       		.byte	0x51
 2771 0ae6 01       		.uleb128 0x1
 2772 0ae7 30       		.byte	0x30
 2773 0ae8 00       		.byte	0
 2774 0ae9 00       		.byte	0
 2775 0aea 24       		.uleb128 0x24
 2776 0aeb 270B0000 		.4byte	.LASF178
 2777 0aef 01       		.byte	0x1
 2778 0af0 4901     		.2byte	0x149
 2779 0af2 00000000 		.4byte	.LFB135
 2780 0af6 0C000000 		.4byte	.LFE135-.LFB135
ARM GAS  C:\Users\91819\AppData\Local\Temp\ccZyeurY.s 			page 72


 2781 0afa 01       		.uleb128 0x1
 2782 0afb 9C       		.byte	0x9c
 2783 0afc 150B0000 		.4byte	0xb15
 2784 0b00 22       		.uleb128 0x22
 2785 0b01 0A000000 		.4byte	.LVL5
 2786 0b05 760A0000 		.4byte	0xa76
 2787 0b09 23       		.uleb128 0x23
 2788 0b0a 01       		.uleb128 0x1
 2789 0b0b 50       		.byte	0x50
 2790 0b0c 01       		.uleb128 0x1
 2791 0b0d 31       		.byte	0x31
 2792 0b0e 23       		.uleb128 0x23
 2793 0b0f 01       		.uleb128 0x1
 2794 0b10 51       		.byte	0x51
 2795 0b11 01       		.uleb128 0x1
 2796 0b12 31       		.byte	0x31
 2797 0b13 00       		.byte	0
 2798 0b14 00       		.byte	0
 2799 0b15 24       		.uleb128 0x24
 2800 0b16 66020000 		.4byte	.LASF179
 2801 0b1a 01       		.byte	0x1
 2802 0b1b 6301     		.2byte	0x163
 2803 0b1d 00000000 		.4byte	.LFB140
 2804 0b21 0C000000 		.4byte	.LFE140-.LFB140
 2805 0b25 01       		.uleb128 0x1
 2806 0b26 9C       		.byte	0x9c
 2807 0b27 400B0000 		.4byte	0xb40
 2808 0b2b 22       		.uleb128 0x22
 2809 0b2c 0A000000 		.4byte	.LVL6
 2810 0b30 760A0000 		.4byte	0xa76
 2811 0b34 23       		.uleb128 0x23
 2812 0b35 01       		.uleb128 0x1
 2813 0b36 50       		.byte	0x50
 2814 0b37 01       		.uleb128 0x1
 2815 0b38 34       		.byte	0x34
 2816 0b39 23       		.uleb128 0x23
 2817 0b3a 01       		.uleb128 0x1
 2818 0b3b 51       		.byte	0x51
 2819 0b3c 01       		.uleb128 0x1
 2820 0b3d 31       		.byte	0x31
 2821 0b3e 00       		.byte	0
 2822 0b3f 00       		.byte	0
 2823 0b40 24       		.uleb128 0x24
 2824 0b41 250F0000 		.4byte	.LASF180
 2825 0b45 01       		.byte	0x1
 2826 0b46 5E01     		.2byte	0x15e
 2827 0b48 00000000 		.4byte	.LFB139
 2828 0b4c 0C000000 		.4byte	.LFE139-.LFB139
 2829 0b50 01       		.uleb128 0x1
 2830 0b51 9C       		.byte	0x9c
 2831 0b52 6B0B0000 		.4byte	0xb6b
 2832 0b56 22       		.uleb128 0x22
 2833 0b57 0A000000 		.4byte	.LVL7
 2834 0b5b 760A0000 		.4byte	0xa76
 2835 0b5f 23       		.uleb128 0x23
 2836 0b60 01       		.uleb128 0x1
 2837 0b61 50       		.byte	0x50
ARM GAS  C:\Users\91819\AppData\Local\Temp\ccZyeurY.s 			page 73


 2838 0b62 01       		.uleb128 0x1
 2839 0b63 33       		.byte	0x33
 2840 0b64 23       		.uleb128 0x23
 2841 0b65 01       		.uleb128 0x1
 2842 0b66 51       		.byte	0x51
 2843 0b67 01       		.uleb128 0x1
 2844 0b68 31       		.byte	0x31
 2845 0b69 00       		.byte	0
 2846 0b6a 00       		.byte	0
 2847 0b6b 24       		.uleb128 0x24
 2848 0b6c 75010000 		.4byte	.LASF181
 2849 0b70 01       		.byte	0x1
 2850 0b71 5901     		.2byte	0x159
 2851 0b73 00000000 		.4byte	.LFB138
 2852 0b77 0C000000 		.4byte	.LFE138-.LFB138
 2853 0b7b 01       		.uleb128 0x1
 2854 0b7c 9C       		.byte	0x9c
 2855 0b7d 960B0000 		.4byte	0xb96
 2856 0b81 22       		.uleb128 0x22
 2857 0b82 0A000000 		.4byte	.LVL8
 2858 0b86 760A0000 		.4byte	0xa76
 2859 0b8a 23       		.uleb128 0x23
 2860 0b8b 01       		.uleb128 0x1
 2861 0b8c 50       		.byte	0x50
 2862 0b8d 01       		.uleb128 0x1
 2863 0b8e 32       		.byte	0x32
 2864 0b8f 23       		.uleb128 0x23
 2865 0b90 01       		.uleb128 0x1
 2866 0b91 51       		.byte	0x51
 2867 0b92 01       		.uleb128 0x1
 2868 0b93 31       		.byte	0x31
 2869 0b94 00       		.byte	0
 2870 0b95 00       		.byte	0
 2871 0b96 24       		.uleb128 0x24
 2872 0b97 31040000 		.4byte	.LASF182
 2873 0b9b 01       		.byte	0x1
 2874 0b9c 5301     		.2byte	0x153
 2875 0b9e 00000000 		.4byte	.LFB137
 2876 0ba2 14000000 		.4byte	.LFE137-.LFB137
 2877 0ba6 01       		.uleb128 0x1
 2878 0ba7 9C       		.byte	0x9c
 2879 0ba8 D90B0000 		.4byte	0xbd9
 2880 0bac 25       		.uleb128 0x25
 2881 0bad 0A000000 		.4byte	.LVL9
 2882 0bb1 760A0000 		.4byte	0xa76
 2883 0bb5 C40B0000 		.4byte	0xbc4
 2884 0bb9 23       		.uleb128 0x23
 2885 0bba 01       		.uleb128 0x1
 2886 0bbb 50       		.byte	0x50
 2887 0bbc 01       		.uleb128 0x1
 2888 0bbd 31       		.byte	0x31
 2889 0bbe 23       		.uleb128 0x23
 2890 0bbf 01       		.uleb128 0x1
 2891 0bc0 51       		.byte	0x51
 2892 0bc1 01       		.uleb128 0x1
 2893 0bc2 31       		.byte	0x31
 2894 0bc3 00       		.byte	0
ARM GAS  C:\Users\91819\AppData\Local\Temp\ccZyeurY.s 			page 74


 2895 0bc4 22       		.uleb128 0x22
 2896 0bc5 12000000 		.4byte	.LVL10
 2897 0bc9 760A0000 		.4byte	0xa76
 2898 0bcd 23       		.uleb128 0x23
 2899 0bce 01       		.uleb128 0x1
 2900 0bcf 50       		.byte	0x50
 2901 0bd0 01       		.uleb128 0x1
 2902 0bd1 31       		.byte	0x31
 2903 0bd2 23       		.uleb128 0x23
 2904 0bd3 01       		.uleb128 0x1
 2905 0bd4 51       		.byte	0x51
 2906 0bd5 01       		.uleb128 0x1
 2907 0bd6 30       		.byte	0x30
 2908 0bd7 00       		.byte	0
 2909 0bd8 00       		.byte	0
 2910 0bd9 24       		.uleb128 0x24
 2911 0bda 9A070000 		.4byte	.LASF183
 2912 0bde 01       		.byte	0x1
 2913 0bdf 6801     		.2byte	0x168
 2914 0be1 00000000 		.4byte	.LFB141
 2915 0be5 0C000000 		.4byte	.LFE141-.LFB141
 2916 0be9 01       		.uleb128 0x1
 2917 0bea 9C       		.byte	0x9c
 2918 0beb 040C0000 		.4byte	0xc04
 2919 0bef 22       		.uleb128 0x22
 2920 0bf0 0A000000 		.4byte	.LVL11
 2921 0bf4 760A0000 		.4byte	0xa76
 2922 0bf8 23       		.uleb128 0x23
 2923 0bf9 01       		.uleb128 0x1
 2924 0bfa 50       		.byte	0x50
 2925 0bfb 01       		.uleb128 0x1
 2926 0bfc 34       		.byte	0x34
 2927 0bfd 23       		.uleb128 0x23
 2928 0bfe 01       		.uleb128 0x1
 2929 0bff 51       		.byte	0x51
 2930 0c00 01       		.uleb128 0x1
 2931 0c01 30       		.byte	0x30
 2932 0c02 00       		.byte	0
 2933 0c03 00       		.byte	0
 2934 0c04 24       		.uleb128 0x24
 2935 0c05 6D0C0000 		.4byte	.LASF184
 2936 0c09 01       		.byte	0x1
 2937 0c0a 6D01     		.2byte	0x16d
 2938 0c0c 00000000 		.4byte	.LFB142
 2939 0c10 0C000000 		.4byte	.LFE142-.LFB142
 2940 0c14 01       		.uleb128 0x1
 2941 0c15 9C       		.byte	0x9c
 2942 0c16 2F0C0000 		.4byte	0xc2f
 2943 0c1a 22       		.uleb128 0x22
 2944 0c1b 0A000000 		.4byte	.LVL12
 2945 0c1f 760A0000 		.4byte	0xa76
 2946 0c23 23       		.uleb128 0x23
 2947 0c24 01       		.uleb128 0x1
 2948 0c25 50       		.byte	0x50
 2949 0c26 01       		.uleb128 0x1
 2950 0c27 33       		.byte	0x33
 2951 0c28 23       		.uleb128 0x23
ARM GAS  C:\Users\91819\AppData\Local\Temp\ccZyeurY.s 			page 75


 2952 0c29 01       		.uleb128 0x1
 2953 0c2a 51       		.byte	0x51
 2954 0c2b 01       		.uleb128 0x1
 2955 0c2c 30       		.byte	0x30
 2956 0c2d 00       		.byte	0
 2957 0c2e 00       		.byte	0
 2958 0c2f 24       		.uleb128 0x24
 2959 0c30 29080000 		.4byte	.LASF185
 2960 0c34 01       		.byte	0x1
 2961 0c35 7701     		.2byte	0x177
 2962 0c37 00000000 		.4byte	.LFB144
 2963 0c3b 0C000000 		.4byte	.LFE144-.LFB144
 2964 0c3f 01       		.uleb128 0x1
 2965 0c40 9C       		.byte	0x9c
 2966 0c41 5A0C0000 		.4byte	0xc5a
 2967 0c45 22       		.uleb128 0x22
 2968 0c46 0A000000 		.4byte	.LVL13
 2969 0c4a 760A0000 		.4byte	0xa76
 2970 0c4e 23       		.uleb128 0x23
 2971 0c4f 01       		.uleb128 0x1
 2972 0c50 50       		.byte	0x50
 2973 0c51 01       		.uleb128 0x1
 2974 0c52 32       		.byte	0x32
 2975 0c53 23       		.uleb128 0x23
 2976 0c54 01       		.uleb128 0x1
 2977 0c55 51       		.byte	0x51
 2978 0c56 01       		.uleb128 0x1
 2979 0c57 30       		.byte	0x30
 2980 0c58 00       		.byte	0
 2981 0c59 00       		.byte	0
 2982 0c5a 24       		.uleb128 0x24
 2983 0c5b DD0B0000 		.4byte	.LASF186
 2984 0c5f 01       		.byte	0x1
 2985 0c60 7201     		.2byte	0x172
 2986 0c62 00000000 		.4byte	.LFB143
 2987 0c66 0C000000 		.4byte	.LFE143-.LFB143
 2988 0c6a 01       		.uleb128 0x1
 2989 0c6b 9C       		.byte	0x9c
 2990 0c6c 850C0000 		.4byte	0xc85
 2991 0c70 22       		.uleb128 0x22
 2992 0c71 0A000000 		.4byte	.LVL14
 2993 0c75 760A0000 		.4byte	0xa76
 2994 0c79 23       		.uleb128 0x23
 2995 0c7a 01       		.uleb128 0x1
 2996 0c7b 50       		.byte	0x50
 2997 0c7c 01       		.uleb128 0x1
 2998 0c7d 31       		.byte	0x31
 2999 0c7e 23       		.uleb128 0x23
 3000 0c7f 01       		.uleb128 0x1
 3001 0c80 51       		.byte	0x51
 3002 0c81 01       		.uleb128 0x1
 3003 0c82 30       		.byte	0x30
 3004 0c83 00       		.byte	0
 3005 0c84 00       		.byte	0
 3006 0c85 24       		.uleb128 0x24
 3007 0c86 790E0000 		.4byte	.LASF187
 3008 0c8a 01       		.byte	0x1
ARM GAS  C:\Users\91819\AppData\Local\Temp\ccZyeurY.s 			page 76


 3009 0c8b 7E01     		.2byte	0x17e
 3010 0c8d 00000000 		.4byte	.LFB145
 3011 0c91 00010000 		.4byte	.LFE145-.LFB145
 3012 0c95 01       		.uleb128 0x1
 3013 0c96 9C       		.byte	0x9c
 3014 0c97 370D0000 		.4byte	0xd37
 3015 0c9b 26       		.uleb128 0x26
 3016 0c9c 0C0B0000 		.4byte	.LASF188
 3017 0ca0 01       		.byte	0x1
 3018 0ca1 8101     		.2byte	0x181
 3019 0ca3 A7050000 		.4byte	0x5a7
 3020 0ca7 02       		.uleb128 0x2
 3021 0ca8 91       		.byte	0x91
 3022 0ca9 60       		.sleb128 -32
 3023 0caa 27       		.uleb128 0x27
 3024 0cab AA080000 		.4byte	0x8aa
 3025 0caf 04000000 		.4byte	.LBB29
 3026 0cb3 0A000000 		.4byte	.LBE29-.LBB29
 3027 0cb7 01       		.byte	0x1
 3028 0cb8 8101     		.2byte	0x181
 3029 0cba C40C0000 		.4byte	0xcc4
 3030 0cbe 28       		.uleb128 0x28
 3031 0cbf BB080000 		.4byte	0x8bb
 3032 0cc3 00       		.byte	0
 3033 0cc4 29       		.uleb128 0x29
 3034 0cc5 D8080000 		.4byte	0x8d8
 3035 0cc9 96000000 		.4byte	.LBB31
 3036 0ccd 5C000000 		.4byte	.LBE31-.LBB31
 3037 0cd1 01       		.byte	0x1
 3038 0cd2 9D01     		.2byte	0x19d
 3039 0cd4 2A       		.uleb128 0x2a
 3040 0cd5 F5080000 		.4byte	0x8f5
 3041 0cd9 02       		.uleb128 0x2
 3042 0cda 91       		.byte	0x91
 3043 0cdb 50       		.sleb128 -48
 3044 0cdc 28       		.uleb128 0x28
 3045 0cdd E9080000 		.4byte	0x8e9
 3046 0ce1 2B       		.uleb128 0x2b
 3047 0ce2 96000000 		.4byte	.LBB32
 3048 0ce6 5C000000 		.4byte	.LBE32-.LBB32
 3049 0cea 2C       		.uleb128 0x2c
 3050 0ceb 01090000 		.4byte	0x901
 3051 0cef 00       		.byte	0
 3052 0cf0 2D       		.uleb128 0x2d
 3053 0cf1 0D090000 		.4byte	0x90d
 3054 0cf5 4E000000 		.4byte	.LLST2
 3055 0cf9 2D       		.uleb128 0x2d
 3056 0cfa 19090000 		.4byte	0x919
 3057 0cfe 84000000 		.4byte	.LLST3
 3058 0d02 2E       		.uleb128 0x2e
 3059 0d03 D8000000 		.4byte	.LBB33
 3060 0d07 0A000000 		.4byte	.LBE33-.LBB33
 3061 0d0b 220D0000 		.4byte	0xd22
 3062 0d0f 2D       		.uleb128 0x2d
 3063 0d10 26090000 		.4byte	0x926
 3064 0d14 97000000 		.4byte	.LLST4
 3065 0d18 2F       		.uleb128 0x2f
ARM GAS  C:\Users\91819\AppData\Local\Temp\ccZyeurY.s 			page 77


 3066 0d19 E2000000 		.4byte	.LVL23
 3067 0d1d CC130000 		.4byte	0x13cc
 3068 0d21 00       		.byte	0
 3069 0d22 2F       		.uleb128 0x2f
 3070 0d23 A8000000 		.4byte	.LVL19
 3071 0d27 D8130000 		.4byte	0x13d8
 3072 0d2b 2F       		.uleb128 0x2f
 3073 0d2c CA000000 		.4byte	.LVL20
 3074 0d30 E4130000 		.4byte	0x13e4
 3075 0d34 00       		.byte	0
 3076 0d35 00       		.byte	0
 3077 0d36 00       		.byte	0
 3078 0d37 30       		.uleb128 0x30
 3079 0d38 C9010000 		.4byte	.LASF190
 3080 0d3c 01       		.byte	0x1
 3081 0d3d EF       		.byte	0xef
 3082 0d3e 00000000 		.4byte	.LFB132
 3083 0d42 94000000 		.4byte	.LFE132-.LFB132
 3084 0d46 01       		.uleb128 0x1
 3085 0d47 9C       		.byte	0x9c
 3086 0d48 050E0000 		.4byte	0xe05
 3087 0d4c 31       		.uleb128 0x31
 3088 0d4d 657600   		.ascii	"ev\000"
 3089 0d50 01       		.byte	0x1
 3090 0d51 EF       		.byte	0xef
 3091 0d52 2C020000 		.4byte	0x22c
 3092 0d56 B0000000 		.4byte	.LLST5
 3093 0d5a 32       		.uleb128 0x32
 3094 0d5b 8F0E0000 		.4byte	.LASF189
 3095 0d5f 01       		.byte	0x1
 3096 0d60 F2       		.byte	0xf2
 3097 0d61 97000000 		.4byte	0x97
 3098 0d65 05       		.uleb128 0x5
 3099 0d66 03       		.byte	0x3
 3100 0d67 02000000 		.4byte	longPressTick.8580
 3101 0d6b 33       		.uleb128 0x33
 3102 0d6c 3F090000 		.4byte	0x93f
 3103 0d70 2A000000 		.4byte	.LBB34
 3104 0d74 56000000 		.4byte	.LBE34-.LBB34
 3105 0d78 01       		.byte	0x1
 3106 0d79 FE       		.byte	0xfe
 3107 0d7a E00D0000 		.4byte	0xde0
 3108 0d7e 28       		.uleb128 0x28
 3109 0d7f 5C090000 		.4byte	0x95c
 3110 0d83 28       		.uleb128 0x28
 3111 0d84 50090000 		.4byte	0x950
 3112 0d88 2B       		.uleb128 0x2b
 3113 0d89 2A000000 		.4byte	.LBB35
 3114 0d8d 56000000 		.4byte	.LBE35-.LBB35
 3115 0d91 2D       		.uleb128 0x2d
 3116 0d92 68090000 		.4byte	0x968
 3117 0d96 D1000000 		.4byte	.LLST6
 3118 0d9a 2D       		.uleb128 0x2d
 3119 0d9b 74090000 		.4byte	0x974
 3120 0d9f E5000000 		.4byte	.LLST7
 3121 0da3 2D       		.uleb128 0x2d
 3122 0da4 80090000 		.4byte	0x980
ARM GAS  C:\Users\91819\AppData\Local\Temp\ccZyeurY.s 			page 78


 3123 0da8 1B010000 		.4byte	.LLST8
 3124 0dac 2E       		.uleb128 0x2e
 3125 0dad 66000000 		.4byte	.LBB36
 3126 0db1 0A000000 		.4byte	.LBE36-.LBB36
 3127 0db5 CC0D0000 		.4byte	0xdcc
 3128 0db9 2D       		.uleb128 0x2d
 3129 0dba 8D090000 		.4byte	0x98d
 3130 0dbe 2E010000 		.4byte	.LLST9
 3131 0dc2 2F       		.uleb128 0x2f
 3132 0dc3 70000000 		.4byte	.LVL37
 3133 0dc7 CC130000 		.4byte	0x13cc
 3134 0dcb 00       		.byte	0
 3135 0dcc 2F       		.uleb128 0x2f
 3136 0dcd 3C000000 		.4byte	.LVL33
 3137 0dd1 D8130000 		.4byte	0x13d8
 3138 0dd5 2F       		.uleb128 0x2f
 3139 0dd6 58000000 		.4byte	.LVL34
 3140 0dda E4130000 		.4byte	0x13e4
 3141 0dde 00       		.byte	0
 3142 0ddf 00       		.byte	0
 3143 0de0 2F       		.uleb128 0x2f
 3144 0de1 06000000 		.4byte	.LVL30
 3145 0de5 F0130000 		.4byte	0x13f0
 3146 0de9 22       		.uleb128 0x22
 3147 0dea 28000000 		.4byte	.LVL31
 3148 0dee FB130000 		.4byte	0x13fb
 3149 0df2 23       		.uleb128 0x23
 3150 0df3 01       		.uleb128 0x1
 3151 0df4 50       		.byte	0x50
 3152 0df5 01       		.uleb128 0x1
 3153 0df6 33       		.byte	0x33
 3154 0df7 23       		.uleb128 0x23
 3155 0df8 01       		.uleb128 0x1
 3156 0df9 51       		.byte	0x51
 3157 0dfa 02       		.uleb128 0x2
 3158 0dfb 08       		.byte	0x8
 3159 0dfc FA       		.byte	0xfa
 3160 0dfd 23       		.uleb128 0x23
 3161 0dfe 01       		.uleb128 0x1
 3162 0dff 52       		.byte	0x52
 3163 0e00 02       		.uleb128 0x2
 3164 0e01 08       		.byte	0x8
 3165 0e02 FA       		.byte	0xfa
 3166 0e03 00       		.byte	0
 3167 0e04 00       		.byte	0
 3168 0e05 34       		.uleb128 0x34
 3169 0e06 2B020000 		.4byte	.LASF191
 3170 0e0a 01       		.byte	0x1
 3171 0e0b 0F01     		.2byte	0x10f
 3172 0e0d 00000000 		.4byte	.LFB133
 3173 0e11 50000000 		.4byte	.LFE133-.LFB133
 3174 0e15 01       		.uleb128 0x1
 3175 0e16 9C       		.byte	0x9c
 3176 0e17 8C0E0000 		.4byte	0xe8c
 3177 0e1b 20       		.uleb128 0x20
 3178 0e1c 657600   		.ascii	"ev\000"
 3179 0e1f 01       		.byte	0x1
ARM GAS  C:\Users\91819\AppData\Local\Temp\ccZyeurY.s 			page 79


 3180 0e20 0F01     		.2byte	0x10f
 3181 0e22 2C020000 		.4byte	0x22c
 3182 0e26 47010000 		.4byte	.LLST10
 3183 0e2a 35       		.uleb128 0x35
 3184 0e2b 6D0E0000 		.4byte	.LASF192
 3185 0e2f 01       		.byte	0x1
 3186 0e30 1501     		.2byte	0x115
 3187 0e32 33070000 		.4byte	0x733
 3188 0e36 73010000 		.4byte	.LLST11
 3189 0e3a 27       		.uleb128 0x27
 3190 0e3b A6090000 		.4byte	0x9a6
 3191 0e3f 04000000 		.4byte	.LBB37
 3192 0e43 26000000 		.4byte	.LBE37-.LBB37
 3193 0e47 01       		.byte	0x1
 3194 0e48 1601     		.2byte	0x116
 3195 0e4a 6F0E0000 		.4byte	0xe6f
 3196 0e4e 36       		.uleb128 0x36
 3197 0e4f C3090000 		.4byte	0x9c3
 3198 0e53 86010000 		.4byte	.LLST12
 3199 0e57 28       		.uleb128 0x28
 3200 0e58 B7090000 		.4byte	0x9b7
 3201 0e5c 2F       		.uleb128 0x2f
 3202 0e5d 16000000 		.4byte	.LVL46
 3203 0e61 D8130000 		.4byte	0x13d8
 3204 0e65 2F       		.uleb128 0x2f
 3205 0e66 2A000000 		.4byte	.LVL47
 3206 0e6a E4130000 		.4byte	0x13e4
 3207 0e6e 00       		.byte	0
 3208 0e6f 22       		.uleb128 0x22
 3209 0e70 46000000 		.4byte	.LVL50
 3210 0e74 C1130000 		.4byte	0x13c1
 3211 0e78 23       		.uleb128 0x23
 3212 0e79 01       		.uleb128 0x1
 3213 0e7a 50       		.byte	0x50
 3214 0e7b 05       		.uleb128 0x5
 3215 0e7c 03       		.byte	0x3
 3216 0e7d 10000000 		.4byte	.LANCHOR0+16
 3217 0e81 23       		.uleb128 0x23
 3218 0e82 01       		.uleb128 0x1
 3219 0e83 51       		.byte	0x51
 3220 0e84 05       		.uleb128 0x5
 3221 0e85 74       		.byte	0x74
 3222 0e86 00       		.sleb128 0
 3223 0e87 08       		.byte	0x8
 3224 0e88 FF       		.byte	0xff
 3225 0e89 1A       		.byte	0x1a
 3226 0e8a 00       		.byte	0
 3227 0e8b 00       		.byte	0
 3228 0e8c 37       		.uleb128 0x37
 3229 0e8d 74000000 		.4byte	.LASF193
 3230 0e91 01       		.byte	0x1
 3231 0e92 3501     		.2byte	0x135
 3232 0e94 00000000 		.4byte	.LFB134
 3233 0e98 B4000000 		.4byte	.LFE134-.LFB134
 3234 0e9c 01       		.uleb128 0x1
 3235 0e9d 9C       		.byte	0x9c
 3236 0e9e AF0F0000 		.4byte	0xfaf
ARM GAS  C:\Users\91819\AppData\Local\Temp\ccZyeurY.s 			page 80


 3237 0ea2 20       		.uleb128 0x20
 3238 0ea3 657600   		.ascii	"ev\000"
 3239 0ea6 01       		.byte	0x1
 3240 0ea7 3501     		.2byte	0x135
 3241 0ea9 2C020000 		.4byte	0x22c
 3242 0ead 9E010000 		.4byte	.LLST13
 3243 0eb1 26       		.uleb128 0x26
 3244 0eb2 0D090000 		.4byte	.LASF194
 3245 0eb6 01       		.byte	0x1
 3246 0eb7 3801     		.2byte	0x138
 3247 0eb9 A7050000 		.4byte	0x5a7
 3248 0ebd 02       		.uleb128 0x2
 3249 0ebe 91       		.byte	0x91
 3250 0ebf 50       		.sleb128 -48
 3251 0ec0 27       		.uleb128 0x27
 3252 0ec1 280A0000 		.4byte	0xa28
 3253 0ec5 04000000 		.4byte	.LBB39
 3254 0ec9 24000000 		.4byte	.LBE39-.LBB39
 3255 0ecd 01       		.byte	0x1
 3256 0ece 3B01     		.2byte	0x13b
 3257 0ed0 F50E0000 		.4byte	0xef5
 3258 0ed4 36       		.uleb128 0x36
 3259 0ed5 450A0000 		.4byte	0xa45
 3260 0ed9 BF010000 		.4byte	.LLST14
 3261 0edd 28       		.uleb128 0x28
 3262 0ede 390A0000 		.4byte	0xa39
 3263 0ee2 2F       		.uleb128 0x2f
 3264 0ee3 16000000 		.4byte	.LVL55
 3265 0ee7 D8130000 		.4byte	0x13d8
 3266 0eeb 2F       		.uleb128 0x2f
 3267 0eec 28000000 		.4byte	.LVL56
 3268 0ef0 E4130000 		.4byte	0x13e4
 3269 0ef4 00       		.byte	0
 3270 0ef5 27       		.uleb128 0x27
 3271 0ef6 AA080000 		.4byte	0x8aa
 3272 0efa 28000000 		.4byte	.LBB41
 3273 0efe 0A000000 		.4byte	.LBE41-.LBB41
 3274 0f02 01       		.byte	0x1
 3275 0f03 3C01     		.2byte	0x13c
 3276 0f05 0F0F0000 		.4byte	0xf0f
 3277 0f09 28       		.uleb128 0x28
 3278 0f0a BB080000 		.4byte	0x8bb
 3279 0f0e 00       		.byte	0
 3280 0f0f 27       		.uleb128 0x27
 3281 0f10 D8080000 		.4byte	0x8d8
 3282 0f14 3C000000 		.4byte	.LBB43
 3283 0f18 5C000000 		.4byte	.LBE43-.LBB43
 3284 0f1c 01       		.byte	0x1
 3285 0f1d 3E01     		.2byte	0x13e
 3286 0f1f 850F0000 		.4byte	0xf85
 3287 0f23 2A       		.uleb128 0x2a
 3288 0f24 F5080000 		.4byte	0x8f5
 3289 0f28 02       		.uleb128 0x2
 3290 0f29 91       		.byte	0x91
 3291 0f2a 40       		.sleb128 -64
 3292 0f2b 28       		.uleb128 0x28
 3293 0f2c E9080000 		.4byte	0x8e9
ARM GAS  C:\Users\91819\AppData\Local\Temp\ccZyeurY.s 			page 81


 3294 0f30 2B       		.uleb128 0x2b
 3295 0f31 3C000000 		.4byte	.LBB44
 3296 0f35 5C000000 		.4byte	.LBE44-.LBB44
 3297 0f39 2C       		.uleb128 0x2c
 3298 0f3a 01090000 		.4byte	0x901
 3299 0f3e 00       		.byte	0
 3300 0f3f 2D       		.uleb128 0x2d
 3301 0f40 0D090000 		.4byte	0x90d
 3302 0f44 D4010000 		.4byte	.LLST15
 3303 0f48 2D       		.uleb128 0x2d
 3304 0f49 19090000 		.4byte	0x919
 3305 0f4d 0A020000 		.4byte	.LLST16
 3306 0f51 2E       		.uleb128 0x2e
 3307 0f52 7E000000 		.4byte	.LBB45
 3308 0f56 0A000000 		.4byte	.LBE45-.LBB45
 3309 0f5a 710F0000 		.4byte	0xf71
 3310 0f5e 2D       		.uleb128 0x2d
 3311 0f5f 26090000 		.4byte	0x926
 3312 0f63 1D020000 		.4byte	.LLST17
 3313 0f67 2F       		.uleb128 0x2f
 3314 0f68 88000000 		.4byte	.LVL64
 3315 0f6c CC130000 		.4byte	0x13cc
 3316 0f70 00       		.byte	0
 3317 0f71 2F       		.uleb128 0x2f
 3318 0f72 4E000000 		.4byte	.LVL60
 3319 0f76 D8130000 		.4byte	0x13d8
 3320 0f7a 2F       		.uleb128 0x2f
 3321 0f7b 70000000 		.4byte	.LVL61
 3322 0f7f E4130000 		.4byte	0x13e4
 3323 0f83 00       		.byte	0
 3324 0f84 00       		.byte	0
 3325 0f85 29       		.uleb128 0x29
 3326 0f86 FE090000 		.4byte	0x9fe
 3327 0f8a 98000000 		.4byte	.LBB46
 3328 0f8e 10000000 		.4byte	.LBE46-.LBB46
 3329 0f92 01       		.byte	0x1
 3330 0f93 4001     		.2byte	0x140
 3331 0f95 28       		.uleb128 0x28
 3332 0f96 0F0A0000 		.4byte	0xa0f
 3333 0f9a 2B       		.uleb128 0x2b
 3334 0f9b 98000000 		.4byte	.LBB47
 3335 0f9f 10000000 		.4byte	.LBE47-.LBB47
 3336 0fa3 2D       		.uleb128 0x2d
 3337 0fa4 1B0A0000 		.4byte	0xa1b
 3338 0fa8 36020000 		.4byte	.LLST18
 3339 0fac 00       		.byte	0
 3340 0fad 00       		.byte	0
 3341 0fae 00       		.byte	0
 3342 0faf 34       		.uleb128 0x34
 3343 0fb0 650A0000 		.4byte	.LASF195
 3344 0fb4 01       		.byte	0x1
 3345 0fb5 C401     		.2byte	0x1c4
 3346 0fb7 00000000 		.4byte	.LFB149
 3347 0fbb 48000000 		.4byte	.LFE149-.LFB149
 3348 0fbf 01       		.uleb128 0x1
 3349 0fc0 9C       		.byte	0x9c
 3350 0fc1 65100000 		.4byte	0x1065
ARM GAS  C:\Users\91819\AppData\Local\Temp\ccZyeurY.s 			page 82


 3351 0fc5 21       		.uleb128 0x21
 3352 0fc6 27030000 		.4byte	.LASF196
 3353 0fca 01       		.byte	0x1
 3354 0fcb C401     		.2byte	0x1c4
 3355 0fcd 4C010000 		.4byte	0x14c
 3356 0fd1 4B020000 		.4byte	.LLST19
 3357 0fd5 21       		.uleb128 0x21
 3358 0fd6 20000000 		.4byte	.LASF197
 3359 0fda 01       		.byte	0x1
 3360 0fdb C401     		.2byte	0x1c4
 3361 0fdd 4C010000 		.4byte	0x14c
 3362 0fe1 77020000 		.4byte	.LLST20
 3363 0fe5 25       		.uleb128 0x25
 3364 0fe6 0E000000 		.4byte	.LVL73
 3365 0fea 07140000 		.4byte	0x1407
 3366 0fee FE0F0000 		.4byte	0xffe
 3367 0ff2 23       		.uleb128 0x23
 3368 0ff3 01       		.uleb128 0x1
 3369 0ff4 50       		.byte	0x50
 3370 0ff5 01       		.uleb128 0x1
 3371 0ff6 35       		.byte	0x35
 3372 0ff7 23       		.uleb128 0x23
 3373 0ff8 01       		.uleb128 0x1
 3374 0ff9 51       		.byte	0x51
 3375 0ffa 02       		.uleb128 0x2
 3376 0ffb 08       		.byte	0x8
 3377 0ffc 28       		.byte	0x28
 3378 0ffd 00       		.byte	0
 3379 0ffe 2F       		.uleb128 0x2f
 3380 0fff 18000000 		.4byte	.LVL74
 3381 1003 13140000 		.4byte	0x1413
 3382 1007 25       		.uleb128 0x25
 3383 1008 1E000000 		.4byte	.LVL75
 3384 100c 1E140000 		.4byte	0x141e
 3385 1010 1B100000 		.4byte	0x101b
 3386 1014 23       		.uleb128 0x23
 3387 1015 01       		.uleb128 0x1
 3388 1016 50       		.byte	0x50
 3389 1017 02       		.uleb128 0x2
 3390 1018 76       		.byte	0x76
 3391 1019 00       		.sleb128 0
 3392 101a 00       		.byte	0
 3393 101b 25       		.uleb128 0x25
 3394 101c 28000000 		.4byte	.LVL76
 3395 1020 13140000 		.4byte	0x1413
 3396 1024 34100000 		.4byte	0x1034
 3397 1028 23       		.uleb128 0x23
 3398 1029 01       		.uleb128 0x1
 3399 102a 50       		.byte	0x50
 3400 102b 02       		.uleb128 0x2
 3401 102c 09       		.byte	0x9
 3402 102d FF       		.byte	0xff
 3403 102e 23       		.uleb128 0x23
 3404 102f 01       		.uleb128 0x1
 3405 1030 51       		.byte	0x51
 3406 1031 01       		.uleb128 0x1
 3407 1032 30       		.byte	0x30
ARM GAS  C:\Users\91819\AppData\Local\Temp\ccZyeurY.s 			page 83


 3408 1033 00       		.byte	0
 3409 1034 25       		.uleb128 0x25
 3410 1035 2E000000 		.4byte	.LVL77
 3411 1039 1E140000 		.4byte	0x141e
 3412 103d 4B100000 		.4byte	0x104b
 3413 1041 23       		.uleb128 0x23
 3414 1042 01       		.uleb128 0x1
 3415 1043 50       		.byte	0x50
 3416 1044 05       		.uleb128 0x5
 3417 1045 03       		.byte	0x3
 3418 1046 00000000 		.4byte	.LC0
 3419 104a 00       		.byte	0
 3420 104b 2F       		.uleb128 0x2f
 3421 104c 36000000 		.4byte	.LVL78
 3422 1050 13140000 		.4byte	0x1413
 3423 1054 22       		.uleb128 0x22
 3424 1055 3C000000 		.4byte	.LVL79
 3425 1059 1E140000 		.4byte	0x141e
 3426 105d 23       		.uleb128 0x23
 3427 105e 01       		.uleb128 0x1
 3428 105f 50       		.byte	0x50
 3429 1060 02       		.uleb128 0x2
 3430 1061 75       		.byte	0x75
 3431 1062 00       		.sleb128 0
 3432 1063 00       		.byte	0
 3433 1064 00       		.byte	0
 3434 1065 38       		.uleb128 0x38
 3435 1066 5F0F0000 		.4byte	.LASF240
 3436 106a 01       		.byte	0x1
 3437 106b CC       		.byte	0xcc
 3438 106c 00000000 		.4byte	.LFB131
 3439 1070 18010000 		.4byte	.LFE131-.LFB131
 3440 1074 01       		.uleb128 0x1
 3441 1075 9C       		.byte	0x9c
 3442 1076 B1110000 		.4byte	0x11b1
 3443 107a 32       		.uleb128 0x32
 3444 107b 200A0000 		.4byte	.LASF198
 3445 107f 01       		.byte	0x1
 3446 1080 CE       		.byte	0xce
 3447 1081 A7050000 		.4byte	0x5a7
 3448 1085 02       		.uleb128 0x2
 3449 1086 91       		.byte	0x91
 3450 1087 60       		.sleb128 -32
 3451 1088 32       		.uleb128 0x32
 3452 1089 6B070000 		.4byte	.LASF199
 3453 108d 01       		.byte	0x1
 3454 108e D2       		.byte	0xd2
 3455 108f A7050000 		.4byte	0x5a7
 3456 1093 02       		.uleb128 0x2
 3457 1094 91       		.byte	0x91
 3458 1095 50       		.sleb128 -48
 3459 1096 33       		.uleb128 0x33
 3460 1097 D8080000 		.4byte	0x8d8
 3461 109b 14000000 		.4byte	.LBB48
 3462 109f 5C000000 		.4byte	.LBE48-.LBB48
 3463 10a3 01       		.byte	0x1
 3464 10a4 D0       		.byte	0xd0
ARM GAS  C:\Users\91819\AppData\Local\Temp\ccZyeurY.s 			page 84


 3465 10a5 0B110000 		.4byte	0x110b
 3466 10a9 2A       		.uleb128 0x2a
 3467 10aa F5080000 		.4byte	0x8f5
 3468 10ae 02       		.uleb128 0x2
 3469 10af 91       		.byte	0x91
 3470 10b0 40       		.sleb128 -64
 3471 10b1 28       		.uleb128 0x28
 3472 10b2 E9080000 		.4byte	0x8e9
 3473 10b6 2B       		.uleb128 0x2b
 3474 10b7 14000000 		.4byte	.LBB49
 3475 10bb 5C000000 		.4byte	.LBE49-.LBB49
 3476 10bf 2C       		.uleb128 0x2c
 3477 10c0 01090000 		.4byte	0x901
 3478 10c4 00       		.byte	0
 3479 10c5 2D       		.uleb128 0x2d
 3480 10c6 0D090000 		.4byte	0x90d
 3481 10ca A3020000 		.4byte	.LLST21
 3482 10ce 2D       		.uleb128 0x2d
 3483 10cf 19090000 		.4byte	0x919
 3484 10d3 D9020000 		.4byte	.LLST22
 3485 10d7 2E       		.uleb128 0x2e
 3486 10d8 56000000 		.4byte	.LBB50
 3487 10dc 0A000000 		.4byte	.LBE50-.LBB50
 3488 10e0 F7100000 		.4byte	0x10f7
 3489 10e4 2D       		.uleb128 0x2d
 3490 10e5 26090000 		.4byte	0x926
 3491 10e9 EC020000 		.4byte	.LLST23
 3492 10ed 2F       		.uleb128 0x2f
 3493 10ee 60000000 		.4byte	.LVL87
 3494 10f2 CC130000 		.4byte	0x13cc
 3495 10f6 00       		.byte	0
 3496 10f7 2F       		.uleb128 0x2f
 3497 10f8 26000000 		.4byte	.LVL83
 3498 10fc D8130000 		.4byte	0x13d8
 3499 1100 2F       		.uleb128 0x2f
 3500 1101 48000000 		.4byte	.LVL84
 3501 1105 E4130000 		.4byte	0x13e4
 3502 1109 00       		.byte	0
 3503 110a 00       		.byte	0
 3504 110b 33       		.uleb128 0x33
 3505 110c D8080000 		.4byte	0x8d8
 3506 1110 9A000000 		.4byte	.LBB51
 3507 1114 5C000000 		.4byte	.LBE51-.LBB51
 3508 1118 01       		.byte	0x1
 3509 1119 DC       		.byte	0xdc
 3510 111a 81110000 		.4byte	0x1181
 3511 111e 2A       		.uleb128 0x2a
 3512 111f F5080000 		.4byte	0x8f5
 3513 1123 03       		.uleb128 0x3
 3514 1124 91       		.byte	0x91
 3515 1125 B07F     		.sleb128 -80
 3516 1127 28       		.uleb128 0x28
 3517 1128 E9080000 		.4byte	0x8e9
 3518 112c 2B       		.uleb128 0x2b
 3519 112d 9A000000 		.4byte	.LBB52
 3520 1131 5C000000 		.4byte	.LBE52-.LBB52
 3521 1135 2C       		.uleb128 0x2c
ARM GAS  C:\Users\91819\AppData\Local\Temp\ccZyeurY.s 			page 85


 3522 1136 01090000 		.4byte	0x901
 3523 113a 00       		.byte	0
 3524 113b 2D       		.uleb128 0x2d
 3525 113c 0D090000 		.4byte	0x90d
 3526 1140 05030000 		.4byte	.LLST24
 3527 1144 2D       		.uleb128 0x2d
 3528 1145 19090000 		.4byte	0x919
 3529 1149 3B030000 		.4byte	.LLST25
 3530 114d 2E       		.uleb128 0x2e
 3531 114e DC000000 		.4byte	.LBB53
 3532 1152 0A000000 		.4byte	.LBE53-.LBB53
 3533 1156 6D110000 		.4byte	0x116d
 3534 115a 2D       		.uleb128 0x2d
 3535 115b 26090000 		.4byte	0x926
 3536 115f 4E030000 		.4byte	.LLST26
 3537 1163 2F       		.uleb128 0x2f
 3538 1164 E6000000 		.4byte	.LVL98
 3539 1168 CC130000 		.4byte	0x13cc
 3540 116c 00       		.byte	0
 3541 116d 2F       		.uleb128 0x2f
 3542 116e AC000000 		.4byte	.LVL94
 3543 1172 D8130000 		.4byte	0x13d8
 3544 1176 2F       		.uleb128 0x2f
 3545 1177 CE000000 		.4byte	.LVL95
 3546 117b E4130000 		.4byte	0x13e4
 3547 117f 00       		.byte	0
 3548 1180 00       		.byte	0
 3549 1181 25       		.uleb128 0x25
 3550 1182 FC000000 		.4byte	.LVL103
 3551 1186 2A140000 		.4byte	0x142a
 3552 118a 94110000 		.4byte	0x1194
 3553 118e 23       		.uleb128 0x23
 3554 118f 01       		.uleb128 0x1
 3555 1190 50       		.byte	0x50
 3556 1191 01       		.uleb128 0x1
 3557 1192 34       		.byte	0x34
 3558 1193 00       		.byte	0
 3559 1194 22       		.uleb128 0x22
 3560 1195 04010000 		.4byte	.LVL104
 3561 1199 AF0F0000 		.4byte	0xfaf
 3562 119d 23       		.uleb128 0x23
 3563 119e 01       		.uleb128 0x1
 3564 119f 50       		.byte	0x50
 3565 11a0 05       		.uleb128 0x5
 3566 11a1 03       		.byte	0x3
 3567 11a2 04000000 		.4byte	.LC1
 3568 11a6 23       		.uleb128 0x23
 3569 11a7 01       		.uleb128 0x1
 3570 11a8 51       		.byte	0x51
 3571 11a9 05       		.uleb128 0x5
 3572 11aa 03       		.byte	0x3
 3573 11ab 04000000 		.4byte	.LC1
 3574 11af 00       		.byte	0
 3575 11b0 00       		.byte	0
 3576 11b1 0B       		.uleb128 0xb
 3577 11b2 C1110000 		.4byte	0x11c1
 3578 11b6 C1110000 		.4byte	0x11c1
ARM GAS  C:\Users\91819\AppData\Local\Temp\ccZyeurY.s 			page 86


 3579 11ba 39       		.uleb128 0x39
 3580 11bb 45010000 		.4byte	0x145
 3581 11bf 02       		.byte	0x2
 3582 11c0 00       		.byte	0
 3583 11c1 14       		.uleb128 0x14
 3584 11c2 BF040000 		.4byte	0x4bf
 3585 11c6 32       		.uleb128 0x32
 3586 11c7 D10D0000 		.4byte	.LASF200
 3587 11cb 01       		.byte	0x1
 3588 11cc 66       		.byte	0x66
 3589 11cd D7110000 		.4byte	0x11d7
 3590 11d1 05       		.uleb128 0x5
 3591 11d2 03       		.byte	0x3
 3592 11d3 90000000 		.4byte	CONTROL_CLOCK_Transitions
 3593 11d7 14       		.uleb128 0x14
 3594 11d8 B1110000 		.4byte	0x11b1
 3595 11dc 0B       		.uleb128 0xb
 3596 11dd EC110000 		.4byte	0x11ec
 3597 11e1 EC110000 		.4byte	0x11ec
 3598 11e5 39       		.uleb128 0x39
 3599 11e6 45010000 		.4byte	0x145
 3600 11ea 00       		.byte	0
 3601 11eb 00       		.byte	0
 3602 11ec 14       		.uleb128 0x14
 3603 11ed 02050000 		.4byte	0x502
 3604 11f1 32       		.uleb128 0x32
 3605 11f2 E3000000 		.4byte	.LASF201
 3606 11f6 01       		.byte	0x1
 3607 11f7 75       		.byte	0x75
 3608 11f8 02120000 		.4byte	0x1202
 3609 11fc 05       		.uleb128 0x5
 3610 11fd 03       		.byte	0x3
 3611 11fe 84000000 		.4byte	CONTROL_CLOCK_StateActions
 3612 1202 14       		.uleb128 0x14
 3613 1203 DC110000 		.4byte	0x11dc
 3614 1207 0B       		.uleb128 0xb
 3615 1208 17120000 		.4byte	0x1217
 3616 120c 17120000 		.4byte	0x1217
 3617 1210 39       		.uleb128 0x39
 3618 1211 45010000 		.4byte	0x145
 3619 1215 01       		.byte	0x1
 3620 1216 00       		.byte	0
 3621 1217 14       		.uleb128 0x14
 3622 1218 6C040000 		.4byte	0x46c
 3623 121c 32       		.uleb128 0x32
 3624 121d 7F080000 		.4byte	.LASF202
 3625 1221 01       		.byte	0x1
 3626 1222 81       		.byte	0x81
 3627 1223 2D120000 		.4byte	0x122d
 3628 1227 05       		.uleb128 0x5
 3629 1228 03       		.byte	0x3
 3630 1229 6C000000 		.4byte	state_CLOCK_W_ISDISAPLAYING_Transitions
 3631 122d 14       		.uleb128 0x14
 3632 122e 07120000 		.4byte	0x1207
 3633 1232 0B       		.uleb128 0xb
 3634 1233 17120000 		.4byte	0x1217
 3635 1237 42120000 		.4byte	0x1242
ARM GAS  C:\Users\91819\AppData\Local\Temp\ccZyeurY.s 			page 87


 3636 123b 39       		.uleb128 0x39
 3637 123c 45010000 		.4byte	0x145
 3638 1240 02       		.byte	0x2
 3639 1241 00       		.byte	0
 3640 1242 32       		.uleb128 0x32
 3641 1243 9F0C0000 		.4byte	.LASF203
 3642 1247 01       		.byte	0x1
 3643 1248 89       		.byte	0x89
 3644 1249 53120000 		.4byte	0x1253
 3645 124d 05       		.uleb128 0x5
 3646 124e 03       		.byte	0x3
 3647 124f 48000000 		.4byte	state_CLOCK_W_ISEDITING_Transitions
 3648 1253 14       		.uleb128 0x14
 3649 1254 32120000 		.4byte	0x1232
 3650 1258 32       		.uleb128 0x32
 3651 1259 8E0D0000 		.4byte	.LASF204
 3652 125d 01       		.byte	0x1
 3653 125e 92       		.byte	0x92
 3654 125f 69120000 		.4byte	0x1269
 3655 1263 05       		.uleb128 0x5
 3656 1264 03       		.byte	0x3
 3657 1265 30000000 		.4byte	state_CLOCK_W_ISAUTOINCREMENT_Transitions
 3658 1269 14       		.uleb128 0x14
 3659 126a 07120000 		.4byte	0x1207
 3660 126e 32       		.uleb128 0x32
 3661 126f B8050000 		.4byte	.LASF205
 3662 1273 01       		.byte	0x1
 3663 1274 9F       		.byte	0x9f
 3664 1275 7F120000 		.4byte	0x127f
 3665 1279 05       		.uleb128 0x5
 3666 127a 03       		.byte	0x3
 3667 127b 0C000000 		.4byte	CLOCK_Widget_Transitions
 3668 127f 14       		.uleb128 0x14
 3669 1280 B1110000 		.4byte	0x11b1
 3670 1284 3A       		.uleb128 0x3a
 3671 1285 22090000 		.4byte	.LASF206
 3672 1289 01       		.byte	0x1
 3673 128a A5       		.byte	0xa5
 3674 128b BA040000 		.4byte	0x4ba
 3675 128f 03       		.byte	0x3
 3676 1290 32       		.uleb128 0x32
 3677 1291 1B0C0000 		.4byte	.LASF207
 3678 1295 01       		.byte	0x1
 3679 1296 AA       		.byte	0xaa
 3680 1297 A1120000 		.4byte	0x12a1
 3681 129b 05       		.uleb128 0x5
 3682 129c 03       		.byte	0x3
 3683 129d 00000000 		.4byte	CLOCK_WIDGET_StateActions
 3684 12a1 14       		.uleb128 0x14
 3685 12a2 DC110000 		.4byte	0x11dc
 3686 12a6 3B       		.uleb128 0x3b
 3687 12a7 82050000 		.4byte	.LASF208
 3688 12ab 12       		.byte	0x12
 3689 12ac 40       		.byte	0x40
 3690 12ad 00010000 		.4byte	0x100
 3691 12b1 3B       		.uleb128 0x3b
 3692 12b2 10080000 		.4byte	.LASF209
ARM GAS  C:\Users\91819\AppData\Local\Temp\ccZyeurY.s 			page 88


 3693 12b6 12       		.byte	0x12
 3694 12b7 47       		.byte	0x47
 3695 12b8 0B010000 		.4byte	0x10b
 3696 12bc 3B       		.uleb128 0x3b
 3697 12bd 6C080000 		.4byte	.LASF210
 3698 12c1 12       		.byte	0x12
 3699 12c2 4A       		.byte	0x4a
 3700 12c3 00010000 		.4byte	0x100
 3701 12c7 3B       		.uleb128 0x3b
 3702 12c8 C0030000 		.4byte	.LASF211
 3703 12cc 13       		.byte	0x13
 3704 12cd 48       		.byte	0x48
 3705 12ce 16010000 		.4byte	0x116
 3706 12d2 3B       		.uleb128 0x3b
 3707 12d3 250E0000 		.4byte	.LASF212
 3708 12d7 14       		.byte	0x14
 3709 12d8 44       		.byte	0x44
 3710 12d9 00010000 		.4byte	0x100
 3711 12dd 3C       		.uleb128 0x3c
 3712 12de BC010000 		.4byte	.LASF213
 3713 12e2 15       		.byte	0x15
 3714 12e3 1207     		.2byte	0x712
 3715 12e5 E9120000 		.4byte	0x12e9
 3716 12e9 07       		.uleb128 0x7
 3717 12ea AD000000 		.4byte	0xad
 3718 12ee 3B       		.uleb128 0x3b
 3719 12ef 05040000 		.4byte	.LASF214
 3720 12f3 16       		.byte	0x16
 3721 12f4 27       		.byte	0x27
 3722 12f5 13070000 		.4byte	0x713
 3723 12f9 3B       		.uleb128 0x3b
 3724 12fa 02050000 		.4byte	.LASF215
 3725 12fe 16       		.byte	0x16
 3726 12ff 36       		.byte	0x36
 3727 1300 13070000 		.4byte	0x713
 3728 1304 3B       		.uleb128 0x3b
 3729 1305 440E0000 		.4byte	.LASF216
 3730 1309 16       		.byte	0x16
 3731 130a 45       		.byte	0x45
 3732 130b 80080000 		.4byte	0x880
 3733 130f 3D       		.uleb128 0x3d
 3734 1310 650E0000 		.4byte	.LASF217
 3735 1314 01       		.byte	0x1
 3736 1315 1A       		.byte	0x1a
 3737 1316 52010000 		.4byte	0x152
 3738 131a 05       		.uleb128 0x5
 3739 131b 03       		.byte	0x3
 3740 131c 00000000 		.4byte	m_hours
 3741 1320 3D       		.uleb128 0x3d
 3742 1321 24010000 		.4byte	.LASF218
 3743 1325 01       		.byte	0x1
 3744 1326 1B       		.byte	0x1b
 3745 1327 52010000 		.4byte	0x152
 3746 132b 05       		.uleb128 0x5
 3747 132c 03       		.byte	0x3
 3748 132d 00000000 		.4byte	m_mins
 3749 1331 3D       		.uleb128 0x3d
ARM GAS  C:\Users\91819\AppData\Local\Temp\ccZyeurY.s 			page 89


 3750 1332 B5090000 		.4byte	.LASF219
 3751 1336 01       		.byte	0x1
 3752 1337 1F       		.byte	0x1f
 3753 1338 F4030000 		.4byte	0x3f4
 3754 133c 05       		.uleb128 0x5
 3755 133d 03       		.byte	0x3
 3756 133e 00000000 		.4byte	w_currentTime
 3757 1342 3B       		.uleb128 0x3b
 3758 1343 7F0F0000 		.4byte	.LASF220
 3759 1347 01       		.byte	0x1
 3760 1348 22       		.byte	0x22
 3761 1349 33070000 		.4byte	0x733
 3762 134d 3D       		.uleb128 0x3d
 3763 134e 8B000000 		.4byte	.LASF221
 3764 1352 01       		.byte	0x1
 3765 1353 45       		.byte	0x45
 3766 1354 5E130000 		.4byte	0x135e
 3767 1358 05       		.uleb128 0x5
 3768 1359 03       		.byte	0x3
 3769 135a 00000000 		.4byte	STATE_CLOCK_C_ISDISPLAYING_Transitions
 3770 135e 14       		.uleb128 0x14
 3771 135f 07120000 		.4byte	0x1207
 3772 1363 0B       		.uleb128 0xb
 3773 1364 17120000 		.4byte	0x1217
 3774 1368 73130000 		.4byte	0x1373
 3775 136c 39       		.uleb128 0x39
 3776 136d 45010000 		.4byte	0x145
 3777 1371 03       		.byte	0x3
 3778 1372 00       		.byte	0
 3779 1373 3D       		.uleb128 0x3d
 3780 1374 E4080000 		.4byte	.LASF222
 3781 1378 01       		.byte	0x1
 3782 1379 4D       		.byte	0x4d
 3783 137a 84130000 		.4byte	0x1384
 3784 137e 05       		.uleb128 0x5
 3785 137f 03       		.byte	0x3
 3786 1380 00000000 		.4byte	STATE_CLOCK_C_ISEDITINGHOURS_Transitions
 3787 1384 14       		.uleb128 0x14
 3788 1385 63130000 		.4byte	0x1363
 3789 1389 3D       		.uleb128 0x3d
 3790 138a 52090000 		.4byte	.LASF223
 3791 138e 01       		.byte	0x1
 3792 138f 56       		.byte	0x56
 3793 1390 9A130000 		.4byte	0x139a
 3794 1394 05       		.uleb128 0x5
 3795 1395 03       		.byte	0x3
 3796 1396 00000000 		.4byte	STATE_CLOCK_C_ISEDITINGMINS_Transitions
 3797 139a 14       		.uleb128 0x14
 3798 139b 63130000 		.4byte	0x1363
 3799 139f 3D       		.uleb128 0x3d
 3800 13a0 F60C0000 		.4byte	.LASF224
 3801 13a4 01       		.byte	0x1
 3802 13a5 B9       		.byte	0xb9
 3803 13a6 69050000 		.4byte	0x569
 3804 13aa 05       		.uleb128 0x5
 3805 13ab 03       		.byte	0x3
 3806 13ac 00000000 		.4byte	CONTROL_ContainerFSM
ARM GAS  C:\Users\91819\AppData\Local\Temp\ccZyeurY.s 			page 90


 3807 13b0 3D       		.uleb128 0x3d
 3808 13b1 550C0000 		.4byte	.LASF225
 3809 13b5 01       		.byte	0x1
 3810 13b6 C1       		.byte	0xc1
 3811 13b7 69050000 		.4byte	0x569
 3812 13bb 05       		.uleb128 0x5
 3813 13bc 03       		.byte	0x3
 3814 13bd 00000000 		.4byte	CONTROL_WidgetFSM
 3815 13c1 3E       		.uleb128 0x3e
 3816 13c2 6D040000 		.4byte	.LASF226
 3817 13c6 6D040000 		.4byte	.LASF226
 3818 13ca 0F       		.byte	0xf
 3819 13cb 94       		.byte	0x94
 3820 13cc 3F       		.uleb128 0x3f
 3821 13cd 42010000 		.4byte	.LASF227
 3822 13d1 42010000 		.4byte	.LASF227
 3823 13d5 17       		.byte	0x17
 3824 13d6 4A01     		.2byte	0x14a
 3825 13d8 3F       		.uleb128 0x3f
 3826 13d9 EB0D0000 		.4byte	.LASF228
 3827 13dd EB0D0000 		.4byte	.LASF228
 3828 13e1 17       		.byte	0x17
 3829 13e2 1901     		.2byte	0x119
 3830 13e4 3F       		.uleb128 0x3f
 3831 13e5 E7070000 		.4byte	.LASF229
 3832 13e9 E7070000 		.4byte	.LASF229
 3833 13ed 17       		.byte	0x17
 3834 13ee 1E01     		.2byte	0x11e
 3835 13f0 3E       		.uleb128 0x3e
 3836 13f1 860B0000 		.4byte	.LASF230
 3837 13f5 860B0000 		.4byte	.LASF230
 3838 13f9 18       		.byte	0x18
 3839 13fa 29       		.byte	0x29
 3840 13fb 3F       		.uleb128 0x3f
 3841 13fc EE010000 		.4byte	.LASF231
 3842 1400 EE010000 		.4byte	.LASF231
 3843 1404 17       		.byte	0x17
 3844 1405 EF01     		.2byte	0x1ef
 3845 1407 3F       		.uleb128 0x3f
 3846 1408 1D020000 		.4byte	.LASF232
 3847 140c 1D020000 		.4byte	.LASF232
 3848 1410 0D       		.byte	0xd
 3849 1411 7501     		.2byte	0x175
 3850 1413 3E       		.uleb128 0x3e
 3851 1414 4C020000 		.4byte	.LASF233
 3852 1418 4C020000 		.4byte	.LASF233
 3853 141c 0D       		.byte	0xd
 3854 141d B9       		.byte	0xb9
 3855 141e 3F       		.uleb128 0x3f
 3856 141f EB0E0000 		.4byte	.LASF234
 3857 1423 EB0E0000 		.4byte	.LASF234
 3858 1427 0D       		.byte	0xd
 3859 1428 AC01     		.2byte	0x1ac
 3860 142a 3F       		.uleb128 0x3f
 3861 142b C3090000 		.4byte	.LASF235
 3862 142f C3090000 		.4byte	.LASF235
 3863 1433 0D       		.byte	0xd
ARM GAS  C:\Users\91819\AppData\Local\Temp\ccZyeurY.s 			page 91


 3864 1434 8A01     		.2byte	0x18a
 3865 1436 00       		.byte	0
 3866              		.section	.debug_abbrev,"",%progbits
 3867              	.Ldebug_abbrev0:
 3868 0000 01       		.uleb128 0x1
 3869 0001 11       		.uleb128 0x11
 3870 0002 01       		.byte	0x1
 3871 0003 25       		.uleb128 0x25
 3872 0004 0E       		.uleb128 0xe
 3873 0005 13       		.uleb128 0x13
 3874 0006 0B       		.uleb128 0xb
 3875 0007 03       		.uleb128 0x3
 3876 0008 0E       		.uleb128 0xe
 3877 0009 1B       		.uleb128 0x1b
 3878 000a 0E       		.uleb128 0xe
 3879 000b 55       		.uleb128 0x55
 3880 000c 17       		.uleb128 0x17
 3881 000d 11       		.uleb128 0x11
 3882 000e 01       		.uleb128 0x1
 3883 000f 10       		.uleb128 0x10
 3884 0010 17       		.uleb128 0x17
 3885 0011 00       		.byte	0
 3886 0012 00       		.byte	0
 3887 0013 02       		.uleb128 0x2
 3888 0014 24       		.uleb128 0x24
 3889 0015 00       		.byte	0
 3890 0016 0B       		.uleb128 0xb
 3891 0017 0B       		.uleb128 0xb
 3892 0018 3E       		.uleb128 0x3e
 3893 0019 0B       		.uleb128 0xb
 3894 001a 03       		.uleb128 0x3
 3895 001b 0E       		.uleb128 0xe
 3896 001c 00       		.byte	0
 3897 001d 00       		.byte	0
 3898 001e 03       		.uleb128 0x3
 3899 001f 16       		.uleb128 0x16
 3900 0020 00       		.byte	0
 3901 0021 03       		.uleb128 0x3
 3902 0022 0E       		.uleb128 0xe
 3903 0023 3A       		.uleb128 0x3a
 3904 0024 0B       		.uleb128 0xb
 3905 0025 3B       		.uleb128 0x3b
 3906 0026 0B       		.uleb128 0xb
 3907 0027 49       		.uleb128 0x49
 3908 0028 13       		.uleb128 0x13
 3909 0029 00       		.byte	0
 3910 002a 00       		.byte	0
 3911 002b 04       		.uleb128 0x4
 3912 002c 24       		.uleb128 0x24
 3913 002d 00       		.byte	0
 3914 002e 0B       		.uleb128 0xb
 3915 002f 0B       		.uleb128 0xb
 3916 0030 3E       		.uleb128 0x3e
 3917 0031 0B       		.uleb128 0xb
 3918 0032 03       		.uleb128 0x3
 3919 0033 08       		.uleb128 0x8
 3920 0034 00       		.byte	0
ARM GAS  C:\Users\91819\AppData\Local\Temp\ccZyeurY.s 			page 92


 3921 0035 00       		.byte	0
 3922 0036 05       		.uleb128 0x5
 3923 0037 16       		.uleb128 0x16
 3924 0038 00       		.byte	0
 3925 0039 03       		.uleb128 0x3
 3926 003a 0E       		.uleb128 0xe
 3927 003b 3A       		.uleb128 0x3a
 3928 003c 0B       		.uleb128 0xb
 3929 003d 3B       		.uleb128 0x3b
 3930 003e 05       		.uleb128 0x5
 3931 003f 49       		.uleb128 0x49
 3932 0040 13       		.uleb128 0x13
 3933 0041 00       		.byte	0
 3934 0042 00       		.byte	0
 3935 0043 06       		.uleb128 0x6
 3936 0044 0F       		.uleb128 0xf
 3937 0045 00       		.byte	0
 3938 0046 0B       		.uleb128 0xb
 3939 0047 0B       		.uleb128 0xb
 3940 0048 49       		.uleb128 0x49
 3941 0049 13       		.uleb128 0x13
 3942 004a 00       		.byte	0
 3943 004b 00       		.byte	0
 3944 004c 07       		.uleb128 0x7
 3945 004d 35       		.uleb128 0x35
 3946 004e 00       		.byte	0
 3947 004f 49       		.uleb128 0x49
 3948 0050 13       		.uleb128 0x13
 3949 0051 00       		.byte	0
 3950 0052 00       		.byte	0
 3951 0053 08       		.uleb128 0x8
 3952 0054 04       		.uleb128 0x4
 3953 0055 01       		.byte	0x1
 3954 0056 0B       		.uleb128 0xb
 3955 0057 0B       		.uleb128 0xb
 3956 0058 49       		.uleb128 0x49
 3957 0059 13       		.uleb128 0x13
 3958 005a 3A       		.uleb128 0x3a
 3959 005b 0B       		.uleb128 0xb
 3960 005c 3B       		.uleb128 0x3b
 3961 005d 0B       		.uleb128 0xb
 3962 005e 01       		.uleb128 0x1
 3963 005f 13       		.uleb128 0x13
 3964 0060 00       		.byte	0
 3965 0061 00       		.byte	0
 3966 0062 09       		.uleb128 0x9
 3967 0063 28       		.uleb128 0x28
 3968 0064 00       		.byte	0
 3969 0065 03       		.uleb128 0x3
 3970 0066 0E       		.uleb128 0xe
 3971 0067 1C       		.uleb128 0x1c
 3972 0068 0B       		.uleb128 0xb
 3973 0069 00       		.byte	0
 3974 006a 00       		.byte	0
 3975 006b 0A       		.uleb128 0xa
 3976 006c 28       		.uleb128 0x28
 3977 006d 00       		.byte	0
ARM GAS  C:\Users\91819\AppData\Local\Temp\ccZyeurY.s 			page 93


 3978 006e 03       		.uleb128 0x3
 3979 006f 0E       		.uleb128 0xe
 3980 0070 1C       		.uleb128 0x1c
 3981 0071 0D       		.uleb128 0xd
 3982 0072 00       		.byte	0
 3983 0073 00       		.byte	0
 3984 0074 0B       		.uleb128 0xb
 3985 0075 01       		.uleb128 0x1
 3986 0076 01       		.byte	0x1
 3987 0077 49       		.uleb128 0x49
 3988 0078 13       		.uleb128 0x13
 3989 0079 01       		.uleb128 0x1
 3990 007a 13       		.uleb128 0x13
 3991 007b 00       		.byte	0
 3992 007c 00       		.byte	0
 3993 007d 0C       		.uleb128 0xc
 3994 007e 21       		.uleb128 0x21
 3995 007f 00       		.byte	0
 3996 0080 00       		.byte	0
 3997 0081 00       		.byte	0
 3998 0082 0D       		.uleb128 0xd
 3999 0083 28       		.uleb128 0x28
 4000 0084 00       		.byte	0
 4001 0085 03       		.uleb128 0x3
 4002 0086 0E       		.uleb128 0xe
 4003 0087 1C       		.uleb128 0x1c
 4004 0088 05       		.uleb128 0x5
 4005 0089 00       		.byte	0
 4006 008a 00       		.byte	0
 4007 008b 0E       		.uleb128 0xe
 4008 008c 28       		.uleb128 0x28
 4009 008d 00       		.byte	0
 4010 008e 03       		.uleb128 0x3
 4011 008f 08       		.uleb128 0x8
 4012 0090 1C       		.uleb128 0x1c
 4013 0091 0B       		.uleb128 0xb
 4014 0092 00       		.byte	0
 4015 0093 00       		.byte	0
 4016 0094 0F       		.uleb128 0xf
 4017 0095 13       		.uleb128 0x13
 4018 0096 01       		.byte	0x1
 4019 0097 0B       		.uleb128 0xb
 4020 0098 0B       		.uleb128 0xb
 4021 0099 3A       		.uleb128 0x3a
 4022 009a 0B       		.uleb128 0xb
 4023 009b 3B       		.uleb128 0x3b
 4024 009c 0B       		.uleb128 0xb
 4025 009d 01       		.uleb128 0x1
 4026 009e 13       		.uleb128 0x13
 4027 009f 00       		.byte	0
 4028 00a0 00       		.byte	0
 4029 00a1 10       		.uleb128 0x10
 4030 00a2 0D       		.uleb128 0xd
 4031 00a3 00       		.byte	0
 4032 00a4 03       		.uleb128 0x3
 4033 00a5 0E       		.uleb128 0xe
 4034 00a6 3A       		.uleb128 0x3a
ARM GAS  C:\Users\91819\AppData\Local\Temp\ccZyeurY.s 			page 94


 4035 00a7 0B       		.uleb128 0xb
 4036 00a8 3B       		.uleb128 0x3b
 4037 00a9 0B       		.uleb128 0xb
 4038 00aa 49       		.uleb128 0x49
 4039 00ab 13       		.uleb128 0x13
 4040 00ac 38       		.uleb128 0x38
 4041 00ad 0B       		.uleb128 0xb
 4042 00ae 00       		.byte	0
 4043 00af 00       		.byte	0
 4044 00b0 11       		.uleb128 0x11
 4045 00b1 15       		.uleb128 0x15
 4046 00b2 01       		.byte	0x1
 4047 00b3 01       		.uleb128 0x1
 4048 00b4 13       		.uleb128 0x13
 4049 00b5 00       		.byte	0
 4050 00b6 00       		.byte	0
 4051 00b7 12       		.uleb128 0x12
 4052 00b8 18       		.uleb128 0x18
 4053 00b9 00       		.byte	0
 4054 00ba 00       		.byte	0
 4055 00bb 00       		.byte	0
 4056 00bc 13       		.uleb128 0x13
 4057 00bd 15       		.uleb128 0x15
 4058 00be 01       		.byte	0x1
 4059 00bf 49       		.uleb128 0x49
 4060 00c0 13       		.uleb128 0x13
 4061 00c1 01       		.uleb128 0x1
 4062 00c2 13       		.uleb128 0x13
 4063 00c3 00       		.byte	0
 4064 00c4 00       		.byte	0
 4065 00c5 14       		.uleb128 0x14
 4066 00c6 26       		.uleb128 0x26
 4067 00c7 00       		.byte	0
 4068 00c8 49       		.uleb128 0x49
 4069 00c9 13       		.uleb128 0x13
 4070 00ca 00       		.byte	0
 4071 00cb 00       		.byte	0
 4072 00cc 15       		.uleb128 0x15
 4073 00cd 15       		.uleb128 0x15
 4074 00ce 01       		.byte	0x1
 4075 00cf 27       		.uleb128 0x27
 4076 00d0 19       		.uleb128 0x19
 4077 00d1 49       		.uleb128 0x49
 4078 00d2 13       		.uleb128 0x13
 4079 00d3 01       		.uleb128 0x1
 4080 00d4 13       		.uleb128 0x13
 4081 00d5 00       		.byte	0
 4082 00d6 00       		.byte	0
 4083 00d7 16       		.uleb128 0x16
 4084 00d8 05       		.uleb128 0x5
 4085 00d9 00       		.byte	0
 4086 00da 49       		.uleb128 0x49
 4087 00db 13       		.uleb128 0x13
 4088 00dc 00       		.byte	0
 4089 00dd 00       		.byte	0
 4090 00de 17       		.uleb128 0x17
 4091 00df 13       		.uleb128 0x13
ARM GAS  C:\Users\91819\AppData\Local\Temp\ccZyeurY.s 			page 95


 4092 00e0 01       		.byte	0x1
 4093 00e1 03       		.uleb128 0x3
 4094 00e2 0E       		.uleb128 0xe
 4095 00e3 0B       		.uleb128 0xb
 4096 00e4 0B       		.uleb128 0xb
 4097 00e5 3A       		.uleb128 0x3a
 4098 00e6 0B       		.uleb128 0xb
 4099 00e7 3B       		.uleb128 0x3b
 4100 00e8 0B       		.uleb128 0xb
 4101 00e9 01       		.uleb128 0x1
 4102 00ea 13       		.uleb128 0x13
 4103 00eb 00       		.byte	0
 4104 00ec 00       		.byte	0
 4105 00ed 18       		.uleb128 0x18
 4106 00ee 0D       		.uleb128 0xd
 4107 00ef 00       		.byte	0
 4108 00f0 03       		.uleb128 0x3
 4109 00f1 08       		.uleb128 0x8
 4110 00f2 3A       		.uleb128 0x3a
 4111 00f3 0B       		.uleb128 0xb
 4112 00f4 3B       		.uleb128 0x3b
 4113 00f5 0B       		.uleb128 0xb
 4114 00f6 49       		.uleb128 0x49
 4115 00f7 13       		.uleb128 0x13
 4116 00f8 38       		.uleb128 0x38
 4117 00f9 0B       		.uleb128 0xb
 4118 00fa 00       		.byte	0
 4119 00fb 00       		.byte	0
 4120 00fc 19       		.uleb128 0x19
 4121 00fd 2E       		.uleb128 0x2e
 4122 00fe 01       		.byte	0x1
 4123 00ff 3F       		.uleb128 0x3f
 4124 0100 19       		.uleb128 0x19
 4125 0101 03       		.uleb128 0x3
 4126 0102 0E       		.uleb128 0xe
 4127 0103 3A       		.uleb128 0x3a
 4128 0104 0B       		.uleb128 0xb
 4129 0105 3B       		.uleb128 0x3b
 4130 0106 05       		.uleb128 0x5
 4131 0107 27       		.uleb128 0x27
 4132 0108 19       		.uleb128 0x19
 4133 0109 49       		.uleb128 0x49
 4134 010a 13       		.uleb128 0x13
 4135 010b 20       		.uleb128 0x20
 4136 010c 0B       		.uleb128 0xb
 4137 010d 01       		.uleb128 0x1
 4138 010e 13       		.uleb128 0x13
 4139 010f 00       		.byte	0
 4140 0110 00       		.byte	0
 4141 0111 1A       		.uleb128 0x1a
 4142 0112 05       		.uleb128 0x5
 4143 0113 00       		.byte	0
 4144 0114 03       		.uleb128 0x3
 4145 0115 0E       		.uleb128 0xe
 4146 0116 3A       		.uleb128 0x3a
 4147 0117 0B       		.uleb128 0xb
 4148 0118 3B       		.uleb128 0x3b
ARM GAS  C:\Users\91819\AppData\Local\Temp\ccZyeurY.s 			page 96


 4149 0119 05       		.uleb128 0x5
 4150 011a 49       		.uleb128 0x49
 4151 011b 13       		.uleb128 0x13
 4152 011c 00       		.byte	0
 4153 011d 00       		.byte	0
 4154 011e 1B       		.uleb128 0x1b
 4155 011f 34       		.uleb128 0x34
 4156 0120 00       		.byte	0
 4157 0121 03       		.uleb128 0x3
 4158 0122 08       		.uleb128 0x8
 4159 0123 3A       		.uleb128 0x3a
 4160 0124 0B       		.uleb128 0xb
 4161 0125 3B       		.uleb128 0x3b
 4162 0126 05       		.uleb128 0x5
 4163 0127 49       		.uleb128 0x49
 4164 0128 13       		.uleb128 0x13
 4165 0129 00       		.byte	0
 4166 012a 00       		.byte	0
 4167 012b 1C       		.uleb128 0x1c
 4168 012c 34       		.uleb128 0x34
 4169 012d 00       		.byte	0
 4170 012e 03       		.uleb128 0x3
 4171 012f 0E       		.uleb128 0xe
 4172 0130 3A       		.uleb128 0x3a
 4173 0131 0B       		.uleb128 0xb
 4174 0132 3B       		.uleb128 0x3b
 4175 0133 05       		.uleb128 0x5
 4176 0134 49       		.uleb128 0x49
 4177 0135 13       		.uleb128 0x13
 4178 0136 00       		.byte	0
 4179 0137 00       		.byte	0
 4180 0138 1D       		.uleb128 0x1d
 4181 0139 0B       		.uleb128 0xb
 4182 013a 01       		.byte	0x1
 4183 013b 00       		.byte	0
 4184 013c 00       		.byte	0
 4185 013d 1E       		.uleb128 0x1e
 4186 013e 2E       		.uleb128 0x2e
 4187 013f 00       		.byte	0
 4188 0140 03       		.uleb128 0x3
 4189 0141 0E       		.uleb128 0xe
 4190 0142 3A       		.uleb128 0x3a
 4191 0143 0B       		.uleb128 0xb
 4192 0144 3B       		.uleb128 0x3b
 4193 0145 05       		.uleb128 0x5
 4194 0146 11       		.uleb128 0x11
 4195 0147 01       		.uleb128 0x1
 4196 0148 12       		.uleb128 0x12
 4197 0149 06       		.uleb128 0x6
 4198 014a 40       		.uleb128 0x40
 4199 014b 18       		.uleb128 0x18
 4200 014c 9742     		.uleb128 0x2117
 4201 014e 19       		.uleb128 0x19
 4202 014f 00       		.byte	0
 4203 0150 00       		.byte	0
 4204 0151 1F       		.uleb128 0x1f
 4205 0152 2E       		.uleb128 0x2e
ARM GAS  C:\Users\91819\AppData\Local\Temp\ccZyeurY.s 			page 97


 4206 0153 01       		.byte	0x1
 4207 0154 03       		.uleb128 0x3
 4208 0155 0E       		.uleb128 0xe
 4209 0156 3A       		.uleb128 0x3a
 4210 0157 0B       		.uleb128 0xb
 4211 0158 3B       		.uleb128 0x3b
 4212 0159 05       		.uleb128 0x5
 4213 015a 27       		.uleb128 0x27
 4214 015b 19       		.uleb128 0x19
 4215 015c 11       		.uleb128 0x11
 4216 015d 01       		.uleb128 0x1
 4217 015e 12       		.uleb128 0x12
 4218 015f 06       		.uleb128 0x6
 4219 0160 40       		.uleb128 0x40
 4220 0161 18       		.uleb128 0x18
 4221 0162 9742     		.uleb128 0x2117
 4222 0164 19       		.uleb128 0x19
 4223 0165 01       		.uleb128 0x1
 4224 0166 13       		.uleb128 0x13
 4225 0167 00       		.byte	0
 4226 0168 00       		.byte	0
 4227 0169 20       		.uleb128 0x20
 4228 016a 05       		.uleb128 0x5
 4229 016b 00       		.byte	0
 4230 016c 03       		.uleb128 0x3
 4231 016d 08       		.uleb128 0x8
 4232 016e 3A       		.uleb128 0x3a
 4233 016f 0B       		.uleb128 0xb
 4234 0170 3B       		.uleb128 0x3b
 4235 0171 05       		.uleb128 0x5
 4236 0172 49       		.uleb128 0x49
 4237 0173 13       		.uleb128 0x13
 4238 0174 02       		.uleb128 0x2
 4239 0175 17       		.uleb128 0x17
 4240 0176 00       		.byte	0
 4241 0177 00       		.byte	0
 4242 0178 21       		.uleb128 0x21
 4243 0179 05       		.uleb128 0x5
 4244 017a 00       		.byte	0
 4245 017b 03       		.uleb128 0x3
 4246 017c 0E       		.uleb128 0xe
 4247 017d 3A       		.uleb128 0x3a
 4248 017e 0B       		.uleb128 0xb
 4249 017f 3B       		.uleb128 0x3b
 4250 0180 05       		.uleb128 0x5
 4251 0181 49       		.uleb128 0x49
 4252 0182 13       		.uleb128 0x13
 4253 0183 02       		.uleb128 0x2
 4254 0184 17       		.uleb128 0x17
 4255 0185 00       		.byte	0
 4256 0186 00       		.byte	0
 4257 0187 22       		.uleb128 0x22
 4258 0188 898201   		.uleb128 0x4109
 4259 018b 01       		.byte	0x1
 4260 018c 11       		.uleb128 0x11
 4261 018d 01       		.uleb128 0x1
 4262 018e 31       		.uleb128 0x31
ARM GAS  C:\Users\91819\AppData\Local\Temp\ccZyeurY.s 			page 98


 4263 018f 13       		.uleb128 0x13
 4264 0190 00       		.byte	0
 4265 0191 00       		.byte	0
 4266 0192 23       		.uleb128 0x23
 4267 0193 8A8201   		.uleb128 0x410a
 4268 0196 00       		.byte	0
 4269 0197 02       		.uleb128 0x2
 4270 0198 18       		.uleb128 0x18
 4271 0199 9142     		.uleb128 0x2111
 4272 019b 18       		.uleb128 0x18
 4273 019c 00       		.byte	0
 4274 019d 00       		.byte	0
 4275 019e 24       		.uleb128 0x24
 4276 019f 2E       		.uleb128 0x2e
 4277 01a0 01       		.byte	0x1
 4278 01a1 03       		.uleb128 0x3
 4279 01a2 0E       		.uleb128 0xe
 4280 01a3 3A       		.uleb128 0x3a
 4281 01a4 0B       		.uleb128 0xb
 4282 01a5 3B       		.uleb128 0x3b
 4283 01a6 05       		.uleb128 0x5
 4284 01a7 11       		.uleb128 0x11
 4285 01a8 01       		.uleb128 0x1
 4286 01a9 12       		.uleb128 0x12
 4287 01aa 06       		.uleb128 0x6
 4288 01ab 40       		.uleb128 0x40
 4289 01ac 18       		.uleb128 0x18
 4290 01ad 9742     		.uleb128 0x2117
 4291 01af 19       		.uleb128 0x19
 4292 01b0 01       		.uleb128 0x1
 4293 01b1 13       		.uleb128 0x13
 4294 01b2 00       		.byte	0
 4295 01b3 00       		.byte	0
 4296 01b4 25       		.uleb128 0x25
 4297 01b5 898201   		.uleb128 0x4109
 4298 01b8 01       		.byte	0x1
 4299 01b9 11       		.uleb128 0x11
 4300 01ba 01       		.uleb128 0x1
 4301 01bb 31       		.uleb128 0x31
 4302 01bc 13       		.uleb128 0x13
 4303 01bd 01       		.uleb128 0x1
 4304 01be 13       		.uleb128 0x13
 4305 01bf 00       		.byte	0
 4306 01c0 00       		.byte	0
 4307 01c1 26       		.uleb128 0x26
 4308 01c2 34       		.uleb128 0x34
 4309 01c3 00       		.byte	0
 4310 01c4 03       		.uleb128 0x3
 4311 01c5 0E       		.uleb128 0xe
 4312 01c6 3A       		.uleb128 0x3a
 4313 01c7 0B       		.uleb128 0xb
 4314 01c8 3B       		.uleb128 0x3b
 4315 01c9 05       		.uleb128 0x5
 4316 01ca 49       		.uleb128 0x49
 4317 01cb 13       		.uleb128 0x13
 4318 01cc 02       		.uleb128 0x2
 4319 01cd 18       		.uleb128 0x18
ARM GAS  C:\Users\91819\AppData\Local\Temp\ccZyeurY.s 			page 99


 4320 01ce 00       		.byte	0
 4321 01cf 00       		.byte	0
 4322 01d0 27       		.uleb128 0x27
 4323 01d1 1D       		.uleb128 0x1d
 4324 01d2 01       		.byte	0x1
 4325 01d3 31       		.uleb128 0x31
 4326 01d4 13       		.uleb128 0x13
 4327 01d5 11       		.uleb128 0x11
 4328 01d6 01       		.uleb128 0x1
 4329 01d7 12       		.uleb128 0x12
 4330 01d8 06       		.uleb128 0x6
 4331 01d9 58       		.uleb128 0x58
 4332 01da 0B       		.uleb128 0xb
 4333 01db 59       		.uleb128 0x59
 4334 01dc 05       		.uleb128 0x5
 4335 01dd 01       		.uleb128 0x1
 4336 01de 13       		.uleb128 0x13
 4337 01df 00       		.byte	0
 4338 01e0 00       		.byte	0
 4339 01e1 28       		.uleb128 0x28
 4340 01e2 05       		.uleb128 0x5
 4341 01e3 00       		.byte	0
 4342 01e4 31       		.uleb128 0x31
 4343 01e5 13       		.uleb128 0x13
 4344 01e6 00       		.byte	0
 4345 01e7 00       		.byte	0
 4346 01e8 29       		.uleb128 0x29
 4347 01e9 1D       		.uleb128 0x1d
 4348 01ea 01       		.byte	0x1
 4349 01eb 31       		.uleb128 0x31
 4350 01ec 13       		.uleb128 0x13
 4351 01ed 11       		.uleb128 0x11
 4352 01ee 01       		.uleb128 0x1
 4353 01ef 12       		.uleb128 0x12
 4354 01f0 06       		.uleb128 0x6
 4355 01f1 58       		.uleb128 0x58
 4356 01f2 0B       		.uleb128 0xb
 4357 01f3 59       		.uleb128 0x59
 4358 01f4 05       		.uleb128 0x5
 4359 01f5 00       		.byte	0
 4360 01f6 00       		.byte	0
 4361 01f7 2A       		.uleb128 0x2a
 4362 01f8 05       		.uleb128 0x5
 4363 01f9 00       		.byte	0
 4364 01fa 31       		.uleb128 0x31
 4365 01fb 13       		.uleb128 0x13
 4366 01fc 02       		.uleb128 0x2
 4367 01fd 18       		.uleb128 0x18
 4368 01fe 00       		.byte	0
 4369 01ff 00       		.byte	0
 4370 0200 2B       		.uleb128 0x2b
 4371 0201 0B       		.uleb128 0xb
 4372 0202 01       		.byte	0x1
 4373 0203 11       		.uleb128 0x11
 4374 0204 01       		.uleb128 0x1
 4375 0205 12       		.uleb128 0x12
 4376 0206 06       		.uleb128 0x6
ARM GAS  C:\Users\91819\AppData\Local\Temp\ccZyeurY.s 			page 100


 4377 0207 00       		.byte	0
 4378 0208 00       		.byte	0
 4379 0209 2C       		.uleb128 0x2c
 4380 020a 34       		.uleb128 0x34
 4381 020b 00       		.byte	0
 4382 020c 31       		.uleb128 0x31
 4383 020d 13       		.uleb128 0x13
 4384 020e 1C       		.uleb128 0x1c
 4385 020f 0B       		.uleb128 0xb
 4386 0210 00       		.byte	0
 4387 0211 00       		.byte	0
 4388 0212 2D       		.uleb128 0x2d
 4389 0213 34       		.uleb128 0x34
 4390 0214 00       		.byte	0
 4391 0215 31       		.uleb128 0x31
 4392 0216 13       		.uleb128 0x13
 4393 0217 02       		.uleb128 0x2
 4394 0218 17       		.uleb128 0x17
 4395 0219 00       		.byte	0
 4396 021a 00       		.byte	0
 4397 021b 2E       		.uleb128 0x2e
 4398 021c 0B       		.uleb128 0xb
 4399 021d 01       		.byte	0x1
 4400 021e 11       		.uleb128 0x11
 4401 021f 01       		.uleb128 0x1
 4402 0220 12       		.uleb128 0x12
 4403 0221 06       		.uleb128 0x6
 4404 0222 01       		.uleb128 0x1
 4405 0223 13       		.uleb128 0x13
 4406 0224 00       		.byte	0
 4407 0225 00       		.byte	0
 4408 0226 2F       		.uleb128 0x2f
 4409 0227 898201   		.uleb128 0x4109
 4410 022a 00       		.byte	0
 4411 022b 11       		.uleb128 0x11
 4412 022c 01       		.uleb128 0x1
 4413 022d 31       		.uleb128 0x31
 4414 022e 13       		.uleb128 0x13
 4415 022f 00       		.byte	0
 4416 0230 00       		.byte	0
 4417 0231 30       		.uleb128 0x30
 4418 0232 2E       		.uleb128 0x2e
 4419 0233 01       		.byte	0x1
 4420 0234 3F       		.uleb128 0x3f
 4421 0235 19       		.uleb128 0x19
 4422 0236 03       		.uleb128 0x3
 4423 0237 0E       		.uleb128 0xe
 4424 0238 3A       		.uleb128 0x3a
 4425 0239 0B       		.uleb128 0xb
 4426 023a 3B       		.uleb128 0x3b
 4427 023b 0B       		.uleb128 0xb
 4428 023c 27       		.uleb128 0x27
 4429 023d 19       		.uleb128 0x19
 4430 023e 11       		.uleb128 0x11
 4431 023f 01       		.uleb128 0x1
 4432 0240 12       		.uleb128 0x12
 4433 0241 06       		.uleb128 0x6
ARM GAS  C:\Users\91819\AppData\Local\Temp\ccZyeurY.s 			page 101


 4434 0242 40       		.uleb128 0x40
 4435 0243 18       		.uleb128 0x18
 4436 0244 9742     		.uleb128 0x2117
 4437 0246 19       		.uleb128 0x19
 4438 0247 01       		.uleb128 0x1
 4439 0248 13       		.uleb128 0x13
 4440 0249 00       		.byte	0
 4441 024a 00       		.byte	0
 4442 024b 31       		.uleb128 0x31
 4443 024c 05       		.uleb128 0x5
 4444 024d 00       		.byte	0
 4445 024e 03       		.uleb128 0x3
 4446 024f 08       		.uleb128 0x8
 4447 0250 3A       		.uleb128 0x3a
 4448 0251 0B       		.uleb128 0xb
 4449 0252 3B       		.uleb128 0x3b
 4450 0253 0B       		.uleb128 0xb
 4451 0254 49       		.uleb128 0x49
 4452 0255 13       		.uleb128 0x13
 4453 0256 02       		.uleb128 0x2
 4454 0257 17       		.uleb128 0x17
 4455 0258 00       		.byte	0
 4456 0259 00       		.byte	0
 4457 025a 32       		.uleb128 0x32
 4458 025b 34       		.uleb128 0x34
 4459 025c 00       		.byte	0
 4460 025d 03       		.uleb128 0x3
 4461 025e 0E       		.uleb128 0xe
 4462 025f 3A       		.uleb128 0x3a
 4463 0260 0B       		.uleb128 0xb
 4464 0261 3B       		.uleb128 0x3b
 4465 0262 0B       		.uleb128 0xb
 4466 0263 49       		.uleb128 0x49
 4467 0264 13       		.uleb128 0x13
 4468 0265 02       		.uleb128 0x2
 4469 0266 18       		.uleb128 0x18
 4470 0267 00       		.byte	0
 4471 0268 00       		.byte	0
 4472 0269 33       		.uleb128 0x33
 4473 026a 1D       		.uleb128 0x1d
 4474 026b 01       		.byte	0x1
 4475 026c 31       		.uleb128 0x31
 4476 026d 13       		.uleb128 0x13
 4477 026e 11       		.uleb128 0x11
 4478 026f 01       		.uleb128 0x1
 4479 0270 12       		.uleb128 0x12
 4480 0271 06       		.uleb128 0x6
 4481 0272 58       		.uleb128 0x58
 4482 0273 0B       		.uleb128 0xb
 4483 0274 59       		.uleb128 0x59
 4484 0275 0B       		.uleb128 0xb
 4485 0276 01       		.uleb128 0x1
 4486 0277 13       		.uleb128 0x13
 4487 0278 00       		.byte	0
 4488 0279 00       		.byte	0
 4489 027a 34       		.uleb128 0x34
 4490 027b 2E       		.uleb128 0x2e
ARM GAS  C:\Users\91819\AppData\Local\Temp\ccZyeurY.s 			page 102


 4491 027c 01       		.byte	0x1
 4492 027d 3F       		.uleb128 0x3f
 4493 027e 19       		.uleb128 0x19
 4494 027f 03       		.uleb128 0x3
 4495 0280 0E       		.uleb128 0xe
 4496 0281 3A       		.uleb128 0x3a
 4497 0282 0B       		.uleb128 0xb
 4498 0283 3B       		.uleb128 0x3b
 4499 0284 05       		.uleb128 0x5
 4500 0285 27       		.uleb128 0x27
 4501 0286 19       		.uleb128 0x19
 4502 0287 11       		.uleb128 0x11
 4503 0288 01       		.uleb128 0x1
 4504 0289 12       		.uleb128 0x12
 4505 028a 06       		.uleb128 0x6
 4506 028b 40       		.uleb128 0x40
 4507 028c 18       		.uleb128 0x18
 4508 028d 9742     		.uleb128 0x2117
 4509 028f 19       		.uleb128 0x19
 4510 0290 01       		.uleb128 0x1
 4511 0291 13       		.uleb128 0x13
 4512 0292 00       		.byte	0
 4513 0293 00       		.byte	0
 4514 0294 35       		.uleb128 0x35
 4515 0295 34       		.uleb128 0x34
 4516 0296 00       		.byte	0
 4517 0297 03       		.uleb128 0x3
 4518 0298 0E       		.uleb128 0xe
 4519 0299 3A       		.uleb128 0x3a
 4520 029a 0B       		.uleb128 0xb
 4521 029b 3B       		.uleb128 0x3b
 4522 029c 05       		.uleb128 0x5
 4523 029d 49       		.uleb128 0x49
 4524 029e 13       		.uleb128 0x13
 4525 029f 02       		.uleb128 0x2
 4526 02a0 17       		.uleb128 0x17
 4527 02a1 00       		.byte	0
 4528 02a2 00       		.byte	0
 4529 02a3 36       		.uleb128 0x36
 4530 02a4 05       		.uleb128 0x5
 4531 02a5 00       		.byte	0
 4532 02a6 31       		.uleb128 0x31
 4533 02a7 13       		.uleb128 0x13
 4534 02a8 02       		.uleb128 0x2
 4535 02a9 17       		.uleb128 0x17
 4536 02aa 00       		.byte	0
 4537 02ab 00       		.byte	0
 4538 02ac 37       		.uleb128 0x37
 4539 02ad 2E       		.uleb128 0x2e
 4540 02ae 01       		.byte	0x1
 4541 02af 3F       		.uleb128 0x3f
 4542 02b0 19       		.uleb128 0x19
 4543 02b1 03       		.uleb128 0x3
 4544 02b2 0E       		.uleb128 0xe
 4545 02b3 3A       		.uleb128 0x3a
 4546 02b4 0B       		.uleb128 0xb
 4547 02b5 3B       		.uleb128 0x3b
ARM GAS  C:\Users\91819\AppData\Local\Temp\ccZyeurY.s 			page 103


 4548 02b6 05       		.uleb128 0x5
 4549 02b7 27       		.uleb128 0x27
 4550 02b8 19       		.uleb128 0x19
 4551 02b9 11       		.uleb128 0x11
 4552 02ba 01       		.uleb128 0x1
 4553 02bb 12       		.uleb128 0x12
 4554 02bc 06       		.uleb128 0x6
 4555 02bd 40       		.uleb128 0x40
 4556 02be 18       		.uleb128 0x18
 4557 02bf 9642     		.uleb128 0x2116
 4558 02c1 19       		.uleb128 0x19
 4559 02c2 01       		.uleb128 0x1
 4560 02c3 13       		.uleb128 0x13
 4561 02c4 00       		.byte	0
 4562 02c5 00       		.byte	0
 4563 02c6 38       		.uleb128 0x38
 4564 02c7 2E       		.uleb128 0x2e
 4565 02c8 01       		.byte	0x1
 4566 02c9 3F       		.uleb128 0x3f
 4567 02ca 19       		.uleb128 0x19
 4568 02cb 03       		.uleb128 0x3
 4569 02cc 0E       		.uleb128 0xe
 4570 02cd 3A       		.uleb128 0x3a
 4571 02ce 0B       		.uleb128 0xb
 4572 02cf 3B       		.uleb128 0x3b
 4573 02d0 0B       		.uleb128 0xb
 4574 02d1 11       		.uleb128 0x11
 4575 02d2 01       		.uleb128 0x1
 4576 02d3 12       		.uleb128 0x12
 4577 02d4 06       		.uleb128 0x6
 4578 02d5 40       		.uleb128 0x40
 4579 02d6 18       		.uleb128 0x18
 4580 02d7 9742     		.uleb128 0x2117
 4581 02d9 19       		.uleb128 0x19
 4582 02da 01       		.uleb128 0x1
 4583 02db 13       		.uleb128 0x13
 4584 02dc 00       		.byte	0
 4585 02dd 00       		.byte	0
 4586 02de 39       		.uleb128 0x39
 4587 02df 21       		.uleb128 0x21
 4588 02e0 00       		.byte	0
 4589 02e1 49       		.uleb128 0x49
 4590 02e2 13       		.uleb128 0x13
 4591 02e3 2F       		.uleb128 0x2f
 4592 02e4 0B       		.uleb128 0xb
 4593 02e5 00       		.byte	0
 4594 02e6 00       		.byte	0
 4595 02e7 3A       		.uleb128 0x3a
 4596 02e8 34       		.uleb128 0x34
 4597 02e9 00       		.byte	0
 4598 02ea 03       		.uleb128 0x3
 4599 02eb 0E       		.uleb128 0xe
 4600 02ec 3A       		.uleb128 0x3a
 4601 02ed 0B       		.uleb128 0xb
 4602 02ee 3B       		.uleb128 0x3b
 4603 02ef 0B       		.uleb128 0xb
 4604 02f0 49       		.uleb128 0x49
ARM GAS  C:\Users\91819\AppData\Local\Temp\ccZyeurY.s 			page 104


 4605 02f1 13       		.uleb128 0x13
 4606 02f2 1C       		.uleb128 0x1c
 4607 02f3 0B       		.uleb128 0xb
 4608 02f4 00       		.byte	0
 4609 02f5 00       		.byte	0
 4610 02f6 3B       		.uleb128 0x3b
 4611 02f7 34       		.uleb128 0x34
 4612 02f8 00       		.byte	0
 4613 02f9 03       		.uleb128 0x3
 4614 02fa 0E       		.uleb128 0xe
 4615 02fb 3A       		.uleb128 0x3a
 4616 02fc 0B       		.uleb128 0xb
 4617 02fd 3B       		.uleb128 0x3b
 4618 02fe 0B       		.uleb128 0xb
 4619 02ff 49       		.uleb128 0x49
 4620 0300 13       		.uleb128 0x13
 4621 0301 3F       		.uleb128 0x3f
 4622 0302 19       		.uleb128 0x19
 4623 0303 3C       		.uleb128 0x3c
 4624 0304 19       		.uleb128 0x19
 4625 0305 00       		.byte	0
 4626 0306 00       		.byte	0
 4627 0307 3C       		.uleb128 0x3c
 4628 0308 34       		.uleb128 0x34
 4629 0309 00       		.byte	0
 4630 030a 03       		.uleb128 0x3
 4631 030b 0E       		.uleb128 0xe
 4632 030c 3A       		.uleb128 0x3a
 4633 030d 0B       		.uleb128 0xb
 4634 030e 3B       		.uleb128 0x3b
 4635 030f 05       		.uleb128 0x5
 4636 0310 49       		.uleb128 0x49
 4637 0311 13       		.uleb128 0x13
 4638 0312 3F       		.uleb128 0x3f
 4639 0313 19       		.uleb128 0x19
 4640 0314 3C       		.uleb128 0x3c
 4641 0315 19       		.uleb128 0x19
 4642 0316 00       		.byte	0
 4643 0317 00       		.byte	0
 4644 0318 3D       		.uleb128 0x3d
 4645 0319 34       		.uleb128 0x34
 4646 031a 00       		.byte	0
 4647 031b 03       		.uleb128 0x3
 4648 031c 0E       		.uleb128 0xe
 4649 031d 3A       		.uleb128 0x3a
 4650 031e 0B       		.uleb128 0xb
 4651 031f 3B       		.uleb128 0x3b
 4652 0320 0B       		.uleb128 0xb
 4653 0321 49       		.uleb128 0x49
 4654 0322 13       		.uleb128 0x13
 4655 0323 3F       		.uleb128 0x3f
 4656 0324 19       		.uleb128 0x19
 4657 0325 02       		.uleb128 0x2
 4658 0326 18       		.uleb128 0x18
 4659 0327 00       		.byte	0
 4660 0328 00       		.byte	0
 4661 0329 3E       		.uleb128 0x3e
ARM GAS  C:\Users\91819\AppData\Local\Temp\ccZyeurY.s 			page 105


 4662 032a 2E       		.uleb128 0x2e
 4663 032b 00       		.byte	0
 4664 032c 3F       		.uleb128 0x3f
 4665 032d 19       		.uleb128 0x19
 4666 032e 3C       		.uleb128 0x3c
 4667 032f 19       		.uleb128 0x19
 4668 0330 6E       		.uleb128 0x6e
 4669 0331 0E       		.uleb128 0xe
 4670 0332 03       		.uleb128 0x3
 4671 0333 0E       		.uleb128 0xe
 4672 0334 3A       		.uleb128 0x3a
 4673 0335 0B       		.uleb128 0xb
 4674 0336 3B       		.uleb128 0x3b
 4675 0337 0B       		.uleb128 0xb
 4676 0338 00       		.byte	0
 4677 0339 00       		.byte	0
 4678 033a 3F       		.uleb128 0x3f
 4679 033b 2E       		.uleb128 0x2e
 4680 033c 00       		.byte	0
 4681 033d 3F       		.uleb128 0x3f
 4682 033e 19       		.uleb128 0x19
 4683 033f 3C       		.uleb128 0x3c
 4684 0340 19       		.uleb128 0x19
 4685 0341 6E       		.uleb128 0x6e
 4686 0342 0E       		.uleb128 0xe
 4687 0343 03       		.uleb128 0x3
 4688 0344 0E       		.uleb128 0xe
 4689 0345 3A       		.uleb128 0x3a
 4690 0346 0B       		.uleb128 0xb
 4691 0347 3B       		.uleb128 0x3b
 4692 0348 05       		.uleb128 0x5
 4693 0349 00       		.byte	0
 4694 034a 00       		.byte	0
 4695 034b 00       		.byte	0
 4696              		.section	.debug_loc,"",%progbits
 4697              	.Ldebug_loc0:
 4698              	.LLST0:
 4699 0000 00000000 		.4byte	.LVL0
 4700 0004 0A000000 		.4byte	.LVL2
 4701 0008 0100     		.2byte	0x1
 4702 000a 50       		.byte	0x50
 4703 000b 0A000000 		.4byte	.LVL2
 4704 000f 18000000 		.4byte	.LFE148
 4705 0013 0400     		.2byte	0x4
 4706 0015 F3       		.byte	0xf3
 4707 0016 01       		.uleb128 0x1
 4708 0017 50       		.byte	0x50
 4709 0018 9F       		.byte	0x9f
 4710 0019 00000000 		.4byte	0
 4711 001d 00000000 		.4byte	0
 4712              	.LLST1:
 4713 0021 00000000 		.4byte	.LVL0
 4714 0025 08000000 		.4byte	.LVL1
 4715 0029 0100     		.2byte	0x1
 4716 002b 51       		.byte	0x51
 4717 002c 08000000 		.4byte	.LVL1
 4718 0030 0D000000 		.4byte	.LVL3-1
ARM GAS  C:\Users\91819\AppData\Local\Temp\ccZyeurY.s 			page 106


 4719 0034 0200     		.2byte	0x2
 4720 0036 73       		.byte	0x73
 4721 0037 0E       		.sleb128 14
 4722 0038 0D000000 		.4byte	.LVL3-1
 4723 003c 18000000 		.4byte	.LFE148
 4724 0040 0400     		.2byte	0x4
 4725 0042 F3       		.byte	0xf3
 4726 0043 01       		.uleb128 0x1
 4727 0044 51       		.byte	0x51
 4728 0045 9F       		.byte	0x9f
 4729 0046 00000000 		.4byte	0
 4730 004a 00000000 		.4byte	0
 4731              	.LLST2:
 4732 004e 96000000 		.4byte	.LVL18
 4733 0052 D8000000 		.4byte	.LVL22
 4734 0056 0200     		.2byte	0x2
 4735 0058 30       		.byte	0x30
 4736 0059 9F       		.byte	0x9f
 4737 005a D8000000 		.4byte	.LVL22
 4738 005e E6000000 		.4byte	.LVL25
 4739 0062 0100     		.2byte	0x1
 4740 0064 54       		.byte	0x54
 4741 0065 E6000000 		.4byte	.LVL25
 4742 0069 E8000000 		.4byte	.LVL26
 4743 006d 0200     		.2byte	0x2
 4744 006f 30       		.byte	0x30
 4745 0070 9F       		.byte	0x9f
 4746 0071 E8000000 		.4byte	.LVL26
 4747 0075 F2000000 		.4byte	.LVL27
 4748 0079 0100     		.2byte	0x1
 4749 007b 54       		.byte	0x54
 4750 007c 00000000 		.4byte	0
 4751 0080 00000000 		.4byte	0
 4752              	.LLST3:
 4753 0084 D0000000 		.4byte	.LVL21
 4754 0088 F6000000 		.4byte	.LVL28
 4755 008c 0100     		.2byte	0x1
 4756 008e 55       		.byte	0x55
 4757 008f 00000000 		.4byte	0
 4758 0093 00000000 		.4byte	0
 4759              	.LLST4:
 4760 0097 D8000000 		.4byte	.LVL22
 4761 009b E1000000 		.4byte	.LVL23-1
 4762 009f 0700     		.2byte	0x7
 4763 00a1 74       		.byte	0x74
 4764 00a2 00       		.sleb128 0
 4765 00a3 32       		.byte	0x32
 4766 00a4 24       		.byte	0x24
 4767 00a5 75       		.byte	0x75
 4768 00a6 00       		.sleb128 0
 4769 00a7 22       		.byte	0x22
 4770 00a8 00000000 		.4byte	0
 4771 00ac 00000000 		.4byte	0
 4772              	.LLST5:
 4773 00b0 00000000 		.4byte	.LVL29
 4774 00b4 05000000 		.4byte	.LVL30-1
 4775 00b8 0100     		.2byte	0x1
ARM GAS  C:\Users\91819\AppData\Local\Temp\ccZyeurY.s 			page 107


 4776 00ba 50       		.byte	0x50
 4777 00bb 05000000 		.4byte	.LVL30-1
 4778 00bf 94000000 		.4byte	.LFE132
 4779 00c3 0400     		.2byte	0x4
 4780 00c5 F3       		.byte	0xf3
 4781 00c6 01       		.uleb128 0x1
 4782 00c7 50       		.byte	0x50
 4783 00c8 9F       		.byte	0x9f
 4784 00c9 00000000 		.4byte	0
 4785 00cd 00000000 		.4byte	0
 4786              	.LLST6:
 4787 00d1 2A000000 		.4byte	.LVL32
 4788 00d5 86000000 		.4byte	.LVL42
 4789 00d9 0200     		.2byte	0x2
 4790 00db 30       		.byte	0x30
 4791 00dc 9F       		.byte	0x9f
 4792 00dd 00000000 		.4byte	0
 4793 00e1 00000000 		.4byte	0
 4794              	.LLST7:
 4795 00e5 2A000000 		.4byte	.LVL32
 4796 00e9 66000000 		.4byte	.LVL36
 4797 00ed 0200     		.2byte	0x2
 4798 00ef 30       		.byte	0x30
 4799 00f0 9F       		.byte	0x9f
 4800 00f1 66000000 		.4byte	.LVL36
 4801 00f5 74000000 		.4byte	.LVL39
 4802 00f9 0100     		.2byte	0x1
 4803 00fb 54       		.byte	0x54
 4804 00fc 74000000 		.4byte	.LVL39
 4805 0100 76000000 		.4byte	.LVL40
 4806 0104 0200     		.2byte	0x2
 4807 0106 30       		.byte	0x30
 4808 0107 9F       		.byte	0x9f
 4809 0108 76000000 		.4byte	.LVL40
 4810 010c 80000000 		.4byte	.LVL41
 4811 0110 0100     		.2byte	0x1
 4812 0112 54       		.byte	0x54
 4813 0113 00000000 		.4byte	0
 4814 0117 00000000 		.4byte	0
 4815              	.LLST8:
 4816 011b 5E000000 		.4byte	.LVL35
 4817 011f 80000000 		.4byte	.LVL41
 4818 0123 0100     		.2byte	0x1
 4819 0125 55       		.byte	0x55
 4820 0126 00000000 		.4byte	0
 4821 012a 00000000 		.4byte	0
 4822              	.LLST9:
 4823 012e 66000000 		.4byte	.LVL36
 4824 0132 6F000000 		.4byte	.LVL37-1
 4825 0136 0700     		.2byte	0x7
 4826 0138 74       		.byte	0x74
 4827 0139 00       		.sleb128 0
 4828 013a 32       		.byte	0x32
 4829 013b 24       		.byte	0x24
 4830 013c 75       		.byte	0x75
 4831 013d 00       		.sleb128 0
 4832 013e 22       		.byte	0x22
ARM GAS  C:\Users\91819\AppData\Local\Temp\ccZyeurY.s 			page 108


 4833 013f 00000000 		.4byte	0
 4834 0143 00000000 		.4byte	0
 4835              	.LLST10:
 4836 0147 00000000 		.4byte	.LVL43
 4837 014b 12000000 		.4byte	.LVL45
 4838 014f 0100     		.2byte	0x1
 4839 0151 50       		.byte	0x50
 4840 0152 12000000 		.4byte	.LVL45
 4841 0156 48000000 		.4byte	.LVL51
 4842 015a 0100     		.2byte	0x1
 4843 015c 55       		.byte	0x55
 4844 015d 48000000 		.4byte	.LVL51
 4845 0161 50000000 		.4byte	.LFE133
 4846 0165 0400     		.2byte	0x4
 4847 0167 F3       		.byte	0xf3
 4848 0168 01       		.uleb128 0x1
 4849 0169 50       		.byte	0x50
 4850 016a 9F       		.byte	0x9f
 4851 016b 00000000 		.4byte	0
 4852 016f 00000000 		.4byte	0
 4853              	.LLST11:
 4854 0173 3E000000 		.4byte	.LVL49
 4855 0177 48000000 		.4byte	.LVL51
 4856 017b 0100     		.2byte	0x1
 4857 017d 54       		.byte	0x54
 4858 017e 00000000 		.4byte	0
 4859 0182 00000000 		.4byte	0
 4860              	.LLST12:
 4861 0186 04000000 		.4byte	.LVL44
 4862 018a 2A000000 		.4byte	.LVL47
 4863 018e 0600     		.2byte	0x6
 4864 0190 F2       		.byte	0xf2
 4865 0191 2A0E0000 		.4byte	.Ldebug_info0+3626
 4866 0195 00       		.sleb128 0
 4867 0196 00000000 		.4byte	0
 4868 019a 00000000 		.4byte	0
 4869              	.LLST13:
 4870 019e 00000000 		.4byte	.LVL52
 4871 01a2 12000000 		.4byte	.LVL54
 4872 01a6 0100     		.2byte	0x1
 4873 01a8 50       		.byte	0x50
 4874 01a9 12000000 		.4byte	.LVL54
 4875 01ad B4000000 		.4byte	.LFE134
 4876 01b1 0400     		.2byte	0x4
 4877 01b3 F3       		.byte	0xf3
 4878 01b4 01       		.uleb128 0x1
 4879 01b5 50       		.byte	0x50
 4880 01b6 9F       		.byte	0x9f
 4881 01b7 00000000 		.4byte	0
 4882 01bb 00000000 		.4byte	0
 4883              	.LLST14:
 4884 01bf 04000000 		.4byte	.LVL53
 4885 01c3 28000000 		.4byte	.LVL56
 4886 01c7 0300     		.2byte	0x3
 4887 01c9 91       		.byte	0x91
 4888 01ca 50       		.sleb128 -48
 4889 01cb 9F       		.byte	0x9f
ARM GAS  C:\Users\91819\AppData\Local\Temp\ccZyeurY.s 			page 109


 4890 01cc 00000000 		.4byte	0
 4891 01d0 00000000 		.4byte	0
 4892              	.LLST15:
 4893 01d4 3C000000 		.4byte	.LVL59
 4894 01d8 7E000000 		.4byte	.LVL63
 4895 01dc 0200     		.2byte	0x2
 4896 01de 30       		.byte	0x30
 4897 01df 9F       		.byte	0x9f
 4898 01e0 7E000000 		.4byte	.LVL63
 4899 01e4 8C000000 		.4byte	.LVL66
 4900 01e8 0100     		.2byte	0x1
 4901 01ea 54       		.byte	0x54
 4902 01eb 8C000000 		.4byte	.LVL66
 4903 01ef 8E000000 		.4byte	.LVL67
 4904 01f3 0200     		.2byte	0x2
 4905 01f5 30       		.byte	0x30
 4906 01f6 9F       		.byte	0x9f
 4907 01f7 8E000000 		.4byte	.LVL67
 4908 01fb 98000000 		.4byte	.LVL68
 4909 01ff 0100     		.2byte	0x1
 4910 0201 54       		.byte	0x54
 4911 0202 00000000 		.4byte	0
 4912 0206 00000000 		.4byte	0
 4913              	.LLST16:
 4914 020a 76000000 		.4byte	.LVL62
 4915 020e 98000000 		.4byte	.LVL68
 4916 0212 0100     		.2byte	0x1
 4917 0214 55       		.byte	0x55
 4918 0215 00000000 		.4byte	0
 4919 0219 00000000 		.4byte	0
 4920              	.LLST17:
 4921 021d 7E000000 		.4byte	.LVL63
 4922 0221 87000000 		.4byte	.LVL64-1
 4923 0225 0700     		.2byte	0x7
 4924 0227 74       		.byte	0x74
 4925 0228 00       		.sleb128 0
 4926 0229 32       		.byte	0x32
 4927 022a 24       		.byte	0x24
 4928 022b 75       		.byte	0x75
 4929 022c 00       		.sleb128 0
 4930 022d 22       		.byte	0x22
 4931 022e 00000000 		.4byte	0
 4932 0232 00000000 		.4byte	0
 4933              	.LLST18:
 4934 0236 98000000 		.4byte	.LVL68
 4935 023a A8000000 		.4byte	.LVL69
 4936 023e 0300     		.2byte	0x3
 4937 0240 09       		.byte	0x9
 4938 0241 FF       		.byte	0xff
 4939 0242 9F       		.byte	0x9f
 4940 0243 00000000 		.4byte	0
 4941 0247 00000000 		.4byte	0
 4942              	.LLST19:
 4943 024b 00000000 		.4byte	.LVL70
 4944 024f 0A000000 		.4byte	.LVL72
 4945 0253 0100     		.2byte	0x1
 4946 0255 50       		.byte	0x50
ARM GAS  C:\Users\91819\AppData\Local\Temp\ccZyeurY.s 			page 110


 4947 0256 0A000000 		.4byte	.LVL72
 4948 025a 3E000000 		.4byte	.LVL80
 4949 025e 0100     		.2byte	0x1
 4950 0260 56       		.byte	0x56
 4951 0261 3E000000 		.4byte	.LVL80
 4952 0265 48000000 		.4byte	.LFE149
 4953 0269 0400     		.2byte	0x4
 4954 026b F3       		.byte	0xf3
 4955 026c 01       		.uleb128 0x1
 4956 026d 50       		.byte	0x50
 4957 026e 9F       		.byte	0x9f
 4958 026f 00000000 		.4byte	0
 4959 0273 00000000 		.4byte	0
 4960              	.LLST20:
 4961 0277 00000000 		.4byte	.LVL70
 4962 027b 08000000 		.4byte	.LVL71
 4963 027f 0100     		.2byte	0x1
 4964 0281 51       		.byte	0x51
 4965 0282 08000000 		.4byte	.LVL71
 4966 0286 3E000000 		.4byte	.LVL80
 4967 028a 0100     		.2byte	0x1
 4968 028c 55       		.byte	0x55
 4969 028d 3E000000 		.4byte	.LVL80
 4970 0291 48000000 		.4byte	.LFE149
 4971 0295 0400     		.2byte	0x4
 4972 0297 F3       		.byte	0xf3
 4973 0298 01       		.uleb128 0x1
 4974 0299 51       		.byte	0x51
 4975 029a 9F       		.byte	0x9f
 4976 029b 00000000 		.4byte	0
 4977 029f 00000000 		.4byte	0
 4978              	.LLST21:
 4979 02a3 14000000 		.4byte	.LVL82
 4980 02a7 56000000 		.4byte	.LVL86
 4981 02ab 0200     		.2byte	0x2
 4982 02ad 30       		.byte	0x30
 4983 02ae 9F       		.byte	0x9f
 4984 02af 56000000 		.4byte	.LVL86
 4985 02b3 64000000 		.4byte	.LVL89
 4986 02b7 0100     		.2byte	0x1
 4987 02b9 54       		.byte	0x54
 4988 02ba 64000000 		.4byte	.LVL89
 4989 02be 66000000 		.4byte	.LVL90
 4990 02c2 0200     		.2byte	0x2
 4991 02c4 30       		.byte	0x30
 4992 02c5 9F       		.byte	0x9f
 4993 02c6 66000000 		.4byte	.LVL90
 4994 02ca 70000000 		.4byte	.LVL91
 4995 02ce 0100     		.2byte	0x1
 4996 02d0 54       		.byte	0x54
 4997 02d1 00000000 		.4byte	0
 4998 02d5 00000000 		.4byte	0
 4999              	.LLST22:
 5000 02d9 4E000000 		.4byte	.LVL85
 5001 02dd 70000000 		.4byte	.LVL91
 5002 02e1 0100     		.2byte	0x1
 5003 02e3 55       		.byte	0x55
ARM GAS  C:\Users\91819\AppData\Local\Temp\ccZyeurY.s 			page 111


 5004 02e4 00000000 		.4byte	0
 5005 02e8 00000000 		.4byte	0
 5006              	.LLST23:
 5007 02ec 56000000 		.4byte	.LVL86
 5008 02f0 5F000000 		.4byte	.LVL87-1
 5009 02f4 0700     		.2byte	0x7
 5010 02f6 74       		.byte	0x74
 5011 02f7 00       		.sleb128 0
 5012 02f8 32       		.byte	0x32
 5013 02f9 24       		.byte	0x24
 5014 02fa 75       		.byte	0x75
 5015 02fb 00       		.sleb128 0
 5016 02fc 22       		.byte	0x22
 5017 02fd 00000000 		.4byte	0
 5018 0301 00000000 		.4byte	0
 5019              	.LLST24:
 5020 0305 9A000000 		.4byte	.LVL93
 5021 0309 DC000000 		.4byte	.LVL97
 5022 030d 0200     		.2byte	0x2
 5023 030f 30       		.byte	0x30
 5024 0310 9F       		.byte	0x9f
 5025 0311 DC000000 		.4byte	.LVL97
 5026 0315 EA000000 		.4byte	.LVL100
 5027 0319 0100     		.2byte	0x1
 5028 031b 54       		.byte	0x54
 5029 031c EA000000 		.4byte	.LVL100
 5030 0320 EC000000 		.4byte	.LVL101
 5031 0324 0200     		.2byte	0x2
 5032 0326 30       		.byte	0x30
 5033 0327 9F       		.byte	0x9f
 5034 0328 EC000000 		.4byte	.LVL101
 5035 032c F6000000 		.4byte	.LVL102
 5036 0330 0100     		.2byte	0x1
 5037 0332 54       		.byte	0x54
 5038 0333 00000000 		.4byte	0
 5039 0337 00000000 		.4byte	0
 5040              	.LLST25:
 5041 033b D4000000 		.4byte	.LVL96
 5042 033f F6000000 		.4byte	.LVL102
 5043 0343 0100     		.2byte	0x1
 5044 0345 55       		.byte	0x55
 5045 0346 00000000 		.4byte	0
 5046 034a 00000000 		.4byte	0
 5047              	.LLST26:
 5048 034e DC000000 		.4byte	.LVL97
 5049 0352 E5000000 		.4byte	.LVL98-1
 5050 0356 0700     		.2byte	0x7
 5051 0358 74       		.byte	0x74
 5052 0359 00       		.sleb128 0
 5053 035a 32       		.byte	0x32
 5054 035b 24       		.byte	0x24
 5055 035c 75       		.byte	0x75
 5056 035d 00       		.sleb128 0
 5057 035e 22       		.byte	0x22
 5058 035f 00000000 		.4byte	0
 5059 0363 00000000 		.4byte	0
 5060              		.section	.debug_aranges,"",%progbits
ARM GAS  C:\Users\91819\AppData\Local\Temp\ccZyeurY.s 			page 112


 5061 0000 AC000000 		.4byte	0xac
 5062 0004 0200     		.2byte	0x2
 5063 0006 00000000 		.4byte	.Ldebug_info0
 5064 000a 04       		.byte	0x4
 5065 000b 00       		.byte	0
 5066 000c 0000     		.2byte	0
 5067 000e 0000     		.2byte	0
 5068 0010 00000000 		.4byte	.LFB146
 5069 0014 34000000 		.4byte	.LFE146-.LFB146
 5070 0018 00000000 		.4byte	.LFB147
 5071 001c 18000000 		.4byte	.LFE147-.LFB147
 5072 0020 00000000 		.4byte	.LFB148
 5073 0024 18000000 		.4byte	.LFE148-.LFB148
 5074 0028 00000000 		.4byte	.LFB136
 5075 002c 0C000000 		.4byte	.LFE136-.LFB136
 5076 0030 00000000 		.4byte	.LFB135
 5077 0034 0C000000 		.4byte	.LFE135-.LFB135
 5078 0038 00000000 		.4byte	.LFB140
 5079 003c 0C000000 		.4byte	.LFE140-.LFB140
 5080 0040 00000000 		.4byte	.LFB139
 5081 0044 0C000000 		.4byte	.LFE139-.LFB139
 5082 0048 00000000 		.4byte	.LFB138
 5083 004c 0C000000 		.4byte	.LFE138-.LFB138
 5084 0050 00000000 		.4byte	.LFB137
 5085 0054 14000000 		.4byte	.LFE137-.LFB137
 5086 0058 00000000 		.4byte	.LFB141
 5087 005c 0C000000 		.4byte	.LFE141-.LFB141
 5088 0060 00000000 		.4byte	.LFB142
 5089 0064 0C000000 		.4byte	.LFE142-.LFB142
 5090 0068 00000000 		.4byte	.LFB144
 5091 006c 0C000000 		.4byte	.LFE144-.LFB144
 5092 0070 00000000 		.4byte	.LFB143
 5093 0074 0C000000 		.4byte	.LFE143-.LFB143
 5094 0078 00000000 		.4byte	.LFB145
 5095 007c 00010000 		.4byte	.LFE145-.LFB145
 5096 0080 00000000 		.4byte	.LFB132
 5097 0084 94000000 		.4byte	.LFE132-.LFB132
 5098 0088 00000000 		.4byte	.LFB133
 5099 008c 50000000 		.4byte	.LFE133-.LFB133
 5100 0090 00000000 		.4byte	.LFB134
 5101 0094 B4000000 		.4byte	.LFE134-.LFB134
 5102 0098 00000000 		.4byte	.LFB149
 5103 009c 48000000 		.4byte	.LFE149-.LFB149
 5104 00a0 00000000 		.4byte	.LFB131
 5105 00a4 18010000 		.4byte	.LFE131-.LFB131
 5106 00a8 00000000 		.4byte	0
 5107 00ac 00000000 		.4byte	0
 5108              		.section	.debug_ranges,"",%progbits
 5109              	.Ldebug_ranges0:
 5110 0000 00000000 		.4byte	.LFB146
 5111 0004 34000000 		.4byte	.LFE146
 5112 0008 00000000 		.4byte	.LFB147
 5113 000c 18000000 		.4byte	.LFE147
 5114 0010 00000000 		.4byte	.LFB148
 5115 0014 18000000 		.4byte	.LFE148
 5116 0018 00000000 		.4byte	.LFB136
 5117 001c 0C000000 		.4byte	.LFE136
ARM GAS  C:\Users\91819\AppData\Local\Temp\ccZyeurY.s 			page 113


 5118 0020 00000000 		.4byte	.LFB135
 5119 0024 0C000000 		.4byte	.LFE135
 5120 0028 00000000 		.4byte	.LFB140
 5121 002c 0C000000 		.4byte	.LFE140
 5122 0030 00000000 		.4byte	.LFB139
 5123 0034 0C000000 		.4byte	.LFE139
 5124 0038 00000000 		.4byte	.LFB138
 5125 003c 0C000000 		.4byte	.LFE138
 5126 0040 00000000 		.4byte	.LFB137
 5127 0044 14000000 		.4byte	.LFE137
 5128 0048 00000000 		.4byte	.LFB141
 5129 004c 0C000000 		.4byte	.LFE141
 5130 0050 00000000 		.4byte	.LFB142
 5131 0054 0C000000 		.4byte	.LFE142
 5132 0058 00000000 		.4byte	.LFB144
 5133 005c 0C000000 		.4byte	.LFE144
 5134 0060 00000000 		.4byte	.LFB143
 5135 0064 0C000000 		.4byte	.LFE143
 5136 0068 00000000 		.4byte	.LFB145
 5137 006c 00010000 		.4byte	.LFE145
 5138 0070 00000000 		.4byte	.LFB132
 5139 0074 94000000 		.4byte	.LFE132
 5140 0078 00000000 		.4byte	.LFB133
 5141 007c 50000000 		.4byte	.LFE133
 5142 0080 00000000 		.4byte	.LFB134
 5143 0084 B4000000 		.4byte	.LFE134
 5144 0088 00000000 		.4byte	.LFB149
 5145 008c 48000000 		.4byte	.LFE149
 5146 0090 00000000 		.4byte	.LFB131
 5147 0094 18010000 		.4byte	.LFE131
 5148 0098 00000000 		.4byte	0
 5149 009c 00000000 		.4byte	0
 5150              		.section	.debug_line,"",%progbits
 5151              	.Ldebug_line0:
 5152 0000 7F050000 		.section	.debug_str,"MS",%progbits,1
 5152      02007703 
 5152      00000201 
 5152      FB0E0D00 
 5152      01010101 
 5153              	.LASF88:
 5154 0000 45565F4B 		.ascii	"EV_KEYLEFT\000"
 5154      45594C45 
 5154      465400
 5155              	.LASF115:
 5156 000b 66726F6D 		.ascii	"fromState\000"
 5156      53746174 
 5156      6500
 5157              	.LASF106:
 5158 0015 666F6E74 		.ascii	"font_hours\000"
 5158      5F686F75 
 5158      727300
 5159              	.LASF197:
 5160 0020 74696D65 		.ascii	"time_mins\000"
 5160      5F6D696E 
 5160      7300
 5161              	.LASF55:
 5162 002a 52435F45 		.ascii	"RC_ERROR_INVALID_STATE\000"
ARM GAS  C:\Users\91819\AppData\Local\Temp\ccZyeurY.s 			page 114


 5162      52524F52 
 5162      5F494E56 
 5162      414C4944 
 5162      5F535441 
 5163              	.LASF72:
 5164 0041 4D414745 		.ascii	"MAGENTA\000"
 5164      4E544100 
 5165              	.LASF20:
 5166 0049 73697A65 		.ascii	"size_t\000"
 5166      5F7400
 5167              	.LASF125:
 5168 0050 6D5F6163 		.ascii	"m_actionTable\000"
 5168      74696F6E 
 5168      5461626C 
 5168      6500
 5169              	.LASF159:
 5170 005e 53435F45 		.ascii	"SC_EVENT_t\000"
 5170      56454E54 
 5170      5F7400
 5171              	.LASF167:
 5172 0069 70546173 		.ascii	"pTaskArray\000"
 5172      6B417272 
 5172      617900
 5173              	.LASF193:
 5174 0074 434C4F43 		.ascii	"CLOCK_display_run\000"
 5174      4B5F6469 
 5174      73706C61 
 5174      795F7275 
 5174      6E00
 5175              	.LASF70:
 5176 0086 47524544 		.ascii	"GRED\000"
 5176      00
 5177              	.LASF221:
 5178 008b 53544154 		.ascii	"STATE_CLOCK_C_ISDISPLAYING_Transitions\000"
 5178      455F434C 
 5178      4F434B5F 
 5178      435F4953 
 5178      44495350 
 5179              	.LASF28:
 5180 00b2 5265736F 		.ascii	"ResourceType\000"
 5180      75726365 
 5180      54797065 
 5180      00
 5181              	.LASF66:
 5182 00bf 57484954 		.ascii	"WHITE\000"
 5182      4500
 5183              	.LASF3:
 5184 00c5 5F5F7569 		.ascii	"__uint8_t\000"
 5184      6E74385F 
 5184      7400
 5185              	.LASF58:
 5186 00cf 52435F74 		.ascii	"RC_t\000"
 5186      00
 5187              	.LASF37:
 5188 00d4 52435F45 		.ascii	"RC_ERROR_RANGE\000"
 5188      52524F52 
 5188      5F52414E 
ARM GAS  C:\Users\91819\AppData\Local\Temp\ccZyeurY.s 			page 115


 5188      474500
 5189              	.LASF201:
 5190 00e3 434F4E54 		.ascii	"CONTROL_CLOCK_StateActions\000"
 5190      524F4C5F 
 5190      434C4F43 
 5190      4B5F5374 
 5190      61746541 
 5191              	.LASF147:
 5192 00fe 53435F43 		.ascii	"SC_CLOCK_s\000"
 5192      4C4F434B 
 5192      5F7300
 5193              	.LASF111:
 5194 0109 746F5374 		.ascii	"toState\000"
 5194      61746500 
 5195              	.LASF51:
 5196 0111 52435F45 		.ascii	"RC_ERROR_NOT_MATCH\000"
 5196      52524F52 
 5196      5F4E4F54 
 5196      5F4D4154 
 5196      434800
 5197              	.LASF218:
 5198 0124 6D5F6D69 		.ascii	"m_mins\000"
 5198      6E7300
 5199              	.LASF11:
 5200 012b 6C6F6E67 		.ascii	"long long unsigned int\000"
 5200      206C6F6E 
 5200      6720756E 
 5200      7369676E 
 5200      65642069 
 5201              	.LASF227:
 5202 0142 45455F6F 		.ascii	"EE_oo_SetEvent\000"
 5202      6F5F5365 
 5202      74457665 
 5202      6E7400
 5203              	.LASF53:
 5204 0151 52435F45 		.ascii	"RC_ERROR_BAD_DATA\000"
 5204      52524F52 
 5204      5F424144 
 5204      5F444154 
 5204      4100
 5205              	.LASF43:
 5206 0163 52435F45 		.ascii	"RC_ERROR_TIME_OUT\000"
 5206      52524F52 
 5206      5F54494D 
 5206      455F4F55 
 5206      5400
 5207              	.LASF181:
 5208 0175 434C4F43 		.ascii	"CLOCK__dispatch_KR_Hours\000"
 5208      4B5F5F64 
 5208      69737061 
 5208      7463685F 
 5208      4B525F48 
 5209              	.LASF94:
 5210 018e 434C4F43 		.ascii	"CLOCK_C_ISDISPLAYING\000"
 5210      4B5F435F 
 5210      49534449 
 5210      53504C41 
ARM GAS  C:\Users\91819\AppData\Local\Temp\ccZyeurY.s 			page 116


 5210      59494E47 
 5211              	.LASF6:
 5212 01a3 5F5F696E 		.ascii	"__int32_t\000"
 5212      7433325F 
 5212      7400
 5213              	.LASF143:
 5214 01ad 7265736F 		.ascii	"resourceActive\000"
 5214      75726365 
 5214      41637469 
 5214      766500
 5215              	.LASF213:
 5216 01bc 49544D5F 		.ascii	"ITM_RxBuffer\000"
 5216      52784275 
 5216      66666572 
 5216      00
 5217              	.LASF190:
 5218 01c9 434C4F43 		.ascii	"CLOCK_input_run\000"
 5218      4B5F696E 
 5218      7075745F 
 5218      72756E00 
 5219              	.LASF86:
 5220 01d9 5446545F 		.ascii	"TFT_colors_t\000"
 5220      636F6C6F 
 5220      72735F74 
 5220      00
 5221              	.LASF127:
 5222 01e6 6D5F7374 		.ascii	"m_state\000"
 5222      61746500 
 5223              	.LASF231:
 5224 01ee 45455F6F 		.ascii	"EE_oo_SetRelAlarm\000"
 5224      6F5F5365 
 5224      7452656C 
 5224      416C6172 
 5224      6D00
 5225              	.LASF62:
 5226 0200 5254455F 		.ascii	"RTE_SIGNALSTATUS_INITIALIZED\000"
 5226      5349474E 
 5226      414C5354 
 5226      41545553 
 5226      5F494E49 
 5227              	.LASF232:
 5228 021d 5446545F 		.ascii	"TFT_setCursor\000"
 5228      73657443 
 5228      7572736F 
 5228      7200
 5229              	.LASF191:
 5230 022b 434C4F43 		.ascii	"CLOCK_control_run\000"
 5230      4B5F636F 
 5230      6E74726F 
 5230      6C5F7275 
 5230      6E00
 5231              	.LASF145:
 5232 023d 53435F43 		.ascii	"SC_CLOCK_cfg_t\000"
 5232      4C4F434B 
 5232      5F636667 
 5232      5F7400
 5233              	.LASF233:
ARM GAS  C:\Users\91819\AppData\Local\Temp\ccZyeurY.s 			page 117


 5234 024c 5446545F 		.ascii	"TFT_setColors\000"
 5234      73657443 
 5234      6F6C6F72 
 5234      7300
 5235              	.LASF0:
 5236 025a 7369676E 		.ascii	"signed char\000"
 5236      65642063 
 5236      68617200 
 5237              	.LASF179:
 5238 0266 434C4F43 		.ascii	"CLOCK__dispatch_250MS_Hours\000"
 5238      4B5F5F64 
 5238      69737061 
 5238      7463685F 
 5238      3235304D 
 5239              	.LASF137:
 5240 0282 65764F6E 		.ascii	"evOnUpdate\000"
 5240      55706461 
 5240      746500
 5241              	.LASF95:
 5242 028d 434C4F43 		.ascii	"CLOCK_C_ISEDITINGHOURS\000"
 5242      4B5F435F 
 5242      49534544 
 5242      4954494E 
 5242      47484F55 
 5243              	.LASF116:
 5244 02a4 70496E6E 		.ascii	"pInnerTransitionTable\000"
 5244      65725472 
 5244      616E7369 
 5244      74696F6E 
 5244      5461626C 
 5245              	.LASF48:
 5246 02ba 52435F45 		.ascii	"RC_ERROR_INVALID\000"
 5246      52524F52 
 5246      5F494E56 
 5246      414C4944 
 5246      00
 5247              	.LASF146:
 5248 02cb 53435F43 		.ascii	"SC_CLOCK_cfg_s\000"
 5248      4C4F434B 
 5248      5F636667 
 5248      5F7300
 5249              	.LASF41:
 5250 02da 52435F45 		.ascii	"RC_ERROR_BUFFER_EMTPY\000"
 5250      52524F52 
 5250      5F425546 
 5250      4645525F 
 5250      454D5450 
 5251              	.LASF119:
 5252 02f0 73746174 		.ascii	"state\000"
 5252      6500
 5253              	.LASF109:
 5254 02f6 53544154 		.ascii	"STATE_GuardPtr_t\000"
 5254      455F4775 
 5254      61726450 
 5254      74725F74 
 5254      00
 5255              	.LASF7:
ARM GAS  C:\Users\91819\AppData\Local\Temp\ccZyeurY.s 			page 118


 5256 0307 6C6F6E67 		.ascii	"long int\000"
 5256      20696E74 
 5256      00
 5257              	.LASF100:
 5258 0310 465F4247 		.ascii	"F_BG_COLOR\000"
 5258      5F434F4C 
 5258      4F5200
 5259              	.LASF152:
 5260 031b 62757474 		.ascii	"buttonPress\000"
 5260      6F6E5072 
 5260      65737300 
 5261              	.LASF196:
 5262 0327 74696D65 		.ascii	"time_hours\000"
 5262      5F686F75 
 5262      727300
 5263              	.LASF76:
 5264 0332 42524F57 		.ascii	"BROWN\000"
 5264      4E00
 5265              	.LASF121:
 5266 0338 61637469 		.ascii	"actionExit\000"
 5266      6F6E4578 
 5266      697400
 5267              	.LASF75:
 5268 0343 59454C4C 		.ascii	"YELLOW\000"
 5268      4F5700
 5269              	.LASF44:
 5270 034a 52435F45 		.ascii	"RC_ERROR_OPEN\000"
 5270      52524F52 
 5270      5F4F5045 
 5270      4E00
 5271              	.LASF91:
 5272 0358 45565F32 		.ascii	"EV_250MS\000"
 5272      35304D53 
 5272      00
 5273              	.LASF18:
 5274 0361 646F7562 		.ascii	"double\000"
 5274      6C6500
 5275              	.LASF99:
 5276 0368 57494447 		.ascii	"WIDGET_type_t\000"
 5276      45545F74 
 5276      7970655F 
 5276      7400
 5277              	.LASF63:
 5278 0376 5254455F 		.ascii	"RTE_SIGNALSTATUS_VALID\000"
 5278      5349474E 
 5278      414C5354 
 5278      41545553 
 5278      5F56414C 
 5279              	.LASF158:
 5280 038d 53435F45 		.ascii	"SC_EVENT_s\000"
 5280      56454E54 
 5280      5F7300
 5281              	.LASF176:
 5282 0398 434C4F43 		.ascii	"CLOCK_setDisplayFonts\000"
 5282      4B5F7365 
 5282      74446973 
 5282      706C6179 
ARM GAS  C:\Users\91819\AppData\Local\Temp\ccZyeurY.s 			page 119


 5282      466F6E74 
 5283              	.LASF139:
 5284 03ae 6F6E5570 		.ascii	"onUpdateTaskCount\000"
 5284      64617465 
 5284      5461736B 
 5284      436F756E 
 5284      7400
 5285              	.LASF211:
 5286 03c0 45455F73 		.ascii	"EE_std_endcycle_next_tid\000"
 5286      74645F65 
 5286      6E646379 
 5286      636C655F 
 5286      6E657874 
 5287              	.LASF8:
 5288 03d9 5F5F7569 		.ascii	"__uint32_t\000"
 5288      6E743332 
 5288      5F7400
 5289              	.LASF77:
 5290 03e4 42525245 		.ascii	"BRRED\000"
 5290      4400
 5291              	.LASF170:
 5292 03ea 5254455F 		.ascii	"RTE_SC_EVENT_getThreadSafe\000"
 5292      53435F45 
 5292      56454E54 
 5292      5F676574 
 5292      54687265 
 5293              	.LASF214:
 5294 0405 534F5F43 		.ascii	"SO_CLOCK_signal\000"
 5294      4C4F434B 
 5294      5F736967 
 5294      6E616C00 
 5295              	.LASF173:
 5296 0415 5254455F 		.ascii	"RTE_SC_CLOCK_pushPort\000"
 5296      53435F43 
 5296      4C4F434B 
 5296      5F707573 
 5296      68506F72 
 5297              	.LASF83:
 5298 042b 4C475241 		.ascii	"LGRAY\000"
 5298      5900
 5299              	.LASF182:
 5300 0431 434C4F43 		.ascii	"CLOCK__dispatch_KL_HoursMin\000"
 5300      4B5F5F64 
 5300      69737061 
 5300      7463685F 
 5300      4B4C5F48 
 5301              	.LASF89:
 5302 044d 45565F4B 		.ascii	"EV_KEYRIGHT\000"
 5302      45595249 
 5302      47485400 
 5303              	.LASF10:
 5304 0459 6C6F6E67 		.ascii	"long long int\000"
 5304      206C6F6E 
 5304      6720696E 
 5304      7400
 5305              	.LASF148:
 5306 0467 76616C75 		.ascii	"value\000"
ARM GAS  C:\Users\91819\AppData\Local\Temp\ccZyeurY.s 			page 120


 5306      6500
 5307              	.LASF226:
 5308 046d 53544154 		.ascii	"STATE_processEvent\000"
 5308      455F7072 
 5308      6F636573 
 5308      73457665 
 5308      6E7400
 5309              	.LASF12:
 5310 0480 756E7369 		.ascii	"unsigned int\000"
 5310      676E6564 
 5310      20696E74 
 5310      00
 5311              	.LASF92:
 5312 048d 45565F31 		.ascii	"EV_1MIN\000"
 5312      4D494E00 
 5313              	.LASF14:
 5314 0495 75696E74 		.ascii	"uint16_t\000"
 5314      31365F74 
 5314      00
 5315              	.LASF132:
 5316 049e 53435F43 		.ascii	"SC_CLOCK_data_t\000"
 5316      4C4F434B 
 5316      5F646174 
 5316      615F7400 
 5317              	.LASF56:
 5318 04ae 52435F45 		.ascii	"RC_ERROR_UNKNOWN\000"
 5318      52524F52 
 5318      5F554E4B 
 5318      4E4F574E 
 5318      00
 5319              	.LASF24:
 5320 04bf 45455F55 		.ascii	"EE_UREG\000"
 5320      52454700 
 5321              	.LASF136:
 5322 04c7 6F757444 		.ascii	"outDriver\000"
 5322      72697665 
 5322      7200
 5323              	.LASF45:
 5324 04d1 52435F45 		.ascii	"RC_ERROR_CHECKSUM\000"
 5324      52524F52 
 5324      5F434845 
 5324      434B5355 
 5324      4D00
 5325              	.LASF164:
 5326 04e3 5254455F 		.ascii	"RTE_SC_CLOCK_set\000"
 5326      53435F43 
 5326      4C4F434B 
 5326      5F736574 
 5326      00
 5327              	.LASF34:
 5328 04f4 52435F45 		.ascii	"RC_ERROR_NULL\000"
 5328      52524F52 
 5328      5F4E554C 
 5328      4C00
 5329              	.LASF215:
 5330 0502 534F5F44 		.ascii	"SO_DISPLAY_signal\000"
 5330      4953504C 
ARM GAS  C:\Users\91819\AppData\Local\Temp\ccZyeurY.s 			page 121


 5330      41595F73 
 5330      69676E61 
 5330      6C00
 5331              	.LASF60:
 5332 0514 5254455F 		.ascii	"RTE_event\000"
 5332      6576656E 
 5332      7400
 5333              	.LASF32:
 5334 051e 52435F53 		.ascii	"RC_SUCCESS\000"
 5334      55434345 
 5334      535300
 5335              	.LASF162:
 5336 0529 434C4F43 		.ascii	"CLOCK_W_ISAUTOINCREMENT\000"
 5336      4B5F575F 
 5336      49534155 
 5336      544F494E 
 5336      4352454D 
 5337              	.LASF107:
 5338 0541 434C4F43 		.ascii	"CLOCK_active_widget_t\000"
 5338      4B5F6163 
 5338      74697665 
 5338      5F776964 
 5338      6765745F 
 5339              	.LASF71:
 5340 0557 47424C55 		.ascii	"GBLUE\000"
 5340      4500
 5341              	.LASF129:
 5342 055d 53746174 		.ascii	"StateMachine_ptr\000"
 5342      654D6163 
 5342      68696E65 
 5342      5F707472 
 5342      00
 5343              	.LASF110:
 5344 056e 6576656E 		.ascii	"event\000"
 5344      7400
 5345              	.LASF117:
 5346 0574 73697A65 		.ascii	"size\000"
 5346      00
 5347              	.LASF27:
 5348 0579 5461736B 		.ascii	"TaskType\000"
 5348      54797065 
 5348      00
 5349              	.LASF208:
 5350 0582 45455F6F 		.ascii	"EE_oo_IRQ_disable_count\000"
 5350      6F5F4952 
 5350      515F6469 
 5350      7361626C 
 5350      655F636F 
 5351              	.LASF144:
 5352 059a 7265736F 		.ascii	"resource\000"
 5352      75726365 
 5352      00
 5353              	.LASF134:
 5354 05a3 53435F43 		.ascii	"SC_CLOCK_driverOut_t\000"
 5354      4C4F434B 
 5354      5F647269 
 5354      7665724F 
ARM GAS  C:\Users\91819\AppData\Local\Temp\ccZyeurY.s 			page 122


 5354      75745F74 
 5355              	.LASF205:
 5356 05b8 434C4F43 		.ascii	"CLOCK_Widget_Transitions\000"
 5356      4B5F5769 
 5356      64676574 
 5356      5F547261 
 5356      6E736974 
 5357              	.LASF85:
 5358 05d1 4C42424C 		.ascii	"LBBLUE\000"
 5358      554500
 5359              	.LASF40:
 5360 05d8 52435F45 		.ascii	"RC_ERROR_BUFFER_FULL\000"
 5360      52524F52 
 5360      5F425546 
 5360      4645525F 
 5360      46554C4C 
 5361              	.LASF120:
 5362 05ed 61637469 		.ascii	"actionEntry\000"
 5362      6F6E456E 
 5362      74727900 
 5363              	.LASF84:
 5364 05f9 4C475241 		.ascii	"LGRAYBLUE\000"
 5364      59424C55 
 5364      4500
 5365              	.LASF50:
 5366 0603 52435F45 		.ascii	"RC_ERROR_WRITE_FAILS\000"
 5366      52524F52 
 5366      5F575249 
 5366      54455F46 
 5366      41494C53 
 5367              	.LASF163:
 5368 0618 5254455F 		.ascii	"RTE_SC_CLOCK_get\000"
 5368      53435F43 
 5368      4C4F434B 
 5368      5F676574 
 5368      00
 5369              	.LASF61:
 5370 0629 5254455F 		.ascii	"RTE_SIGNALSTATUS_STARTUP\000"
 5370      5349474E 
 5370      414C5354 
 5370      41545553 
 5370      5F535441 
 5371              	.LASF52:
 5372 0642 52435F45 		.ascii	"RC_ERROR_BAD_PARAM\000"
 5372      52524F52 
 5372      5F424144 
 5372      5F504152 
 5372      414D00
 5373              	.LASF124:
 5374 0655 6D5F7472 		.ascii	"m_transitionTableSize\000"
 5374      616E7369 
 5374      74696F6E 
 5374      5461626C 
 5374      6553697A 
 5375              	.LASF131:
 5376 066b 61637469 		.ascii	"activeWidget\000"
 5376      76655769 
ARM GAS  C:\Users\91819\AppData\Local\Temp\ccZyeurY.s 			page 123


 5376      64676574 
 5376      00
 5377              	.LASF130:
 5378 0678 636C6F63 		.ascii	"clockValue\000"
 5378      6B56616C 
 5378      756500
 5379              	.LASF238:
 5380 0683 433A5C55 		.ascii	"C:\\Users\\91819\\Documents\\HDA_Sem2\\EAA\\Lab\\Wo"
 5380      73657273 
 5380      5C393138 
 5380      31395C44 
 5380      6F63756D 
 5381 06af 726B7370 		.ascii	"rkspace01\\Workspace03\\electronicClock_v3.cydsn\\e"
 5381      61636530 
 5381      315C576F 
 5381      726B7370 
 5381      61636530 
 5382 06df 6C656374 		.ascii	"lectronicClock_v3.cydsn\\electronicClock_almostFina"
 5382      726F6E69 
 5382      63436C6F 
 5382      636B5F76 
 5382      332E6379 
 5383 0711 6C2E6379 		.ascii	"l.cydsn\\electronicClock.cydsn\000"
 5383      64736E5C 
 5383      656C6563 
 5383      74726F6E 
 5383      6963436C 
 5384              	.LASF80:
 5385 072f 4C494748 		.ascii	"LIGHTBLUE\000"
 5385      54424C55 
 5385      4500
 5386              	.LASF122:
 5387 0739 53544154 		.ascii	"STATE_stateAction_t\000"
 5387      455F7374 
 5387      61746541 
 5387      6374696F 
 5387      6E5F7400 
 5388              	.LASF156:
 5389 074d 53435F45 		.ascii	"SC_EVENT_cfg_s\000"
 5389      56454E54 
 5389      5F636667 
 5389      5F7300
 5390              	.LASF157:
 5391 075c 53435F45 		.ascii	"SC_EVENT_cfg_t\000"
 5391      56454E54 
 5391      5F636667 
 5391      5F7400
 5392              	.LASF199:
 5393 076b 64697370 		.ascii	"dispatchSignal\000"
 5393      61746368 
 5393      5369676E 
 5393      616C00
 5394              	.LASF30:
 5395 077a 73697A65 		.ascii	"sizetype\000"
 5395      74797065 
 5395      00
 5396              	.LASF239:
ARM GAS  C:\Users\91819\AppData\Local\Temp\ccZyeurY.s 			page 124


 5397 0783 434C4F43 		.ascii	"CLOCK__dispatchWrapper\000"
 5397      4B5F5F64 
 5397      69737061 
 5397      74636857 
 5397      72617070 
 5398              	.LASF183:
 5399 079a 434C4F43 		.ascii	"CLOCK__dispatch_250MS_Min\000"
 5399      4B5F5F64 
 5399      69737061 
 5399      7463685F 
 5399      3235304D 
 5400              	.LASF21:
 5401 07b4 6C6F6E67 		.ascii	"long double\000"
 5401      20646F75 
 5401      626C6500 
 5402              	.LASF31:
 5403 07c0 626F6F6C 		.ascii	"boolean_t\000"
 5403      65616E5F 
 5403      7400
 5404              	.LASF114:
 5405 07ca 53544154 		.ascii	"STATE_stateInnerTransition_t\000"
 5405      455F7374 
 5405      61746549 
 5405      6E6E6572 
 5405      5472616E 
 5406              	.LASF229:
 5407 07e7 45455F6F 		.ascii	"EE_oo_ReleaseResource\000"
 5407      6F5F5265 
 5407      6C656173 
 5407      65526573 
 5407      6F757263 
 5408              	.LASF175:
 5409 07fd 434C4F43 		.ascii	"CLOCK_setEditFonts\000"
 5409      4B5F7365 
 5409      74456469 
 5409      74466F6E 
 5409      747300
 5410              	.LASF209:
 5411 0810 45455F6F 		.ascii	"EE_oo_IRQ_suspend_status\000"
 5411      6F5F4952 
 5411      515F7375 
 5411      7370656E 
 5411      645F7374 
 5412              	.LASF185:
 5413 0829 434C4F43 		.ascii	"CLOCK__dispatch_KR_Min\000"
 5413      4B5F5F64 
 5413      69737061 
 5413      7463685F 
 5413      4B525F4D 
 5414              	.LASF118:
 5415 0840 53544154 		.ascii	"STATE_stateOuterTransition_t\000"
 5415      455F7374 
 5415      6174654F 
 5415      75746572 
 5415      5472616E 
 5416              	.LASF171:
 5417 085d 64617461 		.ascii	"data\000"
ARM GAS  C:\Users\91819\AppData\Local\Temp\ccZyeurY.s 			page 125


 5417      00
 5418              	.LASF97:
 5419 0862 575F4D49 		.ascii	"W_MINUTES\000"
 5419      4E555445 
 5419      5300
 5420              	.LASF210:
 5421 086c 45455F41 		.ascii	"EE_ApplicationMode\000"
 5421      70706C69 
 5421      63617469 
 5421      6F6E4D6F 
 5421      646500
 5422              	.LASF202:
 5423 087f 73746174 		.ascii	"state_CLOCK_W_ISDISAPLAYING_Transitions\000"
 5423      655F434C 
 5423      4F434B5F 
 5423      575F4953 
 5423      44495341 
 5424              	.LASF54:
 5425 08a7 52435F45 		.ascii	"RC_ERROR_CANCELED\000"
 5425      52524F52 
 5425      5F43414E 
 5425      43454C45 
 5425      4400
 5426              	.LASF78:
 5427 08b9 47524159 		.ascii	"GRAY\000"
 5427      00
 5428              	.LASF39:
 5429 08be 52435F45 		.ascii	"RC_ERROR_UNDERRUN\000"
 5429      52524F52 
 5429      5F554E44 
 5429      45525255 
 5429      4E00
 5430              	.LASF49:
 5431 08d0 52435F45 		.ascii	"RC_ERROR_READ_FAILS\000"
 5431      52524F52 
 5431      5F524541 
 5431      445F4641 
 5431      494C5300 
 5432              	.LASF222:
 5433 08e4 53544154 		.ascii	"STATE_CLOCK_C_ISEDITINGHOURS_Transitions\000"
 5433      455F434C 
 5433      4F434B5F 
 5433      435F4953 
 5433      45444954 
 5434              	.LASF194:
 5435 090d 64697370 		.ascii	"displaySignal\000"
 5435      6C617953 
 5435      69676E61 
 5435      6C00
 5436              	.LASF26:
 5437 091b 45455F54 		.ascii	"EE_TID\000"
 5437      494400
 5438              	.LASF206:
 5439 0922 434C4F43 		.ascii	"CLOCK_Widget_Transitions_size\000"
 5439      4B5F5769 
 5439      64676574 
 5439      5F547261 
ARM GAS  C:\Users\91819\AppData\Local\Temp\ccZyeurY.s 			page 126


 5439      6E736974 
 5440              	.LASF79:
 5441 0940 4441524B 		.ascii	"DARKBLUE\000"
 5441      424C5545 
 5441      00
 5442              	.LASF135:
 5443 0949 696E4472 		.ascii	"inDriver\000"
 5443      69766572 
 5443      00
 5444              	.LASF223:
 5445 0952 53544154 		.ascii	"STATE_CLOCK_C_ISEDITINGMINS_Transitions\000"
 5445      455F434C 
 5445      4F434B5F 
 5445      435F4953 
 5445      45444954 
 5446              	.LASF33:
 5447 097a 52435F45 		.ascii	"RC_ERROR\000"
 5447      52524F52 
 5447      00
 5448              	.LASF69:
 5449 0983 42524544 		.ascii	"BRED\000"
 5449      00
 5450              	.LASF17:
 5451 0988 666C6F61 		.ascii	"float\000"
 5451      7400
 5452              	.LASF169:
 5453 098e 5254455F 		.ascii	"RTE_SC_EVENT_set\000"
 5453      53435F45 
 5453      56454E54 
 5453      5F736574 
 5453      00
 5454              	.LASF98:
 5455 099f 575F484F 		.ascii	"W_HOURS\000"
 5455      55525300 
 5456              	.LASF42:
 5457 09a7 52435F45 		.ascii	"RC_ERROR_BUSY\000"
 5457      52524F52 
 5457      5F425553 
 5457      5900
 5458              	.LASF219:
 5459 09b5 775F6375 		.ascii	"w_currentTime\000"
 5459      7272656E 
 5459      7454696D 
 5459      6500
 5460              	.LASF235:
 5461 09c3 5446545F 		.ascii	"TFT_setTextSize\000"
 5461      73657454 
 5461      65787453 
 5461      697A6500 
 5462              	.LASF141:
 5463 09d3 6F6E4572 		.ascii	"onErrorTaskCount\000"
 5463      726F7254 
 5463      61736B43 
 5463      6F756E74 
 5463      00
 5464              	.LASF47:
 5465 09e4 52435F45 		.ascii	"RC_ERROR_WRITE_ONLY\000"
ARM GAS  C:\Users\91819\AppData\Local\Temp\ccZyeurY.s 			page 127


 5465      52524F52 
 5465      5F575249 
 5465      54455F4F 
 5465      4E4C5900 
 5466              	.LASF15:
 5467 09f8 696E7433 		.ascii	"int32_t\000"
 5467      325F7400 
 5468              	.LASF1:
 5469 0a00 756E7369 		.ascii	"unsigned char\000"
 5469      676E6564 
 5469      20636861 
 5469      7200
 5470              	.LASF161:
 5471 0a0e 434C4F43 		.ascii	"CLOCK_W_ISEDITING\000"
 5471      4B5F575F 
 5471      49534544 
 5471      4954494E 
 5471      4700
 5472              	.LASF198:
 5473 0a20 636F6E74 		.ascii	"controlSignal\000"
 5473      726F6C53 
 5473      69676E61 
 5473      6C00
 5474              	.LASF2:
 5475 0a2e 73686F72 		.ascii	"short int\000"
 5475      7420696E 
 5475      7400
 5476              	.LASF104:
 5477 0a38 686F7572 		.ascii	"hours\000"
 5477      7300
 5478              	.LASF96:
 5479 0a3e 434C4F43 		.ascii	"CLOCK_C_ISEDITINGMINUTES\000"
 5479      4B5F435F 
 5479      49534544 
 5479      4954494E 
 5479      474D494E 
 5480              	.LASF140:
 5481 0a57 6F6E5570 		.ascii	"onUpdateTasks\000"
 5481      64617465 
 5481      5461736B 
 5481      7300
 5482              	.LASF195:
 5483 0a65 74667444 		.ascii	"tftDisplay\000"
 5483      6973706C 
 5483      617900
 5484              	.LASF35:
 5485 0a70 52435F45 		.ascii	"RC_ERROR_ZERO\000"
 5485      52524F52 
 5485      5F5A4552 
 5485      4F00
 5486              	.LASF236:
 5487 0a7e 474E5520 		.ascii	"GNU C11 5.4.1 20160609 (release) [ARM/embedded-5-br"
 5487      43313120 
 5487      352E342E 
 5487      31203230 
 5487      31363036 
 5488 0ab1 616E6368 		.ascii	"anch revision 237715] -mcpu=cortex-m3 -mthumb -g -O"
ARM GAS  C:\Users\91819\AppData\Local\Temp\ccZyeurY.s 			page 128


 5488      20726576 
 5488      6973696F 
 5488      6E203233 
 5488      37373135 
 5489 0ae4 67202D66 		.ascii	"g -ffunction-sections -ffat-lto-objects\000"
 5489      66756E63 
 5489      74696F6E 
 5489      2D736563 
 5489      74696F6E 
 5490              	.LASF188:
 5491 0b0c 636C6F63 		.ascii	"clockSignal\000"
 5491      6B536967 
 5491      6E616C00 
 5492              	.LASF138:
 5493 0b18 65764F6E 		.ascii	"evOnError\000"
 5493      4572726F 
 5493      7200
 5494              	.LASF74:
 5495 0b22 4359414E 		.ascii	"CYAN\000"
 5495      00
 5496              	.LASF178:
 5497 0b27 434C4F43 		.ascii	"CLOCK__dispatch_KL_Hours\000"
 5497      4B5F5F64 
 5497      69737061 
 5497      7463685F 
 5497      4B4C5F48 
 5498              	.LASF93:
 5499 0b40 4556454E 		.ascii	"EVENT_ENUM_t\000"
 5499      545F454E 
 5499      554D5F74 
 5499      00
 5500              	.LASF101:
 5501 0b4d 465F5445 		.ascii	"F_TEXT_COLOR\000"
 5501      58545F43 
 5501      4F4C4F52 
 5501      00
 5502              	.LASF237:
 5503 0b5a 6173775C 		.ascii	"asw\\swc_clock.c\000"
 5503      7377635F 
 5503      636C6F63 
 5503      6B2E6300 
 5504              	.LASF154:
 5505 0b6a 53435F45 		.ascii	"SC_EVENT_driverIn_t\000"
 5505      56454E54 
 5505      5F647269 
 5505      76657249 
 5505      6E5F7400 
 5506              	.LASF150:
 5507 0b7e 70536967 		.ascii	"pSigCfg\000"
 5507      43666700 
 5508              	.LASF230:
 5509 0b86 42555454 		.ascii	"BUTTON_2_Read\000"
 5509      4F4E5F32 
 5509      5F526561 
 5509      6400
 5510              	.LASF133:
 5511 0b94 53435F43 		.ascii	"SC_CLOCK_driverIn_t\000"
ARM GAS  C:\Users\91819\AppData\Local\Temp\ccZyeurY.s 			page 129


 5511      4C4F434B 
 5511      5F647269 
 5511      76657249 
 5511      6E5F7400 
 5512              	.LASF16:
 5513 0ba8 75696E74 		.ascii	"uint32_t\000"
 5513      33325F74 
 5513      00
 5514              	.LASF165:
 5515 0bb1 7369676E 		.ascii	"signal\000"
 5515      616C00
 5516              	.LASF46:
 5517 0bb8 52435F45 		.ascii	"RC_ERROR_READ_ONLY\000"
 5517      52524F52 
 5517      5F524541 
 5517      445F4F4E 
 5517      4C5900
 5518              	.LASF9:
 5519 0bcb 6C6F6E67 		.ascii	"long unsigned int\000"
 5519      20756E73 
 5519      69676E65 
 5519      6420696E 
 5519      7400
 5520              	.LASF186:
 5521 0bdd 434C4F43 		.ascii	"CLOCK__dispatch_KL_Min\000"
 5521      4B5F5F64 
 5521      69737061 
 5521      7463685F 
 5521      4B4C5F4D 
 5522              	.LASF19:
 5523 0bf4 63686172 		.ascii	"char\000"
 5523      00
 5524              	.LASF172:
 5525 0bf9 5254455F 		.ascii	"RTE_SC_EVENT_get\000"
 5525      53435F45 
 5525      56454E54 
 5525      5F676574 
 5525      00
 5526              	.LASF67:
 5527 0c0a 424C4143 		.ascii	"BLACK\000"
 5527      4B00
 5528              	.LASF4:
 5529 0c10 5F5F7569 		.ascii	"__uint16_t\000"
 5529      6E743136 
 5529      5F7400
 5530              	.LASF207:
 5531 0c1b 434C4F43 		.ascii	"CLOCK_WIDGET_StateActions\000"
 5531      4B5F5749 
 5531      44474554 
 5531      5F537461 
 5531      74654163 
 5532              	.LASF68:
 5533 0c35 424C5545 		.ascii	"BLUE\000"
 5533      00
 5534              	.LASF174:
 5535 0c3a 5254455F 		.ascii	"RTE_SC_CLOCK_getThreadSafe\000"
 5535      53435F43 
ARM GAS  C:\Users\91819\AppData\Local\Temp\ccZyeurY.s 			page 130


 5535      4C4F434B 
 5535      5F676574 
 5535      54687265 
 5536              	.LASF225:
 5537 0c55 434F4E54 		.ascii	"CONTROL_WidgetFSM\000"
 5537      524F4C5F 
 5537      57696467 
 5537      65744653 
 5537      4D00
 5538              	.LASF73:
 5539 0c67 47524545 		.ascii	"GREEN\000"
 5539      4E00
 5540              	.LASF184:
 5541 0c6d 434C4F43 		.ascii	"CLOCK__dispatch_KRLP_Min\000"
 5541      4B5F5F64 
 5541      69737061 
 5541      7463685F 
 5541      4B524C50 
 5542              	.LASF57:
 5543 0c86 52435F45 		.ascii	"RC_ERROR_NOT_IMPLEMENTED\000"
 5543      52524F52 
 5543      5F4E4F54 
 5543      5F494D50 
 5543      4C454D45 
 5544              	.LASF203:
 5545 0c9f 73746174 		.ascii	"state_CLOCK_W_ISEDITING_Transitions\000"
 5545      655F434C 
 5545      4F434B5F 
 5545      575F4953 
 5545      45444954 
 5546              	.LASF123:
 5547 0cc3 6D5F7472 		.ascii	"m_transitionTable\000"
 5547      616E7369 
 5547      74696F6E 
 5547      5461626C 
 5547      6500
 5548              	.LASF38:
 5549 0cd5 52435F45 		.ascii	"RC_ERROR_OVERRUN\000"
 5549      52524F52 
 5549      5F4F5645 
 5549      5252554E 
 5549      00
 5550              	.LASF168:
 5551 0ce6 7461736B 		.ascii	"task\000"
 5551      00
 5552              	.LASF82:
 5553 0ceb 4C494748 		.ascii	"LIGHTGREEN\000"
 5553      54475245 
 5553      454E00
 5554              	.LASF224:
 5555 0cf6 434F4E54 		.ascii	"CONTROL_ContainerFSM\000"
 5555      524F4C5F 
 5555      436F6E74 
 5555      61696E65 
 5555      7246534D 
 5556              	.LASF65:
 5557 0d0b 5254455F 		.ascii	"RTE_signalStatus_t\000"
ARM GAS  C:\Users\91819\AppData\Local\Temp\ccZyeurY.s 			page 131


 5557      7369676E 
 5557      616C5374 
 5557      61747573 
 5557      5F7400
 5558              	.LASF177:
 5559 0d1e 434C4F43 		.ascii	"CLOCK__increment1Minute\000"
 5559      4B5F5F69 
 5559      6E637265 
 5559      6D656E74 
 5559      314D696E 
 5560              	.LASF36:
 5561 0d36 52435F45 		.ascii	"RC_ERROR_MEMORY\000"
 5561      52524F52 
 5561      5F4D454D 
 5561      4F525900 
 5562              	.LASF5:
 5563 0d46 73686F72 		.ascii	"short unsigned int\000"
 5563      7420756E 
 5563      7369676E 
 5563      65642069 
 5563      6E7400
 5564              	.LASF160:
 5565 0d59 434C4F43 		.ascii	"CLOCK_W_ISDISPLAYING\000"
 5565      4B5F575F 
 5565      49534449 
 5565      53504C41 
 5565      59494E47 
 5566              	.LASF126:
 5567 0d6e 6D5F6163 		.ascii	"m_actionTableSize\000"
 5567      74696F6E 
 5567      5461626C 
 5567      6553697A 
 5567      6500
 5568              	.LASF59:
 5569 0d80 5461736B 		.ascii	"TaskTypeArray\000"
 5569      54797065 
 5569      41727261 
 5569      7900
 5570              	.LASF204:
 5571 0d8e 73746174 		.ascii	"state_CLOCK_W_ISAUTOINCREMENT_Transitions\000"
 5571      655F434C 
 5571      4F434B5F 
 5571      575F4953 
 5571      4155544F 
 5572              	.LASF113:
 5573 0db8 61637469 		.ascii	"actionTransition\000"
 5573      6F6E5472 
 5573      616E7369 
 5573      74696F6E 
 5573      00
 5574              	.LASF166:
 5575 0dc9 7461736B 		.ascii	"taskNum\000"
 5575      4E756D00 
 5576              	.LASF200:
 5577 0dd1 434F4E54 		.ascii	"CONTROL_CLOCK_Transitions\000"
 5577      524F4C5F 
 5577      434C4F43 
ARM GAS  C:\Users\91819\AppData\Local\Temp\ccZyeurY.s 			page 132


 5577      4B5F5472 
 5577      616E7369 
 5578              	.LASF228:
 5579 0deb 45455F6F 		.ascii	"EE_oo_GetResource\000"
 5579      6F5F4765 
 5579      74526573 
 5579      6F757263 
 5579      6500
 5580              	.LASF64:
 5581 0dfd 5254455F 		.ascii	"RTE_SIGNALSTATUS_INVALID\000"
 5581      5349474E 
 5581      414C5354 
 5581      41545553 
 5581      5F494E56 
 5582              	.LASF149:
 5583 0e16 73746174 		.ascii	"status\000"
 5583      757300
 5584              	.LASF87:
 5585 0e1d 45565F4E 		.ascii	"EV_NONE\000"
 5585      4F4E4500 
 5586              	.LASF212:
 5587 0e25 45455F49 		.ascii	"EE_IRQ_nesting_level\000"
 5587      52515F6E 
 5587      65737469 
 5587      6E675F6C 
 5587      6576656C 
 5588              	.LASF23:
 5589 0e3a 45455F55 		.ascii	"EE_UINT32\000"
 5589      494E5433 
 5589      3200
 5590              	.LASF216:
 5591 0e44 534F5F45 		.ascii	"SO_EVENT_signal\000"
 5591      56454E54 
 5591      5F736967 
 5591      6E616C00 
 5592              	.LASF22:
 5593 0e54 45455F49 		.ascii	"EE_INT32\000"
 5593      4E543332 
 5593      00
 5594              	.LASF13:
 5595 0e5d 75696E74 		.ascii	"uint8_t\000"
 5595      385F7400 
 5596              	.LASF217:
 5597 0e65 6D5F686F 		.ascii	"m_hours\000"
 5597      75727300 
 5598              	.LASF192:
 5599 0e6d 6576656E 		.ascii	"eventSignal\000"
 5599      74536967 
 5599      6E616C00 
 5600              	.LASF187:
 5601 0e79 434C4F43 		.ascii	"CLOCK_incrementWidget\000"
 5601      4B5F696E 
 5601      6372656D 
 5601      656E7457 
 5601      69646765 
 5602              	.LASF189:
 5603 0e8f 6C6F6E67 		.ascii	"longPressTick\000"
ARM GAS  C:\Users\91819\AppData\Local\Temp\ccZyeurY.s 			page 133


 5603      50726573 
 5603      73546963 
 5603      6B00
 5604              	.LASF155:
 5605 0e9d 53435F45 		.ascii	"SC_EVENT_driverOut_t\000"
 5605      56454E54 
 5605      5F647269 
 5605      7665724F 
 5605      75745F74 
 5606              	.LASF151:
 5607 0eb2 53435F43 		.ascii	"SC_CLOCK_t\000"
 5607      4C4F434B 
 5607      5F7400
 5608              	.LASF90:
 5609 0ebd 45565F4B 		.ascii	"EV_KEYRIGHTLONGPRESS\000"
 5609      45595249 
 5609      4748544C 
 5609      4F4E4750 
 5609      52455353 
 5610              	.LASF153:
 5611 0ed2 53435F45 		.ascii	"SC_EVENT_data_t\000"
 5611      56454E54 
 5611      5F646174 
 5611      615F7400 
 5612              	.LASF81:
 5613 0ee2 47524159 		.ascii	"GRAYBLUE\000"
 5613      424C5545 
 5613      00
 5614              	.LASF234:
 5615 0eeb 5446545F 		.ascii	"TFT_print\000"
 5615      7072696E 
 5615      7400
 5616              	.LASF102:
 5617 0ef5 434C4F43 		.ascii	"CLOCK_font_t\000"
 5617      4B5F666F 
 5617      6E745F74 
 5617      00
 5618              	.LASF105:
 5619 0f02 666F6E74 		.ascii	"font_mins\000"
 5619      5F6D696E 
 5619      7300
 5620              	.LASF112:
 5621 0f0c 67756172 		.ascii	"guard\000"
 5621      6400
 5622              	.LASF29:
 5623 0f12 4576656E 		.ascii	"EventMaskType\000"
 5623      744D6173 
 5623      6B547970 
 5623      6500
 5624              	.LASF103:
 5625 0f20 6D696E73 		.ascii	"mins\000"
 5625      00
 5626              	.LASF180:
 5627 0f25 434C4F43 		.ascii	"CLOCK__dispatch_KRLP_Hours\000"
 5627      4B5F5F64 
 5627      69737061 
 5627      7463685F 
ARM GAS  C:\Users\91819\AppData\Local\Temp\ccZyeurY.s 			page 134


 5627      4B524C50 
 5628              	.LASF142:
 5629 0f40 6F6E4572 		.ascii	"onErrorTasks\000"
 5629      726F7254 
 5629      61736B73 
 5629      00
 5630              	.LASF108:
 5631 0f4d 53544154 		.ascii	"STATE_ActionPtr_t\000"
 5631      455F4163 
 5631      74696F6E 
 5631      5074725F 
 5631      7400
 5632              	.LASF240:
 5633 0f5f 434C4F43 		.ascii	"CLOCK__action_initClock\000"
 5633      4B5F5F61 
 5633      6374696F 
 5633      6E5F696E 
 5633      6974436C 
 5634              	.LASF25:
 5635 0f77 45455F46 		.ascii	"EE_FREG\000"
 5635      52454700 
 5636              	.LASF220:
 5637 0f7f 62757474 		.ascii	"buttonStatus\000"
 5637      6F6E5374 
 5637      61747573 
 5637      00
 5638              	.LASF128:
 5639 0f8c 53544154 		.ascii	"STATE_t\000"
 5639      455F7400 
 5640              		.ident	"GCC: (GNU Tools for ARM Embedded Processors) 5.4.1 20160609 (release) [ARM/embedded-5-bran
