:400000000080002011000000A9090000A909000008B5044B1A6803F53F5302331A6000F0CBFC00BFFA46004010B5054C237833B9044B13B10448AFF300800123237010BD4C
:40004000E082FF1F0000000098200000084B10B51BB108490848AFF300800848036803B910BD074B002BFBD0BDE81040184700BF00000000E482FF1F98200000C880FF1F60
:400080000000000008B501F011FC01F023FC002008BD00BF70B506460D46002001F01EFC002001F027FC84B2012001F023FC80B2D4F5006400D50F3444F307143470D0F515
:4000C000006000D50F3040F307102870002070BD08B5012101F028FB002008BD08B501F043FB002008BD00BF034B1B78082B01D10120704700207047C080FF1F012303FAE1
:4001000000F0034A1378184310700020704700BFFC82FF1FF8B506460F46154600240DE006EBC4039A88B5FBF2F302FB13531BB956F83430002098470134A4B2BC42EFD38E
:40014000F8BD00BFF8B505460E461746002409E005EBC4035868384202D055F8343098470134A4B2B442F3D3F8BD00BF08B50378012B03D1012001F00BFD02E0002001F002
:4001800007FD002008BD00BF08B5411CFFF782FF002008BD08B50078042802D901F0CAFC02E0002001F0C6FC002008BD08B5002000F050FE08BD00BF684620F007018D465C
:4001C00019B572B6EFF311841E4B1B68DBB20F2B10D9103B23F0030202F1604202F564421168DB0003F01803E0229A400A4022FA03F306E00F2B03D1134B1B681B0E00E0E9
:40020000002383F31188114A136801331360012B01D101F08FFD62B6FFF7C8FF72B684F3118801F011F8094A1368013B13601BB901F089FD01F04DFD62B6BDE819408546A9
:40024000704700BF04ED00E020ED00E07C83FF1F08B562B645F6BF52064B1A60064A136843F0020313600320FFF732FF002001F0E7F8FBE714E000E010E000E008B5074BFC
:400280001B78F02B01D1012300E0002323B1FFF725FF0022014B1A7000BFF0E7FC82FF1F08B5FFF721FF012803D1074801F0E4FC08BD064B1B781BB9054801F0DDFC08BD36
:4002C000044801F0D9FC08BD44210000C080FF1F642100009021000008B5FFF7D3FE01F049FC01F011F901F097FC174A136843F0050313600A221146002000F02DFC01228C
:400300001146104600F028FCFA221146022000F023FC022000F0ACFB032000F0A9FB012000F0A6FB052000F0A3FB084801F0A4FC074801F0A1FC074801F09EFCFFF7B0FF46
:4003400001F0C4F808BD00BF10E000E0AC210000D0210000F021000008B5034801F08CFC002001F025F808BD2422000008B501F061FC0A4B1870612802D0622807D008BD8A
:40038000074801F079FC0122064B5A7008BD064801F072FCFFF7E0FF08BD00BFFC80FF1F44220000FC82FF1F5422000008B501F0FBFB012801D1FFF7CFFF08BD684620F087
:4003C00007018D4619B572B6EFF311841E4B1B68DBB20F2B10D9103B23F0030202F1604202F564421168DB0003F01803E0229A400A4022FA03F306E00F2B03D1134B1B6815
:400400001B0E00E0002383F31188114A136801331360012B01D101F08DFC62B6FFF7C6FF72B684F3118800F00FFF094A1368013B13601BB901F087FC01F04BFC62B6BDE8C9
:4004400019408546704700BF04ED00E020ED00E07C83FF1F38B54FF00001154B1B78042B01D84FF00101134B9A68197000215960022159705569936873B13DB90CE099682F
:4004800055F8240000F08CFD013400E00024094B9B681A699442F2D3064B5B78022B03D1044883685B6898470320FFF727FE38BDD880FF1FF080FF1F30B583B0154B1B8854
:4004C000ADF80430ADF8003043F30723042B01DD5B0001E04FF004030F4A9168137000235360022353704D698B6873B13DB90CE0996855F8240000F053FD013400E0002432
:40050000054B9B681A699442F2D30120FFF7F6FD03B030BDCC80FF1FD880FF1F38B5194B5B68B3F57A7F05D94FF000010022154B5A6001E0134B1978134B9A6819700021D7
:400540005960022159705569936873B13DB90CE0996855F8240000F023FD013400E00024094B9B681A699442F2D3074B5B78022B03D1054883685B6898470220FFF7BEFD14
:4005800038BD00BFD880FF1FE480FF1F30B583B00020FFF7B3FD214B9B681A68002A3BD01E4A128802A820F8082D1B689847E8B9BDF80010ADF80410184B9A6819800021F2
:4005C000596002219970556993682BB33DB923E0996855F8240000F0E3FC013400E000240E4B9B681A699442F2D315E00B4B03229A709B68DD69DB6873B13DB90CE0D96845
:4006000055F8240000F0CCFC013400E00024034B9B689A699442F2D303B030BDCC80FF1F00B583B0002301930A4B1B780BB100F04DFF012000F034FD01A9032000F090FC55
:40064000019800F05FFC019A01210348FFF77AFDEFE700BFFD82FF1F6422000010B582B000230193062000F01BFD01A9022000F077FC019800F046FC019B13F0040F0DD004
:40068000094C226803210948FFF744FD23680A33236013F5807F01D900222260019A01210348FFF74FFDDDE70083FF1F702200008822000008B50C4B1A6800210B48FFF7F4
:4006C00029FD0B4B5B68013313F1011F01D8084A5360054A13680133136013F5807F02D90022014B1A6008BD0483FF1F94220000D880FF1FFEE700BFF0B40022174611E0FC
:4007000050F82760F3B226F0FF0608E001EB420511F812406D78A5550132013BDBB2002BF4D10137232FEBD9F0BC704708B50A46002101F0A8FC08BD38B50222274B1A8093
:40074000182327490B700E200231088002310B70192502310D8002310B70224B1A7008224FF040231A70032103F5007319701E4B1B78DBB21D490B701D4B1A8041F2512299
:40078000023B1A8000240CE01A4B1B7803F0010343EA440404F003044FF4F07001F050FB013D0DB1032CEFD115B90320FFF7A2FF114B4FF480721A8007221A7000220F4949
:4007C0000A704820023108701A700222033B1A700B4A137843F00703137038BD80400040824000400043004008010049A1460040224200402542004004400040064000400E
:40080000A2430040F8B5164B1B78DBB2154E3478E4B2154F3D78EDB203F00701134A11701B090132137044F00303337045F003033B7003220E4B1A7040230E4A1370023218
:40084000137030220C4B1A70202203331A700A2000F060FF3D7034704422084B1A70F8BDCF010049F8460040F94600406E5800400D51004001590040205B004076580040E1
:4008800008B501F0F5FB08BD38B572B6324A137843F00403137000240CE0304D630019194A0011462A44084691882858FFF73EFF0134E4B2062CF0D929494FF09040FFF774
:4008C0001BFF04212748FFF731FF042226492748FFF7D6FF264A137843F0020313701032137843F002031370224C237843F040032370A2F58632513A137843F010031370D7
:4009000008221D491D48FFF7BBFF0A221C491D48FFF7B6FF08221C491C48FFF7B1FF08221B491C48FFF7ACFF1B4A137843F0080313701A4D61232B70FFF7FEFE81232B70DD
:400940000122174B1A70FFF75DFF0E2221461548FFF796FF38BD00BFE8460040982200009000004800760040B00700480876004003500140A04300408C070048025100404B
:4009800094070048C0510040A007004812510040A807004822510040224300400048004004000840B043004008B501F035FB03680C2B00D1FEE7FEE708B5104E104D16E092
:4009C00029686B68AC68002204E051F8040B43F8040B0432A242F8D1E868002203E0002143F8041B04328242F9D11035013E002EE6D101F017FBFFF72BFCFEE701000000F1
:400A0000D025000008B5114A114B1A60114A136843F40073136000230AE0032B03D80E4A52F8231000E00D490D4A42F8231001332F2BF2D90B4B1A780B4B1A70084A0B4B32
:400A40001A60FFF721FF00F083FD08BD0004FA050CED00E014ED00E000000000A90900000080FF1FBC760040C080FF1F08ED00E038B5EFF3108572B605284ED82D4B53F85D
:400A80002030002B4BD02B4A013B42F820302A4B53F82030032B07D10222274B43F820200022264B43F8202000F03EFC244B1B68002B36D1234B1C6800F014FCB0F1FF3F11
:400AC00031D0214B53F82020204B1B689A422CD9B4F1FF3F03D00221174A42F824101C4A52F820201343194A13600022124B43F8202000F0B3FB174B53F820304BB10024B6
:400B0000144B43F8204040F0004001F025F920460CE001F021F9002008E0032006E0042004E0002002E0002000E0002085F3108838BD00BF5C81FF1F1082FF1F3883FF1F5C
:400B40007C83FF1FF481FF1FA82400005883FF1F842400000883FF1FF8B5EFF3108472B6022825D800EB4005AB00184DEB5803EB4306B500164E75598D421BD34AB103EBF6
:400B800043039E00124B1E44B3689A4214D3954214D3A9B103010F4DEB589BB90301EE180127EF507260013900F086F800200AE0032008E0082006E0082004E0082002E081
:400BC000082000E0072084F31088F8BD0C240000482400009C87FF1F18B108B5C368984708BD704708B508B1406800E00020052816D80C4B53F8203093B10A4A013B42F8E0
:400C00002030094B53F82030032B07D10222064B43F820200022054B43F8202000F084FB08BD00BF5C81FF1F1082FF1F3883FF1F18B1034640689B6801E0002318460528CF
:400C40001DD80F4A52F82020CAB10E4A52F82010032914D010B50C4C54F820201A4344F820200A4A52F82020134207D0012905D10222044B43F8202000F056FB10BD704700
:400C8000542400001082FF1F3883FF1F2083FF1F80B108B50378012B06D013B1032B06D008BDFFF79FFF08BDFFF7C2FF08BDFFF793FF08BD704700BF30B400EB400293003E
:400CC000214AD258214B03EBC2035C68B4F1FF3F04D11E4B03EBC20250602DE01C4B03EB04139B6899420AD2184D05EBC2025060174A02EB04125B1A93601DE01C46144B73
:400D000003EB04139A68891ADB68B3F1FF3F05D00F4A02EB031292689142EFD2B3F1FF3F05D00B4A02EB031295686D1A9560084A02EB0414E0601C46054B03EB0010816077
:400D4000C46030BC704700BF0C2400000C81FF1F9C87FF1F38B5394A02EBC0035C6852F83030013342F8303000EB40018A0034498A58934203D90022304B43F83020B4F1E2
:400D8000FF3F59D02F4B03EB04139B68002B4ED1214600E019462B4B03EB0113DB68B3F1FF3F05D0274A02EB03129268002AF1D0244A02EB01114FF0FF32CA601F4A02EB33
:400DC000C0004360B3F1FF3F07D01E4A02EB03139A68013A9A6000E02C4604EB44029300194A13441B7A7BB904EB44029300164A13445A68154B53F8223003EB83039A004C
:400E000013481044FFF744FF0E4B03EB0413DD68596821B101392046FFF74EFF03E024010022084B1A51B5F1FF3FD5D138BD054A02EB0414013BA36038BD00BF0C81FF1F58
:400E4000482400009C87FF1F0C2400003C240000D023000038B5EFF3108572B6002838D1FFF778FF204B1B68002B34D11F4B1C6800F038FAB0F1FF3F2FD01D4B53F8202019
:400E80001C4B1B689A422AD9B4F1FF3F03D00221194A42F82410194A52F820201343154A13600022144B43F8202000F0D7F9144B53F820304BB10024114B43F8204040F0AD
:400EC000004000F049FF20460AE000F045FF002006E0032004E0002002E0002000E0002085F3108838BD00BF7C83FF1FF481FF1FA82400005883FF1F1082FF1F8424000036
:400F00000883FF1FEFF3108372B6114A1168114A126882B9B1F1FF3F0FD00F4A52F821206AB110B40D4C54F8212022EA000044F82100002007E0022002E0022000E0012088
:400F400083F31088704783F3108810BC704700BFF481FF1F7C83FF1F542400003883FF1F05280FD80B4B53F820306BB10A4B53F82030032B0AD059B1084B53F820300B60DF
:400F8000002070470320704701207047072070470E207047542400001082FF1F3883FF1F38B5EFF3108472B6052853D8324B53F82030002B50D0314B53F82030032B4DD03C
:400FC0002F4D55F820200A4345F820202D4A52F82020114244D0012B44D10222274B43F8202000F0A1F9284B1B68002B3CD1274B1D6800F077F9B0F1FF3F37D0244B53F8B5
:401000002020244B1B689A4232D9B5F1FF3F03D002211A4A42F825101F4A52F8202013431C4A13600022154B43F8202000F016F91A4B53F820304BB10025184B43F820509D
:4010400040F0004000F088FE284612E000F084FE00200EE003200CE001200AE0072008E0002006E0002004E0002002E0002000E0002084F3108838BD542400001082FF1F29
:401080003883FF1F2083FF1F7C83FF1FF481FF1FA82400005883FF1F842400000883FF1F38B5EFF3108472B6364B1D68364B1B68002B5DD1B5F1FF3F5CD0344B53F82530B3
:4010C000002B59D0324B53F82530034256D1314B43F825000122304B43F825202F4B53F825002F490B6823EA00030B602D4B43F825202D4B53F82520224B1A6000F0F2F808
:40110000B0F1FF3F06D0294B53F82020244B1B689A420DD81B4B1868B0F1FF3F03D000221D4B43F8202040F0004000F015FE1AE00021194A42F82010184A52F8202013430E
:40114000174A136000F08AF8164B53F8203043B10022144B43F8202040F0004000F0FCFD01E000F0F9FD00200A4B43F8250006E0022004E0022002E0012000E0002084F3C0
:40118000108838BDF481FF1F7C83FF1F542400003883FF1F2083FF1F1082FF1F842400005883FF1F0883FF1FF881FF1FA824000008B500F053F8084B53F8203043B1002287
:4011C000054B43F8202040F00040044B186008BD024B186008BD00BF0883FF1F8083FF1F10B500F07FF8124B1B68B0F1FF3F1AD0104A52F82010104A1268914213D9B3F135
:40120000FF3F03D002240D4941F8234000210B4B43F820100A4B53F820301A43064B1A60FFF7C6FF10BD43F00043064A136010BDF481FF1FA82400005883FF1F1082FF1FF5
:40124000842400008083FF1F034B1B6813B10022014B1A60704700BF7083FF1FF0B4184B19880B0A174AD356B3F1FF3F01D1535601E008335BB2144D55F82320134850F840
:401280002200134E56F8224045F82340114D2F6846F822702A60B4F1FF3F09D10E4A42F82340012202FA03F321EA0301044B19800A4B19680A4A42F820101860F0BC7047DF
:4012C0005483FF1FC4220000B481FF1F6C87FF1F2C81FF1F5083FF1F7481FF1FF481FF1FF881FF1F0C4B1A88130A0C49CB56B3F1FF3F01D18B5601E008335BB2B3F1FF3F8A
:4013000006D0074A52F82320064B53F8220070474FF0FF30704700BF5483FF1FC4220000B481FF1F6C87FF1F30B4144B53F82020134C2368134951F823502560124C44F872
:4013400023004FF0FF3441F82340104951F82210A1420AD10E4951F820400E480188214301800D4941F8223002E0064840F82130064941F8223030BC704700BF4481FF1F2D
:401380005083FF1F2C81FF1F6C87FF1F7481FF1FA82400005483FF1FB481FF1F0022014B1A60FEE77883FF1F08B5FFF7F7FF00BF08B572B6FFF7F8FF10B150F82100704738
:4013C0004FF0FF30704700BF0122014B1A60FEE77883FF1F70B50546124B53F8306000241CE0104B03EBC50321465868FFF7E4FF0D4A52F82030013B42F820300B4B53F8F1
:401400002030032B07D10222084B43F820200022074B43F82020FFF787FF0134B442E0D370BD00BFC42300005C81FF1F1082FF1F3883FF1F18B908B5FFF7CCFF08BD7047F9
:40144000194B1A4ADA621A4A9A631A4ADA63EFF3108272B6184B1B6813BB10B5044600F053F8164B1C600122134B1A602046FFF7E1FFFFF737FFB0F1FF3F0ED0104B53F829
:401480002030104A11680B43136000220E4B43F82020FFF7E3FE00F05FFC62B6FFF794FF82F31088072070470080FF1F191D0000DD1C0000B90100007883FF1FCC87FF1F93
:4014C000842400005883FF1F1082FF1F08B5EFF3108272B6094B1968094B1B6833B94FF0FF30084B43F82100002000E0022010B9084600F08AFC82F3108808BDF481FF1F79
:401500007C83FF1F1481FF1F38B50D4B1D68EFF3108472B600F0D0FB0A4A136843F07F431360094B6B640221012000F023F9074A136843F00203136084F3108838BD00BFD4
:4015400008ED00E020ED00E0BD03000000E100E00B4A7F2313708021517007E0DA0002F1804202F5F042013BDBB21370002BF5D1DB0003F1804303F5F04300221A70704750
:401580005C82FF1F172815D831B103010A495A5C42F020025A5405E0030107495A5C02F0DF025A540001044A835C43F00103835400207047012070471070004017280CD8D4
:4015C0000001074BC1180A7942F004020A71C25C42F00102C254002070470120704700BF1070004017280BD80001064A835C03F0F103490001F00E01194381540020704768
:40160000012070471070004041F6FF73994201D14FF4005141F6FF739A4201D14FF40052172808D8C00000F1804000F5EC408180C280002070470120704700BF172805D8BE
:40164000034B03EB0010417200207047012070471070004017281BD810B4C00000F1804404F5EC44D201D2B201F07F01114321709DF804201201D2B203F00F03134363703D
:401680009DF8083003F00F03A3700020E07001E00120704710BC704710B500F0D9FB0A4B5B78182B0BD9084A1478013B5370E30003F1804303F5F0431B78137000E0FF2406
:4016C00000F0CAFB204610BD5C82FF1F10F0800F0CD111F4704F0BD1C00000F1804000F5F04001808270C37000207047012070470120704710F0800F08D1C00000F180405E
:4017000000F5F0408180C280002070470120704701BE704708B5034B1B7A00FB03F000F08FFB08BD6482FF1F0E4B1A7802F0FC0200F00300104318701A7842F080021A70D2
:401740001A7802F07F021A7049011A7801F0600102F09F02114319701A7842F010021A70704700BF834300400122014B1A7070478443004038B504460D46072902D90020F4
:40178000FFF7C6FF1F2C02D90020FFF7C1FF04F01F0000F1604000F564406D01EDB2057038BD00BF10B541F6FF734FF480420121022000F061F9084C207041F6FF731A4611
:4017C0000121042000F076F96070044800F090F9002000F093F910BD6083FF1F1119000070B52C4C2078FFF7E9FE6078FFF7E6FE294B1B78FF2B03D1FFF74EFF264B187016
:40180000254D2878062302460421FFF75FFF214E341DA4B2224645F6A0312878FFF76AFF29783078FFF70AFF6B78FF2B02D1FFF733FF6870184D6878072302460421FFF729
:4018400045FF164A92B221466878FFF753FF114C69786078FFF7F2FE01212078FFF792FE01216078FFF78EFE00F0F2FA0C4A137843F02003137000F0EFFA0A4B1A7842F0B1
:4018800001021A701A7842F002021A700122064B1A6070BD6083FF1F7482FF1F589DFF1F9B6400407864004080E200E008B5074B9B6823B9FFF776FF0122044B9A6000F0B4
:4018C000C5F8FFF78DFF024B1B7808BD6083FF1F6865004008B500F0C7F808BD044B1B7803F0FF020BB90028F8D01046704700BF68650040C0F10100034B33F91030034AA9
:401900001088181A00B27047589DFF1F609DFF1F704700BF08B50A280FD00C2802D0082806D102E04FF4805209E04FF4807206E00020FFF7EDFE002201E04FF480620021B0
:40194000094B198042F2107303FB02F303F6C413064A82FB0302DB17C3EBE223044A1360044B198008BD00BF5E9DFF1FAD8BDB68649DFF1F609DFF1F10B500F069FA04462C
:40198000184A137843F0010313701032137843F00103137002F5AA520832137843F0030313701822104B1A70013B1A7842F040021A701A7802F0FC021A70C822053B1A70DA
:4019C0000222A3F597530C3B1A70084A137843F0080313700A20FFF79DFE204600F03CFA10BD00BFAB43004006590040275B004010B504460A280DD00C2802D0082804D147
:401A000001E0C22207E0422205E00020FFF780FEC22200E08222034B1A702046FFF77AFF10BD00BF0259004008B5064A137843F0060313700C20FFF7DBFF0022024B1A8085
:401A400008BD00BF015900405C9DFF1F08B5054B1B7823B9FFF7E8FF0122024B1A70FFF78BFF08BD6C83FF1F024A137843F001031370704700590040F0B583B016461F4612
:401A80000B4C012525700023019300932B460A4601462846FFF7DEFD3A4631462078FFF7B3FD02212078FFF79DFD207803B0F0BD7682FF1FF0B583B016461F460B4D0024E0
:401AC0002C700194009423460A4601462046FFF7C1FD3A4631462878FFF796FD02212878FFF780FD287803B0F0BD00BF7782FF1F014B1B681864704708ED00E04001C0B251
:401B0000014B1870704700BF00E400E0024A137843F08003137070477A640040014B1870704700BF0B640040014B1870704700BF4B640040014B1870704700BF2B64004067
:401B400008B50B4A137803F0C00343F0090313702132137843F001031370FF20FFF7DEFFFF20FFF7E1FF0020FFF7E4FF08BD00BF7A64004008B5054B1B7823B9FFF7E0FFE5
:401B80000122024B1A70FFF7C1FF08BD6D83FF1F044A137803F0BF03800100F0400018431070704700510040024B1878C0F3C000704700BF015100407222084B1A70202235
:401BC00002331A700622A3F25F131A70472210331A70022253331A70704700BF8965004010B500F035F904460A4A137843F0200313700232137843F010031370FC3A137831
:401C000043F01003137000F049F8204600F024F910BD00BF9965004008B5054B1B7823B9FFF7CAFF0122024B1A70FFF7D9FF08BD6E83FF1F084B1B78DBB213F0200F06D01B
:401C4000064A1078C0B213F01E0F02D17047002070470020704700BF6B6500404A650040034B1B7813F0040FFAD1024B187070476F6400404F64004038B5074B1B782BB9EA
:401C800038BDFFF7EDFF0134A4B201E005460024285D0028F5D138BD6E83FF1F054A137843F0040313701032137843F004031370704700BFA243004018484FF47F010268B2
:401CC0000A43026016486FF07F4102680A400260704714484FF080510160704772B611484FF000610160FFF77BFA0F48006800F0D3F858B10C4800684FF080730B4A0C495F
:401D00000FB40FB46FF00600004700BF6FF0060062B6004762B600DF08B0704720ED00E01CED00E004ED00E08083FF1F591D0000151D0000EFF30880054908600548006843
:401D400080F3088870470248006880F3088870477882FF1F4C82FF1F411C8900154A11440968154A136899421AD0F0B444464D4656465F46F0B400B5104C9B002344EFF3F4
:401D800008851D60116089002144096881F3088802BC8E46F0BCA046A946B246BB46F0BC002806DB00B500F06BF802BC8E46FFF7D3BF7047F02400005C83FF1F5082FF1FAA
:401DC000F0B444464D4656465F46F0B400B5EFF3038308B48000174901440968164A0244EFF30883136088471448804704BC4FF08070024382F3038801BC8646F0BCA04607
:401E0000A946B246BB46F0BC704780000A4901440A6882F3088804BC4FF08070024382F3038808BC9E46F0BCA046A946B246BB46F0BC7047C02400008487FF1F611E000083
:401E40000230800803D000BF01380046FCD17047EFF3108072B6704780F31088704700BF08B572B6014B1868FFF7CFFFF481FF1F08B5024B1868FFF7A3FF08BDF481FF1FBF
:401E800008B562B6FFF7F4FF72B600F041F8014B186808BD8083FF1F00280BDA20F000400130054B53F82000044B1B68181A18BF0120704701207047F02400005C83FF1F7C
:401EC000054B53F82020054B53F820309A4201D101207047002070475C81FF1F6C24000008B5FFF7BBF9084B53F8203043B10022054B43F8202040F00040044B186008BD02
:401F0000024B186008BD00BF0883FF1F8083FF1F38B5364B1C680022354B1A60354A52F82430013342F82430334B53F824502046FFF7C6FF012801D0A54204D103222F4BEE
:401F400043F8242003E002222C4B43F824202C4B53F824102B4A136823EA010313602A4B53F82440214B1C60B5F1FF3F0FD0234B53F82530032B07D10222204B43F8252089
:401F80000022224B43F825202846FFF7CDF9FFF7A9F9B0F1FF3F0BD1B4F1FF3F03D00022164B43F8242044F00044194B1C6038BD184B53F82020134B1B689A4208D80022E3
:401FC0000E4B43F8242044F00044114B1C6038BD00210A4A42F82010094A52F820201343084A1360FFF77CFF38BD00BFF481FF1F7083FF1F5C81FF1F1481FF1F1082FF1FC6
:40200000842400005883FF1FF881FF1F3883FF1F8083FF1FA8240000014B1868704700BFDC82FF1F0E4B70B51E460E4C0025E41AA410A54204D056F8253098470135F8E77F
:4020400000F0B4FA084B094C1E46E41AA4100025A54204D056F8253098470135F8E770BDB8250000B8250000B8250000C025000010B5431E0A44914204D011F8014B03F879
:40208000014FF8E710BD03460244934202D003F8011BFAE77047000000000000000000006D01000000000000000000000000000000000000000000000000000000000000D1
:4020C00000000000000000009501000000000000000000000000000000000000000000000000000000000000000000000000000095010000020000000000000001000000B1
:40210000142100000000000000000000000000000000000002000000890100000000000001000000000000000100000040210000000000000000000000000000000000007B
:4021400003000000204F532053687574646F776E2064756520746F207761746368646F67212121002073797374656D20706F7765726564206F6E2064756520746F20504FF1
:40218000574552204F4E2052455345542121000020736F6D656F74686572206B696E64206F66205245534554212100002043686F6F7365207468652074657374636173659B
:4021C00020746F20706572666F726D3A200A00002061202D207761746368646F6720666F7263652073687574646F776E200A00002062202D20616C697665206D6F6E6974E2
:402200006F72696E67206279207465726D696E6174696E6720636F6E74726F6C207461736B200A0020464F52434544205245534554212120207761746368646F67212121F8
:40224000000000002074657374636173652031200A0000002074657374636173652032200A000000B904000001000000010000008D050000F40100001D05000064000000A3
:40228000550400006400000055040000020000000100030000000000305100404000F0510040100000000140001000140140000800400140000A004C014000020050014017
:4022C00020000000FF0001010202020203030303030303030404040404040404040404040404040405050505050505050505050505050505050505050505050505050505D1
:402300000505050506060606060606060606060606060606060606060606060606060606060606060606060606060606060606060606060606060606060606060606060621
:4023400006060606070707070707070707070707070707070707070707070707070707070707070707070707070707070707070707070707070707070707070707070707A1
:40238000070707070707070707070707070707070707070707070707070707070707070707070707070707070707070707070707070707070707070707070707070707075D
:4023C0000707070701000000CC2300000000000001000000020000000400000000000000FFFFFFFF00000000040000000000000000000000FFFFFFFF0000000005000000C9
:402400000000000000000000FFFFFFFF000000000000000000000000000000000100000000000000000000000200000000000000000000000100000002000000000000009A
:40244000010000000200000010270000010000000000000000000000000000000100000001000000000000000000000001000000010000000100000001000000010000001A
:402480000100000080000000010000001000000004000000200000000200000001000000020000000400000001000000010000001000000004000000200000000200000025
:4024C000D90200007D0200005D06000021060000B50600006D030000711E0000711E0000711E0000711E0000711E0000711E00000000000000000000000000000100000072
:40250000020000000000000000000000616C61726D5F31306D730000616C61726D5F316D73000000616C61726D5F32356D73000065765F6A6F79737469636B5F6F6E446131
:402540007461000065765F73706565645F6F6E446174610065765F31306D730074736B5F696E69740000000074736B5F6261636B67726F756E64000074736B5F696F00004B
:4025800074736B5F636F6E74726F6C0074736B5F73797374656D000074736B5F74657374636173650000000043000000F8B500BFF8BC08BC9E4670474D000000050A0000E8
:4025C000F8B500BFF8BC08BC9E46704729000000E0250000C880FF1F18020000881A0000000000000000000000000000182100000000000000000000EC20000000000000C7
:4026000000000000C420000000000000000000009C200000200000000C250000182500002425000000000000FFFFFFFFFFFFFFFFFFFFFFFFFFFFFFFFFFFFFFFFFFFFFFFF3B
:40264000FFFFFFFF0100000002000000030000000400000005000000FFFFFFFF00000000000000000400000002000000050000000100000001000000010000000100000044
:40268000010000000100000001000000FFFFFFFFFFFFFFFFFFFFFFFFFFFFFFFFFFFFFFFFFFFFFFFFFFFFFFFFFFFFFFFFFFFFFFFFFFFFFFFFFFFFFFFFFFFFFFFFFFFFFFFF4B
:4026C000FFFFFFFFFFFFFFFFFFFFFFFFFFFFFFFFFFFFFFFFFFFFFFFFFFFFFFFFFFFFFFFFFFFFFFFFFFFFFFFFFFFFFFFFFFFFFFFFFFFFFFFFFFFFFFFFFFFFFFFFFFFFFFFF1A
:40270000FFFFFFFFFFFFFFFFFFFFFFFFFFFFFFFFFFFFFFFFFFFFFFFFFFFFFFFFFFFFFFFFFFFFFFFFFFFFFFFF030000000300000003000000030000000300000003000000AF
:402740003025000044250000542500005C2500006825000078250000802500008C25000098250000589DFF1F000000004487FF1F309BFF1F7F800000030000000000E02E6F
:40278000C05D00001800000000366E01FFFFFFFF000000000000000000000000000000000000000000000000000000000000000000000000A8250000000000000000000076
:4027C000000000000000000000000000000000000000000000000000000000000000000000000000000000000000000000000000000000007C82FF1F0000000000000000BD
:402800000000000000000000000000000000000000000000000000000000000000000000000000000000000000000000000000000000000000000000000000000000000098
:402840000000000000000000000000000000000000000000000000000000000000000000000000000000000000000000000000000000000000000000000000000000000058
:402880000000000000000000000000000000000000000000000000000000000000000000000000000000000000000000000000000000000000000000000000000000000018
:4028C00000000000000000000000000000000000000000000000000000000000000000000000000000000000000000000000000000000000000000000000000000000000D8
:402900000000000000000000000000000000000000000000000000000000000000000000000000000000000000000000000000000000000000000000000000000000000097
:402940000000000000000000000000000000000000000000000000000000000000000000000000000000000000000000000000000000000000000000000000000000000057
:402980000000000000000000000000000000000000000000000000000000000000000000000000000000000000000000000000000000000000000000000000000000000017
:4029C00000000000000000000000000000000000000000000000000000000000000000000000000000000000000000000000000000000000000000000000000000000000D7
:402A00000000000000000000000000000000000000000000000000000000000000000000000000000000000000000000000000000000000000000000000000000000000096
:402A40000000000000000000000000000000000000000000000000000000000000000000000000000000000000000000000000000000000000000000000000000000000056
:402A80000000000000000000000000000000000000000000000000000000000000000000000000000000000000000000000000000000000000000000000000000000000016
:402AC00000000000000000000000000000000000000000000000000000000000000000000000000000000000000000000000000000000000000000000000000000000000D6
:402B00000000000000000000000000000000000000000000000000000000000000000000000000000000000000000000000000000000000000000000000000000000000095
:402B40000000000000000000000000000000000000000000000000000000000000000000000000000000000000000000000000000000000000000000000000000000000055
:402B80000000000000000000000000000000000000000000000000000000000000000000000000000000000000000000000000000000000000000000000000000000000015
:402BC00000000000000000000000000000000000000000000000000000000000000000000000000000000000000000000000000000000000000000000000000000000000D5
:402C00000000000000000000000000000000000000000000000000000000000000000000000000000000000000000000000000000000000000000000000000000000000094
:402C40000000000000000000000000000000000000000000000000000000000000000000000000000000000000000000000000000000000000000000000000000000000054
:402C80000000000000000000000000000000000000000000000000000000000000000000000000000000000000000000000000000000000000000000000000000000000014
:402CC00000000000000000000000000000000000000000000000000000000000000000000000000000000000000000000000000000000000000000000000000000000000D4
:402D00000000000000000000000000000000000000000000000000000000000000000000000000000000000000000000000000000000000000000000000000000000000093
:402D40000000000000000000000000000000000000000000000000000000000000000000000000000000000000000000000000000000000000000000000000000000000053
:402D80000000000000000000000000000000000000000000000000000000000000000000000000000000000000000000000000000000000000000000000000000000000013
:402DC00000000000000000000000000000000000000000000000000000000000000000000000000000000000000000000000000000000000000000000000000000000000D3
:402E00000000000000000000000000000000000000000000000000000000000000000000000000000000000000000000000000000000000000000000000000000000000092
:402E40000000000000000000000000000000000000000000000000000000000000000000000000000000000000000000000000000000000000000000000000000000000052
:402E80000000000000000000000000000000000000000000000000000000000000000000000000000000000000000000000000000000000000000000000000000000000012
:402EC00000000000000000000000000000000000000000000000000000000000000000000000000000000000000000000000000000000000000000000000000000000000D2
:402F00000000000000000000000000000000000000000000000000000000000000000000000000000000000000000000000000000000000000000000000000000000000091
:402F40000000000000000000000000000000000000000000000000000000000000000000000000000000000000000000000000000000000000000000000000000000000051
:402F80000000000000000000000000000000000000000000000000000000000000000000000000000000000000000000000000000000000000000000000000000000000011
:402FC00000000000000000000000000000000000000000000000000000000000000000000000000000000000000000000000000000000000000000000000000000000000D1
:403000000000000000000000000000000000000000000000000000000000000000000000000000000000000000000000000000000000000000000000000000000000000090
:403040000000000000000000000000000000000000000000000000000000000000000000000000000000000000000000000000000000000000000000000000000000000050
:403080000000000000000000000000000000000000000000000000000000000000000000000000000000000000000000000000000000000000000000000000000000000010
:4030C00000000000000000000000000000000000000000000000000000000000000000000000000000000000000000000000000000000000000000000000000000000000D0
:40310000000000000000000000000000000000000000000000000000000000000000000000000000000000000000000000000000000000000000000000000000000000008F
:40314000000000000000000000000000000000000000000000000000000000000000000000000000000000000000000000000000000000000000000000000000000000004F
:40318000000000000000000000000000000000000000000000000000000000000000000000000000000000000000000000000000000000000000000000000000000000000F
:4031C00000000000000000000000000000000000000000000000000000000000000000000000000000000000000000000000000000000000000000000000000000000000CF
:40320000000000000000000000000000000000000000000000000000000000000000000000000000000000000000000000000000000000000000000000000000000000008E
:40324000000000000000000000000000000000000000000000000000000000000000000000000000000000000000000000000000000000000000000000000000000000004E
:40328000000000000000000000000000000000000000000000000000000000000000000000000000000000000000000000000000000000000000000000000000000000000E
:4032C00000000000000000000000000000000000000000000000000000000000000000000000000000000000000000000000000000000000000000000000000000000000CE
:40330000000000000000000000000000000000000000000000000000000000000000000000000000000000000000000000000000000000000000000000000000000000008D
:40334000000000000000000000000000000000000000000000000000000000000000000000000000000000000000000000000000000000000000000000000000000000004D
:40338000000000000000000000000000000000000000000000000000000000000000000000000000000000000000000000000000000000000000000000000000000000000D
:4033C00000000000000000000000000000000000000000000000000000000000000000000000000000000000000000000000000000000000000000000000000000000000CD
:40340000000000000000000000000000000000000000000000000000000000000000000000000000000000000000000000000000000000000000000000000000000000008C
:40344000000000000000000000000000000000000000000000000000000000000000000000000000000000000000000000000000000000000000000000000000000000004C
:40348000000000000000000000000000000000000000000000000000000000000000000000000000000000000000000000000000000000000000000000000000000000000C
:4034C00000000000000000000000000000000000000000000000000000000000000000000000000000000000000000000000000000000000000000000000000000000000CC
:40350000000000000000000000000000000000000000000000000000000000000000000000000000000000000000000000000000000000000000000000000000000000008B
:40354000000000000000000000000000000000000000000000000000000000000000000000000000000000000000000000000000000000000000000000000000000000004B
:40358000000000000000000000000000000000000000000000000000000000000000000000000000000000000000000000000000000000000000000000000000000000000B
:4035C00000000000000000000000000000000000000000000000000000000000000000000000000000000000000000000000000000000000000000000000000000000000CB
:40360000000000000000000000000000000000000000000000000000000000000000000000000000000000000000000000000000000000000000000000000000000000008A
:40364000000000000000000000000000000000000000000000000000000000000000000000000000000000000000000000000000000000000000000000000000000000004A
:40368000000000000000000000000000000000000000000000000000000000000000000000000000000000000000000000000000000000000000000000000000000000000A
:4036C00000000000000000000000000000000000000000000000000000000000000000000000000000000000000000000000000000000000000000000000000000000000CA
:403700000000000000000000000000000000000000000000000000000000000000000000000000000000000000000000000000000000000000000000000000000000000089
:403740000000000000000000000000000000000000000000000000000000000000000000000000000000000000000000000000000000000000000000000000000000000049
:403780000000000000000000000000000000000000000000000000000000000000000000000000000000000000000000000000000000000000000000000000000000000009
:4037C00000000000000000000000000000000000000000000000000000000000000000000000000000000000000000000000000000000000000000000000000000000000C9
:403800000000000000000000000000000000000000000000000000000000000000000000000000000000000000000000000000000000000000000000000000000000000088
:403840000000000000000000000000000000000000000000000000000000000000000000000000000000000000000000000000000000000000000000000000000000000048
:403880000000000000000000000000000000000000000000000000000000000000000000000000000000000000000000000000000000000000000000000000000000000008
:4038C00000000000000000000000000000000000000000000000000000000000000000000000000000000000000000000000000000000000000000000000000000000000C8
:403900000000000000000000000000000000000000000000000000000000000000000000000000000000000000000000000000000000000000000000000000000000000087
:403940000000000000000000000000000000000000000000000000000000000000000000000000000000000000000000000000000000000000000000000000000000000047
:403980000000000000000000000000000000000000000000000000000000000000000000000000000000000000000000000000000000000000000000000000000000000007
:4039C00000000000000000000000000000000000000000000000000000000000000000000000000000000000000000000000000000000000000000000000000000000000C7
:403A00000000000000000000000000000000000000000000000000000000000000000000000000000000000000000000000000000000000000000000000000000000000086
:403A40000000000000000000000000000000000000000000000000000000000000000000000000000000000000000000000000000000000000000000000000000000000046
:403A80000000000000000000000000000000000000000000000000000000000000000000000000000000000000000000000000000000000000000000000000000000000006
:403AC00000000000000000000000000000000000000000000000000000000000000000000000000000000000000000000000000000000000000000000000000000000000C6
:403B00000000000000000000000000000000000000000000000000000000000000000000000000000000000000000000000000000000000000000000000000000000000085
:403B40000000000000000000000000000000000000000000000000000000000000000000000000000000000000000000000000000000000000000000000000000000000045
:403B80000000000000000000000000000000000000000000000000000000000000000000000000000000000000000000000000000000000000000000000000000000000005
:403BC00000000000000000000000000000000000000000000000000000000000000000000000000000000000000000000000000000000000000000000000000000000000C5
:403C00000000000000000000000000000000000000000000000000000000000000000000000000000000000000000000000000000000000000000000000000000000000084
:403C40000000000000000000000000000000000000000000000000000000000000000000000000000000000000000000000000000000000000000000000000000000000044
:403C80000000000000000000000000000000000000000000000000000000000000000000000000000000000000000000000000000000000000000000000000000000000004
:403CC00000000000000000000000000000000000000000000000000000000000000000000000000000000000000000000000000000000000000000000000000000000000C4
:403D00000000000000000000000000000000000000000000000000000000000000000000000000000000000000000000000000000000000000000000000000000000000083
:403D40000000000000000000000000000000000000000000000000000000000000000000000000000000000000000000000000000000000000000000000000000000000043
:403D80000000000000000000000000000000000000000000000000000000000000000000000000000000000000000000000000000000000000000000000000000000000003
:403DC00000000000000000000000000000000000000000000000000000000000000000000000000000000000000000000000000000000000000000000000000000000000C3
:403E00000000000000000000000000000000000000000000000000000000000000000000000000000000000000000000000000000000000000000000000000000000000082
:403E40000000000000000000000000000000000000000000000000000000000000000000000000000000000000000000000000000000000000000000000000000000000042
:403E80000000000000000000000000000000000000000000000000000000000000000000000000000000000000000000000000000000000000000000000000000000000002
:403EC00000000000000000000000000000000000000000000000000000000000000000000000000000000000000000000000000000000000000000000000000000000000C2
:403F00000000000000000000000000000000000000000000000000000000000000000000000000000000000000000000000000000000000000000000000000000000000081
:403F40000000000000000000000000000000000000000000000000000000000000000000000000000000000000000000000000000000000000000000000000000000000041
:403F80000000000000000000000000000000000000000000000000000000000000000000000000000000000000000000000000000000000000000000000000000000000001
:403FC00000000000000000000000000000000000000000000000000000000000000000000000000000000000000000000000000000000000000000000000000000000000C1
:404000000000000000000000000000000000000000000000000000000000000000000000000000000000000000000000000000000000000000000000000000000000000080
:404040000000000000000000000000000000000000000000000000000000000000000000000000000000000000000000000000000000000000000000000000000000000040
:404080000000000000000000000000000000000000000000000000000000000000000000000000000000000000000000000000000000000000000000000000000000000000
:4040C00000000000000000000000000000000000000000000000000000000000000000000000000000000000000000000000000000000000000000000000000000000000C0
:40410000000000000000000000000000000000000000000000000000000000000000000000000000000000000000000000000000000000000000000000000000000000007F
:40414000000000000000000000000000000000000000000000000000000000000000000000000000000000000000000000000000000000000000000000000000000000003F
:4041800000000000000000000000000000000000000000000000000000000000000000000000000000000000000000000000000000000000000000000000000000000000FF
:4041C00000000000000000000000000000000000000000000000000000000000000000000000000000000000000000000000000000000000000000000000000000000000BF
:40420000000000000000000000000000000000000000000000000000000000000000000000000000000000000000000000000000000000000000000000000000000000007E
:40424000000000000000000000000000000000000000000000000000000000000000000000000000000000000000000000000000000000000000000000000000000000003E
:4042800000000000000000000000000000000000000000000000000000000000000000000000000000000000000000000000000000000000000000000000000000000000FE
:4042C00000000000000000000000000000000000000000000000000000000000000000000000000000000000000000000000000000000000000000000000000000000000BE
:40430000000000000000000000000000000000000000000000000000000000000000000000000000000000000000000000000000000000000000000000000000000000007D
:40434000000000000000000000000000000000000000000000000000000000000000000000000000000000000000000000000000000000000000000000000000000000003D
:4043800000000000000000000000000000000000000000000000000000000000000000000000000000000000000000000000000000000000000000000000000000000000FD
:4043C00000000000000000000000000000000000000000000000000000000000000000000000000000000000000000000000000000000000000000000000000000000000BD
:40440000000000000000000000000000000000000000000000000000000000000000000000000000000000000000000000000000000000000000000000000000000000007C
:40444000000000000000000000000000000000000000000000000000000000000000000000000000000000000000000000000000000000000000000000000000000000003C
:4044800000000000000000000000000000000000000000000000000000000000000000000000000000000000000000000000000000000000000000000000000000000000FC
:4044C00000000000000000000000000000000000000000000000000000000000000000000000000000000000000000000000000000000000000000000000000000000000BC
:40450000000000000000000000000000000000000000000000000000000000000000000000000000000000000000000000000000000000000000000000000000000000007B
:40454000000000000000000000000000000000000000000000000000000000000000000000000000000000000000000000000000000000000000000000000000000000003B
:4045800000000000000000000000000000000000000000000000000000000000000000000000000000000000000000000000000000000000000000000000000000000000FB
:4045C00000000000000000000000000000000000000000000000000000000000000000000000000000000000000000000000000000000000000000000000000000000000BB
:40460000000000000000000000000000000000000000000000000000000000000000000000000000000000000000000000000000000000000000000000000000000000007A
:40464000000000000000000000000000000000000000000000000000000000000000000000000000000000000000000000000000000000000000000000000000000000003A
:4046800000000000000000000000000000000000000000000000000000000000000000000000000000000000000000000000000000000000000000000000000000000000FA
:4046C00000000000000000000000000000000000000000000000000000000000000000000000000000000000000000000000000000000000000000000000000000000000BA
:404700000000000000000000000000000000000000000000000000000000000000000000000000000000000000000000000000000000000000000000000000000000000079
:404740000000000000000000000000000000000000000000000000000000000000000000000000000000000000000000000000000000000000000000000000000000000039
:4047800000000000000000000000000000000000000000000000000000000000000000000000000000000000000000000000000000000000000000000000000000000000F9
:4047C00000000000000000000000000000000000000000000000000000000000000000000000000000000000000000000000000000000000000000000000000000000000B9
:404800000000000000000000000000000000000000000000000000000000000000000000000000000000000000000000000000000000000000000000000000000000000078
:404840000000000000000000000000000000000000000000000000000000000000000000000000000000000000000000000000000000000000000000000000000000000038
:4048800000000000000000000000000000000000000000000000000000000000000000000000000000000000000000000000000000000000000000000000000000000000F8
:4048C00000000000000000000000000000000000000000000000000000000000000000000000000000000000000000000000000000000000000000000000000000000000B8
:404900000000000000000000000000000000000000000000000000000000000000000000000000000000000000000000000000000000000000000000000000000000000077
:404940000000000000000000000000000000000000000000000000000000000000000000000000000000000000000000000000000000000000000000000000000000000037
:4049800000000000000000000000000000000000000000000000000000000000000000000000000000000000000000000000000000000000000000000000000000000000F7
:4049C00000000000000000000000000000000000000000000000000000000000000000000000000000000000000000000000000000000000000000000000000000000000B7
:404A00000000000000000000000000000000000000000000000000000000000000000000000000000000000000000000000000000000000000000000000000000000000076
:404A40000000000000000000000000000000000000000000000000000000000000000000000000000000000000000000000000000000000000000000000000000000000036
:404A800000000000000000000000000000000000000000000000000000000000000000000000000000000000000000000000000000000000000000000000000000000000F6
:404AC00000000000000000000000000000000000000000000000000000000000000000000000000000000000000000000000000000000000000000000000000000000000B6
:404B00000000000000000000000000000000000000000000000000000000000000000000000000000000000000000000000000000000000000000000000000000000000075
:404B40000000000000000000000000000000000000000000000000000000000000000000000000000000000000000000000000000000000000000000000000000000000035
:404B800000000000000000000000000000000000000000000000000000000000000000000000000000000000000000000000000000000000000000000000000000000000F5
:404BC00000000000000000000000000000000000000000000000000000000000000000000000000000000000000000000000000000000000000000000000000000000000B5
:404C00000000000000000000000000000000000000000000000000000000000000000000000000000000000000000000000000000000000000000000000000000000000074
:404C40000000000000000000000000000000000000000000000000000000000000000000000000000000000000000000000000000000000000000000000000000000000034
:404C800000000000000000000000000000000000000000000000000000000000000000000000000000000000000000000000000000000000000000000000000000000000F4
:404CC00000000000000000000000000000000000000000000000000000000000000000000000000000000000000000000000000000000000000000000000000000000000B4
:404D00000000000000000000000000000000000000000000000000000000000000000000000000000000000000000000000000000000000000000000000000000000000073
:404D40000000000000000000000000000000000000000000000000000000000000000000000000000000000000000000000000000000000000000000000000000000000033
:404D800000000000000000000000000000000000000000000000000000000000000000000000000000000000000000000000000000000000000000000000000000000000F3
:404DC00000000000000000000000000000000000000000000000000000000000000000000000000000000000000000000000000000000000000000000000000000000000B3
:404E00000000000000000000000000000000000000000000000000000000000000000000000000000000000000000000000000000000000000000000000000000000000072
:404E40000000000000000000000000000000000000000000000000000000000000000000000000000000000000000000000000000000000000000000000000000000000032
:404E800000000000000000000000000000000000000000000000000000000000000000000000000000000000000000000000000000000000000000000000000000000000F2
:404EC00000000000000000000000000000000000000000000000000000000000000000000000000000000000000000000000000000000000000000000000000000000000B2
:404F00000000000000000000000000000000000000000000000000000000000000000000000000000000000000000000000000000000000000000000000000000000000071
:404F40000000000000000000000000000000000000000000000000000000000000000000000000000000000000000000000000000000000000000000000000000000000031
:404F800000000000000000000000000000000000000000000000000000000000000000000000000000000000000000000000000000000000000000000000000000000000F1
:404FC00000000000000000000000000000000000000000000000000000000000000000000000000000000000000000000000000000000000000000000000000000000000B1
:405000000000000000000000000000000000000000000000000000000000000000000000000000000000000000000000000000000000000000000000000000000000000070
:405040000000000000000000000000000000000000000000000000000000000000000000000000000000000000000000000000000000000000000000000000000000000030
:4050800000000000000000000000000000000000000000000000000000000000000000000000000000000000000000000000000000000000000000000000000000000000F0
:4050C00000000000000000000000000000000000000000000000000000000000000000000000000000000000000000000000000000000000000000000000000000000000B0
:40510000000000000000000000000000000000000000000000000000000000000000000000000000000000000000000000000000000000000000000000000000000000006F
:40514000000000000000000000000000000000000000000000000000000000000000000000000000000000000000000000000000000000000000000000000000000000002F
:4051800000000000000000000000000000000000000000000000000000000000000000000000000000000000000000000000000000000000000000000000000000000000EF
:4051C00000000000000000000000000000000000000000000000000000000000000000000000000000000000000000000000000000000000000000000000000000000000AF
:40520000000000000000000000000000000000000000000000000000000000000000000000000000000000000000000000000000000000000000000000000000000000006E
:40524000000000000000000000000000000000000000000000000000000000000000000000000000000000000000000000000000000000000000000000000000000000002E
:4052800000000000000000000000000000000000000000000000000000000000000000000000000000000000000000000000000000000000000000000000000000000000EE
:4052C00000000000000000000000000000000000000000000000000000000000000000000000000000000000000000000000000000000000000000000000000000000000AE
:40530000000000000000000000000000000000000000000000000000000000000000000000000000000000000000000000000000000000000000000000000000000000006D
:40534000000000000000000000000000000000000000000000000000000000000000000000000000000000000000000000000000000000000000000000000000000000002D
:4053800000000000000000000000000000000000000000000000000000000000000000000000000000000000000000000000000000000000000000000000000000000000ED
:4053C00000000000000000000000000000000000000000000000000000000000000000000000000000000000000000000000000000000000000000000000000000000000AD
:40540000000000000000000000000000000000000000000000000000000000000000000000000000000000000000000000000000000000000000000000000000000000006C
:40544000000000000000000000000000000000000000000000000000000000000000000000000000000000000000000000000000000000000000000000000000000000002C
:4054800000000000000000000000000000000000000000000000000000000000000000000000000000000000000000000000000000000000000000000000000000000000EC
:4054C00000000000000000000000000000000000000000000000000000000000000000000000000000000000000000000000000000000000000000000000000000000000AC
:40550000000000000000000000000000000000000000000000000000000000000000000000000000000000000000000000000000000000000000000000000000000000006B
:40554000000000000000000000000000000000000000000000000000000000000000000000000000000000000000000000000000000000000000000000000000000000002B
:4055800000000000000000000000000000000000000000000000000000000000000000000000000000000000000000000000000000000000000000000000000000000000EB
:4055C00000000000000000000000000000000000000000000000000000000000000000000000000000000000000000000000000000000000000000000000000000000000AB
:40560000000000000000000000000000000000000000000000000000000000000000000000000000000000000000000000000000000000000000000000000000000000006A
:40564000000000000000000000000000000000000000000000000000000000000000000000000000000000000000000000000000000000000000000000000000000000002A
:4056800000000000000000000000000000000000000000000000000000000000000000000000000000000000000000000000000000000000000000000000000000000000EA
:4056C00000000000000000000000000000000000000000000000000000000000000000000000000000000000000000000000000000000000000000000000000000000000AA
:405700000000000000000000000000000000000000000000000000000000000000000000000000000000000000000000000000000000000000000000000000000000000069
:405740000000000000000000000000000000000000000000000000000000000000000000000000000000000000000000000000000000000000000000000000000000000029
:4057800000000000000000000000000000000000000000000000000000000000000000000000000000000000000000000000000000000000000000000000000000000000E9
:4057C00000000000000000000000000000000000000000000000000000000000000000000000000000000000000000000000000000000000000000000000000000000000A9
:405800000000000000000000000000000000000000000000000000000000000000000000000000000000000000000000000000000000000000000000000000000000000068
:405840000000000000000000000000000000000000000000000000000000000000000000000000000000000000000000000000000000000000000000000000000000000028
:4058800000000000000000000000000000000000000000000000000000000000000000000000000000000000000000000000000000000000000000000000000000000000E8
:4058C00000000000000000000000000000000000000000000000000000000000000000000000000000000000000000000000000000000000000000000000000000000000A8
:405900000000000000000000000000000000000000000000000000000000000000000000000000000000000000000000000000000000000000000000000000000000000067
:405940000000000000000000000000000000000000000000000000000000000000000000000000000000000000000000000000000000000000000000000000000000000027
:4059800000000000000000000000000000000000000000000000000000000000000000000000000000000000000000000000000000000000000000000000000000000000E7
:4059C00000000000000000000000000000000000000000000000000000000000000000000000000000000000000000000000000000000000000000000000000000000000A7
:405A00000000000000000000000000000000000000000000000000000000000000000000000000000000000000000000000000000000000000000000000000000000000066
:405A40000000000000000000000000000000000000000000000000000000000000000000000000000000000000000000000000000000000000000000000000000000000026
:405A800000000000000000000000000000000000000000000000000000000000000000000000000000000000000000000000000000000000000000000000000000000000E6
:405AC00000000000000000000000000000000000000000000000000000000000000000000000000000000000000000000000000000000000000000000000000000000000A6
:405B00000000000000000000000000000000000000000000000000000000000000000000000000000000000000000000000000000000000000000000000000000000000065
:405B40000000000000000000000000000000000000000000000000000000000000000000000000000000000000000000000000000000000000000000000000000000000025
:405B800000000000000000000000000000000000000000000000000000000000000000000000000000000000000000000000000000000000000000000000000000000000E5
:405BC00000000000000000000000000000000000000000000000000000000000000000000000000000000000000000000000000000000000000000000000000000000000A5
:405C00000000000000000000000000000000000000000000000000000000000000000000000000000000000000000000000000000000000000000000000000000000000064
:405C40000000000000000000000000000000000000000000000000000000000000000000000000000000000000000000000000000000000000000000000000000000000024
:405C800000000000000000000000000000000000000000000000000000000000000000000000000000000000000000000000000000000000000000000000000000000000E4
:405CC00000000000000000000000000000000000000000000000000000000000000000000000000000000000000000000000000000000000000000000000000000000000A4
:405D00000000000000000000000000000000000000000000000000000000000000000000000000000000000000000000000000000000000000000000000000000000000063
:405D40000000000000000000000000000000000000000000000000000000000000000000000000000000000000000000000000000000000000000000000000000000000023
:405D800000000000000000000000000000000000000000000000000000000000000000000000000000000000000000000000000000000000000000000000000000000000E3
:405DC00000000000000000000000000000000000000000000000000000000000000000000000000000000000000000000000000000000000000000000000000000000000A3
:405E00000000000000000000000000000000000000000000000000000000000000000000000000000000000000000000000000000000000000000000000000000000000062
:405E40000000000000000000000000000000000000000000000000000000000000000000000000000000000000000000000000000000000000000000000000000000000022
:405E800000000000000000000000000000000000000000000000000000000000000000000000000000000000000000000000000000000000000000000000000000000000E2
:405EC00000000000000000000000000000000000000000000000000000000000000000000000000000000000000000000000000000000000000000000000000000000000A2
:405F00000000000000000000000000000000000000000000000000000000000000000000000000000000000000000000000000000000000000000000000000000000000061
:405F40000000000000000000000000000000000000000000000000000000000000000000000000000000000000000000000000000000000000000000000000000000000021
:405F800000000000000000000000000000000000000000000000000000000000000000000000000000000000000000000000000000000000000000000000000000000000E1
:405FC00000000000000000000000000000000000000000000000000000000000000000000000000000000000000000000000000000000000000000000000000000000000A1
:406000000000000000000000000000000000000000000000000000000000000000000000000000000000000000000000000000000000000000000000000000000000000060
:406040000000000000000000000000000000000000000000000000000000000000000000000000000000000000000000000000000000000000000000000000000000000020
:4060800000000000000000000000000000000000000000000000000000000000000000000000000000000000000000000000000000000000000000000000000000000000E0
:4060C00000000000000000000000000000000000000000000000000000000000000000000000000000000000000000000000000000000000000000000000000000000000A0
:40610000000000000000000000000000000000000000000000000000000000000000000000000000000000000000000000000000000000000000000000000000000000005F
:40614000000000000000000000000000000000000000000000000000000000000000000000000000000000000000000000000000000000000000000000000000000000001F
:4061800000000000000000000000000000000000000000000000000000000000000000000000000000000000000000000000000000000000000000000000000000000000DF
:4061C000000000000000000000000000000000000000000000000000000000000000000000000000000000000000000000000000000000000000000000000000000000009F
:40620000000000000000000000000000000000000000000000000000000000000000000000000000000000000000000000000000000000000000000000000000000000005E
:40624000000000000000000000000000000000000000000000000000000000000000000000000000000000000000000000000000000000000000000000000000000000001E
:4062800000000000000000000000000000000000000000000000000000000000000000000000000000000000000000000000000000000000000000000000000000000000DE
:4062C000000000000000000000000000000000000000000000000000000000000000000000000000000000000000000000000000000000000000000000000000000000009E
:40630000000000000000000000000000000000000000000000000000000000000000000000000000000000000000000000000000000000000000000000000000000000005D
:40634000000000000000000000000000000000000000000000000000000000000000000000000000000000000000000000000000000000000000000000000000000000001D
:4063800000000000000000000000000000000000000000000000000000000000000000000000000000000000000000000000000000000000000000000000000000000000DD
:4063C000000000000000000000000000000000000000000000000000000000000000000000000000000000000000000000000000000000000000000000000000000000009D
:40640000000000000000000000000000000000000000000000000000000000000000000000000000000000000000000000000000000000000000000000000000000000005C
:40644000000000000000000000000000000000000000000000000000000000000000000000000000000000000000000000000000000000000000000000000000000000001C
:4064800000000000000000000000000000000000000000000000000000000000000000000000000000000000000000000000000000000000000000000000000000000000DC
:4064C000000000000000000000000000000000000000000000000000000000000000000000000000000000000000000000000000000000000000000000000000000000009C
:40650000000000000000000000000000000000000000000000000000000000000000000000000000000000000000000000000000000000000000000000000000000000005B
:40654000000000000000000000000000000000000000000000000000000000000000000000000000000000000000000000000000000000000000000000000000000000001B
:4065800000000000000000000000000000000000000000000000000000000000000000000000000000000000000000000000000000000000000000000000000000000000DB
:4065C000000000000000000000000000000000000000000000000000000000000000000000000000000000000000000000000000000000000000000000000000000000009B
:40660000000000000000000000000000000000000000000000000000000000000000000000000000000000000000000000000000000000000000000000000000000000005A
:40664000000000000000000000000000000000000000000000000000000000000000000000000000000000000000000000000000000000000000000000000000000000001A
:4066800000000000000000000000000000000000000000000000000000000000000000000000000000000000000000000000000000000000000000000000000000000000DA
:4066C000000000000000000000000000000000000000000000000000000000000000000000000000000000000000000000000000000000000000000000000000000000009A
:406700000000000000000000000000000000000000000000000000000000000000000000000000000000000000000000000000000000000000000000000000000000000059
:406740000000000000000000000000000000000000000000000000000000000000000000000000000000000000000000000000000000000000000000000000000000000019
:4067800000000000000000000000000000000000000000000000000000000000000000000000000000000000000000000000000000000000000000000000000000000000D9
:4067C0000000000000000000000000000000000000000000000000000000000000000000000000000000000000000000000000000000000000000000000000000000000099
:406800000000000000000000000000000000000000000000000000000000000000000000000000000000000000000000000000000000000000000000000000000000000058
:406840000000000000000000000000000000000000000000000000000000000000000000000000000000000000000000000000000000000000000000000000000000000018
:4068800000000000000000000000000000000000000000000000000000000000000000000000000000000000000000000000000000000000000000000000000000000000D8
:4068C0000000000000000000000000000000000000000000000000000000000000000000000000000000000000000000000000000000000000000000000000000000000098
:406900000000000000000000000000000000000000000000000000000000000000000000000000000000000000000000000000000000000000000000000000000000000057
:406940000000000000000000000000000000000000000000000000000000000000000000000000000000000000000000000000000000000000000000000000000000000017
:4069800000000000000000000000000000000000000000000000000000000000000000000000000000000000000000000000000000000000000000000000000000000000D7
:4069C0000000000000000000000000000000000000000000000000000000000000000000000000000000000000000000000000000000000000000000000000000000000097
:406A00000000000000000000000000000000000000000000000000000000000000000000000000000000000000000000000000000000000000000000000000000000000056
:406A40000000000000000000000000000000000000000000000000000000000000000000000000000000000000000000000000000000000000000000000000000000000016
:406A800000000000000000000000000000000000000000000000000000000000000000000000000000000000000000000000000000000000000000000000000000000000D6
:406AC0000000000000000000000000000000000000000000000000000000000000000000000000000000000000000000000000000000000000000000000000000000000096
:406B00000000000000000000000000000000000000000000000000000000000000000000000000000000000000000000000000000000000000000000000000000000000055
:406B40000000000000000000000000000000000000000000000000000000000000000000000000000000000000000000000000000000000000000000000000000000000015
:406B800000000000000000000000000000000000000000000000000000000000000000000000000000000000000000000000000000000000000000000000000000000000D5
:406BC0000000000000000000000000000000000000000000000000000000000000000000000000000000000000000000000000000000000000000000000000000000000095
:406C00000000000000000000000000000000000000000000000000000000000000000000000000000000000000000000000000000000000000000000000000000000000054
:406C40000000000000000000000000000000000000000000000000000000000000000000000000000000000000000000000000000000000000000000000000000000000014
:406C800000000000000000000000000000000000000000000000000000000000000000000000000000000000000000000000000000000000000000000000000000000000D4
:406CC0000000000000000000000000000000000000000000000000000000000000000000000000000000000000000000000000000000000000000000000000000000000094
:406D00000000000000000000000000000000000000000000000000000000000000000000000000000000000000000000000000000000000000000000000000000000000053
:406D40000000000000000000000000000000000000000000000000000000000000000000000000000000000000000000000000000000000000000000000000000000000013
:406D800000000000000000000000000000000000000000000000000000000000000000000000000000000000000000000000000000000000000000000000000000000000D3
:406DC0000000000000000000000000000000000000000000000000000000000000000000000000000000000000000000000000000000000000000000000000000000000093
:406E00000000000000000000000000000000000000000000000000000000000000000000000000000000000000000000000000000000000000000000000000000000000052
:406E40000000000000000000000000000000000000000000000000000000000000000000000000000000000000000000000000000000000000000000000000000000000012
:406E800000000000000000000000000000000000000000000000000000000000000000000000000000000000000000000000000000000000000000000000000000000000D2
:406EC0000000000000000000000000000000000000000000000000000000000000000000000000000000000000000000000000000000000000000000000000000000000092
:406F00000000000000000000000000000000000000000000000000000000000000000000000000000000000000000000000000000000000000000000000000000000000051
:406F40000000000000000000000000000000000000000000000000000000000000000000000000000000000000000000000000000000000000000000000000000000000011
:406F800000000000000000000000000000000000000000000000000000000000000000000000000000000000000000000000000000000000000000000000000000000000D1
:406FC0000000000000000000000000000000000000000000000000000000000000000000000000000000000000000000000000000000000000000000000000000000000091
:407000000000000000000000000000000000000000000000000000000000000000000000000000000000000000000000000000000000000000000000000000000000000050
:407040000000000000000000000000000000000000000000000000000000000000000000000000000000000000000000000000000000000000000000000000000000000010
:4070800000000000000000000000000000000000000000000000000000000000000000000000000000000000000000000000000000000000000000000000000000000000D0
:4070C0000000000000000000000000000000000000000000000000000000000000000000000000000000000000000000000000000000000000000000000000000000000090
:40710000000000000000000000000000000000000000000000000000000000000000000000000000000000000000000000000000000000000000000000000000000000004F
:40714000000000000000000000000000000000000000000000000000000000000000000000000000000000000000000000000000000000000000000000000000000000000F
:4071800000000000000000000000000000000000000000000000000000000000000000000000000000000000000000000000000000000000000000000000000000000000CF
:4071C000000000000000000000000000000000000000000000000000000000000000000000000000000000000000000000000000000000000000000000000000000000008F
:40720000000000000000000000000000000000000000000000000000000000000000000000000000000000000000000000000000000000000000000000000000000000004E
:40724000000000000000000000000000000000000000000000000000000000000000000000000000000000000000000000000000000000000000000000000000000000000E
:4072800000000000000000000000000000000000000000000000000000000000000000000000000000000000000000000000000000000000000000000000000000000000CE
:4072C000000000000000000000000000000000000000000000000000000000000000000000000000000000000000000000000000000000000000000000000000000000008E
:40730000000000000000000000000000000000000000000000000000000000000000000000000000000000000000000000000000000000000000000000000000000000004D
:40734000000000000000000000000000000000000000000000000000000000000000000000000000000000000000000000000000000000000000000000000000000000000D
:4073800000000000000000000000000000000000000000000000000000000000000000000000000000000000000000000000000000000000000000000000000000000000CD
:4073C000000000000000000000000000000000000000000000000000000000000000000000000000000000000000000000000000000000000000000000000000000000008D
:40740000000000000000000000000000000000000000000000000000000000000000000000000000000000000000000000000000000000000000000000000000000000004C
:40744000000000000000000000000000000000000000000000000000000000000000000000000000000000000000000000000000000000000000000000000000000000000C
:4074800000000000000000000000000000000000000000000000000000000000000000000000000000000000000000000000000000000000000000000000000000000000CC
:4074C000000000000000000000000000000000000000000000000000000000000000000000000000000000000000000000000000000000000000000000000000000000008C
:40750000000000000000000000000000000000000000000000000000000000000000000000000000000000000000000000000000000000000000000000000000000000004B
:40754000000000000000000000000000000000000000000000000000000000000000000000000000000000000000000000000000000000000000000000000000000000000B
:4075800000000000000000000000000000000000000000000000000000000000000000000000000000000000000000000000000000000000000000000000000000000000CB
:4075C000000000000000000000000000000000000000000000000000000000000000000000000000000000000000000000000000000000000000000000000000000000008B
:40760000000000000000000000000000000000000000000000000000000000000000000000000000000000000000000000000000000000000000000000000000000000004A
:40764000000000000000000000000000000000000000000000000000000000000000000000000000000000000000000000000000000000000000000000000000000000000A
:4076800000000000000000000000000000000000000000000000000000000000000000000000000000000000000000000000000000000000000000000000000000000000CA
:4076C000000000000000000000000000000000000000000000000000000000000000000000000000000000000000000000000000000000000000000000000000000000008A
:407700000000000000000000000000000000000000000000000000000000000000000000000000000000000000000000000000000000000000000000000000000000000049
:407740000000000000000000000000000000000000000000000000000000000000000000000000000000000000000000000000000000000000000000000000000000000009
:4077800000000000000000000000000000000000000000000000000000000000000000000000000000000000000000000000000000000000000000000000000000000000C9
:4077C0000000000000000000000000000000000000000000000000000000000000000000000000000000000000000000000000000000000000000000000000000000000089
:407800000000000000000000000000000000000000000000000000000000000000000000000000000000000000000000000000000000000000000000000000000000000048
:407840000000000000000000000000000000000000000000000000000000000000000000000000000000000000000000000000000000000000000000000000000000000008
:4078800000000000000000000000000000000000000000000000000000000000000000000000000000000000000000000000000000000000000000000000000000000000C8
:4078C0000000000000000000000000000000000000000000000000000000000000000000000000000000000000000000000000000000000000000000000000000000000088
:407900000000000000000000000000000000000000000000000000000000000000000000000000000000000000000000000000000000000000000000000000000000000047
:407940000000000000000000000000000000000000000000000000000000000000000000000000000000000000000000000000000000000000000000000000000000000007
:4079800000000000000000000000000000000000000000000000000000000000000000000000000000000000000000000000000000000000000000000000000000000000C7
:4079C0000000000000000000000000000000000000000000000000000000000000000000000000000000000000000000000000000000000000000000000000000000000087
:407A00000000000000000000000000000000000000000000000000000000000000000000000000000000000000000000000000000000000000000000000000000000000046
:407A40000000000000000000000000000000000000000000000000000000000000000000000000000000000000000000000000000000000000000000000000000000000006
:407A800000000000000000000000000000000000000000000000000000000000000000000000000000000000000000000000000000000000000000000000000000000000C6
:407AC0000000000000000000000000000000000000000000000000000000000000000000000000000000000000000000000000000000000000000000000000000000000086
:407B00000000000000000000000000000000000000000000000000000000000000000000000000000000000000000000000000000000000000000000000000000000000045
:407B40000000000000000000000000000000000000000000000000000000000000000000000000000000000000000000000000000000000000000000000000000000000005
:407B800000000000000000000000000000000000000000000000000000000000000000000000000000000000000000000000000000000000000000000000000000000000C5
:407BC0000000000000000000000000000000000000000000000000000000000000000000000000000000000000000000000000000000000000000000000000000000000085
:407C00000000000000000000000000000000000000000000000000000000000000000000000000000000000000000000000000000000000000000000000000000000000044
:407C40000000000000000000000000000000000000000000000000000000000000000000000000000000000000000000000000000000000000000000000000000000000004
:407C800000000000000000000000000000000000000000000000000000000000000000000000000000000000000000000000000000000000000000000000000000000000C4
:407CC0000000000000000000000000000000000000000000000000000000000000000000000000000000000000000000000000000000000000000000000000000000000084
:407D00000000000000000000000000000000000000000000000000000000000000000000000000000000000000000000000000000000000000000000000000000000000043
:407D40000000000000000000000000000000000000000000000000000000000000000000000000000000000000000000000000000000000000000000000000000000000003
:407D800000000000000000000000000000000000000000000000000000000000000000000000000000000000000000000000000000000000000000000000000000000000C3
:407DC0000000000000000000000000000000000000000000000000000000000000000000000000000000000000000000000000000000000000000000000000000000000083
:407E00000000000000000000000000000000000000000000000000000000000000000000000000000000000000000000000000000000000000000000000000000000000042
:407E40000000000000000000000000000000000000000000000000000000000000000000000000000000000000000000000000000000000000000000000000000000000002
:407E800000000000000000000000000000000000000000000000000000000000000000000000000000000000000000000000000000000000000000000000000000000000C2
:407EC0000000000000000000000000000000000000000000000000000000000000000000000000000000000000000000000000000000000000000000000000000000000082
:407F00000000000000000000000000000000000000000000000000000000000000000000000000000000000000000000000000000000000000000000000000000000000041
:407F40000000000000000000000000000000000000000000000000000000000000000000000000000000000000000000000000000000000000000000000000000000000001
:407F800000000000000000000000000000000000000000000000000000000000000000000000000000000000000000000000000000000000000000000000000000000000C1
:407FC0000000000000000000000000000000000000000000000000000000000000000000000000000000000000000000000000000000000000000000000000000000000081
:408000000000000000000000000000000000000000000000000000000000000000000000000000000000000000000000000000000000000000000000000000000000000040
:408040000000000000000000000000000000000000000000000000000000000000000000000000000000000000000000000000000000000000000000000000000000000000
:4080800000000000000000000000000000000000000000000000000000000000000000000000000000000000000000000000000000000000000000000000000000000000C0
:4080C0000000000000000000000000000000000000000000000000000000000000000000000000000000000000000000000000000000000000000000000000000000000080
:40810000000000000000000000000000000000000000000000000000000000000000000000000000000000000000000000000000000000000000000000000000000000003F
:4081400000000000000000000000000000000000000000000000000000000000000000000000000000000000000000000000000000000000000000000000000000000000FF
:4081800000000000000000000000000000000000000000000000000000000000000000000000000000000000000000000000000000000000000000000000000000000000BF
:4081C000000000000000000000000000000000000000000000000000000000000000000000000000000000000000000000000000000000000000000000000000000000007F
:40820000000000000000000000000000000000000000000000000000000000000000000000000000000000000000000000000000000000000000000000000000000000003E
:4082400000000000000000000000000000000000000000000000000000000000000000000000000000000000000000000000000000000000000000000000000000000000FE
:4082800000000000000000000000000000000000000000000000000000000000000000000000000000000000000000000000000000000000000000000000000000000000BE
:4082C000000000000000000000000000000000000000000000000000000000000000000000000000000000000000000000000000000000000000000000000000000000007E
:40830000000000000000000000000000000000000000000000000000000000000000000000000000000000000000000000000000000000000000000000000000000000003D
:4083400000000000000000000000000000000000000000000000000000000000000000000000000000000000000000000000000000000000000000000000000000000000FD
:4083800000000000000000000000000000000000000000000000000000000000000000000000000000000000000000000000000000000000000000000000000000000000BD
:4083C000000000000000000000000000000000000000000000000000000000000000000000000000000000000000000000000000000000000000000000000000000000007D
:40840000000000000000000000000000000000000000000000000000000000000000000000000000000000000000000000000000000000000000000000000000000000003C
:4084400000000000000000000000000000000000000000000000000000000000000000000000000000000000000000000000000000000000000000000000000000000000FC
:4084800000000000000000000000000000000000000000000000000000000000000000000000000000000000000000000000000000000000000000000000000000000000BC
:4084C000000000000000000000000000000000000000000000000000000000000000000000000000000000000000000000000000000000000000000000000000000000007C
:40850000000000000000000000000000000000000000000000000000000000000000000000000000000000000000000000000000000000000000000000000000000000003B
:4085400000000000000000000000000000000000000000000000000000000000000000000000000000000000000000000000000000000000000000000000000000000000FB
:4085800000000000000000000000000000000000000000000000000000000000000000000000000000000000000000000000000000000000000000000000000000000000BB
:4085C000000000000000000000000000000000000000000000000000000000000000000000000000000000000000000000000000000000000000000000000000000000007B
:40860000000000000000000000000000000000000000000000000000000000000000000000000000000000000000000000000000000000000000000000000000000000003A
:4086400000000000000000000000000000000000000000000000000000000000000000000000000000000000000000000000000000000000000000000000000000000000FA
:4086800000000000000000000000000000000000000000000000000000000000000000000000000000000000000000000000000000000000000000000000000000000000BA
:4086C000000000000000000000000000000000000000000000000000000000000000000000000000000000000000000000000000000000000000000000000000000000007A
:408700000000000000000000000000000000000000000000000000000000000000000000000000000000000000000000000000000000000000000000000000000000000039
:4087400000000000000000000000000000000000000000000000000000000000000000000000000000000000000000000000000000000000000000000000000000000000F9
:4087800000000000000000000000000000000000000000000000000000000000000000000000000000000000000000000000000000000000000000000000000000000000B9
:4087C0000000000000000000000000000000000000000000000000000000000000000000000000000000000000000000000000000000000000000000000000000000000079
:408800000000000000000000000000000000000000000000000000000000000000000000000000000000000000000000000000000000000000000000000000000000000038
:4088400000000000000000000000000000000000000000000000000000000000000000000000000000000000000000000000000000000000000000000000000000000000F8
:4088800000000000000000000000000000000000000000000000000000000000000000000000000000000000000000000000000000000000000000000000000000000000B8
:4088C0000000000000000000000000000000000000000000000000000000000000000000000000000000000000000000000000000000000000000000000000000000000078
:408900000000000000000000000000000000000000000000000000000000000000000000000000000000000000000000000000000000000000000000000000000000000037
:4089400000000000000000000000000000000000000000000000000000000000000000000000000000000000000000000000000000000000000000000000000000000000F7
:4089800000000000000000000000000000000000000000000000000000000000000000000000000000000000000000000000000000000000000000000000000000000000B7
:4089C0000000000000000000000000000000000000000000000000000000000000000000000000000000000000000000000000000000000000000000000000000000000077
:408A00000000000000000000000000000000000000000000000000000000000000000000000000000000000000000000000000000000000000000000000000000000000036
:408A400000000000000000000000000000000000000000000000000000000000000000000000000000000000000000000000000000000000000000000000000000000000F6
:408A800000000000000000000000000000000000000000000000000000000000000000000000000000000000000000000000000000000000000000000000000000000000B6
:408AC0000000000000000000000000000000000000000000000000000000000000000000000000000000000000000000000000000000000000000000000000000000000076
:408B00000000000000000000000000000000000000000000000000000000000000000000000000000000000000000000000000000000000000000000000000000000000035
:408B400000000000000000000000000000000000000000000000000000000000000000000000000000000000000000000000000000000000000000000000000000000000F5
:408B800000000000000000000000000000000000000000000000000000000000000000000000000000000000000000000000000000000000000000000000000000000000B5
:408BC0000000000000000000000000000000000000000000000000000000000000000000000000000000000000000000000000000000000000000000000000000000000075
:408C00000000000000000000000000000000000000000000000000000000000000000000000000000000000000000000000000000000000000000000000000000000000034
:408C400000000000000000000000000000000000000000000000000000000000000000000000000000000000000000000000000000000000000000000000000000000000F4
:408C800000000000000000000000000000000000000000000000000000000000000000000000000000000000000000000000000000000000000000000000000000000000B4
:408CC0000000000000000000000000000000000000000000000000000000000000000000000000000000000000000000000000000000000000000000000000000000000074
:408D00000000000000000000000000000000000000000000000000000000000000000000000000000000000000000000000000000000000000000000000000000000000033
:408D400000000000000000000000000000000000000000000000000000000000000000000000000000000000000000000000000000000000000000000000000000000000F3
:408D800000000000000000000000000000000000000000000000000000000000000000000000000000000000000000000000000000000000000000000000000000000000B3
:408DC0000000000000000000000000000000000000000000000000000000000000000000000000000000000000000000000000000000000000000000000000000000000073
:408E00000000000000000000000000000000000000000000000000000000000000000000000000000000000000000000000000000000000000000000000000000000000032
:408E400000000000000000000000000000000000000000000000000000000000000000000000000000000000000000000000000000000000000000000000000000000000F2
:408E800000000000000000000000000000000000000000000000000000000000000000000000000000000000000000000000000000000000000000000000000000000000B2
:408EC0000000000000000000000000000000000000000000000000000000000000000000000000000000000000000000000000000000000000000000000000000000000072
:408F00000000000000000000000000000000000000000000000000000000000000000000000000000000000000000000000000000000000000000000000000000000000031
:408F400000000000000000000000000000000000000000000000000000000000000000000000000000000000000000000000000000000000000000000000000000000000F1
:408F800000000000000000000000000000000000000000000000000000000000000000000000000000000000000000000000000000000000000000000000000000000000B1
:408FC0000000000000000000000000000000000000000000000000000000000000000000000000000000000000000000000000000000000000000000000000000000000071
:409000000000000000000000000000000000000000000000000000000000000000000000000000000000000000000000000000000000000000000000000000000000000030
:4090400000000000000000000000000000000000000000000000000000000000000000000000000000000000000000000000000000000000000000000000000000000000F0
:4090800000000000000000000000000000000000000000000000000000000000000000000000000000000000000000000000000000000000000000000000000000000000B0
:4090C0000000000000000000000000000000000000000000000000000000000000000000000000000000000000000000000000000000000000000000000000000000000070
:40910000000000000000000000000000000000000000000000000000000000000000000000000000000000000000000000000000000000000000000000000000000000002F
:4091400000000000000000000000000000000000000000000000000000000000000000000000000000000000000000000000000000000000000000000000000000000000EF
:4091800000000000000000000000000000000000000000000000000000000000000000000000000000000000000000000000000000000000000000000000000000000000AF
:4091C000000000000000000000000000000000000000000000000000000000000000000000000000000000000000000000000000000000000000000000000000000000006F
:40920000000000000000000000000000000000000000000000000000000000000000000000000000000000000000000000000000000000000000000000000000000000002E
:4092400000000000000000000000000000000000000000000000000000000000000000000000000000000000000000000000000000000000000000000000000000000000EE
:4092800000000000000000000000000000000000000000000000000000000000000000000000000000000000000000000000000000000000000000000000000000000000AE
:4092C000000000000000000000000000000000000000000000000000000000000000000000000000000000000000000000000000000000000000000000000000000000006E
:40930000000000000000000000000000000000000000000000000000000000000000000000000000000000000000000000000000000000000000000000000000000000002D
:4093400000000000000000000000000000000000000000000000000000000000000000000000000000000000000000000000000000000000000000000000000000000000ED
:4093800000000000000000000000000000000000000000000000000000000000000000000000000000000000000000000000000000000000000000000000000000000000AD
:4093C000000000000000000000000000000000000000000000000000000000000000000000000000000000000000000000000000000000000000000000000000000000006D
:40940000000000000000000000000000000000000000000000000000000000000000000000000000000000000000000000000000000000000000000000000000000000002C
:4094400000000000000000000000000000000000000000000000000000000000000000000000000000000000000000000000000000000000000000000000000000000000EC
:4094800000000000000000000000000000000000000000000000000000000000000000000000000000000000000000000000000000000000000000000000000000000000AC
:4094C000000000000000000000000000000000000000000000000000000000000000000000000000000000000000000000000000000000000000000000000000000000006C
:40950000000000000000000000000000000000000000000000000000000000000000000000000000000000000000000000000000000000000000000000000000000000002B
:4095400000000000000000000000000000000000000000000000000000000000000000000000000000000000000000000000000000000000000000000000000000000000EB
:4095800000000000000000000000000000000000000000000000000000000000000000000000000000000000000000000000000000000000000000000000000000000000AB
:4095C000000000000000000000000000000000000000000000000000000000000000000000000000000000000000000000000000000000000000000000000000000000006B
:40960000000000000000000000000000000000000000000000000000000000000000000000000000000000000000000000000000000000000000000000000000000000002A
:4096400000000000000000000000000000000000000000000000000000000000000000000000000000000000000000000000000000000000000000000000000000000000EA
:4096800000000000000000000000000000000000000000000000000000000000000000000000000000000000000000000000000000000000000000000000000000000000AA
:4096C000000000000000000000000000000000000000000000000000000000000000000000000000000000000000000000000000000000000000000000000000000000006A
:409700000000000000000000000000000000000000000000000000000000000000000000000000000000000000000000000000000000000000000000000000000000000029
:4097400000000000000000000000000000000000000000000000000000000000000000000000000000000000000000000000000000000000000000000000000000000000E9
:4097800000000000000000000000000000000000000000000000000000000000000000000000000000000000000000000000000000000000000000000000000000000000A9
:4097C0000000000000000000000000000000000000000000000000000000000000000000000000000000000000000000000000000000000000000000000000000000000069
:409800000000000000000000000000000000000000000000000000000000000000000000000000000000000000000000000000000000000000000000000000000000000028
:4098400000000000000000000000000000000000000000000000000000000000000000000000000000000000000000000000000000000000000000000000000000000000E8
:4098800000000000000000000000000000000000000000000000000000000000000000000000000000000000000000000000000000000000000000000000000000000000A8
:4098C0000000000000000000000000000000000000000000000000000000000000000000000000000000000000000000000000000000000000000000000000000000000068
:409900000000000000000000000000000000000000000000000000000000000000000000000000000000000000000000000000000000000000000000000000000000000027
:4099400000000000000000000000000000000000000000000000000000000000000000000000000000000000000000000000000000000000000000000000000000000000E7
:4099800000000000000000000000000000000000000000000000000000000000000000000000000000000000000000000000000000000000000000000000000000000000A7
:4099C0000000000000000000000000000000000000000000000000000000000000000000000000000000000000000000000000000000000000000000000000000000000067
:409A00000000000000000000000000000000000000000000000000000000000000000000000000000000000000000000000000000000000000000000000000000000000026
:409A400000000000000000000000000000000000000000000000000000000000000000000000000000000000000000000000000000000000000000000000000000000000E6
:409A800000000000000000000000000000000000000000000000000000000000000000000000000000000000000000000000000000000000000000000000000000000000A6
:409AC0000000000000000000000000000000000000000000000000000000000000000000000000000000000000000000000000000000000000000000000000000000000066
:409B00000000000000000000000000000000000000000000000000000000000000000000000000000000000000000000000000000000000000000000000000000000000025
:409B400000000000000000000000000000000000000000000000000000000000000000000000000000000000000000000000000000000000000000000000000000000000E5
:409B800000000000000000000000000000000000000000000000000000000000000000000000000000000000000000000000000000000000000000000000000000000000A5
:409BC0000000000000000000000000000000000000000000000000000000000000000000000000000000000000000000000000000000000000000000000000000000000065
:409C00000000000000000000000000000000000000000000000000000000000000000000000000000000000000000000000000000000000000000000000000000000000024
:409C400000000000000000000000000000000000000000000000000000000000000000000000000000000000000000000000000000000000000000000000000000000000E4
:409C800000000000000000000000000000000000000000000000000000000000000000000000000000000000000000000000000000000000000000000000000000000000A4
:409CC0000000000000000000000000000000000000000000000000000000000000000000000000000000000000000000000000000000000000000000000000000000000064
:409D00000000000000000000000000000000000000000000000000000000000000000000000000000000000000000000000000000000000000000000000000000000000023
:409D400000000000000000000000000000000000000000000000000000000000000000000000000000000000000000000000000000000000000000000000000000000000E3
:409D800000000000000000000000000000000000000000000000000000000000000000000000000000000000000000000000000000000000000000000000000000000000A3
:409DC0000000000000000000000000000000000000000000000000000000000000000000000000000000000000000000000000000000000000000000000000000000000063
:409E00000000000000000000000000000000000000000000000000000000000000000000000000000000000000000000000000000000000000000000000000000000000022
:409E400000000000000000000000000000000000000000000000000000000000000000000000000000000000000000000000000000000000000000000000000000000000E2
:409E800000000000000000000000000000000000000000000000000000000000000000000000000000000000000000000000000000000000000000000000000000000000A2
:409EC0000000000000000000000000000000000000000000000000000000000000000000000000000000000000000000000000000000000000000000000000000000000062
:409F00000000000000000000000000000000000000000000000000000000000000000000000000000000000000000000000000000000000000000000000000000000000021
:409F400000000000000000000000000000000000000000000000000000000000000000000000000000000000000000000000000000000000000000000000000000000000E1
:409F800000000000000000000000000000000000000000000000000000000000000000000000000000000000000000000000000000000000000000000000000000000000A1
:409FC0000000000000000000000000000000000000000000000000000000000000000000000000000000000000000000000000000000000000000000000000000000000061
:40A000000000000000000000000000000000000000000000000000000000000000000000000000000000000000000000000000000000000000000000000000000000000020
:40A0400000000000000000000000000000000000000000000000000000000000000000000000000000000000000000000000000000000000000000000000000000000000E0
:40A0800000000000000000000000000000000000000000000000000000000000000000000000000000000000000000000000000000000000000000000000000000000000A0
:40A0C0000000000000000000000000000000000000000000000000000000000000000000000000000000000000000000000000000000000000000000000000000000000060
:40A10000000000000000000000000000000000000000000000000000000000000000000000000000000000000000000000000000000000000000000000000000000000001F
:40A1400000000000000000000000000000000000000000000000000000000000000000000000000000000000000000000000000000000000000000000000000000000000DF
:40A18000000000000000000000000000000000000000000000000000000000000000000000000000000000000000000000000000000000000000000000000000000000009F
:40A1C000000000000000000000000000000000000000000000000000000000000000000000000000000000000000000000000000000000000000000000000000000000005F
:40A20000000000000000000000000000000000000000000000000000000000000000000000000000000000000000000000000000000000000000000000000000000000001E
:40A2400000000000000000000000000000000000000000000000000000000000000000000000000000000000000000000000000000000000000000000000000000000000DE
:40A28000000000000000000000000000000000000000000000000000000000000000000000000000000000000000000000000000000000000000000000000000000000009E
:40A2C000000000000000000000000000000000000000000000000000000000000000000000000000000000000000000000000000000000000000000000000000000000005E
:40A30000000000000000000000000000000000000000000000000000000000000000000000000000000000000000000000000000000000000000000000000000000000001D
:40A3400000000000000000000000000000000000000000000000000000000000000000000000000000000000000000000000000000000000000000000000000000000000DD
:40A38000000000000000000000000000000000000000000000000000000000000000000000000000000000000000000000000000000000000000000000000000000000009D
:40A3C000000000000000000000000000000000000000000000000000000000000000000000000000000000000000000000000000000000000000000000000000000000005D
:40A40000000000000000000000000000000000000000000000000000000000000000000000000000000000000000000000000000000000000000000000000000000000001C
:40A4400000000000000000000000000000000000000000000000000000000000000000000000000000000000000000000000000000000000000000000000000000000000DC
:40A48000000000000000000000000000000000000000000000000000000000000000000000000000000000000000000000000000000000000000000000000000000000009C
:40A4C000000000000000000000000000000000000000000000000000000000000000000000000000000000000000000000000000000000000000000000000000000000005C
:40A50000000000000000000000000000000000000000000000000000000000000000000000000000000000000000000000000000000000000000000000000000000000001B
:40A5400000000000000000000000000000000000000000000000000000000000000000000000000000000000000000000000000000000000000000000000000000000000DB
:40A58000000000000000000000000000000000000000000000000000000000000000000000000000000000000000000000000000000000000000000000000000000000009B
:40A5C000000000000000000000000000000000000000000000000000000000000000000000000000000000000000000000000000000000000000000000000000000000005B
:40A60000000000000000000000000000000000000000000000000000000000000000000000000000000000000000000000000000000000000000000000000000000000001A
:40A6400000000000000000000000000000000000000000000000000000000000000000000000000000000000000000000000000000000000000000000000000000000000DA
:40A68000000000000000000000000000000000000000000000000000000000000000000000000000000000000000000000000000000000000000000000000000000000009A
:40A6C000000000000000000000000000000000000000000000000000000000000000000000000000000000000000000000000000000000000000000000000000000000005A
:40A700000000000000000000000000000000000000000000000000000000000000000000000000000000000000000000000000000000000000000000000000000000000019
:40A7400000000000000000000000000000000000000000000000000000000000000000000000000000000000000000000000000000000000000000000000000000000000D9
:40A780000000000000000000000000000000000000000000000000000000000000000000000000000000000000000000000000000000000000000000000000000000000099
:40A7C0000000000000000000000000000000000000000000000000000000000000000000000000000000000000000000000000000000000000000000000000000000000059
:40A800000000000000000000000000000000000000000000000000000000000000000000000000000000000000000000000000000000000000000000000000000000000018
:40A8400000000000000000000000000000000000000000000000000000000000000000000000000000000000000000000000000000000000000000000000000000000000D8
:40A880000000000000000000000000000000000000000000000000000000000000000000000000000000000000000000000000000000000000000000000000000000000098
:40A8C0000000000000000000000000000000000000000000000000000000000000000000000000000000000000000000000000000000000000000000000000000000000058
:40A900000000000000000000000000000000000000000000000000000000000000000000000000000000000000000000000000000000000000000000000000000000000017
:40A9400000000000000000000000000000000000000000000000000000000000000000000000000000000000000000000000000000000000000000000000000000000000D7
:40A980000000000000000000000000000000000000000000000000000000000000000000000000000000000000000000000000000000000000000000000000000000000097
:40A9C0000000000000000000000000000000000000000000000000000000000000000000000000000000000000000000000000000000000000000000000000000000000057
:40AA00000000000000000000000000000000000000000000000000000000000000000000000000000000000000000000000000000000000000000000000000000000000016
:40AA400000000000000000000000000000000000000000000000000000000000000000000000000000000000000000000000000000000000000000000000000000000000D6
:40AA80000000000000000000000000000000000000000000000000000000000000000000000000000000000000000000000000000000000000000000000000000000000096
:40AAC0000000000000000000000000000000000000000000000000000000000000000000000000000000000000000000000000000000000000000000000000000000000056
:40AB00000000000000000000000000000000000000000000000000000000000000000000000000000000000000000000000000000000000000000000000000000000000015
:40AB400000000000000000000000000000000000000000000000000000000000000000000000000000000000000000000000000000000000000000000000000000000000D5
:40AB80000000000000000000000000000000000000000000000000000000000000000000000000000000000000000000000000000000000000000000000000000000000095
:40ABC0000000000000000000000000000000000000000000000000000000000000000000000000000000000000000000000000000000000000000000000000000000000055
:40AC00000000000000000000000000000000000000000000000000000000000000000000000000000000000000000000000000000000000000000000000000000000000014
:40AC400000000000000000000000000000000000000000000000000000000000000000000000000000000000000000000000000000000000000000000000000000000000D4
:40AC80000000000000000000000000000000000000000000000000000000000000000000000000000000000000000000000000000000000000000000000000000000000094
:40ACC0000000000000000000000000000000000000000000000000000000000000000000000000000000000000000000000000000000000000000000000000000000000054
:40AD00000000000000000000000000000000000000000000000000000000000000000000000000000000000000000000000000000000000000000000000000000000000013
:40AD400000000000000000000000000000000000000000000000000000000000000000000000000000000000000000000000000000000000000000000000000000000000D3
:40AD80000000000000000000000000000000000000000000000000000000000000000000000000000000000000000000000000000000000000000000000000000000000093
:40ADC0000000000000000000000000000000000000000000000000000000000000000000000000000000000000000000000000000000000000000000000000000000000053
:40AE00000000000000000000000000000000000000000000000000000000000000000000000000000000000000000000000000000000000000000000000000000000000012
:40AE400000000000000000000000000000000000000000000000000000000000000000000000000000000000000000000000000000000000000000000000000000000000D2
:40AE80000000000000000000000000000000000000000000000000000000000000000000000000000000000000000000000000000000000000000000000000000000000092
:40AEC0000000000000000000000000000000000000000000000000000000000000000000000000000000000000000000000000000000000000000000000000000000000052
:40AF00000000000000000000000000000000000000000000000000000000000000000000000000000000000000000000000000000000000000000000000000000000000011
:40AF400000000000000000000000000000000000000000000000000000000000000000000000000000000000000000000000000000000000000000000000000000000000D1
:40AF80000000000000000000000000000000000000000000000000000000000000000000000000000000000000000000000000000000000000000000000000000000000091
:40AFC0000000000000000000000000000000000000000000000000000000000000000000000000000000000000000000000000000000000000000000000000000000000051
:40B000000000000000000000000000000000000000000000000000000000000000000000000000000000000000000000000000000000000000000000000000000000000010
:40B0400000000000000000000000000000000000000000000000000000000000000000000000000000000000000000000000000000000000000000000000000000000000D0
:40B080000000000000000000000000000000000000000000000000000000000000000000000000000000000000000000000000000000000000000000000000000000000090
:40B0C0000000000000000000000000000000000000000000000000000000000000000000000000000000000000000000000000000000000000000000000000000000000050
:40B10000000000000000000000000000000000000000000000000000000000000000000000000000000000000000000000000000000000000000000000000000000000000F
:40B1400000000000000000000000000000000000000000000000000000000000000000000000000000000000000000000000000000000000000000000000000000000000CF
:40B18000000000000000000000000000000000000000000000000000000000000000000000000000000000000000000000000000000000000000000000000000000000008F
:40B1C000000000000000000000000000000000000000000000000000000000000000000000000000000000000000000000000000000000000000000000000000000000004F
:40B20000000000000000000000000000000000000000000000000000000000000000000000000000000000000000000000000000000000000000000000000000000000000E
:40B2400000000000000000000000000000000000000000000000000000000000000000000000000000000000000000000000000000000000000000000000000000000000CE
:40B28000000000000000000000000000000000000000000000000000000000000000000000000000000000000000000000000000000000000000000000000000000000008E
:40B2C000000000000000000000000000000000000000000000000000000000000000000000000000000000000000000000000000000000000000000000000000000000004E
:40B30000000000000000000000000000000000000000000000000000000000000000000000000000000000000000000000000000000000000000000000000000000000000D
:40B3400000000000000000000000000000000000000000000000000000000000000000000000000000000000000000000000000000000000000000000000000000000000CD
:40B38000000000000000000000000000000000000000000000000000000000000000000000000000000000000000000000000000000000000000000000000000000000008D
:40B3C000000000000000000000000000000000000000000000000000000000000000000000000000000000000000000000000000000000000000000000000000000000004D
:40B40000000000000000000000000000000000000000000000000000000000000000000000000000000000000000000000000000000000000000000000000000000000000C
:40B4400000000000000000000000000000000000000000000000000000000000000000000000000000000000000000000000000000000000000000000000000000000000CC
:40B48000000000000000000000000000000000000000000000000000000000000000000000000000000000000000000000000000000000000000000000000000000000008C
:40B4C000000000000000000000000000000000000000000000000000000000000000000000000000000000000000000000000000000000000000000000000000000000004C
:40B50000000000000000000000000000000000000000000000000000000000000000000000000000000000000000000000000000000000000000000000000000000000000B
:40B5400000000000000000000000000000000000000000000000000000000000000000000000000000000000000000000000000000000000000000000000000000000000CB
:40B58000000000000000000000000000000000000000000000000000000000000000000000000000000000000000000000000000000000000000000000000000000000008B
:40B5C000000000000000000000000000000000000000000000000000000000000000000000000000000000000000000000000000000000000000000000000000000000004B
:40B60000000000000000000000000000000000000000000000000000000000000000000000000000000000000000000000000000000000000000000000000000000000000A
:40B6400000000000000000000000000000000000000000000000000000000000000000000000000000000000000000000000000000000000000000000000000000000000CA
:40B68000000000000000000000000000000000000000000000000000000000000000000000000000000000000000000000000000000000000000000000000000000000008A
:40B6C000000000000000000000000000000000000000000000000000000000000000000000000000000000000000000000000000000000000000000000000000000000004A
:40B700000000000000000000000000000000000000000000000000000000000000000000000000000000000000000000000000000000000000000000000000000000000009
:40B7400000000000000000000000000000000000000000000000000000000000000000000000000000000000000000000000000000000000000000000000000000000000C9
:40B780000000000000000000000000000000000000000000000000000000000000000000000000000000000000000000000000000000000000000000000000000000000089
:40B7C0000000000000000000000000000000000000000000000000000000000000000000000000000000000000000000000000000000000000000000000000000000000049
:40B800000000000000000000000000000000000000000000000000000000000000000000000000000000000000000000000000000000000000000000000000000000000008
:40B8400000000000000000000000000000000000000000000000000000000000000000000000000000000000000000000000000000000000000000000000000000000000C8
:40B880000000000000000000000000000000000000000000000000000000000000000000000000000000000000000000000000000000000000000000000000000000000088
:40B8C0000000000000000000000000000000000000000000000000000000000000000000000000000000000000000000000000000000000000000000000000000000000048
:40B900000000000000000000000000000000000000000000000000000000000000000000000000000000000000000000000000000000000000000000000000000000000007
:40B9400000000000000000000000000000000000000000000000000000000000000000000000000000000000000000000000000000000000000000000000000000000000C7
:40B980000000000000000000000000000000000000000000000000000000000000000000000000000000000000000000000000000000000000000000000000000000000087
:40B9C0000000000000000000000000000000000000000000000000000000000000000000000000000000000000000000000000000000000000000000000000000000000047
:40BA00000000000000000000000000000000000000000000000000000000000000000000000000000000000000000000000000000000000000000000000000000000000006
:40BA400000000000000000000000000000000000000000000000000000000000000000000000000000000000000000000000000000000000000000000000000000000000C6
:40BA80000000000000000000000000000000000000000000000000000000000000000000000000000000000000000000000000000000000000000000000000000000000086
:40BAC0000000000000000000000000000000000000000000000000000000000000000000000000000000000000000000000000000000000000000000000000000000000046
:40BB00000000000000000000000000000000000000000000000000000000000000000000000000000000000000000000000000000000000000000000000000000000000005
:40BB400000000000000000000000000000000000000000000000000000000000000000000000000000000000000000000000000000000000000000000000000000000000C5
:40BB80000000000000000000000000000000000000000000000000000000000000000000000000000000000000000000000000000000000000000000000000000000000085
:40BBC0000000000000000000000000000000000000000000000000000000000000000000000000000000000000000000000000000000000000000000000000000000000045
:40BC00000000000000000000000000000000000000000000000000000000000000000000000000000000000000000000000000000000000000000000000000000000000004
:40BC400000000000000000000000000000000000000000000000000000000000000000000000000000000000000000000000000000000000000000000000000000000000C4
:40BC80000000000000000000000000000000000000000000000000000000000000000000000000000000000000000000000000000000000000000000000000000000000084
:40BCC0000000000000000000000000000000000000000000000000000000000000000000000000000000000000000000000000000000000000000000000000000000000044
:40BD00000000000000000000000000000000000000000000000000000000000000000000000000000000000000000000000000000000000000000000000000000000000003
:40BD400000000000000000000000000000000000000000000000000000000000000000000000000000000000000000000000000000000000000000000000000000000000C3
:40BD80000000000000000000000000000000000000000000000000000000000000000000000000000000000000000000000000000000000000000000000000000000000083
:40BDC0000000000000000000000000000000000000000000000000000000000000000000000000000000000000000000000000000000000000000000000000000000000043
:40BE00000000000000000000000000000000000000000000000000000000000000000000000000000000000000000000000000000000000000000000000000000000000002
:40BE400000000000000000000000000000000000000000000000000000000000000000000000000000000000000000000000000000000000000000000000000000000000C2
:40BE80000000000000000000000000000000000000000000000000000000000000000000000000000000000000000000000000000000000000000000000000000000000082
:40BEC0000000000000000000000000000000000000000000000000000000000000000000000000000000000000000000000000000000000000000000000000000000000042
:40BF00000000000000000000000000000000000000000000000000000000000000000000000000000000000000000000000000000000000000000000000000000000000001
:40BF400000000000000000000000000000000000000000000000000000000000000000000000000000000000000000000000000000000000000000000000000000000000C1
:40BF80000000000000000000000000000000000000000000000000000000000000000000000000000000000000000000000000000000000000000000000000000000000081
:40BFC0000000000000000000000000000000000000000000000000000000000000000000000000000000000000000000000000000000000000000000000000000000000041
:40C000000000000000000000000000000000000000000000000000000000000000000000000000000000000000000000000000000000000000000000000000000000000000
:40C0400000000000000000000000000000000000000000000000000000000000000000000000000000000000000000000000000000000000000000000000000000000000C0
:40C080000000000000000000000000000000000000000000000000000000000000000000000000000000000000000000000000000000000000000000000000000000000080
:40C0C0000000000000000000000000000000000000000000000000000000000000000000000000000000000000000000000000000000000000000000000000000000000040
:40C1000000000000000000000000000000000000000000000000000000000000000000000000000000000000000000000000000000000000000000000000000000000000FF
:40C1400000000000000000000000000000000000000000000000000000000000000000000000000000000000000000000000000000000000000000000000000000000000BF
:40C18000000000000000000000000000000000000000000000000000000000000000000000000000000000000000000000000000000000000000000000000000000000007F
:40C1C000000000000000000000000000000000000000000000000000000000000000000000000000000000000000000000000000000000000000000000000000000000003F
:40C2000000000000000000000000000000000000000000000000000000000000000000000000000000000000000000000000000000000000000000000000000000000000FE
:40C2400000000000000000000000000000000000000000000000000000000000000000000000000000000000000000000000000000000000000000000000000000000000BE
:40C28000000000000000000000000000000000000000000000000000000000000000000000000000000000000000000000000000000000000000000000000000000000007E
:40C2C000000000000000000000000000000000000000000000000000000000000000000000000000000000000000000000000000000000000000000000000000000000003E
:40C3000000000000000000000000000000000000000000000000000000000000000000000000000000000000000000000000000000000000000000000000000000000000FD
:40C3400000000000000000000000000000000000000000000000000000000000000000000000000000000000000000000000000000000000000000000000000000000000BD
:40C38000000000000000000000000000000000000000000000000000000000000000000000000000000000000000000000000000000000000000000000000000000000007D
:40C3C000000000000000000000000000000000000000000000000000000000000000000000000000000000000000000000000000000000000000000000000000000000003D
:40C4000000000000000000000000000000000000000000000000000000000000000000000000000000000000000000000000000000000000000000000000000000000000FC
:40C4400000000000000000000000000000000000000000000000000000000000000000000000000000000000000000000000000000000000000000000000000000000000BC
:40C48000000000000000000000000000000000000000000000000000000000000000000000000000000000000000000000000000000000000000000000000000000000007C
:40C4C000000000000000000000000000000000000000000000000000000000000000000000000000000000000000000000000000000000000000000000000000000000003C
:40C5000000000000000000000000000000000000000000000000000000000000000000000000000000000000000000000000000000000000000000000000000000000000FB
:40C5400000000000000000000000000000000000000000000000000000000000000000000000000000000000000000000000000000000000000000000000000000000000BB
:40C58000000000000000000000000000000000000000000000000000000000000000000000000000000000000000000000000000000000000000000000000000000000007B
:40C5C000000000000000000000000000000000000000000000000000000000000000000000000000000000000000000000000000000000000000000000000000000000003B
:40C6000000000000000000000000000000000000000000000000000000000000000000000000000000000000000000000000000000000000000000000000000000000000FA
:40C6400000000000000000000000000000000000000000000000000000000000000000000000000000000000000000000000000000000000000000000000000000000000BA
:40C68000000000000000000000000000000000000000000000000000000000000000000000000000000000000000000000000000000000000000000000000000000000007A
:40C6C000000000000000000000000000000000000000000000000000000000000000000000000000000000000000000000000000000000000000000000000000000000003A
:40C7000000000000000000000000000000000000000000000000000000000000000000000000000000000000000000000000000000000000000000000000000000000000F9
:40C7400000000000000000000000000000000000000000000000000000000000000000000000000000000000000000000000000000000000000000000000000000000000B9
:40C780000000000000000000000000000000000000000000000000000000000000000000000000000000000000000000000000000000000000000000000000000000000079
:40C7C0000000000000000000000000000000000000000000000000000000000000000000000000000000000000000000000000000000000000000000000000000000000039
:40C8000000000000000000000000000000000000000000000000000000000000000000000000000000000000000000000000000000000000000000000000000000000000F8
:40C8400000000000000000000000000000000000000000000000000000000000000000000000000000000000000000000000000000000000000000000000000000000000B8
:40C880000000000000000000000000000000000000000000000000000000000000000000000000000000000000000000000000000000000000000000000000000000000078
:40C8C0000000000000000000000000000000000000000000000000000000000000000000000000000000000000000000000000000000000000000000000000000000000038
:40C9000000000000000000000000000000000000000000000000000000000000000000000000000000000000000000000000000000000000000000000000000000000000F7
:40C9400000000000000000000000000000000000000000000000000000000000000000000000000000000000000000000000000000000000000000000000000000000000B7
:40C980000000000000000000000000000000000000000000000000000000000000000000000000000000000000000000000000000000000000000000000000000000000077
:40C9C0000000000000000000000000000000000000000000000000000000000000000000000000000000000000000000000000000000000000000000000000000000000037
:40CA000000000000000000000000000000000000000000000000000000000000000000000000000000000000000000000000000000000000000000000000000000000000F6
:40CA400000000000000000000000000000000000000000000000000000000000000000000000000000000000000000000000000000000000000000000000000000000000B6
:40CA80000000000000000000000000000000000000000000000000000000000000000000000000000000000000000000000000000000000000000000000000000000000076
:40CAC0000000000000000000000000000000000000000000000000000000000000000000000000000000000000000000000000000000000000000000000000000000000036
:40CB000000000000000000000000000000000000000000000000000000000000000000000000000000000000000000000000000000000000000000000000000000000000F5
:40CB400000000000000000000000000000000000000000000000000000000000000000000000000000000000000000000000000000000000000000000000000000000000B5
:40CB80000000000000000000000000000000000000000000000000000000000000000000000000000000000000000000000000000000000000000000000000000000000075
:40CBC0000000000000000000000000000000000000000000000000000000000000000000000000000000000000000000000000000000000000000000000000000000000035
:40CC000000000000000000000000000000000000000000000000000000000000000000000000000000000000000000000000000000000000000000000000000000000000F4
:40CC400000000000000000000000000000000000000000000000000000000000000000000000000000000000000000000000000000000000000000000000000000000000B4
:40CC80000000000000000000000000000000000000000000000000000000000000000000000000000000000000000000000000000000000000000000000000000000000074
:40CCC0000000000000000000000000000000000000000000000000000000000000000000000000000000000000000000000000000000000000000000000000000000000034
:40CD000000000000000000000000000000000000000000000000000000000000000000000000000000000000000000000000000000000000000000000000000000000000F3
:40CD400000000000000000000000000000000000000000000000000000000000000000000000000000000000000000000000000000000000000000000000000000000000B3
:40CD80000000000000000000000000000000000000000000000000000000000000000000000000000000000000000000000000000000000000000000000000000000000073
:40CDC0000000000000000000000000000000000000000000000000000000000000000000000000000000000000000000000000000000000000000000000000000000000033
:40CE000000000000000000000000000000000000000000000000000000000000000000000000000000000000000000000000000000000000000000000000000000000000F2
:40CE400000000000000000000000000000000000000000000000000000000000000000000000000000000000000000000000000000000000000000000000000000000000B2
:40CE80000000000000000000000000000000000000000000000000000000000000000000000000000000000000000000000000000000000000000000000000000000000072
:40CEC0000000000000000000000000000000000000000000000000000000000000000000000000000000000000000000000000000000000000000000000000000000000032
:40CF000000000000000000000000000000000000000000000000000000000000000000000000000000000000000000000000000000000000000000000000000000000000F1
:40CF400000000000000000000000000000000000000000000000000000000000000000000000000000000000000000000000000000000000000000000000000000000000B1
:40CF80000000000000000000000000000000000000000000000000000000000000000000000000000000000000000000000000000000000000000000000000000000000071
:40CFC0000000000000000000000000000000000000000000000000000000000000000000000000000000000000000000000000000000000000000000000000000000000031
:40D0000000000000000000000000000000000000000000000000000000000000000000000000000000000000000000000000000000000000000000000000000000000000F0
:40D0400000000000000000000000000000000000000000000000000000000000000000000000000000000000000000000000000000000000000000000000000000000000B0
:40D080000000000000000000000000000000000000000000000000000000000000000000000000000000000000000000000000000000000000000000000000000000000070
:40D0C0000000000000000000000000000000000000000000000000000000000000000000000000000000000000000000000000000000000000000000000000000000000030
:40D1000000000000000000000000000000000000000000000000000000000000000000000000000000000000000000000000000000000000000000000000000000000000EF
:40D1400000000000000000000000000000000000000000000000000000000000000000000000000000000000000000000000000000000000000000000000000000000000AF
:40D18000000000000000000000000000000000000000000000000000000000000000000000000000000000000000000000000000000000000000000000000000000000006F
:40D1C000000000000000000000000000000000000000000000000000000000000000000000000000000000000000000000000000000000000000000000000000000000002F
:40D2000000000000000000000000000000000000000000000000000000000000000000000000000000000000000000000000000000000000000000000000000000000000EE
:40D2400000000000000000000000000000000000000000000000000000000000000000000000000000000000000000000000000000000000000000000000000000000000AE
:40D28000000000000000000000000000000000000000000000000000000000000000000000000000000000000000000000000000000000000000000000000000000000006E
:40D2C000000000000000000000000000000000000000000000000000000000000000000000000000000000000000000000000000000000000000000000000000000000002E
:40D3000000000000000000000000000000000000000000000000000000000000000000000000000000000000000000000000000000000000000000000000000000000000ED
:40D3400000000000000000000000000000000000000000000000000000000000000000000000000000000000000000000000000000000000000000000000000000000000AD
:40D38000000000000000000000000000000000000000000000000000000000000000000000000000000000000000000000000000000000000000000000000000000000006D
:40D3C000000000000000000000000000000000000000000000000000000000000000000000000000000000000000000000000000000000000000000000000000000000002D
:40D4000000000000000000000000000000000000000000000000000000000000000000000000000000000000000000000000000000000000000000000000000000000000EC
:40D4400000000000000000000000000000000000000000000000000000000000000000000000000000000000000000000000000000000000000000000000000000000000AC
:40D48000000000000000000000000000000000000000000000000000000000000000000000000000000000000000000000000000000000000000000000000000000000006C
:40D4C000000000000000000000000000000000000000000000000000000000000000000000000000000000000000000000000000000000000000000000000000000000002C
:40D5000000000000000000000000000000000000000000000000000000000000000000000000000000000000000000000000000000000000000000000000000000000000EB
:40D5400000000000000000000000000000000000000000000000000000000000000000000000000000000000000000000000000000000000000000000000000000000000AB
:40D58000000000000000000000000000000000000000000000000000000000000000000000000000000000000000000000000000000000000000000000000000000000006B
:40D5C000000000000000000000000000000000000000000000000000000000000000000000000000000000000000000000000000000000000000000000000000000000002B
:40D6000000000000000000000000000000000000000000000000000000000000000000000000000000000000000000000000000000000000000000000000000000000000EA
:40D6400000000000000000000000000000000000000000000000000000000000000000000000000000000000000000000000000000000000000000000000000000000000AA
:40D68000000000000000000000000000000000000000000000000000000000000000000000000000000000000000000000000000000000000000000000000000000000006A
:40D6C000000000000000000000000000000000000000000000000000000000000000000000000000000000000000000000000000000000000000000000000000000000002A
:40D7000000000000000000000000000000000000000000000000000000000000000000000000000000000000000000000000000000000000000000000000000000000000E9
:40D7400000000000000000000000000000000000000000000000000000000000000000000000000000000000000000000000000000000000000000000000000000000000A9
:40D780000000000000000000000000000000000000000000000000000000000000000000000000000000000000000000000000000000000000000000000000000000000069
:40D7C0000000000000000000000000000000000000000000000000000000000000000000000000000000000000000000000000000000000000000000000000000000000029
:40D8000000000000000000000000000000000000000000000000000000000000000000000000000000000000000000000000000000000000000000000000000000000000E8
:40D8400000000000000000000000000000000000000000000000000000000000000000000000000000000000000000000000000000000000000000000000000000000000A8
:40D880000000000000000000000000000000000000000000000000000000000000000000000000000000000000000000000000000000000000000000000000000000000068
:40D8C0000000000000000000000000000000000000000000000000000000000000000000000000000000000000000000000000000000000000000000000000000000000028
:40D9000000000000000000000000000000000000000000000000000000000000000000000000000000000000000000000000000000000000000000000000000000000000E7
:40D9400000000000000000000000000000000000000000000000000000000000000000000000000000000000000000000000000000000000000000000000000000000000A7
:40D980000000000000000000000000000000000000000000000000000000000000000000000000000000000000000000000000000000000000000000000000000000000067
:40D9C0000000000000000000000000000000000000000000000000000000000000000000000000000000000000000000000000000000000000000000000000000000000027
:40DA000000000000000000000000000000000000000000000000000000000000000000000000000000000000000000000000000000000000000000000000000000000000E6
:40DA400000000000000000000000000000000000000000000000000000000000000000000000000000000000000000000000000000000000000000000000000000000000A6
:40DA80000000000000000000000000000000000000000000000000000000000000000000000000000000000000000000000000000000000000000000000000000000000066
:40DAC0000000000000000000000000000000000000000000000000000000000000000000000000000000000000000000000000000000000000000000000000000000000026
:40DB000000000000000000000000000000000000000000000000000000000000000000000000000000000000000000000000000000000000000000000000000000000000E5
:40DB400000000000000000000000000000000000000000000000000000000000000000000000000000000000000000000000000000000000000000000000000000000000A5
:40DB80000000000000000000000000000000000000000000000000000000000000000000000000000000000000000000000000000000000000000000000000000000000065
:40DBC0000000000000000000000000000000000000000000000000000000000000000000000000000000000000000000000000000000000000000000000000000000000025
:40DC000000000000000000000000000000000000000000000000000000000000000000000000000000000000000000000000000000000000000000000000000000000000E4
:40DC400000000000000000000000000000000000000000000000000000000000000000000000000000000000000000000000000000000000000000000000000000000000A4
:40DC80000000000000000000000000000000000000000000000000000000000000000000000000000000000000000000000000000000000000000000000000000000000064
:40DCC0000000000000000000000000000000000000000000000000000000000000000000000000000000000000000000000000000000000000000000000000000000000024
:40DD000000000000000000000000000000000000000000000000000000000000000000000000000000000000000000000000000000000000000000000000000000000000E3
:40DD400000000000000000000000000000000000000000000000000000000000000000000000000000000000000000000000000000000000000000000000000000000000A3
:40DD80000000000000000000000000000000000000000000000000000000000000000000000000000000000000000000000000000000000000000000000000000000000063
:40DDC0000000000000000000000000000000000000000000000000000000000000000000000000000000000000000000000000000000000000000000000000000000000023
:40DE000000000000000000000000000000000000000000000000000000000000000000000000000000000000000000000000000000000000000000000000000000000000E2
:40DE400000000000000000000000000000000000000000000000000000000000000000000000000000000000000000000000000000000000000000000000000000000000A2
:40DE80000000000000000000000000000000000000000000000000000000000000000000000000000000000000000000000000000000000000000000000000000000000062
:40DEC0000000000000000000000000000000000000000000000000000000000000000000000000000000000000000000000000000000000000000000000000000000000022
:40DF000000000000000000000000000000000000000000000000000000000000000000000000000000000000000000000000000000000000000000000000000000000000E1
:40DF400000000000000000000000000000000000000000000000000000000000000000000000000000000000000000000000000000000000000000000000000000000000A1
:40DF80000000000000000000000000000000000000000000000000000000000000000000000000000000000000000000000000000000000000000000000000000000000061
:40DFC0000000000000000000000000000000000000000000000000000000000000000000000000000000000000000000000000000000000000000000000000000000000021
:40E0000000000000000000000000000000000000000000000000000000000000000000000000000000000000000000000000000000000000000000000000000000000000E0
:40E0400000000000000000000000000000000000000000000000000000000000000000000000000000000000000000000000000000000000000000000000000000000000A0
:40E080000000000000000000000000000000000000000000000000000000000000000000000000000000000000000000000000000000000000000000000000000000000060
:40E0C0000000000000000000000000000000000000000000000000000000000000000000000000000000000000000000000000000000000000000000000000000000000020
:40E1000000000000000000000000000000000000000000000000000000000000000000000000000000000000000000000000000000000000000000000000000000000000DF
:40E14000000000000000000000000000000000000000000000000000000000000000000000000000000000000000000000000000000000000000000000000000000000009F
:40E18000000000000000000000000000000000000000000000000000000000000000000000000000000000000000000000000000000000000000000000000000000000005F
:40E1C000000000000000000000000000000000000000000000000000000000000000000000000000000000000000000000000000000000000000000000000000000000001F
:40E2000000000000000000000000000000000000000000000000000000000000000000000000000000000000000000000000000000000000000000000000000000000000DE
:40E24000000000000000000000000000000000000000000000000000000000000000000000000000000000000000000000000000000000000000000000000000000000009E
:40E28000000000000000000000000000000000000000000000000000000000000000000000000000000000000000000000000000000000000000000000000000000000005E
:40E2C000000000000000000000000000000000000000000000000000000000000000000000000000000000000000000000000000000000000000000000000000000000001E
:40E3000000000000000000000000000000000000000000000000000000000000000000000000000000000000000000000000000000000000000000000000000000000000DD
:40E34000000000000000000000000000000000000000000000000000000000000000000000000000000000000000000000000000000000000000000000000000000000009D
:40E38000000000000000000000000000000000000000000000000000000000000000000000000000000000000000000000000000000000000000000000000000000000005D
:40E3C000000000000000000000000000000000000000000000000000000000000000000000000000000000000000000000000000000000000000000000000000000000001D
:40E4000000000000000000000000000000000000000000000000000000000000000000000000000000000000000000000000000000000000000000000000000000000000DC
:40E44000000000000000000000000000000000000000000000000000000000000000000000000000000000000000000000000000000000000000000000000000000000009C
:40E48000000000000000000000000000000000000000000000000000000000000000000000000000000000000000000000000000000000000000000000000000000000005C
:40E4C000000000000000000000000000000000000000000000000000000000000000000000000000000000000000000000000000000000000000000000000000000000001C
:40E5000000000000000000000000000000000000000000000000000000000000000000000000000000000000000000000000000000000000000000000000000000000000DB
:40E54000000000000000000000000000000000000000000000000000000000000000000000000000000000000000000000000000000000000000000000000000000000009B
:40E58000000000000000000000000000000000000000000000000000000000000000000000000000000000000000000000000000000000000000000000000000000000005B
:40E5C000000000000000000000000000000000000000000000000000000000000000000000000000000000000000000000000000000000000000000000000000000000001B
:40E6000000000000000000000000000000000000000000000000000000000000000000000000000000000000000000000000000000000000000000000000000000000000DA
:40E64000000000000000000000000000000000000000000000000000000000000000000000000000000000000000000000000000000000000000000000000000000000009A
:40E68000000000000000000000000000000000000000000000000000000000000000000000000000000000000000000000000000000000000000000000000000000000005A
:40E6C000000000000000000000000000000000000000000000000000000000000000000000000000000000000000000000000000000000000000000000000000000000001A
:40E7000000000000000000000000000000000000000000000000000000000000000000000000000000000000000000000000000000000000000000000000000000000000D9
:40E740000000000000000000000000000000000000000000000000000000000000000000000000000000000000000000000000000000000000000000000000000000000099
:40E780000000000000000000000000000000000000000000000000000000000000000000000000000000000000000000000000000000000000000000000000000000000059
:40E7C0000000000000000000000000000000000000000000000000000000000000000000000000000000000000000000000000000000000000000000000000000000000019
:40E8000000000000000000000000000000000000000000000000000000000000000000000000000000000000000000000000000000000000000000000000000000000000D8
:40E840000000000000000000000000000000000000000000000000000000000000000000000000000000000000000000000000000000000000000000000000000000000098
:40E880000000000000000000000000000000000000000000000000000000000000000000000000000000000000000000000000000000000000000000000000000000000058
:40E8C0000000000000000000000000000000000000000000000000000000000000000000000000000000000000000000000000000000000000000000000000000000000018
:40E9000000000000000000000000000000000000000000000000000000000000000000000000000000000000000000000000000000000000000000000000000000000000D7
:40E940000000000000000000000000000000000000000000000000000000000000000000000000000000000000000000000000000000000000000000000000000000000097
:40E980000000000000000000000000000000000000000000000000000000000000000000000000000000000000000000000000000000000000000000000000000000000057
:40E9C0000000000000000000000000000000000000000000000000000000000000000000000000000000000000000000000000000000000000000000000000000000000017
:40EA000000000000000000000000000000000000000000000000000000000000000000000000000000000000000000000000000000000000000000000000000000000000D6
:40EA40000000000000000000000000000000000000000000000000000000000000000000000000000000000000000000000000000000000000000000000000000000000096
:40EA80000000000000000000000000000000000000000000000000000000000000000000000000000000000000000000000000000000000000000000000000000000000056
:40EAC0000000000000000000000000000000000000000000000000000000000000000000000000000000000000000000000000000000000000000000000000000000000016
:40EB000000000000000000000000000000000000000000000000000000000000000000000000000000000000000000000000000000000000000000000000000000000000D5
:40EB40000000000000000000000000000000000000000000000000000000000000000000000000000000000000000000000000000000000000000000000000000000000095
:40EB80000000000000000000000000000000000000000000000000000000000000000000000000000000000000000000000000000000000000000000000000000000000055
:40EBC0000000000000000000000000000000000000000000000000000000000000000000000000000000000000000000000000000000000000000000000000000000000015
:40EC000000000000000000000000000000000000000000000000000000000000000000000000000000000000000000000000000000000000000000000000000000000000D4
:40EC40000000000000000000000000000000000000000000000000000000000000000000000000000000000000000000000000000000000000000000000000000000000094
:40EC80000000000000000000000000000000000000000000000000000000000000000000000000000000000000000000000000000000000000000000000000000000000054
:40ECC0000000000000000000000000000000000000000000000000000000000000000000000000000000000000000000000000000000000000000000000000000000000014
:40ED000000000000000000000000000000000000000000000000000000000000000000000000000000000000000000000000000000000000000000000000000000000000D3
:40ED40000000000000000000000000000000000000000000000000000000000000000000000000000000000000000000000000000000000000000000000000000000000093
:40ED80000000000000000000000000000000000000000000000000000000000000000000000000000000000000000000000000000000000000000000000000000000000053
:40EDC0000000000000000000000000000000000000000000000000000000000000000000000000000000000000000000000000000000000000000000000000000000000013
:40EE000000000000000000000000000000000000000000000000000000000000000000000000000000000000000000000000000000000000000000000000000000000000D2
:40EE40000000000000000000000000000000000000000000000000000000000000000000000000000000000000000000000000000000000000000000000000000000000092
:40EE80000000000000000000000000000000000000000000000000000000000000000000000000000000000000000000000000000000000000000000000000000000000052
:40EEC0000000000000000000000000000000000000000000000000000000000000000000000000000000000000000000000000000000000000000000000000000000000012
:40EF000000000000000000000000000000000000000000000000000000000000000000000000000000000000000000000000000000000000000000000000000000000000D1
:40EF40000000000000000000000000000000000000000000000000000000000000000000000000000000000000000000000000000000000000000000000000000000000091
:40EF80000000000000000000000000000000000000000000000000000000000000000000000000000000000000000000000000000000000000000000000000000000000051
:40EFC0000000000000000000000000000000000000000000000000000000000000000000000000000000000000000000000000000000000000000000000000000000000011
:40F0000000000000000000000000000000000000000000000000000000000000000000000000000000000000000000000000000000000000000000000000000000000000D0
:40F040000000000000000000000000000000000000000000000000000000000000000000000000000000000000000000000000000000000000000000000000000000000090
:40F080000000000000000000000000000000000000000000000000000000000000000000000000000000000000000000000000000000000000000000000000000000000050
:40F0C0000000000000000000000000000000000000000000000000000000000000000000000000000000000000000000000000000000000000000000000000000000000010
:40F1000000000000000000000000000000000000000000000000000000000000000000000000000000000000000000000000000000000000000000000000000000000000CF
:40F14000000000000000000000000000000000000000000000000000000000000000000000000000000000000000000000000000000000000000000000000000000000008F
:40F18000000000000000000000000000000000000000000000000000000000000000000000000000000000000000000000000000000000000000000000000000000000004F
:40F1C000000000000000000000000000000000000000000000000000000000000000000000000000000000000000000000000000000000000000000000000000000000000F
:40F2000000000000000000000000000000000000000000000000000000000000000000000000000000000000000000000000000000000000000000000000000000000000CE
:40F24000000000000000000000000000000000000000000000000000000000000000000000000000000000000000000000000000000000000000000000000000000000008E
:40F28000000000000000000000000000000000000000000000000000000000000000000000000000000000000000000000000000000000000000000000000000000000004E
:40F2C000000000000000000000000000000000000000000000000000000000000000000000000000000000000000000000000000000000000000000000000000000000000E
:40F3000000000000000000000000000000000000000000000000000000000000000000000000000000000000000000000000000000000000000000000000000000000000CD
:40F34000000000000000000000000000000000000000000000000000000000000000000000000000000000000000000000000000000000000000000000000000000000008D
:40F38000000000000000000000000000000000000000000000000000000000000000000000000000000000000000000000000000000000000000000000000000000000004D
:40F3C000000000000000000000000000000000000000000000000000000000000000000000000000000000000000000000000000000000000000000000000000000000000D
:40F4000000000000000000000000000000000000000000000000000000000000000000000000000000000000000000000000000000000000000000000000000000000000CC
:40F44000000000000000000000000000000000000000000000000000000000000000000000000000000000000000000000000000000000000000000000000000000000008C
:40F48000000000000000000000000000000000000000000000000000000000000000000000000000000000000000000000000000000000000000000000000000000000004C
:40F4C000000000000000000000000000000000000000000000000000000000000000000000000000000000000000000000000000000000000000000000000000000000000C
:40F5000000000000000000000000000000000000000000000000000000000000000000000000000000000000000000000000000000000000000000000000000000000000CB
:40F54000000000000000000000000000000000000000000000000000000000000000000000000000000000000000000000000000000000000000000000000000000000008B
:40F58000000000000000000000000000000000000000000000000000000000000000000000000000000000000000000000000000000000000000000000000000000000004B
:40F5C000000000000000000000000000000000000000000000000000000000000000000000000000000000000000000000000000000000000000000000000000000000000B
:40F6000000000000000000000000000000000000000000000000000000000000000000000000000000000000000000000000000000000000000000000000000000000000CA
:40F64000000000000000000000000000000000000000000000000000000000000000000000000000000000000000000000000000000000000000000000000000000000008A
:40F68000000000000000000000000000000000000000000000000000000000000000000000000000000000000000000000000000000000000000000000000000000000004A
:40F6C000000000000000000000000000000000000000000000000000000000000000000000000000000000000000000000000000000000000000000000000000000000000A
:40F7000000000000000000000000000000000000000000000000000000000000000000000000000000000000000000000000000000000000000000000000000000000000C9
:40F740000000000000000000000000000000000000000000000000000000000000000000000000000000000000000000000000000000000000000000000000000000000089
:40F780000000000000000000000000000000000000000000000000000000000000000000000000000000000000000000000000000000000000000000000000000000000049
:40F7C0000000000000000000000000000000000000000000000000000000000000000000000000000000000000000000000000000000000000000000000000000000000009
:40F8000000000000000000000000000000000000000000000000000000000000000000000000000000000000000000000000000000000000000000000000000000000000C8
:40F840000000000000000000000000000000000000000000000000000000000000000000000000000000000000000000000000000000000000000000000000000000000088
:40F880000000000000000000000000000000000000000000000000000000000000000000000000000000000000000000000000000000000000000000000000000000000048
:40F8C0000000000000000000000000000000000000000000000000000000000000000000000000000000000000000000000000000000000000000000000000000000000008
:40F9000000000000000000000000000000000000000000000000000000000000000000000000000000000000000000000000000000000000000000000000000000000000C7
:40F940000000000000000000000000000000000000000000000000000000000000000000000000000000000000000000000000000000000000000000000000000000000087
:40F980000000000000000000000000000000000000000000000000000000000000000000000000000000000000000000000000000000000000000000000000000000000047
:40F9C0000000000000000000000000000000000000000000000000000000000000000000000000000000000000000000000000000000000000000000000000000000000007
:40FA000000000000000000000000000000000000000000000000000000000000000000000000000000000000000000000000000000000000000000000000000000000000C6
:40FA40000000000000000000000000000000000000000000000000000000000000000000000000000000000000000000000000000000000000000000000000000000000086
:40FA80000000000000000000000000000000000000000000000000000000000000000000000000000000000000000000000000000000000000000000000000000000000046
:40FAC0000000000000000000000000000000000000000000000000000000000000000000000000000000000000000000000000000000000000000000000000000000000006
:40FB000000000000000000000000000000000000000000000000000000000000000000000000000000000000000000000000000000000000000000000000000000000000C5
:40FB40000000000000000000000000000000000000000000000000000000000000000000000000000000000000000000000000000000000000000000000000000000000085
:40FB80000000000000000000000000000000000000000000000000000000000000000000000000000000000000000000000000000000000000000000000000000000000045
:40FBC0000000000000000000000000000000000000000000000000000000000000000000000000000000000000000000000000000000000000000000000000000000000005
:40FC000000000000000000000000000000000000000000000000000000000000000000000000000000000000000000000000000000000000000000000000000000000000C4
:40FC40000000000000000000000000000000000000000000000000000000000000000000000000000000000000000000000000000000000000000000000000000000000084
:40FC80000000000000000000000000000000000000000000000000000000000000000000000000000000000000000000000000000000000000000000000000000000000044
:40FCC0000000000000000000000000000000000000000000000000000000000000000000000000000000000000000000000000000000000000000000000000000000000004
:40FD000000000000000000000000000000000000000000000000000000000000000000000000000000000000000000000000000000000000000000000000000000000000C3
:40FD40000000000000000000000000000000000000000000000000000000000000000000000000000000000000000000000000000000000000000000000000000000000083
:40FD80000000000000000000000000000000000000000000000000000000000000000000000000000000000000000000000000000000000000000000000000000000000043
:40FDC0000000000000000000000000000000000000000000000000000000000000000000000000000000000000000000000000000000000000000000000000000000000003
:40FE000000000000000000000000000000000000000000000000000000000000000000000000000000000000000000000000000000000000000000000000000000000000C2
:40FE40000000000000000000000000000000000000000000000000000000000000000000000000000000000000000000000000000000000000000000000000000000000082
:40FE80000000000000000000000000000000000000000000000000000000000000000000000000000000000000000000000000000000000000000000000000000000000042
:40FEC0000000000000000000000000000000000000000000000000000000000000000000000000000000000000000000000000000000000000000000000000000000000002
:40FF000000000000000000000000000000000000000000000000000000000000000000000000000000000000000000000000000000000000000000000000000000000000C1
:40FF40000000000000000000000000000000000000000000000000000000000000000000000000000000000000000000000000000000000000000000000000000000000081
:40FF80000000000000000000000000000000000000000000000000000000000000000000000000000000000000000000000000000000000000000000000000000000000041
:40FFC0000000000000000000000000000000000000000000000000000000000000000000000000000000000000000000000000000000000000000000000000000000000001
:020000040001F9
:4000000000000000000000000000000000000000000000000000000000000000000000000000000000000000000000000000000000000000000000000000000000000000C0
:400040000000000000000000000000000000000000000000000000000000000000000000000000000000000000000000000000000000000000000000000000000000000080
:400080000000000000000000000000000000000000000000000000000000000000000000000000000000000000000000000000000000000000000000000000000000000040
:4000C0000000000000000000000000000000000000000000000000000000000000000000000000000000000000000000000000000000000000000000000000000000000000
:4001000000000000000000000000000000000000000000000000000000000000000000000000000000000000000000000000000000000000000000000000000000000000BF
:40014000000000000000000000000000000000000000000000000000000000000000000000000000000000000000000000000000000000000000000000000000000000007F
:40018000000000000000000000000000000000000000000000000000000000000000000000000000000000000000000000000000000000000000000000000000000000003F
:4001C00000000000000000000000000000000000000000000000000000000000000000000000000000000000000000000000000000000000000000000000000000000000FF
:4002000000000000000000000000000000000000000000000000000000000000000000000000000000000000000000000000000000000000000000000000000000000000BE
:40024000000000000000000000000000000000000000000000000000000000000000000000000000000000000000000000000000000000000000000000000000000000007E
:40028000000000000000000000000000000000000000000000000000000000000000000000000000000000000000000000000000000000000000000000000000000000003E
:4002C00000000000000000000000000000000000000000000000000000000000000000000000000000000000000000000000000000000000000000000000000000000000FE
:4003000000000000000000000000000000000000000000000000000000000000000000000000000000000000000000000000000000000000000000000000000000000000BD
:40034000000000000000000000000000000000000000000000000000000000000000000000000000000000000000000000000000000000000000000000000000000000007D
:40038000000000000000000000000000000000000000000000000000000000000000000000000000000000000000000000000000000000000000000000000000000000003D
:4003C00000000000000000000000000000000000000000000000000000000000000000000000000000000000000000000000000000000000000000000000000000000000FD
:4004000000000000000000000000000000000000000000000000000000000000000000000000000000000000000000000000000000000000000000000000000000000000BC
:40044000000000000000000000000000000000000000000000000000000000000000000000000000000000000000000000000000000000000000000000000000000000007C
:40048000000000000000000000000000000000000000000000000000000000000000000000000000000000000000000000000000000000000000000000000000000000003C
:4004C00000000000000000000000000000000000000000000000000000000000000000000000000000000000000000000000000000000000000000000000000000000000FC
:4005000000000000000000000000000000000000000000000000000000000000000000000000000000000000000000000000000000000000000000000000000000000000BB
:40054000000000000000000000000000000000000000000000000000000000000000000000000000000000000000000000000000000000000000000000000000000000007B
:40058000000000000000000000000000000000000000000000000000000000000000000000000000000000000000000000000000000000000000000000000000000000003B
:4005C00000000000000000000000000000000000000000000000000000000000000000000000000000000000000000000000000000000000000000000000000000000000FB
:4006000000000000000000000000000000000000000000000000000000000000000000000000000000000000000000000000000000000000000000000000000000000000BA
:40064000000000000000000000000000000000000000000000000000000000000000000000000000000000000000000000000000000000000000000000000000000000007A
:40068000000000000000000000000000000000000000000000000000000000000000000000000000000000000000000000000000000000000000000000000000000000003A
:4006C00000000000000000000000000000000000000000000000000000000000000000000000000000000000000000000000000000000000000000000000000000000000FA
:4007000000000000000000000000000000000000000000000000000000000000000000000000000000000000000000000000000000000000000000000000000000000000B9
:400740000000000000000000000000000000000000000000000000000000000000000000000000000000000000000000000000000000000000000000000000000000000079
:400780000000000000000000000000000000000000000000000000000000000000000000000000000000000000000000000000000000000000000000000000000000000039
:4007C00000000000000000000000000000000000000000000000000000000000000000000000000000000000000000000000000000000000000000000000000000000000F9
:4008000000000000000000000000000000000000000000000000000000000000000000000000000000000000000000000000000000000000000000000000000000000000B8
:400840000000000000000000000000000000000000000000000000000000000000000000000000000000000000000000000000000000000000000000000000000000000078
:400880000000000000000000000000000000000000000000000000000000000000000000000000000000000000000000000000000000000000000000000000000000000038
:4008C00000000000000000000000000000000000000000000000000000000000000000000000000000000000000000000000000000000000000000000000000000000000F8
:4009000000000000000000000000000000000000000000000000000000000000000000000000000000000000000000000000000000000000000000000000000000000000B7
:400940000000000000000000000000000000000000000000000000000000000000000000000000000000000000000000000000000000000000000000000000000000000077
:400980000000000000000000000000000000000000000000000000000000000000000000000000000000000000000000000000000000000000000000000000000000000037
:4009C00000000000000000000000000000000000000000000000000000000000000000000000000000000000000000000000000000000000000000000000000000000000F7
:400A000000000000000000000000000000000000000000000000000000000000000000000000000000000000000000000000000000000000000000000000000000000000B6
:400A40000000000000000000000000000000000000000000000000000000000000000000000000000000000000000000000000000000000000000000000000000000000076
:400A80000000000000000000000000000000000000000000000000000000000000000000000000000000000000000000000000000000000000000000000000000000000036
:400AC00000000000000000000000000000000000000000000000000000000000000000000000000000000000000000000000000000000000000000000000000000000000F6
:400B000000000000000000000000000000000000000000000000000000000000000000000000000000000000000000000000000000000000000000000000000000000000B5
:400B40000000000000000000000000000000000000000000000000000000000000000000000000000000000000000000000000000000000000000000000000000000000075
:400B80000000000000000000000000000000000000000000000000000000000000000000000000000000000000000000000000000000000000000000000000000000000035
:400BC00000000000000000000000000000000000000000000000000000000000000000000000000000000000000000000000000000000000000000000000000000000000F5
:400C000000000000000000000000000000000000000000000000000000000000000000000000000000000000000000000000000000000000000000000000000000000000B4
:400C40000000000000000000000000000000000000000000000000000000000000000000000000000000000000000000000000000000000000000000000000000000000074
:400C80000000000000000000000000000000000000000000000000000000000000000000000000000000000000000000000000000000000000000000000000000000000034
:400CC00000000000000000000000000000000000000000000000000000000000000000000000000000000000000000000000000000000000000000000000000000000000F4
:400D000000000000000000000000000000000000000000000000000000000000000000000000000000000000000000000000000000000000000000000000000000000000B3
:400D40000000000000000000000000000000000000000000000000000000000000000000000000000000000000000000000000000000000000000000000000000000000073
:400D80000000000000000000000000000000000000000000000000000000000000000000000000000000000000000000000000000000000000000000000000000000000033
:400DC00000000000000000000000000000000000000000000000000000000000000000000000000000000000000000000000000000000000000000000000000000000000F3
:400E000000000000000000000000000000000000000000000000000000000000000000000000000000000000000000000000000000000000000000000000000000000000B2
:400E40000000000000000000000000000000000000000000000000000000000000000000000000000000000000000000000000000000000000000000000000000000000072
:400E80000000000000000000000000000000000000000000000000000000000000000000000000000000000000000000000000000000000000000000000000000000000032
:400EC00000000000000000000000000000000000000000000000000000000000000000000000000000000000000000000000000000000000000000000000000000000000F2
:400F000000000000000000000000000000000000000000000000000000000000000000000000000000000000000000000000000000000000000000000000000000000000B1
:400F40000000000000000000000000000000000000000000000000000000000000000000000000000000000000000000000000000000000000000000000000000000000071
:400F80000000000000000000000000000000000000000000000000000000000000000000000000000000000000000000000000000000000000000000000000000000000031
:400FC00000000000000000000000000000000000000000000000000000000000000000000000000000000000000000000000000000000000000000000000000000000000F1
:4010000000000000000000000000000000000000000000000000000000000000000000000000000000000000000000000000000000000000000000000000000000000000B0
:401040000000000000000000000000000000000000000000000000000000000000000000000000000000000000000000000000000000000000000000000000000000000070
:401080000000000000000000000000000000000000000000000000000000000000000000000000000000000000000000000000000000000000000000000000000000000030
:4010C00000000000000000000000000000000000000000000000000000000000000000000000000000000000000000000000000000000000000000000000000000000000F0
:4011000000000000000000000000000000000000000000000000000000000000000000000000000000000000000000000000000000000000000000000000000000000000AF
:40114000000000000000000000000000000000000000000000000000000000000000000000000000000000000000000000000000000000000000000000000000000000006F
:40118000000000000000000000000000000000000000000000000000000000000000000000000000000000000000000000000000000000000000000000000000000000002F
:4011C00000000000000000000000000000000000000000000000000000000000000000000000000000000000000000000000000000000000000000000000000000000000EF
:4012000000000000000000000000000000000000000000000000000000000000000000000000000000000000000000000000000000000000000000000000000000000000AE
:40124000000000000000000000000000000000000000000000000000000000000000000000000000000000000000000000000000000000000000000000000000000000006E
:40128000000000000000000000000000000000000000000000000000000000000000000000000000000000000000000000000000000000000000000000000000000000002E
:4012C00000000000000000000000000000000000000000000000000000000000000000000000000000000000000000000000000000000000000000000000000000000000EE
:4013000000000000000000000000000000000000000000000000000000000000000000000000000000000000000000000000000000000000000000000000000000000000AD
:40134000000000000000000000000000000000000000000000000000000000000000000000000000000000000000000000000000000000000000000000000000000000006D
:40138000000000000000000000000000000000000000000000000000000000000000000000000000000000000000000000000000000000000000000000000000000000002D
:4013C00000000000000000000000000000000000000000000000000000000000000000000000000000000000000000000000000000000000000000000000000000000000ED
:4014000000000000000000000000000000000000000000000000000000000000000000000000000000000000000000000000000000000000000000000000000000000000AC
:40144000000000000000000000000000000000000000000000000000000000000000000000000000000000000000000000000000000000000000000000000000000000006C
:40148000000000000000000000000000000000000000000000000000000000000000000000000000000000000000000000000000000000000000000000000000000000002C
:4014C00000000000000000000000000000000000000000000000000000000000000000000000000000000000000000000000000000000000000000000000000000000000EC
:4015000000000000000000000000000000000000000000000000000000000000000000000000000000000000000000000000000000000000000000000000000000000000AB
:40154000000000000000000000000000000000000000000000000000000000000000000000000000000000000000000000000000000000000000000000000000000000006B
:40158000000000000000000000000000000000000000000000000000000000000000000000000000000000000000000000000000000000000000000000000000000000002B
:4015C00000000000000000000000000000000000000000000000000000000000000000000000000000000000000000000000000000000000000000000000000000000000EB
:4016000000000000000000000000000000000000000000000000000000000000000000000000000000000000000000000000000000000000000000000000000000000000AA
:40164000000000000000000000000000000000000000000000000000000000000000000000000000000000000000000000000000000000000000000000000000000000006A
:40168000000000000000000000000000000000000000000000000000000000000000000000000000000000000000000000000000000000000000000000000000000000002A
:4016C00000000000000000000000000000000000000000000000000000000000000000000000000000000000000000000000000000000000000000000000000000000000EA
:4017000000000000000000000000000000000000000000000000000000000000000000000000000000000000000000000000000000000000000000000000000000000000A9
:401740000000000000000000000000000000000000000000000000000000000000000000000000000000000000000000000000000000000000000000000000000000000069
:401780000000000000000000000000000000000000000000000000000000000000000000000000000000000000000000000000000000000000000000000000000000000029
:4017C00000000000000000000000000000000000000000000000000000000000000000000000000000000000000000000000000000000000000000000000000000000000E9
:4018000000000000000000000000000000000000000000000000000000000000000000000000000000000000000000000000000000000000000000000000000000000000A8
:401840000000000000000000000000000000000000000000000000000000000000000000000000000000000000000000000000000000000000000000000000000000000068
:401880000000000000000000000000000000000000000000000000000000000000000000000000000000000000000000000000000000000000000000000000000000000028
:4018C00000000000000000000000000000000000000000000000000000000000000000000000000000000000000000000000000000000000000000000000000000000000E8
:4019000000000000000000000000000000000000000000000000000000000000000000000000000000000000000000000000000000000000000000000000000000000000A7
:401940000000000000000000000000000000000000000000000000000000000000000000000000000000000000000000000000000000000000000000000000000000000067
:401980000000000000000000000000000000000000000000000000000000000000000000000000000000000000000000000000000000000000000000000000000000000027
:4019C00000000000000000000000000000000000000000000000000000000000000000000000000000000000000000000000000000000000000000000000000000000000E7
:401A000000000000000000000000000000000000000000000000000000000000000000000000000000000000000000000000000000000000000000000000000000000000A6
:401A40000000000000000000000000000000000000000000000000000000000000000000000000000000000000000000000000000000000000000000000000000000000066
:401A80000000000000000000000000000000000000000000000000000000000000000000000000000000000000000000000000000000000000000000000000000000000026
:401AC00000000000000000000000000000000000000000000000000000000000000000000000000000000000000000000000000000000000000000000000000000000000E6
:401B000000000000000000000000000000000000000000000000000000000000000000000000000000000000000000000000000000000000000000000000000000000000A5
:401B40000000000000000000000000000000000000000000000000000000000000000000000000000000000000000000000000000000000000000000000000000000000065
:401B80000000000000000000000000000000000000000000000000000000000000000000000000000000000000000000000000000000000000000000000000000000000025
:401BC00000000000000000000000000000000000000000000000000000000000000000000000000000000000000000000000000000000000000000000000000000000000E5
:401C000000000000000000000000000000000000000000000000000000000000000000000000000000000000000000000000000000000000000000000000000000000000A4
:401C40000000000000000000000000000000000000000000000000000000000000000000000000000000000000000000000000000000000000000000000000000000000064
:401C80000000000000000000000000000000000000000000000000000000000000000000000000000000000000000000000000000000000000000000000000000000000024
:401CC00000000000000000000000000000000000000000000000000000000000000000000000000000000000000000000000000000000000000000000000000000000000E4
:401D000000000000000000000000000000000000000000000000000000000000000000000000000000000000000000000000000000000000000000000000000000000000A3
:401D40000000000000000000000000000000000000000000000000000000000000000000000000000000000000000000000000000000000000000000000000000000000063
:401D80000000000000000000000000000000000000000000000000000000000000000000000000000000000000000000000000000000000000000000000000000000000023
:401DC00000000000000000000000000000000000000000000000000000000000000000000000000000000000000000000000000000000000000000000000000000000000E3
:401E000000000000000000000000000000000000000000000000000000000000000000000000000000000000000000000000000000000000000000000000000000000000A2
:401E40000000000000000000000000000000000000000000000000000000000000000000000000000000000000000000000000000000000000000000000000000000000062
:401E80000000000000000000000000000000000000000000000000000000000000000000000000000000000000000000000000000000000000000000000000000000000022
:401EC00000000000000000000000000000000000000000000000000000000000000000000000000000000000000000000000000000000000000000000000000000000000E2
:401F000000000000000000000000000000000000000000000000000000000000000000000000000000000000000000000000000000000000000000000000000000000000A1
:401F40000000000000000000000000000000000000000000000000000000000000000000000000000000000000000000000000000000000000000000000000000000000061
:401F80000000000000000000000000000000000000000000000000000000000000000000000000000000000000000000000000000000000000000000000000000000000021
:401FC00000000000000000000000000000000000000000000000000000000000000000000000000000000000000000000000000000000000000000000000000000000000E1
:4020000000000000000000000000000000000000000000000000000000000000000000000000000000000000000000000000000000000000000000000000000000000000A0
:402040000000000000000000000000000000000000000000000000000000000000000000000000000000000000000000000000000000000000000000000000000000000060
:402080000000000000000000000000000000000000000000000000000000000000000000000000000000000000000000000000000000000000000000000000000000000020
:4020C00000000000000000000000000000000000000000000000000000000000000000000000000000000000000000000000000000000000000000000000000000000000E0
:40210000000000000000000000000000000000000000000000000000000000000000000000000000000000000000000000000000000000000000000000000000000000009F
:40214000000000000000000000000000000000000000000000000000000000000000000000000000000000000000000000000000000000000000000000000000000000005F
:40218000000000000000000000000000000000000000000000000000000000000000000000000000000000000000000000000000000000000000000000000000000000001F
:4021C00000000000000000000000000000000000000000000000000000000000000000000000000000000000000000000000000000000000000000000000000000000000DF
:40220000000000000000000000000000000000000000000000000000000000000000000000000000000000000000000000000000000000000000000000000000000000009E
:40224000000000000000000000000000000000000000000000000000000000000000000000000000000000000000000000000000000000000000000000000000000000005E
:40228000000000000000000000000000000000000000000000000000000000000000000000000000000000000000000000000000000000000000000000000000000000001E
:4022C00000000000000000000000000000000000000000000000000000000000000000000000000000000000000000000000000000000000000000000000000000000000DE
:40230000000000000000000000000000000000000000000000000000000000000000000000000000000000000000000000000000000000000000000000000000000000009D
:40234000000000000000000000000000000000000000000000000000000000000000000000000000000000000000000000000000000000000000000000000000000000005D
:40238000000000000000000000000000000000000000000000000000000000000000000000000000000000000000000000000000000000000000000000000000000000001D
:4023C00000000000000000000000000000000000000000000000000000000000000000000000000000000000000000000000000000000000000000000000000000000000DD
:40240000000000000000000000000000000000000000000000000000000000000000000000000000000000000000000000000000000000000000000000000000000000009C
:40244000000000000000000000000000000000000000000000000000000000000000000000000000000000000000000000000000000000000000000000000000000000005C
:40248000000000000000000000000000000000000000000000000000000000000000000000000000000000000000000000000000000000000000000000000000000000001C
:4024C00000000000000000000000000000000000000000000000000000000000000000000000000000000000000000000000000000000000000000000000000000000000DC
:40250000000000000000000000000000000000000000000000000000000000000000000000000000000000000000000000000000000000000000000000000000000000009B
:40254000000000000000000000000000000000000000000000000000000000000000000000000000000000000000000000000000000000000000000000000000000000005B
:40258000000000000000000000000000000000000000000000000000000000000000000000000000000000000000000000000000000000000000000000000000000000001B
:4025C00000000000000000000000000000000000000000000000000000000000000000000000000000000000000000000000000000000000000000000000000000000000DB
:40260000000000000000000000000000000000000000000000000000000000000000000000000000000000000000000000000000000000000000000000000000000000009A
:40264000000000000000000000000000000000000000000000000000000000000000000000000000000000000000000000000000000000000000000000000000000000005A
:40268000000000000000000000000000000000000000000000000000000000000000000000000000000000000000000000000000000000000000000000000000000000001A
:4026C00000000000000000000000000000000000000000000000000000000000000000000000000000000000000000000000000000000000000000000000000000000000DA
:402700000000000000000000000000000000000000000000000000000000000000000000000000000000000000000000000000000000000000000000000000000000000099
:402740000000000000000000000000000000000000000000000000000000000000000000000000000000000000000000000000000000000000000000000000000000000059
:402780000000000000000000000000000000000000000000000000000000000000000000000000000000000000000000000000000000000000000000000000000000000019
:4027C00000000000000000000000000000000000000000000000000000000000000000000000000000000000000000000000000000000000000000000000000000000000D9
:402800000000000000000000000000000000000000000000000000000000000000000000000000000000000000000000000000000000000000000000000000000000000098
:402840000000000000000000000000000000000000000000000000000000000000000000000000000000000000000000000000000000000000000000000000000000000058
:402880000000000000000000000000000000000000000000000000000000000000000000000000000000000000000000000000000000000000000000000000000000000018
:4028C00000000000000000000000000000000000000000000000000000000000000000000000000000000000000000000000000000000000000000000000000000000000D8
:402900000000000000000000000000000000000000000000000000000000000000000000000000000000000000000000000000000000000000000000000000000000000097
:402940000000000000000000000000000000000000000000000000000000000000000000000000000000000000000000000000000000000000000000000000000000000057
:402980000000000000000000000000000000000000000000000000000000000000000000000000000000000000000000000000000000000000000000000000000000000017
:4029C00000000000000000000000000000000000000000000000000000000000000000000000000000000000000000000000000000000000000000000000000000000000D7
:402A00000000000000000000000000000000000000000000000000000000000000000000000000000000000000000000000000000000000000000000000000000000000096
:402A40000000000000000000000000000000000000000000000000000000000000000000000000000000000000000000000000000000000000000000000000000000000056
:402A80000000000000000000000000000000000000000000000000000000000000000000000000000000000000000000000000000000000000000000000000000000000016
:402AC00000000000000000000000000000000000000000000000000000000000000000000000000000000000000000000000000000000000000000000000000000000000D6
:402B00000000000000000000000000000000000000000000000000000000000000000000000000000000000000000000000000000000000000000000000000000000000095
:402B40000000000000000000000000000000000000000000000000000000000000000000000000000000000000000000000000000000000000000000000000000000000055
:402B80000000000000000000000000000000000000000000000000000000000000000000000000000000000000000000000000000000000000000000000000000000000015
:402BC00000000000000000000000000000000000000000000000000000000000000000000000000000000000000000000000000000000000000000000000000000000000D5
:402C00000000000000000000000000000000000000000000000000000000000000000000000000000000000000000000000000000000000000000000000000000000000094
:402C40000000000000000000000000000000000000000000000000000000000000000000000000000000000000000000000000000000000000000000000000000000000054
:402C80000000000000000000000000000000000000000000000000000000000000000000000000000000000000000000000000000000000000000000000000000000000014
:402CC00000000000000000000000000000000000000000000000000000000000000000000000000000000000000000000000000000000000000000000000000000000000D4
:402D00000000000000000000000000000000000000000000000000000000000000000000000000000000000000000000000000000000000000000000000000000000000093
:402D40000000000000000000000000000000000000000000000000000000000000000000000000000000000000000000000000000000000000000000000000000000000053
:402D80000000000000000000000000000000000000000000000000000000000000000000000000000000000000000000000000000000000000000000000000000000000013
:402DC00000000000000000000000000000000000000000000000000000000000000000000000000000000000000000000000000000000000000000000000000000000000D3
:402E00000000000000000000000000000000000000000000000000000000000000000000000000000000000000000000000000000000000000000000000000000000000092
:402E40000000000000000000000000000000000000000000000000000000000000000000000000000000000000000000000000000000000000000000000000000000000052
:402E80000000000000000000000000000000000000000000000000000000000000000000000000000000000000000000000000000000000000000000000000000000000012
:402EC00000000000000000000000000000000000000000000000000000000000000000000000000000000000000000000000000000000000000000000000000000000000D2
:402F00000000000000000000000000000000000000000000000000000000000000000000000000000000000000000000000000000000000000000000000000000000000091
:402F40000000000000000000000000000000000000000000000000000000000000000000000000000000000000000000000000000000000000000000000000000000000051
:402F80000000000000000000000000000000000000000000000000000000000000000000000000000000000000000000000000000000000000000000000000000000000011
:402FC00000000000000000000000000000000000000000000000000000000000000000000000000000000000000000000000000000000000000000000000000000000000D1
:403000000000000000000000000000000000000000000000000000000000000000000000000000000000000000000000000000000000000000000000000000000000000090
:403040000000000000000000000000000000000000000000000000000000000000000000000000000000000000000000000000000000000000000000000000000000000050
:403080000000000000000000000000000000000000000000000000000000000000000000000000000000000000000000000000000000000000000000000000000000000010
:4030C00000000000000000000000000000000000000000000000000000000000000000000000000000000000000000000000000000000000000000000000000000000000D0
:40310000000000000000000000000000000000000000000000000000000000000000000000000000000000000000000000000000000000000000000000000000000000008F
:40314000000000000000000000000000000000000000000000000000000000000000000000000000000000000000000000000000000000000000000000000000000000004F
:40318000000000000000000000000000000000000000000000000000000000000000000000000000000000000000000000000000000000000000000000000000000000000F
:4031C00000000000000000000000000000000000000000000000000000000000000000000000000000000000000000000000000000000000000000000000000000000000CF
:40320000000000000000000000000000000000000000000000000000000000000000000000000000000000000000000000000000000000000000000000000000000000008E
:40324000000000000000000000000000000000000000000000000000000000000000000000000000000000000000000000000000000000000000000000000000000000004E
:40328000000000000000000000000000000000000000000000000000000000000000000000000000000000000000000000000000000000000000000000000000000000000E
:4032C00000000000000000000000000000000000000000000000000000000000000000000000000000000000000000000000000000000000000000000000000000000000CE
:40330000000000000000000000000000000000000000000000000000000000000000000000000000000000000000000000000000000000000000000000000000000000008D
:40334000000000000000000000000000000000000000000000000000000000000000000000000000000000000000000000000000000000000000000000000000000000004D
:40338000000000000000000000000000000000000000000000000000000000000000000000000000000000000000000000000000000000000000000000000000000000000D
:4033C00000000000000000000000000000000000000000000000000000000000000000000000000000000000000000000000000000000000000000000000000000000000CD
:40340000000000000000000000000000000000000000000000000000000000000000000000000000000000000000000000000000000000000000000000000000000000008C
:40344000000000000000000000000000000000000000000000000000000000000000000000000000000000000000000000000000000000000000000000000000000000004C
:40348000000000000000000000000000000000000000000000000000000000000000000000000000000000000000000000000000000000000000000000000000000000000C
:4034C00000000000000000000000000000000000000000000000000000000000000000000000000000000000000000000000000000000000000000000000000000000000CC
:40350000000000000000000000000000000000000000000000000000000000000000000000000000000000000000000000000000000000000000000000000000000000008B
:40354000000000000000000000000000000000000000000000000000000000000000000000000000000000000000000000000000000000000000000000000000000000004B
:40358000000000000000000000000000000000000000000000000000000000000000000000000000000000000000000000000000000000000000000000000000000000000B
:4035C00000000000000000000000000000000000000000000000000000000000000000000000000000000000000000000000000000000000000000000000000000000000CB
:40360000000000000000000000000000000000000000000000000000000000000000000000000000000000000000000000000000000000000000000000000000000000008A
:40364000000000000000000000000000000000000000000000000000000000000000000000000000000000000000000000000000000000000000000000000000000000004A
:40368000000000000000000000000000000000000000000000000000000000000000000000000000000000000000000000000000000000000000000000000000000000000A
:4036C00000000000000000000000000000000000000000000000000000000000000000000000000000000000000000000000000000000000000000000000000000000000CA
:403700000000000000000000000000000000000000000000000000000000000000000000000000000000000000000000000000000000000000000000000000000000000089
:403740000000000000000000000000000000000000000000000000000000000000000000000000000000000000000000000000000000000000000000000000000000000049
:403780000000000000000000000000000000000000000000000000000000000000000000000000000000000000000000000000000000000000000000000000000000000009
:4037C00000000000000000000000000000000000000000000000000000000000000000000000000000000000000000000000000000000000000000000000000000000000C9
:403800000000000000000000000000000000000000000000000000000000000000000000000000000000000000000000000000000000000000000000000000000000000088
:403840000000000000000000000000000000000000000000000000000000000000000000000000000000000000000000000000000000000000000000000000000000000048
:403880000000000000000000000000000000000000000000000000000000000000000000000000000000000000000000000000000000000000000000000000000000000008
:4038C00000000000000000000000000000000000000000000000000000000000000000000000000000000000000000000000000000000000000000000000000000000000C8
:403900000000000000000000000000000000000000000000000000000000000000000000000000000000000000000000000000000000000000000000000000000000000087
:403940000000000000000000000000000000000000000000000000000000000000000000000000000000000000000000000000000000000000000000000000000000000047
:403980000000000000000000000000000000000000000000000000000000000000000000000000000000000000000000000000000000000000000000000000000000000007
:4039C00000000000000000000000000000000000000000000000000000000000000000000000000000000000000000000000000000000000000000000000000000000000C7
:403A00000000000000000000000000000000000000000000000000000000000000000000000000000000000000000000000000000000000000000000000000000000000086
:403A40000000000000000000000000000000000000000000000000000000000000000000000000000000000000000000000000000000000000000000000000000000000046
:403A80000000000000000000000000000000000000000000000000000000000000000000000000000000000000000000000000000000000000000000000000000000000006
:403AC00000000000000000000000000000000000000000000000000000000000000000000000000000000000000000000000000000000000000000000000000000000000C6
:403B00000000000000000000000000000000000000000000000000000000000000000000000000000000000000000000000000000000000000000000000000000000000085
:403B40000000000000000000000000000000000000000000000000000000000000000000000000000000000000000000000000000000000000000000000000000000000045
:403B80000000000000000000000000000000000000000000000000000000000000000000000000000000000000000000000000000000000000000000000000000000000005
:403BC00000000000000000000000000000000000000000000000000000000000000000000000000000000000000000000000000000000000000000000000000000000000C5
:403C00000000000000000000000000000000000000000000000000000000000000000000000000000000000000000000000000000000000000000000000000000000000084
:403C40000000000000000000000000000000000000000000000000000000000000000000000000000000000000000000000000000000000000000000000000000000000044
:403C80000000000000000000000000000000000000000000000000000000000000000000000000000000000000000000000000000000000000000000000000000000000004
:403CC00000000000000000000000000000000000000000000000000000000000000000000000000000000000000000000000000000000000000000000000000000000000C4
:403D00000000000000000000000000000000000000000000000000000000000000000000000000000000000000000000000000000000000000000000000000000000000083
:403D40000000000000000000000000000000000000000000000000000000000000000000000000000000000000000000000000000000000000000000000000000000000043
:403D80000000000000000000000000000000000000000000000000000000000000000000000000000000000000000000000000000000000000000000000000000000000003
:403DC00000000000000000000000000000000000000000000000000000000000000000000000000000000000000000000000000000000000000000000000000000000000C3
:403E00000000000000000000000000000000000000000000000000000000000000000000000000000000000000000000000000000000000000000000000000000000000082
:403E40000000000000000000000000000000000000000000000000000000000000000000000000000000000000000000000000000000000000000000000000000000000042
:403E80000000000000000000000000000000000000000000000000000000000000000000000000000000000000000000000000000000000000000000000000000000000002
:403EC00000000000000000000000000000000000000000000000000000000000000000000000000000000000000000000000000000000000000000000000000000000000C2
:403F00000000000000000000000000000000000000000000000000000000000000000000000000000000000000000000000000000000000000000000000000000000000081
:403F40000000000000000000000000000000000000000000000000000000000000000000000000000000000000000000000000000000000000000000000000000000000041
:403F80000000000000000000000000000000000000000000000000000000000000000000000000000000000000000000000000000000000000000000000000000000000001
:403FC00000000000000000000000000000000000000000000000000000000000000000000000000000000000000000000000000000000000000000000000000000000000C1
:404000000000000000000000000000000000000000000000000000000000000000000000000000000000000000000000000000000000000000000000000000000000000080
:404040000000000000000000000000000000000000000000000000000000000000000000000000000000000000000000000000000000000000000000000000000000000040
:404080000000000000000000000000000000000000000000000000000000000000000000000000000000000000000000000000000000000000000000000000000000000000
:4040C00000000000000000000000000000000000000000000000000000000000000000000000000000000000000000000000000000000000000000000000000000000000C0
:40410000000000000000000000000000000000000000000000000000000000000000000000000000000000000000000000000000000000000000000000000000000000007F
:40414000000000000000000000000000000000000000000000000000000000000000000000000000000000000000000000000000000000000000000000000000000000003F
:4041800000000000000000000000000000000000000000000000000000000000000000000000000000000000000000000000000000000000000000000000000000000000FF
:4041C00000000000000000000000000000000000000000000000000000000000000000000000000000000000000000000000000000000000000000000000000000000000BF
:40420000000000000000000000000000000000000000000000000000000000000000000000000000000000000000000000000000000000000000000000000000000000007E
:40424000000000000000000000000000000000000000000000000000000000000000000000000000000000000000000000000000000000000000000000000000000000003E
:4042800000000000000000000000000000000000000000000000000000000000000000000000000000000000000000000000000000000000000000000000000000000000FE
:4042C00000000000000000000000000000000000000000000000000000000000000000000000000000000000000000000000000000000000000000000000000000000000BE
:40430000000000000000000000000000000000000000000000000000000000000000000000000000000000000000000000000000000000000000000000000000000000007D
:40434000000000000000000000000000000000000000000000000000000000000000000000000000000000000000000000000000000000000000000000000000000000003D
:4043800000000000000000000000000000000000000000000000000000000000000000000000000000000000000000000000000000000000000000000000000000000000FD
:4043C00000000000000000000000000000000000000000000000000000000000000000000000000000000000000000000000000000000000000000000000000000000000BD
:40440000000000000000000000000000000000000000000000000000000000000000000000000000000000000000000000000000000000000000000000000000000000007C
:40444000000000000000000000000000000000000000000000000000000000000000000000000000000000000000000000000000000000000000000000000000000000003C
:4044800000000000000000000000000000000000000000000000000000000000000000000000000000000000000000000000000000000000000000000000000000000000FC
:4044C00000000000000000000000000000000000000000000000000000000000000000000000000000000000000000000000000000000000000000000000000000000000BC
:40450000000000000000000000000000000000000000000000000000000000000000000000000000000000000000000000000000000000000000000000000000000000007B
:40454000000000000000000000000000000000000000000000000000000000000000000000000000000000000000000000000000000000000000000000000000000000003B
:4045800000000000000000000000000000000000000000000000000000000000000000000000000000000000000000000000000000000000000000000000000000000000FB
:4045C00000000000000000000000000000000000000000000000000000000000000000000000000000000000000000000000000000000000000000000000000000000000BB
:40460000000000000000000000000000000000000000000000000000000000000000000000000000000000000000000000000000000000000000000000000000000000007A
:40464000000000000000000000000000000000000000000000000000000000000000000000000000000000000000000000000000000000000000000000000000000000003A
:4046800000000000000000000000000000000000000000000000000000000000000000000000000000000000000000000000000000000000000000000000000000000000FA
:4046C00000000000000000000000000000000000000000000000000000000000000000000000000000000000000000000000000000000000000000000000000000000000BA
:404700000000000000000000000000000000000000000000000000000000000000000000000000000000000000000000000000000000000000000000000000000000000079
:404740000000000000000000000000000000000000000000000000000000000000000000000000000000000000000000000000000000000000000000000000000000000039
:4047800000000000000000000000000000000000000000000000000000000000000000000000000000000000000000000000000000000000000000000000000000000000F9
:4047C00000000000000000000000000000000000000000000000000000000000000000000000000000000000000000000000000000000000000000000000000000000000B9
:404800000000000000000000000000000000000000000000000000000000000000000000000000000000000000000000000000000000000000000000000000000000000078
:404840000000000000000000000000000000000000000000000000000000000000000000000000000000000000000000000000000000000000000000000000000000000038
:4048800000000000000000000000000000000000000000000000000000000000000000000000000000000000000000000000000000000000000000000000000000000000F8
:4048C00000000000000000000000000000000000000000000000000000000000000000000000000000000000000000000000000000000000000000000000000000000000B8
:404900000000000000000000000000000000000000000000000000000000000000000000000000000000000000000000000000000000000000000000000000000000000077
:404940000000000000000000000000000000000000000000000000000000000000000000000000000000000000000000000000000000000000000000000000000000000037
:4049800000000000000000000000000000000000000000000000000000000000000000000000000000000000000000000000000000000000000000000000000000000000F7
:4049C00000000000000000000000000000000000000000000000000000000000000000000000000000000000000000000000000000000000000000000000000000000000B7
:404A00000000000000000000000000000000000000000000000000000000000000000000000000000000000000000000000000000000000000000000000000000000000076
:404A40000000000000000000000000000000000000000000000000000000000000000000000000000000000000000000000000000000000000000000000000000000000036
:404A800000000000000000000000000000000000000000000000000000000000000000000000000000000000000000000000000000000000000000000000000000000000F6
:404AC00000000000000000000000000000000000000000000000000000000000000000000000000000000000000000000000000000000000000000000000000000000000B6
:404B00000000000000000000000000000000000000000000000000000000000000000000000000000000000000000000000000000000000000000000000000000000000075
:404B40000000000000000000000000000000000000000000000000000000000000000000000000000000000000000000000000000000000000000000000000000000000035
:404B800000000000000000000000000000000000000000000000000000000000000000000000000000000000000000000000000000000000000000000000000000000000F5
:404BC00000000000000000000000000000000000000000000000000000000000000000000000000000000000000000000000000000000000000000000000000000000000B5
:404C00000000000000000000000000000000000000000000000000000000000000000000000000000000000000000000000000000000000000000000000000000000000074
:404C40000000000000000000000000000000000000000000000000000000000000000000000000000000000000000000000000000000000000000000000000000000000034
:404C800000000000000000000000000000000000000000000000000000000000000000000000000000000000000000000000000000000000000000000000000000000000F4
:404CC00000000000000000000000000000000000000000000000000000000000000000000000000000000000000000000000000000000000000000000000000000000000B4
:404D00000000000000000000000000000000000000000000000000000000000000000000000000000000000000000000000000000000000000000000000000000000000073
:404D40000000000000000000000000000000000000000000000000000000000000000000000000000000000000000000000000000000000000000000000000000000000033
:404D800000000000000000000000000000000000000000000000000000000000000000000000000000000000000000000000000000000000000000000000000000000000F3
:404DC00000000000000000000000000000000000000000000000000000000000000000000000000000000000000000000000000000000000000000000000000000000000B3
:404E00000000000000000000000000000000000000000000000000000000000000000000000000000000000000000000000000000000000000000000000000000000000072
:404E40000000000000000000000000000000000000000000000000000000000000000000000000000000000000000000000000000000000000000000000000000000000032
:404E800000000000000000000000000000000000000000000000000000000000000000000000000000000000000000000000000000000000000000000000000000000000F2
:404EC00000000000000000000000000000000000000000000000000000000000000000000000000000000000000000000000000000000000000000000000000000000000B2
:404F00000000000000000000000000000000000000000000000000000000000000000000000000000000000000000000000000000000000000000000000000000000000071
:404F40000000000000000000000000000000000000000000000000000000000000000000000000000000000000000000000000000000000000000000000000000000000031
:404F800000000000000000000000000000000000000000000000000000000000000000000000000000000000000000000000000000000000000000000000000000000000F1
:404FC00000000000000000000000000000000000000000000000000000000000000000000000000000000000000000000000000000000000000000000000000000000000B1
:405000000000000000000000000000000000000000000000000000000000000000000000000000000000000000000000000000000000000000000000000000000000000070
:405040000000000000000000000000000000000000000000000000000000000000000000000000000000000000000000000000000000000000000000000000000000000030
:4050800000000000000000000000000000000000000000000000000000000000000000000000000000000000000000000000000000000000000000000000000000000000F0
:4050C00000000000000000000000000000000000000000000000000000000000000000000000000000000000000000000000000000000000000000000000000000000000B0
:40510000000000000000000000000000000000000000000000000000000000000000000000000000000000000000000000000000000000000000000000000000000000006F
:40514000000000000000000000000000000000000000000000000000000000000000000000000000000000000000000000000000000000000000000000000000000000002F
:4051800000000000000000000000000000000000000000000000000000000000000000000000000000000000000000000000000000000000000000000000000000000000EF
:4051C00000000000000000000000000000000000000000000000000000000000000000000000000000000000000000000000000000000000000000000000000000000000AF
:40520000000000000000000000000000000000000000000000000000000000000000000000000000000000000000000000000000000000000000000000000000000000006E
:40524000000000000000000000000000000000000000000000000000000000000000000000000000000000000000000000000000000000000000000000000000000000002E
:4052800000000000000000000000000000000000000000000000000000000000000000000000000000000000000000000000000000000000000000000000000000000000EE
:4052C00000000000000000000000000000000000000000000000000000000000000000000000000000000000000000000000000000000000000000000000000000000000AE
:40530000000000000000000000000000000000000000000000000000000000000000000000000000000000000000000000000000000000000000000000000000000000006D
:40534000000000000000000000000000000000000000000000000000000000000000000000000000000000000000000000000000000000000000000000000000000000002D
:4053800000000000000000000000000000000000000000000000000000000000000000000000000000000000000000000000000000000000000000000000000000000000ED
:4053C00000000000000000000000000000000000000000000000000000000000000000000000000000000000000000000000000000000000000000000000000000000000AD
:40540000000000000000000000000000000000000000000000000000000000000000000000000000000000000000000000000000000000000000000000000000000000006C
:40544000000000000000000000000000000000000000000000000000000000000000000000000000000000000000000000000000000000000000000000000000000000002C
:4054800000000000000000000000000000000000000000000000000000000000000000000000000000000000000000000000000000000000000000000000000000000000EC
:4054C00000000000000000000000000000000000000000000000000000000000000000000000000000000000000000000000000000000000000000000000000000000000AC
:40550000000000000000000000000000000000000000000000000000000000000000000000000000000000000000000000000000000000000000000000000000000000006B
:40554000000000000000000000000000000000000000000000000000000000000000000000000000000000000000000000000000000000000000000000000000000000002B
:4055800000000000000000000000000000000000000000000000000000000000000000000000000000000000000000000000000000000000000000000000000000000000EB
:4055C00000000000000000000000000000000000000000000000000000000000000000000000000000000000000000000000000000000000000000000000000000000000AB
:40560000000000000000000000000000000000000000000000000000000000000000000000000000000000000000000000000000000000000000000000000000000000006A
:40564000000000000000000000000000000000000000000000000000000000000000000000000000000000000000000000000000000000000000000000000000000000002A
:4056800000000000000000000000000000000000000000000000000000000000000000000000000000000000000000000000000000000000000000000000000000000000EA
:4056C00000000000000000000000000000000000000000000000000000000000000000000000000000000000000000000000000000000000000000000000000000000000AA
:405700000000000000000000000000000000000000000000000000000000000000000000000000000000000000000000000000000000000000000000000000000000000069
:405740000000000000000000000000000000000000000000000000000000000000000000000000000000000000000000000000000000000000000000000000000000000029
:4057800000000000000000000000000000000000000000000000000000000000000000000000000000000000000000000000000000000000000000000000000000000000E9
:4057C00000000000000000000000000000000000000000000000000000000000000000000000000000000000000000000000000000000000000000000000000000000000A9
:405800000000000000000000000000000000000000000000000000000000000000000000000000000000000000000000000000000000000000000000000000000000000068
:405840000000000000000000000000000000000000000000000000000000000000000000000000000000000000000000000000000000000000000000000000000000000028
:4058800000000000000000000000000000000000000000000000000000000000000000000000000000000000000000000000000000000000000000000000000000000000E8
:4058C00000000000000000000000000000000000000000000000000000000000000000000000000000000000000000000000000000000000000000000000000000000000A8
:405900000000000000000000000000000000000000000000000000000000000000000000000000000000000000000000000000000000000000000000000000000000000067
:405940000000000000000000000000000000000000000000000000000000000000000000000000000000000000000000000000000000000000000000000000000000000027
:4059800000000000000000000000000000000000000000000000000000000000000000000000000000000000000000000000000000000000000000000000000000000000E7
:4059C00000000000000000000000000000000000000000000000000000000000000000000000000000000000000000000000000000000000000000000000000000000000A7
:405A00000000000000000000000000000000000000000000000000000000000000000000000000000000000000000000000000000000000000000000000000000000000066
:405A40000000000000000000000000000000000000000000000000000000000000000000000000000000000000000000000000000000000000000000000000000000000026
:405A800000000000000000000000000000000000000000000000000000000000000000000000000000000000000000000000000000000000000000000000000000000000E6
:405AC00000000000000000000000000000000000000000000000000000000000000000000000000000000000000000000000000000000000000000000000000000000000A6
:405B00000000000000000000000000000000000000000000000000000000000000000000000000000000000000000000000000000000000000000000000000000000000065
:405B40000000000000000000000000000000000000000000000000000000000000000000000000000000000000000000000000000000000000000000000000000000000025
:405B800000000000000000000000000000000000000000000000000000000000000000000000000000000000000000000000000000000000000000000000000000000000E5
:405BC00000000000000000000000000000000000000000000000000000000000000000000000000000000000000000000000000000000000000000000000000000000000A5
:405C00000000000000000000000000000000000000000000000000000000000000000000000000000000000000000000000000000000000000000000000000000000000064
:405C40000000000000000000000000000000000000000000000000000000000000000000000000000000000000000000000000000000000000000000000000000000000024
:405C800000000000000000000000000000000000000000000000000000000000000000000000000000000000000000000000000000000000000000000000000000000000E4
:405CC00000000000000000000000000000000000000000000000000000000000000000000000000000000000000000000000000000000000000000000000000000000000A4
:405D00000000000000000000000000000000000000000000000000000000000000000000000000000000000000000000000000000000000000000000000000000000000063
:405D40000000000000000000000000000000000000000000000000000000000000000000000000000000000000000000000000000000000000000000000000000000000023
:405D800000000000000000000000000000000000000000000000000000000000000000000000000000000000000000000000000000000000000000000000000000000000E3
:405DC00000000000000000000000000000000000000000000000000000000000000000000000000000000000000000000000000000000000000000000000000000000000A3
:405E00000000000000000000000000000000000000000000000000000000000000000000000000000000000000000000000000000000000000000000000000000000000062
:405E40000000000000000000000000000000000000000000000000000000000000000000000000000000000000000000000000000000000000000000000000000000000022
:405E800000000000000000000000000000000000000000000000000000000000000000000000000000000000000000000000000000000000000000000000000000000000E2
:405EC00000000000000000000000000000000000000000000000000000000000000000000000000000000000000000000000000000000000000000000000000000000000A2
:405F00000000000000000000000000000000000000000000000000000000000000000000000000000000000000000000000000000000000000000000000000000000000061
:405F40000000000000000000000000000000000000000000000000000000000000000000000000000000000000000000000000000000000000000000000000000000000021
:405F800000000000000000000000000000000000000000000000000000000000000000000000000000000000000000000000000000000000000000000000000000000000E1
:405FC00000000000000000000000000000000000000000000000000000000000000000000000000000000000000000000000000000000000000000000000000000000000A1
:406000000000000000000000000000000000000000000000000000000000000000000000000000000000000000000000000000000000000000000000000000000000000060
:406040000000000000000000000000000000000000000000000000000000000000000000000000000000000000000000000000000000000000000000000000000000000020
:4060800000000000000000000000000000000000000000000000000000000000000000000000000000000000000000000000000000000000000000000000000000000000E0
:4060C00000000000000000000000000000000000000000000000000000000000000000000000000000000000000000000000000000000000000000000000000000000000A0
:40610000000000000000000000000000000000000000000000000000000000000000000000000000000000000000000000000000000000000000000000000000000000005F
:40614000000000000000000000000000000000000000000000000000000000000000000000000000000000000000000000000000000000000000000000000000000000001F
:4061800000000000000000000000000000000000000000000000000000000000000000000000000000000000000000000000000000000000000000000000000000000000DF
:4061C000000000000000000000000000000000000000000000000000000000000000000000000000000000000000000000000000000000000000000000000000000000009F
:40620000000000000000000000000000000000000000000000000000000000000000000000000000000000000000000000000000000000000000000000000000000000005E
:40624000000000000000000000000000000000000000000000000000000000000000000000000000000000000000000000000000000000000000000000000000000000001E
:4062800000000000000000000000000000000000000000000000000000000000000000000000000000000000000000000000000000000000000000000000000000000000DE
:4062C000000000000000000000000000000000000000000000000000000000000000000000000000000000000000000000000000000000000000000000000000000000009E
:40630000000000000000000000000000000000000000000000000000000000000000000000000000000000000000000000000000000000000000000000000000000000005D
:40634000000000000000000000000000000000000000000000000000000000000000000000000000000000000000000000000000000000000000000000000000000000001D
:4063800000000000000000000000000000000000000000000000000000000000000000000000000000000000000000000000000000000000000000000000000000000000DD
:4063C000000000000000000000000000000000000000000000000000000000000000000000000000000000000000000000000000000000000000000000000000000000009D
:40640000000000000000000000000000000000000000000000000000000000000000000000000000000000000000000000000000000000000000000000000000000000005C
:40644000000000000000000000000000000000000000000000000000000000000000000000000000000000000000000000000000000000000000000000000000000000001C
:4064800000000000000000000000000000000000000000000000000000000000000000000000000000000000000000000000000000000000000000000000000000000000DC
:4064C000000000000000000000000000000000000000000000000000000000000000000000000000000000000000000000000000000000000000000000000000000000009C
:40650000000000000000000000000000000000000000000000000000000000000000000000000000000000000000000000000000000000000000000000000000000000005B
:40654000000000000000000000000000000000000000000000000000000000000000000000000000000000000000000000000000000000000000000000000000000000001B
:4065800000000000000000000000000000000000000000000000000000000000000000000000000000000000000000000000000000000000000000000000000000000000DB
:4065C000000000000000000000000000000000000000000000000000000000000000000000000000000000000000000000000000000000000000000000000000000000009B
:40660000000000000000000000000000000000000000000000000000000000000000000000000000000000000000000000000000000000000000000000000000000000005A
:40664000000000000000000000000000000000000000000000000000000000000000000000000000000000000000000000000000000000000000000000000000000000001A
:4066800000000000000000000000000000000000000000000000000000000000000000000000000000000000000000000000000000000000000000000000000000000000DA
:4066C000000000000000000000000000000000000000000000000000000000000000000000000000000000000000000000000000000000000000000000000000000000009A
:406700000000000000000000000000000000000000000000000000000000000000000000000000000000000000000000000000000000000000000000000000000000000059
:406740000000000000000000000000000000000000000000000000000000000000000000000000000000000000000000000000000000000000000000000000000000000019
:4067800000000000000000000000000000000000000000000000000000000000000000000000000000000000000000000000000000000000000000000000000000000000D9
:4067C0000000000000000000000000000000000000000000000000000000000000000000000000000000000000000000000000000000000000000000000000000000000099
:406800000000000000000000000000000000000000000000000000000000000000000000000000000000000000000000000000000000000000000000000000000000000058
:406840000000000000000000000000000000000000000000000000000000000000000000000000000000000000000000000000000000000000000000000000000000000018
:4068800000000000000000000000000000000000000000000000000000000000000000000000000000000000000000000000000000000000000000000000000000000000D8
:4068C0000000000000000000000000000000000000000000000000000000000000000000000000000000000000000000000000000000000000000000000000000000000098
:406900000000000000000000000000000000000000000000000000000000000000000000000000000000000000000000000000000000000000000000000000000000000057
:406940000000000000000000000000000000000000000000000000000000000000000000000000000000000000000000000000000000000000000000000000000000000017
:4069800000000000000000000000000000000000000000000000000000000000000000000000000000000000000000000000000000000000000000000000000000000000D7
:4069C0000000000000000000000000000000000000000000000000000000000000000000000000000000000000000000000000000000000000000000000000000000000097
:406A00000000000000000000000000000000000000000000000000000000000000000000000000000000000000000000000000000000000000000000000000000000000056
:406A40000000000000000000000000000000000000000000000000000000000000000000000000000000000000000000000000000000000000000000000000000000000016
:406A800000000000000000000000000000000000000000000000000000000000000000000000000000000000000000000000000000000000000000000000000000000000D6
:406AC0000000000000000000000000000000000000000000000000000000000000000000000000000000000000000000000000000000000000000000000000000000000096
:406B00000000000000000000000000000000000000000000000000000000000000000000000000000000000000000000000000000000000000000000000000000000000055
:406B40000000000000000000000000000000000000000000000000000000000000000000000000000000000000000000000000000000000000000000000000000000000015
:406B800000000000000000000000000000000000000000000000000000000000000000000000000000000000000000000000000000000000000000000000000000000000D5
:406BC0000000000000000000000000000000000000000000000000000000000000000000000000000000000000000000000000000000000000000000000000000000000095
:406C00000000000000000000000000000000000000000000000000000000000000000000000000000000000000000000000000000000000000000000000000000000000054
:406C40000000000000000000000000000000000000000000000000000000000000000000000000000000000000000000000000000000000000000000000000000000000014
:406C800000000000000000000000000000000000000000000000000000000000000000000000000000000000000000000000000000000000000000000000000000000000D4
:406CC0000000000000000000000000000000000000000000000000000000000000000000000000000000000000000000000000000000000000000000000000000000000094
:406D00000000000000000000000000000000000000000000000000000000000000000000000000000000000000000000000000000000000000000000000000000000000053
:406D40000000000000000000000000000000000000000000000000000000000000000000000000000000000000000000000000000000000000000000000000000000000013
:406D800000000000000000000000000000000000000000000000000000000000000000000000000000000000000000000000000000000000000000000000000000000000D3
:406DC0000000000000000000000000000000000000000000000000000000000000000000000000000000000000000000000000000000000000000000000000000000000093
:406E00000000000000000000000000000000000000000000000000000000000000000000000000000000000000000000000000000000000000000000000000000000000052
:406E40000000000000000000000000000000000000000000000000000000000000000000000000000000000000000000000000000000000000000000000000000000000012
:406E800000000000000000000000000000000000000000000000000000000000000000000000000000000000000000000000000000000000000000000000000000000000D2
:406EC0000000000000000000000000000000000000000000000000000000000000000000000000000000000000000000000000000000000000000000000000000000000092
:406F00000000000000000000000000000000000000000000000000000000000000000000000000000000000000000000000000000000000000000000000000000000000051
:406F40000000000000000000000000000000000000000000000000000000000000000000000000000000000000000000000000000000000000000000000000000000000011
:406F800000000000000000000000000000000000000000000000000000000000000000000000000000000000000000000000000000000000000000000000000000000000D1
:406FC0000000000000000000000000000000000000000000000000000000000000000000000000000000000000000000000000000000000000000000000000000000000091
:407000000000000000000000000000000000000000000000000000000000000000000000000000000000000000000000000000000000000000000000000000000000000050
:407040000000000000000000000000000000000000000000000000000000000000000000000000000000000000000000000000000000000000000000000000000000000010
:4070800000000000000000000000000000000000000000000000000000000000000000000000000000000000000000000000000000000000000000000000000000000000D0
:4070C0000000000000000000000000000000000000000000000000000000000000000000000000000000000000000000000000000000000000000000000000000000000090
:40710000000000000000000000000000000000000000000000000000000000000000000000000000000000000000000000000000000000000000000000000000000000004F
:40714000000000000000000000000000000000000000000000000000000000000000000000000000000000000000000000000000000000000000000000000000000000000F
:4071800000000000000000000000000000000000000000000000000000000000000000000000000000000000000000000000000000000000000000000000000000000000CF
:4071C000000000000000000000000000000000000000000000000000000000000000000000000000000000000000000000000000000000000000000000000000000000008F
:40720000000000000000000000000000000000000000000000000000000000000000000000000000000000000000000000000000000000000000000000000000000000004E
:40724000000000000000000000000000000000000000000000000000000000000000000000000000000000000000000000000000000000000000000000000000000000000E
:4072800000000000000000000000000000000000000000000000000000000000000000000000000000000000000000000000000000000000000000000000000000000000CE
:4072C000000000000000000000000000000000000000000000000000000000000000000000000000000000000000000000000000000000000000000000000000000000008E
:40730000000000000000000000000000000000000000000000000000000000000000000000000000000000000000000000000000000000000000000000000000000000004D
:40734000000000000000000000000000000000000000000000000000000000000000000000000000000000000000000000000000000000000000000000000000000000000D
:4073800000000000000000000000000000000000000000000000000000000000000000000000000000000000000000000000000000000000000000000000000000000000CD
:4073C000000000000000000000000000000000000000000000000000000000000000000000000000000000000000000000000000000000000000000000000000000000008D
:40740000000000000000000000000000000000000000000000000000000000000000000000000000000000000000000000000000000000000000000000000000000000004C
:40744000000000000000000000000000000000000000000000000000000000000000000000000000000000000000000000000000000000000000000000000000000000000C
:4074800000000000000000000000000000000000000000000000000000000000000000000000000000000000000000000000000000000000000000000000000000000000CC
:4074C000000000000000000000000000000000000000000000000000000000000000000000000000000000000000000000000000000000000000000000000000000000008C
:40750000000000000000000000000000000000000000000000000000000000000000000000000000000000000000000000000000000000000000000000000000000000004B
:40754000000000000000000000000000000000000000000000000000000000000000000000000000000000000000000000000000000000000000000000000000000000000B
:4075800000000000000000000000000000000000000000000000000000000000000000000000000000000000000000000000000000000000000000000000000000000000CB
:4075C000000000000000000000000000000000000000000000000000000000000000000000000000000000000000000000000000000000000000000000000000000000008B
:40760000000000000000000000000000000000000000000000000000000000000000000000000000000000000000000000000000000000000000000000000000000000004A
:40764000000000000000000000000000000000000000000000000000000000000000000000000000000000000000000000000000000000000000000000000000000000000A
:4076800000000000000000000000000000000000000000000000000000000000000000000000000000000000000000000000000000000000000000000000000000000000CA
:4076C000000000000000000000000000000000000000000000000000000000000000000000000000000000000000000000000000000000000000000000000000000000008A
:407700000000000000000000000000000000000000000000000000000000000000000000000000000000000000000000000000000000000000000000000000000000000049
:407740000000000000000000000000000000000000000000000000000000000000000000000000000000000000000000000000000000000000000000000000000000000009
:4077800000000000000000000000000000000000000000000000000000000000000000000000000000000000000000000000000000000000000000000000000000000000C9
:4077C0000000000000000000000000000000000000000000000000000000000000000000000000000000000000000000000000000000000000000000000000000000000089
:407800000000000000000000000000000000000000000000000000000000000000000000000000000000000000000000000000000000000000000000000000000000000048
:407840000000000000000000000000000000000000000000000000000000000000000000000000000000000000000000000000000000000000000000000000000000000008
:4078800000000000000000000000000000000000000000000000000000000000000000000000000000000000000000000000000000000000000000000000000000000000C8
:4078C0000000000000000000000000000000000000000000000000000000000000000000000000000000000000000000000000000000000000000000000000000000000088
:407900000000000000000000000000000000000000000000000000000000000000000000000000000000000000000000000000000000000000000000000000000000000047
:407940000000000000000000000000000000000000000000000000000000000000000000000000000000000000000000000000000000000000000000000000000000000007
:4079800000000000000000000000000000000000000000000000000000000000000000000000000000000000000000000000000000000000000000000000000000000000C7
:4079C0000000000000000000000000000000000000000000000000000000000000000000000000000000000000000000000000000000000000000000000000000000000087
:407A00000000000000000000000000000000000000000000000000000000000000000000000000000000000000000000000000000000000000000000000000000000000046
:407A40000000000000000000000000000000000000000000000000000000000000000000000000000000000000000000000000000000000000000000000000000000000006
:407A800000000000000000000000000000000000000000000000000000000000000000000000000000000000000000000000000000000000000000000000000000000000C6
:407AC0000000000000000000000000000000000000000000000000000000000000000000000000000000000000000000000000000000000000000000000000000000000086
:407B00000000000000000000000000000000000000000000000000000000000000000000000000000000000000000000000000000000000000000000000000000000000045
:407B40000000000000000000000000000000000000000000000000000000000000000000000000000000000000000000000000000000000000000000000000000000000005
:407B800000000000000000000000000000000000000000000000000000000000000000000000000000000000000000000000000000000000000000000000000000000000C5
:407BC0000000000000000000000000000000000000000000000000000000000000000000000000000000000000000000000000000000000000000000000000000000000085
:407C00000000000000000000000000000000000000000000000000000000000000000000000000000000000000000000000000000000000000000000000000000000000044
:407C40000000000000000000000000000000000000000000000000000000000000000000000000000000000000000000000000000000000000000000000000000000000004
:407C800000000000000000000000000000000000000000000000000000000000000000000000000000000000000000000000000000000000000000000000000000000000C4
:407CC0000000000000000000000000000000000000000000000000000000000000000000000000000000000000000000000000000000000000000000000000000000000084
:407D00000000000000000000000000000000000000000000000000000000000000000000000000000000000000000000000000000000000000000000000000000000000043
:407D40000000000000000000000000000000000000000000000000000000000000000000000000000000000000000000000000000000000000000000000000000000000003
:407D800000000000000000000000000000000000000000000000000000000000000000000000000000000000000000000000000000000000000000000000000000000000C3
:407DC0000000000000000000000000000000000000000000000000000000000000000000000000000000000000000000000000000000000000000000000000000000000083
:407E00000000000000000000000000000000000000000000000000000000000000000000000000000000000000000000000000000000000000000000000000000000000042
:407E40000000000000000000000000000000000000000000000000000000000000000000000000000000000000000000000000000000000000000000000000000000000002
:407E800000000000000000000000000000000000000000000000000000000000000000000000000000000000000000000000000000000000000000000000000000000000C2
:407EC0000000000000000000000000000000000000000000000000000000000000000000000000000000000000000000000000000000000000000000000000000000000082
:407F00000000000000000000000000000000000000000000000000000000000000000000000000000000000000000000000000000000000000000000000000000000000041
:407F40000000000000000000000000000000000000000000000000000000000000000000000000000000000000000000000000000000000000000000000000000000000001
:407F800000000000000000000000000000000000000000000000000000000000000000000000000000000000000000000000000000000000000000000000000000000000C1
:407FC0000000000000000000000000000000000000000000000000000000000000000000000000000000000000000000000000000000000000000000000000000000000081
:408000000000000000000000000000000000000000000000000000000000000000000000000000000000000000000000000000000000000000000000000000000000000040
:408040000000000000000000000000000000000000000000000000000000000000000000000000000000000000000000000000000000000000000000000000000000000000
:4080800000000000000000000000000000000000000000000000000000000000000000000000000000000000000000000000000000000000000000000000000000000000C0
:4080C0000000000000000000000000000000000000000000000000000000000000000000000000000000000000000000000000000000000000000000000000000000000080
:40810000000000000000000000000000000000000000000000000000000000000000000000000000000000000000000000000000000000000000000000000000000000003F
:4081400000000000000000000000000000000000000000000000000000000000000000000000000000000000000000000000000000000000000000000000000000000000FF
:4081800000000000000000000000000000000000000000000000000000000000000000000000000000000000000000000000000000000000000000000000000000000000BF
:4081C000000000000000000000000000000000000000000000000000000000000000000000000000000000000000000000000000000000000000000000000000000000007F
:40820000000000000000000000000000000000000000000000000000000000000000000000000000000000000000000000000000000000000000000000000000000000003E
:4082400000000000000000000000000000000000000000000000000000000000000000000000000000000000000000000000000000000000000000000000000000000000FE
:4082800000000000000000000000000000000000000000000000000000000000000000000000000000000000000000000000000000000000000000000000000000000000BE
:4082C000000000000000000000000000000000000000000000000000000000000000000000000000000000000000000000000000000000000000000000000000000000007E
:40830000000000000000000000000000000000000000000000000000000000000000000000000000000000000000000000000000000000000000000000000000000000003D
:4083400000000000000000000000000000000000000000000000000000000000000000000000000000000000000000000000000000000000000000000000000000000000FD
:4083800000000000000000000000000000000000000000000000000000000000000000000000000000000000000000000000000000000000000000000000000000000000BD
:4083C000000000000000000000000000000000000000000000000000000000000000000000000000000000000000000000000000000000000000000000000000000000007D
:40840000000000000000000000000000000000000000000000000000000000000000000000000000000000000000000000000000000000000000000000000000000000003C
:4084400000000000000000000000000000000000000000000000000000000000000000000000000000000000000000000000000000000000000000000000000000000000FC
:4084800000000000000000000000000000000000000000000000000000000000000000000000000000000000000000000000000000000000000000000000000000000000BC
:4084C000000000000000000000000000000000000000000000000000000000000000000000000000000000000000000000000000000000000000000000000000000000007C
:40850000000000000000000000000000000000000000000000000000000000000000000000000000000000000000000000000000000000000000000000000000000000003B
:4085400000000000000000000000000000000000000000000000000000000000000000000000000000000000000000000000000000000000000000000000000000000000FB
:4085800000000000000000000000000000000000000000000000000000000000000000000000000000000000000000000000000000000000000000000000000000000000BB
:4085C000000000000000000000000000000000000000000000000000000000000000000000000000000000000000000000000000000000000000000000000000000000007B
:40860000000000000000000000000000000000000000000000000000000000000000000000000000000000000000000000000000000000000000000000000000000000003A
:4086400000000000000000000000000000000000000000000000000000000000000000000000000000000000000000000000000000000000000000000000000000000000FA
:4086800000000000000000000000000000000000000000000000000000000000000000000000000000000000000000000000000000000000000000000000000000000000BA
:4086C000000000000000000000000000000000000000000000000000000000000000000000000000000000000000000000000000000000000000000000000000000000007A
:408700000000000000000000000000000000000000000000000000000000000000000000000000000000000000000000000000000000000000000000000000000000000039
:4087400000000000000000000000000000000000000000000000000000000000000000000000000000000000000000000000000000000000000000000000000000000000F9
:4087800000000000000000000000000000000000000000000000000000000000000000000000000000000000000000000000000000000000000000000000000000000000B9
:4087C0000000000000000000000000000000000000000000000000000000000000000000000000000000000000000000000000000000000000000000000000000000000079
:408800000000000000000000000000000000000000000000000000000000000000000000000000000000000000000000000000000000000000000000000000000000000038
:4088400000000000000000000000000000000000000000000000000000000000000000000000000000000000000000000000000000000000000000000000000000000000F8
:4088800000000000000000000000000000000000000000000000000000000000000000000000000000000000000000000000000000000000000000000000000000000000B8
:4088C0000000000000000000000000000000000000000000000000000000000000000000000000000000000000000000000000000000000000000000000000000000000078
:408900000000000000000000000000000000000000000000000000000000000000000000000000000000000000000000000000000000000000000000000000000000000037
:4089400000000000000000000000000000000000000000000000000000000000000000000000000000000000000000000000000000000000000000000000000000000000F7
:4089800000000000000000000000000000000000000000000000000000000000000000000000000000000000000000000000000000000000000000000000000000000000B7
:4089C0000000000000000000000000000000000000000000000000000000000000000000000000000000000000000000000000000000000000000000000000000000000077
:408A00000000000000000000000000000000000000000000000000000000000000000000000000000000000000000000000000000000000000000000000000000000000036
:408A400000000000000000000000000000000000000000000000000000000000000000000000000000000000000000000000000000000000000000000000000000000000F6
:408A800000000000000000000000000000000000000000000000000000000000000000000000000000000000000000000000000000000000000000000000000000000000B6
:408AC0000000000000000000000000000000000000000000000000000000000000000000000000000000000000000000000000000000000000000000000000000000000076
:408B00000000000000000000000000000000000000000000000000000000000000000000000000000000000000000000000000000000000000000000000000000000000035
:408B400000000000000000000000000000000000000000000000000000000000000000000000000000000000000000000000000000000000000000000000000000000000F5
:408B800000000000000000000000000000000000000000000000000000000000000000000000000000000000000000000000000000000000000000000000000000000000B5
:408BC0000000000000000000000000000000000000000000000000000000000000000000000000000000000000000000000000000000000000000000000000000000000075
:408C00000000000000000000000000000000000000000000000000000000000000000000000000000000000000000000000000000000000000000000000000000000000034
:408C400000000000000000000000000000000000000000000000000000000000000000000000000000000000000000000000000000000000000000000000000000000000F4
:408C800000000000000000000000000000000000000000000000000000000000000000000000000000000000000000000000000000000000000000000000000000000000B4
:408CC0000000000000000000000000000000000000000000000000000000000000000000000000000000000000000000000000000000000000000000000000000000000074
:408D00000000000000000000000000000000000000000000000000000000000000000000000000000000000000000000000000000000000000000000000000000000000033
:408D400000000000000000000000000000000000000000000000000000000000000000000000000000000000000000000000000000000000000000000000000000000000F3
:408D800000000000000000000000000000000000000000000000000000000000000000000000000000000000000000000000000000000000000000000000000000000000B3
:408DC0000000000000000000000000000000000000000000000000000000000000000000000000000000000000000000000000000000000000000000000000000000000073
:408E00000000000000000000000000000000000000000000000000000000000000000000000000000000000000000000000000000000000000000000000000000000000032
:408E400000000000000000000000000000000000000000000000000000000000000000000000000000000000000000000000000000000000000000000000000000000000F2
:408E800000000000000000000000000000000000000000000000000000000000000000000000000000000000000000000000000000000000000000000000000000000000B2
:408EC0000000000000000000000000000000000000000000000000000000000000000000000000000000000000000000000000000000000000000000000000000000000072
:408F00000000000000000000000000000000000000000000000000000000000000000000000000000000000000000000000000000000000000000000000000000000000031
:408F400000000000000000000000000000000000000000000000000000000000000000000000000000000000000000000000000000000000000000000000000000000000F1
:408F800000000000000000000000000000000000000000000000000000000000000000000000000000000000000000000000000000000000000000000000000000000000B1
:408FC0000000000000000000000000000000000000000000000000000000000000000000000000000000000000000000000000000000000000000000000000000000000071
:409000000000000000000000000000000000000000000000000000000000000000000000000000000000000000000000000000000000000000000000000000000000000030
:4090400000000000000000000000000000000000000000000000000000000000000000000000000000000000000000000000000000000000000000000000000000000000F0
:4090800000000000000000000000000000000000000000000000000000000000000000000000000000000000000000000000000000000000000000000000000000000000B0
:4090C0000000000000000000000000000000000000000000000000000000000000000000000000000000000000000000000000000000000000000000000000000000000070
:40910000000000000000000000000000000000000000000000000000000000000000000000000000000000000000000000000000000000000000000000000000000000002F
:4091400000000000000000000000000000000000000000000000000000000000000000000000000000000000000000000000000000000000000000000000000000000000EF
:4091800000000000000000000000000000000000000000000000000000000000000000000000000000000000000000000000000000000000000000000000000000000000AF
:4091C000000000000000000000000000000000000000000000000000000000000000000000000000000000000000000000000000000000000000000000000000000000006F
:40920000000000000000000000000000000000000000000000000000000000000000000000000000000000000000000000000000000000000000000000000000000000002E
:4092400000000000000000000000000000000000000000000000000000000000000000000000000000000000000000000000000000000000000000000000000000000000EE
:4092800000000000000000000000000000000000000000000000000000000000000000000000000000000000000000000000000000000000000000000000000000000000AE
:4092C000000000000000000000000000000000000000000000000000000000000000000000000000000000000000000000000000000000000000000000000000000000006E
:40930000000000000000000000000000000000000000000000000000000000000000000000000000000000000000000000000000000000000000000000000000000000002D
:4093400000000000000000000000000000000000000000000000000000000000000000000000000000000000000000000000000000000000000000000000000000000000ED
:4093800000000000000000000000000000000000000000000000000000000000000000000000000000000000000000000000000000000000000000000000000000000000AD
:4093C000000000000000000000000000000000000000000000000000000000000000000000000000000000000000000000000000000000000000000000000000000000006D
:40940000000000000000000000000000000000000000000000000000000000000000000000000000000000000000000000000000000000000000000000000000000000002C
:4094400000000000000000000000000000000000000000000000000000000000000000000000000000000000000000000000000000000000000000000000000000000000EC
:4094800000000000000000000000000000000000000000000000000000000000000000000000000000000000000000000000000000000000000000000000000000000000AC
:4094C000000000000000000000000000000000000000000000000000000000000000000000000000000000000000000000000000000000000000000000000000000000006C
:40950000000000000000000000000000000000000000000000000000000000000000000000000000000000000000000000000000000000000000000000000000000000002B
:4095400000000000000000000000000000000000000000000000000000000000000000000000000000000000000000000000000000000000000000000000000000000000EB
:4095800000000000000000000000000000000000000000000000000000000000000000000000000000000000000000000000000000000000000000000000000000000000AB
:4095C000000000000000000000000000000000000000000000000000000000000000000000000000000000000000000000000000000000000000000000000000000000006B
:40960000000000000000000000000000000000000000000000000000000000000000000000000000000000000000000000000000000000000000000000000000000000002A
:4096400000000000000000000000000000000000000000000000000000000000000000000000000000000000000000000000000000000000000000000000000000000000EA
:4096800000000000000000000000000000000000000000000000000000000000000000000000000000000000000000000000000000000000000000000000000000000000AA
:4096C000000000000000000000000000000000000000000000000000000000000000000000000000000000000000000000000000000000000000000000000000000000006A
:409700000000000000000000000000000000000000000000000000000000000000000000000000000000000000000000000000000000000000000000000000000000000029
:4097400000000000000000000000000000000000000000000000000000000000000000000000000000000000000000000000000000000000000000000000000000000000E9
:4097800000000000000000000000000000000000000000000000000000000000000000000000000000000000000000000000000000000000000000000000000000000000A9
:4097C0000000000000000000000000000000000000000000000000000000000000000000000000000000000000000000000000000000000000000000000000000000000069
:409800000000000000000000000000000000000000000000000000000000000000000000000000000000000000000000000000000000000000000000000000000000000028
:4098400000000000000000000000000000000000000000000000000000000000000000000000000000000000000000000000000000000000000000000000000000000000E8
:4098800000000000000000000000000000000000000000000000000000000000000000000000000000000000000000000000000000000000000000000000000000000000A8
:4098C0000000000000000000000000000000000000000000000000000000000000000000000000000000000000000000000000000000000000000000000000000000000068
:409900000000000000000000000000000000000000000000000000000000000000000000000000000000000000000000000000000000000000000000000000000000000027
:4099400000000000000000000000000000000000000000000000000000000000000000000000000000000000000000000000000000000000000000000000000000000000E7
:4099800000000000000000000000000000000000000000000000000000000000000000000000000000000000000000000000000000000000000000000000000000000000A7
:4099C0000000000000000000000000000000000000000000000000000000000000000000000000000000000000000000000000000000000000000000000000000000000067
:409A00000000000000000000000000000000000000000000000000000000000000000000000000000000000000000000000000000000000000000000000000000000000026
:409A400000000000000000000000000000000000000000000000000000000000000000000000000000000000000000000000000000000000000000000000000000000000E6
:409A800000000000000000000000000000000000000000000000000000000000000000000000000000000000000000000000000000000000000000000000000000000000A6
:409AC0000000000000000000000000000000000000000000000000000000000000000000000000000000000000000000000000000000000000000000000000000000000066
:409B00000000000000000000000000000000000000000000000000000000000000000000000000000000000000000000000000000000000000000000000000000000000025
:409B400000000000000000000000000000000000000000000000000000000000000000000000000000000000000000000000000000000000000000000000000000000000E5
:409B800000000000000000000000000000000000000000000000000000000000000000000000000000000000000000000000000000000000000000000000000000000000A5
:409BC0000000000000000000000000000000000000000000000000000000000000000000000000000000000000000000000000000000000000000000000000000000000065
:409C00000000000000000000000000000000000000000000000000000000000000000000000000000000000000000000000000000000000000000000000000000000000024
:409C400000000000000000000000000000000000000000000000000000000000000000000000000000000000000000000000000000000000000000000000000000000000E4
:409C800000000000000000000000000000000000000000000000000000000000000000000000000000000000000000000000000000000000000000000000000000000000A4
:409CC0000000000000000000000000000000000000000000000000000000000000000000000000000000000000000000000000000000000000000000000000000000000064
:409D00000000000000000000000000000000000000000000000000000000000000000000000000000000000000000000000000000000000000000000000000000000000023
:409D400000000000000000000000000000000000000000000000000000000000000000000000000000000000000000000000000000000000000000000000000000000000E3
:409D800000000000000000000000000000000000000000000000000000000000000000000000000000000000000000000000000000000000000000000000000000000000A3
:409DC0000000000000000000000000000000000000000000000000000000000000000000000000000000000000000000000000000000000000000000000000000000000063
:409E00000000000000000000000000000000000000000000000000000000000000000000000000000000000000000000000000000000000000000000000000000000000022
:409E400000000000000000000000000000000000000000000000000000000000000000000000000000000000000000000000000000000000000000000000000000000000E2
:409E800000000000000000000000000000000000000000000000000000000000000000000000000000000000000000000000000000000000000000000000000000000000A2
:409EC0000000000000000000000000000000000000000000000000000000000000000000000000000000000000000000000000000000000000000000000000000000000062
:409F00000000000000000000000000000000000000000000000000000000000000000000000000000000000000000000000000000000000000000000000000000000000021
:409F400000000000000000000000000000000000000000000000000000000000000000000000000000000000000000000000000000000000000000000000000000000000E1
:409F800000000000000000000000000000000000000000000000000000000000000000000000000000000000000000000000000000000000000000000000000000000000A1
:409FC0000000000000000000000000000000000000000000000000000000000000000000000000000000000000000000000000000000000000000000000000000000000061
:40A000000000000000000000000000000000000000000000000000000000000000000000000000000000000000000000000000000000000000000000000000000000000020
:40A0400000000000000000000000000000000000000000000000000000000000000000000000000000000000000000000000000000000000000000000000000000000000E0
:40A0800000000000000000000000000000000000000000000000000000000000000000000000000000000000000000000000000000000000000000000000000000000000A0
:40A0C0000000000000000000000000000000000000000000000000000000000000000000000000000000000000000000000000000000000000000000000000000000000060
:40A10000000000000000000000000000000000000000000000000000000000000000000000000000000000000000000000000000000000000000000000000000000000001F
:40A1400000000000000000000000000000000000000000000000000000000000000000000000000000000000000000000000000000000000000000000000000000000000DF
:40A18000000000000000000000000000000000000000000000000000000000000000000000000000000000000000000000000000000000000000000000000000000000009F
:40A1C000000000000000000000000000000000000000000000000000000000000000000000000000000000000000000000000000000000000000000000000000000000005F
:40A20000000000000000000000000000000000000000000000000000000000000000000000000000000000000000000000000000000000000000000000000000000000001E
:40A2400000000000000000000000000000000000000000000000000000000000000000000000000000000000000000000000000000000000000000000000000000000000DE
:40A28000000000000000000000000000000000000000000000000000000000000000000000000000000000000000000000000000000000000000000000000000000000009E
:40A2C000000000000000000000000000000000000000000000000000000000000000000000000000000000000000000000000000000000000000000000000000000000005E
:40A30000000000000000000000000000000000000000000000000000000000000000000000000000000000000000000000000000000000000000000000000000000000001D
:40A3400000000000000000000000000000000000000000000000000000000000000000000000000000000000000000000000000000000000000000000000000000000000DD
:40A38000000000000000000000000000000000000000000000000000000000000000000000000000000000000000000000000000000000000000000000000000000000009D
:40A3C000000000000000000000000000000000000000000000000000000000000000000000000000000000000000000000000000000000000000000000000000000000005D
:40A40000000000000000000000000000000000000000000000000000000000000000000000000000000000000000000000000000000000000000000000000000000000001C
:40A4400000000000000000000000000000000000000000000000000000000000000000000000000000000000000000000000000000000000000000000000000000000000DC
:40A48000000000000000000000000000000000000000000000000000000000000000000000000000000000000000000000000000000000000000000000000000000000009C
:40A4C000000000000000000000000000000000000000000000000000000000000000000000000000000000000000000000000000000000000000000000000000000000005C
:40A50000000000000000000000000000000000000000000000000000000000000000000000000000000000000000000000000000000000000000000000000000000000001B
:40A5400000000000000000000000000000000000000000000000000000000000000000000000000000000000000000000000000000000000000000000000000000000000DB
:40A58000000000000000000000000000000000000000000000000000000000000000000000000000000000000000000000000000000000000000000000000000000000009B
:40A5C000000000000000000000000000000000000000000000000000000000000000000000000000000000000000000000000000000000000000000000000000000000005B
:40A60000000000000000000000000000000000000000000000000000000000000000000000000000000000000000000000000000000000000000000000000000000000001A
:40A6400000000000000000000000000000000000000000000000000000000000000000000000000000000000000000000000000000000000000000000000000000000000DA
:40A68000000000000000000000000000000000000000000000000000000000000000000000000000000000000000000000000000000000000000000000000000000000009A
:40A6C000000000000000000000000000000000000000000000000000000000000000000000000000000000000000000000000000000000000000000000000000000000005A
:40A700000000000000000000000000000000000000000000000000000000000000000000000000000000000000000000000000000000000000000000000000000000000019
:40A7400000000000000000000000000000000000000000000000000000000000000000000000000000000000000000000000000000000000000000000000000000000000D9
:40A780000000000000000000000000000000000000000000000000000000000000000000000000000000000000000000000000000000000000000000000000000000000099
:40A7C0000000000000000000000000000000000000000000000000000000000000000000000000000000000000000000000000000000000000000000000000000000000059
:40A800000000000000000000000000000000000000000000000000000000000000000000000000000000000000000000000000000000000000000000000000000000000018
:40A8400000000000000000000000000000000000000000000000000000000000000000000000000000000000000000000000000000000000000000000000000000000000D8
:40A880000000000000000000000000000000000000000000000000000000000000000000000000000000000000000000000000000000000000000000000000000000000098
:40A8C0000000000000000000000000000000000000000000000000000000000000000000000000000000000000000000000000000000000000000000000000000000000058
:40A900000000000000000000000000000000000000000000000000000000000000000000000000000000000000000000000000000000000000000000000000000000000017
:40A9400000000000000000000000000000000000000000000000000000000000000000000000000000000000000000000000000000000000000000000000000000000000D7
:40A980000000000000000000000000000000000000000000000000000000000000000000000000000000000000000000000000000000000000000000000000000000000097
:40A9C0000000000000000000000000000000000000000000000000000000000000000000000000000000000000000000000000000000000000000000000000000000000057
:40AA00000000000000000000000000000000000000000000000000000000000000000000000000000000000000000000000000000000000000000000000000000000000016
:40AA400000000000000000000000000000000000000000000000000000000000000000000000000000000000000000000000000000000000000000000000000000000000D6
:40AA80000000000000000000000000000000000000000000000000000000000000000000000000000000000000000000000000000000000000000000000000000000000096
:40AAC0000000000000000000000000000000000000000000000000000000000000000000000000000000000000000000000000000000000000000000000000000000000056
:40AB00000000000000000000000000000000000000000000000000000000000000000000000000000000000000000000000000000000000000000000000000000000000015
:40AB400000000000000000000000000000000000000000000000000000000000000000000000000000000000000000000000000000000000000000000000000000000000D5
:40AB80000000000000000000000000000000000000000000000000000000000000000000000000000000000000000000000000000000000000000000000000000000000095
:40ABC0000000000000000000000000000000000000000000000000000000000000000000000000000000000000000000000000000000000000000000000000000000000055
:40AC00000000000000000000000000000000000000000000000000000000000000000000000000000000000000000000000000000000000000000000000000000000000014
:40AC400000000000000000000000000000000000000000000000000000000000000000000000000000000000000000000000000000000000000000000000000000000000D4
:40AC80000000000000000000000000000000000000000000000000000000000000000000000000000000000000000000000000000000000000000000000000000000000094
:40ACC0000000000000000000000000000000000000000000000000000000000000000000000000000000000000000000000000000000000000000000000000000000000054
:40AD00000000000000000000000000000000000000000000000000000000000000000000000000000000000000000000000000000000000000000000000000000000000013
:40AD400000000000000000000000000000000000000000000000000000000000000000000000000000000000000000000000000000000000000000000000000000000000D3
:40AD80000000000000000000000000000000000000000000000000000000000000000000000000000000000000000000000000000000000000000000000000000000000093
:40ADC0000000000000000000000000000000000000000000000000000000000000000000000000000000000000000000000000000000000000000000000000000000000053
:40AE00000000000000000000000000000000000000000000000000000000000000000000000000000000000000000000000000000000000000000000000000000000000012
:40AE400000000000000000000000000000000000000000000000000000000000000000000000000000000000000000000000000000000000000000000000000000000000D2
:40AE80000000000000000000000000000000000000000000000000000000000000000000000000000000000000000000000000000000000000000000000000000000000092
:40AEC0000000000000000000000000000000000000000000000000000000000000000000000000000000000000000000000000000000000000000000000000000000000052
:40AF00000000000000000000000000000000000000000000000000000000000000000000000000000000000000000000000000000000000000000000000000000000000011
:40AF400000000000000000000000000000000000000000000000000000000000000000000000000000000000000000000000000000000000000000000000000000000000D1
:40AF80000000000000000000000000000000000000000000000000000000000000000000000000000000000000000000000000000000000000000000000000000000000091
:40AFC0000000000000000000000000000000000000000000000000000000000000000000000000000000000000000000000000000000000000000000000000000000000051
:40B000000000000000000000000000000000000000000000000000000000000000000000000000000000000000000000000000000000000000000000000000000000000010
:40B0400000000000000000000000000000000000000000000000000000000000000000000000000000000000000000000000000000000000000000000000000000000000D0
:40B080000000000000000000000000000000000000000000000000000000000000000000000000000000000000000000000000000000000000000000000000000000000090
:40B0C0000000000000000000000000000000000000000000000000000000000000000000000000000000000000000000000000000000000000000000000000000000000050
:40B10000000000000000000000000000000000000000000000000000000000000000000000000000000000000000000000000000000000000000000000000000000000000F
:40B1400000000000000000000000000000000000000000000000000000000000000000000000000000000000000000000000000000000000000000000000000000000000CF
:40B18000000000000000000000000000000000000000000000000000000000000000000000000000000000000000000000000000000000000000000000000000000000008F
:40B1C000000000000000000000000000000000000000000000000000000000000000000000000000000000000000000000000000000000000000000000000000000000004F
:40B20000000000000000000000000000000000000000000000000000000000000000000000000000000000000000000000000000000000000000000000000000000000000E
:40B2400000000000000000000000000000000000000000000000000000000000000000000000000000000000000000000000000000000000000000000000000000000000CE
:40B28000000000000000000000000000000000000000000000000000000000000000000000000000000000000000000000000000000000000000000000000000000000008E
:40B2C000000000000000000000000000000000000000000000000000000000000000000000000000000000000000000000000000000000000000000000000000000000004E
:40B30000000000000000000000000000000000000000000000000000000000000000000000000000000000000000000000000000000000000000000000000000000000000D
:40B3400000000000000000000000000000000000000000000000000000000000000000000000000000000000000000000000000000000000000000000000000000000000CD
:40B38000000000000000000000000000000000000000000000000000000000000000000000000000000000000000000000000000000000000000000000000000000000008D
:40B3C000000000000000000000000000000000000000000000000000000000000000000000000000000000000000000000000000000000000000000000000000000000004D
:40B40000000000000000000000000000000000000000000000000000000000000000000000000000000000000000000000000000000000000000000000000000000000000C
:40B4400000000000000000000000000000000000000000000000000000000000000000000000000000000000000000000000000000000000000000000000000000000000CC
:40B48000000000000000000000000000000000000000000000000000000000000000000000000000000000000000000000000000000000000000000000000000000000008C
:40B4C000000000000000000000000000000000000000000000000000000000000000000000000000000000000000000000000000000000000000000000000000000000004C
:40B50000000000000000000000000000000000000000000000000000000000000000000000000000000000000000000000000000000000000000000000000000000000000B
:40B5400000000000000000000000000000000000000000000000000000000000000000000000000000000000000000000000000000000000000000000000000000000000CB
:40B58000000000000000000000000000000000000000000000000000000000000000000000000000000000000000000000000000000000000000000000000000000000008B
:40B5C000000000000000000000000000000000000000000000000000000000000000000000000000000000000000000000000000000000000000000000000000000000004B
:40B60000000000000000000000000000000000000000000000000000000000000000000000000000000000000000000000000000000000000000000000000000000000000A
:40B6400000000000000000000000000000000000000000000000000000000000000000000000000000000000000000000000000000000000000000000000000000000000CA
:40B68000000000000000000000000000000000000000000000000000000000000000000000000000000000000000000000000000000000000000000000000000000000008A
:40B6C000000000000000000000000000000000000000000000000000000000000000000000000000000000000000000000000000000000000000000000000000000000004A
:40B700000000000000000000000000000000000000000000000000000000000000000000000000000000000000000000000000000000000000000000000000000000000009
:40B7400000000000000000000000000000000000000000000000000000000000000000000000000000000000000000000000000000000000000000000000000000000000C9
:40B780000000000000000000000000000000000000000000000000000000000000000000000000000000000000000000000000000000000000000000000000000000000089
:40B7C0000000000000000000000000000000000000000000000000000000000000000000000000000000000000000000000000000000000000000000000000000000000049
:40B800000000000000000000000000000000000000000000000000000000000000000000000000000000000000000000000000000000000000000000000000000000000008
:40B8400000000000000000000000000000000000000000000000000000000000000000000000000000000000000000000000000000000000000000000000000000000000C8
:40B880000000000000000000000000000000000000000000000000000000000000000000000000000000000000000000000000000000000000000000000000000000000088
:40B8C0000000000000000000000000000000000000000000000000000000000000000000000000000000000000000000000000000000000000000000000000000000000048
:40B900000000000000000000000000000000000000000000000000000000000000000000000000000000000000000000000000000000000000000000000000000000000007
:40B9400000000000000000000000000000000000000000000000000000000000000000000000000000000000000000000000000000000000000000000000000000000000C7
:40B980000000000000000000000000000000000000000000000000000000000000000000000000000000000000000000000000000000000000000000000000000000000087
:40B9C0000000000000000000000000000000000000000000000000000000000000000000000000000000000000000000000000000000000000000000000000000000000047
:40BA00000000000000000000000000000000000000000000000000000000000000000000000000000000000000000000000000000000000000000000000000000000000006
:40BA400000000000000000000000000000000000000000000000000000000000000000000000000000000000000000000000000000000000000000000000000000000000C6
:40BA80000000000000000000000000000000000000000000000000000000000000000000000000000000000000000000000000000000000000000000000000000000000086
:40BAC0000000000000000000000000000000000000000000000000000000000000000000000000000000000000000000000000000000000000000000000000000000000046
:40BB00000000000000000000000000000000000000000000000000000000000000000000000000000000000000000000000000000000000000000000000000000000000005
:40BB400000000000000000000000000000000000000000000000000000000000000000000000000000000000000000000000000000000000000000000000000000000000C5
:40BB80000000000000000000000000000000000000000000000000000000000000000000000000000000000000000000000000000000000000000000000000000000000085
:40BBC0000000000000000000000000000000000000000000000000000000000000000000000000000000000000000000000000000000000000000000000000000000000045
:40BC00000000000000000000000000000000000000000000000000000000000000000000000000000000000000000000000000000000000000000000000000000000000004
:40BC400000000000000000000000000000000000000000000000000000000000000000000000000000000000000000000000000000000000000000000000000000000000C4
:40BC80000000000000000000000000000000000000000000000000000000000000000000000000000000000000000000000000000000000000000000000000000000000084
:40BCC0000000000000000000000000000000000000000000000000000000000000000000000000000000000000000000000000000000000000000000000000000000000044
:40BD00000000000000000000000000000000000000000000000000000000000000000000000000000000000000000000000000000000000000000000000000000000000003
:40BD400000000000000000000000000000000000000000000000000000000000000000000000000000000000000000000000000000000000000000000000000000000000C3
:40BD80000000000000000000000000000000000000000000000000000000000000000000000000000000000000000000000000000000000000000000000000000000000083
:40BDC0000000000000000000000000000000000000000000000000000000000000000000000000000000000000000000000000000000000000000000000000000000000043
:40BE00000000000000000000000000000000000000000000000000000000000000000000000000000000000000000000000000000000000000000000000000000000000002
:40BE400000000000000000000000000000000000000000000000000000000000000000000000000000000000000000000000000000000000000000000000000000000000C2
:40BE80000000000000000000000000000000000000000000000000000000000000000000000000000000000000000000000000000000000000000000000000000000000082
:40BEC0000000000000000000000000000000000000000000000000000000000000000000000000000000000000000000000000000000000000000000000000000000000042
:40BF00000000000000000000000000000000000000000000000000000000000000000000000000000000000000000000000000000000000000000000000000000000000001
:40BF400000000000000000000000000000000000000000000000000000000000000000000000000000000000000000000000000000000000000000000000000000000000C1
:40BF80000000000000000000000000000000000000000000000000000000000000000000000000000000000000000000000000000000000000000000000000000000000081
:40BFC0000000000000000000000000000000000000000000000000000000000000000000000000000000000000000000000000000000000000000000000000000000000041
:40C000000000000000000000000000000000000000000000000000000000000000000000000000000000000000000000000000000000000000000000000000000000000000
:40C0400000000000000000000000000000000000000000000000000000000000000000000000000000000000000000000000000000000000000000000000000000000000C0
:40C080000000000000000000000000000000000000000000000000000000000000000000000000000000000000000000000000000000000000000000000000000000000080
:40C0C0000000000000000000000000000000000000000000000000000000000000000000000000000000000000000000000000000000000000000000000000000000000040
:40C1000000000000000000000000000000000000000000000000000000000000000000000000000000000000000000000000000000000000000000000000000000000000FF
:40C1400000000000000000000000000000000000000000000000000000000000000000000000000000000000000000000000000000000000000000000000000000000000BF
:40C18000000000000000000000000000000000000000000000000000000000000000000000000000000000000000000000000000000000000000000000000000000000007F
:40C1C000000000000000000000000000000000000000000000000000000000000000000000000000000000000000000000000000000000000000000000000000000000003F
:40C2000000000000000000000000000000000000000000000000000000000000000000000000000000000000000000000000000000000000000000000000000000000000FE
:40C2400000000000000000000000000000000000000000000000000000000000000000000000000000000000000000000000000000000000000000000000000000000000BE
:40C28000000000000000000000000000000000000000000000000000000000000000000000000000000000000000000000000000000000000000000000000000000000007E
:40C2C000000000000000000000000000000000000000000000000000000000000000000000000000000000000000000000000000000000000000000000000000000000003E
:40C3000000000000000000000000000000000000000000000000000000000000000000000000000000000000000000000000000000000000000000000000000000000000FD
:40C3400000000000000000000000000000000000000000000000000000000000000000000000000000000000000000000000000000000000000000000000000000000000BD
:40C38000000000000000000000000000000000000000000000000000000000000000000000000000000000000000000000000000000000000000000000000000000000007D
:40C3C000000000000000000000000000000000000000000000000000000000000000000000000000000000000000000000000000000000000000000000000000000000003D
:40C4000000000000000000000000000000000000000000000000000000000000000000000000000000000000000000000000000000000000000000000000000000000000FC
:40C4400000000000000000000000000000000000000000000000000000000000000000000000000000000000000000000000000000000000000000000000000000000000BC
:40C48000000000000000000000000000000000000000000000000000000000000000000000000000000000000000000000000000000000000000000000000000000000007C
:40C4C000000000000000000000000000000000000000000000000000000000000000000000000000000000000000000000000000000000000000000000000000000000003C
:40C5000000000000000000000000000000000000000000000000000000000000000000000000000000000000000000000000000000000000000000000000000000000000FB
:40C5400000000000000000000000000000000000000000000000000000000000000000000000000000000000000000000000000000000000000000000000000000000000BB
:40C58000000000000000000000000000000000000000000000000000000000000000000000000000000000000000000000000000000000000000000000000000000000007B
:40C5C000000000000000000000000000000000000000000000000000000000000000000000000000000000000000000000000000000000000000000000000000000000003B
:40C6000000000000000000000000000000000000000000000000000000000000000000000000000000000000000000000000000000000000000000000000000000000000FA
:40C6400000000000000000000000000000000000000000000000000000000000000000000000000000000000000000000000000000000000000000000000000000000000BA
:40C68000000000000000000000000000000000000000000000000000000000000000000000000000000000000000000000000000000000000000000000000000000000007A
:40C6C000000000000000000000000000000000000000000000000000000000000000000000000000000000000000000000000000000000000000000000000000000000003A
:40C7000000000000000000000000000000000000000000000000000000000000000000000000000000000000000000000000000000000000000000000000000000000000F9
:40C7400000000000000000000000000000000000000000000000000000000000000000000000000000000000000000000000000000000000000000000000000000000000B9
:40C780000000000000000000000000000000000000000000000000000000000000000000000000000000000000000000000000000000000000000000000000000000000079
:40C7C0000000000000000000000000000000000000000000000000000000000000000000000000000000000000000000000000000000000000000000000000000000000039
:40C8000000000000000000000000000000000000000000000000000000000000000000000000000000000000000000000000000000000000000000000000000000000000F8
:40C8400000000000000000000000000000000000000000000000000000000000000000000000000000000000000000000000000000000000000000000000000000000000B8
:40C880000000000000000000000000000000000000000000000000000000000000000000000000000000000000000000000000000000000000000000000000000000000078
:40C8C0000000000000000000000000000000000000000000000000000000000000000000000000000000000000000000000000000000000000000000000000000000000038
:40C9000000000000000000000000000000000000000000000000000000000000000000000000000000000000000000000000000000000000000000000000000000000000F7
:40C9400000000000000000000000000000000000000000000000000000000000000000000000000000000000000000000000000000000000000000000000000000000000B7
:40C980000000000000000000000000000000000000000000000000000000000000000000000000000000000000000000000000000000000000000000000000000000000077
:40C9C0000000000000000000000000000000000000000000000000000000000000000000000000000000000000000000000000000000000000000000000000000000000037
:40CA000000000000000000000000000000000000000000000000000000000000000000000000000000000000000000000000000000000000000000000000000000000000F6
:40CA400000000000000000000000000000000000000000000000000000000000000000000000000000000000000000000000000000000000000000000000000000000000B6
:40CA80000000000000000000000000000000000000000000000000000000000000000000000000000000000000000000000000000000000000000000000000000000000076
:40CAC0000000000000000000000000000000000000000000000000000000000000000000000000000000000000000000000000000000000000000000000000000000000036
:40CB000000000000000000000000000000000000000000000000000000000000000000000000000000000000000000000000000000000000000000000000000000000000F5
:40CB400000000000000000000000000000000000000000000000000000000000000000000000000000000000000000000000000000000000000000000000000000000000B5
:40CB80000000000000000000000000000000000000000000000000000000000000000000000000000000000000000000000000000000000000000000000000000000000075
:40CBC0000000000000000000000000000000000000000000000000000000000000000000000000000000000000000000000000000000000000000000000000000000000035
:40CC000000000000000000000000000000000000000000000000000000000000000000000000000000000000000000000000000000000000000000000000000000000000F4
:40CC400000000000000000000000000000000000000000000000000000000000000000000000000000000000000000000000000000000000000000000000000000000000B4
:40CC80000000000000000000000000000000000000000000000000000000000000000000000000000000000000000000000000000000000000000000000000000000000074
:40CCC0000000000000000000000000000000000000000000000000000000000000000000000000000000000000000000000000000000000000000000000000000000000034
:40CD000000000000000000000000000000000000000000000000000000000000000000000000000000000000000000000000000000000000000000000000000000000000F3
:40CD400000000000000000000000000000000000000000000000000000000000000000000000000000000000000000000000000000000000000000000000000000000000B3
:40CD80000000000000000000000000000000000000000000000000000000000000000000000000000000000000000000000000000000000000000000000000000000000073
:40CDC0000000000000000000000000000000000000000000000000000000000000000000000000000000000000000000000000000000000000000000000000000000000033
:40CE000000000000000000000000000000000000000000000000000000000000000000000000000000000000000000000000000000000000000000000000000000000000F2
:40CE400000000000000000000000000000000000000000000000000000000000000000000000000000000000000000000000000000000000000000000000000000000000B2
:40CE80000000000000000000000000000000000000000000000000000000000000000000000000000000000000000000000000000000000000000000000000000000000072
:40CEC0000000000000000000000000000000000000000000000000000000000000000000000000000000000000000000000000000000000000000000000000000000000032
:40CF000000000000000000000000000000000000000000000000000000000000000000000000000000000000000000000000000000000000000000000000000000000000F1
:40CF400000000000000000000000000000000000000000000000000000000000000000000000000000000000000000000000000000000000000000000000000000000000B1
:40CF80000000000000000000000000000000000000000000000000000000000000000000000000000000000000000000000000000000000000000000000000000000000071
:40CFC0000000000000000000000000000000000000000000000000000000000000000000000000000000000000000000000000000000000000000000000000000000000031
:40D0000000000000000000000000000000000000000000000000000000000000000000000000000000000000000000000000000000000000000000000000000000000000F0
:40D0400000000000000000000000000000000000000000000000000000000000000000000000000000000000000000000000000000000000000000000000000000000000B0
:40D080000000000000000000000000000000000000000000000000000000000000000000000000000000000000000000000000000000000000000000000000000000000070
:40D0C0000000000000000000000000000000000000000000000000000000000000000000000000000000000000000000000000000000000000000000000000000000000030
:40D1000000000000000000000000000000000000000000000000000000000000000000000000000000000000000000000000000000000000000000000000000000000000EF
:40D1400000000000000000000000000000000000000000000000000000000000000000000000000000000000000000000000000000000000000000000000000000000000AF
:40D18000000000000000000000000000000000000000000000000000000000000000000000000000000000000000000000000000000000000000000000000000000000006F
:40D1C000000000000000000000000000000000000000000000000000000000000000000000000000000000000000000000000000000000000000000000000000000000002F
:40D2000000000000000000000000000000000000000000000000000000000000000000000000000000000000000000000000000000000000000000000000000000000000EE
:40D2400000000000000000000000000000000000000000000000000000000000000000000000000000000000000000000000000000000000000000000000000000000000AE
:40D28000000000000000000000000000000000000000000000000000000000000000000000000000000000000000000000000000000000000000000000000000000000006E
:40D2C000000000000000000000000000000000000000000000000000000000000000000000000000000000000000000000000000000000000000000000000000000000002E
:40D3000000000000000000000000000000000000000000000000000000000000000000000000000000000000000000000000000000000000000000000000000000000000ED
:40D3400000000000000000000000000000000000000000000000000000000000000000000000000000000000000000000000000000000000000000000000000000000000AD
:40D38000000000000000000000000000000000000000000000000000000000000000000000000000000000000000000000000000000000000000000000000000000000006D
:40D3C000000000000000000000000000000000000000000000000000000000000000000000000000000000000000000000000000000000000000000000000000000000002D
:40D4000000000000000000000000000000000000000000000000000000000000000000000000000000000000000000000000000000000000000000000000000000000000EC
:40D4400000000000000000000000000000000000000000000000000000000000000000000000000000000000000000000000000000000000000000000000000000000000AC
:40D48000000000000000000000000000000000000000000000000000000000000000000000000000000000000000000000000000000000000000000000000000000000006C
:40D4C000000000000000000000000000000000000000000000000000000000000000000000000000000000000000000000000000000000000000000000000000000000002C
:40D5000000000000000000000000000000000000000000000000000000000000000000000000000000000000000000000000000000000000000000000000000000000000EB
:40D5400000000000000000000000000000000000000000000000000000000000000000000000000000000000000000000000000000000000000000000000000000000000AB
:40D58000000000000000000000000000000000000000000000000000000000000000000000000000000000000000000000000000000000000000000000000000000000006B
:40D5C000000000000000000000000000000000000000000000000000000000000000000000000000000000000000000000000000000000000000000000000000000000002B
:40D6000000000000000000000000000000000000000000000000000000000000000000000000000000000000000000000000000000000000000000000000000000000000EA
:40D6400000000000000000000000000000000000000000000000000000000000000000000000000000000000000000000000000000000000000000000000000000000000AA
:40D68000000000000000000000000000000000000000000000000000000000000000000000000000000000000000000000000000000000000000000000000000000000006A
:40D6C000000000000000000000000000000000000000000000000000000000000000000000000000000000000000000000000000000000000000000000000000000000002A
:40D7000000000000000000000000000000000000000000000000000000000000000000000000000000000000000000000000000000000000000000000000000000000000E9
:40D7400000000000000000000000000000000000000000000000000000000000000000000000000000000000000000000000000000000000000000000000000000000000A9
:40D780000000000000000000000000000000000000000000000000000000000000000000000000000000000000000000000000000000000000000000000000000000000069
:40D7C0000000000000000000000000000000000000000000000000000000000000000000000000000000000000000000000000000000000000000000000000000000000029
:40D8000000000000000000000000000000000000000000000000000000000000000000000000000000000000000000000000000000000000000000000000000000000000E8
:40D8400000000000000000000000000000000000000000000000000000000000000000000000000000000000000000000000000000000000000000000000000000000000A8
:40D880000000000000000000000000000000000000000000000000000000000000000000000000000000000000000000000000000000000000000000000000000000000068
:40D8C0000000000000000000000000000000000000000000000000000000000000000000000000000000000000000000000000000000000000000000000000000000000028
:40D9000000000000000000000000000000000000000000000000000000000000000000000000000000000000000000000000000000000000000000000000000000000000E7
:40D9400000000000000000000000000000000000000000000000000000000000000000000000000000000000000000000000000000000000000000000000000000000000A7
:40D980000000000000000000000000000000000000000000000000000000000000000000000000000000000000000000000000000000000000000000000000000000000067
:40D9C0000000000000000000000000000000000000000000000000000000000000000000000000000000000000000000000000000000000000000000000000000000000027
:40DA000000000000000000000000000000000000000000000000000000000000000000000000000000000000000000000000000000000000000000000000000000000000E6
:40DA400000000000000000000000000000000000000000000000000000000000000000000000000000000000000000000000000000000000000000000000000000000000A6
:40DA80000000000000000000000000000000000000000000000000000000000000000000000000000000000000000000000000000000000000000000000000000000000066
:40DAC0000000000000000000000000000000000000000000000000000000000000000000000000000000000000000000000000000000000000000000000000000000000026
:40DB000000000000000000000000000000000000000000000000000000000000000000000000000000000000000000000000000000000000000000000000000000000000E5
:40DB400000000000000000000000000000000000000000000000000000000000000000000000000000000000000000000000000000000000000000000000000000000000A5
:40DB80000000000000000000000000000000000000000000000000000000000000000000000000000000000000000000000000000000000000000000000000000000000065
:40DBC0000000000000000000000000000000000000000000000000000000000000000000000000000000000000000000000000000000000000000000000000000000000025
:40DC000000000000000000000000000000000000000000000000000000000000000000000000000000000000000000000000000000000000000000000000000000000000E4
:40DC400000000000000000000000000000000000000000000000000000000000000000000000000000000000000000000000000000000000000000000000000000000000A4
:40DC80000000000000000000000000000000000000000000000000000000000000000000000000000000000000000000000000000000000000000000000000000000000064
:40DCC0000000000000000000000000000000000000000000000000000000000000000000000000000000000000000000000000000000000000000000000000000000000024
:40DD000000000000000000000000000000000000000000000000000000000000000000000000000000000000000000000000000000000000000000000000000000000000E3
:40DD400000000000000000000000000000000000000000000000000000000000000000000000000000000000000000000000000000000000000000000000000000000000A3
:40DD80000000000000000000000000000000000000000000000000000000000000000000000000000000000000000000000000000000000000000000000000000000000063
:40DDC0000000000000000000000000000000000000000000000000000000000000000000000000000000000000000000000000000000000000000000000000000000000023
:40DE000000000000000000000000000000000000000000000000000000000000000000000000000000000000000000000000000000000000000000000000000000000000E2
:40DE400000000000000000000000000000000000000000000000000000000000000000000000000000000000000000000000000000000000000000000000000000000000A2
:40DE80000000000000000000000000000000000000000000000000000000000000000000000000000000000000000000000000000000000000000000000000000000000062
:40DEC0000000000000000000000000000000000000000000000000000000000000000000000000000000000000000000000000000000000000000000000000000000000022
:40DF000000000000000000000000000000000000000000000000000000000000000000000000000000000000000000000000000000000000000000000000000000000000E1
:40DF400000000000000000000000000000000000000000000000000000000000000000000000000000000000000000000000000000000000000000000000000000000000A1
:40DF80000000000000000000000000000000000000000000000000000000000000000000000000000000000000000000000000000000000000000000000000000000000061
:40DFC0000000000000000000000000000000000000000000000000000000000000000000000000000000000000000000000000000000000000000000000000000000000021
:40E0000000000000000000000000000000000000000000000000000000000000000000000000000000000000000000000000000000000000000000000000000000000000E0
:40E0400000000000000000000000000000000000000000000000000000000000000000000000000000000000000000000000000000000000000000000000000000000000A0
:40E080000000000000000000000000000000000000000000000000000000000000000000000000000000000000000000000000000000000000000000000000000000000060
:40E0C0000000000000000000000000000000000000000000000000000000000000000000000000000000000000000000000000000000000000000000000000000000000020
:40E1000000000000000000000000000000000000000000000000000000000000000000000000000000000000000000000000000000000000000000000000000000000000DF
:40E14000000000000000000000000000000000000000000000000000000000000000000000000000000000000000000000000000000000000000000000000000000000009F
:40E18000000000000000000000000000000000000000000000000000000000000000000000000000000000000000000000000000000000000000000000000000000000005F
:40E1C000000000000000000000000000000000000000000000000000000000000000000000000000000000000000000000000000000000000000000000000000000000001F
:40E2000000000000000000000000000000000000000000000000000000000000000000000000000000000000000000000000000000000000000000000000000000000000DE
:40E24000000000000000000000000000000000000000000000000000000000000000000000000000000000000000000000000000000000000000000000000000000000009E
:40E28000000000000000000000000000000000000000000000000000000000000000000000000000000000000000000000000000000000000000000000000000000000005E
:40E2C000000000000000000000000000000000000000000000000000000000000000000000000000000000000000000000000000000000000000000000000000000000001E
:40E3000000000000000000000000000000000000000000000000000000000000000000000000000000000000000000000000000000000000000000000000000000000000DD
:40E34000000000000000000000000000000000000000000000000000000000000000000000000000000000000000000000000000000000000000000000000000000000009D
:40E38000000000000000000000000000000000000000000000000000000000000000000000000000000000000000000000000000000000000000000000000000000000005D
:40E3C000000000000000000000000000000000000000000000000000000000000000000000000000000000000000000000000000000000000000000000000000000000001D
:40E4000000000000000000000000000000000000000000000000000000000000000000000000000000000000000000000000000000000000000000000000000000000000DC
:40E44000000000000000000000000000000000000000000000000000000000000000000000000000000000000000000000000000000000000000000000000000000000009C
:40E48000000000000000000000000000000000000000000000000000000000000000000000000000000000000000000000000000000000000000000000000000000000005C
:40E4C000000000000000000000000000000000000000000000000000000000000000000000000000000000000000000000000000000000000000000000000000000000001C
:40E5000000000000000000000000000000000000000000000000000000000000000000000000000000000000000000000000000000000000000000000000000000000000DB
:40E54000000000000000000000000000000000000000000000000000000000000000000000000000000000000000000000000000000000000000000000000000000000009B
:40E58000000000000000000000000000000000000000000000000000000000000000000000000000000000000000000000000000000000000000000000000000000000005B
:40E5C000000000000000000000000000000000000000000000000000000000000000000000000000000000000000000000000000000000000000000000000000000000001B
:40E6000000000000000000000000000000000000000000000000000000000000000000000000000000000000000000000000000000000000000000000000000000000000DA
:40E64000000000000000000000000000000000000000000000000000000000000000000000000000000000000000000000000000000000000000000000000000000000009A
:40E68000000000000000000000000000000000000000000000000000000000000000000000000000000000000000000000000000000000000000000000000000000000005A
:40E6C000000000000000000000000000000000000000000000000000000000000000000000000000000000000000000000000000000000000000000000000000000000001A
:40E7000000000000000000000000000000000000000000000000000000000000000000000000000000000000000000000000000000000000000000000000000000000000D9
:40E740000000000000000000000000000000000000000000000000000000000000000000000000000000000000000000000000000000000000000000000000000000000099
:40E780000000000000000000000000000000000000000000000000000000000000000000000000000000000000000000000000000000000000000000000000000000000059
:40E7C0000000000000000000000000000000000000000000000000000000000000000000000000000000000000000000000000000000000000000000000000000000000019
:40E8000000000000000000000000000000000000000000000000000000000000000000000000000000000000000000000000000000000000000000000000000000000000D8
:40E840000000000000000000000000000000000000000000000000000000000000000000000000000000000000000000000000000000000000000000000000000000000098
:40E880000000000000000000000000000000000000000000000000000000000000000000000000000000000000000000000000000000000000000000000000000000000058
:40E8C0000000000000000000000000000000000000000000000000000000000000000000000000000000000000000000000000000000000000000000000000000000000018
:40E9000000000000000000000000000000000000000000000000000000000000000000000000000000000000000000000000000000000000000000000000000000000000D7
:40E940000000000000000000000000000000000000000000000000000000000000000000000000000000000000000000000000000000000000000000000000000000000097
:40E980000000000000000000000000000000000000000000000000000000000000000000000000000000000000000000000000000000000000000000000000000000000057
:40E9C0000000000000000000000000000000000000000000000000000000000000000000000000000000000000000000000000000000000000000000000000000000000017
:40EA000000000000000000000000000000000000000000000000000000000000000000000000000000000000000000000000000000000000000000000000000000000000D6
:40EA40000000000000000000000000000000000000000000000000000000000000000000000000000000000000000000000000000000000000000000000000000000000096
:40EA80000000000000000000000000000000000000000000000000000000000000000000000000000000000000000000000000000000000000000000000000000000000056
:40EAC0000000000000000000000000000000000000000000000000000000000000000000000000000000000000000000000000000000000000000000000000000000000016
:40EB000000000000000000000000000000000000000000000000000000000000000000000000000000000000000000000000000000000000000000000000000000000000D5
:40EB40000000000000000000000000000000000000000000000000000000000000000000000000000000000000000000000000000000000000000000000000000000000095
:40EB80000000000000000000000000000000000000000000000000000000000000000000000000000000000000000000000000000000000000000000000000000000000055
:40EBC0000000000000000000000000000000000000000000000000000000000000000000000000000000000000000000000000000000000000000000000000000000000015
:40EC000000000000000000000000000000000000000000000000000000000000000000000000000000000000000000000000000000000000000000000000000000000000D4
:40EC40000000000000000000000000000000000000000000000000000000000000000000000000000000000000000000000000000000000000000000000000000000000094
:40EC80000000000000000000000000000000000000000000000000000000000000000000000000000000000000000000000000000000000000000000000000000000000054
:40ECC0000000000000000000000000000000000000000000000000000000000000000000000000000000000000000000000000000000000000000000000000000000000014
:40ED000000000000000000000000000000000000000000000000000000000000000000000000000000000000000000000000000000000000000000000000000000000000D3
:40ED40000000000000000000000000000000000000000000000000000000000000000000000000000000000000000000000000000000000000000000000000000000000093
:40ED80000000000000000000000000000000000000000000000000000000000000000000000000000000000000000000000000000000000000000000000000000000000053
:40EDC0000000000000000000000000000000000000000000000000000000000000000000000000000000000000000000000000000000000000000000000000000000000013
:40EE000000000000000000000000000000000000000000000000000000000000000000000000000000000000000000000000000000000000000000000000000000000000D2
:40EE40000000000000000000000000000000000000000000000000000000000000000000000000000000000000000000000000000000000000000000000000000000000092
:40EE80000000000000000000000000000000000000000000000000000000000000000000000000000000000000000000000000000000000000000000000000000000000052
:40EEC0000000000000000000000000000000000000000000000000000000000000000000000000000000000000000000000000000000000000000000000000000000000012
:40EF000000000000000000000000000000000000000000000000000000000000000000000000000000000000000000000000000000000000000000000000000000000000D1
:40EF40000000000000000000000000000000000000000000000000000000000000000000000000000000000000000000000000000000000000000000000000000000000091
:40EF80000000000000000000000000000000000000000000000000000000000000000000000000000000000000000000000000000000000000000000000000000000000051
:40EFC0000000000000000000000000000000000000000000000000000000000000000000000000000000000000000000000000000000000000000000000000000000000011
:40F0000000000000000000000000000000000000000000000000000000000000000000000000000000000000000000000000000000000000000000000000000000000000D0
:40F040000000000000000000000000000000000000000000000000000000000000000000000000000000000000000000000000000000000000000000000000000000000090
:40F080000000000000000000000000000000000000000000000000000000000000000000000000000000000000000000000000000000000000000000000000000000000050
:40F0C0000000000000000000000000000000000000000000000000000000000000000000000000000000000000000000000000000000000000000000000000000000000010
:40F1000000000000000000000000000000000000000000000000000000000000000000000000000000000000000000000000000000000000000000000000000000000000CF
:40F14000000000000000000000000000000000000000000000000000000000000000000000000000000000000000000000000000000000000000000000000000000000008F
:40F18000000000000000000000000000000000000000000000000000000000000000000000000000000000000000000000000000000000000000000000000000000000004F
:40F1C000000000000000000000000000000000000000000000000000000000000000000000000000000000000000000000000000000000000000000000000000000000000F
:40F2000000000000000000000000000000000000000000000000000000000000000000000000000000000000000000000000000000000000000000000000000000000000CE
:40F24000000000000000000000000000000000000000000000000000000000000000000000000000000000000000000000000000000000000000000000000000000000008E
:40F28000000000000000000000000000000000000000000000000000000000000000000000000000000000000000000000000000000000000000000000000000000000004E
:40F2C000000000000000000000000000000000000000000000000000000000000000000000000000000000000000000000000000000000000000000000000000000000000E
:40F3000000000000000000000000000000000000000000000000000000000000000000000000000000000000000000000000000000000000000000000000000000000000CD
:40F34000000000000000000000000000000000000000000000000000000000000000000000000000000000000000000000000000000000000000000000000000000000008D
:40F38000000000000000000000000000000000000000000000000000000000000000000000000000000000000000000000000000000000000000000000000000000000004D
:40F3C000000000000000000000000000000000000000000000000000000000000000000000000000000000000000000000000000000000000000000000000000000000000D
:40F4000000000000000000000000000000000000000000000000000000000000000000000000000000000000000000000000000000000000000000000000000000000000CC
:40F44000000000000000000000000000000000000000000000000000000000000000000000000000000000000000000000000000000000000000000000000000000000008C
:40F48000000000000000000000000000000000000000000000000000000000000000000000000000000000000000000000000000000000000000000000000000000000004C
:40F4C000000000000000000000000000000000000000000000000000000000000000000000000000000000000000000000000000000000000000000000000000000000000C
:40F5000000000000000000000000000000000000000000000000000000000000000000000000000000000000000000000000000000000000000000000000000000000000CB
:40F54000000000000000000000000000000000000000000000000000000000000000000000000000000000000000000000000000000000000000000000000000000000008B
:40F58000000000000000000000000000000000000000000000000000000000000000000000000000000000000000000000000000000000000000000000000000000000004B
:40F5C000000000000000000000000000000000000000000000000000000000000000000000000000000000000000000000000000000000000000000000000000000000000B
:40F6000000000000000000000000000000000000000000000000000000000000000000000000000000000000000000000000000000000000000000000000000000000000CA
:40F64000000000000000000000000000000000000000000000000000000000000000000000000000000000000000000000000000000000000000000000000000000000008A
:40F68000000000000000000000000000000000000000000000000000000000000000000000000000000000000000000000000000000000000000000000000000000000004A
:40F6C000000000000000000000000000000000000000000000000000000000000000000000000000000000000000000000000000000000000000000000000000000000000A
:40F7000000000000000000000000000000000000000000000000000000000000000000000000000000000000000000000000000000000000000000000000000000000000C9
:40F740000000000000000000000000000000000000000000000000000000000000000000000000000000000000000000000000000000000000000000000000000000000089
:40F780000000000000000000000000000000000000000000000000000000000000000000000000000000000000000000000000000000000000000000000000000000000049
:40F7C0000000000000000000000000000000000000000000000000000000000000000000000000000000000000000000000000000000000000000000000000000000000009
:40F8000000000000000000000000000000000000000000000000000000000000000000000000000000000000000000000000000000000000000000000000000000000000C8
:40F840000000000000000000000000000000000000000000000000000000000000000000000000000000000000000000000000000000000000000000000000000000000088
:40F880000000000000000000000000000000000000000000000000000000000000000000000000000000000000000000000000000000000000000000000000000000000048
:40F8C0000000000000000000000000000000000000000000000000000000000000000000000000000000000000000000000000000000000000000000000000000000000008
:40F9000000000000000000000000000000000000000000000000000000000000000000000000000000000000000000000000000000000000000000000000000000000000C7
:40F940000000000000000000000000000000000000000000000000000000000000000000000000000000000000000000000000000000000000000000000000000000000087
:40F980000000000000000000000000000000000000000000000000000000000000000000000000000000000000000000000000000000000000000000000000000000000047
:40F9C0000000000000000000000000000000000000000000000000000000000000000000000000000000000000000000000000000000000000000000000000000000000007
:40FA000000000000000000000000000000000000000000000000000000000000000000000000000000000000000000000000000000000000000000000000000000000000C6
:40FA40000000000000000000000000000000000000000000000000000000000000000000000000000000000000000000000000000000000000000000000000000000000086
:40FA80000000000000000000000000000000000000000000000000000000000000000000000000000000000000000000000000000000000000000000000000000000000046
:40FAC0000000000000000000000000000000000000000000000000000000000000000000000000000000000000000000000000000000000000000000000000000000000006
:40FB000000000000000000000000000000000000000000000000000000000000000000000000000000000000000000000000000000000000000000000000000000000000C5
:40FB40000000000000000000000000000000000000000000000000000000000000000000000000000000000000000000000000000000000000000000000000000000000085
:40FB80000000000000000000000000000000000000000000000000000000000000000000000000000000000000000000000000000000000000000000000000000000000045
:40FBC0000000000000000000000000000000000000000000000000000000000000000000000000000000000000000000000000000000000000000000000000000000000005
:40FC000000000000000000000000000000000000000000000000000000000000000000000000000000000000000000000000000000000000000000000000000000000000C4
:40FC40000000000000000000000000000000000000000000000000000000000000000000000000000000000000000000000000000000000000000000000000000000000084
:40FC80000000000000000000000000000000000000000000000000000000000000000000000000000000000000000000000000000000000000000000000000000000000044
:40FCC0000000000000000000000000000000000000000000000000000000000000000000000000000000000000000000000000000000000000000000000000000000000004
:40FD000000000000000000000000000000000000000000000000000000000000000000000000000000000000000000000000000000000000000000000000000000000000C3
:40FD40000000000000000000000000000000000000000000000000000000000000000000000000000000000000000000000000000000000000000000000000000000000083
:40FD80000000000000000000000000000000000000000000000000000000000000000000000000000000000000000000000000000000000000000000000000000000000043
:40FDC0000000000000000000000000000000000000000000000000000000000000000000000000000000000000000000000000000000000000000000000000000000000003
:40FE000000000000000000000000000000000000000000000000000000000000000000000000000000000000000000000000000000000000000000000000000000000000C2
:40FE40000000000000000000000000000000000000000000000000000000000000000000000000000000000000000000000000000000000000000000000000000000000082
:40FE80000000000000000000000000000000000000000000000000000000000000000000000000000000000000000000000000000000000000000000000000000000000042
:40FEC0000000000000000000000000000000000000000000000000000000000000000000000000000000000000000000000000000000000000000000000000000000000002
:40FF000000000000000000000000000000000000000000000000000000000000000000000000000000000000000000000000000000000000000000000000000000000000C1
:40FF40000000000000000000000000000000000000000000000000000000000000000000000000000000000000000000000000000000000000000000000000000000000081
:40FF80000000000000000000000000000000000000000000000000000000000000000000000000000000000000000000000000000000000000000000000000000000000041
:40FFC0000000000000000000000000000000000000000000000000000000000000000000000000000000000000000000000000000000000000000000000000000000000001
:020000040002F8
:4000000000000000000000000000000000000000000000000000000000000000000000000000000000000000000000000000000000000000000000000000000000000000C0
:400040000000000000000000000000000000000000000000000000000000000000000000000000000000000000000000000000000000000000000000000000000000000080
:400080000000000000000000000000000000000000000000000000000000000000000000000000000000000000000000000000000000000000000000000000000000000040
:4000C0000000000000000000000000000000000000000000000000000000000000000000000000000000000000000000000000000000000000000000000000000000000000
:4001000000000000000000000000000000000000000000000000000000000000000000000000000000000000000000000000000000000000000000000000000000000000BF
:40014000000000000000000000000000000000000000000000000000000000000000000000000000000000000000000000000000000000000000000000000000000000007F
:40018000000000000000000000000000000000000000000000000000000000000000000000000000000000000000000000000000000000000000000000000000000000003F
:4001C00000000000000000000000000000000000000000000000000000000000000000000000000000000000000000000000000000000000000000000000000000000000FF
:4002000000000000000000000000000000000000000000000000000000000000000000000000000000000000000000000000000000000000000000000000000000000000BE
:40024000000000000000000000000000000000000000000000000000000000000000000000000000000000000000000000000000000000000000000000000000000000007E
:40028000000000000000000000000000000000000000000000000000000000000000000000000000000000000000000000000000000000000000000000000000000000003E
:4002C00000000000000000000000000000000000000000000000000000000000000000000000000000000000000000000000000000000000000000000000000000000000FE
:4003000000000000000000000000000000000000000000000000000000000000000000000000000000000000000000000000000000000000000000000000000000000000BD
:40034000000000000000000000000000000000000000000000000000000000000000000000000000000000000000000000000000000000000000000000000000000000007D
:40038000000000000000000000000000000000000000000000000000000000000000000000000000000000000000000000000000000000000000000000000000000000003D
:4003C00000000000000000000000000000000000000000000000000000000000000000000000000000000000000000000000000000000000000000000000000000000000FD
:4004000000000000000000000000000000000000000000000000000000000000000000000000000000000000000000000000000000000000000000000000000000000000BC
:40044000000000000000000000000000000000000000000000000000000000000000000000000000000000000000000000000000000000000000000000000000000000007C
:40048000000000000000000000000000000000000000000000000000000000000000000000000000000000000000000000000000000000000000000000000000000000003C
:4004C00000000000000000000000000000000000000000000000000000000000000000000000000000000000000000000000000000000000000000000000000000000000FC
:4005000000000000000000000000000000000000000000000000000000000000000000000000000000000000000000000000000000000000000000000000000000000000BB
:40054000000000000000000000000000000000000000000000000000000000000000000000000000000000000000000000000000000000000000000000000000000000007B
:40058000000000000000000000000000000000000000000000000000000000000000000000000000000000000000000000000000000000000000000000000000000000003B
:4005C00000000000000000000000000000000000000000000000000000000000000000000000000000000000000000000000000000000000000000000000000000000000FB
:4006000000000000000000000000000000000000000000000000000000000000000000000000000000000000000000000000000000000000000000000000000000000000BA
:40064000000000000000000000000000000000000000000000000000000000000000000000000000000000000000000000000000000000000000000000000000000000007A
:40068000000000000000000000000000000000000000000000000000000000000000000000000000000000000000000000000000000000000000000000000000000000003A
:4006C00000000000000000000000000000000000000000000000000000000000000000000000000000000000000000000000000000000000000000000000000000000000FA
:4007000000000000000000000000000000000000000000000000000000000000000000000000000000000000000000000000000000000000000000000000000000000000B9
:400740000000000000000000000000000000000000000000000000000000000000000000000000000000000000000000000000000000000000000000000000000000000079
:400780000000000000000000000000000000000000000000000000000000000000000000000000000000000000000000000000000000000000000000000000000000000039
:4007C00000000000000000000000000000000000000000000000000000000000000000000000000000000000000000000000000000000000000000000000000000000000F9
:4008000000000000000000000000000000000000000000000000000000000000000000000000000000000000000000000000000000000000000000000000000000000000B8
:400840000000000000000000000000000000000000000000000000000000000000000000000000000000000000000000000000000000000000000000000000000000000078
:400880000000000000000000000000000000000000000000000000000000000000000000000000000000000000000000000000000000000000000000000000000000000038
:4008C00000000000000000000000000000000000000000000000000000000000000000000000000000000000000000000000000000000000000000000000000000000000F8
:4009000000000000000000000000000000000000000000000000000000000000000000000000000000000000000000000000000000000000000000000000000000000000B7
:400940000000000000000000000000000000000000000000000000000000000000000000000000000000000000000000000000000000000000000000000000000000000077
:400980000000000000000000000000000000000000000000000000000000000000000000000000000000000000000000000000000000000000000000000000000000000037
:4009C00000000000000000000000000000000000000000000000000000000000000000000000000000000000000000000000000000000000000000000000000000000000F7
:400A000000000000000000000000000000000000000000000000000000000000000000000000000000000000000000000000000000000000000000000000000000000000B6
:400A40000000000000000000000000000000000000000000000000000000000000000000000000000000000000000000000000000000000000000000000000000000000076
:400A80000000000000000000000000000000000000000000000000000000000000000000000000000000000000000000000000000000000000000000000000000000000036
:400AC00000000000000000000000000000000000000000000000000000000000000000000000000000000000000000000000000000000000000000000000000000000000F6
:400B000000000000000000000000000000000000000000000000000000000000000000000000000000000000000000000000000000000000000000000000000000000000B5
:400B40000000000000000000000000000000000000000000000000000000000000000000000000000000000000000000000000000000000000000000000000000000000075
:400B80000000000000000000000000000000000000000000000000000000000000000000000000000000000000000000000000000000000000000000000000000000000035
:400BC00000000000000000000000000000000000000000000000000000000000000000000000000000000000000000000000000000000000000000000000000000000000F5
:400C000000000000000000000000000000000000000000000000000000000000000000000000000000000000000000000000000000000000000000000000000000000000B4
:400C40000000000000000000000000000000000000000000000000000000000000000000000000000000000000000000000000000000000000000000000000000000000074
:400C80000000000000000000000000000000000000000000000000000000000000000000000000000000000000000000000000000000000000000000000000000000000034
:400CC00000000000000000000000000000000000000000000000000000000000000000000000000000000000000000000000000000000000000000000000000000000000F4
:400D000000000000000000000000000000000000000000000000000000000000000000000000000000000000000000000000000000000000000000000000000000000000B3
:400D40000000000000000000000000000000000000000000000000000000000000000000000000000000000000000000000000000000000000000000000000000000000073
:400D80000000000000000000000000000000000000000000000000000000000000000000000000000000000000000000000000000000000000000000000000000000000033
:400DC00000000000000000000000000000000000000000000000000000000000000000000000000000000000000000000000000000000000000000000000000000000000F3
:400E000000000000000000000000000000000000000000000000000000000000000000000000000000000000000000000000000000000000000000000000000000000000B2
:400E40000000000000000000000000000000000000000000000000000000000000000000000000000000000000000000000000000000000000000000000000000000000072
:400E80000000000000000000000000000000000000000000000000000000000000000000000000000000000000000000000000000000000000000000000000000000000032
:400EC00000000000000000000000000000000000000000000000000000000000000000000000000000000000000000000000000000000000000000000000000000000000F2
:400F000000000000000000000000000000000000000000000000000000000000000000000000000000000000000000000000000000000000000000000000000000000000B1
:400F40000000000000000000000000000000000000000000000000000000000000000000000000000000000000000000000000000000000000000000000000000000000071
:400F80000000000000000000000000000000000000000000000000000000000000000000000000000000000000000000000000000000000000000000000000000000000031
:400FC00000000000000000000000000000000000000000000000000000000000000000000000000000000000000000000000000000000000000000000000000000000000F1
:4010000000000000000000000000000000000000000000000000000000000000000000000000000000000000000000000000000000000000000000000000000000000000B0
:401040000000000000000000000000000000000000000000000000000000000000000000000000000000000000000000000000000000000000000000000000000000000070
:401080000000000000000000000000000000000000000000000000000000000000000000000000000000000000000000000000000000000000000000000000000000000030
:4010C00000000000000000000000000000000000000000000000000000000000000000000000000000000000000000000000000000000000000000000000000000000000F0
:4011000000000000000000000000000000000000000000000000000000000000000000000000000000000000000000000000000000000000000000000000000000000000AF
:40114000000000000000000000000000000000000000000000000000000000000000000000000000000000000000000000000000000000000000000000000000000000006F
:40118000000000000000000000000000000000000000000000000000000000000000000000000000000000000000000000000000000000000000000000000000000000002F
:4011C00000000000000000000000000000000000000000000000000000000000000000000000000000000000000000000000000000000000000000000000000000000000EF
:4012000000000000000000000000000000000000000000000000000000000000000000000000000000000000000000000000000000000000000000000000000000000000AE
:40124000000000000000000000000000000000000000000000000000000000000000000000000000000000000000000000000000000000000000000000000000000000006E
:40128000000000000000000000000000000000000000000000000000000000000000000000000000000000000000000000000000000000000000000000000000000000002E
:4012C00000000000000000000000000000000000000000000000000000000000000000000000000000000000000000000000000000000000000000000000000000000000EE
:4013000000000000000000000000000000000000000000000000000000000000000000000000000000000000000000000000000000000000000000000000000000000000AD
:40134000000000000000000000000000000000000000000000000000000000000000000000000000000000000000000000000000000000000000000000000000000000006D
:40138000000000000000000000000000000000000000000000000000000000000000000000000000000000000000000000000000000000000000000000000000000000002D
:4013C00000000000000000000000000000000000000000000000000000000000000000000000000000000000000000000000000000000000000000000000000000000000ED
:4014000000000000000000000000000000000000000000000000000000000000000000000000000000000000000000000000000000000000000000000000000000000000AC
:40144000000000000000000000000000000000000000000000000000000000000000000000000000000000000000000000000000000000000000000000000000000000006C
:40148000000000000000000000000000000000000000000000000000000000000000000000000000000000000000000000000000000000000000000000000000000000002C
:4014C00000000000000000000000000000000000000000000000000000000000000000000000000000000000000000000000000000000000000000000000000000000000EC
:4015000000000000000000000000000000000000000000000000000000000000000000000000000000000000000000000000000000000000000000000000000000000000AB
:40154000000000000000000000000000000000000000000000000000000000000000000000000000000000000000000000000000000000000000000000000000000000006B
:40158000000000000000000000000000000000000000000000000000000000000000000000000000000000000000000000000000000000000000000000000000000000002B
:4015C00000000000000000000000000000000000000000000000000000000000000000000000000000000000000000000000000000000000000000000000000000000000EB
:4016000000000000000000000000000000000000000000000000000000000000000000000000000000000000000000000000000000000000000000000000000000000000AA
:40164000000000000000000000000000000000000000000000000000000000000000000000000000000000000000000000000000000000000000000000000000000000006A
:40168000000000000000000000000000000000000000000000000000000000000000000000000000000000000000000000000000000000000000000000000000000000002A
:4016C00000000000000000000000000000000000000000000000000000000000000000000000000000000000000000000000000000000000000000000000000000000000EA
:4017000000000000000000000000000000000000000000000000000000000000000000000000000000000000000000000000000000000000000000000000000000000000A9
:401740000000000000000000000000000000000000000000000000000000000000000000000000000000000000000000000000000000000000000000000000000000000069
:401780000000000000000000000000000000000000000000000000000000000000000000000000000000000000000000000000000000000000000000000000000000000029
:4017C00000000000000000000000000000000000000000000000000000000000000000000000000000000000000000000000000000000000000000000000000000000000E9
:4018000000000000000000000000000000000000000000000000000000000000000000000000000000000000000000000000000000000000000000000000000000000000A8
:401840000000000000000000000000000000000000000000000000000000000000000000000000000000000000000000000000000000000000000000000000000000000068
:401880000000000000000000000000000000000000000000000000000000000000000000000000000000000000000000000000000000000000000000000000000000000028
:4018C00000000000000000000000000000000000000000000000000000000000000000000000000000000000000000000000000000000000000000000000000000000000E8
:4019000000000000000000000000000000000000000000000000000000000000000000000000000000000000000000000000000000000000000000000000000000000000A7
:401940000000000000000000000000000000000000000000000000000000000000000000000000000000000000000000000000000000000000000000000000000000000067
:401980000000000000000000000000000000000000000000000000000000000000000000000000000000000000000000000000000000000000000000000000000000000027
:4019C00000000000000000000000000000000000000000000000000000000000000000000000000000000000000000000000000000000000000000000000000000000000E7
:401A000000000000000000000000000000000000000000000000000000000000000000000000000000000000000000000000000000000000000000000000000000000000A6
:401A40000000000000000000000000000000000000000000000000000000000000000000000000000000000000000000000000000000000000000000000000000000000066
:401A80000000000000000000000000000000000000000000000000000000000000000000000000000000000000000000000000000000000000000000000000000000000026
:401AC00000000000000000000000000000000000000000000000000000000000000000000000000000000000000000000000000000000000000000000000000000000000E6
:401B000000000000000000000000000000000000000000000000000000000000000000000000000000000000000000000000000000000000000000000000000000000000A5
:401B40000000000000000000000000000000000000000000000000000000000000000000000000000000000000000000000000000000000000000000000000000000000065
:401B80000000000000000000000000000000000000000000000000000000000000000000000000000000000000000000000000000000000000000000000000000000000025
:401BC00000000000000000000000000000000000000000000000000000000000000000000000000000000000000000000000000000000000000000000000000000000000E5
:401C000000000000000000000000000000000000000000000000000000000000000000000000000000000000000000000000000000000000000000000000000000000000A4
:401C40000000000000000000000000000000000000000000000000000000000000000000000000000000000000000000000000000000000000000000000000000000000064
:401C80000000000000000000000000000000000000000000000000000000000000000000000000000000000000000000000000000000000000000000000000000000000024
:401CC00000000000000000000000000000000000000000000000000000000000000000000000000000000000000000000000000000000000000000000000000000000000E4
:401D000000000000000000000000000000000000000000000000000000000000000000000000000000000000000000000000000000000000000000000000000000000000A3
:401D40000000000000000000000000000000000000000000000000000000000000000000000000000000000000000000000000000000000000000000000000000000000063
:401D80000000000000000000000000000000000000000000000000000000000000000000000000000000000000000000000000000000000000000000000000000000000023
:401DC00000000000000000000000000000000000000000000000000000000000000000000000000000000000000000000000000000000000000000000000000000000000E3
:401E000000000000000000000000000000000000000000000000000000000000000000000000000000000000000000000000000000000000000000000000000000000000A2
:401E40000000000000000000000000000000000000000000000000000000000000000000000000000000000000000000000000000000000000000000000000000000000062
:401E80000000000000000000000000000000000000000000000000000000000000000000000000000000000000000000000000000000000000000000000000000000000022
:401EC00000000000000000000000000000000000000000000000000000000000000000000000000000000000000000000000000000000000000000000000000000000000E2
:401F000000000000000000000000000000000000000000000000000000000000000000000000000000000000000000000000000000000000000000000000000000000000A1
:401F40000000000000000000000000000000000000000000000000000000000000000000000000000000000000000000000000000000000000000000000000000000000061
:401F80000000000000000000000000000000000000000000000000000000000000000000000000000000000000000000000000000000000000000000000000000000000021
:401FC00000000000000000000000000000000000000000000000000000000000000000000000000000000000000000000000000000000000000000000000000000000000E1
:4020000000000000000000000000000000000000000000000000000000000000000000000000000000000000000000000000000000000000000000000000000000000000A0
:402040000000000000000000000000000000000000000000000000000000000000000000000000000000000000000000000000000000000000000000000000000000000060
:402080000000000000000000000000000000000000000000000000000000000000000000000000000000000000000000000000000000000000000000000000000000000020
:4020C00000000000000000000000000000000000000000000000000000000000000000000000000000000000000000000000000000000000000000000000000000000000E0
:40210000000000000000000000000000000000000000000000000000000000000000000000000000000000000000000000000000000000000000000000000000000000009F
:40214000000000000000000000000000000000000000000000000000000000000000000000000000000000000000000000000000000000000000000000000000000000005F
:40218000000000000000000000000000000000000000000000000000000000000000000000000000000000000000000000000000000000000000000000000000000000001F
:4021C00000000000000000000000000000000000000000000000000000000000000000000000000000000000000000000000000000000000000000000000000000000000DF
:40220000000000000000000000000000000000000000000000000000000000000000000000000000000000000000000000000000000000000000000000000000000000009E
:40224000000000000000000000000000000000000000000000000000000000000000000000000000000000000000000000000000000000000000000000000000000000005E
:40228000000000000000000000000000000000000000000000000000000000000000000000000000000000000000000000000000000000000000000000000000000000001E
:4022C00000000000000000000000000000000000000000000000000000000000000000000000000000000000000000000000000000000000000000000000000000000000DE
:40230000000000000000000000000000000000000000000000000000000000000000000000000000000000000000000000000000000000000000000000000000000000009D
:40234000000000000000000000000000000000000000000000000000000000000000000000000000000000000000000000000000000000000000000000000000000000005D
:40238000000000000000000000000000000000000000000000000000000000000000000000000000000000000000000000000000000000000000000000000000000000001D
:4023C00000000000000000000000000000000000000000000000000000000000000000000000000000000000000000000000000000000000000000000000000000000000DD
:40240000000000000000000000000000000000000000000000000000000000000000000000000000000000000000000000000000000000000000000000000000000000009C
:40244000000000000000000000000000000000000000000000000000000000000000000000000000000000000000000000000000000000000000000000000000000000005C
:40248000000000000000000000000000000000000000000000000000000000000000000000000000000000000000000000000000000000000000000000000000000000001C
:4024C00000000000000000000000000000000000000000000000000000000000000000000000000000000000000000000000000000000000000000000000000000000000DC
:40250000000000000000000000000000000000000000000000000000000000000000000000000000000000000000000000000000000000000000000000000000000000009B
:40254000000000000000000000000000000000000000000000000000000000000000000000000000000000000000000000000000000000000000000000000000000000005B
:40258000000000000000000000000000000000000000000000000000000000000000000000000000000000000000000000000000000000000000000000000000000000001B
:4025C00000000000000000000000000000000000000000000000000000000000000000000000000000000000000000000000000000000000000000000000000000000000DB
:40260000000000000000000000000000000000000000000000000000000000000000000000000000000000000000000000000000000000000000000000000000000000009A
:40264000000000000000000000000000000000000000000000000000000000000000000000000000000000000000000000000000000000000000000000000000000000005A
:40268000000000000000000000000000000000000000000000000000000000000000000000000000000000000000000000000000000000000000000000000000000000001A
:4026C00000000000000000000000000000000000000000000000000000000000000000000000000000000000000000000000000000000000000000000000000000000000DA
:402700000000000000000000000000000000000000000000000000000000000000000000000000000000000000000000000000000000000000000000000000000000000099
:402740000000000000000000000000000000000000000000000000000000000000000000000000000000000000000000000000000000000000000000000000000000000059
:402780000000000000000000000000000000000000000000000000000000000000000000000000000000000000000000000000000000000000000000000000000000000019
:4027C00000000000000000000000000000000000000000000000000000000000000000000000000000000000000000000000000000000000000000000000000000000000D9
:402800000000000000000000000000000000000000000000000000000000000000000000000000000000000000000000000000000000000000000000000000000000000098
:402840000000000000000000000000000000000000000000000000000000000000000000000000000000000000000000000000000000000000000000000000000000000058
:402880000000000000000000000000000000000000000000000000000000000000000000000000000000000000000000000000000000000000000000000000000000000018
:4028C00000000000000000000000000000000000000000000000000000000000000000000000000000000000000000000000000000000000000000000000000000000000D8
:402900000000000000000000000000000000000000000000000000000000000000000000000000000000000000000000000000000000000000000000000000000000000097
:402940000000000000000000000000000000000000000000000000000000000000000000000000000000000000000000000000000000000000000000000000000000000057
:402980000000000000000000000000000000000000000000000000000000000000000000000000000000000000000000000000000000000000000000000000000000000017
:4029C00000000000000000000000000000000000000000000000000000000000000000000000000000000000000000000000000000000000000000000000000000000000D7
:402A00000000000000000000000000000000000000000000000000000000000000000000000000000000000000000000000000000000000000000000000000000000000096
:402A40000000000000000000000000000000000000000000000000000000000000000000000000000000000000000000000000000000000000000000000000000000000056
:402A80000000000000000000000000000000000000000000000000000000000000000000000000000000000000000000000000000000000000000000000000000000000016
:402AC00000000000000000000000000000000000000000000000000000000000000000000000000000000000000000000000000000000000000000000000000000000000D6
:402B00000000000000000000000000000000000000000000000000000000000000000000000000000000000000000000000000000000000000000000000000000000000095
:402B40000000000000000000000000000000000000000000000000000000000000000000000000000000000000000000000000000000000000000000000000000000000055
:402B80000000000000000000000000000000000000000000000000000000000000000000000000000000000000000000000000000000000000000000000000000000000015
:402BC00000000000000000000000000000000000000000000000000000000000000000000000000000000000000000000000000000000000000000000000000000000000D5
:402C00000000000000000000000000000000000000000000000000000000000000000000000000000000000000000000000000000000000000000000000000000000000094
:402C40000000000000000000000000000000000000000000000000000000000000000000000000000000000000000000000000000000000000000000000000000000000054
:402C80000000000000000000000000000000000000000000000000000000000000000000000000000000000000000000000000000000000000000000000000000000000014
:402CC00000000000000000000000000000000000000000000000000000000000000000000000000000000000000000000000000000000000000000000000000000000000D4
:402D00000000000000000000000000000000000000000000000000000000000000000000000000000000000000000000000000000000000000000000000000000000000093
:402D40000000000000000000000000000000000000000000000000000000000000000000000000000000000000000000000000000000000000000000000000000000000053
:402D80000000000000000000000000000000000000000000000000000000000000000000000000000000000000000000000000000000000000000000000000000000000013
:402DC00000000000000000000000000000000000000000000000000000000000000000000000000000000000000000000000000000000000000000000000000000000000D3
:402E00000000000000000000000000000000000000000000000000000000000000000000000000000000000000000000000000000000000000000000000000000000000092
:402E40000000000000000000000000000000000000000000000000000000000000000000000000000000000000000000000000000000000000000000000000000000000052
:402E80000000000000000000000000000000000000000000000000000000000000000000000000000000000000000000000000000000000000000000000000000000000012
:402EC00000000000000000000000000000000000000000000000000000000000000000000000000000000000000000000000000000000000000000000000000000000000D2
:402F00000000000000000000000000000000000000000000000000000000000000000000000000000000000000000000000000000000000000000000000000000000000091
:402F40000000000000000000000000000000000000000000000000000000000000000000000000000000000000000000000000000000000000000000000000000000000051
:402F80000000000000000000000000000000000000000000000000000000000000000000000000000000000000000000000000000000000000000000000000000000000011
:402FC00000000000000000000000000000000000000000000000000000000000000000000000000000000000000000000000000000000000000000000000000000000000D1
:403000000000000000000000000000000000000000000000000000000000000000000000000000000000000000000000000000000000000000000000000000000000000090
:403040000000000000000000000000000000000000000000000000000000000000000000000000000000000000000000000000000000000000000000000000000000000050
:403080000000000000000000000000000000000000000000000000000000000000000000000000000000000000000000000000000000000000000000000000000000000010
:4030C00000000000000000000000000000000000000000000000000000000000000000000000000000000000000000000000000000000000000000000000000000000000D0
:40310000000000000000000000000000000000000000000000000000000000000000000000000000000000000000000000000000000000000000000000000000000000008F
:40314000000000000000000000000000000000000000000000000000000000000000000000000000000000000000000000000000000000000000000000000000000000004F
:40318000000000000000000000000000000000000000000000000000000000000000000000000000000000000000000000000000000000000000000000000000000000000F
:4031C00000000000000000000000000000000000000000000000000000000000000000000000000000000000000000000000000000000000000000000000000000000000CF
:40320000000000000000000000000000000000000000000000000000000000000000000000000000000000000000000000000000000000000000000000000000000000008E
:40324000000000000000000000000000000000000000000000000000000000000000000000000000000000000000000000000000000000000000000000000000000000004E
:40328000000000000000000000000000000000000000000000000000000000000000000000000000000000000000000000000000000000000000000000000000000000000E
:4032C00000000000000000000000000000000000000000000000000000000000000000000000000000000000000000000000000000000000000000000000000000000000CE
:40330000000000000000000000000000000000000000000000000000000000000000000000000000000000000000000000000000000000000000000000000000000000008D
:40334000000000000000000000000000000000000000000000000000000000000000000000000000000000000000000000000000000000000000000000000000000000004D
:40338000000000000000000000000000000000000000000000000000000000000000000000000000000000000000000000000000000000000000000000000000000000000D
:4033C00000000000000000000000000000000000000000000000000000000000000000000000000000000000000000000000000000000000000000000000000000000000CD
:40340000000000000000000000000000000000000000000000000000000000000000000000000000000000000000000000000000000000000000000000000000000000008C
:40344000000000000000000000000000000000000000000000000000000000000000000000000000000000000000000000000000000000000000000000000000000000004C
:40348000000000000000000000000000000000000000000000000000000000000000000000000000000000000000000000000000000000000000000000000000000000000C
:4034C00000000000000000000000000000000000000000000000000000000000000000000000000000000000000000000000000000000000000000000000000000000000CC
:40350000000000000000000000000000000000000000000000000000000000000000000000000000000000000000000000000000000000000000000000000000000000008B
:40354000000000000000000000000000000000000000000000000000000000000000000000000000000000000000000000000000000000000000000000000000000000004B
:40358000000000000000000000000000000000000000000000000000000000000000000000000000000000000000000000000000000000000000000000000000000000000B
:4035C00000000000000000000000000000000000000000000000000000000000000000000000000000000000000000000000000000000000000000000000000000000000CB
:40360000000000000000000000000000000000000000000000000000000000000000000000000000000000000000000000000000000000000000000000000000000000008A
:40364000000000000000000000000000000000000000000000000000000000000000000000000000000000000000000000000000000000000000000000000000000000004A
:40368000000000000000000000000000000000000000000000000000000000000000000000000000000000000000000000000000000000000000000000000000000000000A
:4036C00000000000000000000000000000000000000000000000000000000000000000000000000000000000000000000000000000000000000000000000000000000000CA
:403700000000000000000000000000000000000000000000000000000000000000000000000000000000000000000000000000000000000000000000000000000000000089
:403740000000000000000000000000000000000000000000000000000000000000000000000000000000000000000000000000000000000000000000000000000000000049
:403780000000000000000000000000000000000000000000000000000000000000000000000000000000000000000000000000000000000000000000000000000000000009
:4037C00000000000000000000000000000000000000000000000000000000000000000000000000000000000000000000000000000000000000000000000000000000000C9
:403800000000000000000000000000000000000000000000000000000000000000000000000000000000000000000000000000000000000000000000000000000000000088
:403840000000000000000000000000000000000000000000000000000000000000000000000000000000000000000000000000000000000000000000000000000000000048
:403880000000000000000000000000000000000000000000000000000000000000000000000000000000000000000000000000000000000000000000000000000000000008
:4038C00000000000000000000000000000000000000000000000000000000000000000000000000000000000000000000000000000000000000000000000000000000000C8
:403900000000000000000000000000000000000000000000000000000000000000000000000000000000000000000000000000000000000000000000000000000000000087
:403940000000000000000000000000000000000000000000000000000000000000000000000000000000000000000000000000000000000000000000000000000000000047
:403980000000000000000000000000000000000000000000000000000000000000000000000000000000000000000000000000000000000000000000000000000000000007
:4039C00000000000000000000000000000000000000000000000000000000000000000000000000000000000000000000000000000000000000000000000000000000000C7
:403A00000000000000000000000000000000000000000000000000000000000000000000000000000000000000000000000000000000000000000000000000000000000086
:403A40000000000000000000000000000000000000000000000000000000000000000000000000000000000000000000000000000000000000000000000000000000000046
:403A80000000000000000000000000000000000000000000000000000000000000000000000000000000000000000000000000000000000000000000000000000000000006
:403AC00000000000000000000000000000000000000000000000000000000000000000000000000000000000000000000000000000000000000000000000000000000000C6
:403B00000000000000000000000000000000000000000000000000000000000000000000000000000000000000000000000000000000000000000000000000000000000085
:403B40000000000000000000000000000000000000000000000000000000000000000000000000000000000000000000000000000000000000000000000000000000000045
:403B80000000000000000000000000000000000000000000000000000000000000000000000000000000000000000000000000000000000000000000000000000000000005
:403BC00000000000000000000000000000000000000000000000000000000000000000000000000000000000000000000000000000000000000000000000000000000000C5
:403C00000000000000000000000000000000000000000000000000000000000000000000000000000000000000000000000000000000000000000000000000000000000084
:403C40000000000000000000000000000000000000000000000000000000000000000000000000000000000000000000000000000000000000000000000000000000000044
:403C80000000000000000000000000000000000000000000000000000000000000000000000000000000000000000000000000000000000000000000000000000000000004
:403CC00000000000000000000000000000000000000000000000000000000000000000000000000000000000000000000000000000000000000000000000000000000000C4
:403D00000000000000000000000000000000000000000000000000000000000000000000000000000000000000000000000000000000000000000000000000000000000083
:403D40000000000000000000000000000000000000000000000000000000000000000000000000000000000000000000000000000000000000000000000000000000000043
:403D80000000000000000000000000000000000000000000000000000000000000000000000000000000000000000000000000000000000000000000000000000000000003
:403DC00000000000000000000000000000000000000000000000000000000000000000000000000000000000000000000000000000000000000000000000000000000000C3
:403E00000000000000000000000000000000000000000000000000000000000000000000000000000000000000000000000000000000000000000000000000000000000082
:403E40000000000000000000000000000000000000000000000000000000000000000000000000000000000000000000000000000000000000000000000000000000000042
:403E80000000000000000000000000000000000000000000000000000000000000000000000000000000000000000000000000000000000000000000000000000000000002
:403EC00000000000000000000000000000000000000000000000000000000000000000000000000000000000000000000000000000000000000000000000000000000000C2
:403F00000000000000000000000000000000000000000000000000000000000000000000000000000000000000000000000000000000000000000000000000000000000081
:403F40000000000000000000000000000000000000000000000000000000000000000000000000000000000000000000000000000000000000000000000000000000000041
:403F80000000000000000000000000000000000000000000000000000000000000000000000000000000000000000000000000000000000000000000000000000000000001
:403FC00000000000000000000000000000000000000000000000000000000000000000000000000000000000000000000000000000000000000000000000000000000000C1
:404000000000000000000000000000000000000000000000000000000000000000000000000000000000000000000000000000000000000000000000000000000000000080
:404040000000000000000000000000000000000000000000000000000000000000000000000000000000000000000000000000000000000000000000000000000000000040
:404080000000000000000000000000000000000000000000000000000000000000000000000000000000000000000000000000000000000000000000000000000000000000
:4040C00000000000000000000000000000000000000000000000000000000000000000000000000000000000000000000000000000000000000000000000000000000000C0
:40410000000000000000000000000000000000000000000000000000000000000000000000000000000000000000000000000000000000000000000000000000000000007F
:40414000000000000000000000000000000000000000000000000000000000000000000000000000000000000000000000000000000000000000000000000000000000003F
:4041800000000000000000000000000000000000000000000000000000000000000000000000000000000000000000000000000000000000000000000000000000000000FF
:4041C00000000000000000000000000000000000000000000000000000000000000000000000000000000000000000000000000000000000000000000000000000000000BF
:40420000000000000000000000000000000000000000000000000000000000000000000000000000000000000000000000000000000000000000000000000000000000007E
:40424000000000000000000000000000000000000000000000000000000000000000000000000000000000000000000000000000000000000000000000000000000000003E
:4042800000000000000000000000000000000000000000000000000000000000000000000000000000000000000000000000000000000000000000000000000000000000FE
:4042C00000000000000000000000000000000000000000000000000000000000000000000000000000000000000000000000000000000000000000000000000000000000BE
:40430000000000000000000000000000000000000000000000000000000000000000000000000000000000000000000000000000000000000000000000000000000000007D
:40434000000000000000000000000000000000000000000000000000000000000000000000000000000000000000000000000000000000000000000000000000000000003D
:4043800000000000000000000000000000000000000000000000000000000000000000000000000000000000000000000000000000000000000000000000000000000000FD
:4043C00000000000000000000000000000000000000000000000000000000000000000000000000000000000000000000000000000000000000000000000000000000000BD
:40440000000000000000000000000000000000000000000000000000000000000000000000000000000000000000000000000000000000000000000000000000000000007C
:40444000000000000000000000000000000000000000000000000000000000000000000000000000000000000000000000000000000000000000000000000000000000003C
:4044800000000000000000000000000000000000000000000000000000000000000000000000000000000000000000000000000000000000000000000000000000000000FC
:4044C00000000000000000000000000000000000000000000000000000000000000000000000000000000000000000000000000000000000000000000000000000000000BC
:40450000000000000000000000000000000000000000000000000000000000000000000000000000000000000000000000000000000000000000000000000000000000007B
:40454000000000000000000000000000000000000000000000000000000000000000000000000000000000000000000000000000000000000000000000000000000000003B
:4045800000000000000000000000000000000000000000000000000000000000000000000000000000000000000000000000000000000000000000000000000000000000FB
:4045C00000000000000000000000000000000000000000000000000000000000000000000000000000000000000000000000000000000000000000000000000000000000BB
:40460000000000000000000000000000000000000000000000000000000000000000000000000000000000000000000000000000000000000000000000000000000000007A
:40464000000000000000000000000000000000000000000000000000000000000000000000000000000000000000000000000000000000000000000000000000000000003A
:4046800000000000000000000000000000000000000000000000000000000000000000000000000000000000000000000000000000000000000000000000000000000000FA
:4046C00000000000000000000000000000000000000000000000000000000000000000000000000000000000000000000000000000000000000000000000000000000000BA
:404700000000000000000000000000000000000000000000000000000000000000000000000000000000000000000000000000000000000000000000000000000000000079
:404740000000000000000000000000000000000000000000000000000000000000000000000000000000000000000000000000000000000000000000000000000000000039
:4047800000000000000000000000000000000000000000000000000000000000000000000000000000000000000000000000000000000000000000000000000000000000F9
:4047C00000000000000000000000000000000000000000000000000000000000000000000000000000000000000000000000000000000000000000000000000000000000B9
:404800000000000000000000000000000000000000000000000000000000000000000000000000000000000000000000000000000000000000000000000000000000000078
:404840000000000000000000000000000000000000000000000000000000000000000000000000000000000000000000000000000000000000000000000000000000000038
:4048800000000000000000000000000000000000000000000000000000000000000000000000000000000000000000000000000000000000000000000000000000000000F8
:4048C00000000000000000000000000000000000000000000000000000000000000000000000000000000000000000000000000000000000000000000000000000000000B8
:404900000000000000000000000000000000000000000000000000000000000000000000000000000000000000000000000000000000000000000000000000000000000077
:404940000000000000000000000000000000000000000000000000000000000000000000000000000000000000000000000000000000000000000000000000000000000037
:4049800000000000000000000000000000000000000000000000000000000000000000000000000000000000000000000000000000000000000000000000000000000000F7
:4049C00000000000000000000000000000000000000000000000000000000000000000000000000000000000000000000000000000000000000000000000000000000000B7
:404A00000000000000000000000000000000000000000000000000000000000000000000000000000000000000000000000000000000000000000000000000000000000076
:404A40000000000000000000000000000000000000000000000000000000000000000000000000000000000000000000000000000000000000000000000000000000000036
:404A800000000000000000000000000000000000000000000000000000000000000000000000000000000000000000000000000000000000000000000000000000000000F6
:404AC00000000000000000000000000000000000000000000000000000000000000000000000000000000000000000000000000000000000000000000000000000000000B6
:404B00000000000000000000000000000000000000000000000000000000000000000000000000000000000000000000000000000000000000000000000000000000000075
:404B40000000000000000000000000000000000000000000000000000000000000000000000000000000000000000000000000000000000000000000000000000000000035
:404B800000000000000000000000000000000000000000000000000000000000000000000000000000000000000000000000000000000000000000000000000000000000F5
:404BC00000000000000000000000000000000000000000000000000000000000000000000000000000000000000000000000000000000000000000000000000000000000B5
:404C00000000000000000000000000000000000000000000000000000000000000000000000000000000000000000000000000000000000000000000000000000000000074
:404C40000000000000000000000000000000000000000000000000000000000000000000000000000000000000000000000000000000000000000000000000000000000034
:404C800000000000000000000000000000000000000000000000000000000000000000000000000000000000000000000000000000000000000000000000000000000000F4
:404CC00000000000000000000000000000000000000000000000000000000000000000000000000000000000000000000000000000000000000000000000000000000000B4
:404D00000000000000000000000000000000000000000000000000000000000000000000000000000000000000000000000000000000000000000000000000000000000073
:404D40000000000000000000000000000000000000000000000000000000000000000000000000000000000000000000000000000000000000000000000000000000000033
:404D800000000000000000000000000000000000000000000000000000000000000000000000000000000000000000000000000000000000000000000000000000000000F3
:404DC00000000000000000000000000000000000000000000000000000000000000000000000000000000000000000000000000000000000000000000000000000000000B3
:404E00000000000000000000000000000000000000000000000000000000000000000000000000000000000000000000000000000000000000000000000000000000000072
:404E40000000000000000000000000000000000000000000000000000000000000000000000000000000000000000000000000000000000000000000000000000000000032
:404E800000000000000000000000000000000000000000000000000000000000000000000000000000000000000000000000000000000000000000000000000000000000F2
:404EC00000000000000000000000000000000000000000000000000000000000000000000000000000000000000000000000000000000000000000000000000000000000B2
:404F00000000000000000000000000000000000000000000000000000000000000000000000000000000000000000000000000000000000000000000000000000000000071
:404F40000000000000000000000000000000000000000000000000000000000000000000000000000000000000000000000000000000000000000000000000000000000031
:404F800000000000000000000000000000000000000000000000000000000000000000000000000000000000000000000000000000000000000000000000000000000000F1
:404FC00000000000000000000000000000000000000000000000000000000000000000000000000000000000000000000000000000000000000000000000000000000000B1
:405000000000000000000000000000000000000000000000000000000000000000000000000000000000000000000000000000000000000000000000000000000000000070
:405040000000000000000000000000000000000000000000000000000000000000000000000000000000000000000000000000000000000000000000000000000000000030
:4050800000000000000000000000000000000000000000000000000000000000000000000000000000000000000000000000000000000000000000000000000000000000F0
:4050C00000000000000000000000000000000000000000000000000000000000000000000000000000000000000000000000000000000000000000000000000000000000B0
:40510000000000000000000000000000000000000000000000000000000000000000000000000000000000000000000000000000000000000000000000000000000000006F
:40514000000000000000000000000000000000000000000000000000000000000000000000000000000000000000000000000000000000000000000000000000000000002F
:4051800000000000000000000000000000000000000000000000000000000000000000000000000000000000000000000000000000000000000000000000000000000000EF
:4051C00000000000000000000000000000000000000000000000000000000000000000000000000000000000000000000000000000000000000000000000000000000000AF
:40520000000000000000000000000000000000000000000000000000000000000000000000000000000000000000000000000000000000000000000000000000000000006E
:40524000000000000000000000000000000000000000000000000000000000000000000000000000000000000000000000000000000000000000000000000000000000002E
:4052800000000000000000000000000000000000000000000000000000000000000000000000000000000000000000000000000000000000000000000000000000000000EE
:4052C00000000000000000000000000000000000000000000000000000000000000000000000000000000000000000000000000000000000000000000000000000000000AE
:40530000000000000000000000000000000000000000000000000000000000000000000000000000000000000000000000000000000000000000000000000000000000006D
:40534000000000000000000000000000000000000000000000000000000000000000000000000000000000000000000000000000000000000000000000000000000000002D
:4053800000000000000000000000000000000000000000000000000000000000000000000000000000000000000000000000000000000000000000000000000000000000ED
:4053C00000000000000000000000000000000000000000000000000000000000000000000000000000000000000000000000000000000000000000000000000000000000AD
:40540000000000000000000000000000000000000000000000000000000000000000000000000000000000000000000000000000000000000000000000000000000000006C
:40544000000000000000000000000000000000000000000000000000000000000000000000000000000000000000000000000000000000000000000000000000000000002C
:4054800000000000000000000000000000000000000000000000000000000000000000000000000000000000000000000000000000000000000000000000000000000000EC
:4054C00000000000000000000000000000000000000000000000000000000000000000000000000000000000000000000000000000000000000000000000000000000000AC
:40550000000000000000000000000000000000000000000000000000000000000000000000000000000000000000000000000000000000000000000000000000000000006B
:40554000000000000000000000000000000000000000000000000000000000000000000000000000000000000000000000000000000000000000000000000000000000002B
:4055800000000000000000000000000000000000000000000000000000000000000000000000000000000000000000000000000000000000000000000000000000000000EB
:4055C00000000000000000000000000000000000000000000000000000000000000000000000000000000000000000000000000000000000000000000000000000000000AB
:40560000000000000000000000000000000000000000000000000000000000000000000000000000000000000000000000000000000000000000000000000000000000006A
:40564000000000000000000000000000000000000000000000000000000000000000000000000000000000000000000000000000000000000000000000000000000000002A
:4056800000000000000000000000000000000000000000000000000000000000000000000000000000000000000000000000000000000000000000000000000000000000EA
:4056C00000000000000000000000000000000000000000000000000000000000000000000000000000000000000000000000000000000000000000000000000000000000AA
:405700000000000000000000000000000000000000000000000000000000000000000000000000000000000000000000000000000000000000000000000000000000000069
:405740000000000000000000000000000000000000000000000000000000000000000000000000000000000000000000000000000000000000000000000000000000000029
:4057800000000000000000000000000000000000000000000000000000000000000000000000000000000000000000000000000000000000000000000000000000000000E9
:4057C00000000000000000000000000000000000000000000000000000000000000000000000000000000000000000000000000000000000000000000000000000000000A9
:405800000000000000000000000000000000000000000000000000000000000000000000000000000000000000000000000000000000000000000000000000000000000068
:405840000000000000000000000000000000000000000000000000000000000000000000000000000000000000000000000000000000000000000000000000000000000028
:4058800000000000000000000000000000000000000000000000000000000000000000000000000000000000000000000000000000000000000000000000000000000000E8
:4058C00000000000000000000000000000000000000000000000000000000000000000000000000000000000000000000000000000000000000000000000000000000000A8
:405900000000000000000000000000000000000000000000000000000000000000000000000000000000000000000000000000000000000000000000000000000000000067
:405940000000000000000000000000000000000000000000000000000000000000000000000000000000000000000000000000000000000000000000000000000000000027
:4059800000000000000000000000000000000000000000000000000000000000000000000000000000000000000000000000000000000000000000000000000000000000E7
:4059C00000000000000000000000000000000000000000000000000000000000000000000000000000000000000000000000000000000000000000000000000000000000A7
:405A00000000000000000000000000000000000000000000000000000000000000000000000000000000000000000000000000000000000000000000000000000000000066
:405A40000000000000000000000000000000000000000000000000000000000000000000000000000000000000000000000000000000000000000000000000000000000026
:405A800000000000000000000000000000000000000000000000000000000000000000000000000000000000000000000000000000000000000000000000000000000000E6
:405AC00000000000000000000000000000000000000000000000000000000000000000000000000000000000000000000000000000000000000000000000000000000000A6
:405B00000000000000000000000000000000000000000000000000000000000000000000000000000000000000000000000000000000000000000000000000000000000065
:405B40000000000000000000000000000000000000000000000000000000000000000000000000000000000000000000000000000000000000000000000000000000000025
:405B800000000000000000000000000000000000000000000000000000000000000000000000000000000000000000000000000000000000000000000000000000000000E5
:405BC00000000000000000000000000000000000000000000000000000000000000000000000000000000000000000000000000000000000000000000000000000000000A5
:405C00000000000000000000000000000000000000000000000000000000000000000000000000000000000000000000000000000000000000000000000000000000000064
:405C40000000000000000000000000000000000000000000000000000000000000000000000000000000000000000000000000000000000000000000000000000000000024
:405C800000000000000000000000000000000000000000000000000000000000000000000000000000000000000000000000000000000000000000000000000000000000E4
:405CC00000000000000000000000000000000000000000000000000000000000000000000000000000000000000000000000000000000000000000000000000000000000A4
:405D00000000000000000000000000000000000000000000000000000000000000000000000000000000000000000000000000000000000000000000000000000000000063
:405D40000000000000000000000000000000000000000000000000000000000000000000000000000000000000000000000000000000000000000000000000000000000023
:405D800000000000000000000000000000000000000000000000000000000000000000000000000000000000000000000000000000000000000000000000000000000000E3
:405DC00000000000000000000000000000000000000000000000000000000000000000000000000000000000000000000000000000000000000000000000000000000000A3
:405E00000000000000000000000000000000000000000000000000000000000000000000000000000000000000000000000000000000000000000000000000000000000062
:405E40000000000000000000000000000000000000000000000000000000000000000000000000000000000000000000000000000000000000000000000000000000000022
:405E800000000000000000000000000000000000000000000000000000000000000000000000000000000000000000000000000000000000000000000000000000000000E2
:405EC00000000000000000000000000000000000000000000000000000000000000000000000000000000000000000000000000000000000000000000000000000000000A2
:405F00000000000000000000000000000000000000000000000000000000000000000000000000000000000000000000000000000000000000000000000000000000000061
:405F40000000000000000000000000000000000000000000000000000000000000000000000000000000000000000000000000000000000000000000000000000000000021
:405F800000000000000000000000000000000000000000000000000000000000000000000000000000000000000000000000000000000000000000000000000000000000E1
:405FC00000000000000000000000000000000000000000000000000000000000000000000000000000000000000000000000000000000000000000000000000000000000A1
:406000000000000000000000000000000000000000000000000000000000000000000000000000000000000000000000000000000000000000000000000000000000000060
:406040000000000000000000000000000000000000000000000000000000000000000000000000000000000000000000000000000000000000000000000000000000000020
:4060800000000000000000000000000000000000000000000000000000000000000000000000000000000000000000000000000000000000000000000000000000000000E0
:4060C00000000000000000000000000000000000000000000000000000000000000000000000000000000000000000000000000000000000000000000000000000000000A0
:40610000000000000000000000000000000000000000000000000000000000000000000000000000000000000000000000000000000000000000000000000000000000005F
:40614000000000000000000000000000000000000000000000000000000000000000000000000000000000000000000000000000000000000000000000000000000000001F
:4061800000000000000000000000000000000000000000000000000000000000000000000000000000000000000000000000000000000000000000000000000000000000DF
:4061C000000000000000000000000000000000000000000000000000000000000000000000000000000000000000000000000000000000000000000000000000000000009F
:40620000000000000000000000000000000000000000000000000000000000000000000000000000000000000000000000000000000000000000000000000000000000005E
:40624000000000000000000000000000000000000000000000000000000000000000000000000000000000000000000000000000000000000000000000000000000000001E
:4062800000000000000000000000000000000000000000000000000000000000000000000000000000000000000000000000000000000000000000000000000000000000DE
:4062C000000000000000000000000000000000000000000000000000000000000000000000000000000000000000000000000000000000000000000000000000000000009E
:40630000000000000000000000000000000000000000000000000000000000000000000000000000000000000000000000000000000000000000000000000000000000005D
:40634000000000000000000000000000000000000000000000000000000000000000000000000000000000000000000000000000000000000000000000000000000000001D
:4063800000000000000000000000000000000000000000000000000000000000000000000000000000000000000000000000000000000000000000000000000000000000DD
:4063C000000000000000000000000000000000000000000000000000000000000000000000000000000000000000000000000000000000000000000000000000000000009D
:40640000000000000000000000000000000000000000000000000000000000000000000000000000000000000000000000000000000000000000000000000000000000005C
:40644000000000000000000000000000000000000000000000000000000000000000000000000000000000000000000000000000000000000000000000000000000000001C
:4064800000000000000000000000000000000000000000000000000000000000000000000000000000000000000000000000000000000000000000000000000000000000DC
:4064C000000000000000000000000000000000000000000000000000000000000000000000000000000000000000000000000000000000000000000000000000000000009C
:40650000000000000000000000000000000000000000000000000000000000000000000000000000000000000000000000000000000000000000000000000000000000005B
:40654000000000000000000000000000000000000000000000000000000000000000000000000000000000000000000000000000000000000000000000000000000000001B
:4065800000000000000000000000000000000000000000000000000000000000000000000000000000000000000000000000000000000000000000000000000000000000DB
:4065C000000000000000000000000000000000000000000000000000000000000000000000000000000000000000000000000000000000000000000000000000000000009B
:40660000000000000000000000000000000000000000000000000000000000000000000000000000000000000000000000000000000000000000000000000000000000005A
:40664000000000000000000000000000000000000000000000000000000000000000000000000000000000000000000000000000000000000000000000000000000000001A
:4066800000000000000000000000000000000000000000000000000000000000000000000000000000000000000000000000000000000000000000000000000000000000DA
:4066C000000000000000000000000000000000000000000000000000000000000000000000000000000000000000000000000000000000000000000000000000000000009A
:406700000000000000000000000000000000000000000000000000000000000000000000000000000000000000000000000000000000000000000000000000000000000059
:406740000000000000000000000000000000000000000000000000000000000000000000000000000000000000000000000000000000000000000000000000000000000019
:4067800000000000000000000000000000000000000000000000000000000000000000000000000000000000000000000000000000000000000000000000000000000000D9
:4067C0000000000000000000000000000000000000000000000000000000000000000000000000000000000000000000000000000000000000000000000000000000000099
:406800000000000000000000000000000000000000000000000000000000000000000000000000000000000000000000000000000000000000000000000000000000000058
:406840000000000000000000000000000000000000000000000000000000000000000000000000000000000000000000000000000000000000000000000000000000000018
:4068800000000000000000000000000000000000000000000000000000000000000000000000000000000000000000000000000000000000000000000000000000000000D8
:4068C0000000000000000000000000000000000000000000000000000000000000000000000000000000000000000000000000000000000000000000000000000000000098
:406900000000000000000000000000000000000000000000000000000000000000000000000000000000000000000000000000000000000000000000000000000000000057
:406940000000000000000000000000000000000000000000000000000000000000000000000000000000000000000000000000000000000000000000000000000000000017
:4069800000000000000000000000000000000000000000000000000000000000000000000000000000000000000000000000000000000000000000000000000000000000D7
:4069C0000000000000000000000000000000000000000000000000000000000000000000000000000000000000000000000000000000000000000000000000000000000097
:406A00000000000000000000000000000000000000000000000000000000000000000000000000000000000000000000000000000000000000000000000000000000000056
:406A40000000000000000000000000000000000000000000000000000000000000000000000000000000000000000000000000000000000000000000000000000000000016
:406A800000000000000000000000000000000000000000000000000000000000000000000000000000000000000000000000000000000000000000000000000000000000D6
:406AC0000000000000000000000000000000000000000000000000000000000000000000000000000000000000000000000000000000000000000000000000000000000096
:406B00000000000000000000000000000000000000000000000000000000000000000000000000000000000000000000000000000000000000000000000000000000000055
:406B40000000000000000000000000000000000000000000000000000000000000000000000000000000000000000000000000000000000000000000000000000000000015
:406B800000000000000000000000000000000000000000000000000000000000000000000000000000000000000000000000000000000000000000000000000000000000D5
:406BC0000000000000000000000000000000000000000000000000000000000000000000000000000000000000000000000000000000000000000000000000000000000095
:406C00000000000000000000000000000000000000000000000000000000000000000000000000000000000000000000000000000000000000000000000000000000000054
:406C40000000000000000000000000000000000000000000000000000000000000000000000000000000000000000000000000000000000000000000000000000000000014
:406C800000000000000000000000000000000000000000000000000000000000000000000000000000000000000000000000000000000000000000000000000000000000D4
:406CC0000000000000000000000000000000000000000000000000000000000000000000000000000000000000000000000000000000000000000000000000000000000094
:406D00000000000000000000000000000000000000000000000000000000000000000000000000000000000000000000000000000000000000000000000000000000000053
:406D40000000000000000000000000000000000000000000000000000000000000000000000000000000000000000000000000000000000000000000000000000000000013
:406D800000000000000000000000000000000000000000000000000000000000000000000000000000000000000000000000000000000000000000000000000000000000D3
:406DC0000000000000000000000000000000000000000000000000000000000000000000000000000000000000000000000000000000000000000000000000000000000093
:406E00000000000000000000000000000000000000000000000000000000000000000000000000000000000000000000000000000000000000000000000000000000000052
:406E40000000000000000000000000000000000000000000000000000000000000000000000000000000000000000000000000000000000000000000000000000000000012
:406E800000000000000000000000000000000000000000000000000000000000000000000000000000000000000000000000000000000000000000000000000000000000D2
:406EC0000000000000000000000000000000000000000000000000000000000000000000000000000000000000000000000000000000000000000000000000000000000092
:406F00000000000000000000000000000000000000000000000000000000000000000000000000000000000000000000000000000000000000000000000000000000000051
:406F40000000000000000000000000000000000000000000000000000000000000000000000000000000000000000000000000000000000000000000000000000000000011
:406F800000000000000000000000000000000000000000000000000000000000000000000000000000000000000000000000000000000000000000000000000000000000D1
:406FC0000000000000000000000000000000000000000000000000000000000000000000000000000000000000000000000000000000000000000000000000000000000091
:407000000000000000000000000000000000000000000000000000000000000000000000000000000000000000000000000000000000000000000000000000000000000050
:407040000000000000000000000000000000000000000000000000000000000000000000000000000000000000000000000000000000000000000000000000000000000010
:4070800000000000000000000000000000000000000000000000000000000000000000000000000000000000000000000000000000000000000000000000000000000000D0
:4070C0000000000000000000000000000000000000000000000000000000000000000000000000000000000000000000000000000000000000000000000000000000000090
:40710000000000000000000000000000000000000000000000000000000000000000000000000000000000000000000000000000000000000000000000000000000000004F
:40714000000000000000000000000000000000000000000000000000000000000000000000000000000000000000000000000000000000000000000000000000000000000F
:4071800000000000000000000000000000000000000000000000000000000000000000000000000000000000000000000000000000000000000000000000000000000000CF
:4071C000000000000000000000000000000000000000000000000000000000000000000000000000000000000000000000000000000000000000000000000000000000008F
:40720000000000000000000000000000000000000000000000000000000000000000000000000000000000000000000000000000000000000000000000000000000000004E
:40724000000000000000000000000000000000000000000000000000000000000000000000000000000000000000000000000000000000000000000000000000000000000E
:4072800000000000000000000000000000000000000000000000000000000000000000000000000000000000000000000000000000000000000000000000000000000000CE
:4072C000000000000000000000000000000000000000000000000000000000000000000000000000000000000000000000000000000000000000000000000000000000008E
:40730000000000000000000000000000000000000000000000000000000000000000000000000000000000000000000000000000000000000000000000000000000000004D
:40734000000000000000000000000000000000000000000000000000000000000000000000000000000000000000000000000000000000000000000000000000000000000D
:4073800000000000000000000000000000000000000000000000000000000000000000000000000000000000000000000000000000000000000000000000000000000000CD
:4073C000000000000000000000000000000000000000000000000000000000000000000000000000000000000000000000000000000000000000000000000000000000008D
:40740000000000000000000000000000000000000000000000000000000000000000000000000000000000000000000000000000000000000000000000000000000000004C
:40744000000000000000000000000000000000000000000000000000000000000000000000000000000000000000000000000000000000000000000000000000000000000C
:4074800000000000000000000000000000000000000000000000000000000000000000000000000000000000000000000000000000000000000000000000000000000000CC
:4074C000000000000000000000000000000000000000000000000000000000000000000000000000000000000000000000000000000000000000000000000000000000008C
:40750000000000000000000000000000000000000000000000000000000000000000000000000000000000000000000000000000000000000000000000000000000000004B
:40754000000000000000000000000000000000000000000000000000000000000000000000000000000000000000000000000000000000000000000000000000000000000B
:4075800000000000000000000000000000000000000000000000000000000000000000000000000000000000000000000000000000000000000000000000000000000000CB
:4075C000000000000000000000000000000000000000000000000000000000000000000000000000000000000000000000000000000000000000000000000000000000008B
:40760000000000000000000000000000000000000000000000000000000000000000000000000000000000000000000000000000000000000000000000000000000000004A
:40764000000000000000000000000000000000000000000000000000000000000000000000000000000000000000000000000000000000000000000000000000000000000A
:4076800000000000000000000000000000000000000000000000000000000000000000000000000000000000000000000000000000000000000000000000000000000000CA
:4076C000000000000000000000000000000000000000000000000000000000000000000000000000000000000000000000000000000000000000000000000000000000008A
:407700000000000000000000000000000000000000000000000000000000000000000000000000000000000000000000000000000000000000000000000000000000000049
:407740000000000000000000000000000000000000000000000000000000000000000000000000000000000000000000000000000000000000000000000000000000000009
:4077800000000000000000000000000000000000000000000000000000000000000000000000000000000000000000000000000000000000000000000000000000000000C9
:4077C0000000000000000000000000000000000000000000000000000000000000000000000000000000000000000000000000000000000000000000000000000000000089
:407800000000000000000000000000000000000000000000000000000000000000000000000000000000000000000000000000000000000000000000000000000000000048
:407840000000000000000000000000000000000000000000000000000000000000000000000000000000000000000000000000000000000000000000000000000000000008
:4078800000000000000000000000000000000000000000000000000000000000000000000000000000000000000000000000000000000000000000000000000000000000C8
:4078C0000000000000000000000000000000000000000000000000000000000000000000000000000000000000000000000000000000000000000000000000000000000088
:407900000000000000000000000000000000000000000000000000000000000000000000000000000000000000000000000000000000000000000000000000000000000047
:407940000000000000000000000000000000000000000000000000000000000000000000000000000000000000000000000000000000000000000000000000000000000007
:4079800000000000000000000000000000000000000000000000000000000000000000000000000000000000000000000000000000000000000000000000000000000000C7
:4079C0000000000000000000000000000000000000000000000000000000000000000000000000000000000000000000000000000000000000000000000000000000000087
:407A00000000000000000000000000000000000000000000000000000000000000000000000000000000000000000000000000000000000000000000000000000000000046
:407A40000000000000000000000000000000000000000000000000000000000000000000000000000000000000000000000000000000000000000000000000000000000006
:407A800000000000000000000000000000000000000000000000000000000000000000000000000000000000000000000000000000000000000000000000000000000000C6
:407AC0000000000000000000000000000000000000000000000000000000000000000000000000000000000000000000000000000000000000000000000000000000000086
:407B00000000000000000000000000000000000000000000000000000000000000000000000000000000000000000000000000000000000000000000000000000000000045
:407B40000000000000000000000000000000000000000000000000000000000000000000000000000000000000000000000000000000000000000000000000000000000005
:407B800000000000000000000000000000000000000000000000000000000000000000000000000000000000000000000000000000000000000000000000000000000000C5
:407BC0000000000000000000000000000000000000000000000000000000000000000000000000000000000000000000000000000000000000000000000000000000000085
:407C00000000000000000000000000000000000000000000000000000000000000000000000000000000000000000000000000000000000000000000000000000000000044
:407C40000000000000000000000000000000000000000000000000000000000000000000000000000000000000000000000000000000000000000000000000000000000004
:407C800000000000000000000000000000000000000000000000000000000000000000000000000000000000000000000000000000000000000000000000000000000000C4
:407CC0000000000000000000000000000000000000000000000000000000000000000000000000000000000000000000000000000000000000000000000000000000000084
:407D00000000000000000000000000000000000000000000000000000000000000000000000000000000000000000000000000000000000000000000000000000000000043
:407D40000000000000000000000000000000000000000000000000000000000000000000000000000000000000000000000000000000000000000000000000000000000003
:407D800000000000000000000000000000000000000000000000000000000000000000000000000000000000000000000000000000000000000000000000000000000000C3
:407DC0000000000000000000000000000000000000000000000000000000000000000000000000000000000000000000000000000000000000000000000000000000000083
:407E00000000000000000000000000000000000000000000000000000000000000000000000000000000000000000000000000000000000000000000000000000000000042
:407E40000000000000000000000000000000000000000000000000000000000000000000000000000000000000000000000000000000000000000000000000000000000002
:407E800000000000000000000000000000000000000000000000000000000000000000000000000000000000000000000000000000000000000000000000000000000000C2
:407EC0000000000000000000000000000000000000000000000000000000000000000000000000000000000000000000000000000000000000000000000000000000000082
:407F00000000000000000000000000000000000000000000000000000000000000000000000000000000000000000000000000000000000000000000000000000000000041
:407F40000000000000000000000000000000000000000000000000000000000000000000000000000000000000000000000000000000000000000000000000000000000001
:407F800000000000000000000000000000000000000000000000000000000000000000000000000000000000000000000000000000000000000000000000000000000000C1
:407FC0000000000000000000000000000000000000000000000000000000000000000000000000000000000000000000000000000000000000000000000000000000000081
:408000000000000000000000000000000000000000000000000000000000000000000000000000000000000000000000000000000000000000000000000000000000000040
:408040000000000000000000000000000000000000000000000000000000000000000000000000000000000000000000000000000000000000000000000000000000000000
:4080800000000000000000000000000000000000000000000000000000000000000000000000000000000000000000000000000000000000000000000000000000000000C0
:4080C0000000000000000000000000000000000000000000000000000000000000000000000000000000000000000000000000000000000000000000000000000000000080
:40810000000000000000000000000000000000000000000000000000000000000000000000000000000000000000000000000000000000000000000000000000000000003F
:4081400000000000000000000000000000000000000000000000000000000000000000000000000000000000000000000000000000000000000000000000000000000000FF
:4081800000000000000000000000000000000000000000000000000000000000000000000000000000000000000000000000000000000000000000000000000000000000BF
:4081C000000000000000000000000000000000000000000000000000000000000000000000000000000000000000000000000000000000000000000000000000000000007F
:40820000000000000000000000000000000000000000000000000000000000000000000000000000000000000000000000000000000000000000000000000000000000003E
:4082400000000000000000000000000000000000000000000000000000000000000000000000000000000000000000000000000000000000000000000000000000000000FE
:4082800000000000000000000000000000000000000000000000000000000000000000000000000000000000000000000000000000000000000000000000000000000000BE
:4082C000000000000000000000000000000000000000000000000000000000000000000000000000000000000000000000000000000000000000000000000000000000007E
:40830000000000000000000000000000000000000000000000000000000000000000000000000000000000000000000000000000000000000000000000000000000000003D
:4083400000000000000000000000000000000000000000000000000000000000000000000000000000000000000000000000000000000000000000000000000000000000FD
:4083800000000000000000000000000000000000000000000000000000000000000000000000000000000000000000000000000000000000000000000000000000000000BD
:4083C000000000000000000000000000000000000000000000000000000000000000000000000000000000000000000000000000000000000000000000000000000000007D
:40840000000000000000000000000000000000000000000000000000000000000000000000000000000000000000000000000000000000000000000000000000000000003C
:4084400000000000000000000000000000000000000000000000000000000000000000000000000000000000000000000000000000000000000000000000000000000000FC
:4084800000000000000000000000000000000000000000000000000000000000000000000000000000000000000000000000000000000000000000000000000000000000BC
:4084C000000000000000000000000000000000000000000000000000000000000000000000000000000000000000000000000000000000000000000000000000000000007C
:40850000000000000000000000000000000000000000000000000000000000000000000000000000000000000000000000000000000000000000000000000000000000003B
:4085400000000000000000000000000000000000000000000000000000000000000000000000000000000000000000000000000000000000000000000000000000000000FB
:4085800000000000000000000000000000000000000000000000000000000000000000000000000000000000000000000000000000000000000000000000000000000000BB
:4085C000000000000000000000000000000000000000000000000000000000000000000000000000000000000000000000000000000000000000000000000000000000007B
:40860000000000000000000000000000000000000000000000000000000000000000000000000000000000000000000000000000000000000000000000000000000000003A
:4086400000000000000000000000000000000000000000000000000000000000000000000000000000000000000000000000000000000000000000000000000000000000FA
:4086800000000000000000000000000000000000000000000000000000000000000000000000000000000000000000000000000000000000000000000000000000000000BA
:4086C000000000000000000000000000000000000000000000000000000000000000000000000000000000000000000000000000000000000000000000000000000000007A
:408700000000000000000000000000000000000000000000000000000000000000000000000000000000000000000000000000000000000000000000000000000000000039
:4087400000000000000000000000000000000000000000000000000000000000000000000000000000000000000000000000000000000000000000000000000000000000F9
:4087800000000000000000000000000000000000000000000000000000000000000000000000000000000000000000000000000000000000000000000000000000000000B9
:4087C0000000000000000000000000000000000000000000000000000000000000000000000000000000000000000000000000000000000000000000000000000000000079
:408800000000000000000000000000000000000000000000000000000000000000000000000000000000000000000000000000000000000000000000000000000000000038
:4088400000000000000000000000000000000000000000000000000000000000000000000000000000000000000000000000000000000000000000000000000000000000F8
:4088800000000000000000000000000000000000000000000000000000000000000000000000000000000000000000000000000000000000000000000000000000000000B8
:4088C0000000000000000000000000000000000000000000000000000000000000000000000000000000000000000000000000000000000000000000000000000000000078
:408900000000000000000000000000000000000000000000000000000000000000000000000000000000000000000000000000000000000000000000000000000000000037
:4089400000000000000000000000000000000000000000000000000000000000000000000000000000000000000000000000000000000000000000000000000000000000F7
:4089800000000000000000000000000000000000000000000000000000000000000000000000000000000000000000000000000000000000000000000000000000000000B7
:4089C0000000000000000000000000000000000000000000000000000000000000000000000000000000000000000000000000000000000000000000000000000000000077
:408A00000000000000000000000000000000000000000000000000000000000000000000000000000000000000000000000000000000000000000000000000000000000036
:408A400000000000000000000000000000000000000000000000000000000000000000000000000000000000000000000000000000000000000000000000000000000000F6
:408A800000000000000000000000000000000000000000000000000000000000000000000000000000000000000000000000000000000000000000000000000000000000B6
:408AC0000000000000000000000000000000000000000000000000000000000000000000000000000000000000000000000000000000000000000000000000000000000076
:408B00000000000000000000000000000000000000000000000000000000000000000000000000000000000000000000000000000000000000000000000000000000000035
:408B400000000000000000000000000000000000000000000000000000000000000000000000000000000000000000000000000000000000000000000000000000000000F5
:408B800000000000000000000000000000000000000000000000000000000000000000000000000000000000000000000000000000000000000000000000000000000000B5
:408BC0000000000000000000000000000000000000000000000000000000000000000000000000000000000000000000000000000000000000000000000000000000000075
:408C00000000000000000000000000000000000000000000000000000000000000000000000000000000000000000000000000000000000000000000000000000000000034
:408C400000000000000000000000000000000000000000000000000000000000000000000000000000000000000000000000000000000000000000000000000000000000F4
:408C800000000000000000000000000000000000000000000000000000000000000000000000000000000000000000000000000000000000000000000000000000000000B4
:408CC0000000000000000000000000000000000000000000000000000000000000000000000000000000000000000000000000000000000000000000000000000000000074
:408D00000000000000000000000000000000000000000000000000000000000000000000000000000000000000000000000000000000000000000000000000000000000033
:408D400000000000000000000000000000000000000000000000000000000000000000000000000000000000000000000000000000000000000000000000000000000000F3
:408D800000000000000000000000000000000000000000000000000000000000000000000000000000000000000000000000000000000000000000000000000000000000B3
:408DC0000000000000000000000000000000000000000000000000000000000000000000000000000000000000000000000000000000000000000000000000000000000073
:408E00000000000000000000000000000000000000000000000000000000000000000000000000000000000000000000000000000000000000000000000000000000000032
:408E400000000000000000000000000000000000000000000000000000000000000000000000000000000000000000000000000000000000000000000000000000000000F2
:408E800000000000000000000000000000000000000000000000000000000000000000000000000000000000000000000000000000000000000000000000000000000000B2
:408EC0000000000000000000000000000000000000000000000000000000000000000000000000000000000000000000000000000000000000000000000000000000000072
:408F00000000000000000000000000000000000000000000000000000000000000000000000000000000000000000000000000000000000000000000000000000000000031
:408F400000000000000000000000000000000000000000000000000000000000000000000000000000000000000000000000000000000000000000000000000000000000F1
:408F800000000000000000000000000000000000000000000000000000000000000000000000000000000000000000000000000000000000000000000000000000000000B1
:408FC0000000000000000000000000000000000000000000000000000000000000000000000000000000000000000000000000000000000000000000000000000000000071
:409000000000000000000000000000000000000000000000000000000000000000000000000000000000000000000000000000000000000000000000000000000000000030
:4090400000000000000000000000000000000000000000000000000000000000000000000000000000000000000000000000000000000000000000000000000000000000F0
:4090800000000000000000000000000000000000000000000000000000000000000000000000000000000000000000000000000000000000000000000000000000000000B0
:4090C0000000000000000000000000000000000000000000000000000000000000000000000000000000000000000000000000000000000000000000000000000000000070
:40910000000000000000000000000000000000000000000000000000000000000000000000000000000000000000000000000000000000000000000000000000000000002F
:4091400000000000000000000000000000000000000000000000000000000000000000000000000000000000000000000000000000000000000000000000000000000000EF
:4091800000000000000000000000000000000000000000000000000000000000000000000000000000000000000000000000000000000000000000000000000000000000AF
:4091C000000000000000000000000000000000000000000000000000000000000000000000000000000000000000000000000000000000000000000000000000000000006F
:40920000000000000000000000000000000000000000000000000000000000000000000000000000000000000000000000000000000000000000000000000000000000002E
:4092400000000000000000000000000000000000000000000000000000000000000000000000000000000000000000000000000000000000000000000000000000000000EE
:4092800000000000000000000000000000000000000000000000000000000000000000000000000000000000000000000000000000000000000000000000000000000000AE
:4092C000000000000000000000000000000000000000000000000000000000000000000000000000000000000000000000000000000000000000000000000000000000006E
:40930000000000000000000000000000000000000000000000000000000000000000000000000000000000000000000000000000000000000000000000000000000000002D
:4093400000000000000000000000000000000000000000000000000000000000000000000000000000000000000000000000000000000000000000000000000000000000ED
:4093800000000000000000000000000000000000000000000000000000000000000000000000000000000000000000000000000000000000000000000000000000000000AD
:4093C000000000000000000000000000000000000000000000000000000000000000000000000000000000000000000000000000000000000000000000000000000000006D
:40940000000000000000000000000000000000000000000000000000000000000000000000000000000000000000000000000000000000000000000000000000000000002C
:4094400000000000000000000000000000000000000000000000000000000000000000000000000000000000000000000000000000000000000000000000000000000000EC
:4094800000000000000000000000000000000000000000000000000000000000000000000000000000000000000000000000000000000000000000000000000000000000AC
:4094C000000000000000000000000000000000000000000000000000000000000000000000000000000000000000000000000000000000000000000000000000000000006C
:40950000000000000000000000000000000000000000000000000000000000000000000000000000000000000000000000000000000000000000000000000000000000002B
:4095400000000000000000000000000000000000000000000000000000000000000000000000000000000000000000000000000000000000000000000000000000000000EB
:4095800000000000000000000000000000000000000000000000000000000000000000000000000000000000000000000000000000000000000000000000000000000000AB
:4095C000000000000000000000000000000000000000000000000000000000000000000000000000000000000000000000000000000000000000000000000000000000006B
:40960000000000000000000000000000000000000000000000000000000000000000000000000000000000000000000000000000000000000000000000000000000000002A
:4096400000000000000000000000000000000000000000000000000000000000000000000000000000000000000000000000000000000000000000000000000000000000EA
:4096800000000000000000000000000000000000000000000000000000000000000000000000000000000000000000000000000000000000000000000000000000000000AA
:4096C000000000000000000000000000000000000000000000000000000000000000000000000000000000000000000000000000000000000000000000000000000000006A
:409700000000000000000000000000000000000000000000000000000000000000000000000000000000000000000000000000000000000000000000000000000000000029
:4097400000000000000000000000000000000000000000000000000000000000000000000000000000000000000000000000000000000000000000000000000000000000E9
:4097800000000000000000000000000000000000000000000000000000000000000000000000000000000000000000000000000000000000000000000000000000000000A9
:4097C0000000000000000000000000000000000000000000000000000000000000000000000000000000000000000000000000000000000000000000000000000000000069
:409800000000000000000000000000000000000000000000000000000000000000000000000000000000000000000000000000000000000000000000000000000000000028
:4098400000000000000000000000000000000000000000000000000000000000000000000000000000000000000000000000000000000000000000000000000000000000E8
:4098800000000000000000000000000000000000000000000000000000000000000000000000000000000000000000000000000000000000000000000000000000000000A8
:4098C0000000000000000000000000000000000000000000000000000000000000000000000000000000000000000000000000000000000000000000000000000000000068
:409900000000000000000000000000000000000000000000000000000000000000000000000000000000000000000000000000000000000000000000000000000000000027
:4099400000000000000000000000000000000000000000000000000000000000000000000000000000000000000000000000000000000000000000000000000000000000E7
:4099800000000000000000000000000000000000000000000000000000000000000000000000000000000000000000000000000000000000000000000000000000000000A7
:4099C0000000000000000000000000000000000000000000000000000000000000000000000000000000000000000000000000000000000000000000000000000000000067
:409A00000000000000000000000000000000000000000000000000000000000000000000000000000000000000000000000000000000000000000000000000000000000026
:409A400000000000000000000000000000000000000000000000000000000000000000000000000000000000000000000000000000000000000000000000000000000000E6
:409A800000000000000000000000000000000000000000000000000000000000000000000000000000000000000000000000000000000000000000000000000000000000A6
:409AC0000000000000000000000000000000000000000000000000000000000000000000000000000000000000000000000000000000000000000000000000000000000066
:409B00000000000000000000000000000000000000000000000000000000000000000000000000000000000000000000000000000000000000000000000000000000000025
:409B400000000000000000000000000000000000000000000000000000000000000000000000000000000000000000000000000000000000000000000000000000000000E5
:409B800000000000000000000000000000000000000000000000000000000000000000000000000000000000000000000000000000000000000000000000000000000000A5
:409BC0000000000000000000000000000000000000000000000000000000000000000000000000000000000000000000000000000000000000000000000000000000000065
:409C00000000000000000000000000000000000000000000000000000000000000000000000000000000000000000000000000000000000000000000000000000000000024
:409C400000000000000000000000000000000000000000000000000000000000000000000000000000000000000000000000000000000000000000000000000000000000E4
:409C800000000000000000000000000000000000000000000000000000000000000000000000000000000000000000000000000000000000000000000000000000000000A4
:409CC0000000000000000000000000000000000000000000000000000000000000000000000000000000000000000000000000000000000000000000000000000000000064
:409D00000000000000000000000000000000000000000000000000000000000000000000000000000000000000000000000000000000000000000000000000000000000023
:409D400000000000000000000000000000000000000000000000000000000000000000000000000000000000000000000000000000000000000000000000000000000000E3
:409D800000000000000000000000000000000000000000000000000000000000000000000000000000000000000000000000000000000000000000000000000000000000A3
:409DC0000000000000000000000000000000000000000000000000000000000000000000000000000000000000000000000000000000000000000000000000000000000063
:409E00000000000000000000000000000000000000000000000000000000000000000000000000000000000000000000000000000000000000000000000000000000000022
:409E400000000000000000000000000000000000000000000000000000000000000000000000000000000000000000000000000000000000000000000000000000000000E2
:409E800000000000000000000000000000000000000000000000000000000000000000000000000000000000000000000000000000000000000000000000000000000000A2
:409EC0000000000000000000000000000000000000000000000000000000000000000000000000000000000000000000000000000000000000000000000000000000000062
:409F00000000000000000000000000000000000000000000000000000000000000000000000000000000000000000000000000000000000000000000000000000000000021
:409F400000000000000000000000000000000000000000000000000000000000000000000000000000000000000000000000000000000000000000000000000000000000E1
:409F800000000000000000000000000000000000000000000000000000000000000000000000000000000000000000000000000000000000000000000000000000000000A1
:409FC0000000000000000000000000000000000000000000000000000000000000000000000000000000000000000000000000000000000000000000000000000000000061
:40A000000000000000000000000000000000000000000000000000000000000000000000000000000000000000000000000000000000000000000000000000000000000020
:40A0400000000000000000000000000000000000000000000000000000000000000000000000000000000000000000000000000000000000000000000000000000000000E0
:40A0800000000000000000000000000000000000000000000000000000000000000000000000000000000000000000000000000000000000000000000000000000000000A0
:40A0C0000000000000000000000000000000000000000000000000000000000000000000000000000000000000000000000000000000000000000000000000000000000060
:40A10000000000000000000000000000000000000000000000000000000000000000000000000000000000000000000000000000000000000000000000000000000000001F
:40A1400000000000000000000000000000000000000000000000000000000000000000000000000000000000000000000000000000000000000000000000000000000000DF
:40A18000000000000000000000000000000000000000000000000000000000000000000000000000000000000000000000000000000000000000000000000000000000009F
:40A1C000000000000000000000000000000000000000000000000000000000000000000000000000000000000000000000000000000000000000000000000000000000005F
:40A20000000000000000000000000000000000000000000000000000000000000000000000000000000000000000000000000000000000000000000000000000000000001E
:40A2400000000000000000000000000000000000000000000000000000000000000000000000000000000000000000000000000000000000000000000000000000000000DE
:40A28000000000000000000000000000000000000000000000000000000000000000000000000000000000000000000000000000000000000000000000000000000000009E
:40A2C000000000000000000000000000000000000000000000000000000000000000000000000000000000000000000000000000000000000000000000000000000000005E
:40A30000000000000000000000000000000000000000000000000000000000000000000000000000000000000000000000000000000000000000000000000000000000001D
:40A3400000000000000000000000000000000000000000000000000000000000000000000000000000000000000000000000000000000000000000000000000000000000DD
:40A38000000000000000000000000000000000000000000000000000000000000000000000000000000000000000000000000000000000000000000000000000000000009D
:40A3C000000000000000000000000000000000000000000000000000000000000000000000000000000000000000000000000000000000000000000000000000000000005D
:40A40000000000000000000000000000000000000000000000000000000000000000000000000000000000000000000000000000000000000000000000000000000000001C
:40A4400000000000000000000000000000000000000000000000000000000000000000000000000000000000000000000000000000000000000000000000000000000000DC
:40A48000000000000000000000000000000000000000000000000000000000000000000000000000000000000000000000000000000000000000000000000000000000009C
:40A4C000000000000000000000000000000000000000000000000000000000000000000000000000000000000000000000000000000000000000000000000000000000005C
:40A50000000000000000000000000000000000000000000000000000000000000000000000000000000000000000000000000000000000000000000000000000000000001B
:40A5400000000000000000000000000000000000000000000000000000000000000000000000000000000000000000000000000000000000000000000000000000000000DB
:40A58000000000000000000000000000000000000000000000000000000000000000000000000000000000000000000000000000000000000000000000000000000000009B
:40A5C000000000000000000000000000000000000000000000000000000000000000000000000000000000000000000000000000000000000000000000000000000000005B
:40A60000000000000000000000000000000000000000000000000000000000000000000000000000000000000000000000000000000000000000000000000000000000001A
:40A6400000000000000000000000000000000000000000000000000000000000000000000000000000000000000000000000000000000000000000000000000000000000DA
:40A68000000000000000000000000000000000000000000000000000000000000000000000000000000000000000000000000000000000000000000000000000000000009A
:40A6C000000000000000000000000000000000000000000000000000000000000000000000000000000000000000000000000000000000000000000000000000000000005A
:40A700000000000000000000000000000000000000000000000000000000000000000000000000000000000000000000000000000000000000000000000000000000000019
:40A7400000000000000000000000000000000000000000000000000000000000000000000000000000000000000000000000000000000000000000000000000000000000D9
:40A780000000000000000000000000000000000000000000000000000000000000000000000000000000000000000000000000000000000000000000000000000000000099
:40A7C0000000000000000000000000000000000000000000000000000000000000000000000000000000000000000000000000000000000000000000000000000000000059
:40A800000000000000000000000000000000000000000000000000000000000000000000000000000000000000000000000000000000000000000000000000000000000018
:40A8400000000000000000000000000000000000000000000000000000000000000000000000000000000000000000000000000000000000000000000000000000000000D8
:40A880000000000000000000000000000000000000000000000000000000000000000000000000000000000000000000000000000000000000000000000000000000000098
:40A8C0000000000000000000000000000000000000000000000000000000000000000000000000000000000000000000000000000000000000000000000000000000000058
:40A900000000000000000000000000000000000000000000000000000000000000000000000000000000000000000000000000000000000000000000000000000000000017
:40A9400000000000000000000000000000000000000000000000000000000000000000000000000000000000000000000000000000000000000000000000000000000000D7
:40A980000000000000000000000000000000000000000000000000000000000000000000000000000000000000000000000000000000000000000000000000000000000097
:40A9C0000000000000000000000000000000000000000000000000000000000000000000000000000000000000000000000000000000000000000000000000000000000057
:40AA00000000000000000000000000000000000000000000000000000000000000000000000000000000000000000000000000000000000000000000000000000000000016
:40AA400000000000000000000000000000000000000000000000000000000000000000000000000000000000000000000000000000000000000000000000000000000000D6
:40AA80000000000000000000000000000000000000000000000000000000000000000000000000000000000000000000000000000000000000000000000000000000000096
:40AAC0000000000000000000000000000000000000000000000000000000000000000000000000000000000000000000000000000000000000000000000000000000000056
:40AB00000000000000000000000000000000000000000000000000000000000000000000000000000000000000000000000000000000000000000000000000000000000015
:40AB400000000000000000000000000000000000000000000000000000000000000000000000000000000000000000000000000000000000000000000000000000000000D5
:40AB80000000000000000000000000000000000000000000000000000000000000000000000000000000000000000000000000000000000000000000000000000000000095
:40ABC0000000000000000000000000000000000000000000000000000000000000000000000000000000000000000000000000000000000000000000000000000000000055
:40AC00000000000000000000000000000000000000000000000000000000000000000000000000000000000000000000000000000000000000000000000000000000000014
:40AC400000000000000000000000000000000000000000000000000000000000000000000000000000000000000000000000000000000000000000000000000000000000D4
:40AC80000000000000000000000000000000000000000000000000000000000000000000000000000000000000000000000000000000000000000000000000000000000094
:40ACC0000000000000000000000000000000000000000000000000000000000000000000000000000000000000000000000000000000000000000000000000000000000054
:40AD00000000000000000000000000000000000000000000000000000000000000000000000000000000000000000000000000000000000000000000000000000000000013
:40AD400000000000000000000000000000000000000000000000000000000000000000000000000000000000000000000000000000000000000000000000000000000000D3
:40AD80000000000000000000000000000000000000000000000000000000000000000000000000000000000000000000000000000000000000000000000000000000000093
:40ADC0000000000000000000000000000000000000000000000000000000000000000000000000000000000000000000000000000000000000000000000000000000000053
:40AE00000000000000000000000000000000000000000000000000000000000000000000000000000000000000000000000000000000000000000000000000000000000012
:40AE400000000000000000000000000000000000000000000000000000000000000000000000000000000000000000000000000000000000000000000000000000000000D2
:40AE80000000000000000000000000000000000000000000000000000000000000000000000000000000000000000000000000000000000000000000000000000000000092
:40AEC0000000000000000000000000000000000000000000000000000000000000000000000000000000000000000000000000000000000000000000000000000000000052
:40AF00000000000000000000000000000000000000000000000000000000000000000000000000000000000000000000000000000000000000000000000000000000000011
:40AF400000000000000000000000000000000000000000000000000000000000000000000000000000000000000000000000000000000000000000000000000000000000D1
:40AF80000000000000000000000000000000000000000000000000000000000000000000000000000000000000000000000000000000000000000000000000000000000091
:40AFC0000000000000000000000000000000000000000000000000000000000000000000000000000000000000000000000000000000000000000000000000000000000051
:40B000000000000000000000000000000000000000000000000000000000000000000000000000000000000000000000000000000000000000000000000000000000000010
:40B0400000000000000000000000000000000000000000000000000000000000000000000000000000000000000000000000000000000000000000000000000000000000D0
:40B080000000000000000000000000000000000000000000000000000000000000000000000000000000000000000000000000000000000000000000000000000000000090
:40B0C0000000000000000000000000000000000000000000000000000000000000000000000000000000000000000000000000000000000000000000000000000000000050
:40B10000000000000000000000000000000000000000000000000000000000000000000000000000000000000000000000000000000000000000000000000000000000000F
:40B1400000000000000000000000000000000000000000000000000000000000000000000000000000000000000000000000000000000000000000000000000000000000CF
:40B18000000000000000000000000000000000000000000000000000000000000000000000000000000000000000000000000000000000000000000000000000000000008F
:40B1C000000000000000000000000000000000000000000000000000000000000000000000000000000000000000000000000000000000000000000000000000000000004F
:40B20000000000000000000000000000000000000000000000000000000000000000000000000000000000000000000000000000000000000000000000000000000000000E
:40B2400000000000000000000000000000000000000000000000000000000000000000000000000000000000000000000000000000000000000000000000000000000000CE
:40B28000000000000000000000000000000000000000000000000000000000000000000000000000000000000000000000000000000000000000000000000000000000008E
:40B2C000000000000000000000000000000000000000000000000000000000000000000000000000000000000000000000000000000000000000000000000000000000004E
:40B30000000000000000000000000000000000000000000000000000000000000000000000000000000000000000000000000000000000000000000000000000000000000D
:40B3400000000000000000000000000000000000000000000000000000000000000000000000000000000000000000000000000000000000000000000000000000000000CD
:40B38000000000000000000000000000000000000000000000000000000000000000000000000000000000000000000000000000000000000000000000000000000000008D
:40B3C000000000000000000000000000000000000000000000000000000000000000000000000000000000000000000000000000000000000000000000000000000000004D
:40B40000000000000000000000000000000000000000000000000000000000000000000000000000000000000000000000000000000000000000000000000000000000000C
:40B4400000000000000000000000000000000000000000000000000000000000000000000000000000000000000000000000000000000000000000000000000000000000CC
:40B48000000000000000000000000000000000000000000000000000000000000000000000000000000000000000000000000000000000000000000000000000000000008C
:40B4C000000000000000000000000000000000000000000000000000000000000000000000000000000000000000000000000000000000000000000000000000000000004C
:40B50000000000000000000000000000000000000000000000000000000000000000000000000000000000000000000000000000000000000000000000000000000000000B
:40B5400000000000000000000000000000000000000000000000000000000000000000000000000000000000000000000000000000000000000000000000000000000000CB
:40B58000000000000000000000000000000000000000000000000000000000000000000000000000000000000000000000000000000000000000000000000000000000008B
:40B5C000000000000000000000000000000000000000000000000000000000000000000000000000000000000000000000000000000000000000000000000000000000004B
:40B60000000000000000000000000000000000000000000000000000000000000000000000000000000000000000000000000000000000000000000000000000000000000A
:40B6400000000000000000000000000000000000000000000000000000000000000000000000000000000000000000000000000000000000000000000000000000000000CA
:40B68000000000000000000000000000000000000000000000000000000000000000000000000000000000000000000000000000000000000000000000000000000000008A
:40B6C000000000000000000000000000000000000000000000000000000000000000000000000000000000000000000000000000000000000000000000000000000000004A
:40B700000000000000000000000000000000000000000000000000000000000000000000000000000000000000000000000000000000000000000000000000000000000009
:40B7400000000000000000000000000000000000000000000000000000000000000000000000000000000000000000000000000000000000000000000000000000000000C9
:40B780000000000000000000000000000000000000000000000000000000000000000000000000000000000000000000000000000000000000000000000000000000000089
:40B7C0000000000000000000000000000000000000000000000000000000000000000000000000000000000000000000000000000000000000000000000000000000000049
:40B800000000000000000000000000000000000000000000000000000000000000000000000000000000000000000000000000000000000000000000000000000000000008
:40B8400000000000000000000000000000000000000000000000000000000000000000000000000000000000000000000000000000000000000000000000000000000000C8
:40B880000000000000000000000000000000000000000000000000000000000000000000000000000000000000000000000000000000000000000000000000000000000088
:40B8C0000000000000000000000000000000000000000000000000000000000000000000000000000000000000000000000000000000000000000000000000000000000048
:40B900000000000000000000000000000000000000000000000000000000000000000000000000000000000000000000000000000000000000000000000000000000000007
:40B9400000000000000000000000000000000000000000000000000000000000000000000000000000000000000000000000000000000000000000000000000000000000C7
:40B980000000000000000000000000000000000000000000000000000000000000000000000000000000000000000000000000000000000000000000000000000000000087
:40B9C0000000000000000000000000000000000000000000000000000000000000000000000000000000000000000000000000000000000000000000000000000000000047
:40BA00000000000000000000000000000000000000000000000000000000000000000000000000000000000000000000000000000000000000000000000000000000000006
:40BA400000000000000000000000000000000000000000000000000000000000000000000000000000000000000000000000000000000000000000000000000000000000C6
:40BA80000000000000000000000000000000000000000000000000000000000000000000000000000000000000000000000000000000000000000000000000000000000086
:40BAC0000000000000000000000000000000000000000000000000000000000000000000000000000000000000000000000000000000000000000000000000000000000046
:40BB00000000000000000000000000000000000000000000000000000000000000000000000000000000000000000000000000000000000000000000000000000000000005
:40BB400000000000000000000000000000000000000000000000000000000000000000000000000000000000000000000000000000000000000000000000000000000000C5
:40BB80000000000000000000000000000000000000000000000000000000000000000000000000000000000000000000000000000000000000000000000000000000000085
:40BBC0000000000000000000000000000000000000000000000000000000000000000000000000000000000000000000000000000000000000000000000000000000000045
:40BC00000000000000000000000000000000000000000000000000000000000000000000000000000000000000000000000000000000000000000000000000000000000004
:40BC400000000000000000000000000000000000000000000000000000000000000000000000000000000000000000000000000000000000000000000000000000000000C4
:40BC80000000000000000000000000000000000000000000000000000000000000000000000000000000000000000000000000000000000000000000000000000000000084
:40BCC0000000000000000000000000000000000000000000000000000000000000000000000000000000000000000000000000000000000000000000000000000000000044
:40BD00000000000000000000000000000000000000000000000000000000000000000000000000000000000000000000000000000000000000000000000000000000000003
:40BD400000000000000000000000000000000000000000000000000000000000000000000000000000000000000000000000000000000000000000000000000000000000C3
:40BD80000000000000000000000000000000000000000000000000000000000000000000000000000000000000000000000000000000000000000000000000000000000083
:40BDC0000000000000000000000000000000000000000000000000000000000000000000000000000000000000000000000000000000000000000000000000000000000043
:40BE00000000000000000000000000000000000000000000000000000000000000000000000000000000000000000000000000000000000000000000000000000000000002
:40BE400000000000000000000000000000000000000000000000000000000000000000000000000000000000000000000000000000000000000000000000000000000000C2
:40BE80000000000000000000000000000000000000000000000000000000000000000000000000000000000000000000000000000000000000000000000000000000000082
:40BEC0000000000000000000000000000000000000000000000000000000000000000000000000000000000000000000000000000000000000000000000000000000000042
:40BF00000000000000000000000000000000000000000000000000000000000000000000000000000000000000000000000000000000000000000000000000000000000001
:40BF400000000000000000000000000000000000000000000000000000000000000000000000000000000000000000000000000000000000000000000000000000000000C1
:40BF80000000000000000000000000000000000000000000000000000000000000000000000000000000000000000000000000000000000000000000000000000000000081
:40BFC0000000000000000000000000000000000000000000000000000000000000000000000000000000000000000000000000000000000000000000000000000000000041
:40C000000000000000000000000000000000000000000000000000000000000000000000000000000000000000000000000000000000000000000000000000000000000000
:40C0400000000000000000000000000000000000000000000000000000000000000000000000000000000000000000000000000000000000000000000000000000000000C0
:40C080000000000000000000000000000000000000000000000000000000000000000000000000000000000000000000000000000000000000000000000000000000000080
:40C0C0000000000000000000000000000000000000000000000000000000000000000000000000000000000000000000000000000000000000000000000000000000000040
:40C1000000000000000000000000000000000000000000000000000000000000000000000000000000000000000000000000000000000000000000000000000000000000FF
:40C1400000000000000000000000000000000000000000000000000000000000000000000000000000000000000000000000000000000000000000000000000000000000BF
:40C18000000000000000000000000000000000000000000000000000000000000000000000000000000000000000000000000000000000000000000000000000000000007F
:40C1C000000000000000000000000000000000000000000000000000000000000000000000000000000000000000000000000000000000000000000000000000000000003F
:40C2000000000000000000000000000000000000000000000000000000000000000000000000000000000000000000000000000000000000000000000000000000000000FE
:40C2400000000000000000000000000000000000000000000000000000000000000000000000000000000000000000000000000000000000000000000000000000000000BE
:40C28000000000000000000000000000000000000000000000000000000000000000000000000000000000000000000000000000000000000000000000000000000000007E
:40C2C000000000000000000000000000000000000000000000000000000000000000000000000000000000000000000000000000000000000000000000000000000000003E
:40C3000000000000000000000000000000000000000000000000000000000000000000000000000000000000000000000000000000000000000000000000000000000000FD
:40C3400000000000000000000000000000000000000000000000000000000000000000000000000000000000000000000000000000000000000000000000000000000000BD
:40C38000000000000000000000000000000000000000000000000000000000000000000000000000000000000000000000000000000000000000000000000000000000007D
:40C3C000000000000000000000000000000000000000000000000000000000000000000000000000000000000000000000000000000000000000000000000000000000003D
:40C4000000000000000000000000000000000000000000000000000000000000000000000000000000000000000000000000000000000000000000000000000000000000FC
:40C4400000000000000000000000000000000000000000000000000000000000000000000000000000000000000000000000000000000000000000000000000000000000BC
:40C48000000000000000000000000000000000000000000000000000000000000000000000000000000000000000000000000000000000000000000000000000000000007C
:40C4C000000000000000000000000000000000000000000000000000000000000000000000000000000000000000000000000000000000000000000000000000000000003C
:40C5000000000000000000000000000000000000000000000000000000000000000000000000000000000000000000000000000000000000000000000000000000000000FB
:40C5400000000000000000000000000000000000000000000000000000000000000000000000000000000000000000000000000000000000000000000000000000000000BB
:40C58000000000000000000000000000000000000000000000000000000000000000000000000000000000000000000000000000000000000000000000000000000000007B
:40C5C000000000000000000000000000000000000000000000000000000000000000000000000000000000000000000000000000000000000000000000000000000000003B
:40C6000000000000000000000000000000000000000000000000000000000000000000000000000000000000000000000000000000000000000000000000000000000000FA
:40C6400000000000000000000000000000000000000000000000000000000000000000000000000000000000000000000000000000000000000000000000000000000000BA
:40C68000000000000000000000000000000000000000000000000000000000000000000000000000000000000000000000000000000000000000000000000000000000007A
:40C6C000000000000000000000000000000000000000000000000000000000000000000000000000000000000000000000000000000000000000000000000000000000003A
:40C7000000000000000000000000000000000000000000000000000000000000000000000000000000000000000000000000000000000000000000000000000000000000F9
:40C7400000000000000000000000000000000000000000000000000000000000000000000000000000000000000000000000000000000000000000000000000000000000B9
:40C780000000000000000000000000000000000000000000000000000000000000000000000000000000000000000000000000000000000000000000000000000000000079
:40C7C0000000000000000000000000000000000000000000000000000000000000000000000000000000000000000000000000000000000000000000000000000000000039
:40C8000000000000000000000000000000000000000000000000000000000000000000000000000000000000000000000000000000000000000000000000000000000000F8
:40C8400000000000000000000000000000000000000000000000000000000000000000000000000000000000000000000000000000000000000000000000000000000000B8
:40C880000000000000000000000000000000000000000000000000000000000000000000000000000000000000000000000000000000000000000000000000000000000078
:40C8C0000000000000000000000000000000000000000000000000000000000000000000000000000000000000000000000000000000000000000000000000000000000038
:40C9000000000000000000000000000000000000000000000000000000000000000000000000000000000000000000000000000000000000000000000000000000000000F7
:40C9400000000000000000000000000000000000000000000000000000000000000000000000000000000000000000000000000000000000000000000000000000000000B7
:40C980000000000000000000000000000000000000000000000000000000000000000000000000000000000000000000000000000000000000000000000000000000000077
:40C9C0000000000000000000000000000000000000000000000000000000000000000000000000000000000000000000000000000000000000000000000000000000000037
:40CA000000000000000000000000000000000000000000000000000000000000000000000000000000000000000000000000000000000000000000000000000000000000F6
:40CA400000000000000000000000000000000000000000000000000000000000000000000000000000000000000000000000000000000000000000000000000000000000B6
:40CA80000000000000000000000000000000000000000000000000000000000000000000000000000000000000000000000000000000000000000000000000000000000076
:40CAC0000000000000000000000000000000000000000000000000000000000000000000000000000000000000000000000000000000000000000000000000000000000036
:40CB000000000000000000000000000000000000000000000000000000000000000000000000000000000000000000000000000000000000000000000000000000000000F5
:40CB400000000000000000000000000000000000000000000000000000000000000000000000000000000000000000000000000000000000000000000000000000000000B5
:40CB80000000000000000000000000000000000000000000000000000000000000000000000000000000000000000000000000000000000000000000000000000000000075
:40CBC0000000000000000000000000000000000000000000000000000000000000000000000000000000000000000000000000000000000000000000000000000000000035
:40CC000000000000000000000000000000000000000000000000000000000000000000000000000000000000000000000000000000000000000000000000000000000000F4
:40CC400000000000000000000000000000000000000000000000000000000000000000000000000000000000000000000000000000000000000000000000000000000000B4
:40CC80000000000000000000000000000000000000000000000000000000000000000000000000000000000000000000000000000000000000000000000000000000000074
:40CCC0000000000000000000000000000000000000000000000000000000000000000000000000000000000000000000000000000000000000000000000000000000000034
:40CD000000000000000000000000000000000000000000000000000000000000000000000000000000000000000000000000000000000000000000000000000000000000F3
:40CD400000000000000000000000000000000000000000000000000000000000000000000000000000000000000000000000000000000000000000000000000000000000B3
:40CD80000000000000000000000000000000000000000000000000000000000000000000000000000000000000000000000000000000000000000000000000000000000073
:40CDC0000000000000000000000000000000000000000000000000000000000000000000000000000000000000000000000000000000000000000000000000000000000033
:40CE000000000000000000000000000000000000000000000000000000000000000000000000000000000000000000000000000000000000000000000000000000000000F2
:40CE400000000000000000000000000000000000000000000000000000000000000000000000000000000000000000000000000000000000000000000000000000000000B2
:40CE80000000000000000000000000000000000000000000000000000000000000000000000000000000000000000000000000000000000000000000000000000000000072
:40CEC0000000000000000000000000000000000000000000000000000000000000000000000000000000000000000000000000000000000000000000000000000000000032
:40CF000000000000000000000000000000000000000000000000000000000000000000000000000000000000000000000000000000000000000000000000000000000000F1
:40CF400000000000000000000000000000000000000000000000000000000000000000000000000000000000000000000000000000000000000000000000000000000000B1
:40CF80000000000000000000000000000000000000000000000000000000000000000000000000000000000000000000000000000000000000000000000000000000000071
:40CFC0000000000000000000000000000000000000000000000000000000000000000000000000000000000000000000000000000000000000000000000000000000000031
:40D0000000000000000000000000000000000000000000000000000000000000000000000000000000000000000000000000000000000000000000000000000000000000F0
:40D0400000000000000000000000000000000000000000000000000000000000000000000000000000000000000000000000000000000000000000000000000000000000B0
:40D080000000000000000000000000000000000000000000000000000000000000000000000000000000000000000000000000000000000000000000000000000000000070
:40D0C0000000000000000000000000000000000000000000000000000000000000000000000000000000000000000000000000000000000000000000000000000000000030
:40D1000000000000000000000000000000000000000000000000000000000000000000000000000000000000000000000000000000000000000000000000000000000000EF
:40D1400000000000000000000000000000000000000000000000000000000000000000000000000000000000000000000000000000000000000000000000000000000000AF
:40D18000000000000000000000000000000000000000000000000000000000000000000000000000000000000000000000000000000000000000000000000000000000006F
:40D1C000000000000000000000000000000000000000000000000000000000000000000000000000000000000000000000000000000000000000000000000000000000002F
:40D2000000000000000000000000000000000000000000000000000000000000000000000000000000000000000000000000000000000000000000000000000000000000EE
:40D2400000000000000000000000000000000000000000000000000000000000000000000000000000000000000000000000000000000000000000000000000000000000AE
:40D28000000000000000000000000000000000000000000000000000000000000000000000000000000000000000000000000000000000000000000000000000000000006E
:40D2C000000000000000000000000000000000000000000000000000000000000000000000000000000000000000000000000000000000000000000000000000000000002E
:40D3000000000000000000000000000000000000000000000000000000000000000000000000000000000000000000000000000000000000000000000000000000000000ED
:40D3400000000000000000000000000000000000000000000000000000000000000000000000000000000000000000000000000000000000000000000000000000000000AD
:40D38000000000000000000000000000000000000000000000000000000000000000000000000000000000000000000000000000000000000000000000000000000000006D
:40D3C000000000000000000000000000000000000000000000000000000000000000000000000000000000000000000000000000000000000000000000000000000000002D
:40D4000000000000000000000000000000000000000000000000000000000000000000000000000000000000000000000000000000000000000000000000000000000000EC
:40D4400000000000000000000000000000000000000000000000000000000000000000000000000000000000000000000000000000000000000000000000000000000000AC
:40D48000000000000000000000000000000000000000000000000000000000000000000000000000000000000000000000000000000000000000000000000000000000006C
:40D4C000000000000000000000000000000000000000000000000000000000000000000000000000000000000000000000000000000000000000000000000000000000002C
:40D5000000000000000000000000000000000000000000000000000000000000000000000000000000000000000000000000000000000000000000000000000000000000EB
:40D5400000000000000000000000000000000000000000000000000000000000000000000000000000000000000000000000000000000000000000000000000000000000AB
:40D58000000000000000000000000000000000000000000000000000000000000000000000000000000000000000000000000000000000000000000000000000000000006B
:40D5C000000000000000000000000000000000000000000000000000000000000000000000000000000000000000000000000000000000000000000000000000000000002B
:40D6000000000000000000000000000000000000000000000000000000000000000000000000000000000000000000000000000000000000000000000000000000000000EA
:40D6400000000000000000000000000000000000000000000000000000000000000000000000000000000000000000000000000000000000000000000000000000000000AA
:40D68000000000000000000000000000000000000000000000000000000000000000000000000000000000000000000000000000000000000000000000000000000000006A
:40D6C000000000000000000000000000000000000000000000000000000000000000000000000000000000000000000000000000000000000000000000000000000000002A
:40D7000000000000000000000000000000000000000000000000000000000000000000000000000000000000000000000000000000000000000000000000000000000000E9
:40D7400000000000000000000000000000000000000000000000000000000000000000000000000000000000000000000000000000000000000000000000000000000000A9
:40D780000000000000000000000000000000000000000000000000000000000000000000000000000000000000000000000000000000000000000000000000000000000069
:40D7C0000000000000000000000000000000000000000000000000000000000000000000000000000000000000000000000000000000000000000000000000000000000029
:40D8000000000000000000000000000000000000000000000000000000000000000000000000000000000000000000000000000000000000000000000000000000000000E8
:40D8400000000000000000000000000000000000000000000000000000000000000000000000000000000000000000000000000000000000000000000000000000000000A8
:40D880000000000000000000000000000000000000000000000000000000000000000000000000000000000000000000000000000000000000000000000000000000000068
:40D8C0000000000000000000000000000000000000000000000000000000000000000000000000000000000000000000000000000000000000000000000000000000000028
:40D9000000000000000000000000000000000000000000000000000000000000000000000000000000000000000000000000000000000000000000000000000000000000E7
:40D9400000000000000000000000000000000000000000000000000000000000000000000000000000000000000000000000000000000000000000000000000000000000A7
:40D980000000000000000000000000000000000000000000000000000000000000000000000000000000000000000000000000000000000000000000000000000000000067
:40D9C0000000000000000000000000000000000000000000000000000000000000000000000000000000000000000000000000000000000000000000000000000000000027
:40DA000000000000000000000000000000000000000000000000000000000000000000000000000000000000000000000000000000000000000000000000000000000000E6
:40DA400000000000000000000000000000000000000000000000000000000000000000000000000000000000000000000000000000000000000000000000000000000000A6
:40DA80000000000000000000000000000000000000000000000000000000000000000000000000000000000000000000000000000000000000000000000000000000000066
:40DAC0000000000000000000000000000000000000000000000000000000000000000000000000000000000000000000000000000000000000000000000000000000000026
:40DB000000000000000000000000000000000000000000000000000000000000000000000000000000000000000000000000000000000000000000000000000000000000E5
:40DB400000000000000000000000000000000000000000000000000000000000000000000000000000000000000000000000000000000000000000000000000000000000A5
:40DB80000000000000000000000000000000000000000000000000000000000000000000000000000000000000000000000000000000000000000000000000000000000065
:40DBC0000000000000000000000000000000000000000000000000000000000000000000000000000000000000000000000000000000000000000000000000000000000025
:40DC000000000000000000000000000000000000000000000000000000000000000000000000000000000000000000000000000000000000000000000000000000000000E4
:40DC400000000000000000000000000000000000000000000000000000000000000000000000000000000000000000000000000000000000000000000000000000000000A4
:40DC80000000000000000000000000000000000000000000000000000000000000000000000000000000000000000000000000000000000000000000000000000000000064
:40DCC0000000000000000000000000000000000000000000000000000000000000000000000000000000000000000000000000000000000000000000000000000000000024
:40DD000000000000000000000000000000000000000000000000000000000000000000000000000000000000000000000000000000000000000000000000000000000000E3
:40DD400000000000000000000000000000000000000000000000000000000000000000000000000000000000000000000000000000000000000000000000000000000000A3
:40DD80000000000000000000000000000000000000000000000000000000000000000000000000000000000000000000000000000000000000000000000000000000000063
:40DDC0000000000000000000000000000000000000000000000000000000000000000000000000000000000000000000000000000000000000000000000000000000000023
:40DE000000000000000000000000000000000000000000000000000000000000000000000000000000000000000000000000000000000000000000000000000000000000E2
:40DE400000000000000000000000000000000000000000000000000000000000000000000000000000000000000000000000000000000000000000000000000000000000A2
:40DE80000000000000000000000000000000000000000000000000000000000000000000000000000000000000000000000000000000000000000000000000000000000062
:40DEC0000000000000000000000000000000000000000000000000000000000000000000000000000000000000000000000000000000000000000000000000000000000022
:40DF000000000000000000000000000000000000000000000000000000000000000000000000000000000000000000000000000000000000000000000000000000000000E1
:40DF400000000000000000000000000000000000000000000000000000000000000000000000000000000000000000000000000000000000000000000000000000000000A1
:40DF80000000000000000000000000000000000000000000000000000000000000000000000000000000000000000000000000000000000000000000000000000000000061
:40DFC0000000000000000000000000000000000000000000000000000000000000000000000000000000000000000000000000000000000000000000000000000000000021
:40E0000000000000000000000000000000000000000000000000000000000000000000000000000000000000000000000000000000000000000000000000000000000000E0
:40E0400000000000000000000000000000000000000000000000000000000000000000000000000000000000000000000000000000000000000000000000000000000000A0
:40E080000000000000000000000000000000000000000000000000000000000000000000000000000000000000000000000000000000000000000000000000000000000060
:40E0C0000000000000000000000000000000000000000000000000000000000000000000000000000000000000000000000000000000000000000000000000000000000020
:40E1000000000000000000000000000000000000000000000000000000000000000000000000000000000000000000000000000000000000000000000000000000000000DF
:40E14000000000000000000000000000000000000000000000000000000000000000000000000000000000000000000000000000000000000000000000000000000000009F
:40E18000000000000000000000000000000000000000000000000000000000000000000000000000000000000000000000000000000000000000000000000000000000005F
:40E1C000000000000000000000000000000000000000000000000000000000000000000000000000000000000000000000000000000000000000000000000000000000001F
:40E2000000000000000000000000000000000000000000000000000000000000000000000000000000000000000000000000000000000000000000000000000000000000DE
:40E24000000000000000000000000000000000000000000000000000000000000000000000000000000000000000000000000000000000000000000000000000000000009E
:40E28000000000000000000000000000000000000000000000000000000000000000000000000000000000000000000000000000000000000000000000000000000000005E
:40E2C000000000000000000000000000000000000000000000000000000000000000000000000000000000000000000000000000000000000000000000000000000000001E
:40E3000000000000000000000000000000000000000000000000000000000000000000000000000000000000000000000000000000000000000000000000000000000000DD
:40E34000000000000000000000000000000000000000000000000000000000000000000000000000000000000000000000000000000000000000000000000000000000009D
:40E38000000000000000000000000000000000000000000000000000000000000000000000000000000000000000000000000000000000000000000000000000000000005D
:40E3C000000000000000000000000000000000000000000000000000000000000000000000000000000000000000000000000000000000000000000000000000000000001D
:40E4000000000000000000000000000000000000000000000000000000000000000000000000000000000000000000000000000000000000000000000000000000000000DC
:40E44000000000000000000000000000000000000000000000000000000000000000000000000000000000000000000000000000000000000000000000000000000000009C
:40E48000000000000000000000000000000000000000000000000000000000000000000000000000000000000000000000000000000000000000000000000000000000005C
:40E4C000000000000000000000000000000000000000000000000000000000000000000000000000000000000000000000000000000000000000000000000000000000001C
:40E5000000000000000000000000000000000000000000000000000000000000000000000000000000000000000000000000000000000000000000000000000000000000DB
:40E54000000000000000000000000000000000000000000000000000000000000000000000000000000000000000000000000000000000000000000000000000000000009B
:40E58000000000000000000000000000000000000000000000000000000000000000000000000000000000000000000000000000000000000000000000000000000000005B
:40E5C000000000000000000000000000000000000000000000000000000000000000000000000000000000000000000000000000000000000000000000000000000000001B
:40E6000000000000000000000000000000000000000000000000000000000000000000000000000000000000000000000000000000000000000000000000000000000000DA
:40E64000000000000000000000000000000000000000000000000000000000000000000000000000000000000000000000000000000000000000000000000000000000009A
:40E68000000000000000000000000000000000000000000000000000000000000000000000000000000000000000000000000000000000000000000000000000000000005A
:40E6C000000000000000000000000000000000000000000000000000000000000000000000000000000000000000000000000000000000000000000000000000000000001A
:40E7000000000000000000000000000000000000000000000000000000000000000000000000000000000000000000000000000000000000000000000000000000000000D9
:40E740000000000000000000000000000000000000000000000000000000000000000000000000000000000000000000000000000000000000000000000000000000000099
:40E780000000000000000000000000000000000000000000000000000000000000000000000000000000000000000000000000000000000000000000000000000000000059
:40E7C0000000000000000000000000000000000000000000000000000000000000000000000000000000000000000000000000000000000000000000000000000000000019
:40E8000000000000000000000000000000000000000000000000000000000000000000000000000000000000000000000000000000000000000000000000000000000000D8
:40E840000000000000000000000000000000000000000000000000000000000000000000000000000000000000000000000000000000000000000000000000000000000098
:40E880000000000000000000000000000000000000000000000000000000000000000000000000000000000000000000000000000000000000000000000000000000000058
:40E8C0000000000000000000000000000000000000000000000000000000000000000000000000000000000000000000000000000000000000000000000000000000000018
:40E9000000000000000000000000000000000000000000000000000000000000000000000000000000000000000000000000000000000000000000000000000000000000D7
:40E940000000000000000000000000000000000000000000000000000000000000000000000000000000000000000000000000000000000000000000000000000000000097
:40E980000000000000000000000000000000000000000000000000000000000000000000000000000000000000000000000000000000000000000000000000000000000057
:40E9C0000000000000000000000000000000000000000000000000000000000000000000000000000000000000000000000000000000000000000000000000000000000017
:40EA000000000000000000000000000000000000000000000000000000000000000000000000000000000000000000000000000000000000000000000000000000000000D6
:40EA40000000000000000000000000000000000000000000000000000000000000000000000000000000000000000000000000000000000000000000000000000000000096
:40EA80000000000000000000000000000000000000000000000000000000000000000000000000000000000000000000000000000000000000000000000000000000000056
:40EAC0000000000000000000000000000000000000000000000000000000000000000000000000000000000000000000000000000000000000000000000000000000000016
:40EB000000000000000000000000000000000000000000000000000000000000000000000000000000000000000000000000000000000000000000000000000000000000D5
:40EB40000000000000000000000000000000000000000000000000000000000000000000000000000000000000000000000000000000000000000000000000000000000095
:40EB80000000000000000000000000000000000000000000000000000000000000000000000000000000000000000000000000000000000000000000000000000000000055
:40EBC0000000000000000000000000000000000000000000000000000000000000000000000000000000000000000000000000000000000000000000000000000000000015
:40EC000000000000000000000000000000000000000000000000000000000000000000000000000000000000000000000000000000000000000000000000000000000000D4
:40EC40000000000000000000000000000000000000000000000000000000000000000000000000000000000000000000000000000000000000000000000000000000000094
:40EC80000000000000000000000000000000000000000000000000000000000000000000000000000000000000000000000000000000000000000000000000000000000054
:40ECC0000000000000000000000000000000000000000000000000000000000000000000000000000000000000000000000000000000000000000000000000000000000014
:40ED000000000000000000000000000000000000000000000000000000000000000000000000000000000000000000000000000000000000000000000000000000000000D3
:40ED40000000000000000000000000000000000000000000000000000000000000000000000000000000000000000000000000000000000000000000000000000000000093
:40ED80000000000000000000000000000000000000000000000000000000000000000000000000000000000000000000000000000000000000000000000000000000000053
:40EDC0000000000000000000000000000000000000000000000000000000000000000000000000000000000000000000000000000000000000000000000000000000000013
:40EE000000000000000000000000000000000000000000000000000000000000000000000000000000000000000000000000000000000000000000000000000000000000D2
:40EE40000000000000000000000000000000000000000000000000000000000000000000000000000000000000000000000000000000000000000000000000000000000092
:40EE80000000000000000000000000000000000000000000000000000000000000000000000000000000000000000000000000000000000000000000000000000000000052
:40EEC0000000000000000000000000000000000000000000000000000000000000000000000000000000000000000000000000000000000000000000000000000000000012
:40EF000000000000000000000000000000000000000000000000000000000000000000000000000000000000000000000000000000000000000000000000000000000000D1
:40EF40000000000000000000000000000000000000000000000000000000000000000000000000000000000000000000000000000000000000000000000000000000000091
:40EF80000000000000000000000000000000000000000000000000000000000000000000000000000000000000000000000000000000000000000000000000000000000051
:40EFC0000000000000000000000000000000000000000000000000000000000000000000000000000000000000000000000000000000000000000000000000000000000011
:40F0000000000000000000000000000000000000000000000000000000000000000000000000000000000000000000000000000000000000000000000000000000000000D0
:40F040000000000000000000000000000000000000000000000000000000000000000000000000000000000000000000000000000000000000000000000000000000000090
:40F080000000000000000000000000000000000000000000000000000000000000000000000000000000000000000000000000000000000000000000000000000000000050
:40F0C0000000000000000000000000000000000000000000000000000000000000000000000000000000000000000000000000000000000000000000000000000000000010
:40F1000000000000000000000000000000000000000000000000000000000000000000000000000000000000000000000000000000000000000000000000000000000000CF
:40F14000000000000000000000000000000000000000000000000000000000000000000000000000000000000000000000000000000000000000000000000000000000008F
:40F18000000000000000000000000000000000000000000000000000000000000000000000000000000000000000000000000000000000000000000000000000000000004F
:40F1C000000000000000000000000000000000000000000000000000000000000000000000000000000000000000000000000000000000000000000000000000000000000F
:40F2000000000000000000000000000000000000000000000000000000000000000000000000000000000000000000000000000000000000000000000000000000000000CE
:40F24000000000000000000000000000000000000000000000000000000000000000000000000000000000000000000000000000000000000000000000000000000000008E
:40F28000000000000000000000000000000000000000000000000000000000000000000000000000000000000000000000000000000000000000000000000000000000004E
:40F2C000000000000000000000000000000000000000000000000000000000000000000000000000000000000000000000000000000000000000000000000000000000000E
:40F3000000000000000000000000000000000000000000000000000000000000000000000000000000000000000000000000000000000000000000000000000000000000CD
:40F34000000000000000000000000000000000000000000000000000000000000000000000000000000000000000000000000000000000000000000000000000000000008D
:40F38000000000000000000000000000000000000000000000000000000000000000000000000000000000000000000000000000000000000000000000000000000000004D
:40F3C000000000000000000000000000000000000000000000000000000000000000000000000000000000000000000000000000000000000000000000000000000000000D
:40F4000000000000000000000000000000000000000000000000000000000000000000000000000000000000000000000000000000000000000000000000000000000000CC
:40F44000000000000000000000000000000000000000000000000000000000000000000000000000000000000000000000000000000000000000000000000000000000008C
:40F48000000000000000000000000000000000000000000000000000000000000000000000000000000000000000000000000000000000000000000000000000000000004C
:40F4C000000000000000000000000000000000000000000000000000000000000000000000000000000000000000000000000000000000000000000000000000000000000C
:40F5000000000000000000000000000000000000000000000000000000000000000000000000000000000000000000000000000000000000000000000000000000000000CB
:40F54000000000000000000000000000000000000000000000000000000000000000000000000000000000000000000000000000000000000000000000000000000000008B
:40F58000000000000000000000000000000000000000000000000000000000000000000000000000000000000000000000000000000000000000000000000000000000004B
:40F5C000000000000000000000000000000000000000000000000000000000000000000000000000000000000000000000000000000000000000000000000000000000000B
:40F6000000000000000000000000000000000000000000000000000000000000000000000000000000000000000000000000000000000000000000000000000000000000CA
:40F64000000000000000000000000000000000000000000000000000000000000000000000000000000000000000000000000000000000000000000000000000000000008A
:40F68000000000000000000000000000000000000000000000000000000000000000000000000000000000000000000000000000000000000000000000000000000000004A
:40F6C000000000000000000000000000000000000000000000000000000000000000000000000000000000000000000000000000000000000000000000000000000000000A
:40F7000000000000000000000000000000000000000000000000000000000000000000000000000000000000000000000000000000000000000000000000000000000000C9
:40F740000000000000000000000000000000000000000000000000000000000000000000000000000000000000000000000000000000000000000000000000000000000089
:40F780000000000000000000000000000000000000000000000000000000000000000000000000000000000000000000000000000000000000000000000000000000000049
:40F7C0000000000000000000000000000000000000000000000000000000000000000000000000000000000000000000000000000000000000000000000000000000000009
:40F8000000000000000000000000000000000000000000000000000000000000000000000000000000000000000000000000000000000000000000000000000000000000C8
:40F840000000000000000000000000000000000000000000000000000000000000000000000000000000000000000000000000000000000000000000000000000000000088
:40F880000000000000000000000000000000000000000000000000000000000000000000000000000000000000000000000000000000000000000000000000000000000048
:40F8C0000000000000000000000000000000000000000000000000000000000000000000000000000000000000000000000000000000000000000000000000000000000008
:40F9000000000000000000000000000000000000000000000000000000000000000000000000000000000000000000000000000000000000000000000000000000000000C7
:40F940000000000000000000000000000000000000000000000000000000000000000000000000000000000000000000000000000000000000000000000000000000000087
:40F980000000000000000000000000000000000000000000000000000000000000000000000000000000000000000000000000000000000000000000000000000000000047
:40F9C0000000000000000000000000000000000000000000000000000000000000000000000000000000000000000000000000000000000000000000000000000000000007
:40FA000000000000000000000000000000000000000000000000000000000000000000000000000000000000000000000000000000000000000000000000000000000000C6
:40FA40000000000000000000000000000000000000000000000000000000000000000000000000000000000000000000000000000000000000000000000000000000000086
:40FA80000000000000000000000000000000000000000000000000000000000000000000000000000000000000000000000000000000000000000000000000000000000046
:40FAC0000000000000000000000000000000000000000000000000000000000000000000000000000000000000000000000000000000000000000000000000000000000006
:40FB000000000000000000000000000000000000000000000000000000000000000000000000000000000000000000000000000000000000000000000000000000000000C5
:40FB40000000000000000000000000000000000000000000000000000000000000000000000000000000000000000000000000000000000000000000000000000000000085
:40FB80000000000000000000000000000000000000000000000000000000000000000000000000000000000000000000000000000000000000000000000000000000000045
:40FBC0000000000000000000000000000000000000000000000000000000000000000000000000000000000000000000000000000000000000000000000000000000000005
:40FC000000000000000000000000000000000000000000000000000000000000000000000000000000000000000000000000000000000000000000000000000000000000C4
:40FC40000000000000000000000000000000000000000000000000000000000000000000000000000000000000000000000000000000000000000000000000000000000084
:40FC80000000000000000000000000000000000000000000000000000000000000000000000000000000000000000000000000000000000000000000000000000000000044
:40FCC0000000000000000000000000000000000000000000000000000000000000000000000000000000000000000000000000000000000000000000000000000000000004
:40FD000000000000000000000000000000000000000000000000000000000000000000000000000000000000000000000000000000000000000000000000000000000000C3
:40FD40000000000000000000000000000000000000000000000000000000000000000000000000000000000000000000000000000000000000000000000000000000000083
:40FD80000000000000000000000000000000000000000000000000000000000000000000000000000000000000000000000000000000000000000000000000000000000043
:40FDC0000000000000000000000000000000000000000000000000000000000000000000000000000000000000000000000000000000000000000000000000000000000003
:40FE000000000000000000000000000000000000000000000000000000000000000000000000000000000000000000000000000000000000000000000000000000000000C2
:40FE40000000000000000000000000000000000000000000000000000000000000000000000000000000000000000000000000000000000000000000000000000000000082
:40FE80000000000000000000000000000000000000000000000000000000000000000000000000000000000000000000000000000000000000000000000000000000000042
:40FEC0000000000000000000000000000000000000000000000000000000000000000000000000000000000000000000000000000000000000000000000000000000000002
:40FF000000000000000000000000000000000000000000000000000000000000000000000000000000000000000000000000000000000000000000000000000000000000C1
:40FF40000000000000000000000000000000000000000000000000000000000000000000000000000000000000000000000000000000000000000000000000000000000081
:40FF80000000000000000000000000000000000000000000000000000000000000000000000000000000000000000000000000000000000000000000000000000000000041
:40FFC0000000000000000000000000000000000000000000000000000000000000000000000000000000000000000000000000000000000000000000000000000000000001
:020000040003F7
:4000000000000000000000000000000000000000000000000000000000000000000000000000000000000000000000000000000000000000000000000000000000000000C0
:400040000000000000000000000000000000000000000000000000000000000000000000000000000000000000000000000000000000000000000000000000000000000080
:400080000000000000000000000000000000000000000000000000000000000000000000000000000000000000000000000000000000000000000000000000000000000040
:4000C0000000000000000000000000000000000000000000000000000000000000000000000000000000000000000000000000000000000000000000000000000000000000
:4001000000000000000000000000000000000000000000000000000000000000000000000000000000000000000000000000000000000000000000000000000000000000BF
:40014000000000000000000000000000000000000000000000000000000000000000000000000000000000000000000000000000000000000000000000000000000000007F
:40018000000000000000000000000000000000000000000000000000000000000000000000000000000000000000000000000000000000000000000000000000000000003F
:4001C00000000000000000000000000000000000000000000000000000000000000000000000000000000000000000000000000000000000000000000000000000000000FF
:4002000000000000000000000000000000000000000000000000000000000000000000000000000000000000000000000000000000000000000000000000000000000000BE
:40024000000000000000000000000000000000000000000000000000000000000000000000000000000000000000000000000000000000000000000000000000000000007E
:40028000000000000000000000000000000000000000000000000000000000000000000000000000000000000000000000000000000000000000000000000000000000003E
:4002C00000000000000000000000000000000000000000000000000000000000000000000000000000000000000000000000000000000000000000000000000000000000FE
:4003000000000000000000000000000000000000000000000000000000000000000000000000000000000000000000000000000000000000000000000000000000000000BD
:40034000000000000000000000000000000000000000000000000000000000000000000000000000000000000000000000000000000000000000000000000000000000007D
:40038000000000000000000000000000000000000000000000000000000000000000000000000000000000000000000000000000000000000000000000000000000000003D
:4003C00000000000000000000000000000000000000000000000000000000000000000000000000000000000000000000000000000000000000000000000000000000000FD
:4004000000000000000000000000000000000000000000000000000000000000000000000000000000000000000000000000000000000000000000000000000000000000BC
:40044000000000000000000000000000000000000000000000000000000000000000000000000000000000000000000000000000000000000000000000000000000000007C
:40048000000000000000000000000000000000000000000000000000000000000000000000000000000000000000000000000000000000000000000000000000000000003C
:4004C00000000000000000000000000000000000000000000000000000000000000000000000000000000000000000000000000000000000000000000000000000000000FC
:4005000000000000000000000000000000000000000000000000000000000000000000000000000000000000000000000000000000000000000000000000000000000000BB
:40054000000000000000000000000000000000000000000000000000000000000000000000000000000000000000000000000000000000000000000000000000000000007B
:40058000000000000000000000000000000000000000000000000000000000000000000000000000000000000000000000000000000000000000000000000000000000003B
:4005C00000000000000000000000000000000000000000000000000000000000000000000000000000000000000000000000000000000000000000000000000000000000FB
:4006000000000000000000000000000000000000000000000000000000000000000000000000000000000000000000000000000000000000000000000000000000000000BA
:40064000000000000000000000000000000000000000000000000000000000000000000000000000000000000000000000000000000000000000000000000000000000007A
:40068000000000000000000000000000000000000000000000000000000000000000000000000000000000000000000000000000000000000000000000000000000000003A
:4006C00000000000000000000000000000000000000000000000000000000000000000000000000000000000000000000000000000000000000000000000000000000000FA
:4007000000000000000000000000000000000000000000000000000000000000000000000000000000000000000000000000000000000000000000000000000000000000B9
:400740000000000000000000000000000000000000000000000000000000000000000000000000000000000000000000000000000000000000000000000000000000000079
:400780000000000000000000000000000000000000000000000000000000000000000000000000000000000000000000000000000000000000000000000000000000000039
:4007C00000000000000000000000000000000000000000000000000000000000000000000000000000000000000000000000000000000000000000000000000000000000F9
:4008000000000000000000000000000000000000000000000000000000000000000000000000000000000000000000000000000000000000000000000000000000000000B8
:400840000000000000000000000000000000000000000000000000000000000000000000000000000000000000000000000000000000000000000000000000000000000078
:400880000000000000000000000000000000000000000000000000000000000000000000000000000000000000000000000000000000000000000000000000000000000038
:4008C00000000000000000000000000000000000000000000000000000000000000000000000000000000000000000000000000000000000000000000000000000000000F8
:4009000000000000000000000000000000000000000000000000000000000000000000000000000000000000000000000000000000000000000000000000000000000000B7
:400940000000000000000000000000000000000000000000000000000000000000000000000000000000000000000000000000000000000000000000000000000000000077
:400980000000000000000000000000000000000000000000000000000000000000000000000000000000000000000000000000000000000000000000000000000000000037
:4009C00000000000000000000000000000000000000000000000000000000000000000000000000000000000000000000000000000000000000000000000000000000000F7
:400A000000000000000000000000000000000000000000000000000000000000000000000000000000000000000000000000000000000000000000000000000000000000B6
:400A40000000000000000000000000000000000000000000000000000000000000000000000000000000000000000000000000000000000000000000000000000000000076
:400A80000000000000000000000000000000000000000000000000000000000000000000000000000000000000000000000000000000000000000000000000000000000036
:400AC00000000000000000000000000000000000000000000000000000000000000000000000000000000000000000000000000000000000000000000000000000000000F6
:400B000000000000000000000000000000000000000000000000000000000000000000000000000000000000000000000000000000000000000000000000000000000000B5
:400B40000000000000000000000000000000000000000000000000000000000000000000000000000000000000000000000000000000000000000000000000000000000075
:400B80000000000000000000000000000000000000000000000000000000000000000000000000000000000000000000000000000000000000000000000000000000000035
:400BC00000000000000000000000000000000000000000000000000000000000000000000000000000000000000000000000000000000000000000000000000000000000F5
:400C000000000000000000000000000000000000000000000000000000000000000000000000000000000000000000000000000000000000000000000000000000000000B4
:400C40000000000000000000000000000000000000000000000000000000000000000000000000000000000000000000000000000000000000000000000000000000000074
:400C80000000000000000000000000000000000000000000000000000000000000000000000000000000000000000000000000000000000000000000000000000000000034
:400CC00000000000000000000000000000000000000000000000000000000000000000000000000000000000000000000000000000000000000000000000000000000000F4
:400D000000000000000000000000000000000000000000000000000000000000000000000000000000000000000000000000000000000000000000000000000000000000B3
:400D40000000000000000000000000000000000000000000000000000000000000000000000000000000000000000000000000000000000000000000000000000000000073
:400D80000000000000000000000000000000000000000000000000000000000000000000000000000000000000000000000000000000000000000000000000000000000033
:400DC00000000000000000000000000000000000000000000000000000000000000000000000000000000000000000000000000000000000000000000000000000000000F3
:400E000000000000000000000000000000000000000000000000000000000000000000000000000000000000000000000000000000000000000000000000000000000000B2
:400E40000000000000000000000000000000000000000000000000000000000000000000000000000000000000000000000000000000000000000000000000000000000072
:400E80000000000000000000000000000000000000000000000000000000000000000000000000000000000000000000000000000000000000000000000000000000000032
:400EC00000000000000000000000000000000000000000000000000000000000000000000000000000000000000000000000000000000000000000000000000000000000F2
:400F000000000000000000000000000000000000000000000000000000000000000000000000000000000000000000000000000000000000000000000000000000000000B1
:400F40000000000000000000000000000000000000000000000000000000000000000000000000000000000000000000000000000000000000000000000000000000000071
:400F80000000000000000000000000000000000000000000000000000000000000000000000000000000000000000000000000000000000000000000000000000000000031
:400FC00000000000000000000000000000000000000000000000000000000000000000000000000000000000000000000000000000000000000000000000000000000000F1
:4010000000000000000000000000000000000000000000000000000000000000000000000000000000000000000000000000000000000000000000000000000000000000B0
:401040000000000000000000000000000000000000000000000000000000000000000000000000000000000000000000000000000000000000000000000000000000000070
:401080000000000000000000000000000000000000000000000000000000000000000000000000000000000000000000000000000000000000000000000000000000000030
:4010C00000000000000000000000000000000000000000000000000000000000000000000000000000000000000000000000000000000000000000000000000000000000F0
:4011000000000000000000000000000000000000000000000000000000000000000000000000000000000000000000000000000000000000000000000000000000000000AF
:40114000000000000000000000000000000000000000000000000000000000000000000000000000000000000000000000000000000000000000000000000000000000006F
:40118000000000000000000000000000000000000000000000000000000000000000000000000000000000000000000000000000000000000000000000000000000000002F
:4011C00000000000000000000000000000000000000000000000000000000000000000000000000000000000000000000000000000000000000000000000000000000000EF
:4012000000000000000000000000000000000000000000000000000000000000000000000000000000000000000000000000000000000000000000000000000000000000AE
:40124000000000000000000000000000000000000000000000000000000000000000000000000000000000000000000000000000000000000000000000000000000000006E
:40128000000000000000000000000000000000000000000000000000000000000000000000000000000000000000000000000000000000000000000000000000000000002E
:4012C00000000000000000000000000000000000000000000000000000000000000000000000000000000000000000000000000000000000000000000000000000000000EE
:4013000000000000000000000000000000000000000000000000000000000000000000000000000000000000000000000000000000000000000000000000000000000000AD
:40134000000000000000000000000000000000000000000000000000000000000000000000000000000000000000000000000000000000000000000000000000000000006D
:40138000000000000000000000000000000000000000000000000000000000000000000000000000000000000000000000000000000000000000000000000000000000002D
:4013C00000000000000000000000000000000000000000000000000000000000000000000000000000000000000000000000000000000000000000000000000000000000ED
:4014000000000000000000000000000000000000000000000000000000000000000000000000000000000000000000000000000000000000000000000000000000000000AC
:40144000000000000000000000000000000000000000000000000000000000000000000000000000000000000000000000000000000000000000000000000000000000006C
:40148000000000000000000000000000000000000000000000000000000000000000000000000000000000000000000000000000000000000000000000000000000000002C
:4014C00000000000000000000000000000000000000000000000000000000000000000000000000000000000000000000000000000000000000000000000000000000000EC
:4015000000000000000000000000000000000000000000000000000000000000000000000000000000000000000000000000000000000000000000000000000000000000AB
:40154000000000000000000000000000000000000000000000000000000000000000000000000000000000000000000000000000000000000000000000000000000000006B
:40158000000000000000000000000000000000000000000000000000000000000000000000000000000000000000000000000000000000000000000000000000000000002B
:4015C00000000000000000000000000000000000000000000000000000000000000000000000000000000000000000000000000000000000000000000000000000000000EB
:4016000000000000000000000000000000000000000000000000000000000000000000000000000000000000000000000000000000000000000000000000000000000000AA
:40164000000000000000000000000000000000000000000000000000000000000000000000000000000000000000000000000000000000000000000000000000000000006A
:40168000000000000000000000000000000000000000000000000000000000000000000000000000000000000000000000000000000000000000000000000000000000002A
:4016C00000000000000000000000000000000000000000000000000000000000000000000000000000000000000000000000000000000000000000000000000000000000EA
:4017000000000000000000000000000000000000000000000000000000000000000000000000000000000000000000000000000000000000000000000000000000000000A9
:401740000000000000000000000000000000000000000000000000000000000000000000000000000000000000000000000000000000000000000000000000000000000069
:401780000000000000000000000000000000000000000000000000000000000000000000000000000000000000000000000000000000000000000000000000000000000029
:4017C00000000000000000000000000000000000000000000000000000000000000000000000000000000000000000000000000000000000000000000000000000000000E9
:4018000000000000000000000000000000000000000000000000000000000000000000000000000000000000000000000000000000000000000000000000000000000000A8
:401840000000000000000000000000000000000000000000000000000000000000000000000000000000000000000000000000000000000000000000000000000000000068
:401880000000000000000000000000000000000000000000000000000000000000000000000000000000000000000000000000000000000000000000000000000000000028
:4018C00000000000000000000000000000000000000000000000000000000000000000000000000000000000000000000000000000000000000000000000000000000000E8
:4019000000000000000000000000000000000000000000000000000000000000000000000000000000000000000000000000000000000000000000000000000000000000A7
:401940000000000000000000000000000000000000000000000000000000000000000000000000000000000000000000000000000000000000000000000000000000000067
:401980000000000000000000000000000000000000000000000000000000000000000000000000000000000000000000000000000000000000000000000000000000000027
:4019C00000000000000000000000000000000000000000000000000000000000000000000000000000000000000000000000000000000000000000000000000000000000E7
:401A000000000000000000000000000000000000000000000000000000000000000000000000000000000000000000000000000000000000000000000000000000000000A6
:401A40000000000000000000000000000000000000000000000000000000000000000000000000000000000000000000000000000000000000000000000000000000000066
:401A80000000000000000000000000000000000000000000000000000000000000000000000000000000000000000000000000000000000000000000000000000000000026
:401AC00000000000000000000000000000000000000000000000000000000000000000000000000000000000000000000000000000000000000000000000000000000000E6
:401B000000000000000000000000000000000000000000000000000000000000000000000000000000000000000000000000000000000000000000000000000000000000A5
:401B40000000000000000000000000000000000000000000000000000000000000000000000000000000000000000000000000000000000000000000000000000000000065
:401B80000000000000000000000000000000000000000000000000000000000000000000000000000000000000000000000000000000000000000000000000000000000025
:401BC00000000000000000000000000000000000000000000000000000000000000000000000000000000000000000000000000000000000000000000000000000000000E5
:401C000000000000000000000000000000000000000000000000000000000000000000000000000000000000000000000000000000000000000000000000000000000000A4
:401C40000000000000000000000000000000000000000000000000000000000000000000000000000000000000000000000000000000000000000000000000000000000064
:401C80000000000000000000000000000000000000000000000000000000000000000000000000000000000000000000000000000000000000000000000000000000000024
:401CC00000000000000000000000000000000000000000000000000000000000000000000000000000000000000000000000000000000000000000000000000000000000E4
:401D000000000000000000000000000000000000000000000000000000000000000000000000000000000000000000000000000000000000000000000000000000000000A3
:401D40000000000000000000000000000000000000000000000000000000000000000000000000000000000000000000000000000000000000000000000000000000000063
:401D80000000000000000000000000000000000000000000000000000000000000000000000000000000000000000000000000000000000000000000000000000000000023
:401DC00000000000000000000000000000000000000000000000000000000000000000000000000000000000000000000000000000000000000000000000000000000000E3
:401E000000000000000000000000000000000000000000000000000000000000000000000000000000000000000000000000000000000000000000000000000000000000A2
:401E40000000000000000000000000000000000000000000000000000000000000000000000000000000000000000000000000000000000000000000000000000000000062
:401E80000000000000000000000000000000000000000000000000000000000000000000000000000000000000000000000000000000000000000000000000000000000022
:401EC00000000000000000000000000000000000000000000000000000000000000000000000000000000000000000000000000000000000000000000000000000000000E2
:401F000000000000000000000000000000000000000000000000000000000000000000000000000000000000000000000000000000000000000000000000000000000000A1
:401F40000000000000000000000000000000000000000000000000000000000000000000000000000000000000000000000000000000000000000000000000000000000061
:401F80000000000000000000000000000000000000000000000000000000000000000000000000000000000000000000000000000000000000000000000000000000000021
:401FC00000000000000000000000000000000000000000000000000000000000000000000000000000000000000000000000000000000000000000000000000000000000E1
:4020000000000000000000000000000000000000000000000000000000000000000000000000000000000000000000000000000000000000000000000000000000000000A0
:402040000000000000000000000000000000000000000000000000000000000000000000000000000000000000000000000000000000000000000000000000000000000060
:402080000000000000000000000000000000000000000000000000000000000000000000000000000000000000000000000000000000000000000000000000000000000020
:4020C00000000000000000000000000000000000000000000000000000000000000000000000000000000000000000000000000000000000000000000000000000000000E0
:40210000000000000000000000000000000000000000000000000000000000000000000000000000000000000000000000000000000000000000000000000000000000009F
:40214000000000000000000000000000000000000000000000000000000000000000000000000000000000000000000000000000000000000000000000000000000000005F
:40218000000000000000000000000000000000000000000000000000000000000000000000000000000000000000000000000000000000000000000000000000000000001F
:4021C00000000000000000000000000000000000000000000000000000000000000000000000000000000000000000000000000000000000000000000000000000000000DF
:40220000000000000000000000000000000000000000000000000000000000000000000000000000000000000000000000000000000000000000000000000000000000009E
:40224000000000000000000000000000000000000000000000000000000000000000000000000000000000000000000000000000000000000000000000000000000000005E
:40228000000000000000000000000000000000000000000000000000000000000000000000000000000000000000000000000000000000000000000000000000000000001E
:4022C00000000000000000000000000000000000000000000000000000000000000000000000000000000000000000000000000000000000000000000000000000000000DE
:40230000000000000000000000000000000000000000000000000000000000000000000000000000000000000000000000000000000000000000000000000000000000009D
:40234000000000000000000000000000000000000000000000000000000000000000000000000000000000000000000000000000000000000000000000000000000000005D
:40238000000000000000000000000000000000000000000000000000000000000000000000000000000000000000000000000000000000000000000000000000000000001D
:4023C00000000000000000000000000000000000000000000000000000000000000000000000000000000000000000000000000000000000000000000000000000000000DD
:40240000000000000000000000000000000000000000000000000000000000000000000000000000000000000000000000000000000000000000000000000000000000009C
:40244000000000000000000000000000000000000000000000000000000000000000000000000000000000000000000000000000000000000000000000000000000000005C
:40248000000000000000000000000000000000000000000000000000000000000000000000000000000000000000000000000000000000000000000000000000000000001C
:4024C00000000000000000000000000000000000000000000000000000000000000000000000000000000000000000000000000000000000000000000000000000000000DC
:40250000000000000000000000000000000000000000000000000000000000000000000000000000000000000000000000000000000000000000000000000000000000009B
:40254000000000000000000000000000000000000000000000000000000000000000000000000000000000000000000000000000000000000000000000000000000000005B
:40258000000000000000000000000000000000000000000000000000000000000000000000000000000000000000000000000000000000000000000000000000000000001B
:4025C00000000000000000000000000000000000000000000000000000000000000000000000000000000000000000000000000000000000000000000000000000000000DB
:40260000000000000000000000000000000000000000000000000000000000000000000000000000000000000000000000000000000000000000000000000000000000009A
:40264000000000000000000000000000000000000000000000000000000000000000000000000000000000000000000000000000000000000000000000000000000000005A
:40268000000000000000000000000000000000000000000000000000000000000000000000000000000000000000000000000000000000000000000000000000000000001A
:4026C00000000000000000000000000000000000000000000000000000000000000000000000000000000000000000000000000000000000000000000000000000000000DA
:402700000000000000000000000000000000000000000000000000000000000000000000000000000000000000000000000000000000000000000000000000000000000099
:402740000000000000000000000000000000000000000000000000000000000000000000000000000000000000000000000000000000000000000000000000000000000059
:402780000000000000000000000000000000000000000000000000000000000000000000000000000000000000000000000000000000000000000000000000000000000019
:4027C00000000000000000000000000000000000000000000000000000000000000000000000000000000000000000000000000000000000000000000000000000000000D9
:402800000000000000000000000000000000000000000000000000000000000000000000000000000000000000000000000000000000000000000000000000000000000098
:402840000000000000000000000000000000000000000000000000000000000000000000000000000000000000000000000000000000000000000000000000000000000058
:402880000000000000000000000000000000000000000000000000000000000000000000000000000000000000000000000000000000000000000000000000000000000018
:4028C00000000000000000000000000000000000000000000000000000000000000000000000000000000000000000000000000000000000000000000000000000000000D8
:402900000000000000000000000000000000000000000000000000000000000000000000000000000000000000000000000000000000000000000000000000000000000097
:402940000000000000000000000000000000000000000000000000000000000000000000000000000000000000000000000000000000000000000000000000000000000057
:402980000000000000000000000000000000000000000000000000000000000000000000000000000000000000000000000000000000000000000000000000000000000017
:4029C00000000000000000000000000000000000000000000000000000000000000000000000000000000000000000000000000000000000000000000000000000000000D7
:402A00000000000000000000000000000000000000000000000000000000000000000000000000000000000000000000000000000000000000000000000000000000000096
:402A40000000000000000000000000000000000000000000000000000000000000000000000000000000000000000000000000000000000000000000000000000000000056
:402A80000000000000000000000000000000000000000000000000000000000000000000000000000000000000000000000000000000000000000000000000000000000016
:402AC00000000000000000000000000000000000000000000000000000000000000000000000000000000000000000000000000000000000000000000000000000000000D6
:402B00000000000000000000000000000000000000000000000000000000000000000000000000000000000000000000000000000000000000000000000000000000000095
:402B40000000000000000000000000000000000000000000000000000000000000000000000000000000000000000000000000000000000000000000000000000000000055
:402B80000000000000000000000000000000000000000000000000000000000000000000000000000000000000000000000000000000000000000000000000000000000015
:402BC00000000000000000000000000000000000000000000000000000000000000000000000000000000000000000000000000000000000000000000000000000000000D5
:402C00000000000000000000000000000000000000000000000000000000000000000000000000000000000000000000000000000000000000000000000000000000000094
:402C40000000000000000000000000000000000000000000000000000000000000000000000000000000000000000000000000000000000000000000000000000000000054
:402C80000000000000000000000000000000000000000000000000000000000000000000000000000000000000000000000000000000000000000000000000000000000014
:402CC00000000000000000000000000000000000000000000000000000000000000000000000000000000000000000000000000000000000000000000000000000000000D4
:402D00000000000000000000000000000000000000000000000000000000000000000000000000000000000000000000000000000000000000000000000000000000000093
:402D40000000000000000000000000000000000000000000000000000000000000000000000000000000000000000000000000000000000000000000000000000000000053
:402D80000000000000000000000000000000000000000000000000000000000000000000000000000000000000000000000000000000000000000000000000000000000013
:402DC00000000000000000000000000000000000000000000000000000000000000000000000000000000000000000000000000000000000000000000000000000000000D3
:402E00000000000000000000000000000000000000000000000000000000000000000000000000000000000000000000000000000000000000000000000000000000000092
:402E40000000000000000000000000000000000000000000000000000000000000000000000000000000000000000000000000000000000000000000000000000000000052
:402E80000000000000000000000000000000000000000000000000000000000000000000000000000000000000000000000000000000000000000000000000000000000012
:402EC00000000000000000000000000000000000000000000000000000000000000000000000000000000000000000000000000000000000000000000000000000000000D2
:402F00000000000000000000000000000000000000000000000000000000000000000000000000000000000000000000000000000000000000000000000000000000000091
:402F40000000000000000000000000000000000000000000000000000000000000000000000000000000000000000000000000000000000000000000000000000000000051
:402F80000000000000000000000000000000000000000000000000000000000000000000000000000000000000000000000000000000000000000000000000000000000011
:402FC00000000000000000000000000000000000000000000000000000000000000000000000000000000000000000000000000000000000000000000000000000000000D1
:403000000000000000000000000000000000000000000000000000000000000000000000000000000000000000000000000000000000000000000000000000000000000090
:403040000000000000000000000000000000000000000000000000000000000000000000000000000000000000000000000000000000000000000000000000000000000050
:403080000000000000000000000000000000000000000000000000000000000000000000000000000000000000000000000000000000000000000000000000000000000010
:4030C00000000000000000000000000000000000000000000000000000000000000000000000000000000000000000000000000000000000000000000000000000000000D0
:40310000000000000000000000000000000000000000000000000000000000000000000000000000000000000000000000000000000000000000000000000000000000008F
:40314000000000000000000000000000000000000000000000000000000000000000000000000000000000000000000000000000000000000000000000000000000000004F
:40318000000000000000000000000000000000000000000000000000000000000000000000000000000000000000000000000000000000000000000000000000000000000F
:4031C00000000000000000000000000000000000000000000000000000000000000000000000000000000000000000000000000000000000000000000000000000000000CF
:40320000000000000000000000000000000000000000000000000000000000000000000000000000000000000000000000000000000000000000000000000000000000008E
:40324000000000000000000000000000000000000000000000000000000000000000000000000000000000000000000000000000000000000000000000000000000000004E
:40328000000000000000000000000000000000000000000000000000000000000000000000000000000000000000000000000000000000000000000000000000000000000E
:4032C00000000000000000000000000000000000000000000000000000000000000000000000000000000000000000000000000000000000000000000000000000000000CE
:40330000000000000000000000000000000000000000000000000000000000000000000000000000000000000000000000000000000000000000000000000000000000008D
:40334000000000000000000000000000000000000000000000000000000000000000000000000000000000000000000000000000000000000000000000000000000000004D
:40338000000000000000000000000000000000000000000000000000000000000000000000000000000000000000000000000000000000000000000000000000000000000D
:4033C00000000000000000000000000000000000000000000000000000000000000000000000000000000000000000000000000000000000000000000000000000000000CD
:40340000000000000000000000000000000000000000000000000000000000000000000000000000000000000000000000000000000000000000000000000000000000008C
:40344000000000000000000000000000000000000000000000000000000000000000000000000000000000000000000000000000000000000000000000000000000000004C
:40348000000000000000000000000000000000000000000000000000000000000000000000000000000000000000000000000000000000000000000000000000000000000C
:4034C00000000000000000000000000000000000000000000000000000000000000000000000000000000000000000000000000000000000000000000000000000000000CC
:40350000000000000000000000000000000000000000000000000000000000000000000000000000000000000000000000000000000000000000000000000000000000008B
:40354000000000000000000000000000000000000000000000000000000000000000000000000000000000000000000000000000000000000000000000000000000000004B
:40358000000000000000000000000000000000000000000000000000000000000000000000000000000000000000000000000000000000000000000000000000000000000B
:4035C00000000000000000000000000000000000000000000000000000000000000000000000000000000000000000000000000000000000000000000000000000000000CB
:40360000000000000000000000000000000000000000000000000000000000000000000000000000000000000000000000000000000000000000000000000000000000008A
:40364000000000000000000000000000000000000000000000000000000000000000000000000000000000000000000000000000000000000000000000000000000000004A
:40368000000000000000000000000000000000000000000000000000000000000000000000000000000000000000000000000000000000000000000000000000000000000A
:4036C00000000000000000000000000000000000000000000000000000000000000000000000000000000000000000000000000000000000000000000000000000000000CA
:403700000000000000000000000000000000000000000000000000000000000000000000000000000000000000000000000000000000000000000000000000000000000089
:403740000000000000000000000000000000000000000000000000000000000000000000000000000000000000000000000000000000000000000000000000000000000049
:403780000000000000000000000000000000000000000000000000000000000000000000000000000000000000000000000000000000000000000000000000000000000009
:4037C00000000000000000000000000000000000000000000000000000000000000000000000000000000000000000000000000000000000000000000000000000000000C9
:403800000000000000000000000000000000000000000000000000000000000000000000000000000000000000000000000000000000000000000000000000000000000088
:403840000000000000000000000000000000000000000000000000000000000000000000000000000000000000000000000000000000000000000000000000000000000048
:403880000000000000000000000000000000000000000000000000000000000000000000000000000000000000000000000000000000000000000000000000000000000008
:4038C00000000000000000000000000000000000000000000000000000000000000000000000000000000000000000000000000000000000000000000000000000000000C8
:403900000000000000000000000000000000000000000000000000000000000000000000000000000000000000000000000000000000000000000000000000000000000087
:403940000000000000000000000000000000000000000000000000000000000000000000000000000000000000000000000000000000000000000000000000000000000047
:403980000000000000000000000000000000000000000000000000000000000000000000000000000000000000000000000000000000000000000000000000000000000007
:4039C00000000000000000000000000000000000000000000000000000000000000000000000000000000000000000000000000000000000000000000000000000000000C7
:403A00000000000000000000000000000000000000000000000000000000000000000000000000000000000000000000000000000000000000000000000000000000000086
:403A40000000000000000000000000000000000000000000000000000000000000000000000000000000000000000000000000000000000000000000000000000000000046
:403A80000000000000000000000000000000000000000000000000000000000000000000000000000000000000000000000000000000000000000000000000000000000006
:403AC00000000000000000000000000000000000000000000000000000000000000000000000000000000000000000000000000000000000000000000000000000000000C6
:403B00000000000000000000000000000000000000000000000000000000000000000000000000000000000000000000000000000000000000000000000000000000000085
:403B40000000000000000000000000000000000000000000000000000000000000000000000000000000000000000000000000000000000000000000000000000000000045
:403B80000000000000000000000000000000000000000000000000000000000000000000000000000000000000000000000000000000000000000000000000000000000005
:403BC00000000000000000000000000000000000000000000000000000000000000000000000000000000000000000000000000000000000000000000000000000000000C5
:403C00000000000000000000000000000000000000000000000000000000000000000000000000000000000000000000000000000000000000000000000000000000000084
:403C40000000000000000000000000000000000000000000000000000000000000000000000000000000000000000000000000000000000000000000000000000000000044
:403C80000000000000000000000000000000000000000000000000000000000000000000000000000000000000000000000000000000000000000000000000000000000004
:403CC00000000000000000000000000000000000000000000000000000000000000000000000000000000000000000000000000000000000000000000000000000000000C4
:403D00000000000000000000000000000000000000000000000000000000000000000000000000000000000000000000000000000000000000000000000000000000000083
:403D40000000000000000000000000000000000000000000000000000000000000000000000000000000000000000000000000000000000000000000000000000000000043
:403D80000000000000000000000000000000000000000000000000000000000000000000000000000000000000000000000000000000000000000000000000000000000003
:403DC00000000000000000000000000000000000000000000000000000000000000000000000000000000000000000000000000000000000000000000000000000000000C3
:403E00000000000000000000000000000000000000000000000000000000000000000000000000000000000000000000000000000000000000000000000000000000000082
:403E40000000000000000000000000000000000000000000000000000000000000000000000000000000000000000000000000000000000000000000000000000000000042
:403E80000000000000000000000000000000000000000000000000000000000000000000000000000000000000000000000000000000000000000000000000000000000002
:403EC00000000000000000000000000000000000000000000000000000000000000000000000000000000000000000000000000000000000000000000000000000000000C2
:403F00000000000000000000000000000000000000000000000000000000000000000000000000000000000000000000000000000000000000000000000000000000000081
:403F40000000000000000000000000000000000000000000000000000000000000000000000000000000000000000000000000000000000000000000000000000000000041
:403F80000000000000000000000000000000000000000000000000000000000000000000000000000000000000000000000000000000000000000000000000000000000001
:403FC00000000000000000000000000000000000000000000000000000000000000000000000000000000000000000000000000000000000000000000000000000000000C1
:404000000000000000000000000000000000000000000000000000000000000000000000000000000000000000000000000000000000000000000000000000000000000080
:404040000000000000000000000000000000000000000000000000000000000000000000000000000000000000000000000000000000000000000000000000000000000040
:404080000000000000000000000000000000000000000000000000000000000000000000000000000000000000000000000000000000000000000000000000000000000000
:4040C00000000000000000000000000000000000000000000000000000000000000000000000000000000000000000000000000000000000000000000000000000000000C0
:40410000000000000000000000000000000000000000000000000000000000000000000000000000000000000000000000000000000000000000000000000000000000007F
:40414000000000000000000000000000000000000000000000000000000000000000000000000000000000000000000000000000000000000000000000000000000000003F
:4041800000000000000000000000000000000000000000000000000000000000000000000000000000000000000000000000000000000000000000000000000000000000FF
:4041C00000000000000000000000000000000000000000000000000000000000000000000000000000000000000000000000000000000000000000000000000000000000BF
:40420000000000000000000000000000000000000000000000000000000000000000000000000000000000000000000000000000000000000000000000000000000000007E
:40424000000000000000000000000000000000000000000000000000000000000000000000000000000000000000000000000000000000000000000000000000000000003E
:4042800000000000000000000000000000000000000000000000000000000000000000000000000000000000000000000000000000000000000000000000000000000000FE
:4042C00000000000000000000000000000000000000000000000000000000000000000000000000000000000000000000000000000000000000000000000000000000000BE
:40430000000000000000000000000000000000000000000000000000000000000000000000000000000000000000000000000000000000000000000000000000000000007D
:40434000000000000000000000000000000000000000000000000000000000000000000000000000000000000000000000000000000000000000000000000000000000003D
:4043800000000000000000000000000000000000000000000000000000000000000000000000000000000000000000000000000000000000000000000000000000000000FD
:4043C00000000000000000000000000000000000000000000000000000000000000000000000000000000000000000000000000000000000000000000000000000000000BD
:40440000000000000000000000000000000000000000000000000000000000000000000000000000000000000000000000000000000000000000000000000000000000007C
:40444000000000000000000000000000000000000000000000000000000000000000000000000000000000000000000000000000000000000000000000000000000000003C
:4044800000000000000000000000000000000000000000000000000000000000000000000000000000000000000000000000000000000000000000000000000000000000FC
:4044C00000000000000000000000000000000000000000000000000000000000000000000000000000000000000000000000000000000000000000000000000000000000BC
:40450000000000000000000000000000000000000000000000000000000000000000000000000000000000000000000000000000000000000000000000000000000000007B
:40454000000000000000000000000000000000000000000000000000000000000000000000000000000000000000000000000000000000000000000000000000000000003B
:4045800000000000000000000000000000000000000000000000000000000000000000000000000000000000000000000000000000000000000000000000000000000000FB
:4045C00000000000000000000000000000000000000000000000000000000000000000000000000000000000000000000000000000000000000000000000000000000000BB
:40460000000000000000000000000000000000000000000000000000000000000000000000000000000000000000000000000000000000000000000000000000000000007A
:40464000000000000000000000000000000000000000000000000000000000000000000000000000000000000000000000000000000000000000000000000000000000003A
:4046800000000000000000000000000000000000000000000000000000000000000000000000000000000000000000000000000000000000000000000000000000000000FA
:4046C00000000000000000000000000000000000000000000000000000000000000000000000000000000000000000000000000000000000000000000000000000000000BA
:404700000000000000000000000000000000000000000000000000000000000000000000000000000000000000000000000000000000000000000000000000000000000079
:404740000000000000000000000000000000000000000000000000000000000000000000000000000000000000000000000000000000000000000000000000000000000039
:4047800000000000000000000000000000000000000000000000000000000000000000000000000000000000000000000000000000000000000000000000000000000000F9
:4047C00000000000000000000000000000000000000000000000000000000000000000000000000000000000000000000000000000000000000000000000000000000000B9
:404800000000000000000000000000000000000000000000000000000000000000000000000000000000000000000000000000000000000000000000000000000000000078
:404840000000000000000000000000000000000000000000000000000000000000000000000000000000000000000000000000000000000000000000000000000000000038
:4048800000000000000000000000000000000000000000000000000000000000000000000000000000000000000000000000000000000000000000000000000000000000F8
:4048C00000000000000000000000000000000000000000000000000000000000000000000000000000000000000000000000000000000000000000000000000000000000B8
:404900000000000000000000000000000000000000000000000000000000000000000000000000000000000000000000000000000000000000000000000000000000000077
:404940000000000000000000000000000000000000000000000000000000000000000000000000000000000000000000000000000000000000000000000000000000000037
:4049800000000000000000000000000000000000000000000000000000000000000000000000000000000000000000000000000000000000000000000000000000000000F7
:4049C00000000000000000000000000000000000000000000000000000000000000000000000000000000000000000000000000000000000000000000000000000000000B7
:404A00000000000000000000000000000000000000000000000000000000000000000000000000000000000000000000000000000000000000000000000000000000000076
:404A40000000000000000000000000000000000000000000000000000000000000000000000000000000000000000000000000000000000000000000000000000000000036
:404A800000000000000000000000000000000000000000000000000000000000000000000000000000000000000000000000000000000000000000000000000000000000F6
:404AC00000000000000000000000000000000000000000000000000000000000000000000000000000000000000000000000000000000000000000000000000000000000B6
:404B00000000000000000000000000000000000000000000000000000000000000000000000000000000000000000000000000000000000000000000000000000000000075
:404B40000000000000000000000000000000000000000000000000000000000000000000000000000000000000000000000000000000000000000000000000000000000035
:404B800000000000000000000000000000000000000000000000000000000000000000000000000000000000000000000000000000000000000000000000000000000000F5
:404BC00000000000000000000000000000000000000000000000000000000000000000000000000000000000000000000000000000000000000000000000000000000000B5
:404C00000000000000000000000000000000000000000000000000000000000000000000000000000000000000000000000000000000000000000000000000000000000074
:404C40000000000000000000000000000000000000000000000000000000000000000000000000000000000000000000000000000000000000000000000000000000000034
:404C800000000000000000000000000000000000000000000000000000000000000000000000000000000000000000000000000000000000000000000000000000000000F4
:404CC00000000000000000000000000000000000000000000000000000000000000000000000000000000000000000000000000000000000000000000000000000000000B4
:404D00000000000000000000000000000000000000000000000000000000000000000000000000000000000000000000000000000000000000000000000000000000000073
:404D40000000000000000000000000000000000000000000000000000000000000000000000000000000000000000000000000000000000000000000000000000000000033
:404D800000000000000000000000000000000000000000000000000000000000000000000000000000000000000000000000000000000000000000000000000000000000F3
:404DC00000000000000000000000000000000000000000000000000000000000000000000000000000000000000000000000000000000000000000000000000000000000B3
:404E00000000000000000000000000000000000000000000000000000000000000000000000000000000000000000000000000000000000000000000000000000000000072
:404E40000000000000000000000000000000000000000000000000000000000000000000000000000000000000000000000000000000000000000000000000000000000032
:404E800000000000000000000000000000000000000000000000000000000000000000000000000000000000000000000000000000000000000000000000000000000000F2
:404EC00000000000000000000000000000000000000000000000000000000000000000000000000000000000000000000000000000000000000000000000000000000000B2
:404F00000000000000000000000000000000000000000000000000000000000000000000000000000000000000000000000000000000000000000000000000000000000071
:404F40000000000000000000000000000000000000000000000000000000000000000000000000000000000000000000000000000000000000000000000000000000000031
:404F800000000000000000000000000000000000000000000000000000000000000000000000000000000000000000000000000000000000000000000000000000000000F1
:404FC00000000000000000000000000000000000000000000000000000000000000000000000000000000000000000000000000000000000000000000000000000000000B1
:405000000000000000000000000000000000000000000000000000000000000000000000000000000000000000000000000000000000000000000000000000000000000070
:405040000000000000000000000000000000000000000000000000000000000000000000000000000000000000000000000000000000000000000000000000000000000030
:4050800000000000000000000000000000000000000000000000000000000000000000000000000000000000000000000000000000000000000000000000000000000000F0
:4050C00000000000000000000000000000000000000000000000000000000000000000000000000000000000000000000000000000000000000000000000000000000000B0
:40510000000000000000000000000000000000000000000000000000000000000000000000000000000000000000000000000000000000000000000000000000000000006F
:40514000000000000000000000000000000000000000000000000000000000000000000000000000000000000000000000000000000000000000000000000000000000002F
:4051800000000000000000000000000000000000000000000000000000000000000000000000000000000000000000000000000000000000000000000000000000000000EF
:4051C00000000000000000000000000000000000000000000000000000000000000000000000000000000000000000000000000000000000000000000000000000000000AF
:40520000000000000000000000000000000000000000000000000000000000000000000000000000000000000000000000000000000000000000000000000000000000006E
:40524000000000000000000000000000000000000000000000000000000000000000000000000000000000000000000000000000000000000000000000000000000000002E
:4052800000000000000000000000000000000000000000000000000000000000000000000000000000000000000000000000000000000000000000000000000000000000EE
:4052C00000000000000000000000000000000000000000000000000000000000000000000000000000000000000000000000000000000000000000000000000000000000AE
:40530000000000000000000000000000000000000000000000000000000000000000000000000000000000000000000000000000000000000000000000000000000000006D
:40534000000000000000000000000000000000000000000000000000000000000000000000000000000000000000000000000000000000000000000000000000000000002D
:4053800000000000000000000000000000000000000000000000000000000000000000000000000000000000000000000000000000000000000000000000000000000000ED
:4053C00000000000000000000000000000000000000000000000000000000000000000000000000000000000000000000000000000000000000000000000000000000000AD
:40540000000000000000000000000000000000000000000000000000000000000000000000000000000000000000000000000000000000000000000000000000000000006C
:40544000000000000000000000000000000000000000000000000000000000000000000000000000000000000000000000000000000000000000000000000000000000002C
:4054800000000000000000000000000000000000000000000000000000000000000000000000000000000000000000000000000000000000000000000000000000000000EC
:4054C00000000000000000000000000000000000000000000000000000000000000000000000000000000000000000000000000000000000000000000000000000000000AC
:40550000000000000000000000000000000000000000000000000000000000000000000000000000000000000000000000000000000000000000000000000000000000006B
:40554000000000000000000000000000000000000000000000000000000000000000000000000000000000000000000000000000000000000000000000000000000000002B
:4055800000000000000000000000000000000000000000000000000000000000000000000000000000000000000000000000000000000000000000000000000000000000EB
:4055C00000000000000000000000000000000000000000000000000000000000000000000000000000000000000000000000000000000000000000000000000000000000AB
:40560000000000000000000000000000000000000000000000000000000000000000000000000000000000000000000000000000000000000000000000000000000000006A
:40564000000000000000000000000000000000000000000000000000000000000000000000000000000000000000000000000000000000000000000000000000000000002A
:4056800000000000000000000000000000000000000000000000000000000000000000000000000000000000000000000000000000000000000000000000000000000000EA
:4056C00000000000000000000000000000000000000000000000000000000000000000000000000000000000000000000000000000000000000000000000000000000000AA
:405700000000000000000000000000000000000000000000000000000000000000000000000000000000000000000000000000000000000000000000000000000000000069
:405740000000000000000000000000000000000000000000000000000000000000000000000000000000000000000000000000000000000000000000000000000000000029
:4057800000000000000000000000000000000000000000000000000000000000000000000000000000000000000000000000000000000000000000000000000000000000E9
:4057C00000000000000000000000000000000000000000000000000000000000000000000000000000000000000000000000000000000000000000000000000000000000A9
:405800000000000000000000000000000000000000000000000000000000000000000000000000000000000000000000000000000000000000000000000000000000000068
:405840000000000000000000000000000000000000000000000000000000000000000000000000000000000000000000000000000000000000000000000000000000000028
:4058800000000000000000000000000000000000000000000000000000000000000000000000000000000000000000000000000000000000000000000000000000000000E8
:4058C00000000000000000000000000000000000000000000000000000000000000000000000000000000000000000000000000000000000000000000000000000000000A8
:405900000000000000000000000000000000000000000000000000000000000000000000000000000000000000000000000000000000000000000000000000000000000067
:405940000000000000000000000000000000000000000000000000000000000000000000000000000000000000000000000000000000000000000000000000000000000027
:4059800000000000000000000000000000000000000000000000000000000000000000000000000000000000000000000000000000000000000000000000000000000000E7
:4059C00000000000000000000000000000000000000000000000000000000000000000000000000000000000000000000000000000000000000000000000000000000000A7
:405A00000000000000000000000000000000000000000000000000000000000000000000000000000000000000000000000000000000000000000000000000000000000066
:405A40000000000000000000000000000000000000000000000000000000000000000000000000000000000000000000000000000000000000000000000000000000000026
:405A800000000000000000000000000000000000000000000000000000000000000000000000000000000000000000000000000000000000000000000000000000000000E6
:405AC00000000000000000000000000000000000000000000000000000000000000000000000000000000000000000000000000000000000000000000000000000000000A6
:405B00000000000000000000000000000000000000000000000000000000000000000000000000000000000000000000000000000000000000000000000000000000000065
:405B40000000000000000000000000000000000000000000000000000000000000000000000000000000000000000000000000000000000000000000000000000000000025
:405B800000000000000000000000000000000000000000000000000000000000000000000000000000000000000000000000000000000000000000000000000000000000E5
:405BC00000000000000000000000000000000000000000000000000000000000000000000000000000000000000000000000000000000000000000000000000000000000A5
:405C00000000000000000000000000000000000000000000000000000000000000000000000000000000000000000000000000000000000000000000000000000000000064
:405C40000000000000000000000000000000000000000000000000000000000000000000000000000000000000000000000000000000000000000000000000000000000024
:405C800000000000000000000000000000000000000000000000000000000000000000000000000000000000000000000000000000000000000000000000000000000000E4
:405CC00000000000000000000000000000000000000000000000000000000000000000000000000000000000000000000000000000000000000000000000000000000000A4
:405D00000000000000000000000000000000000000000000000000000000000000000000000000000000000000000000000000000000000000000000000000000000000063
:405D40000000000000000000000000000000000000000000000000000000000000000000000000000000000000000000000000000000000000000000000000000000000023
:405D800000000000000000000000000000000000000000000000000000000000000000000000000000000000000000000000000000000000000000000000000000000000E3
:405DC00000000000000000000000000000000000000000000000000000000000000000000000000000000000000000000000000000000000000000000000000000000000A3
:405E00000000000000000000000000000000000000000000000000000000000000000000000000000000000000000000000000000000000000000000000000000000000062
:405E40000000000000000000000000000000000000000000000000000000000000000000000000000000000000000000000000000000000000000000000000000000000022
:405E800000000000000000000000000000000000000000000000000000000000000000000000000000000000000000000000000000000000000000000000000000000000E2
:405EC00000000000000000000000000000000000000000000000000000000000000000000000000000000000000000000000000000000000000000000000000000000000A2
:405F00000000000000000000000000000000000000000000000000000000000000000000000000000000000000000000000000000000000000000000000000000000000061
:405F40000000000000000000000000000000000000000000000000000000000000000000000000000000000000000000000000000000000000000000000000000000000021
:405F800000000000000000000000000000000000000000000000000000000000000000000000000000000000000000000000000000000000000000000000000000000000E1
:405FC00000000000000000000000000000000000000000000000000000000000000000000000000000000000000000000000000000000000000000000000000000000000A1
:406000000000000000000000000000000000000000000000000000000000000000000000000000000000000000000000000000000000000000000000000000000000000060
:406040000000000000000000000000000000000000000000000000000000000000000000000000000000000000000000000000000000000000000000000000000000000020
:4060800000000000000000000000000000000000000000000000000000000000000000000000000000000000000000000000000000000000000000000000000000000000E0
:4060C00000000000000000000000000000000000000000000000000000000000000000000000000000000000000000000000000000000000000000000000000000000000A0
:40610000000000000000000000000000000000000000000000000000000000000000000000000000000000000000000000000000000000000000000000000000000000005F
:40614000000000000000000000000000000000000000000000000000000000000000000000000000000000000000000000000000000000000000000000000000000000001F
:4061800000000000000000000000000000000000000000000000000000000000000000000000000000000000000000000000000000000000000000000000000000000000DF
:4061C000000000000000000000000000000000000000000000000000000000000000000000000000000000000000000000000000000000000000000000000000000000009F
:40620000000000000000000000000000000000000000000000000000000000000000000000000000000000000000000000000000000000000000000000000000000000005E
:40624000000000000000000000000000000000000000000000000000000000000000000000000000000000000000000000000000000000000000000000000000000000001E
:4062800000000000000000000000000000000000000000000000000000000000000000000000000000000000000000000000000000000000000000000000000000000000DE
:4062C000000000000000000000000000000000000000000000000000000000000000000000000000000000000000000000000000000000000000000000000000000000009E
:40630000000000000000000000000000000000000000000000000000000000000000000000000000000000000000000000000000000000000000000000000000000000005D
:40634000000000000000000000000000000000000000000000000000000000000000000000000000000000000000000000000000000000000000000000000000000000001D
:4063800000000000000000000000000000000000000000000000000000000000000000000000000000000000000000000000000000000000000000000000000000000000DD
:4063C000000000000000000000000000000000000000000000000000000000000000000000000000000000000000000000000000000000000000000000000000000000009D
:40640000000000000000000000000000000000000000000000000000000000000000000000000000000000000000000000000000000000000000000000000000000000005C
:40644000000000000000000000000000000000000000000000000000000000000000000000000000000000000000000000000000000000000000000000000000000000001C
:4064800000000000000000000000000000000000000000000000000000000000000000000000000000000000000000000000000000000000000000000000000000000000DC
:4064C000000000000000000000000000000000000000000000000000000000000000000000000000000000000000000000000000000000000000000000000000000000009C
:40650000000000000000000000000000000000000000000000000000000000000000000000000000000000000000000000000000000000000000000000000000000000005B
:40654000000000000000000000000000000000000000000000000000000000000000000000000000000000000000000000000000000000000000000000000000000000001B
:4065800000000000000000000000000000000000000000000000000000000000000000000000000000000000000000000000000000000000000000000000000000000000DB
:4065C000000000000000000000000000000000000000000000000000000000000000000000000000000000000000000000000000000000000000000000000000000000009B
:40660000000000000000000000000000000000000000000000000000000000000000000000000000000000000000000000000000000000000000000000000000000000005A
:40664000000000000000000000000000000000000000000000000000000000000000000000000000000000000000000000000000000000000000000000000000000000001A
:4066800000000000000000000000000000000000000000000000000000000000000000000000000000000000000000000000000000000000000000000000000000000000DA
:4066C000000000000000000000000000000000000000000000000000000000000000000000000000000000000000000000000000000000000000000000000000000000009A
:406700000000000000000000000000000000000000000000000000000000000000000000000000000000000000000000000000000000000000000000000000000000000059
:406740000000000000000000000000000000000000000000000000000000000000000000000000000000000000000000000000000000000000000000000000000000000019
:4067800000000000000000000000000000000000000000000000000000000000000000000000000000000000000000000000000000000000000000000000000000000000D9
:4067C0000000000000000000000000000000000000000000000000000000000000000000000000000000000000000000000000000000000000000000000000000000000099
:406800000000000000000000000000000000000000000000000000000000000000000000000000000000000000000000000000000000000000000000000000000000000058
:406840000000000000000000000000000000000000000000000000000000000000000000000000000000000000000000000000000000000000000000000000000000000018
:4068800000000000000000000000000000000000000000000000000000000000000000000000000000000000000000000000000000000000000000000000000000000000D8
:4068C0000000000000000000000000000000000000000000000000000000000000000000000000000000000000000000000000000000000000000000000000000000000098
:406900000000000000000000000000000000000000000000000000000000000000000000000000000000000000000000000000000000000000000000000000000000000057
:406940000000000000000000000000000000000000000000000000000000000000000000000000000000000000000000000000000000000000000000000000000000000017
:4069800000000000000000000000000000000000000000000000000000000000000000000000000000000000000000000000000000000000000000000000000000000000D7
:4069C0000000000000000000000000000000000000000000000000000000000000000000000000000000000000000000000000000000000000000000000000000000000097
:406A00000000000000000000000000000000000000000000000000000000000000000000000000000000000000000000000000000000000000000000000000000000000056
:406A40000000000000000000000000000000000000000000000000000000000000000000000000000000000000000000000000000000000000000000000000000000000016
:406A800000000000000000000000000000000000000000000000000000000000000000000000000000000000000000000000000000000000000000000000000000000000D6
:406AC0000000000000000000000000000000000000000000000000000000000000000000000000000000000000000000000000000000000000000000000000000000000096
:406B00000000000000000000000000000000000000000000000000000000000000000000000000000000000000000000000000000000000000000000000000000000000055
:406B40000000000000000000000000000000000000000000000000000000000000000000000000000000000000000000000000000000000000000000000000000000000015
:406B800000000000000000000000000000000000000000000000000000000000000000000000000000000000000000000000000000000000000000000000000000000000D5
:406BC0000000000000000000000000000000000000000000000000000000000000000000000000000000000000000000000000000000000000000000000000000000000095
:406C00000000000000000000000000000000000000000000000000000000000000000000000000000000000000000000000000000000000000000000000000000000000054
:406C40000000000000000000000000000000000000000000000000000000000000000000000000000000000000000000000000000000000000000000000000000000000014
:406C800000000000000000000000000000000000000000000000000000000000000000000000000000000000000000000000000000000000000000000000000000000000D4
:406CC0000000000000000000000000000000000000000000000000000000000000000000000000000000000000000000000000000000000000000000000000000000000094
:406D00000000000000000000000000000000000000000000000000000000000000000000000000000000000000000000000000000000000000000000000000000000000053
:406D40000000000000000000000000000000000000000000000000000000000000000000000000000000000000000000000000000000000000000000000000000000000013
:406D800000000000000000000000000000000000000000000000000000000000000000000000000000000000000000000000000000000000000000000000000000000000D3
:406DC0000000000000000000000000000000000000000000000000000000000000000000000000000000000000000000000000000000000000000000000000000000000093
:406E00000000000000000000000000000000000000000000000000000000000000000000000000000000000000000000000000000000000000000000000000000000000052
:406E40000000000000000000000000000000000000000000000000000000000000000000000000000000000000000000000000000000000000000000000000000000000012
:406E800000000000000000000000000000000000000000000000000000000000000000000000000000000000000000000000000000000000000000000000000000000000D2
:406EC0000000000000000000000000000000000000000000000000000000000000000000000000000000000000000000000000000000000000000000000000000000000092
:406F00000000000000000000000000000000000000000000000000000000000000000000000000000000000000000000000000000000000000000000000000000000000051
:406F40000000000000000000000000000000000000000000000000000000000000000000000000000000000000000000000000000000000000000000000000000000000011
:406F800000000000000000000000000000000000000000000000000000000000000000000000000000000000000000000000000000000000000000000000000000000000D1
:406FC0000000000000000000000000000000000000000000000000000000000000000000000000000000000000000000000000000000000000000000000000000000000091
:407000000000000000000000000000000000000000000000000000000000000000000000000000000000000000000000000000000000000000000000000000000000000050
:407040000000000000000000000000000000000000000000000000000000000000000000000000000000000000000000000000000000000000000000000000000000000010
:4070800000000000000000000000000000000000000000000000000000000000000000000000000000000000000000000000000000000000000000000000000000000000D0
:4070C0000000000000000000000000000000000000000000000000000000000000000000000000000000000000000000000000000000000000000000000000000000000090
:40710000000000000000000000000000000000000000000000000000000000000000000000000000000000000000000000000000000000000000000000000000000000004F
:40714000000000000000000000000000000000000000000000000000000000000000000000000000000000000000000000000000000000000000000000000000000000000F
:4071800000000000000000000000000000000000000000000000000000000000000000000000000000000000000000000000000000000000000000000000000000000000CF
:4071C000000000000000000000000000000000000000000000000000000000000000000000000000000000000000000000000000000000000000000000000000000000008F
:40720000000000000000000000000000000000000000000000000000000000000000000000000000000000000000000000000000000000000000000000000000000000004E
:40724000000000000000000000000000000000000000000000000000000000000000000000000000000000000000000000000000000000000000000000000000000000000E
:4072800000000000000000000000000000000000000000000000000000000000000000000000000000000000000000000000000000000000000000000000000000000000CE
:4072C000000000000000000000000000000000000000000000000000000000000000000000000000000000000000000000000000000000000000000000000000000000008E
:40730000000000000000000000000000000000000000000000000000000000000000000000000000000000000000000000000000000000000000000000000000000000004D
:40734000000000000000000000000000000000000000000000000000000000000000000000000000000000000000000000000000000000000000000000000000000000000D
:4073800000000000000000000000000000000000000000000000000000000000000000000000000000000000000000000000000000000000000000000000000000000000CD
:4073C000000000000000000000000000000000000000000000000000000000000000000000000000000000000000000000000000000000000000000000000000000000008D
:40740000000000000000000000000000000000000000000000000000000000000000000000000000000000000000000000000000000000000000000000000000000000004C
:40744000000000000000000000000000000000000000000000000000000000000000000000000000000000000000000000000000000000000000000000000000000000000C
:4074800000000000000000000000000000000000000000000000000000000000000000000000000000000000000000000000000000000000000000000000000000000000CC
:4074C000000000000000000000000000000000000000000000000000000000000000000000000000000000000000000000000000000000000000000000000000000000008C
:40750000000000000000000000000000000000000000000000000000000000000000000000000000000000000000000000000000000000000000000000000000000000004B
:40754000000000000000000000000000000000000000000000000000000000000000000000000000000000000000000000000000000000000000000000000000000000000B
:4075800000000000000000000000000000000000000000000000000000000000000000000000000000000000000000000000000000000000000000000000000000000000CB
:4075C000000000000000000000000000000000000000000000000000000000000000000000000000000000000000000000000000000000000000000000000000000000008B
:40760000000000000000000000000000000000000000000000000000000000000000000000000000000000000000000000000000000000000000000000000000000000004A
:40764000000000000000000000000000000000000000000000000000000000000000000000000000000000000000000000000000000000000000000000000000000000000A
:4076800000000000000000000000000000000000000000000000000000000000000000000000000000000000000000000000000000000000000000000000000000000000CA
:4076C000000000000000000000000000000000000000000000000000000000000000000000000000000000000000000000000000000000000000000000000000000000008A
:407700000000000000000000000000000000000000000000000000000000000000000000000000000000000000000000000000000000000000000000000000000000000049
:407740000000000000000000000000000000000000000000000000000000000000000000000000000000000000000000000000000000000000000000000000000000000009
:4077800000000000000000000000000000000000000000000000000000000000000000000000000000000000000000000000000000000000000000000000000000000000C9
:4077C0000000000000000000000000000000000000000000000000000000000000000000000000000000000000000000000000000000000000000000000000000000000089
:407800000000000000000000000000000000000000000000000000000000000000000000000000000000000000000000000000000000000000000000000000000000000048
:407840000000000000000000000000000000000000000000000000000000000000000000000000000000000000000000000000000000000000000000000000000000000008
:4078800000000000000000000000000000000000000000000000000000000000000000000000000000000000000000000000000000000000000000000000000000000000C8
:4078C0000000000000000000000000000000000000000000000000000000000000000000000000000000000000000000000000000000000000000000000000000000000088
:407900000000000000000000000000000000000000000000000000000000000000000000000000000000000000000000000000000000000000000000000000000000000047
:407940000000000000000000000000000000000000000000000000000000000000000000000000000000000000000000000000000000000000000000000000000000000007
:4079800000000000000000000000000000000000000000000000000000000000000000000000000000000000000000000000000000000000000000000000000000000000C7
:4079C0000000000000000000000000000000000000000000000000000000000000000000000000000000000000000000000000000000000000000000000000000000000087
:407A00000000000000000000000000000000000000000000000000000000000000000000000000000000000000000000000000000000000000000000000000000000000046
:407A40000000000000000000000000000000000000000000000000000000000000000000000000000000000000000000000000000000000000000000000000000000000006
:407A800000000000000000000000000000000000000000000000000000000000000000000000000000000000000000000000000000000000000000000000000000000000C6
:407AC0000000000000000000000000000000000000000000000000000000000000000000000000000000000000000000000000000000000000000000000000000000000086
:407B00000000000000000000000000000000000000000000000000000000000000000000000000000000000000000000000000000000000000000000000000000000000045
:407B40000000000000000000000000000000000000000000000000000000000000000000000000000000000000000000000000000000000000000000000000000000000005
:407B800000000000000000000000000000000000000000000000000000000000000000000000000000000000000000000000000000000000000000000000000000000000C5
:407BC0000000000000000000000000000000000000000000000000000000000000000000000000000000000000000000000000000000000000000000000000000000000085
:407C00000000000000000000000000000000000000000000000000000000000000000000000000000000000000000000000000000000000000000000000000000000000044
:407C40000000000000000000000000000000000000000000000000000000000000000000000000000000000000000000000000000000000000000000000000000000000004
:407C800000000000000000000000000000000000000000000000000000000000000000000000000000000000000000000000000000000000000000000000000000000000C4
:407CC0000000000000000000000000000000000000000000000000000000000000000000000000000000000000000000000000000000000000000000000000000000000084
:407D00000000000000000000000000000000000000000000000000000000000000000000000000000000000000000000000000000000000000000000000000000000000043
:407D40000000000000000000000000000000000000000000000000000000000000000000000000000000000000000000000000000000000000000000000000000000000003
:407D800000000000000000000000000000000000000000000000000000000000000000000000000000000000000000000000000000000000000000000000000000000000C3
:407DC0000000000000000000000000000000000000000000000000000000000000000000000000000000000000000000000000000000000000000000000000000000000083
:407E00000000000000000000000000000000000000000000000000000000000000000000000000000000000000000000000000000000000000000000000000000000000042
:407E40000000000000000000000000000000000000000000000000000000000000000000000000000000000000000000000000000000000000000000000000000000000002
:407E800000000000000000000000000000000000000000000000000000000000000000000000000000000000000000000000000000000000000000000000000000000000C2
:407EC0000000000000000000000000000000000000000000000000000000000000000000000000000000000000000000000000000000000000000000000000000000000082
:407F00000000000000000000000000000000000000000000000000000000000000000000000000000000000000000000000000000000000000000000000000000000000041
:407F40000000000000000000000000000000000000000000000000000000000000000000000000000000000000000000000000000000000000000000000000000000000001
:407F800000000000000000000000000000000000000000000000000000000000000000000000000000000000000000000000000000000000000000000000000000000000C1
:407FC0000000000000000000000000000000000000000000000000000000000000000000000000000000000000000000000000000000000000000000000000000000000081
:408000000000000000000000000000000000000000000000000000000000000000000000000000000000000000000000000000000000000000000000000000000000000040
:408040000000000000000000000000000000000000000000000000000000000000000000000000000000000000000000000000000000000000000000000000000000000000
:4080800000000000000000000000000000000000000000000000000000000000000000000000000000000000000000000000000000000000000000000000000000000000C0
:4080C0000000000000000000000000000000000000000000000000000000000000000000000000000000000000000000000000000000000000000000000000000000000080
:40810000000000000000000000000000000000000000000000000000000000000000000000000000000000000000000000000000000000000000000000000000000000003F
:4081400000000000000000000000000000000000000000000000000000000000000000000000000000000000000000000000000000000000000000000000000000000000FF
:4081800000000000000000000000000000000000000000000000000000000000000000000000000000000000000000000000000000000000000000000000000000000000BF
:4081C000000000000000000000000000000000000000000000000000000000000000000000000000000000000000000000000000000000000000000000000000000000007F
:40820000000000000000000000000000000000000000000000000000000000000000000000000000000000000000000000000000000000000000000000000000000000003E
:4082400000000000000000000000000000000000000000000000000000000000000000000000000000000000000000000000000000000000000000000000000000000000FE
:4082800000000000000000000000000000000000000000000000000000000000000000000000000000000000000000000000000000000000000000000000000000000000BE
:4082C000000000000000000000000000000000000000000000000000000000000000000000000000000000000000000000000000000000000000000000000000000000007E
:40830000000000000000000000000000000000000000000000000000000000000000000000000000000000000000000000000000000000000000000000000000000000003D
:4083400000000000000000000000000000000000000000000000000000000000000000000000000000000000000000000000000000000000000000000000000000000000FD
:4083800000000000000000000000000000000000000000000000000000000000000000000000000000000000000000000000000000000000000000000000000000000000BD
:4083C000000000000000000000000000000000000000000000000000000000000000000000000000000000000000000000000000000000000000000000000000000000007D
:40840000000000000000000000000000000000000000000000000000000000000000000000000000000000000000000000000000000000000000000000000000000000003C
:4084400000000000000000000000000000000000000000000000000000000000000000000000000000000000000000000000000000000000000000000000000000000000FC
:4084800000000000000000000000000000000000000000000000000000000000000000000000000000000000000000000000000000000000000000000000000000000000BC
:4084C000000000000000000000000000000000000000000000000000000000000000000000000000000000000000000000000000000000000000000000000000000000007C
:40850000000000000000000000000000000000000000000000000000000000000000000000000000000000000000000000000000000000000000000000000000000000003B
:4085400000000000000000000000000000000000000000000000000000000000000000000000000000000000000000000000000000000000000000000000000000000000FB
:4085800000000000000000000000000000000000000000000000000000000000000000000000000000000000000000000000000000000000000000000000000000000000BB
:4085C000000000000000000000000000000000000000000000000000000000000000000000000000000000000000000000000000000000000000000000000000000000007B
:40860000000000000000000000000000000000000000000000000000000000000000000000000000000000000000000000000000000000000000000000000000000000003A
:4086400000000000000000000000000000000000000000000000000000000000000000000000000000000000000000000000000000000000000000000000000000000000FA
:4086800000000000000000000000000000000000000000000000000000000000000000000000000000000000000000000000000000000000000000000000000000000000BA
:4086C000000000000000000000000000000000000000000000000000000000000000000000000000000000000000000000000000000000000000000000000000000000007A
:408700000000000000000000000000000000000000000000000000000000000000000000000000000000000000000000000000000000000000000000000000000000000039
:4087400000000000000000000000000000000000000000000000000000000000000000000000000000000000000000000000000000000000000000000000000000000000F9
:4087800000000000000000000000000000000000000000000000000000000000000000000000000000000000000000000000000000000000000000000000000000000000B9
:4087C0000000000000000000000000000000000000000000000000000000000000000000000000000000000000000000000000000000000000000000000000000000000079
:408800000000000000000000000000000000000000000000000000000000000000000000000000000000000000000000000000000000000000000000000000000000000038
:4088400000000000000000000000000000000000000000000000000000000000000000000000000000000000000000000000000000000000000000000000000000000000F8
:4088800000000000000000000000000000000000000000000000000000000000000000000000000000000000000000000000000000000000000000000000000000000000B8
:4088C0000000000000000000000000000000000000000000000000000000000000000000000000000000000000000000000000000000000000000000000000000000000078
:408900000000000000000000000000000000000000000000000000000000000000000000000000000000000000000000000000000000000000000000000000000000000037
:4089400000000000000000000000000000000000000000000000000000000000000000000000000000000000000000000000000000000000000000000000000000000000F7
:4089800000000000000000000000000000000000000000000000000000000000000000000000000000000000000000000000000000000000000000000000000000000000B7
:4089C0000000000000000000000000000000000000000000000000000000000000000000000000000000000000000000000000000000000000000000000000000000000077
:408A00000000000000000000000000000000000000000000000000000000000000000000000000000000000000000000000000000000000000000000000000000000000036
:408A400000000000000000000000000000000000000000000000000000000000000000000000000000000000000000000000000000000000000000000000000000000000F6
:408A800000000000000000000000000000000000000000000000000000000000000000000000000000000000000000000000000000000000000000000000000000000000B6
:408AC0000000000000000000000000000000000000000000000000000000000000000000000000000000000000000000000000000000000000000000000000000000000076
:408B00000000000000000000000000000000000000000000000000000000000000000000000000000000000000000000000000000000000000000000000000000000000035
:408B400000000000000000000000000000000000000000000000000000000000000000000000000000000000000000000000000000000000000000000000000000000000F5
:408B800000000000000000000000000000000000000000000000000000000000000000000000000000000000000000000000000000000000000000000000000000000000B5
:408BC0000000000000000000000000000000000000000000000000000000000000000000000000000000000000000000000000000000000000000000000000000000000075
:408C00000000000000000000000000000000000000000000000000000000000000000000000000000000000000000000000000000000000000000000000000000000000034
:408C400000000000000000000000000000000000000000000000000000000000000000000000000000000000000000000000000000000000000000000000000000000000F4
:408C800000000000000000000000000000000000000000000000000000000000000000000000000000000000000000000000000000000000000000000000000000000000B4
:408CC0000000000000000000000000000000000000000000000000000000000000000000000000000000000000000000000000000000000000000000000000000000000074
:408D00000000000000000000000000000000000000000000000000000000000000000000000000000000000000000000000000000000000000000000000000000000000033
:408D400000000000000000000000000000000000000000000000000000000000000000000000000000000000000000000000000000000000000000000000000000000000F3
:408D800000000000000000000000000000000000000000000000000000000000000000000000000000000000000000000000000000000000000000000000000000000000B3
:408DC0000000000000000000000000000000000000000000000000000000000000000000000000000000000000000000000000000000000000000000000000000000000073
:408E00000000000000000000000000000000000000000000000000000000000000000000000000000000000000000000000000000000000000000000000000000000000032
:408E400000000000000000000000000000000000000000000000000000000000000000000000000000000000000000000000000000000000000000000000000000000000F2
:408E800000000000000000000000000000000000000000000000000000000000000000000000000000000000000000000000000000000000000000000000000000000000B2
:408EC0000000000000000000000000000000000000000000000000000000000000000000000000000000000000000000000000000000000000000000000000000000000072
:408F00000000000000000000000000000000000000000000000000000000000000000000000000000000000000000000000000000000000000000000000000000000000031
:408F400000000000000000000000000000000000000000000000000000000000000000000000000000000000000000000000000000000000000000000000000000000000F1
:408F800000000000000000000000000000000000000000000000000000000000000000000000000000000000000000000000000000000000000000000000000000000000B1
:408FC0000000000000000000000000000000000000000000000000000000000000000000000000000000000000000000000000000000000000000000000000000000000071
:409000000000000000000000000000000000000000000000000000000000000000000000000000000000000000000000000000000000000000000000000000000000000030
:4090400000000000000000000000000000000000000000000000000000000000000000000000000000000000000000000000000000000000000000000000000000000000F0
:4090800000000000000000000000000000000000000000000000000000000000000000000000000000000000000000000000000000000000000000000000000000000000B0
:4090C0000000000000000000000000000000000000000000000000000000000000000000000000000000000000000000000000000000000000000000000000000000000070
:40910000000000000000000000000000000000000000000000000000000000000000000000000000000000000000000000000000000000000000000000000000000000002F
:4091400000000000000000000000000000000000000000000000000000000000000000000000000000000000000000000000000000000000000000000000000000000000EF
:4091800000000000000000000000000000000000000000000000000000000000000000000000000000000000000000000000000000000000000000000000000000000000AF
:4091C000000000000000000000000000000000000000000000000000000000000000000000000000000000000000000000000000000000000000000000000000000000006F
:40920000000000000000000000000000000000000000000000000000000000000000000000000000000000000000000000000000000000000000000000000000000000002E
:4092400000000000000000000000000000000000000000000000000000000000000000000000000000000000000000000000000000000000000000000000000000000000EE
:4092800000000000000000000000000000000000000000000000000000000000000000000000000000000000000000000000000000000000000000000000000000000000AE
:4092C000000000000000000000000000000000000000000000000000000000000000000000000000000000000000000000000000000000000000000000000000000000006E
:40930000000000000000000000000000000000000000000000000000000000000000000000000000000000000000000000000000000000000000000000000000000000002D
:4093400000000000000000000000000000000000000000000000000000000000000000000000000000000000000000000000000000000000000000000000000000000000ED
:4093800000000000000000000000000000000000000000000000000000000000000000000000000000000000000000000000000000000000000000000000000000000000AD
:4093C000000000000000000000000000000000000000000000000000000000000000000000000000000000000000000000000000000000000000000000000000000000006D
:40940000000000000000000000000000000000000000000000000000000000000000000000000000000000000000000000000000000000000000000000000000000000002C
:4094400000000000000000000000000000000000000000000000000000000000000000000000000000000000000000000000000000000000000000000000000000000000EC
:4094800000000000000000000000000000000000000000000000000000000000000000000000000000000000000000000000000000000000000000000000000000000000AC
:4094C000000000000000000000000000000000000000000000000000000000000000000000000000000000000000000000000000000000000000000000000000000000006C
:40950000000000000000000000000000000000000000000000000000000000000000000000000000000000000000000000000000000000000000000000000000000000002B
:4095400000000000000000000000000000000000000000000000000000000000000000000000000000000000000000000000000000000000000000000000000000000000EB
:4095800000000000000000000000000000000000000000000000000000000000000000000000000000000000000000000000000000000000000000000000000000000000AB
:4095C000000000000000000000000000000000000000000000000000000000000000000000000000000000000000000000000000000000000000000000000000000000006B
:40960000000000000000000000000000000000000000000000000000000000000000000000000000000000000000000000000000000000000000000000000000000000002A
:4096400000000000000000000000000000000000000000000000000000000000000000000000000000000000000000000000000000000000000000000000000000000000EA
:4096800000000000000000000000000000000000000000000000000000000000000000000000000000000000000000000000000000000000000000000000000000000000AA
:4096C000000000000000000000000000000000000000000000000000000000000000000000000000000000000000000000000000000000000000000000000000000000006A
:409700000000000000000000000000000000000000000000000000000000000000000000000000000000000000000000000000000000000000000000000000000000000029
:4097400000000000000000000000000000000000000000000000000000000000000000000000000000000000000000000000000000000000000000000000000000000000E9
:4097800000000000000000000000000000000000000000000000000000000000000000000000000000000000000000000000000000000000000000000000000000000000A9
:4097C0000000000000000000000000000000000000000000000000000000000000000000000000000000000000000000000000000000000000000000000000000000000069
:409800000000000000000000000000000000000000000000000000000000000000000000000000000000000000000000000000000000000000000000000000000000000028
:4098400000000000000000000000000000000000000000000000000000000000000000000000000000000000000000000000000000000000000000000000000000000000E8
:4098800000000000000000000000000000000000000000000000000000000000000000000000000000000000000000000000000000000000000000000000000000000000A8
:4098C0000000000000000000000000000000000000000000000000000000000000000000000000000000000000000000000000000000000000000000000000000000000068
:409900000000000000000000000000000000000000000000000000000000000000000000000000000000000000000000000000000000000000000000000000000000000027
:4099400000000000000000000000000000000000000000000000000000000000000000000000000000000000000000000000000000000000000000000000000000000000E7
:4099800000000000000000000000000000000000000000000000000000000000000000000000000000000000000000000000000000000000000000000000000000000000A7
:4099C0000000000000000000000000000000000000000000000000000000000000000000000000000000000000000000000000000000000000000000000000000000000067
:409A00000000000000000000000000000000000000000000000000000000000000000000000000000000000000000000000000000000000000000000000000000000000026
:409A400000000000000000000000000000000000000000000000000000000000000000000000000000000000000000000000000000000000000000000000000000000000E6
:409A800000000000000000000000000000000000000000000000000000000000000000000000000000000000000000000000000000000000000000000000000000000000A6
:409AC0000000000000000000000000000000000000000000000000000000000000000000000000000000000000000000000000000000000000000000000000000000000066
:409B00000000000000000000000000000000000000000000000000000000000000000000000000000000000000000000000000000000000000000000000000000000000025
:409B400000000000000000000000000000000000000000000000000000000000000000000000000000000000000000000000000000000000000000000000000000000000E5
:409B800000000000000000000000000000000000000000000000000000000000000000000000000000000000000000000000000000000000000000000000000000000000A5
:409BC0000000000000000000000000000000000000000000000000000000000000000000000000000000000000000000000000000000000000000000000000000000000065
:409C00000000000000000000000000000000000000000000000000000000000000000000000000000000000000000000000000000000000000000000000000000000000024
:409C400000000000000000000000000000000000000000000000000000000000000000000000000000000000000000000000000000000000000000000000000000000000E4
:409C800000000000000000000000000000000000000000000000000000000000000000000000000000000000000000000000000000000000000000000000000000000000A4
:409CC0000000000000000000000000000000000000000000000000000000000000000000000000000000000000000000000000000000000000000000000000000000000064
:409D00000000000000000000000000000000000000000000000000000000000000000000000000000000000000000000000000000000000000000000000000000000000023
:409D400000000000000000000000000000000000000000000000000000000000000000000000000000000000000000000000000000000000000000000000000000000000E3
:409D800000000000000000000000000000000000000000000000000000000000000000000000000000000000000000000000000000000000000000000000000000000000A3
:409DC0000000000000000000000000000000000000000000000000000000000000000000000000000000000000000000000000000000000000000000000000000000000063
:409E00000000000000000000000000000000000000000000000000000000000000000000000000000000000000000000000000000000000000000000000000000000000022
:409E400000000000000000000000000000000000000000000000000000000000000000000000000000000000000000000000000000000000000000000000000000000000E2
:409E800000000000000000000000000000000000000000000000000000000000000000000000000000000000000000000000000000000000000000000000000000000000A2
:409EC0000000000000000000000000000000000000000000000000000000000000000000000000000000000000000000000000000000000000000000000000000000000062
:409F00000000000000000000000000000000000000000000000000000000000000000000000000000000000000000000000000000000000000000000000000000000000021
:409F400000000000000000000000000000000000000000000000000000000000000000000000000000000000000000000000000000000000000000000000000000000000E1
:409F800000000000000000000000000000000000000000000000000000000000000000000000000000000000000000000000000000000000000000000000000000000000A1
:409FC0000000000000000000000000000000000000000000000000000000000000000000000000000000000000000000000000000000000000000000000000000000000061
:40A000000000000000000000000000000000000000000000000000000000000000000000000000000000000000000000000000000000000000000000000000000000000020
:40A0400000000000000000000000000000000000000000000000000000000000000000000000000000000000000000000000000000000000000000000000000000000000E0
:40A0800000000000000000000000000000000000000000000000000000000000000000000000000000000000000000000000000000000000000000000000000000000000A0
:40A0C0000000000000000000000000000000000000000000000000000000000000000000000000000000000000000000000000000000000000000000000000000000000060
:40A10000000000000000000000000000000000000000000000000000000000000000000000000000000000000000000000000000000000000000000000000000000000001F
:40A1400000000000000000000000000000000000000000000000000000000000000000000000000000000000000000000000000000000000000000000000000000000000DF
:40A18000000000000000000000000000000000000000000000000000000000000000000000000000000000000000000000000000000000000000000000000000000000009F
:40A1C000000000000000000000000000000000000000000000000000000000000000000000000000000000000000000000000000000000000000000000000000000000005F
:40A20000000000000000000000000000000000000000000000000000000000000000000000000000000000000000000000000000000000000000000000000000000000001E
:40A2400000000000000000000000000000000000000000000000000000000000000000000000000000000000000000000000000000000000000000000000000000000000DE
:40A28000000000000000000000000000000000000000000000000000000000000000000000000000000000000000000000000000000000000000000000000000000000009E
:40A2C000000000000000000000000000000000000000000000000000000000000000000000000000000000000000000000000000000000000000000000000000000000005E
:40A30000000000000000000000000000000000000000000000000000000000000000000000000000000000000000000000000000000000000000000000000000000000001D
:40A3400000000000000000000000000000000000000000000000000000000000000000000000000000000000000000000000000000000000000000000000000000000000DD
:40A38000000000000000000000000000000000000000000000000000000000000000000000000000000000000000000000000000000000000000000000000000000000009D
:40A3C000000000000000000000000000000000000000000000000000000000000000000000000000000000000000000000000000000000000000000000000000000000005D
:40A40000000000000000000000000000000000000000000000000000000000000000000000000000000000000000000000000000000000000000000000000000000000001C
:40A4400000000000000000000000000000000000000000000000000000000000000000000000000000000000000000000000000000000000000000000000000000000000DC
:40A48000000000000000000000000000000000000000000000000000000000000000000000000000000000000000000000000000000000000000000000000000000000009C
:40A4C000000000000000000000000000000000000000000000000000000000000000000000000000000000000000000000000000000000000000000000000000000000005C
:40A50000000000000000000000000000000000000000000000000000000000000000000000000000000000000000000000000000000000000000000000000000000000001B
:40A5400000000000000000000000000000000000000000000000000000000000000000000000000000000000000000000000000000000000000000000000000000000000DB
:40A58000000000000000000000000000000000000000000000000000000000000000000000000000000000000000000000000000000000000000000000000000000000009B
:40A5C000000000000000000000000000000000000000000000000000000000000000000000000000000000000000000000000000000000000000000000000000000000005B
:40A60000000000000000000000000000000000000000000000000000000000000000000000000000000000000000000000000000000000000000000000000000000000001A
:40A6400000000000000000000000000000000000000000000000000000000000000000000000000000000000000000000000000000000000000000000000000000000000DA
:40A68000000000000000000000000000000000000000000000000000000000000000000000000000000000000000000000000000000000000000000000000000000000009A
:40A6C000000000000000000000000000000000000000000000000000000000000000000000000000000000000000000000000000000000000000000000000000000000005A
:40A700000000000000000000000000000000000000000000000000000000000000000000000000000000000000000000000000000000000000000000000000000000000019
:40A7400000000000000000000000000000000000000000000000000000000000000000000000000000000000000000000000000000000000000000000000000000000000D9
:40A780000000000000000000000000000000000000000000000000000000000000000000000000000000000000000000000000000000000000000000000000000000000099
:40A7C0000000000000000000000000000000000000000000000000000000000000000000000000000000000000000000000000000000000000000000000000000000000059
:40A800000000000000000000000000000000000000000000000000000000000000000000000000000000000000000000000000000000000000000000000000000000000018
:40A8400000000000000000000000000000000000000000000000000000000000000000000000000000000000000000000000000000000000000000000000000000000000D8
:40A880000000000000000000000000000000000000000000000000000000000000000000000000000000000000000000000000000000000000000000000000000000000098
:40A8C0000000000000000000000000000000000000000000000000000000000000000000000000000000000000000000000000000000000000000000000000000000000058
:40A900000000000000000000000000000000000000000000000000000000000000000000000000000000000000000000000000000000000000000000000000000000000017
:40A9400000000000000000000000000000000000000000000000000000000000000000000000000000000000000000000000000000000000000000000000000000000000D7
:40A980000000000000000000000000000000000000000000000000000000000000000000000000000000000000000000000000000000000000000000000000000000000097
:40A9C0000000000000000000000000000000000000000000000000000000000000000000000000000000000000000000000000000000000000000000000000000000000057
:40AA00000000000000000000000000000000000000000000000000000000000000000000000000000000000000000000000000000000000000000000000000000000000016
:40AA400000000000000000000000000000000000000000000000000000000000000000000000000000000000000000000000000000000000000000000000000000000000D6
:40AA80000000000000000000000000000000000000000000000000000000000000000000000000000000000000000000000000000000000000000000000000000000000096
:40AAC0000000000000000000000000000000000000000000000000000000000000000000000000000000000000000000000000000000000000000000000000000000000056
:40AB00000000000000000000000000000000000000000000000000000000000000000000000000000000000000000000000000000000000000000000000000000000000015
:40AB400000000000000000000000000000000000000000000000000000000000000000000000000000000000000000000000000000000000000000000000000000000000D5
:40AB80000000000000000000000000000000000000000000000000000000000000000000000000000000000000000000000000000000000000000000000000000000000095
:40ABC0000000000000000000000000000000000000000000000000000000000000000000000000000000000000000000000000000000000000000000000000000000000055
:40AC00000000000000000000000000000000000000000000000000000000000000000000000000000000000000000000000000000000000000000000000000000000000014
:40AC400000000000000000000000000000000000000000000000000000000000000000000000000000000000000000000000000000000000000000000000000000000000D4
:40AC80000000000000000000000000000000000000000000000000000000000000000000000000000000000000000000000000000000000000000000000000000000000094
:40ACC0000000000000000000000000000000000000000000000000000000000000000000000000000000000000000000000000000000000000000000000000000000000054
:40AD00000000000000000000000000000000000000000000000000000000000000000000000000000000000000000000000000000000000000000000000000000000000013
:40AD400000000000000000000000000000000000000000000000000000000000000000000000000000000000000000000000000000000000000000000000000000000000D3
:40AD80000000000000000000000000000000000000000000000000000000000000000000000000000000000000000000000000000000000000000000000000000000000093
:40ADC0000000000000000000000000000000000000000000000000000000000000000000000000000000000000000000000000000000000000000000000000000000000053
:40AE00000000000000000000000000000000000000000000000000000000000000000000000000000000000000000000000000000000000000000000000000000000000012
:40AE400000000000000000000000000000000000000000000000000000000000000000000000000000000000000000000000000000000000000000000000000000000000D2
:40AE80000000000000000000000000000000000000000000000000000000000000000000000000000000000000000000000000000000000000000000000000000000000092
:40AEC0000000000000000000000000000000000000000000000000000000000000000000000000000000000000000000000000000000000000000000000000000000000052
:40AF00000000000000000000000000000000000000000000000000000000000000000000000000000000000000000000000000000000000000000000000000000000000011
:40AF400000000000000000000000000000000000000000000000000000000000000000000000000000000000000000000000000000000000000000000000000000000000D1
:40AF80000000000000000000000000000000000000000000000000000000000000000000000000000000000000000000000000000000000000000000000000000000000091
:40AFC0000000000000000000000000000000000000000000000000000000000000000000000000000000000000000000000000000000000000000000000000000000000051
:40B000000000000000000000000000000000000000000000000000000000000000000000000000000000000000000000000000000000000000000000000000000000000010
:40B0400000000000000000000000000000000000000000000000000000000000000000000000000000000000000000000000000000000000000000000000000000000000D0
:40B080000000000000000000000000000000000000000000000000000000000000000000000000000000000000000000000000000000000000000000000000000000000090
:40B0C0000000000000000000000000000000000000000000000000000000000000000000000000000000000000000000000000000000000000000000000000000000000050
:40B10000000000000000000000000000000000000000000000000000000000000000000000000000000000000000000000000000000000000000000000000000000000000F
:40B1400000000000000000000000000000000000000000000000000000000000000000000000000000000000000000000000000000000000000000000000000000000000CF
:40B18000000000000000000000000000000000000000000000000000000000000000000000000000000000000000000000000000000000000000000000000000000000008F
:40B1C000000000000000000000000000000000000000000000000000000000000000000000000000000000000000000000000000000000000000000000000000000000004F
:40B20000000000000000000000000000000000000000000000000000000000000000000000000000000000000000000000000000000000000000000000000000000000000E
:40B2400000000000000000000000000000000000000000000000000000000000000000000000000000000000000000000000000000000000000000000000000000000000CE
:40B28000000000000000000000000000000000000000000000000000000000000000000000000000000000000000000000000000000000000000000000000000000000008E
:40B2C000000000000000000000000000000000000000000000000000000000000000000000000000000000000000000000000000000000000000000000000000000000004E
:40B30000000000000000000000000000000000000000000000000000000000000000000000000000000000000000000000000000000000000000000000000000000000000D
:40B3400000000000000000000000000000000000000000000000000000000000000000000000000000000000000000000000000000000000000000000000000000000000CD
:40B38000000000000000000000000000000000000000000000000000000000000000000000000000000000000000000000000000000000000000000000000000000000008D
:40B3C000000000000000000000000000000000000000000000000000000000000000000000000000000000000000000000000000000000000000000000000000000000004D
:40B40000000000000000000000000000000000000000000000000000000000000000000000000000000000000000000000000000000000000000000000000000000000000C
:40B4400000000000000000000000000000000000000000000000000000000000000000000000000000000000000000000000000000000000000000000000000000000000CC
:40B48000000000000000000000000000000000000000000000000000000000000000000000000000000000000000000000000000000000000000000000000000000000008C
:40B4C000000000000000000000000000000000000000000000000000000000000000000000000000000000000000000000000000000000000000000000000000000000004C
:40B50000000000000000000000000000000000000000000000000000000000000000000000000000000000000000000000000000000000000000000000000000000000000B
:40B5400000000000000000000000000000000000000000000000000000000000000000000000000000000000000000000000000000000000000000000000000000000000CB
:40B58000000000000000000000000000000000000000000000000000000000000000000000000000000000000000000000000000000000000000000000000000000000008B
:40B5C000000000000000000000000000000000000000000000000000000000000000000000000000000000000000000000000000000000000000000000000000000000004B
:40B60000000000000000000000000000000000000000000000000000000000000000000000000000000000000000000000000000000000000000000000000000000000000A
:40B6400000000000000000000000000000000000000000000000000000000000000000000000000000000000000000000000000000000000000000000000000000000000CA
:40B68000000000000000000000000000000000000000000000000000000000000000000000000000000000000000000000000000000000000000000000000000000000008A
:40B6C000000000000000000000000000000000000000000000000000000000000000000000000000000000000000000000000000000000000000000000000000000000004A
:40B700000000000000000000000000000000000000000000000000000000000000000000000000000000000000000000000000000000000000000000000000000000000009
:40B7400000000000000000000000000000000000000000000000000000000000000000000000000000000000000000000000000000000000000000000000000000000000C9
:40B780000000000000000000000000000000000000000000000000000000000000000000000000000000000000000000000000000000000000000000000000000000000089
:40B7C0000000000000000000000000000000000000000000000000000000000000000000000000000000000000000000000000000000000000000000000000000000000049
:40B800000000000000000000000000000000000000000000000000000000000000000000000000000000000000000000000000000000000000000000000000000000000008
:40B8400000000000000000000000000000000000000000000000000000000000000000000000000000000000000000000000000000000000000000000000000000000000C8
:40B880000000000000000000000000000000000000000000000000000000000000000000000000000000000000000000000000000000000000000000000000000000000088
:40B8C0000000000000000000000000000000000000000000000000000000000000000000000000000000000000000000000000000000000000000000000000000000000048
:40B900000000000000000000000000000000000000000000000000000000000000000000000000000000000000000000000000000000000000000000000000000000000007
:40B9400000000000000000000000000000000000000000000000000000000000000000000000000000000000000000000000000000000000000000000000000000000000C7
:40B980000000000000000000000000000000000000000000000000000000000000000000000000000000000000000000000000000000000000000000000000000000000087
:40B9C0000000000000000000000000000000000000000000000000000000000000000000000000000000000000000000000000000000000000000000000000000000000047
:40BA00000000000000000000000000000000000000000000000000000000000000000000000000000000000000000000000000000000000000000000000000000000000006
:40BA400000000000000000000000000000000000000000000000000000000000000000000000000000000000000000000000000000000000000000000000000000000000C6
:40BA80000000000000000000000000000000000000000000000000000000000000000000000000000000000000000000000000000000000000000000000000000000000086
:40BAC0000000000000000000000000000000000000000000000000000000000000000000000000000000000000000000000000000000000000000000000000000000000046
:40BB00000000000000000000000000000000000000000000000000000000000000000000000000000000000000000000000000000000000000000000000000000000000005
:40BB400000000000000000000000000000000000000000000000000000000000000000000000000000000000000000000000000000000000000000000000000000000000C5
:40BB80000000000000000000000000000000000000000000000000000000000000000000000000000000000000000000000000000000000000000000000000000000000085
:40BBC0000000000000000000000000000000000000000000000000000000000000000000000000000000000000000000000000000000000000000000000000000000000045
:40BC00000000000000000000000000000000000000000000000000000000000000000000000000000000000000000000000000000000000000000000000000000000000004
:40BC400000000000000000000000000000000000000000000000000000000000000000000000000000000000000000000000000000000000000000000000000000000000C4
:40BC80000000000000000000000000000000000000000000000000000000000000000000000000000000000000000000000000000000000000000000000000000000000084
:40BCC0000000000000000000000000000000000000000000000000000000000000000000000000000000000000000000000000000000000000000000000000000000000044
:40BD00000000000000000000000000000000000000000000000000000000000000000000000000000000000000000000000000000000000000000000000000000000000003
:40BD400000000000000000000000000000000000000000000000000000000000000000000000000000000000000000000000000000000000000000000000000000000000C3
:40BD80000000000000000000000000000000000000000000000000000000000000000000000000000000000000000000000000000000000000000000000000000000000083
:40BDC0000000000000000000000000000000000000000000000000000000000000000000000000000000000000000000000000000000000000000000000000000000000043
:40BE00000000000000000000000000000000000000000000000000000000000000000000000000000000000000000000000000000000000000000000000000000000000002
:40BE400000000000000000000000000000000000000000000000000000000000000000000000000000000000000000000000000000000000000000000000000000000000C2
:40BE80000000000000000000000000000000000000000000000000000000000000000000000000000000000000000000000000000000000000000000000000000000000082
:40BEC0000000000000000000000000000000000000000000000000000000000000000000000000000000000000000000000000000000000000000000000000000000000042
:40BF00000000000000000000000000000000000000000000000000000000000000000000000000000000000000000000000000000000000000000000000000000000000001
:40BF400000000000000000000000000000000000000000000000000000000000000000000000000000000000000000000000000000000000000000000000000000000000C1
:40BF80000000000000000000000000000000000000000000000000000000000000000000000000000000000000000000000000000000000000000000000000000000000081
:40BFC0000000000000000000000000000000000000000000000000000000000000000000000000000000000000000000000000000000000000000000000000000000000041
:40C000000000000000000000000000000000000000000000000000000000000000000000000000000000000000000000000000000000000000000000000000000000000000
:40C0400000000000000000000000000000000000000000000000000000000000000000000000000000000000000000000000000000000000000000000000000000000000C0
:40C080000000000000000000000000000000000000000000000000000000000000000000000000000000000000000000000000000000000000000000000000000000000080
:40C0C0000000000000000000000000000000000000000000000000000000000000000000000000000000000000000000000000000000000000000000000000000000000040
:40C1000000000000000000000000000000000000000000000000000000000000000000000000000000000000000000000000000000000000000000000000000000000000FF
:40C1400000000000000000000000000000000000000000000000000000000000000000000000000000000000000000000000000000000000000000000000000000000000BF
:40C18000000000000000000000000000000000000000000000000000000000000000000000000000000000000000000000000000000000000000000000000000000000007F
:40C1C000000000000000000000000000000000000000000000000000000000000000000000000000000000000000000000000000000000000000000000000000000000003F
:40C2000000000000000000000000000000000000000000000000000000000000000000000000000000000000000000000000000000000000000000000000000000000000FE
:40C2400000000000000000000000000000000000000000000000000000000000000000000000000000000000000000000000000000000000000000000000000000000000BE
:40C28000000000000000000000000000000000000000000000000000000000000000000000000000000000000000000000000000000000000000000000000000000000007E
:40C2C000000000000000000000000000000000000000000000000000000000000000000000000000000000000000000000000000000000000000000000000000000000003E
:40C3000000000000000000000000000000000000000000000000000000000000000000000000000000000000000000000000000000000000000000000000000000000000FD
:40C3400000000000000000000000000000000000000000000000000000000000000000000000000000000000000000000000000000000000000000000000000000000000BD
:40C38000000000000000000000000000000000000000000000000000000000000000000000000000000000000000000000000000000000000000000000000000000000007D
:40C3C000000000000000000000000000000000000000000000000000000000000000000000000000000000000000000000000000000000000000000000000000000000003D
:40C4000000000000000000000000000000000000000000000000000000000000000000000000000000000000000000000000000000000000000000000000000000000000FC
:40C4400000000000000000000000000000000000000000000000000000000000000000000000000000000000000000000000000000000000000000000000000000000000BC
:40C48000000000000000000000000000000000000000000000000000000000000000000000000000000000000000000000000000000000000000000000000000000000007C
:40C4C000000000000000000000000000000000000000000000000000000000000000000000000000000000000000000000000000000000000000000000000000000000003C
:40C5000000000000000000000000000000000000000000000000000000000000000000000000000000000000000000000000000000000000000000000000000000000000FB
:40C5400000000000000000000000000000000000000000000000000000000000000000000000000000000000000000000000000000000000000000000000000000000000BB
:40C58000000000000000000000000000000000000000000000000000000000000000000000000000000000000000000000000000000000000000000000000000000000007B
:40C5C000000000000000000000000000000000000000000000000000000000000000000000000000000000000000000000000000000000000000000000000000000000003B
:40C6000000000000000000000000000000000000000000000000000000000000000000000000000000000000000000000000000000000000000000000000000000000000FA
:40C6400000000000000000000000000000000000000000000000000000000000000000000000000000000000000000000000000000000000000000000000000000000000BA
:40C68000000000000000000000000000000000000000000000000000000000000000000000000000000000000000000000000000000000000000000000000000000000007A
:40C6C000000000000000000000000000000000000000000000000000000000000000000000000000000000000000000000000000000000000000000000000000000000003A
:40C7000000000000000000000000000000000000000000000000000000000000000000000000000000000000000000000000000000000000000000000000000000000000F9
:40C7400000000000000000000000000000000000000000000000000000000000000000000000000000000000000000000000000000000000000000000000000000000000B9
:40C780000000000000000000000000000000000000000000000000000000000000000000000000000000000000000000000000000000000000000000000000000000000079
:40C7C0000000000000000000000000000000000000000000000000000000000000000000000000000000000000000000000000000000000000000000000000000000000039
:40C8000000000000000000000000000000000000000000000000000000000000000000000000000000000000000000000000000000000000000000000000000000000000F8
:40C8400000000000000000000000000000000000000000000000000000000000000000000000000000000000000000000000000000000000000000000000000000000000B8
:40C880000000000000000000000000000000000000000000000000000000000000000000000000000000000000000000000000000000000000000000000000000000000078
:40C8C0000000000000000000000000000000000000000000000000000000000000000000000000000000000000000000000000000000000000000000000000000000000038
:40C9000000000000000000000000000000000000000000000000000000000000000000000000000000000000000000000000000000000000000000000000000000000000F7
:40C9400000000000000000000000000000000000000000000000000000000000000000000000000000000000000000000000000000000000000000000000000000000000B7
:40C980000000000000000000000000000000000000000000000000000000000000000000000000000000000000000000000000000000000000000000000000000000000077
:40C9C0000000000000000000000000000000000000000000000000000000000000000000000000000000000000000000000000000000000000000000000000000000000037
:40CA000000000000000000000000000000000000000000000000000000000000000000000000000000000000000000000000000000000000000000000000000000000000F6
:40CA400000000000000000000000000000000000000000000000000000000000000000000000000000000000000000000000000000000000000000000000000000000000B6
:40CA80000000000000000000000000000000000000000000000000000000000000000000000000000000000000000000000000000000000000000000000000000000000076
:40CAC0000000000000000000000000000000000000000000000000000000000000000000000000000000000000000000000000000000000000000000000000000000000036
:40CB000000000000000000000000000000000000000000000000000000000000000000000000000000000000000000000000000000000000000000000000000000000000F5
:40CB400000000000000000000000000000000000000000000000000000000000000000000000000000000000000000000000000000000000000000000000000000000000B5
:40CB80000000000000000000000000000000000000000000000000000000000000000000000000000000000000000000000000000000000000000000000000000000000075
:40CBC0000000000000000000000000000000000000000000000000000000000000000000000000000000000000000000000000000000000000000000000000000000000035
:40CC000000000000000000000000000000000000000000000000000000000000000000000000000000000000000000000000000000000000000000000000000000000000F4
:40CC400000000000000000000000000000000000000000000000000000000000000000000000000000000000000000000000000000000000000000000000000000000000B4
:40CC80000000000000000000000000000000000000000000000000000000000000000000000000000000000000000000000000000000000000000000000000000000000074
:40CCC0000000000000000000000000000000000000000000000000000000000000000000000000000000000000000000000000000000000000000000000000000000000034
:40CD000000000000000000000000000000000000000000000000000000000000000000000000000000000000000000000000000000000000000000000000000000000000F3
:40CD400000000000000000000000000000000000000000000000000000000000000000000000000000000000000000000000000000000000000000000000000000000000B3
:40CD80000000000000000000000000000000000000000000000000000000000000000000000000000000000000000000000000000000000000000000000000000000000073
:40CDC0000000000000000000000000000000000000000000000000000000000000000000000000000000000000000000000000000000000000000000000000000000000033
:40CE000000000000000000000000000000000000000000000000000000000000000000000000000000000000000000000000000000000000000000000000000000000000F2
:40CE400000000000000000000000000000000000000000000000000000000000000000000000000000000000000000000000000000000000000000000000000000000000B2
:40CE80000000000000000000000000000000000000000000000000000000000000000000000000000000000000000000000000000000000000000000000000000000000072
:40CEC0000000000000000000000000000000000000000000000000000000000000000000000000000000000000000000000000000000000000000000000000000000000032
:40CF000000000000000000000000000000000000000000000000000000000000000000000000000000000000000000000000000000000000000000000000000000000000F1
:40CF400000000000000000000000000000000000000000000000000000000000000000000000000000000000000000000000000000000000000000000000000000000000B1
:40CF80000000000000000000000000000000000000000000000000000000000000000000000000000000000000000000000000000000000000000000000000000000000071
:40CFC0000000000000000000000000000000000000000000000000000000000000000000000000000000000000000000000000000000000000000000000000000000000031
:40D0000000000000000000000000000000000000000000000000000000000000000000000000000000000000000000000000000000000000000000000000000000000000F0
:40D0400000000000000000000000000000000000000000000000000000000000000000000000000000000000000000000000000000000000000000000000000000000000B0
:40D080000000000000000000000000000000000000000000000000000000000000000000000000000000000000000000000000000000000000000000000000000000000070
:40D0C0000000000000000000000000000000000000000000000000000000000000000000000000000000000000000000000000000000000000000000000000000000000030
:40D1000000000000000000000000000000000000000000000000000000000000000000000000000000000000000000000000000000000000000000000000000000000000EF
:40D1400000000000000000000000000000000000000000000000000000000000000000000000000000000000000000000000000000000000000000000000000000000000AF
:40D18000000000000000000000000000000000000000000000000000000000000000000000000000000000000000000000000000000000000000000000000000000000006F
:40D1C000000000000000000000000000000000000000000000000000000000000000000000000000000000000000000000000000000000000000000000000000000000002F
:40D2000000000000000000000000000000000000000000000000000000000000000000000000000000000000000000000000000000000000000000000000000000000000EE
:40D2400000000000000000000000000000000000000000000000000000000000000000000000000000000000000000000000000000000000000000000000000000000000AE
:40D28000000000000000000000000000000000000000000000000000000000000000000000000000000000000000000000000000000000000000000000000000000000006E
:40D2C000000000000000000000000000000000000000000000000000000000000000000000000000000000000000000000000000000000000000000000000000000000002E
:40D3000000000000000000000000000000000000000000000000000000000000000000000000000000000000000000000000000000000000000000000000000000000000ED
:40D3400000000000000000000000000000000000000000000000000000000000000000000000000000000000000000000000000000000000000000000000000000000000AD
:40D38000000000000000000000000000000000000000000000000000000000000000000000000000000000000000000000000000000000000000000000000000000000006D
:40D3C000000000000000000000000000000000000000000000000000000000000000000000000000000000000000000000000000000000000000000000000000000000002D
:40D4000000000000000000000000000000000000000000000000000000000000000000000000000000000000000000000000000000000000000000000000000000000000EC
:40D4400000000000000000000000000000000000000000000000000000000000000000000000000000000000000000000000000000000000000000000000000000000000AC
:40D48000000000000000000000000000000000000000000000000000000000000000000000000000000000000000000000000000000000000000000000000000000000006C
:40D4C000000000000000000000000000000000000000000000000000000000000000000000000000000000000000000000000000000000000000000000000000000000002C
:40D5000000000000000000000000000000000000000000000000000000000000000000000000000000000000000000000000000000000000000000000000000000000000EB
:40D5400000000000000000000000000000000000000000000000000000000000000000000000000000000000000000000000000000000000000000000000000000000000AB
:40D58000000000000000000000000000000000000000000000000000000000000000000000000000000000000000000000000000000000000000000000000000000000006B
:40D5C000000000000000000000000000000000000000000000000000000000000000000000000000000000000000000000000000000000000000000000000000000000002B
:40D6000000000000000000000000000000000000000000000000000000000000000000000000000000000000000000000000000000000000000000000000000000000000EA
:40D6400000000000000000000000000000000000000000000000000000000000000000000000000000000000000000000000000000000000000000000000000000000000AA
:40D68000000000000000000000000000000000000000000000000000000000000000000000000000000000000000000000000000000000000000000000000000000000006A
:40D6C000000000000000000000000000000000000000000000000000000000000000000000000000000000000000000000000000000000000000000000000000000000002A
:40D7000000000000000000000000000000000000000000000000000000000000000000000000000000000000000000000000000000000000000000000000000000000000E9
:40D7400000000000000000000000000000000000000000000000000000000000000000000000000000000000000000000000000000000000000000000000000000000000A9
:40D780000000000000000000000000000000000000000000000000000000000000000000000000000000000000000000000000000000000000000000000000000000000069
:40D7C0000000000000000000000000000000000000000000000000000000000000000000000000000000000000000000000000000000000000000000000000000000000029
:40D8000000000000000000000000000000000000000000000000000000000000000000000000000000000000000000000000000000000000000000000000000000000000E8
:40D8400000000000000000000000000000000000000000000000000000000000000000000000000000000000000000000000000000000000000000000000000000000000A8
:40D880000000000000000000000000000000000000000000000000000000000000000000000000000000000000000000000000000000000000000000000000000000000068
:40D8C0000000000000000000000000000000000000000000000000000000000000000000000000000000000000000000000000000000000000000000000000000000000028
:40D9000000000000000000000000000000000000000000000000000000000000000000000000000000000000000000000000000000000000000000000000000000000000E7
:40D9400000000000000000000000000000000000000000000000000000000000000000000000000000000000000000000000000000000000000000000000000000000000A7
:40D980000000000000000000000000000000000000000000000000000000000000000000000000000000000000000000000000000000000000000000000000000000000067
:40D9C0000000000000000000000000000000000000000000000000000000000000000000000000000000000000000000000000000000000000000000000000000000000027
:40DA000000000000000000000000000000000000000000000000000000000000000000000000000000000000000000000000000000000000000000000000000000000000E6
:40DA400000000000000000000000000000000000000000000000000000000000000000000000000000000000000000000000000000000000000000000000000000000000A6
:40DA80000000000000000000000000000000000000000000000000000000000000000000000000000000000000000000000000000000000000000000000000000000000066
:40DAC0000000000000000000000000000000000000000000000000000000000000000000000000000000000000000000000000000000000000000000000000000000000026
:40DB000000000000000000000000000000000000000000000000000000000000000000000000000000000000000000000000000000000000000000000000000000000000E5
:40DB400000000000000000000000000000000000000000000000000000000000000000000000000000000000000000000000000000000000000000000000000000000000A5
:40DB80000000000000000000000000000000000000000000000000000000000000000000000000000000000000000000000000000000000000000000000000000000000065
:40DBC0000000000000000000000000000000000000000000000000000000000000000000000000000000000000000000000000000000000000000000000000000000000025
:40DC000000000000000000000000000000000000000000000000000000000000000000000000000000000000000000000000000000000000000000000000000000000000E4
:40DC400000000000000000000000000000000000000000000000000000000000000000000000000000000000000000000000000000000000000000000000000000000000A4
:40DC80000000000000000000000000000000000000000000000000000000000000000000000000000000000000000000000000000000000000000000000000000000000064
:40DCC0000000000000000000000000000000000000000000000000000000000000000000000000000000000000000000000000000000000000000000000000000000000024
:40DD000000000000000000000000000000000000000000000000000000000000000000000000000000000000000000000000000000000000000000000000000000000000E3
:40DD400000000000000000000000000000000000000000000000000000000000000000000000000000000000000000000000000000000000000000000000000000000000A3
:40DD80000000000000000000000000000000000000000000000000000000000000000000000000000000000000000000000000000000000000000000000000000000000063
:40DDC0000000000000000000000000000000000000000000000000000000000000000000000000000000000000000000000000000000000000000000000000000000000023
:40DE000000000000000000000000000000000000000000000000000000000000000000000000000000000000000000000000000000000000000000000000000000000000E2
:40DE400000000000000000000000000000000000000000000000000000000000000000000000000000000000000000000000000000000000000000000000000000000000A2
:40DE80000000000000000000000000000000000000000000000000000000000000000000000000000000000000000000000000000000000000000000000000000000000062
:40DEC0000000000000000000000000000000000000000000000000000000000000000000000000000000000000000000000000000000000000000000000000000000000022
:40DF000000000000000000000000000000000000000000000000000000000000000000000000000000000000000000000000000000000000000000000000000000000000E1
:40DF400000000000000000000000000000000000000000000000000000000000000000000000000000000000000000000000000000000000000000000000000000000000A1
:40DF80000000000000000000000000000000000000000000000000000000000000000000000000000000000000000000000000000000000000000000000000000000000061
:40DFC0000000000000000000000000000000000000000000000000000000000000000000000000000000000000000000000000000000000000000000000000000000000021
:40E0000000000000000000000000000000000000000000000000000000000000000000000000000000000000000000000000000000000000000000000000000000000000E0
:40E0400000000000000000000000000000000000000000000000000000000000000000000000000000000000000000000000000000000000000000000000000000000000A0
:40E080000000000000000000000000000000000000000000000000000000000000000000000000000000000000000000000000000000000000000000000000000000000060
:40E0C0000000000000000000000000000000000000000000000000000000000000000000000000000000000000000000000000000000000000000000000000000000000020
:40E1000000000000000000000000000000000000000000000000000000000000000000000000000000000000000000000000000000000000000000000000000000000000DF
:40E14000000000000000000000000000000000000000000000000000000000000000000000000000000000000000000000000000000000000000000000000000000000009F
:40E18000000000000000000000000000000000000000000000000000000000000000000000000000000000000000000000000000000000000000000000000000000000005F
:40E1C000000000000000000000000000000000000000000000000000000000000000000000000000000000000000000000000000000000000000000000000000000000001F
:40E2000000000000000000000000000000000000000000000000000000000000000000000000000000000000000000000000000000000000000000000000000000000000DE
:40E24000000000000000000000000000000000000000000000000000000000000000000000000000000000000000000000000000000000000000000000000000000000009E
:40E28000000000000000000000000000000000000000000000000000000000000000000000000000000000000000000000000000000000000000000000000000000000005E
:40E2C000000000000000000000000000000000000000000000000000000000000000000000000000000000000000000000000000000000000000000000000000000000001E
:40E3000000000000000000000000000000000000000000000000000000000000000000000000000000000000000000000000000000000000000000000000000000000000DD
:40E34000000000000000000000000000000000000000000000000000000000000000000000000000000000000000000000000000000000000000000000000000000000009D
:40E38000000000000000000000000000000000000000000000000000000000000000000000000000000000000000000000000000000000000000000000000000000000005D
:40E3C000000000000000000000000000000000000000000000000000000000000000000000000000000000000000000000000000000000000000000000000000000000001D
:40E4000000000000000000000000000000000000000000000000000000000000000000000000000000000000000000000000000000000000000000000000000000000000DC
:40E44000000000000000000000000000000000000000000000000000000000000000000000000000000000000000000000000000000000000000000000000000000000009C
:40E48000000000000000000000000000000000000000000000000000000000000000000000000000000000000000000000000000000000000000000000000000000000005C
:40E4C000000000000000000000000000000000000000000000000000000000000000000000000000000000000000000000000000000000000000000000000000000000001C
:40E5000000000000000000000000000000000000000000000000000000000000000000000000000000000000000000000000000000000000000000000000000000000000DB
:40E54000000000000000000000000000000000000000000000000000000000000000000000000000000000000000000000000000000000000000000000000000000000009B
:40E58000000000000000000000000000000000000000000000000000000000000000000000000000000000000000000000000000000000000000000000000000000000005B
:40E5C000000000000000000000000000000000000000000000000000000000000000000000000000000000000000000000000000000000000000000000000000000000001B
:40E6000000000000000000000000000000000000000000000000000000000000000000000000000000000000000000000000000000000000000000000000000000000000DA
:40E64000000000000000000000000000000000000000000000000000000000000000000000000000000000000000000000000000000000000000000000000000000000009A
:40E68000000000000000000000000000000000000000000000000000000000000000000000000000000000000000000000000000000000000000000000000000000000005A
:40E6C000000000000000000000000000000000000000000000000000000000000000000000000000000000000000000000000000000000000000000000000000000000001A
:40E7000000000000000000000000000000000000000000000000000000000000000000000000000000000000000000000000000000000000000000000000000000000000D9
:40E740000000000000000000000000000000000000000000000000000000000000000000000000000000000000000000000000000000000000000000000000000000000099
:40E780000000000000000000000000000000000000000000000000000000000000000000000000000000000000000000000000000000000000000000000000000000000059
:40E7C0000000000000000000000000000000000000000000000000000000000000000000000000000000000000000000000000000000000000000000000000000000000019
:40E8000000000000000000000000000000000000000000000000000000000000000000000000000000000000000000000000000000000000000000000000000000000000D8
:40E840000000000000000000000000000000000000000000000000000000000000000000000000000000000000000000000000000000000000000000000000000000000098
:40E880000000000000000000000000000000000000000000000000000000000000000000000000000000000000000000000000000000000000000000000000000000000058
:40E8C0000000000000000000000000000000000000000000000000000000000000000000000000000000000000000000000000000000000000000000000000000000000018
:40E9000000000000000000000000000000000000000000000000000000000000000000000000000000000000000000000000000000000000000000000000000000000000D7
:40E940000000000000000000000000000000000000000000000000000000000000000000000000000000000000000000000000000000000000000000000000000000000097
:40E980000000000000000000000000000000000000000000000000000000000000000000000000000000000000000000000000000000000000000000000000000000000057
:40E9C0000000000000000000000000000000000000000000000000000000000000000000000000000000000000000000000000000000000000000000000000000000000017
:40EA000000000000000000000000000000000000000000000000000000000000000000000000000000000000000000000000000000000000000000000000000000000000D6
:40EA40000000000000000000000000000000000000000000000000000000000000000000000000000000000000000000000000000000000000000000000000000000000096
:40EA80000000000000000000000000000000000000000000000000000000000000000000000000000000000000000000000000000000000000000000000000000000000056
:40EAC0000000000000000000000000000000000000000000000000000000000000000000000000000000000000000000000000000000000000000000000000000000000016
:40EB000000000000000000000000000000000000000000000000000000000000000000000000000000000000000000000000000000000000000000000000000000000000D5
:40EB40000000000000000000000000000000000000000000000000000000000000000000000000000000000000000000000000000000000000000000000000000000000095
:40EB80000000000000000000000000000000000000000000000000000000000000000000000000000000000000000000000000000000000000000000000000000000000055
:40EBC0000000000000000000000000000000000000000000000000000000000000000000000000000000000000000000000000000000000000000000000000000000000015
:40EC000000000000000000000000000000000000000000000000000000000000000000000000000000000000000000000000000000000000000000000000000000000000D4
:40EC40000000000000000000000000000000000000000000000000000000000000000000000000000000000000000000000000000000000000000000000000000000000094
:40EC80000000000000000000000000000000000000000000000000000000000000000000000000000000000000000000000000000000000000000000000000000000000054
:40ECC0000000000000000000000000000000000000000000000000000000000000000000000000000000000000000000000000000000000000000000000000000000000014
:40ED000000000000000000000000000000000000000000000000000000000000000000000000000000000000000000000000000000000000000000000000000000000000D3
:40ED40000000000000000000000000000000000000000000000000000000000000000000000000000000000000000000000000000000000000000000000000000000000093
:40ED80000000000000000000000000000000000000000000000000000000000000000000000000000000000000000000000000000000000000000000000000000000000053
:40EDC0000000000000000000000000000000000000000000000000000000000000000000000000000000000000000000000000000000000000000000000000000000000013
:40EE000000000000000000000000000000000000000000000000000000000000000000000000000000000000000000000000000000000000000000000000000000000000D2
:40EE40000000000000000000000000000000000000000000000000000000000000000000000000000000000000000000000000000000000000000000000000000000000092
:40EE80000000000000000000000000000000000000000000000000000000000000000000000000000000000000000000000000000000000000000000000000000000000052
:40EEC0000000000000000000000000000000000000000000000000000000000000000000000000000000000000000000000000000000000000000000000000000000000012
:40EF000000000000000000000000000000000000000000000000000000000000000000000000000000000000000000000000000000000000000000000000000000000000D1
:40EF40000000000000000000000000000000000000000000000000000000000000000000000000000000000000000000000000000000000000000000000000000000000091
:40EF80000000000000000000000000000000000000000000000000000000000000000000000000000000000000000000000000000000000000000000000000000000000051
:40EFC0000000000000000000000000000000000000000000000000000000000000000000000000000000000000000000000000000000000000000000000000000000000011
:40F0000000000000000000000000000000000000000000000000000000000000000000000000000000000000000000000000000000000000000000000000000000000000D0
:40F040000000000000000000000000000000000000000000000000000000000000000000000000000000000000000000000000000000000000000000000000000000000090
:40F080000000000000000000000000000000000000000000000000000000000000000000000000000000000000000000000000000000000000000000000000000000000050
:40F0C0000000000000000000000000000000000000000000000000000000000000000000000000000000000000000000000000000000000000000000000000000000000010
:40F1000000000000000000000000000000000000000000000000000000000000000000000000000000000000000000000000000000000000000000000000000000000000CF
:40F14000000000000000000000000000000000000000000000000000000000000000000000000000000000000000000000000000000000000000000000000000000000008F
:40F18000000000000000000000000000000000000000000000000000000000000000000000000000000000000000000000000000000000000000000000000000000000004F
:40F1C000000000000000000000000000000000000000000000000000000000000000000000000000000000000000000000000000000000000000000000000000000000000F
:40F2000000000000000000000000000000000000000000000000000000000000000000000000000000000000000000000000000000000000000000000000000000000000CE
:40F24000000000000000000000000000000000000000000000000000000000000000000000000000000000000000000000000000000000000000000000000000000000008E
:40F28000000000000000000000000000000000000000000000000000000000000000000000000000000000000000000000000000000000000000000000000000000000004E
:40F2C000000000000000000000000000000000000000000000000000000000000000000000000000000000000000000000000000000000000000000000000000000000000E
:40F3000000000000000000000000000000000000000000000000000000000000000000000000000000000000000000000000000000000000000000000000000000000000CD
:40F34000000000000000000000000000000000000000000000000000000000000000000000000000000000000000000000000000000000000000000000000000000000008D
:40F38000000000000000000000000000000000000000000000000000000000000000000000000000000000000000000000000000000000000000000000000000000000004D
:40F3C000000000000000000000000000000000000000000000000000000000000000000000000000000000000000000000000000000000000000000000000000000000000D
:40F4000000000000000000000000000000000000000000000000000000000000000000000000000000000000000000000000000000000000000000000000000000000000CC
:40F44000000000000000000000000000000000000000000000000000000000000000000000000000000000000000000000000000000000000000000000000000000000008C
:40F48000000000000000000000000000000000000000000000000000000000000000000000000000000000000000000000000000000000000000000000000000000000004C
:40F4C000000000000000000000000000000000000000000000000000000000000000000000000000000000000000000000000000000000000000000000000000000000000C
:40F5000000000000000000000000000000000000000000000000000000000000000000000000000000000000000000000000000000000000000000000000000000000000CB
:40F54000000000000000000000000000000000000000000000000000000000000000000000000000000000000000000000000000000000000000000000000000000000008B
:40F58000000000000000000000000000000000000000000000000000000000000000000000000000000000000000000000000000000000000000000000000000000000004B
:40F5C000000000000000000000000000000000000000000000000000000000000000000000000000000000000000000000000000000000000000000000000000000000000B
:40F6000000000000000000000000000000000000000000000000000000000000000000000000000000000000000000000000000000000000000000000000000000000000CA
:40F64000000000000000000000000000000000000000000000000000000000000000000000000000000000000000000000000000000000000000000000000000000000008A
:40F68000000000000000000000000000000000000000000000000000000000000000000000000000000000000000000000000000000000000000000000000000000000004A
:40F6C000000000000000000000000000000000000000000000000000000000000000000000000000000000000000000000000000000000000000000000000000000000000A
:40F7000000000000000000000000000000000000000000000000000000000000000000000000000000000000000000000000000000000000000000000000000000000000C9
:40F740000000000000000000000000000000000000000000000000000000000000000000000000000000000000000000000000000000000000000000000000000000000089
:40F780000000000000000000000000000000000000000000000000000000000000000000000000000000000000000000000000000000000000000000000000000000000049
:40F7C0000000000000000000000000000000000000000000000000000000000000000000000000000000000000000000000000000000000000000000000000000000000009
:40F8000000000000000000000000000000000000000000000000000000000000000000000000000000000000000000000000000000000000000000000000000000000000C8
:40F840000000000000000000000000000000000000000000000000000000000000000000000000000000000000000000000000000000000000000000000000000000000088
:40F880000000000000000000000000000000000000000000000000000000000000000000000000000000000000000000000000000000000000000000000000000000000048
:40F8C0000000000000000000000000000000000000000000000000000000000000000000000000000000000000000000000000000000000000000000000000000000000008
:40F9000000000000000000000000000000000000000000000000000000000000000000000000000000000000000000000000000000000000000000000000000000000000C7
:40F940000000000000000000000000000000000000000000000000000000000000000000000000000000000000000000000000000000000000000000000000000000000087
:40F980000000000000000000000000000000000000000000000000000000000000000000000000000000000000000000000000000000000000000000000000000000000047
:40F9C0000000000000000000000000000000000000000000000000000000000000000000000000000000000000000000000000000000000000000000000000000000000007
:40FA000000000000000000000000000000000000000000000000000000000000000000000000000000000000000000000000000000000000000000000000000000000000C6
:40FA40000000000000000000000000000000000000000000000000000000000000000000000000000000000000000000000000000000000000000000000000000000000086
:40FA80000000000000000000000000000000000000000000000000000000000000000000000000000000000000000000000000000000000000000000000000000000000046
:40FAC0000000000000000000000000000000000000000000000000000000000000000000000000000000000000000000000000000000000000000000000000000000000006
:40FB000000000000000000000000000000000000000000000000000000000000000000000000000000000000000000000000000000000000000000000000000000000000C5
:40FB40000000000000000000000000000000000000000000000000000000000000000000000000000000000000000000000000000000000000000000000000000000000085
:40FB80000000000000000000000000000000000000000000000000000000000000000000000000000000000000000000000000000000000000000000000000000000000045
:40FBC0000000000000000000000000000000000000000000000000000000000000000000000000000000000000000000000000000000000000000000000000000000000005
:40FC000000000000000000000000000000000000000000000000000000000000000000000000000000000000000000000000000000000000000000000000000000000000C4
:40FC40000000000000000000000000000000000000000000000000000000000000000000000000000000000000000000000000000000000000000000000000000000000084
:40FC80000000000000000000000000000000000000000000000000000000000000000000000000000000000000000000000000000000000000000000000000000000000044
:40FCC0000000000000000000000000000000000000000000000000000000000000000000000000000000000000000000000000000000000000000000000000000000000004
:40FD000000000000000000000000000000000000000000000000000000000000000000000000000000000000000000000000000000000000000000000000000000000000C3
:40FD40000000000000000000000000000000000000000000000000000000000000000000000000000000000000000000000000000000000000000000000000000000000083
:40FD80000000000000000000000000000000000000000000000000000000000000000000000000000000000000000000000000000000000000000000000000000000000043
:40FDC0000000000000000000000000000000000000000000000000000000000000000000000000000000000000000000000000000000000000000000000000000000000003
:40FE000000000000000000000000000000000000000000000000000000000000000000000000000000000000000000000000000000000000000000000000000000000000C2
:40FE40000000000000000000000000000000000000000000000000000000000000000000000000000000000000000000000000000000000000000000000000000000000082
:40FE80000000000000000000000000000000000000000000000000000000000000000000000000000000000000000000000000000000000000000000000000000000000042
:40FEC0000000000000000000000000000000000000000000000000000000000000000000000000000000000000000000000000000000000000000000000000000000000002
:40FF000000000000000000000000000000000000000000000000000000000000000000000000000000000000000000000000000000000000000000000000000000000000C1
:40FF40000000000000000000000000000000000000000000000000000000000000000000000000000000000000000000000000000000000000000000000000000000000081
:40FF80000000000000000000000000000000000000000000000000000000000000000000000000000000000000000000000000000000000000000000000000000000000041
:40FFC0000000000000000000000000000000000000000000000000000000000000000000000000000000000000000000000000000000000000000000000000000000000001
:0200000480007A
:4000000004520040015B00400264004002650040020501401A0601402E0701402D08014039090140310A01403D0B0140340C0140370D01403B0E01402E0F014005150140BB
:400040000B160140351701402518014038190140551A01403F1B0140094001400A4101400542014006430140024401400445014007460140054701400648014004490140C5
:40008000014C0140064D01400A50014002510140000201031010644027848B018F0F89728B388B10E2200101060108010C010D011001170119011C011D01200121012701DF
:4000C0002C0133013401580459045C115F01A301B101D804D904DC11DF01010802080528070109020A040B010C800D0212101380168017801F1022022380250829602A1236
:400100002C802E043088320235283780388039203F81804082808301844085108606870189089720C0E6C29BC495CACDCC7BCE9CE203E628EE0401040610070109200A0135
:400140000B100D400E020F80130214081708180119081E041F042004210224022510272029012A082D802F40341F35FF38203B083E103F1052035302580459045B045C214A
:400180005D105F018301B101D804D904DC11DF0102020364040405220602080209420C040E010F4411081482161017101F202202240425082A802B202D202E463202334438
:4001C00034843602375439203A023B043D983E813F446C046F028304855091109241940899209A029B149C8C9E90A144A502A602A702B420C0FFC2F9C4F4CAFACCFBCEF7BF
:40020000EE045280580459045B045C115F0184048A0192029A019B02A404AF01B202B302B404B601B701B820BE10C030C105C501C602C805C9FFCAFFCBFFCDA0CF04D01814
:40024000D602D739D804D904DA04DB0CDC10DD10DF01E040E2C0E440E540E6C0E8C0EAC0ECC0EEC001400202030404080728088809020F48118814201D081E021F10242004
:40028000254428882A802C442E4031023304348835203602382039403D88450847084F8857405F2067206D106E456F107340752076027F028E019420960498409B049C88DC
:4002C0009E90A546B408B502C063C25DC425CABDCCF3CE5CD040D210D620D840DE10000902D0040C067109020A030C100EAC110314DC16221E2020102240270429032C14F6
:400300002F0132E03303341F350439083A083F044002460449FF4A074BFF4C404D204EF04F055008580459045A045C125D025F01604061A8624063209801B001BE01D804AA
:40034000D904DC11DF010210031405150701088809220B010E100F02118816411A401D341F04272428882D022E042F06310233143440371538203A803D083E903F01444020
:400380004502472054025640570382409210942099019A019B019C889D049ED09F04A402A502A701C0F6C2AFC495CAF5CCF7CEFCD020E004580459045C115F018110820C50
:4003C0008451860E890A8B048C518E069103930C940C9503965397049C209E439F08A208A640A903AB04AF05B030B20FB440B510B70FB802BA08BB80BE10BF10C045C102F3
:40040000C5E0C6C0C7B0C82AC9FFCAFFCBFFCEF0CF44D00CD401D804D904DA04DB04DC22DD22DF01E6C0EA40EB02030405050761088809020E100F02101011501210142021
:4004400016601D211E10270928982C022E203102330435043741382039503A803D013E1047214C024D0156215C205D015E405F088D208E40C0B2C2ADC437CA37CCD3CEAC21
:40048000D0A0D210D6F0A920B402E204EC20EE01580459045C115F01D608D804D904DB04DC11DD90DF01008201A005A0068009020B020C800D020FC01080138015011780EE
:4004C00029A02B402C802E802F013080320235A03602388039013A803C023D013F405A406002824090809B809D20A0C1A102A202A740A880AA08AE02B009B14AC0DBC2993D
:40050000C499CA9DCCB9CE99D608D808E802EA04230131015401580459045B0C5C115D105F018110851889088F439304957F993C9B419D3C9F42A504A780A967AB18B180F5
:40054000B320B558B71FBBA0BF04D602D712D804D904DB04DC21DD20DF010202036406980A040B080D020E020F04118013041704225526012740282029202E892F2431087C
:4005800032513602374438683A023F045A085E40699470BC72027F02920593049A909B049F40A14AA202A322A904AD12AE04B008B102B212B320C07FC2D2C425CAF6CCDF57
:4005C000CE4FD612DE10EA80EE200112038C0482053F08C3093F0C410D01102C12D3140F150816F0177018F319241A0C1B8A1EE320082404280C2CFF30C03101322C33381A
:40060000340F3506361037C038803A203F40402441034206440145E046C0480A49FF4AFF4BFF4C624DA04EF04F41500C580459045A045C225D025F016640670269106A30A6
:400640006B106D106E106F12840187038A088E04920496029A019D01AA08B204B301B403B608B702BE44D418D804D90CDB04DC19DD20DF01001001400220042005900720EC
:4006800009200AA20E840F2010A91520182419A21D401E041F04205122252688272032243680380239943E044045412849104A4051105D02654067087F0282488401850819
:4006C0008C218D40919492A0944096409C209D20A0A8A108A312AB40B710C0E7C27FC44FCC16CE4FD00FD204D680D830DE10E810EC2011081680331035803B023E80C43019
:40070000CC30CE60058051025F4097029D809F10A104C080D480D6208B4097429F10A104A50289029F10A104A502AB01EE207002DC015F028002A402D6011B0426048F021C
:400740009F02C608C801E0084401AB04B604D004EA02208081049F10A104C840E02083109F10B040E2209C0112808E80B001C408E202EC0400070A020C070E061006110146
:400780001A021B011C061D01000F100A0840400000030300800040808000800000000000000B0B000000000000111100100000000001000000000000000000000000000081
:4007C00000000000000000000000000000000000000000000000000000000000000000000000000000000000000000000000000000000000000000000000000000000000F9
:4008000000000000000000000000000000000000000000000000000000000000000000000000000000000000000000000000000000000000000000000000000000000000B8
:400840000000000000000000000000000000000000000000000000000000000000000000000000000000000000000000000000000000000000000000000000000000000078
:400880000000000000000000000000000000000000000000000000000000000000000000000000000000000000000000000000000000000000000000000000000000000038
:4008C00000000000000000000000000000000000000000000000000000000000000000000000000000000000000000000000000000000000000000000000000000000000F8
:4009000000000000000000000000000000000000000000000000000000000000000000000000000000000000000000000000000000000000000000000000000000000000B7
:400940000000000000000000000000000000000000000000000000000000000000000000000000000000000000000000000000000000000000000000000000000000000077
:400980000000000000000000000000000000000000000000000000000000000000000000000000000000000000000000000000000000000000000000000000000000000037
:4009C00000000000000000000000000000000000000000000000000000000000000000000000000000000000000000000000000000000000000000000000000000000000F7
:400A000000000000000000000000000000000000000000000000000000000000000000000000000000000000000000000000000000000000000000000000000000000000B6
:400A40000000000000000000000000000000000000000000000000000000000000000000000000000000000000000000000000000000000000000000000000000000000076
:400A80000000000000000000000000000000000000000000000000000000000000000000000000000000000000000000000000000000000000000000000000000000000036
:400AC00000000000000000000000000000000000000000000000000000000000000000000000000000000000000000000000000000000000000000000000000000000000F6
:400B000000000000000000000000000000000000000000000000000000000000000000000000000000000000000000000000000000000000000000000000000000000000B5
:400B40000000000000000000000000000000000000000000000000000000000000000000000000000000000000000000000000000000000000000000000000000000000075
:400B80000000000000000000000000000000000000000000000000000000000000000000000000000000000000000000000000000000000000000000000000000000000035
:400BC00000000000000000000000000000000000000000000000000000000000000000000000000000000000000000000000000000000000000000000000000000000000F5
:400C000000000000000000000000000000000000000000000000000000000000000000000000000000000000000000000000000000000000000000000000000000000000B4
:400C40000000000000000000000000000000000000000000000000000000000000000000000000000000000000000000000000000000000000000000000000000000000074
:400C80000000000000000000000000000000000000000000000000000000000000000000000000000000000000000000000000000000000000000000000000000000000034
:400CC00000000000000000000000000000000000000000000000000000000000000000000000000000000000000000000000000000000000000000000000000000000000F4
:400D000000000000000000000000000000000000000000000000000000000000000000000000000000000000000000000000000000000000000000000000000000000000B3
:400D40000000000000000000000000000000000000000000000000000000000000000000000000000000000000000000000000000000000000000000000000000000000073
:400D80000000000000000000000000000000000000000000000000000000000000000000000000000000000000000000000000000000000000000000000000000000000033
:400DC00000000000000000000000000000000000000000000000000000000000000000000000000000000000000000000000000000000000000000000000000000000000F3
:400E000000000000000000000000000000000000000000000000000000000000000000000000000000000000000000000000000000000000000000000000000000000000B2
:400E40000000000000000000000000000000000000000000000000000000000000000000000000000000000000000000000000000000000000000000000000000000000072
:400E80000000000000000000000000000000000000000000000000000000000000000000000000000000000000000000000000000000000000000000000000000000000032
:400EC00000000000000000000000000000000000000000000000000000000000000000000000000000000000000000000000000000000000000000000000000000000000F2
:400F000000000000000000000000000000000000000000000000000000000000000000000000000000000000000000000000000000000000000000000000000000000000B1
:400F40000000000000000000000000000000000000000000000000000000000000000000000000000000000000000000000000000000000000000000000000000000000071
:400F80000000000000000000000000000000000000000000000000000000000000000000000000000000000000000000000000000000000000000000000000000000000031
:400FC00000000000000000000000000000000000000000000000000000000000000000000000000000000000000000000000000000000000000000000000000000000000F1
:4010000000000000000000000000000000000000000000000000000000000000000000000000000000000000000000000000000000000000000000000000000000000000B0
:401040000000000000000000000000000000000000000000000000000000000000000000000000000000000000000000000000000000000000000000000000000000000070
:401080000000000000000000000000000000000000000000000000000000000000000000000000000000000000000000000000000000000000000000000000000000000030
:4010C00000000000000000000000000000000000000000000000000000000000000000000000000000000000000000000000000000000000000000000000000000000000F0
:4011000000000000000000000000000000000000000000000000000000000000000000000000000000000000000000000000000000000000000000000000000000000000AF
:40114000000000000000000000000000000000000000000000000000000000000000000000000000000000000000000000000000000000000000000000000000000000006F
:40118000000000000000000000000000000000000000000000000000000000000000000000000000000000000000000000000000000000000000000000000000000000002F
:4011C00000000000000000000000000000000000000000000000000000000000000000000000000000000000000000000000000000000000000000000000000000000000EF
:4012000000000000000000000000000000000000000000000000000000000000000000000000000000000000000000000000000000000000000000000000000000000000AE
:40124000000000000000000000000000000000000000000000000000000000000000000000000000000000000000000000000000000000000000000000000000000000006E
:40128000000000000000000000000000000000000000000000000000000000000000000000000000000000000000000000000000000000000000000000000000000000002E
:4012C00000000000000000000000000000000000000000000000000000000000000000000000000000000000000000000000000000000000000000000000000000000000EE
:4013000000000000000000000000000000000000000000000000000000000000000000000000000000000000000000000000000000000000000000000000000000000000AD
:40134000000000000000000000000000000000000000000000000000000000000000000000000000000000000000000000000000000000000000000000000000000000006D
:40138000000000000000000000000000000000000000000000000000000000000000000000000000000000000000000000000000000000000000000000000000000000002D
:4013C00000000000000000000000000000000000000000000000000000000000000000000000000000000000000000000000000000000000000000000000000000000000ED
:4014000000000000000000000000000000000000000000000000000000000000000000000000000000000000000000000000000000000000000000000000000000000000AC
:40144000000000000000000000000000000000000000000000000000000000000000000000000000000000000000000000000000000000000000000000000000000000006C
:40148000000000000000000000000000000000000000000000000000000000000000000000000000000000000000000000000000000000000000000000000000000000002C
:4014C00000000000000000000000000000000000000000000000000000000000000000000000000000000000000000000000000000000000000000000000000000000000EC
:4015000000000000000000000000000000000000000000000000000000000000000000000000000000000000000000000000000000000000000000000000000000000000AB
:40154000000000000000000000000000000000000000000000000000000000000000000000000000000000000000000000000000000000000000000000000000000000006B
:40158000000000000000000000000000000000000000000000000000000000000000000000000000000000000000000000000000000000000000000000000000000000002B
:4015C00000000000000000000000000000000000000000000000000000000000000000000000000000000000000000000000000000000000000000000000000000000000EB
:4016000000000000000000000000000000000000000000000000000000000000000000000000000000000000000000000000000000000000000000000000000000000000AA
:40164000000000000000000000000000000000000000000000000000000000000000000000000000000000000000000000000000000000000000000000000000000000006A
:40168000000000000000000000000000000000000000000000000000000000000000000000000000000000000000000000000000000000000000000000000000000000002A
:4016C00000000000000000000000000000000000000000000000000000000000000000000000000000000000000000000000000000000000000000000000000000000000EA
:4017000000000000000000000000000000000000000000000000000000000000000000000000000000000000000000000000000000000000000000000000000000000000A9
:401740000000000000000000000000000000000000000000000000000000000000000000000000000000000000000000000000000000000000000000000000000000000069
:401780000000000000000000000000000000000000000000000000000000000000000000000000000000000000000000000000000000000000000000000000000000000029
:4017C00000000000000000000000000000000000000000000000000000000000000000000000000000000000000000000000000000000000000000000000000000000000E9
:4018000000000000000000000000000000000000000000000000000000000000000000000000000000000000000000000000000000000000000000000000000000000000A8
:401840000000000000000000000000000000000000000000000000000000000000000000000000000000000000000000000000000000000000000000000000000000000068
:401880000000000000000000000000000000000000000000000000000000000000000000000000000000000000000000000000000000000000000000000000000000000028
:4018C00000000000000000000000000000000000000000000000000000000000000000000000000000000000000000000000000000000000000000000000000000000000E8
:4019000000000000000000000000000000000000000000000000000000000000000000000000000000000000000000000000000000000000000000000000000000000000A7
:401940000000000000000000000000000000000000000000000000000000000000000000000000000000000000000000000000000000000000000000000000000000000067
:401980000000000000000000000000000000000000000000000000000000000000000000000000000000000000000000000000000000000000000000000000000000000027
:4019C00000000000000000000000000000000000000000000000000000000000000000000000000000000000000000000000000000000000000000000000000000000000E7
:401A000000000000000000000000000000000000000000000000000000000000000000000000000000000000000000000000000000000000000000000000000000000000A6
:401A40000000000000000000000000000000000000000000000000000000000000000000000000000000000000000000000000000000000000000000000000000000000066
:401A80000000000000000000000000000000000000000000000000000000000000000000000000000000000000000000000000000000000000000000000000000000000026
:401AC00000000000000000000000000000000000000000000000000000000000000000000000000000000000000000000000000000000000000000000000000000000000E6
:401B000000000000000000000000000000000000000000000000000000000000000000000000000000000000000000000000000000000000000000000000000000000000A5
:401B40000000000000000000000000000000000000000000000000000000000000000000000000000000000000000000000000000000000000000000000000000000000065
:401B80000000000000000000000000000000000000000000000000000000000000000000000000000000000000000000000000000000000000000000000000000000000025
:401BC00000000000000000000000000000000000000000000000000000000000000000000000000000000000000000000000000000000000000000000000000000000000E5
:401C000000000000000000000000000000000000000000000000000000000000000000000000000000000000000000000000000000000000000000000000000000000000A4
:401C40000000000000000000000000000000000000000000000000000000000000000000000000000000000000000000000000000000000000000000000000000000000064
:401C80000000000000000000000000000000000000000000000000000000000000000000000000000000000000000000000000000000000000000000000000000000000024
:401CC00000000000000000000000000000000000000000000000000000000000000000000000000000000000000000000000000000000000000000000000000000000000E4
:401D000000000000000000000000000000000000000000000000000000000000000000000000000000000000000000000000000000000000000000000000000000000000A3
:401D40000000000000000000000000000000000000000000000000000000000000000000000000000000000000000000000000000000000000000000000000000000000063
:401D80000000000000000000000000000000000000000000000000000000000000000000000000000000000000000000000000000000000000000000000000000000000023
:401DC00000000000000000000000000000000000000000000000000000000000000000000000000000000000000000000000000000000000000000000000000000000000E3
:401E000000000000000000000000000000000000000000000000000000000000000000000000000000000000000000000000000000000000000000000000000000000000A2
:401E40000000000000000000000000000000000000000000000000000000000000000000000000000000000000000000000000000000000000000000000000000000000062
:401E80000000000000000000000000000000000000000000000000000000000000000000000000000000000000000000000000000000000000000000000000000000000022
:401EC00000000000000000000000000000000000000000000000000000000000000000000000000000000000000000000000000000000000000000000000000000000000E2
:401F000000000000000000000000000000000000000000000000000000000000000000000000000000000000000000000000000000000000000000000000000000000000A1
:401F40000000000000000000000000000000000000000000000000000000000000000000000000000000000000000000000000000000000000000000000000000000000061
:401F80000000000000000000000000000000000000000000000000000000000000000000000000000000000000000000000000000000000000000000000000000000000021
:401FC00000000000000000000000000000000000000000000000000000000000000000000000000000000000000000000000000000000000000000000000000000000000E1
:4020000000000000000000000000000000000000000000000000000000000000000000000000000000000000000000000000000000000000000000000000000000000000A0
:402040000000000000000000000000000000000000000000000000000000000000000000000000000000000000000000000000000000000000000000000000000000000060
:402080000000000000000000000000000000000000000000000000000000000000000000000000000000000000000000000000000000000000000000000000000000000020
:4020C00000000000000000000000000000000000000000000000000000000000000000000000000000000000000000000000000000000000000000000000000000000000E0
:40210000000000000000000000000000000000000000000000000000000000000000000000000000000000000000000000000000000000000000000000000000000000009F
:40214000000000000000000000000000000000000000000000000000000000000000000000000000000000000000000000000000000000000000000000000000000000005F
:40218000000000000000000000000000000000000000000000000000000000000000000000000000000000000000000000000000000000000000000000000000000000001F
:4021C00000000000000000000000000000000000000000000000000000000000000000000000000000000000000000000000000000000000000000000000000000000000DF
:40220000000000000000000000000000000000000000000000000000000000000000000000000000000000000000000000000000000000000000000000000000000000009E
:40224000000000000000000000000000000000000000000000000000000000000000000000000000000000000000000000000000000000000000000000000000000000005E
:40228000000000000000000000000000000000000000000000000000000000000000000000000000000000000000000000000000000000000000000000000000000000001E
:4022C00000000000000000000000000000000000000000000000000000000000000000000000000000000000000000000000000000000000000000000000000000000000DE
:40230000000000000000000000000000000000000000000000000000000000000000000000000000000000000000000000000000000000000000000000000000000000009D
:40234000000000000000000000000000000000000000000000000000000000000000000000000000000000000000000000000000000000000000000000000000000000005D
:40238000000000000000000000000000000000000000000000000000000000000000000000000000000000000000000000000000000000000000000000000000000000001D
:4023C00000000000000000000000000000000000000000000000000000000000000000000000000000000000000000000000000000000000000000000000000000000000DD
:40240000000000000000000000000000000000000000000000000000000000000000000000000000000000000000000000000000000000000000000000000000000000009C
:40244000000000000000000000000000000000000000000000000000000000000000000000000000000000000000000000000000000000000000000000000000000000005C
:40248000000000000000000000000000000000000000000000000000000000000000000000000000000000000000000000000000000000000000000000000000000000001C
:4024C00000000000000000000000000000000000000000000000000000000000000000000000000000000000000000000000000000000000000000000000000000000000DC
:40250000000000000000000000000000000000000000000000000000000000000000000000000000000000000000000000000000000000000000000000000000000000009B
:40254000000000000000000000000000000000000000000000000000000000000000000000000000000000000000000000000000000000000000000000000000000000005B
:40258000000000000000000000000000000000000000000000000000000000000000000000000000000000000000000000000000000000000000000000000000000000001B
:4025C00000000000000000000000000000000000000000000000000000000000000000000000000000000000000000000000000000000000000000000000000000000000DB
:40260000000000000000000000000000000000000000000000000000000000000000000000000000000000000000000000000000000000000000000000000000000000009A
:40264000000000000000000000000000000000000000000000000000000000000000000000000000000000000000000000000000000000000000000000000000000000005A
:40268000000000000000000000000000000000000000000000000000000000000000000000000000000000000000000000000000000000000000000000000000000000001A
:4026C00000000000000000000000000000000000000000000000000000000000000000000000000000000000000000000000000000000000000000000000000000000000DA
:402700000000000000000000000000000000000000000000000000000000000000000000000000000000000000000000000000000000000000000000000000000000000099
:402740000000000000000000000000000000000000000000000000000000000000000000000000000000000000000000000000000000000000000000000000000000000059
:402780000000000000000000000000000000000000000000000000000000000000000000000000000000000000000000000000000000000000000000000000000000000019
:4027C00000000000000000000000000000000000000000000000000000000000000000000000000000000000000000000000000000000000000000000000000000000000D9
:402800000000000000000000000000000000000000000000000000000000000000000000000000000000000000000000000000000000000000000000000000000000000098
:402840000000000000000000000000000000000000000000000000000000000000000000000000000000000000000000000000000000000000000000000000000000000058
:402880000000000000000000000000000000000000000000000000000000000000000000000000000000000000000000000000000000000000000000000000000000000018
:4028C00000000000000000000000000000000000000000000000000000000000000000000000000000000000000000000000000000000000000000000000000000000000D8
:402900000000000000000000000000000000000000000000000000000000000000000000000000000000000000000000000000000000000000000000000000000000000097
:402940000000000000000000000000000000000000000000000000000000000000000000000000000000000000000000000000000000000000000000000000000000000057
:402980000000000000000000000000000000000000000000000000000000000000000000000000000000000000000000000000000000000000000000000000000000000017
:4029C00000000000000000000000000000000000000000000000000000000000000000000000000000000000000000000000000000000000000000000000000000000000D7
:402A00000000000000000000000000000000000000000000000000000000000000000000000000000000000000000000000000000000000000000000000000000000000096
:402A40000000000000000000000000000000000000000000000000000000000000000000000000000000000000000000000000000000000000000000000000000000000056
:402A80000000000000000000000000000000000000000000000000000000000000000000000000000000000000000000000000000000000000000000000000000000000016
:402AC00000000000000000000000000000000000000000000000000000000000000000000000000000000000000000000000000000000000000000000000000000000000D6
:402B00000000000000000000000000000000000000000000000000000000000000000000000000000000000000000000000000000000000000000000000000000000000095
:402B40000000000000000000000000000000000000000000000000000000000000000000000000000000000000000000000000000000000000000000000000000000000055
:402B80000000000000000000000000000000000000000000000000000000000000000000000000000000000000000000000000000000000000000000000000000000000015
:402BC00000000000000000000000000000000000000000000000000000000000000000000000000000000000000000000000000000000000000000000000000000000000D5
:402C00000000000000000000000000000000000000000000000000000000000000000000000000000000000000000000000000000000000000000000000000000000000094
:402C40000000000000000000000000000000000000000000000000000000000000000000000000000000000000000000000000000000000000000000000000000000000054
:402C80000000000000000000000000000000000000000000000000000000000000000000000000000000000000000000000000000000000000000000000000000000000014
:402CC00000000000000000000000000000000000000000000000000000000000000000000000000000000000000000000000000000000000000000000000000000000000D4
:402D00000000000000000000000000000000000000000000000000000000000000000000000000000000000000000000000000000000000000000000000000000000000093
:402D40000000000000000000000000000000000000000000000000000000000000000000000000000000000000000000000000000000000000000000000000000000000053
:402D80000000000000000000000000000000000000000000000000000000000000000000000000000000000000000000000000000000000000000000000000000000000013
:402DC00000000000000000000000000000000000000000000000000000000000000000000000000000000000000000000000000000000000000000000000000000000000D3
:402E00000000000000000000000000000000000000000000000000000000000000000000000000000000000000000000000000000000000000000000000000000000000092
:402E40000000000000000000000000000000000000000000000000000000000000000000000000000000000000000000000000000000000000000000000000000000000052
:402E80000000000000000000000000000000000000000000000000000000000000000000000000000000000000000000000000000000000000000000000000000000000012
:402EC00000000000000000000000000000000000000000000000000000000000000000000000000000000000000000000000000000000000000000000000000000000000D2
:402F00000000000000000000000000000000000000000000000000000000000000000000000000000000000000000000000000000000000000000000000000000000000091
:402F40000000000000000000000000000000000000000000000000000000000000000000000000000000000000000000000000000000000000000000000000000000000051
:402F80000000000000000000000000000000000000000000000000000000000000000000000000000000000000000000000000000000000000000000000000000000000011
:402FC00000000000000000000000000000000000000000000000000000000000000000000000000000000000000000000000000000000000000000000000000000000000D1
:403000000000000000000000000000000000000000000000000000000000000000000000000000000000000000000000000000000000000000000000000000000000000090
:403040000000000000000000000000000000000000000000000000000000000000000000000000000000000000000000000000000000000000000000000000000000000050
:403080000000000000000000000000000000000000000000000000000000000000000000000000000000000000000000000000000000000000000000000000000000000010
:4030C00000000000000000000000000000000000000000000000000000000000000000000000000000000000000000000000000000000000000000000000000000000000D0
:40310000000000000000000000000000000000000000000000000000000000000000000000000000000000000000000000000000000000000000000000000000000000008F
:40314000000000000000000000000000000000000000000000000000000000000000000000000000000000000000000000000000000000000000000000000000000000004F
:40318000000000000000000000000000000000000000000000000000000000000000000000000000000000000000000000000000000000000000000000000000000000000F
:4031C00000000000000000000000000000000000000000000000000000000000000000000000000000000000000000000000000000000000000000000000000000000000CF
:40320000000000000000000000000000000000000000000000000000000000000000000000000000000000000000000000000000000000000000000000000000000000008E
:40324000000000000000000000000000000000000000000000000000000000000000000000000000000000000000000000000000000000000000000000000000000000004E
:40328000000000000000000000000000000000000000000000000000000000000000000000000000000000000000000000000000000000000000000000000000000000000E
:4032C00000000000000000000000000000000000000000000000000000000000000000000000000000000000000000000000000000000000000000000000000000000000CE
:40330000000000000000000000000000000000000000000000000000000000000000000000000000000000000000000000000000000000000000000000000000000000008D
:40334000000000000000000000000000000000000000000000000000000000000000000000000000000000000000000000000000000000000000000000000000000000004D
:40338000000000000000000000000000000000000000000000000000000000000000000000000000000000000000000000000000000000000000000000000000000000000D
:4033C00000000000000000000000000000000000000000000000000000000000000000000000000000000000000000000000000000000000000000000000000000000000CD
:40340000000000000000000000000000000000000000000000000000000000000000000000000000000000000000000000000000000000000000000000000000000000008C
:40344000000000000000000000000000000000000000000000000000000000000000000000000000000000000000000000000000000000000000000000000000000000004C
:40348000000000000000000000000000000000000000000000000000000000000000000000000000000000000000000000000000000000000000000000000000000000000C
:4034C00000000000000000000000000000000000000000000000000000000000000000000000000000000000000000000000000000000000000000000000000000000000CC
:40350000000000000000000000000000000000000000000000000000000000000000000000000000000000000000000000000000000000000000000000000000000000008B
:40354000000000000000000000000000000000000000000000000000000000000000000000000000000000000000000000000000000000000000000000000000000000004B
:40358000000000000000000000000000000000000000000000000000000000000000000000000000000000000000000000000000000000000000000000000000000000000B
:4035C00000000000000000000000000000000000000000000000000000000000000000000000000000000000000000000000000000000000000000000000000000000000CB
:40360000000000000000000000000000000000000000000000000000000000000000000000000000000000000000000000000000000000000000000000000000000000008A
:40364000000000000000000000000000000000000000000000000000000000000000000000000000000000000000000000000000000000000000000000000000000000004A
:40368000000000000000000000000000000000000000000000000000000000000000000000000000000000000000000000000000000000000000000000000000000000000A
:4036C00000000000000000000000000000000000000000000000000000000000000000000000000000000000000000000000000000000000000000000000000000000000CA
:403700000000000000000000000000000000000000000000000000000000000000000000000000000000000000000000000000000000000000000000000000000000000089
:403740000000000000000000000000000000000000000000000000000000000000000000000000000000000000000000000000000000000000000000000000000000000049
:403780000000000000000000000000000000000000000000000000000000000000000000000000000000000000000000000000000000000000000000000000000000000009
:4037C00000000000000000000000000000000000000000000000000000000000000000000000000000000000000000000000000000000000000000000000000000000000C9
:403800000000000000000000000000000000000000000000000000000000000000000000000000000000000000000000000000000000000000000000000000000000000088
:403840000000000000000000000000000000000000000000000000000000000000000000000000000000000000000000000000000000000000000000000000000000000048
:403880000000000000000000000000000000000000000000000000000000000000000000000000000000000000000000000000000000000000000000000000000000000008
:4038C00000000000000000000000000000000000000000000000000000000000000000000000000000000000000000000000000000000000000000000000000000000000C8
:403900000000000000000000000000000000000000000000000000000000000000000000000000000000000000000000000000000000000000000000000000000000000087
:403940000000000000000000000000000000000000000000000000000000000000000000000000000000000000000000000000000000000000000000000000000000000047
:403980000000000000000000000000000000000000000000000000000000000000000000000000000000000000000000000000000000000000000000000000000000000007
:4039C00000000000000000000000000000000000000000000000000000000000000000000000000000000000000000000000000000000000000000000000000000000000C7
:403A00000000000000000000000000000000000000000000000000000000000000000000000000000000000000000000000000000000000000000000000000000000000086
:403A40000000000000000000000000000000000000000000000000000000000000000000000000000000000000000000000000000000000000000000000000000000000046
:403A80000000000000000000000000000000000000000000000000000000000000000000000000000000000000000000000000000000000000000000000000000000000006
:403AC00000000000000000000000000000000000000000000000000000000000000000000000000000000000000000000000000000000000000000000000000000000000C6
:403B00000000000000000000000000000000000000000000000000000000000000000000000000000000000000000000000000000000000000000000000000000000000085
:403B40000000000000000000000000000000000000000000000000000000000000000000000000000000000000000000000000000000000000000000000000000000000045
:403B80000000000000000000000000000000000000000000000000000000000000000000000000000000000000000000000000000000000000000000000000000000000005
:403BC00000000000000000000000000000000000000000000000000000000000000000000000000000000000000000000000000000000000000000000000000000000000C5
:403C00000000000000000000000000000000000000000000000000000000000000000000000000000000000000000000000000000000000000000000000000000000000084
:403C40000000000000000000000000000000000000000000000000000000000000000000000000000000000000000000000000000000000000000000000000000000000044
:403C80000000000000000000000000000000000000000000000000000000000000000000000000000000000000000000000000000000000000000000000000000000000004
:403CC00000000000000000000000000000000000000000000000000000000000000000000000000000000000000000000000000000000000000000000000000000000000C4
:403D00000000000000000000000000000000000000000000000000000000000000000000000000000000000000000000000000000000000000000000000000000000000083
:403D40000000000000000000000000000000000000000000000000000000000000000000000000000000000000000000000000000000000000000000000000000000000043
:403D80000000000000000000000000000000000000000000000000000000000000000000000000000000000000000000000000000000000000000000000000000000000003
:403DC00000000000000000000000000000000000000000000000000000000000000000000000000000000000000000000000000000000000000000000000000000000000C3
:403E00000000000000000000000000000000000000000000000000000000000000000000000000000000000000000000000000000000000000000000000000000000000082
:403E40000000000000000000000000000000000000000000000000000000000000000000000000000000000000000000000000000000000000000000000000000000000042
:403E80000000000000000000000000000000000000000000000000000000000000000000000000000000000000000000000000000000000000000000000000000000000002
:403EC00000000000000000000000000000000000000000000000000000000000000000000000000000000000000000000000000000000000000000000000000000000000C2
:403F00000000000000000000000000000000000000000000000000000000000000000000000000000000000000000000000000000000000000000000000000000000000081
:403F40000000000000000000000000000000000000000000000000000000000000000000000000000000000000000000000000000000000000000000000000000000000041
:403F80000000000000000000000000000000000000000000000000000000000000000000000000000000000000000000000000000000000000000000000000000000000001
:403FC00000000000000000000000000000000000000000000000000000000000000000000000000000000000000000000000000000000000000000000000000000000000C1
:404000000000000000000000000000000000000000000000000000000000000000000000000000000000000000000000000000000000000000000000000000000000000080
:404040000000000000000000000000000000000000000000000000000000000000000000000000000000000000000000000000000000000000000000000000000000000040
:404080000000000000000000000000000000000000000000000000000000000000000000000000000000000000000000000000000000000000000000000000000000000000
:4040C00000000000000000000000000000000000000000000000000000000000000000000000000000000000000000000000000000000000000000000000000000000000C0
:40410000000000000000000000000000000000000000000000000000000000000000000000000000000000000000000000000000000000000000000000000000000000007F
:40414000000000000000000000000000000000000000000000000000000000000000000000000000000000000000000000000000000000000000000000000000000000003F
:4041800000000000000000000000000000000000000000000000000000000000000000000000000000000000000000000000000000000000000000000000000000000000FF
:4041C00000000000000000000000000000000000000000000000000000000000000000000000000000000000000000000000000000000000000000000000000000000000BF
:40420000000000000000000000000000000000000000000000000000000000000000000000000000000000000000000000000000000000000000000000000000000000007E
:40424000000000000000000000000000000000000000000000000000000000000000000000000000000000000000000000000000000000000000000000000000000000003E
:4042800000000000000000000000000000000000000000000000000000000000000000000000000000000000000000000000000000000000000000000000000000000000FE
:4042C00000000000000000000000000000000000000000000000000000000000000000000000000000000000000000000000000000000000000000000000000000000000BE
:40430000000000000000000000000000000000000000000000000000000000000000000000000000000000000000000000000000000000000000000000000000000000007D
:40434000000000000000000000000000000000000000000000000000000000000000000000000000000000000000000000000000000000000000000000000000000000003D
:4043800000000000000000000000000000000000000000000000000000000000000000000000000000000000000000000000000000000000000000000000000000000000FD
:4043C00000000000000000000000000000000000000000000000000000000000000000000000000000000000000000000000000000000000000000000000000000000000BD
:40440000000000000000000000000000000000000000000000000000000000000000000000000000000000000000000000000000000000000000000000000000000000007C
:40444000000000000000000000000000000000000000000000000000000000000000000000000000000000000000000000000000000000000000000000000000000000003C
:4044800000000000000000000000000000000000000000000000000000000000000000000000000000000000000000000000000000000000000000000000000000000000FC
:4044C00000000000000000000000000000000000000000000000000000000000000000000000000000000000000000000000000000000000000000000000000000000000BC
:40450000000000000000000000000000000000000000000000000000000000000000000000000000000000000000000000000000000000000000000000000000000000007B
:40454000000000000000000000000000000000000000000000000000000000000000000000000000000000000000000000000000000000000000000000000000000000003B
:4045800000000000000000000000000000000000000000000000000000000000000000000000000000000000000000000000000000000000000000000000000000000000FB
:4045C00000000000000000000000000000000000000000000000000000000000000000000000000000000000000000000000000000000000000000000000000000000000BB
:40460000000000000000000000000000000000000000000000000000000000000000000000000000000000000000000000000000000000000000000000000000000000007A
:40464000000000000000000000000000000000000000000000000000000000000000000000000000000000000000000000000000000000000000000000000000000000003A
:4046800000000000000000000000000000000000000000000000000000000000000000000000000000000000000000000000000000000000000000000000000000000000FA
:4046C00000000000000000000000000000000000000000000000000000000000000000000000000000000000000000000000000000000000000000000000000000000000BA
:404700000000000000000000000000000000000000000000000000000000000000000000000000000000000000000000000000000000000000000000000000000000000079
:404740000000000000000000000000000000000000000000000000000000000000000000000000000000000000000000000000000000000000000000000000000000000039
:4047800000000000000000000000000000000000000000000000000000000000000000000000000000000000000000000000000000000000000000000000000000000000F9
:4047C00000000000000000000000000000000000000000000000000000000000000000000000000000000000000000000000000000000000000000000000000000000000B9
:404800000000000000000000000000000000000000000000000000000000000000000000000000000000000000000000000000000000000000000000000000000000000078
:404840000000000000000000000000000000000000000000000000000000000000000000000000000000000000000000000000000000000000000000000000000000000038
:4048800000000000000000000000000000000000000000000000000000000000000000000000000000000000000000000000000000000000000000000000000000000000F8
:4048C00000000000000000000000000000000000000000000000000000000000000000000000000000000000000000000000000000000000000000000000000000000000B8
:404900000000000000000000000000000000000000000000000000000000000000000000000000000000000000000000000000000000000000000000000000000000000077
:404940000000000000000000000000000000000000000000000000000000000000000000000000000000000000000000000000000000000000000000000000000000000037
:4049800000000000000000000000000000000000000000000000000000000000000000000000000000000000000000000000000000000000000000000000000000000000F7
:4049C00000000000000000000000000000000000000000000000000000000000000000000000000000000000000000000000000000000000000000000000000000000000B7
:404A00000000000000000000000000000000000000000000000000000000000000000000000000000000000000000000000000000000000000000000000000000000000076
:404A40000000000000000000000000000000000000000000000000000000000000000000000000000000000000000000000000000000000000000000000000000000000036
:404A800000000000000000000000000000000000000000000000000000000000000000000000000000000000000000000000000000000000000000000000000000000000F6
:404AC00000000000000000000000000000000000000000000000000000000000000000000000000000000000000000000000000000000000000000000000000000000000B6
:404B00000000000000000000000000000000000000000000000000000000000000000000000000000000000000000000000000000000000000000000000000000000000075
:404B40000000000000000000000000000000000000000000000000000000000000000000000000000000000000000000000000000000000000000000000000000000000035
:404B800000000000000000000000000000000000000000000000000000000000000000000000000000000000000000000000000000000000000000000000000000000000F5
:404BC00000000000000000000000000000000000000000000000000000000000000000000000000000000000000000000000000000000000000000000000000000000000B5
:404C00000000000000000000000000000000000000000000000000000000000000000000000000000000000000000000000000000000000000000000000000000000000074
:404C40000000000000000000000000000000000000000000000000000000000000000000000000000000000000000000000000000000000000000000000000000000000034
:404C800000000000000000000000000000000000000000000000000000000000000000000000000000000000000000000000000000000000000000000000000000000000F4
:404CC00000000000000000000000000000000000000000000000000000000000000000000000000000000000000000000000000000000000000000000000000000000000B4
:404D00000000000000000000000000000000000000000000000000000000000000000000000000000000000000000000000000000000000000000000000000000000000073
:404D40000000000000000000000000000000000000000000000000000000000000000000000000000000000000000000000000000000000000000000000000000000000033
:404D800000000000000000000000000000000000000000000000000000000000000000000000000000000000000000000000000000000000000000000000000000000000F3
:404DC00000000000000000000000000000000000000000000000000000000000000000000000000000000000000000000000000000000000000000000000000000000000B3
:404E00000000000000000000000000000000000000000000000000000000000000000000000000000000000000000000000000000000000000000000000000000000000072
:404E40000000000000000000000000000000000000000000000000000000000000000000000000000000000000000000000000000000000000000000000000000000000032
:404E800000000000000000000000000000000000000000000000000000000000000000000000000000000000000000000000000000000000000000000000000000000000F2
:404EC00000000000000000000000000000000000000000000000000000000000000000000000000000000000000000000000000000000000000000000000000000000000B2
:404F00000000000000000000000000000000000000000000000000000000000000000000000000000000000000000000000000000000000000000000000000000000000071
:404F40000000000000000000000000000000000000000000000000000000000000000000000000000000000000000000000000000000000000000000000000000000000031
:404F800000000000000000000000000000000000000000000000000000000000000000000000000000000000000000000000000000000000000000000000000000000000F1
:404FC00000000000000000000000000000000000000000000000000000000000000000000000000000000000000000000000000000000000000000000000000000000000B1
:405000000000000000000000000000000000000000000000000000000000000000000000000000000000000000000000000000000000000000000000000000000000000070
:405040000000000000000000000000000000000000000000000000000000000000000000000000000000000000000000000000000000000000000000000000000000000030
:4050800000000000000000000000000000000000000000000000000000000000000000000000000000000000000000000000000000000000000000000000000000000000F0
:4050C00000000000000000000000000000000000000000000000000000000000000000000000000000000000000000000000000000000000000000000000000000000000B0
:40510000000000000000000000000000000000000000000000000000000000000000000000000000000000000000000000000000000000000000000000000000000000006F
:40514000000000000000000000000000000000000000000000000000000000000000000000000000000000000000000000000000000000000000000000000000000000002F
:4051800000000000000000000000000000000000000000000000000000000000000000000000000000000000000000000000000000000000000000000000000000000000EF
:4051C00000000000000000000000000000000000000000000000000000000000000000000000000000000000000000000000000000000000000000000000000000000000AF
:40520000000000000000000000000000000000000000000000000000000000000000000000000000000000000000000000000000000000000000000000000000000000006E
:40524000000000000000000000000000000000000000000000000000000000000000000000000000000000000000000000000000000000000000000000000000000000002E
:4052800000000000000000000000000000000000000000000000000000000000000000000000000000000000000000000000000000000000000000000000000000000000EE
:4052C00000000000000000000000000000000000000000000000000000000000000000000000000000000000000000000000000000000000000000000000000000000000AE
:40530000000000000000000000000000000000000000000000000000000000000000000000000000000000000000000000000000000000000000000000000000000000006D
:40534000000000000000000000000000000000000000000000000000000000000000000000000000000000000000000000000000000000000000000000000000000000002D
:4053800000000000000000000000000000000000000000000000000000000000000000000000000000000000000000000000000000000000000000000000000000000000ED
:4053C00000000000000000000000000000000000000000000000000000000000000000000000000000000000000000000000000000000000000000000000000000000000AD
:40540000000000000000000000000000000000000000000000000000000000000000000000000000000000000000000000000000000000000000000000000000000000006C
:40544000000000000000000000000000000000000000000000000000000000000000000000000000000000000000000000000000000000000000000000000000000000002C
:4054800000000000000000000000000000000000000000000000000000000000000000000000000000000000000000000000000000000000000000000000000000000000EC
:4054C00000000000000000000000000000000000000000000000000000000000000000000000000000000000000000000000000000000000000000000000000000000000AC
:40550000000000000000000000000000000000000000000000000000000000000000000000000000000000000000000000000000000000000000000000000000000000006B
:40554000000000000000000000000000000000000000000000000000000000000000000000000000000000000000000000000000000000000000000000000000000000002B
:4055800000000000000000000000000000000000000000000000000000000000000000000000000000000000000000000000000000000000000000000000000000000000EB
:4055C00000000000000000000000000000000000000000000000000000000000000000000000000000000000000000000000000000000000000000000000000000000000AB
:40560000000000000000000000000000000000000000000000000000000000000000000000000000000000000000000000000000000000000000000000000000000000006A
:40564000000000000000000000000000000000000000000000000000000000000000000000000000000000000000000000000000000000000000000000000000000000002A
:4056800000000000000000000000000000000000000000000000000000000000000000000000000000000000000000000000000000000000000000000000000000000000EA
:4056C00000000000000000000000000000000000000000000000000000000000000000000000000000000000000000000000000000000000000000000000000000000000AA
:405700000000000000000000000000000000000000000000000000000000000000000000000000000000000000000000000000000000000000000000000000000000000069
:405740000000000000000000000000000000000000000000000000000000000000000000000000000000000000000000000000000000000000000000000000000000000029
:4057800000000000000000000000000000000000000000000000000000000000000000000000000000000000000000000000000000000000000000000000000000000000E9
:4057C00000000000000000000000000000000000000000000000000000000000000000000000000000000000000000000000000000000000000000000000000000000000A9
:405800000000000000000000000000000000000000000000000000000000000000000000000000000000000000000000000000000000000000000000000000000000000068
:405840000000000000000000000000000000000000000000000000000000000000000000000000000000000000000000000000000000000000000000000000000000000028
:4058800000000000000000000000000000000000000000000000000000000000000000000000000000000000000000000000000000000000000000000000000000000000E8
:4058C00000000000000000000000000000000000000000000000000000000000000000000000000000000000000000000000000000000000000000000000000000000000A8
:405900000000000000000000000000000000000000000000000000000000000000000000000000000000000000000000000000000000000000000000000000000000000067
:405940000000000000000000000000000000000000000000000000000000000000000000000000000000000000000000000000000000000000000000000000000000000027
:4059800000000000000000000000000000000000000000000000000000000000000000000000000000000000000000000000000000000000000000000000000000000000E7
:4059C00000000000000000000000000000000000000000000000000000000000000000000000000000000000000000000000000000000000000000000000000000000000A7
:405A00000000000000000000000000000000000000000000000000000000000000000000000000000000000000000000000000000000000000000000000000000000000066
:405A40000000000000000000000000000000000000000000000000000000000000000000000000000000000000000000000000000000000000000000000000000000000026
:405A800000000000000000000000000000000000000000000000000000000000000000000000000000000000000000000000000000000000000000000000000000000000E6
:405AC00000000000000000000000000000000000000000000000000000000000000000000000000000000000000000000000000000000000000000000000000000000000A6
:405B00000000000000000000000000000000000000000000000000000000000000000000000000000000000000000000000000000000000000000000000000000000000065
:405B40000000000000000000000000000000000000000000000000000000000000000000000000000000000000000000000000000000000000000000000000000000000025
:405B800000000000000000000000000000000000000000000000000000000000000000000000000000000000000000000000000000000000000000000000000000000000E5
:405BC00000000000000000000000000000000000000000000000000000000000000000000000000000000000000000000000000000000000000000000000000000000000A5
:405C00000000000000000000000000000000000000000000000000000000000000000000000000000000000000000000000000000000000000000000000000000000000064
:405C40000000000000000000000000000000000000000000000000000000000000000000000000000000000000000000000000000000000000000000000000000000000024
:405C800000000000000000000000000000000000000000000000000000000000000000000000000000000000000000000000000000000000000000000000000000000000E4
:405CC00000000000000000000000000000000000000000000000000000000000000000000000000000000000000000000000000000000000000000000000000000000000A4
:405D00000000000000000000000000000000000000000000000000000000000000000000000000000000000000000000000000000000000000000000000000000000000063
:405D40000000000000000000000000000000000000000000000000000000000000000000000000000000000000000000000000000000000000000000000000000000000023
:405D800000000000000000000000000000000000000000000000000000000000000000000000000000000000000000000000000000000000000000000000000000000000E3
:405DC00000000000000000000000000000000000000000000000000000000000000000000000000000000000000000000000000000000000000000000000000000000000A3
:405E00000000000000000000000000000000000000000000000000000000000000000000000000000000000000000000000000000000000000000000000000000000000062
:405E40000000000000000000000000000000000000000000000000000000000000000000000000000000000000000000000000000000000000000000000000000000000022
:405E800000000000000000000000000000000000000000000000000000000000000000000000000000000000000000000000000000000000000000000000000000000000E2
:405EC00000000000000000000000000000000000000000000000000000000000000000000000000000000000000000000000000000000000000000000000000000000000A2
:405F00000000000000000000000000000000000000000000000000000000000000000000000000000000000000000000000000000000000000000000000000000000000061
:405F40000000000000000000000000000000000000000000000000000000000000000000000000000000000000000000000000000000000000000000000000000000000021
:405F800000000000000000000000000000000000000000000000000000000000000000000000000000000000000000000000000000000000000000000000000000000000E1
:405FC00000000000000000000000000000000000000000000000000000000000000000000000000000000000000000000000000000000000000000000000000000000000A1
:406000000000000000000000000000000000000000000000000000000000000000000000000000000000000000000000000000000000000000000000000000000000000060
:406040000000000000000000000000000000000000000000000000000000000000000000000000000000000000000000000000000000000000000000000000000000000020
:4060800000000000000000000000000000000000000000000000000000000000000000000000000000000000000000000000000000000000000000000000000000000000E0
:4060C00000000000000000000000000000000000000000000000000000000000000000000000000000000000000000000000000000000000000000000000000000000000A0
:40610000000000000000000000000000000000000000000000000000000000000000000000000000000000000000000000000000000000000000000000000000000000005F
:40614000000000000000000000000000000000000000000000000000000000000000000000000000000000000000000000000000000000000000000000000000000000001F
:4061800000000000000000000000000000000000000000000000000000000000000000000000000000000000000000000000000000000000000000000000000000000000DF
:4061C000000000000000000000000000000000000000000000000000000000000000000000000000000000000000000000000000000000000000000000000000000000009F
:40620000000000000000000000000000000000000000000000000000000000000000000000000000000000000000000000000000000000000000000000000000000000005E
:40624000000000000000000000000000000000000000000000000000000000000000000000000000000000000000000000000000000000000000000000000000000000001E
:4062800000000000000000000000000000000000000000000000000000000000000000000000000000000000000000000000000000000000000000000000000000000000DE
:4062C000000000000000000000000000000000000000000000000000000000000000000000000000000000000000000000000000000000000000000000000000000000009E
:40630000000000000000000000000000000000000000000000000000000000000000000000000000000000000000000000000000000000000000000000000000000000005D
:40634000000000000000000000000000000000000000000000000000000000000000000000000000000000000000000000000000000000000000000000000000000000001D
:4063800000000000000000000000000000000000000000000000000000000000000000000000000000000000000000000000000000000000000000000000000000000000DD
:4063C000000000000000000000000000000000000000000000000000000000000000000000000000000000000000000000000000000000000000000000000000000000009D
:40640000000000000000000000000000000000000000000000000000000000000000000000000000000000000000000000000000000000000000000000000000000000005C
:40644000000000000000000000000000000000000000000000000000000000000000000000000000000000000000000000000000000000000000000000000000000000001C
:4064800000000000000000000000000000000000000000000000000000000000000000000000000000000000000000000000000000000000000000000000000000000000DC
:4064C000000000000000000000000000000000000000000000000000000000000000000000000000000000000000000000000000000000000000000000000000000000009C
:40650000000000000000000000000000000000000000000000000000000000000000000000000000000000000000000000000000000000000000000000000000000000005B
:40654000000000000000000000000000000000000000000000000000000000000000000000000000000000000000000000000000000000000000000000000000000000001B
:4065800000000000000000000000000000000000000000000000000000000000000000000000000000000000000000000000000000000000000000000000000000000000DB
:4065C000000000000000000000000000000000000000000000000000000000000000000000000000000000000000000000000000000000000000000000000000000000009B
:40660000000000000000000000000000000000000000000000000000000000000000000000000000000000000000000000000000000000000000000000000000000000005A
:40664000000000000000000000000000000000000000000000000000000000000000000000000000000000000000000000000000000000000000000000000000000000001A
:4066800000000000000000000000000000000000000000000000000000000000000000000000000000000000000000000000000000000000000000000000000000000000DA
:4066C000000000000000000000000000000000000000000000000000000000000000000000000000000000000000000000000000000000000000000000000000000000009A
:406700000000000000000000000000000000000000000000000000000000000000000000000000000000000000000000000000000000000000000000000000000000000059
:406740000000000000000000000000000000000000000000000000000000000000000000000000000000000000000000000000000000000000000000000000000000000019
:4067800000000000000000000000000000000000000000000000000000000000000000000000000000000000000000000000000000000000000000000000000000000000D9
:4067C0000000000000000000000000000000000000000000000000000000000000000000000000000000000000000000000000000000000000000000000000000000000099
:406800000000000000000000000000000000000000000000000000000000000000000000000000000000000000000000000000000000000000000000000000000000000058
:406840000000000000000000000000000000000000000000000000000000000000000000000000000000000000000000000000000000000000000000000000000000000018
:4068800000000000000000000000000000000000000000000000000000000000000000000000000000000000000000000000000000000000000000000000000000000000D8
:4068C0000000000000000000000000000000000000000000000000000000000000000000000000000000000000000000000000000000000000000000000000000000000098
:406900000000000000000000000000000000000000000000000000000000000000000000000000000000000000000000000000000000000000000000000000000000000057
:406940000000000000000000000000000000000000000000000000000000000000000000000000000000000000000000000000000000000000000000000000000000000017
:4069800000000000000000000000000000000000000000000000000000000000000000000000000000000000000000000000000000000000000000000000000000000000D7
:4069C0000000000000000000000000000000000000000000000000000000000000000000000000000000000000000000000000000000000000000000000000000000000097
:406A00000000000000000000000000000000000000000000000000000000000000000000000000000000000000000000000000000000000000000000000000000000000056
:406A40000000000000000000000000000000000000000000000000000000000000000000000000000000000000000000000000000000000000000000000000000000000016
:406A800000000000000000000000000000000000000000000000000000000000000000000000000000000000000000000000000000000000000000000000000000000000D6
:406AC0000000000000000000000000000000000000000000000000000000000000000000000000000000000000000000000000000000000000000000000000000000000096
:406B00000000000000000000000000000000000000000000000000000000000000000000000000000000000000000000000000000000000000000000000000000000000055
:406B40000000000000000000000000000000000000000000000000000000000000000000000000000000000000000000000000000000000000000000000000000000000015
:406B800000000000000000000000000000000000000000000000000000000000000000000000000000000000000000000000000000000000000000000000000000000000D5
:406BC0000000000000000000000000000000000000000000000000000000000000000000000000000000000000000000000000000000000000000000000000000000000095
:406C00000000000000000000000000000000000000000000000000000000000000000000000000000000000000000000000000000000000000000000000000000000000054
:406C40000000000000000000000000000000000000000000000000000000000000000000000000000000000000000000000000000000000000000000000000000000000014
:406C800000000000000000000000000000000000000000000000000000000000000000000000000000000000000000000000000000000000000000000000000000000000D4
:406CC0000000000000000000000000000000000000000000000000000000000000000000000000000000000000000000000000000000000000000000000000000000000094
:406D00000000000000000000000000000000000000000000000000000000000000000000000000000000000000000000000000000000000000000000000000000000000053
:406D40000000000000000000000000000000000000000000000000000000000000000000000000000000000000000000000000000000000000000000000000000000000013
:406D800000000000000000000000000000000000000000000000000000000000000000000000000000000000000000000000000000000000000000000000000000000000D3
:406DC0000000000000000000000000000000000000000000000000000000000000000000000000000000000000000000000000000000000000000000000000000000000093
:406E00000000000000000000000000000000000000000000000000000000000000000000000000000000000000000000000000000000000000000000000000000000000052
:406E40000000000000000000000000000000000000000000000000000000000000000000000000000000000000000000000000000000000000000000000000000000000012
:406E800000000000000000000000000000000000000000000000000000000000000000000000000000000000000000000000000000000000000000000000000000000000D2
:406EC0000000000000000000000000000000000000000000000000000000000000000000000000000000000000000000000000000000000000000000000000000000000092
:406F00000000000000000000000000000000000000000000000000000000000000000000000000000000000000000000000000000000000000000000000000000000000051
:406F40000000000000000000000000000000000000000000000000000000000000000000000000000000000000000000000000000000000000000000000000000000000011
:406F800000000000000000000000000000000000000000000000000000000000000000000000000000000000000000000000000000000000000000000000000000000000D1
:406FC0000000000000000000000000000000000000000000000000000000000000000000000000000000000000000000000000000000000000000000000000000000000091
:407000000000000000000000000000000000000000000000000000000000000000000000000000000000000000000000000000000000000000000000000000000000000050
:407040000000000000000000000000000000000000000000000000000000000000000000000000000000000000000000000000000000000000000000000000000000000010
:4070800000000000000000000000000000000000000000000000000000000000000000000000000000000000000000000000000000000000000000000000000000000000D0
:4070C0000000000000000000000000000000000000000000000000000000000000000000000000000000000000000000000000000000000000000000000000000000000090
:40710000000000000000000000000000000000000000000000000000000000000000000000000000000000000000000000000000000000000000000000000000000000004F
:40714000000000000000000000000000000000000000000000000000000000000000000000000000000000000000000000000000000000000000000000000000000000000F
:4071800000000000000000000000000000000000000000000000000000000000000000000000000000000000000000000000000000000000000000000000000000000000CF
:4071C000000000000000000000000000000000000000000000000000000000000000000000000000000000000000000000000000000000000000000000000000000000008F
:40720000000000000000000000000000000000000000000000000000000000000000000000000000000000000000000000000000000000000000000000000000000000004E
:40724000000000000000000000000000000000000000000000000000000000000000000000000000000000000000000000000000000000000000000000000000000000000E
:4072800000000000000000000000000000000000000000000000000000000000000000000000000000000000000000000000000000000000000000000000000000000000CE
:4072C000000000000000000000000000000000000000000000000000000000000000000000000000000000000000000000000000000000000000000000000000000000008E
:40730000000000000000000000000000000000000000000000000000000000000000000000000000000000000000000000000000000000000000000000000000000000004D
:40734000000000000000000000000000000000000000000000000000000000000000000000000000000000000000000000000000000000000000000000000000000000000D
:4073800000000000000000000000000000000000000000000000000000000000000000000000000000000000000000000000000000000000000000000000000000000000CD
:4073C000000000000000000000000000000000000000000000000000000000000000000000000000000000000000000000000000000000000000000000000000000000008D
:40740000000000000000000000000000000000000000000000000000000000000000000000000000000000000000000000000000000000000000000000000000000000004C
:40744000000000000000000000000000000000000000000000000000000000000000000000000000000000000000000000000000000000000000000000000000000000000C
:4074800000000000000000000000000000000000000000000000000000000000000000000000000000000000000000000000000000000000000000000000000000000000CC
:4074C000000000000000000000000000000000000000000000000000000000000000000000000000000000000000000000000000000000000000000000000000000000008C
:40750000000000000000000000000000000000000000000000000000000000000000000000000000000000000000000000000000000000000000000000000000000000004B
:40754000000000000000000000000000000000000000000000000000000000000000000000000000000000000000000000000000000000000000000000000000000000000B
:4075800000000000000000000000000000000000000000000000000000000000000000000000000000000000000000000000000000000000000000000000000000000000CB
:4075C000000000000000000000000000000000000000000000000000000000000000000000000000000000000000000000000000000000000000000000000000000000008B
:40760000000000000000000000000000000000000000000000000000000000000000000000000000000000000000000000000000000000000000000000000000000000004A
:40764000000000000000000000000000000000000000000000000000000000000000000000000000000000000000000000000000000000000000000000000000000000000A
:4076800000000000000000000000000000000000000000000000000000000000000000000000000000000000000000000000000000000000000000000000000000000000CA
:4076C000000000000000000000000000000000000000000000000000000000000000000000000000000000000000000000000000000000000000000000000000000000008A
:407700000000000000000000000000000000000000000000000000000000000000000000000000000000000000000000000000000000000000000000000000000000000049
:407740000000000000000000000000000000000000000000000000000000000000000000000000000000000000000000000000000000000000000000000000000000000009
:4077800000000000000000000000000000000000000000000000000000000000000000000000000000000000000000000000000000000000000000000000000000000000C9
:4077C0000000000000000000000000000000000000000000000000000000000000000000000000000000000000000000000000000000000000000000000000000000000089
:407800000000000000000000000000000000000000000000000000000000000000000000000000000000000000000000000000000000000000000000000000000000000048
:407840000000000000000000000000000000000000000000000000000000000000000000000000000000000000000000000000000000000000000000000000000000000008
:4078800000000000000000000000000000000000000000000000000000000000000000000000000000000000000000000000000000000000000000000000000000000000C8
:4078C0000000000000000000000000000000000000000000000000000000000000000000000000000000000000000000000000000000000000000000000000000000000088
:407900000000000000000000000000000000000000000000000000000000000000000000000000000000000000000000000000000000000000000000000000000000000047
:407940000000000000000000000000000000000000000000000000000000000000000000000000000000000000000000000000000000000000000000000000000000000007
:4079800000000000000000000000000000000000000000000000000000000000000000000000000000000000000000000000000000000000000000000000000000000000C7
:4079C0000000000000000000000000000000000000000000000000000000000000000000000000000000000000000000000000000000000000000000000000000000000087
:407A00000000000000000000000000000000000000000000000000000000000000000000000000000000000000000000000000000000000000000000000000000000000046
:407A40000000000000000000000000000000000000000000000000000000000000000000000000000000000000000000000000000000000000000000000000000000000006
:407A800000000000000000000000000000000000000000000000000000000000000000000000000000000000000000000000000000000000000000000000000000000000C6
:407AC0000000000000000000000000000000000000000000000000000000000000000000000000000000000000000000000000000000000000000000000000000000000086
:407B00000000000000000000000000000000000000000000000000000000000000000000000000000000000000000000000000000000000000000000000000000000000045
:407B40000000000000000000000000000000000000000000000000000000000000000000000000000000000000000000000000000000000000000000000000000000000005
:407B800000000000000000000000000000000000000000000000000000000000000000000000000000000000000000000000000000000000000000000000000000000000C5
:407BC0000000000000000000000000000000000000000000000000000000000000000000000000000000000000000000000000000000000000000000000000000000000085
:407C00000000000000000000000000000000000000000000000000000000000000000000000000000000000000000000000000000000000000000000000000000000000044
:407C40000000000000000000000000000000000000000000000000000000000000000000000000000000000000000000000000000000000000000000000000000000000004
:407C800000000000000000000000000000000000000000000000000000000000000000000000000000000000000000000000000000000000000000000000000000000000C4
:407CC0000000000000000000000000000000000000000000000000000000000000000000000000000000000000000000000000000000000000000000000000000000000084
:407D00000000000000000000000000000000000000000000000000000000000000000000000000000000000000000000000000000000000000000000000000000000000043
:407D40000000000000000000000000000000000000000000000000000000000000000000000000000000000000000000000000000000000000000000000000000000000003
:407D800000000000000000000000000000000000000000000000000000000000000000000000000000000000000000000000000000000000000000000000000000000000C3
:407DC0000000000000000000000000000000000000000000000000000000000000000000000000000000000000000000000000000000000000000000000000000000000083
:407E00000000000000000000000000000000000000000000000000000000000000000000000000000000000000000000000000000000000000000000000000000000000042
:407E40000000000000000000000000000000000000000000000000000000000000000000000000000000000000000000000000000000000000000000000000000000000002
:407E800000000000000000000000000000000000000000000000000000000000000000000000000000000000000000000000000000000000000000000000000000000000C2
:407EC0000000000000000000000000000000000000000000000000000000000000000000000000000000000000000000000000000000000000000000000000000000000082
:407F00000000000000000000000000000000000000000000000000000000000000000000000000000000000000000000000000000000000000000000000000000000000041
:407F40000000000000000000000000000000000000000000000000000000000000000000000000000000000000000000000000000000000000000000000000000000000001
:407F800000000000000000000000000000000000000000000000000000000000000000000000000000000000000000000000000000000000000000000000000000000000C1
:407FC0000000000000000000000000000000000000000000000000000000000000000000000000000000000000000000000000000000000000000000000000000000000081
:0200000490006A
:0400000000004005B7
:0200000490105A
:04000000BC90ACAF55
:0200000490303A
:02000000256D6C
:0200000490402A
:4000000000000000000000000000000000000000000000000000000000000000000000000000000000000000000000000000000000000000000000000000000000000000C0
:400040000000000000000000000000000000000000000000000000000000000000000000000000000000000000000000000000000000000000000000000000000000000080
:400080000000000000000000000000000000000000000000000000000000000000000000000000000000000000000000000000000000000000000000000000000000000040
:4000C0000000000000000000000000000000000000000000000000000000000000000000000000000000000000000000000000000000000000000000000000000000000000
:0200000490501A
:0C00000000012E16106900012E2635D6D6
:00000001FF