ARM GAS  C:\Users\91819\AppData\Local\Temp\ccEgRK6h.s 			page 1


   1              		.syntax unified
   2              		.cpu cortex-m3
   3              		.fpu softvfp
   4              		.eabi_attribute 20, 1
   5              		.eabi_attribute 21, 1
   6              		.eabi_attribute 23, 3
   7              		.eabi_attribute 24, 1
   8              		.eabi_attribute 25, 1
   9              		.eabi_attribute 26, 1
  10              		.eabi_attribute 30, 1
  11              		.eabi_attribute 34, 1
  12              		.eabi_attribute 18, 4
  13              		.thumb
  14              		.syntax unified
  15              		.file	"cyfitter_cfg.c"
  16              		.text
  17              	.Ltext0:
  18              		.cfi_sections	.debug_frame
  19              		.section	.text.CyClockStartupError,"ax",%progbits
  20              		.align	2
  21              		.thumb
  22              		.thumb_func
  23              		.type	CyClockStartupError, %function
  24              	CyClockStartupError:
  25              	.LFB3:
  26              		.file 1 "Generated_Source\\PSoC5\\cyfitter_cfg.c"
   1:Generated_Source\PSoC5/cyfitter_cfg.c **** 
   2:Generated_Source\PSoC5/cyfitter_cfg.c **** /*******************************************************************************
   3:Generated_Source\PSoC5/cyfitter_cfg.c **** * File Name: cyfitter_cfg.c
   4:Generated_Source\PSoC5/cyfitter_cfg.c **** * 
   5:Generated_Source\PSoC5/cyfitter_cfg.c **** * PSoC Creator  4.4
   6:Generated_Source\PSoC5/cyfitter_cfg.c **** *
   7:Generated_Source\PSoC5/cyfitter_cfg.c **** * Description:
   8:Generated_Source\PSoC5/cyfitter_cfg.c **** * This file contains device initialization code.
   9:Generated_Source\PSoC5/cyfitter_cfg.c **** * Except for the user defined sections in CyClockStartupError(), this file should not be modified.
  10:Generated_Source\PSoC5/cyfitter_cfg.c **** * This file is automatically generated by PSoC Creator.
  11:Generated_Source\PSoC5/cyfitter_cfg.c **** *
  12:Generated_Source\PSoC5/cyfitter_cfg.c **** ********************************************************************************
  13:Generated_Source\PSoC5/cyfitter_cfg.c **** * Copyright (c) 2007-2020 Cypress Semiconductor.  All rights reserved.
  14:Generated_Source\PSoC5/cyfitter_cfg.c **** * You may use this file only in accordance with the license, terms, conditions, 
  15:Generated_Source\PSoC5/cyfitter_cfg.c **** * disclaimers, and limitations in the end user license agreement accompanying 
  16:Generated_Source\PSoC5/cyfitter_cfg.c **** * the software package with which this file was provided.
  17:Generated_Source\PSoC5/cyfitter_cfg.c **** ********************************************************************************/
  18:Generated_Source\PSoC5/cyfitter_cfg.c **** 
  19:Generated_Source\PSoC5/cyfitter_cfg.c **** #include <string.h>
  20:Generated_Source\PSoC5/cyfitter_cfg.c **** #include "cytypes.h"
  21:Generated_Source\PSoC5/cyfitter_cfg.c **** #include "cydevice_trm.h"
  22:Generated_Source\PSoC5/cyfitter_cfg.c **** #include "cyfitter.h"
  23:Generated_Source\PSoC5/cyfitter_cfg.c **** #include "CyLib.h"
  24:Generated_Source\PSoC5/cyfitter_cfg.c **** #include "cyfitter_cfg.h"
  25:Generated_Source\PSoC5/cyfitter_cfg.c **** #include "cyapicallbacks.h"
  26:Generated_Source\PSoC5/cyfitter_cfg.c **** 
  27:Generated_Source\PSoC5/cyfitter_cfg.c **** #define CY_NEED_CYCLOCKSTARTUPERROR 1
  28:Generated_Source\PSoC5/cyfitter_cfg.c **** 
  29:Generated_Source\PSoC5/cyfitter_cfg.c **** 
  30:Generated_Source\PSoC5/cyfitter_cfg.c **** #if defined(__GNUC__) || defined(__ARMCC_VERSION)
  31:Generated_Source\PSoC5/cyfitter_cfg.c ****     #define CYPACKED 
ARM GAS  C:\Users\91819\AppData\Local\Temp\ccEgRK6h.s 			page 2


  32:Generated_Source\PSoC5/cyfitter_cfg.c ****     #define CYPACKED_ATTR __attribute__ ((packed))
  33:Generated_Source\PSoC5/cyfitter_cfg.c ****     #define CYALIGNED __attribute__ ((aligned))
  34:Generated_Source\PSoC5/cyfitter_cfg.c ****     #define CY_CFG_UNUSED __attribute__ ((unused))
  35:Generated_Source\PSoC5/cyfitter_cfg.c ****     #ifndef CY_CFG_SECTION
  36:Generated_Source\PSoC5/cyfitter_cfg.c ****         #define CY_CFG_SECTION __attribute__ ((section(".psocinit")))
  37:Generated_Source\PSoC5/cyfitter_cfg.c ****     #endif
  38:Generated_Source\PSoC5/cyfitter_cfg.c ****     
  39:Generated_Source\PSoC5/cyfitter_cfg.c ****     #if defined(__ARMCC_VERSION)
  40:Generated_Source\PSoC5/cyfitter_cfg.c ****         #define CY_CFG_MEMORY_BARRIER() __memory_changed()
  41:Generated_Source\PSoC5/cyfitter_cfg.c ****     #else
  42:Generated_Source\PSoC5/cyfitter_cfg.c ****         #define CY_CFG_MEMORY_BARRIER() __sync_synchronize()
  43:Generated_Source\PSoC5/cyfitter_cfg.c ****     #endif
  44:Generated_Source\PSoC5/cyfitter_cfg.c ****     
  45:Generated_Source\PSoC5/cyfitter_cfg.c **** #elif defined(__ICCARM__)
  46:Generated_Source\PSoC5/cyfitter_cfg.c ****     #include <intrinsics.h>
  47:Generated_Source\PSoC5/cyfitter_cfg.c **** 
  48:Generated_Source\PSoC5/cyfitter_cfg.c ****     #define CYPACKED __packed
  49:Generated_Source\PSoC5/cyfitter_cfg.c ****     #define CYPACKED_ATTR 
  50:Generated_Source\PSoC5/cyfitter_cfg.c ****     #define CYALIGNED _Pragma("data_alignment=4")
  51:Generated_Source\PSoC5/cyfitter_cfg.c ****     #define CY_CFG_UNUSED _Pragma("diag_suppress=Pe177")
  52:Generated_Source\PSoC5/cyfitter_cfg.c ****     #define CY_CFG_SECTION _Pragma("location=\".psocinit\"")
  53:Generated_Source\PSoC5/cyfitter_cfg.c ****     
  54:Generated_Source\PSoC5/cyfitter_cfg.c ****     #define CY_CFG_MEMORY_BARRIER() __DMB()
  55:Generated_Source\PSoC5/cyfitter_cfg.c ****     
  56:Generated_Source\PSoC5/cyfitter_cfg.c **** #else
  57:Generated_Source\PSoC5/cyfitter_cfg.c ****     #error Unsupported toolchain
  58:Generated_Source\PSoC5/cyfitter_cfg.c **** #endif
  59:Generated_Source\PSoC5/cyfitter_cfg.c **** 
  60:Generated_Source\PSoC5/cyfitter_cfg.c **** #ifndef CYCODE
  61:Generated_Source\PSoC5/cyfitter_cfg.c ****     #define CYCODE
  62:Generated_Source\PSoC5/cyfitter_cfg.c **** #endif
  63:Generated_Source\PSoC5/cyfitter_cfg.c **** #ifndef CYDATA
  64:Generated_Source\PSoC5/cyfitter_cfg.c ****     #define CYDATA
  65:Generated_Source\PSoC5/cyfitter_cfg.c **** #endif
  66:Generated_Source\PSoC5/cyfitter_cfg.c **** #ifndef CYFAR
  67:Generated_Source\PSoC5/cyfitter_cfg.c ****     #define CYFAR
  68:Generated_Source\PSoC5/cyfitter_cfg.c **** #endif
  69:Generated_Source\PSoC5/cyfitter_cfg.c **** #ifndef CYXDATA
  70:Generated_Source\PSoC5/cyfitter_cfg.c ****     #define CYXDATA
  71:Generated_Source\PSoC5/cyfitter_cfg.c **** #endif
  72:Generated_Source\PSoC5/cyfitter_cfg.c **** 
  73:Generated_Source\PSoC5/cyfitter_cfg.c **** 
  74:Generated_Source\PSoC5/cyfitter_cfg.c **** CY_CFG_UNUSED
  75:Generated_Source\PSoC5/cyfitter_cfg.c **** static void CYMEMZERO(void *s, size_t n);
  76:Generated_Source\PSoC5/cyfitter_cfg.c **** CY_CFG_UNUSED
  77:Generated_Source\PSoC5/cyfitter_cfg.c **** static void CYMEMZERO(void *s, size_t n)
  78:Generated_Source\PSoC5/cyfitter_cfg.c **** {
  79:Generated_Source\PSoC5/cyfitter_cfg.c **** 	(void)memset(s, 0, n);
  80:Generated_Source\PSoC5/cyfitter_cfg.c **** }
  81:Generated_Source\PSoC5/cyfitter_cfg.c **** CY_CFG_UNUSED
  82:Generated_Source\PSoC5/cyfitter_cfg.c **** static void CYCONFIGCPY(void *dest, const void *src, size_t n);
  83:Generated_Source\PSoC5/cyfitter_cfg.c **** CY_CFG_UNUSED
  84:Generated_Source\PSoC5/cyfitter_cfg.c **** static void CYCONFIGCPY(void *dest, const void *src, size_t n)
  85:Generated_Source\PSoC5/cyfitter_cfg.c **** {
  86:Generated_Source\PSoC5/cyfitter_cfg.c **** 	(void)memcpy(dest, src, n);
  87:Generated_Source\PSoC5/cyfitter_cfg.c **** }
  88:Generated_Source\PSoC5/cyfitter_cfg.c **** CY_CFG_UNUSED
ARM GAS  C:\Users\91819\AppData\Local\Temp\ccEgRK6h.s 			page 3


  89:Generated_Source\PSoC5/cyfitter_cfg.c **** static void CYCONFIGCPYCODE(void *dest, const void *src, size_t n);
  90:Generated_Source\PSoC5/cyfitter_cfg.c **** CY_CFG_UNUSED
  91:Generated_Source\PSoC5/cyfitter_cfg.c **** static void CYCONFIGCPYCODE(void *dest, const void *src, size_t n)
  92:Generated_Source\PSoC5/cyfitter_cfg.c **** {
  93:Generated_Source\PSoC5/cyfitter_cfg.c **** 	(void)memcpy(dest, src, n);
  94:Generated_Source\PSoC5/cyfitter_cfg.c **** }
  95:Generated_Source\PSoC5/cyfitter_cfg.c **** 
  96:Generated_Source\PSoC5/cyfitter_cfg.c **** 
  97:Generated_Source\PSoC5/cyfitter_cfg.c **** 
  98:Generated_Source\PSoC5/cyfitter_cfg.c **** 
  99:Generated_Source\PSoC5/cyfitter_cfg.c **** /* Clock startup error codes                                                   */
 100:Generated_Source\PSoC5/cyfitter_cfg.c **** #define CYCLOCKSTART_NO_ERROR    0u
 101:Generated_Source\PSoC5/cyfitter_cfg.c **** #define CYCLOCKSTART_XTAL_ERROR  1u
 102:Generated_Source\PSoC5/cyfitter_cfg.c **** #define CYCLOCKSTART_32KHZ_ERROR 2u
 103:Generated_Source\PSoC5/cyfitter_cfg.c **** #define CYCLOCKSTART_PLL_ERROR   3u
 104:Generated_Source\PSoC5/cyfitter_cfg.c **** #define CYCLOCKSTART_FLL_ERROR   4u
 105:Generated_Source\PSoC5/cyfitter_cfg.c **** #define CYCLOCKSTART_WCO_ERROR   5u
 106:Generated_Source\PSoC5/cyfitter_cfg.c **** 
 107:Generated_Source\PSoC5/cyfitter_cfg.c **** 
 108:Generated_Source\PSoC5/cyfitter_cfg.c **** #ifdef CY_NEED_CYCLOCKSTARTUPERROR
 109:Generated_Source\PSoC5/cyfitter_cfg.c **** /*******************************************************************************
 110:Generated_Source\PSoC5/cyfitter_cfg.c **** * Function Name: CyClockStartupError
 111:Generated_Source\PSoC5/cyfitter_cfg.c **** ********************************************************************************
 112:Generated_Source\PSoC5/cyfitter_cfg.c **** * Summary:
 113:Generated_Source\PSoC5/cyfitter_cfg.c **** *  If an error is encountered during clock configuration (crystal startup error,
 114:Generated_Source\PSoC5/cyfitter_cfg.c **** *  PLL lock error, etc.), the system will end up here.  Unless reimplemented by
 115:Generated_Source\PSoC5/cyfitter_cfg.c **** *  the customer, this function will stop in an infinite loop.
 116:Generated_Source\PSoC5/cyfitter_cfg.c **** *
 117:Generated_Source\PSoC5/cyfitter_cfg.c **** * Parameters:
 118:Generated_Source\PSoC5/cyfitter_cfg.c **** *   void
 119:Generated_Source\PSoC5/cyfitter_cfg.c **** *
 120:Generated_Source\PSoC5/cyfitter_cfg.c **** * Return:
 121:Generated_Source\PSoC5/cyfitter_cfg.c **** *   void
 122:Generated_Source\PSoC5/cyfitter_cfg.c **** *
 123:Generated_Source\PSoC5/cyfitter_cfg.c **** *******************************************************************************/
 124:Generated_Source\PSoC5/cyfitter_cfg.c **** CY_CFG_UNUSED
 125:Generated_Source\PSoC5/cyfitter_cfg.c **** static void CyClockStartupError(uint8 errorCode);
 126:Generated_Source\PSoC5/cyfitter_cfg.c **** CY_CFG_UNUSED
 127:Generated_Source\PSoC5/cyfitter_cfg.c **** static void CyClockStartupError(uint8 errorCode)
 128:Generated_Source\PSoC5/cyfitter_cfg.c **** {
  27              		.loc 1 128 0
  28              		.cfi_startproc
  29              		@ Volatile: function does not return.
  30              		@ args = 0, pretend = 0, frame = 0
  31              		@ frame_needed = 0, uses_anonymous_args = 0
  32              		@ link register save eliminated.
  33              	.LVL0:
  34              	.L2:
  35 0000 FEE7     		b	.L2
  36              		.cfi_endproc
  37              	.LFE3:
  38              		.size	CyClockStartupError, .-CyClockStartupError
  39 0002 00BF     		.section	.text.cfg_write_bytes32,"ax",%progbits
  40              		.align	2
  41              		.thumb
  42              		.thumb_func
  43              		.type	cfg_write_bytes32, %function
ARM GAS  C:\Users\91819\AppData\Local\Temp\ccEgRK6h.s 			page 4


  44              	cfg_write_bytes32:
  45              	.LFB4:
 129:Generated_Source\PSoC5/cyfitter_cfg.c ****     /* To remove the compiler warning if errorCode not used.                */
 130:Generated_Source\PSoC5/cyfitter_cfg.c ****     errorCode = errorCode;
 131:Generated_Source\PSoC5/cyfitter_cfg.c **** 
 132:Generated_Source\PSoC5/cyfitter_cfg.c ****     /* If we have a clock startup error (bad MHz crystal, PLL lock, etc.),  */
 133:Generated_Source\PSoC5/cyfitter_cfg.c ****     /* we will end up here to allow the customer to implement something to  */
 134:Generated_Source\PSoC5/cyfitter_cfg.c ****     /* deal with the clock condition.                                       */
 135:Generated_Source\PSoC5/cyfitter_cfg.c **** 
 136:Generated_Source\PSoC5/cyfitter_cfg.c **** #ifdef CY_CFG_CLOCK_STARTUP_ERROR_CALLBACK
 137:Generated_Source\PSoC5/cyfitter_cfg.c ****     CY_CFG_Clock_Startup_ErrorCallback();
 138:Generated_Source\PSoC5/cyfitter_cfg.c **** #else
 139:Generated_Source\PSoC5/cyfitter_cfg.c ****     /*  If not using CY_CFG_CLOCK_STARTUP_ERROR_CALLBACK, place your clock startup code here. */
 140:Generated_Source\PSoC5/cyfitter_cfg.c ****     /* `#START CyClockStartupError` */
 141:Generated_Source\PSoC5/cyfitter_cfg.c **** 
 142:Generated_Source\PSoC5/cyfitter_cfg.c **** 
 143:Generated_Source\PSoC5/cyfitter_cfg.c **** 
 144:Generated_Source\PSoC5/cyfitter_cfg.c ****     /* `#END` */
 145:Generated_Source\PSoC5/cyfitter_cfg.c **** 
 146:Generated_Source\PSoC5/cyfitter_cfg.c ****     while(1) {}
 147:Generated_Source\PSoC5/cyfitter_cfg.c **** #endif /* CY_CFG_CLOCK_STARTUP_ERROR_CALLBACK */
 148:Generated_Source\PSoC5/cyfitter_cfg.c **** }
 149:Generated_Source\PSoC5/cyfitter_cfg.c **** #endif
 150:Generated_Source\PSoC5/cyfitter_cfg.c **** 
 151:Generated_Source\PSoC5/cyfitter_cfg.c **** #define CY_CFG_BASE_ADDR_COUNT 36u
 152:Generated_Source\PSoC5/cyfitter_cfg.c **** CYPACKED typedef struct
 153:Generated_Source\PSoC5/cyfitter_cfg.c **** {
 154:Generated_Source\PSoC5/cyfitter_cfg.c **** 	uint8 offset;
 155:Generated_Source\PSoC5/cyfitter_cfg.c **** 	uint8 value;
 156:Generated_Source\PSoC5/cyfitter_cfg.c **** } CYPACKED_ATTR cy_cfg_addrvalue_t;
 157:Generated_Source\PSoC5/cyfitter_cfg.c **** 
 158:Generated_Source\PSoC5/cyfitter_cfg.c **** #define cy_cfg_addr_table ((const uint32 CYFAR *)0x48000000u)
 159:Generated_Source\PSoC5/cyfitter_cfg.c **** #define cy_cfg_data_table ((const cy_cfg_addrvalue_t CYFAR *)0x48000090u)
 160:Generated_Source\PSoC5/cyfitter_cfg.c **** 
 161:Generated_Source\PSoC5/cyfitter_cfg.c **** /* IOPINS0_0 Address: CYREG_PRT0_DM0 Size (bytes): 8 */
 162:Generated_Source\PSoC5/cyfitter_cfg.c **** #define BS_IOPINS0_0_VAL ((const uint8 CYFAR *)0x4800078Cu)
 163:Generated_Source\PSoC5/cyfitter_cfg.c **** 
 164:Generated_Source\PSoC5/cyfitter_cfg.c **** /* IOPINS0_7 Address: CYREG_PRT12_DR Size (bytes): 10 */
 165:Generated_Source\PSoC5/cyfitter_cfg.c **** #define BS_IOPINS0_7_VAL ((const uint8 CYFAR *)0x48000794u)
 166:Generated_Source\PSoC5/cyfitter_cfg.c **** 
 167:Generated_Source\PSoC5/cyfitter_cfg.c **** /* IOPINS0_1 Address: CYREG_PRT1_DM0 Size (bytes): 8 */
 168:Generated_Source\PSoC5/cyfitter_cfg.c **** #define BS_IOPINS0_1_VAL ((const uint8 CYFAR *)0x480007A0u)
 169:Generated_Source\PSoC5/cyfitter_cfg.c **** 
 170:Generated_Source\PSoC5/cyfitter_cfg.c **** /* IOPINS0_2 Address: CYREG_PRT2_DM0 Size (bytes): 8 */
 171:Generated_Source\PSoC5/cyfitter_cfg.c **** #define BS_IOPINS0_2_VAL ((const uint8 CYFAR *)0x480007A8u)
 172:Generated_Source\PSoC5/cyfitter_cfg.c **** 
 173:Generated_Source\PSoC5/cyfitter_cfg.c **** /* PHUB_CFGMEM1 Address: CYREG_PHUB_CFGMEM1_CFG0 Size (bytes): 4 */
 174:Generated_Source\PSoC5/cyfitter_cfg.c **** #define BS_PHUB_CFGMEM1_VAL ((const uint8 CYFAR *)0x480007B0u)
 175:Generated_Source\PSoC5/cyfitter_cfg.c **** 
 176:Generated_Source\PSoC5/cyfitter_cfg.c **** 
 177:Generated_Source\PSoC5/cyfitter_cfg.c **** /*******************************************************************************
 178:Generated_Source\PSoC5/cyfitter_cfg.c **** * Function Name: cfg_write_bytes32
 179:Generated_Source\PSoC5/cyfitter_cfg.c **** ********************************************************************************
 180:Generated_Source\PSoC5/cyfitter_cfg.c **** * Summary:
 181:Generated_Source\PSoC5/cyfitter_cfg.c **** *  This function is used for setting up the chip configuration areas that
 182:Generated_Source\PSoC5/cyfitter_cfg.c **** *  contain relatively sparse data.
 183:Generated_Source\PSoC5/cyfitter_cfg.c **** *
ARM GAS  C:\Users\91819\AppData\Local\Temp\ccEgRK6h.s 			page 5


 184:Generated_Source\PSoC5/cyfitter_cfg.c **** * Parameters:
 185:Generated_Source\PSoC5/cyfitter_cfg.c **** *   void
 186:Generated_Source\PSoC5/cyfitter_cfg.c **** *
 187:Generated_Source\PSoC5/cyfitter_cfg.c **** * Return:
 188:Generated_Source\PSoC5/cyfitter_cfg.c **** *   void
 189:Generated_Source\PSoC5/cyfitter_cfg.c **** *
 190:Generated_Source\PSoC5/cyfitter_cfg.c **** *******************************************************************************/
 191:Generated_Source\PSoC5/cyfitter_cfg.c **** static void cfg_write_bytes32(const uint32 addr_table[], const cy_cfg_addrvalue_t data_table[]);
 192:Generated_Source\PSoC5/cyfitter_cfg.c **** static void cfg_write_bytes32(const uint32 addr_table[], const cy_cfg_addrvalue_t data_table[])
 193:Generated_Source\PSoC5/cyfitter_cfg.c **** {
  46              		.loc 1 193 0
  47              		.cfi_startproc
  48              		@ args = 0, pretend = 0, frame = 0
  49              		@ frame_needed = 0, uses_anonymous_args = 0
  50              		@ link register save eliminated.
  51              	.LVL1:
  52              		.loc 1 193 0
  53 0000 F0B4     		push	{r4, r5, r6, r7}
  54              		.cfi_def_cfa_offset 16
  55              		.cfi_offset 4, -16
  56              		.cfi_offset 5, -12
  57              		.cfi_offset 6, -8
  58              		.cfi_offset 7, -4
  59              	.LVL2:
 194:Generated_Source\PSoC5/cyfitter_cfg.c **** 	/* For 32-bit little-endian architectures */
 195:Generated_Source\PSoC5/cyfitter_cfg.c **** 	uint32 i, j = 0u;
  60              		.loc 1 195 0
  61 0002 0022     		movs	r2, #0
 196:Generated_Source\PSoC5/cyfitter_cfg.c **** 	for (i = 0u; i < CY_CFG_BASE_ADDR_COUNT; i++)
  62              		.loc 1 196 0
  63 0004 1746     		mov	r7, r2
  64 0006 11E0     		b	.L4
  65              	.LVL3:
  66              	.L7:
  67              	.LBB2:
 197:Generated_Source\PSoC5/cyfitter_cfg.c **** 	{
 198:Generated_Source\PSoC5/cyfitter_cfg.c **** 		uint32 baseAddr = addr_table[i];
  68              		.loc 1 198 0
  69 0008 50F82760 		ldr	r6, [r0, r7, lsl #2]
  70              	.LVL4:
 199:Generated_Source\PSoC5/cyfitter_cfg.c **** 		uint8 count = (uint8)baseAddr;
  71              		.loc 1 199 0
  72 000c F3B2     		uxtb	r3, r6
  73              	.LVL5:
 200:Generated_Source\PSoC5/cyfitter_cfg.c **** 		baseAddr &= 0xFFFFFF00u;
  74              		.loc 1 200 0
  75 000e 26F0FF06 		bic	r6, r6, #255
  76              	.LVL6:
 201:Generated_Source\PSoC5/cyfitter_cfg.c **** 		while (count != 0u)
  77              		.loc 1 201 0
  78 0012 08E0     		b	.L5
  79              	.L6:
 202:Generated_Source\PSoC5/cyfitter_cfg.c **** 		{
 203:Generated_Source\PSoC5/cyfitter_cfg.c **** 			CY_SET_REG8((void *)(baseAddr + data_table[j].offset), data_table[j].value);
  80              		.loc 1 203 0
  81 0014 01EB4205 		add	r5, r1, r2, lsl #1
  82 0018 11F81240 		ldrb	r4, [r1, r2, lsl #1]	@ zero_extendqisi2
ARM GAS  C:\Users\91819\AppData\Local\Temp\ccEgRK6h.s 			page 6


  83 001c 6D78     		ldrb	r5, [r5, #1]	@ zero_extendqisi2
  84 001e A555     		strb	r5, [r4, r6]
 204:Generated_Source\PSoC5/cyfitter_cfg.c **** 			j++;
  85              		.loc 1 204 0
  86 0020 0132     		adds	r2, r2, #1
  87              	.LVL7:
 205:Generated_Source\PSoC5/cyfitter_cfg.c **** 			count--;
  88              		.loc 1 205 0
  89 0022 013B     		subs	r3, r3, #1
  90              	.LVL8:
  91 0024 DBB2     		uxtb	r3, r3
  92              	.LVL9:
  93              	.L5:
 201:Generated_Source\PSoC5/cyfitter_cfg.c **** 		{
  94              		.loc 1 201 0
  95 0026 002B     		cmp	r3, #0
  96 0028 F4D1     		bne	.L6
  97              	.LBE2:
 196:Generated_Source\PSoC5/cyfitter_cfg.c **** 	{
  98              		.loc 1 196 0 discriminator 2
  99 002a 0137     		adds	r7, r7, #1
 100              	.LVL10:
 101              	.L4:
 196:Generated_Source\PSoC5/cyfitter_cfg.c **** 	{
 102              		.loc 1 196 0 is_stmt 0 discriminator 1
 103 002c 232F     		cmp	r7, #35
 104 002e EBD9     		bls	.L7
 206:Generated_Source\PSoC5/cyfitter_cfg.c **** 		}
 207:Generated_Source\PSoC5/cyfitter_cfg.c **** 	}
 208:Generated_Source\PSoC5/cyfitter_cfg.c **** }
 105              		.loc 1 208 0 is_stmt 1
 106 0030 F0BC     		pop	{r4, r5, r6, r7}
 107              		.cfi_restore 7
 108              		.cfi_restore 6
 109              		.cfi_restore 5
 110              		.cfi_restore 4
 111              		.cfi_def_cfa_offset 0
 112              	.LVL11:
 113 0032 7047     		bx	lr
 114              		.cfi_endproc
 115              	.LFE4:
 116              		.size	cfg_write_bytes32, .-cfg_write_bytes32
 117              		.section	.text.CYMEMZERO,"ax",%progbits
 118              		.align	2
 119              		.thumb
 120              		.thumb_func
 121              		.type	CYMEMZERO, %function
 122              	CYMEMZERO:
 123              	.LFB0:
  78:Generated_Source\PSoC5/cyfitter_cfg.c **** 	(void)memset(s, 0, n);
 124              		.loc 1 78 0
 125              		.cfi_startproc
 126              		@ args = 0, pretend = 0, frame = 0
 127              		@ frame_needed = 0, uses_anonymous_args = 0
 128              	.LVL12:
 129 0000 08B5     		push	{r3, lr}
 130              		.cfi_def_cfa_offset 8
ARM GAS  C:\Users\91819\AppData\Local\Temp\ccEgRK6h.s 			page 7


 131              		.cfi_offset 3, -8
 132              		.cfi_offset 14, -4
  79:Generated_Source\PSoC5/cyfitter_cfg.c **** }
 133              		.loc 1 79 0
 134 0002 0A46     		mov	r2, r1
 135 0004 0021     		movs	r1, #0
 136              	.LVL13:
 137 0006 FFF7FEFF 		bl	memset
 138              	.LVL14:
 139 000a 08BD     		pop	{r3, pc}
 140              		.cfi_endproc
 141              	.LFE0:
 142              		.size	CYMEMZERO, .-CYMEMZERO
 143              		.section	.text.ClockSetup,"ax",%progbits
 144              		.align	2
 145              		.thumb
 146              		.thumb_func
 147              		.type	ClockSetup, %function
 148              	ClockSetup:
 149              	.LFB5:
 209:Generated_Source\PSoC5/cyfitter_cfg.c **** 
 210:Generated_Source\PSoC5/cyfitter_cfg.c **** /*******************************************************************************
 211:Generated_Source\PSoC5/cyfitter_cfg.c **** * Function Name: ClockSetup
 212:Generated_Source\PSoC5/cyfitter_cfg.c **** ********************************************************************************
 213:Generated_Source\PSoC5/cyfitter_cfg.c **** *
 214:Generated_Source\PSoC5/cyfitter_cfg.c **** * Summary:
 215:Generated_Source\PSoC5/cyfitter_cfg.c **** *  Performs the initialization of all of the clocks in the device based on the
 216:Generated_Source\PSoC5/cyfitter_cfg.c **** *  settings in the Clock tab of the DWR.  This includes enabling the requested
 217:Generated_Source\PSoC5/cyfitter_cfg.c **** *  clocks and setting the necessary dividers to produce the desired frequency. 
 218:Generated_Source\PSoC5/cyfitter_cfg.c **** *
 219:Generated_Source\PSoC5/cyfitter_cfg.c **** * Parameters:
 220:Generated_Source\PSoC5/cyfitter_cfg.c **** *  void
 221:Generated_Source\PSoC5/cyfitter_cfg.c **** *
 222:Generated_Source\PSoC5/cyfitter_cfg.c **** * Return:
 223:Generated_Source\PSoC5/cyfitter_cfg.c **** *  void
 224:Generated_Source\PSoC5/cyfitter_cfg.c **** *
 225:Generated_Source\PSoC5/cyfitter_cfg.c **** *******************************************************************************/
 226:Generated_Source\PSoC5/cyfitter_cfg.c **** static void ClockSetup(void);
 227:Generated_Source\PSoC5/cyfitter_cfg.c **** static void ClockSetup(void)
 228:Generated_Source\PSoC5/cyfitter_cfg.c **** {
 150              		.loc 1 228 0
 151              		.cfi_startproc
 152              		@ args = 0, pretend = 0, frame = 0
 153              		@ frame_needed = 0, uses_anonymous_args = 0
 154 0000 38B5     		push	{r3, r4, r5, lr}
 155              		.cfi_def_cfa_offset 16
 156              		.cfi_offset 3, -16
 157              		.cfi_offset 4, -12
 158              		.cfi_offset 5, -8
 159              		.cfi_offset 14, -4
 229:Generated_Source\PSoC5/cyfitter_cfg.c **** 	uint32 timeout;
 230:Generated_Source\PSoC5/cyfitter_cfg.c **** 	uint8 pllLock;
 231:Generated_Source\PSoC5/cyfitter_cfg.c **** 
 232:Generated_Source\PSoC5/cyfitter_cfg.c **** 
 233:Generated_Source\PSoC5/cyfitter_cfg.c **** 	/* Configure Digital Clocks based on settings from Clock DWR */
 234:Generated_Source\PSoC5/cyfitter_cfg.c **** 	CY_SET_XTND_REG16((void CYFAR *)(CYREG_CLKDIST_DCFG0_CFG0), 0x0002u);
 160              		.loc 1 234 0
ARM GAS  C:\Users\91819\AppData\Local\Temp\ccEgRK6h.s 			page 8


 161 0002 0222     		movs	r2, #2
 162 0004 274B     		ldr	r3, .L17
 163 0006 1A80     		strh	r2, [r3]	@ movhi
 235:Generated_Source\PSoC5/cyfitter_cfg.c **** 	CY_SET_XTND_REG8((void CYFAR *)(CYREG_CLKDIST_DCFG0_CFG0 + 0x2u), 0x18u);
 164              		.loc 1 235 0
 165 0008 1823     		movs	r3, #24
 166 000a 2749     		ldr	r1, .L17+4
 167 000c 0B70     		strb	r3, [r1]
 236:Generated_Source\PSoC5/cyfitter_cfg.c **** 	CY_SET_XTND_REG16((void CYFAR *)(CYREG_CLKDIST_DCFG1_CFG0), 0x000Eu);
 168              		.loc 1 236 0
 169 000e 0E20     		movs	r0, #14
 170 0010 0231     		adds	r1, r1, #2
 171 0012 0880     		strh	r0, [r1]	@ movhi
 237:Generated_Source\PSoC5/cyfitter_cfg.c **** 	CY_SET_XTND_REG8((void CYFAR *)(CYREG_CLKDIST_DCFG1_CFG0 + 0x2u), 0x18u);
 172              		.loc 1 237 0
 173 0014 0231     		adds	r1, r1, #2
 174 0016 0B70     		strb	r3, [r1]
 238:Generated_Source\PSoC5/cyfitter_cfg.c **** 	CY_SET_XTND_REG16((void CYFAR *)(CYREG_CLKDIST_DCFG2_CFG0), 0x0019u);
 175              		.loc 1 238 0
 176 0018 1925     		movs	r5, #25
 177 001a 0231     		adds	r1, r1, #2
 178 001c 0D80     		strh	r5, [r1]	@ movhi
 239:Generated_Source\PSoC5/cyfitter_cfg.c **** 	CY_SET_XTND_REG8((void CYFAR *)(CYREG_CLKDIST_DCFG2_CFG0 + 0x2u), 0x18u);
 179              		.loc 1 239 0
 180 001e 0231     		adds	r1, r1, #2
 181 0020 0B70     		strb	r3, [r1]
 240:Generated_Source\PSoC5/cyfitter_cfg.c **** 
 241:Generated_Source\PSoC5/cyfitter_cfg.c **** 	/* Configure ILO based on settings from Clock DWR */
 242:Generated_Source\PSoC5/cyfitter_cfg.c **** 	CY_SET_XTND_REG8((void CYFAR *)(CYREG_SLOWCLK_ILO_CR0), 0x02u);
 182              		.loc 1 242 0
 183 0022 224B     		ldr	r3, .L17+8
 184 0024 1A70     		strb	r2, [r3]
 243:Generated_Source\PSoC5/cyfitter_cfg.c **** 	CY_SET_XTND_REG8((void CYFAR *)(CYREG_CLKDIST_CR), 0x08u);
 185              		.loc 1 243 0
 186 0026 0822     		movs	r2, #8
 187 0028 4FF04023 		mov	r3, #1073758208
 188 002c 1A70     		strb	r2, [r3]
 244:Generated_Source\PSoC5/cyfitter_cfg.c **** 
 245:Generated_Source\PSoC5/cyfitter_cfg.c **** 	/* Configure IMO based on settings from Clock DWR */
 246:Generated_Source\PSoC5/cyfitter_cfg.c **** 	CY_SET_XTND_REG8((void CYFAR *)(CYREG_FASTCLK_IMO_CR), 0x03u);
 189              		.loc 1 246 0
 190 002e 0321     		movs	r1, #3
 191 0030 03F50073 		add	r3, r3, #512
 192 0034 1970     		strb	r1, [r3]
 247:Generated_Source\PSoC5/cyfitter_cfg.c **** 	CY_SET_XTND_REG8((void CYFAR *)(CYREG_IMO_TR1), (CY_GET_XTND_REG8((void CYFAR *)CYREG_FLSHID_CUST_
 193              		.loc 1 247 0
 194 0036 1E4B     		ldr	r3, .L17+12
 195 0038 1B78     		ldrb	r3, [r3]	@ zero_extendqisi2
 196 003a DBB2     		uxtb	r3, r3
 197 003c 1D49     		ldr	r1, .L17+16
 198 003e 0B70     		strb	r3, [r1]
 248:Generated_Source\PSoC5/cyfitter_cfg.c **** 
 249:Generated_Source\PSoC5/cyfitter_cfg.c **** 	/* Configure PLL based on settings from Clock DWR */
 250:Generated_Source\PSoC5/cyfitter_cfg.c **** 	CY_SET_XTND_REG16((void CYFAR *)(CYREG_FASTCLK_PLL_P), 0x0008u);
 199              		.loc 1 250 0
 200 0040 1D4B     		ldr	r3, .L17+20
 201 0042 1A80     		strh	r2, [r3]	@ movhi
ARM GAS  C:\Users\91819\AppData\Local\Temp\ccEgRK6h.s 			page 9


 251:Generated_Source\PSoC5/cyfitter_cfg.c **** 	CY_SET_XTND_REG16((void CYFAR *)(CYREG_FASTCLK_PLL_CFG0), 0x1251u);
 202              		.loc 1 251 0
 203 0044 41F25122 		movw	r2, #4689
 204 0048 023B     		subs	r3, r3, #2
 205 004a 1A80     		strh	r2, [r3]	@ movhi
 206              	.LVL15:
 252:Generated_Source\PSoC5/cyfitter_cfg.c **** 	/* Wait up to 250us for the PLL to lock */
 253:Generated_Source\PSoC5/cyfitter_cfg.c **** 	pllLock = 0u;
 207              		.loc 1 253 0
 208 004c 0024     		movs	r4, #0
 254:Generated_Source\PSoC5/cyfitter_cfg.c **** 	for (timeout = 250u / 10u; (timeout > 0u) && (pllLock != 0x03u); timeout--)
 209              		.loc 1 254 0
 210 004e 0CE0     		b	.L12
 211              	.LVL16:
 212              	.L14:
 255:Generated_Source\PSoC5/cyfitter_cfg.c **** 	{ 
 256:Generated_Source\PSoC5/cyfitter_cfg.c **** 		pllLock = 0x03u & ((uint8)((uint8)pllLock << 1) | ((CY_GET_XTND_REG8((void CYFAR *)CYREG_FASTCLK_
 213              		.loc 1 256 0 discriminator 4
 214 0050 1A4B     		ldr	r3, .L17+24
 215 0052 1B78     		ldrb	r3, [r3]	@ zero_extendqisi2
 216 0054 03F00103 		and	r3, r3, #1
 217 0058 43EA4404 		orr	r4, r3, r4, lsl #1
 218              	.LVL17:
 219 005c 04F00304 		and	r4, r4, #3
 220              	.LVL18:
 257:Generated_Source\PSoC5/cyfitter_cfg.c **** 		CyDelayCycles(10u * 48u); /* Delay 10us based on 48MHz clock */
 221              		.loc 1 257 0 discriminator 4
 222 0060 4FF4F070 		mov	r0, #480
 223 0064 FFF7FEFF 		bl	CyDelayCycles
 224              	.LVL19:
 254:Generated_Source\PSoC5/cyfitter_cfg.c **** 	for (timeout = 250u / 10u; (timeout > 0u) && (pllLock != 0x03u); timeout--)
 225              		.loc 1 254 0 discriminator 4
 226 0068 013D     		subs	r5, r5, #1
 227              	.LVL20:
 228              	.L12:
 254:Generated_Source\PSoC5/cyfitter_cfg.c **** 	for (timeout = 250u / 10u; (timeout > 0u) && (pllLock != 0x03u); timeout--)
 229              		.loc 1 254 0 is_stmt 0 discriminator 1
 230 006a 0DB1     		cbz	r5, .L13
 254:Generated_Source\PSoC5/cyfitter_cfg.c **** 	for (timeout = 250u / 10u; (timeout > 0u) && (pllLock != 0x03u); timeout--)
 231              		.loc 1 254 0 discriminator 3
 232 006c 032C     		cmp	r4, #3
 233 006e EFD1     		bne	.L14
 234              	.L13:
 258:Generated_Source\PSoC5/cyfitter_cfg.c **** 	}
 259:Generated_Source\PSoC5/cyfitter_cfg.c **** 	/* If we ran out of time the PLL didn't lock so go to the error function */
 260:Generated_Source\PSoC5/cyfitter_cfg.c **** 	if (timeout == 0u)
 235              		.loc 1 260 0 is_stmt 1
 236 0070 15B9     		cbnz	r5, .L15
 261:Generated_Source\PSoC5/cyfitter_cfg.c **** 	{
 262:Generated_Source\PSoC5/cyfitter_cfg.c **** 		CyClockStartupError(CYCLOCKSTART_PLL_ERROR);
 237              		.loc 1 262 0
 238 0072 0320     		movs	r0, #3
 239 0074 FFF7FEFF 		bl	CyClockStartupError
 240              	.LVL21:
 241              	.L15:
 263:Generated_Source\PSoC5/cyfitter_cfg.c **** 	}
 264:Generated_Source\PSoC5/cyfitter_cfg.c **** 
ARM GAS  C:\Users\91819\AppData\Local\Temp\ccEgRK6h.s 			page 10


 265:Generated_Source\PSoC5/cyfitter_cfg.c **** 	/* Configure Bus/Master Clock based on settings from Clock DWR */
 266:Generated_Source\PSoC5/cyfitter_cfg.c **** 	CY_SET_XTND_REG16((void CYFAR *)(CYREG_CLKDIST_MSTR0), 0x0100u);
 242              		.loc 1 266 0
 243 0078 114B     		ldr	r3, .L17+28
 244 007a 4FF48072 		mov	r2, #256
 245 007e 1A80     		strh	r2, [r3]	@ movhi
 267:Generated_Source\PSoC5/cyfitter_cfg.c **** 	CY_SET_XTND_REG8((void CYFAR *)(CYREG_CLKDIST_MSTR0), 0x07u);
 246              		.loc 1 267 0
 247 0080 0722     		movs	r2, #7
 248 0082 1A70     		strb	r2, [r3]
 268:Generated_Source\PSoC5/cyfitter_cfg.c **** 	CY_SET_XTND_REG8((void CYFAR *)(CYREG_CLKDIST_BCFG0), 0x00u);
 249              		.loc 1 268 0
 250 0084 0022     		movs	r2, #0
 251 0086 0F49     		ldr	r1, .L17+32
 252 0088 0A70     		strb	r2, [r1]
 269:Generated_Source\PSoC5/cyfitter_cfg.c **** 	CY_SET_XTND_REG8((void CYFAR *)(CYREG_CLKDIST_BCFG2), 0x48u);
 253              		.loc 1 269 0
 254 008a 4820     		movs	r0, #72
 255 008c 0231     		adds	r1, r1, #2
 256 008e 0870     		strb	r0, [r1]
 270:Generated_Source\PSoC5/cyfitter_cfg.c **** 	CY_SET_XTND_REG8((void CYFAR *)(CYREG_CLKDIST_MSTR0), 0x00u);
 257              		.loc 1 270 0
 258 0090 1A70     		strb	r2, [r3]
 271:Generated_Source\PSoC5/cyfitter_cfg.c **** 	CY_SET_XTND_REG8((void CYFAR *)(CYREG_CLKDIST_LD), 0x02u);
 259              		.loc 1 271 0
 260 0092 0222     		movs	r2, #2
 261 0094 033B     		subs	r3, r3, #3
 262 0096 1A70     		strb	r2, [r3]
 272:Generated_Source\PSoC5/cyfitter_cfg.c **** 
 273:Generated_Source\PSoC5/cyfitter_cfg.c **** 	CY_SET_XTND_REG8((void CYFAR *)(CYREG_PM_ACT_CFG2), ((CY_GET_XTND_REG8((void CYFAR *)CYREG_PM_ACT_
 263              		.loc 1 273 0
 264 0098 0B4A     		ldr	r2, .L17+36
 265 009a 1378     		ldrb	r3, [r2]	@ zero_extendqisi2
 266 009c 43F00703 		orr	r3, r3, #7
 267 00a0 1370     		strb	r3, [r2]
 268 00a2 38BD     		pop	{r3, r4, r5, pc}
 269              	.LVL22:
 270              	.L18:
 271              		.align	2
 272              	.L17:
 273 00a4 80400040 		.word	1073758336
 274 00a8 82400040 		.word	1073758338
 275 00ac 00430040 		.word	1073758976
 276 00b0 08010049 		.word	1224737032
 277 00b4 A1460040 		.word	1073759905
 278 00b8 22420040 		.word	1073758754
 279 00bc 25420040 		.word	1073758757
 280 00c0 04400040 		.word	1073758212
 281 00c4 06400040 		.word	1073758214
 282 00c8 A2430040 		.word	1073759138
 283              		.cfi_endproc
 284              	.LFE5:
 285              		.size	ClockSetup, .-ClockSetup
 286              		.section	.text.AnalogSetDefault,"ax",%progbits
 287              		.align	2
 288              		.thumb
 289              		.thumb_func
ARM GAS  C:\Users\91819\AppData\Local\Temp\ccEgRK6h.s 			page 11


 290              		.type	AnalogSetDefault, %function
 291              	AnalogSetDefault:
 292              	.LFB6:
 274:Generated_Source\PSoC5/cyfitter_cfg.c **** }
 275:Generated_Source\PSoC5/cyfitter_cfg.c **** 
 276:Generated_Source\PSoC5/cyfitter_cfg.c **** 
 277:Generated_Source\PSoC5/cyfitter_cfg.c **** /* Analog API Functions */
 278:Generated_Source\PSoC5/cyfitter_cfg.c **** 
 279:Generated_Source\PSoC5/cyfitter_cfg.c **** 
 280:Generated_Source\PSoC5/cyfitter_cfg.c **** /*******************************************************************************
 281:Generated_Source\PSoC5/cyfitter_cfg.c **** * Function Name: AnalogSetDefault
 282:Generated_Source\PSoC5/cyfitter_cfg.c **** ********************************************************************************
 283:Generated_Source\PSoC5/cyfitter_cfg.c **** *
 284:Generated_Source\PSoC5/cyfitter_cfg.c **** * Summary:
 285:Generated_Source\PSoC5/cyfitter_cfg.c **** *  Sets up the analog portions of the chip to default values based on chip
 286:Generated_Source\PSoC5/cyfitter_cfg.c **** *  configuration options from the project.
 287:Generated_Source\PSoC5/cyfitter_cfg.c **** *
 288:Generated_Source\PSoC5/cyfitter_cfg.c **** * Parameters:
 289:Generated_Source\PSoC5/cyfitter_cfg.c **** *  void
 290:Generated_Source\PSoC5/cyfitter_cfg.c **** *
 291:Generated_Source\PSoC5/cyfitter_cfg.c **** * Return:
 292:Generated_Source\PSoC5/cyfitter_cfg.c **** *  void
 293:Generated_Source\PSoC5/cyfitter_cfg.c **** *
 294:Generated_Source\PSoC5/cyfitter_cfg.c **** *******************************************************************************/
 295:Generated_Source\PSoC5/cyfitter_cfg.c **** static void AnalogSetDefault(void);
 296:Generated_Source\PSoC5/cyfitter_cfg.c **** static void AnalogSetDefault(void)
 297:Generated_Source\PSoC5/cyfitter_cfg.c **** {
 293              		.loc 1 297 0
 294              		.cfi_startproc
 295              		@ args = 0, pretend = 0, frame = 0
 296              		@ frame_needed = 0, uses_anonymous_args = 0
 297 0000 F8B5     		push	{r3, r4, r5, r6, r7, lr}
 298              		.cfi_def_cfa_offset 24
 299              		.cfi_offset 3, -24
 300              		.cfi_offset 4, -20
 301              		.cfi_offset 5, -16
 302              		.cfi_offset 6, -12
 303              		.cfi_offset 7, -8
 304              		.cfi_offset 14, -4
 298:Generated_Source\PSoC5/cyfitter_cfg.c **** 	uint8 bg_xover_inl_trim = CY_GET_XTND_REG8((void CYFAR *)(CYREG_FLSHID_MFG_CFG_BG_XOVER_INL_TRIM +
 305              		.loc 1 298 0
 306 0002 164B     		ldr	r3, .L21
 307 0004 1B78     		ldrb	r3, [r3]	@ zero_extendqisi2
 308 0006 DBB2     		uxtb	r3, r3
 309              	.LVL23:
 299:Generated_Source\PSoC5/cyfitter_cfg.c **** 	uint8 cr4 = CY_GET_XTND_REG8((void CYFAR *)(CYREG_RESET_CR4));
 310              		.loc 1 299 0
 311 0008 154E     		ldr	r6, .L21+4
 312 000a 3478     		ldrb	r4, [r6]	@ zero_extendqisi2
 313 000c E4B2     		uxtb	r4, r4
 314              	.LVL24:
 300:Generated_Source\PSoC5/cyfitter_cfg.c **** 	uint8 cr5 = CY_GET_XTND_REG8((void CYFAR *)(CYREG_RESET_CR5));
 315              		.loc 1 300 0
 316 000e 154F     		ldr	r7, .L21+8
 317 0010 3D78     		ldrb	r5, [r7]	@ zero_extendqisi2
 318 0012 EDB2     		uxtb	r5, r5
 319              	.LVL25:
ARM GAS  C:\Users\91819\AppData\Local\Temp\ccEgRK6h.s 			page 12


 301:Generated_Source\PSoC5/cyfitter_cfg.c **** 	CY_SET_XTND_REG8((void CYFAR *)(CYREG_BG_DFT0), (bg_xover_inl_trim & 0x07u));
 320              		.loc 1 301 0
 321 0014 03F00701 		and	r1, r3, #7
 322 0018 134A     		ldr	r2, .L21+12
 323 001a 1170     		strb	r1, [r2]
 302:Generated_Source\PSoC5/cyfitter_cfg.c **** 	CY_SET_XTND_REG8((void CYFAR *)(CYREG_BG_DFT1), ((bg_xover_inl_trim >> 4) & 0x0Fu));
 324              		.loc 1 302 0
 325 001c 1B09     		lsrs	r3, r3, #4
 326              	.LVL26:
 327 001e 0132     		adds	r2, r2, #1
 328 0020 1370     		strb	r3, [r2]
 303:Generated_Source\PSoC5/cyfitter_cfg.c **** 	/* Disable PRES while setting up SAR voltage reference */
 304:Generated_Source\PSoC5/cyfitter_cfg.c **** 	CY_SET_XTND_REG8((void CYFAR *)(CYREG_RESET_CR4), (cr4 | 0x03u));
 329              		.loc 1 304 0
 330 0022 44F00303 		orr	r3, r4, #3
 331 0026 3370     		strb	r3, [r6]
 305:Generated_Source\PSoC5/cyfitter_cfg.c **** 	CY_SET_XTND_REG8((void CYFAR *)(CYREG_RESET_CR5), (cr5 | 0x03u));
 332              		.loc 1 305 0
 333 0028 45F00303 		orr	r3, r5, #3
 334 002c 3B70     		strb	r3, [r7]
 306:Generated_Source\PSoC5/cyfitter_cfg.c **** 	CY_SET_XTND_REG8((void CYFAR *)CYREG_PRT0_AG, 0x03u);
 335              		.loc 1 306 0
 336 002e 0322     		movs	r2, #3
 337 0030 0E4B     		ldr	r3, .L21+16
 338 0032 1A70     		strb	r2, [r3]
 307:Generated_Source\PSoC5/cyfitter_cfg.c **** 	CY_SET_XTND_REG8((void CYFAR *)CYREG_SAR0_CSR1, 0x40u);
 339              		.loc 1 307 0
 340 0034 4023     		movs	r3, #64
 341 0036 0E4A     		ldr	r2, .L21+20
 342 0038 1370     		strb	r3, [r2]
 308:Generated_Source\PSoC5/cyfitter_cfg.c **** 	CY_SET_XTND_REG8((void CYFAR *)CYREG_SAR0_CSR3, 0x40u);
 343              		.loc 1 308 0
 344 003a 0232     		adds	r2, r2, #2
 345 003c 1370     		strb	r3, [r2]
 309:Generated_Source\PSoC5/cyfitter_cfg.c **** 	CY_SET_XTND_REG8((void CYFAR *)CYREG_SAR0_SW0, 0x30u);
 346              		.loc 1 309 0
 347 003e 3022     		movs	r2, #48
 348 0040 0C4B     		ldr	r3, .L21+24
 349 0042 1A70     		strb	r2, [r3]
 310:Generated_Source\PSoC5/cyfitter_cfg.c **** 	CY_SET_XTND_REG8((void CYFAR *)CYREG_SAR0_SW3, 0x20u);
 350              		.loc 1 310 0
 351 0044 2022     		movs	r2, #32
 352 0046 0333     		adds	r3, r3, #3
 353 0048 1A70     		strb	r2, [r3]
 311:Generated_Source\PSoC5/cyfitter_cfg.c **** 	CyDelayUs(10u); /* Allow vref to settle before re-enabling PRES */
 354              		.loc 1 311 0
 355 004a 0A20     		movs	r0, #10
 356 004c FFF7FEFF 		bl	CyDelayUs
 357              	.LVL27:
 312:Generated_Source\PSoC5/cyfitter_cfg.c **** 	CY_SET_XTND_REG8((void CYFAR *)(CYREG_RESET_CR5), (cr5));
 358              		.loc 1 312 0
 359 0050 3D70     		strb	r5, [r7]
 313:Generated_Source\PSoC5/cyfitter_cfg.c **** 	CY_SET_XTND_REG8((void CYFAR *)(CYREG_RESET_CR4), (cr4));
 360              		.loc 1 313 0
 361 0052 3470     		strb	r4, [r6]
 314:Generated_Source\PSoC5/cyfitter_cfg.c **** 	CY_SET_XTND_REG8((void CYFAR *)CYREG_PUMP_CR0, 0x44u);
 362              		.loc 1 314 0
ARM GAS  C:\Users\91819\AppData\Local\Temp\ccEgRK6h.s 			page 13


 363 0054 4422     		movs	r2, #68
 364 0056 084B     		ldr	r3, .L21+28
 365 0058 1A70     		strb	r2, [r3]
 366 005a F8BD     		pop	{r3, r4, r5, r6, r7, pc}
 367              	.LVL28:
 368              	.L22:
 369              		.align	2
 370              	.L21:
 371 005c CF010049 		.word	1224737231
 372 0060 F8460040 		.word	1073759992
 373 0064 F9460040 		.word	1073759993
 374 0068 6E580040 		.word	1073764462
 375 006c 0D510040 		.word	1073762573
 376 0070 01590040 		.word	1073764609
 377 0074 205B0040 		.word	1073765152
 378 0078 76580040 		.word	1073764470
 379              		.cfi_endproc
 380              	.LFE6:
 381              		.size	AnalogSetDefault, .-AnalogSetDefault
 382              		.section	.text.CYCONFIGCPY,"ax",%progbits
 383              		.align	2
 384              		.thumb
 385              		.thumb_func
 386              		.type	CYCONFIGCPY, %function
 387              	CYCONFIGCPY:
 388              	.LFB1:
  85:Generated_Source\PSoC5/cyfitter_cfg.c **** 	(void)memcpy(dest, src, n);
 389              		.loc 1 85 0
 390              		.cfi_startproc
 391              		@ args = 0, pretend = 0, frame = 0
 392              		@ frame_needed = 0, uses_anonymous_args = 0
 393              	.LVL29:
 394 0000 08B5     		push	{r3, lr}
 395              		.cfi_def_cfa_offset 8
 396              		.cfi_offset 3, -8
 397              		.cfi_offset 14, -4
  86:Generated_Source\PSoC5/cyfitter_cfg.c **** }
 398              		.loc 1 86 0
 399 0002 FFF7FEFF 		bl	memcpy
 400              	.LVL30:
 401 0006 08BD     		pop	{r3, pc}
 402              		.cfi_endproc
 403              	.LFE1:
 404              		.size	CYCONFIGCPY, .-CYCONFIGCPY
 405              		.section	.text.SetAnalogRoutingPumps,"ax",%progbits
 406              		.align	2
 407              		.global	SetAnalogRoutingPumps
 408              		.thumb
 409              		.thumb_func
 410              		.type	SetAnalogRoutingPumps, %function
 411              	SetAnalogRoutingPumps:
 412              	.LFB7:
 315:Generated_Source\PSoC5/cyfitter_cfg.c **** }
 316:Generated_Source\PSoC5/cyfitter_cfg.c **** 
 317:Generated_Source\PSoC5/cyfitter_cfg.c **** 
 318:Generated_Source\PSoC5/cyfitter_cfg.c **** /*******************************************************************************
 319:Generated_Source\PSoC5/cyfitter_cfg.c **** * Function Name: SetAnalogRoutingPumps
ARM GAS  C:\Users\91819\AppData\Local\Temp\ccEgRK6h.s 			page 14


 320:Generated_Source\PSoC5/cyfitter_cfg.c **** ********************************************************************************
 321:Generated_Source\PSoC5/cyfitter_cfg.c **** *
 322:Generated_Source\PSoC5/cyfitter_cfg.c **** * Summary:
 323:Generated_Source\PSoC5/cyfitter_cfg.c **** * Enables or disables the analog pumps feeding analog routing switches.
 324:Generated_Source\PSoC5/cyfitter_cfg.c **** * Intended to be called at startup, based on the Vdda system configuration;
 325:Generated_Source\PSoC5/cyfitter_cfg.c **** * may be called during operation when the user informs us that the Vdda voltage
 326:Generated_Source\PSoC5/cyfitter_cfg.c **** * crossed the pump threshold.
 327:Generated_Source\PSoC5/cyfitter_cfg.c **** *
 328:Generated_Source\PSoC5/cyfitter_cfg.c **** * Parameters:
 329:Generated_Source\PSoC5/cyfitter_cfg.c **** *  enabled - 1 to enable the pumps, 0 to disable the pumps
 330:Generated_Source\PSoC5/cyfitter_cfg.c **** *
 331:Generated_Source\PSoC5/cyfitter_cfg.c **** * Return:
 332:Generated_Source\PSoC5/cyfitter_cfg.c **** *  void
 333:Generated_Source\PSoC5/cyfitter_cfg.c **** *
 334:Generated_Source\PSoC5/cyfitter_cfg.c **** *******************************************************************************/
 335:Generated_Source\PSoC5/cyfitter_cfg.c **** void SetAnalogRoutingPumps(uint8 enabled)
 336:Generated_Source\PSoC5/cyfitter_cfg.c **** {
 413              		.loc 1 336 0
 414              		.cfi_startproc
 415              		@ args = 0, pretend = 0, frame = 0
 416              		@ frame_needed = 0, uses_anonymous_args = 0
 417              		@ link register save eliminated.
 418              	.LVL31:
 337:Generated_Source\PSoC5/cyfitter_cfg.c **** 	uint8 regValue = CY_GET_XTND_REG8((void CYFAR *)CYREG_PUMP_CR0);
 419              		.loc 1 337 0
 420 0000 054B     		ldr	r3, .L28
 421 0002 1B78     		ldrb	r3, [r3]	@ zero_extendqisi2
 422 0004 DBB2     		uxtb	r3, r3
 423              	.LVL32:
 338:Generated_Source\PSoC5/cyfitter_cfg.c **** 	if (enabled != 0u)
 424              		.loc 1 338 0
 425 0006 10B1     		cbz	r0, .L26
 339:Generated_Source\PSoC5/cyfitter_cfg.c **** 	{
 340:Generated_Source\PSoC5/cyfitter_cfg.c **** 		regValue |= 0x22u;
 426              		.loc 1 340 0
 427 0008 43F02203 		orr	r3, r3, #34
 428              	.LVL33:
 429 000c 01E0     		b	.L27
 430              	.L26:
 341:Generated_Source\PSoC5/cyfitter_cfg.c **** 	}
 342:Generated_Source\PSoC5/cyfitter_cfg.c **** 	else
 343:Generated_Source\PSoC5/cyfitter_cfg.c **** 	{
 344:Generated_Source\PSoC5/cyfitter_cfg.c **** 		regValue &= (uint8)~0x22u;
 431              		.loc 1 344 0
 432 000e 03F0DD03 		and	r3, r3, #221
 433              	.LVL34:
 434              	.L27:
 345:Generated_Source\PSoC5/cyfitter_cfg.c **** 	}
 346:Generated_Source\PSoC5/cyfitter_cfg.c **** 	CY_SET_XTND_REG8((void CYFAR *)CYREG_PUMP_CR0, regValue);
 435              		.loc 1 346 0
 436 0012 014A     		ldr	r2, .L28
 437 0014 1370     		strb	r3, [r2]
 438 0016 7047     		bx	lr
 439              	.L29:
 440              		.align	2
 441              	.L28:
 442 0018 76580040 		.word	1073764470
ARM GAS  C:\Users\91819\AppData\Local\Temp\ccEgRK6h.s 			page 15


 443              		.cfi_endproc
 444              	.LFE7:
 445              		.size	SetAnalogRoutingPumps, .-SetAnalogRoutingPumps
 446              		.section	.text.cyfitter_cfg,"ax",%progbits
 447              		.align	2
 448              		.global	cyfitter_cfg
 449              		.thumb
 450              		.thumb_func
 451              		.type	cyfitter_cfg, %function
 452              	cyfitter_cfg:
 453              	.LFB8:
 347:Generated_Source\PSoC5/cyfitter_cfg.c **** }
 348:Generated_Source\PSoC5/cyfitter_cfg.c **** 
 349:Generated_Source\PSoC5/cyfitter_cfg.c **** 
 350:Generated_Source\PSoC5/cyfitter_cfg.c **** #define CY_AMUX_UNUSED CYREG_BOOST_SR
 351:Generated_Source\PSoC5/cyfitter_cfg.c **** 
 352:Generated_Source\PSoC5/cyfitter_cfg.c **** 
 353:Generated_Source\PSoC5/cyfitter_cfg.c **** /*******************************************************************************
 354:Generated_Source\PSoC5/cyfitter_cfg.c **** * Function Name: cyfitter_cfg
 355:Generated_Source\PSoC5/cyfitter_cfg.c **** ********************************************************************************
 356:Generated_Source\PSoC5/cyfitter_cfg.c **** * Summary:
 357:Generated_Source\PSoC5/cyfitter_cfg.c **** *  This function is called by the start-up code for the selected device. It
 358:Generated_Source\PSoC5/cyfitter_cfg.c **** *  performs all of the necessary device configuration based on the design
 359:Generated_Source\PSoC5/cyfitter_cfg.c **** *  settings.  This includes settings from the Design Wide Resources (DWR) such
 360:Generated_Source\PSoC5/cyfitter_cfg.c **** *  as Clocks and Pins as well as any component configuration that is necessary.
 361:Generated_Source\PSoC5/cyfitter_cfg.c **** *
 362:Generated_Source\PSoC5/cyfitter_cfg.c **** * Parameters:
 363:Generated_Source\PSoC5/cyfitter_cfg.c **** *   void
 364:Generated_Source\PSoC5/cyfitter_cfg.c **** *
 365:Generated_Source\PSoC5/cyfitter_cfg.c **** * Return:
 366:Generated_Source\PSoC5/cyfitter_cfg.c **** *   void
 367:Generated_Source\PSoC5/cyfitter_cfg.c **** *
 368:Generated_Source\PSoC5/cyfitter_cfg.c **** *******************************************************************************/
 369:Generated_Source\PSoC5/cyfitter_cfg.c **** 
 370:Generated_Source\PSoC5/cyfitter_cfg.c **** void cyfitter_cfg(void)
 371:Generated_Source\PSoC5/cyfitter_cfg.c **** {
 454              		.loc 1 371 0
 455              		.cfi_startproc
 456              		@ args = 0, pretend = 0, frame = 0
 457              		@ frame_needed = 0, uses_anonymous_args = 0
 458 0000 38B5     		push	{r3, r4, r5, lr}
 459              		.cfi_def_cfa_offset 16
 460              		.cfi_offset 3, -16
 461              		.cfi_offset 4, -12
 462              		.cfi_offset 5, -8
 463              		.cfi_offset 14, -4
 372:Generated_Source\PSoC5/cyfitter_cfg.c **** #ifdef CYGlobalIntDisable
 373:Generated_Source\PSoC5/cyfitter_cfg.c **** 	/* Disable interrupts by default. Let user enable if/when they want. */
 374:Generated_Source\PSoC5/cyfitter_cfg.c **** 	CYGlobalIntDisable
 464              		.loc 1 374 0
 465              		.syntax unified
 466              	@ 374 "Generated_Source\PSoC5\cyfitter_cfg.c" 1
 467 0002 72B6     		CPSID   i
 468              	@ 0 "" 2
 375:Generated_Source\PSoC5/cyfitter_cfg.c **** #endif
 376:Generated_Source\PSoC5/cyfitter_cfg.c **** 
 377:Generated_Source\PSoC5/cyfitter_cfg.c **** 	/* Enable/Disable Debug functionality based on settings from System DWR */
ARM GAS  C:\Users\91819\AppData\Local\Temp\ccEgRK6h.s 			page 16


 378:Generated_Source\PSoC5/cyfitter_cfg.c **** 	CY_SET_XTND_REG8((void CYFAR *)CYREG_MLOGIC_DEBUG, (CY_GET_XTND_REG8((void CYFAR *)CYREG_MLOGIC_DE
 469              		.loc 1 378 0
 470              		.thumb
 471              		.syntax unified
 472 0004 324A     		ldr	r2, .L34
 473 0006 1378     		ldrb	r3, [r2]	@ zero_extendqisi2
 474 0008 43F00403 		orr	r3, r3, #4
 475 000c 1370     		strb	r3, [r2]
 476              	.LVL35:
 477              	.LBB3:
 379:Generated_Source\PSoC5/cyfitter_cfg.c **** 
 380:Generated_Source\PSoC5/cyfitter_cfg.c **** 	{
 381:Generated_Source\PSoC5/cyfitter_cfg.c **** 
 382:Generated_Source\PSoC5/cyfitter_cfg.c **** 		CYPACKED typedef struct {
 383:Generated_Source\PSoC5/cyfitter_cfg.c **** 			void CYFAR *address;
 384:Generated_Source\PSoC5/cyfitter_cfg.c **** 			uint16 size;
 385:Generated_Source\PSoC5/cyfitter_cfg.c **** 		} CYPACKED_ATTR cfg_memset_t;
 386:Generated_Source\PSoC5/cyfitter_cfg.c **** 
 387:Generated_Source\PSoC5/cyfitter_cfg.c **** 		static const cfg_memset_t CYCODE cfg_memset_list[] = {
 388:Generated_Source\PSoC5/cyfitter_cfg.c **** 			/* address, size */
 389:Generated_Source\PSoC5/cyfitter_cfg.c **** 			{(void CYFAR *)(CYREG_PRT3_DR), 64u},
 390:Generated_Source\PSoC5/cyfitter_cfg.c **** 			{(void CYFAR *)(CYREG_PRT15_DR), 16u},
 391:Generated_Source\PSoC5/cyfitter_cfg.c **** 			{(void CYFAR *)(CYDEV_UCFG_B0_P0_U0_BASE), 4096u},
 392:Generated_Source\PSoC5/cyfitter_cfg.c **** 			{(void CYFAR *)(CYDEV_UCFG_B1_P2_U0_BASE), 2048u},
 393:Generated_Source\PSoC5/cyfitter_cfg.c **** 			{(void CYFAR *)(CYDEV_UCFG_DSI0_BASE), 2560u},
 394:Generated_Source\PSoC5/cyfitter_cfg.c **** 			{(void CYFAR *)(CYDEV_UCFG_DSI12_BASE), 512u},
 395:Generated_Source\PSoC5/cyfitter_cfg.c **** 			{(void CYFAR *)(CYREG_BCTL0_MDCLK_EN), 32u},
 396:Generated_Source\PSoC5/cyfitter_cfg.c **** 		};
 397:Generated_Source\PSoC5/cyfitter_cfg.c **** 
 398:Generated_Source\PSoC5/cyfitter_cfg.c **** 		uint8 CYDATA i;
 399:Generated_Source\PSoC5/cyfitter_cfg.c **** 
 400:Generated_Source\PSoC5/cyfitter_cfg.c **** 		/* Zero out critical memory blocks before beginning configuration */
 401:Generated_Source\PSoC5/cyfitter_cfg.c **** 		for (i = 0u; i < (sizeof(cfg_memset_list)/sizeof(cfg_memset_list[0])); i++)
 478              		.loc 1 401 0
 479 000e 0024     		movs	r4, #0
 480 0010 0CE0     		b	.L31
 481              	.LVL36:
 482              	.L32:
 483              	.LBB4:
 402:Generated_Source\PSoC5/cyfitter_cfg.c **** 		{
 403:Generated_Source\PSoC5/cyfitter_cfg.c **** 			const cfg_memset_t CYCODE * CYDATA ms = &cfg_memset_list[i];
 404:Generated_Source\PSoC5/cyfitter_cfg.c **** 			CYMEMZERO(ms->address, (size_t)(uint32)(ms->size));
 484              		.loc 1 404 0 discriminator 3
 485 0012 304D     		ldr	r5, .L34+4
 486 0014 6300     		lsls	r3, r4, #1
 487 0016 1919     		adds	r1, r3, r4
 488 0018 4A00     		lsls	r2, r1, #1
 489 001a 1146     		mov	r1, r2
 490 001c 2A44     		add	r2, r2, r5
 491 001e 0846     		mov	r0, r1
 492 0020 9188     		ldrh	r1, [r2, #4]
 493 0022 2858     		ldr	r0, [r5, r0]	@ unaligned
 494 0024 FFF7FEFF 		bl	CYMEMZERO
 495              	.LVL37:
 496              	.LBE4:
 401:Generated_Source\PSoC5/cyfitter_cfg.c **** 		{
 497              		.loc 1 401 0 discriminator 3
ARM GAS  C:\Users\91819\AppData\Local\Temp\ccEgRK6h.s 			page 17


 498 0028 0134     		adds	r4, r4, #1
 499              	.LVL38:
 500 002a E4B2     		uxtb	r4, r4
 501              	.LVL39:
 502              	.L31:
 401:Generated_Source\PSoC5/cyfitter_cfg.c **** 		{
 503              		.loc 1 401 0 is_stmt 0 discriminator 1
 504 002c 062C     		cmp	r4, #6
 505 002e F0D9     		bls	.L32
 405:Generated_Source\PSoC5/cyfitter_cfg.c **** 		}
 406:Generated_Source\PSoC5/cyfitter_cfg.c **** 
 407:Generated_Source\PSoC5/cyfitter_cfg.c **** 		cfg_write_bytes32(cy_cfg_addr_table, cy_cfg_data_table);
 506              		.loc 1 407 0 is_stmt 1
 507 0030 2949     		ldr	r1, .L34+8
 508 0032 4FF09040 		mov	r0, #1207959552
 509 0036 FFF7FEFF 		bl	cfg_write_bytes32
 510              	.LVL40:
 408:Generated_Source\PSoC5/cyfitter_cfg.c **** 
 409:Generated_Source\PSoC5/cyfitter_cfg.c **** 		/* Perform normal device configuration. Order is not critical for these items. */
 410:Generated_Source\PSoC5/cyfitter_cfg.c **** 		CYMEMZERO((void CYFAR *)(CYREG_PHUB_CFGMEM0_CFG0), 4u);
 511              		.loc 1 410 0
 512 003a 0421     		movs	r1, #4
 513 003c 2748     		ldr	r0, .L34+12
 514 003e FFF7FEFF 		bl	CYMEMZERO
 515              	.LVL41:
 411:Generated_Source\PSoC5/cyfitter_cfg.c **** 		CYCONFIGCPY((void CYFAR *)(CYREG_PHUB_CFGMEM1_CFG0), (const void CYFAR *)(BS_PHUB_CFGMEM1_VAL), 4
 516              		.loc 1 411 0
 517 0042 0422     		movs	r2, #4
 518 0044 2649     		ldr	r1, .L34+16
 519 0046 2748     		ldr	r0, .L34+20
 520 0048 FFF7FEFF 		bl	CYCONFIGCPY
 521              	.LVL42:
 412:Generated_Source\PSoC5/cyfitter_cfg.c **** 
 413:Generated_Source\PSoC5/cyfitter_cfg.c **** 		/* Enable digital routing */
 414:Generated_Source\PSoC5/cyfitter_cfg.c **** 		CY_SET_XTND_REG8((void CYFAR *)CYREG_BCTL0_BANK_CTL, CY_GET_XTND_REG8((void CYFAR *)CYREG_BCTL0_B
 522              		.loc 1 414 0
 523 004c 264A     		ldr	r2, .L34+24
 524 004e 1378     		ldrb	r3, [r2]	@ zero_extendqisi2
 525 0050 43F00203 		orr	r3, r3, #2
 526 0054 1370     		strb	r3, [r2]
 415:Generated_Source\PSoC5/cyfitter_cfg.c **** 		CY_SET_XTND_REG8((void CYFAR *)CYREG_BCTL1_BANK_CTL, CY_GET_XTND_REG8((void CYFAR *)CYREG_BCTL1_B
 527              		.loc 1 415 0
 528 0056 1032     		adds	r2, r2, #16
 529 0058 1378     		ldrb	r3, [r2]	@ zero_extendqisi2
 530 005a 43F00203 		orr	r3, r3, #2
 531 005e 1370     		strb	r3, [r2]
 416:Generated_Source\PSoC5/cyfitter_cfg.c **** 
 417:Generated_Source\PSoC5/cyfitter_cfg.c **** 		/* Enable UDB array */
 418:Generated_Source\PSoC5/cyfitter_cfg.c **** 		CY_SET_XTND_REG8((void CYFAR *)CYREG_PM_ACT_CFG0, CY_GET_XTND_REG8((void CYFAR *)CYREG_PM_ACT_CFG
 532              		.loc 1 418 0
 533 0060 224C     		ldr	r4, .L34+28
 534              	.LVL43:
 535 0062 2378     		ldrb	r3, [r4]	@ zero_extendqisi2
 536 0064 43F04003 		orr	r3, r3, #64
 537 0068 2370     		strb	r3, [r4]
 419:Generated_Source\PSoC5/cyfitter_cfg.c **** 		CY_SET_XTND_REG8((void CYFAR *)CYREG_PM_AVAIL_CR2, CY_GET_XTND_REG8((void CYFAR *)CYREG_PM_AVAIL_
 538              		.loc 1 419 0
ARM GAS  C:\Users\91819\AppData\Local\Temp\ccEgRK6h.s 			page 18


 539 006a A2F58632 		sub	r2, r2, #68608
 540 006e 513A     		subs	r2, r2, #81
 541 0070 1378     		ldrb	r3, [r2]	@ zero_extendqisi2
 542 0072 43F01003 		orr	r3, r3, #16
 543 0076 1370     		strb	r3, [r2]
 544              	.LBE3:
 420:Generated_Source\PSoC5/cyfitter_cfg.c **** 	}
 421:Generated_Source\PSoC5/cyfitter_cfg.c **** 
 422:Generated_Source\PSoC5/cyfitter_cfg.c **** 
 423:Generated_Source\PSoC5/cyfitter_cfg.c **** 	/* Perform second pass device configuration. These items must be configured in specific order afte
 424:Generated_Source\PSoC5/cyfitter_cfg.c **** 	CYCONFIGCPY((void CYFAR *)(CYREG_PRT0_DM0), (const void CYFAR *)(BS_IOPINS0_0_VAL), 8u);
 545              		.loc 1 424 0
 546 0078 0822     		movs	r2, #8
 547 007a 1D49     		ldr	r1, .L34+32
 548 007c 1D48     		ldr	r0, .L34+36
 549 007e FFF7FEFF 		bl	CYCONFIGCPY
 550              	.LVL44:
 425:Generated_Source\PSoC5/cyfitter_cfg.c **** 	CYCONFIGCPY((void CYFAR *)(CYREG_PRT12_DR), (const void CYFAR *)(BS_IOPINS0_7_VAL), 10u);
 551              		.loc 1 425 0
 552 0082 0A22     		movs	r2, #10
 553 0084 1C49     		ldr	r1, .L34+40
 554 0086 1D48     		ldr	r0, .L34+44
 555 0088 FFF7FEFF 		bl	CYCONFIGCPY
 556              	.LVL45:
 426:Generated_Source\PSoC5/cyfitter_cfg.c **** 	CYCONFIGCPY((void CYFAR *)(CYREG_PRT1_DM0), (const void CYFAR *)(BS_IOPINS0_1_VAL), 8u);
 557              		.loc 1 426 0
 558 008c 0822     		movs	r2, #8
 559 008e 1C49     		ldr	r1, .L34+48
 560 0090 1C48     		ldr	r0, .L34+52
 561 0092 FFF7FEFF 		bl	CYCONFIGCPY
 562              	.LVL46:
 427:Generated_Source\PSoC5/cyfitter_cfg.c **** 	CYCONFIGCPY((void CYFAR *)(CYREG_PRT2_DM0), (const void CYFAR *)(BS_IOPINS0_2_VAL), 8u);
 563              		.loc 1 427 0
 564 0096 0822     		movs	r2, #8
 565 0098 1B49     		ldr	r1, .L34+56
 566 009a 1C48     		ldr	r0, .L34+60
 567 009c FFF7FEFF 		bl	CYCONFIGCPY
 568              	.LVL47:
 428:Generated_Source\PSoC5/cyfitter_cfg.c **** 	/* Switch Boost to the precision bandgap reference from its internal reference */
 429:Generated_Source\PSoC5/cyfitter_cfg.c **** 	CY_SET_REG8((void CYXDATA *)CYREG_BOOST_CR2, (CY_GET_REG8((void CYXDATA *)CYREG_BOOST_CR2) | 0x08u
 569              		.loc 1 429 0
 570 00a0 1B4A     		ldr	r2, .L34+64
 571 00a2 1378     		ldrb	r3, [r2]	@ zero_extendqisi2
 572 00a4 43F00803 		orr	r3, r3, #8
 573 00a8 1370     		strb	r3, [r2]
 430:Generated_Source\PSoC5/cyfitter_cfg.c **** 
 431:Generated_Source\PSoC5/cyfitter_cfg.c **** 	/* Set Flash Cycles based on max possible frequency in case a glitch occurs during ClockSetup(). *
 432:Generated_Source\PSoC5/cyfitter_cfg.c **** 	CY_SET_XTND_REG8((void CYFAR *)(CYREG_CACHE_CC_CTL), (((CYDEV_INSTRUCT_CACHE_ENABLED) != 0) ? 0x61
 574              		.loc 1 432 0
 575 00aa 1A4D     		ldr	r5, .L34+68
 576 00ac 6123     		movs	r3, #97
 577 00ae 2B70     		strb	r3, [r5]
 433:Generated_Source\PSoC5/cyfitter_cfg.c **** 	/* Setup clocks based on selections from Clock DWR */
 434:Generated_Source\PSoC5/cyfitter_cfg.c **** 	ClockSetup();
 578              		.loc 1 434 0
 579 00b0 FFF7FEFF 		bl	ClockSetup
 580              	.LVL48:
ARM GAS  C:\Users\91819\AppData\Local\Temp\ccEgRK6h.s 			page 19


 435:Generated_Source\PSoC5/cyfitter_cfg.c **** 	/* Set Flash Cycles based on newly configured 24.00MHz Bus Clock. */
 436:Generated_Source\PSoC5/cyfitter_cfg.c **** 	CY_SET_XTND_REG8((void CYFAR *)(CYREG_CACHE_CC_CTL), (((CYDEV_INSTRUCT_CACHE_ENABLED) != 0) ? 0x81
 581              		.loc 1 436 0
 582 00b4 8123     		movs	r3, #129
 583 00b6 2B70     		strb	r3, [r5]
 437:Generated_Source\PSoC5/cyfitter_cfg.c **** 	CY_SET_XTND_REG8((void CYFAR *)(CYREG_PANTHER_WAITPIPE), 0x01u);
 584              		.loc 1 437 0
 585 00b8 0122     		movs	r2, #1
 586 00ba 174B     		ldr	r3, .L34+72
 587 00bc 1A70     		strb	r2, [r3]
 438:Generated_Source\PSoC5/cyfitter_cfg.c **** 
 439:Generated_Source\PSoC5/cyfitter_cfg.c **** 	/* Perform basic analog initialization to defaults */
 440:Generated_Source\PSoC5/cyfitter_cfg.c **** 	AnalogSetDefault();
 588              		.loc 1 440 0
 589 00be FFF7FEFF 		bl	AnalogSetDefault
 590              	.LVL49:
 441:Generated_Source\PSoC5/cyfitter_cfg.c **** 
 442:Generated_Source\PSoC5/cyfitter_cfg.c **** 	/* Configure alternate active mode */
 443:Generated_Source\PSoC5/cyfitter_cfg.c **** 	CYCONFIGCPY((void CYFAR *)CYDEV_PM_STBY_BASE, (const void CYFAR *)CYDEV_PM_ACT_BASE, 14u);
 591              		.loc 1 443 0
 592 00c2 0E22     		movs	r2, #14
 593 00c4 2146     		mov	r1, r4
 594 00c6 1548     		ldr	r0, .L34+76
 595 00c8 FFF7FEFF 		bl	CYCONFIGCPY
 596              	.LVL50:
 597 00cc 38BD     		pop	{r3, r4, r5, pc}
 598              	.L35:
 599 00ce 00BF     		.align	2
 600              	.L34:
 601 00d0 E8460040 		.word	1073759976
 602 00d4 00000000 		.word	.LANCHOR0
 603 00d8 90000048 		.word	1207959696
 604 00dc 00760040 		.word	1073772032
 605 00e0 B0070048 		.word	1207961520
 606 00e4 08760040 		.word	1073772040
 607 00e8 03500140 		.word	1073827843
 608 00ec A0430040 		.word	1073759136
 609 00f0 8C070048 		.word	1207961484
 610 00f4 02510040 		.word	1073762562
 611 00f8 94070048 		.word	1207961492
 612 00fc C0510040 		.word	1073762752
 613 0100 A0070048 		.word	1207961504
 614 0104 12510040 		.word	1073762578
 615 0108 A8070048 		.word	1207961512
 616 010c 22510040 		.word	1073762594
 617 0110 22430040 		.word	1073759010
 618 0114 00480040 		.word	1073760256
 619 0118 04000840 		.word	1074266116
 620 011c B0430040 		.word	1073759152
 621              		.cfi_endproc
 622              	.LFE8:
 623              		.size	cyfitter_cfg, .-cyfitter_cfg
 624              		.section	.rodata
 625              		.align	2
 626              		.set	.LANCHOR0,. + 0
 627              		.type	cfg_memset_list.5015, %object
 628              		.size	cfg_memset_list.5015, 42
ARM GAS  C:\Users\91819\AppData\Local\Temp\ccEgRK6h.s 			page 20


 629              	cfg_memset_list.5015:
 630 0000 30510040 		.word	1073762608
 631 0004 4000     		.short	64
 632 0006 F0510040 		.4byte	1073762800
 633 000a 1000     		.short	16
 634 000c 00000140 		.word	1073807360
 635 0010 0010     		.short	4096
 636 0012 00140140 		.4byte	1073812480
 637 0016 0008     		.short	2048
 638 0018 00400140 		.word	1073823744
 639 001c 000A     		.short	2560
 640 001e 004C0140 		.4byte	1073826816
 641 0022 0002     		.short	512
 642 0024 00500140 		.word	1073827840
 643 0028 2000     		.short	32
 644              		.text
 645              	.Letext0:
 646              		.file 2 "c:\\program files (x86)\\cypress\\psoc creator\\4.4\\psoc creator\\import\\gnu\\arm\\5.4.
 647              		.file 3 "Generated_Source\\PSoC5\\cytypes.h"
 648              		.file 4 "Generated_Source\\PSoC5\\CyLib.h"
 649              		.section	.debug_info,"",%progbits
 650              	.Ldebug_info0:
 651 0000 65050000 		.4byte	0x565
 652 0004 0400     		.2byte	0x4
 653 0006 00000000 		.4byte	.Ldebug_abbrev0
 654 000a 04       		.byte	0x4
 655 000b 01       		.uleb128 0x1
 656 000c 9F000000 		.4byte	.LASF49
 657 0010 0C       		.byte	0xc
 658 0011 8F020000 		.4byte	.LASF50
 659 0015 19020000 		.4byte	.LASF51
 660 0019 00000000 		.4byte	.Ldebug_ranges0+0
 661 001d 00000000 		.4byte	0
 662 0021 00000000 		.4byte	.Ldebug_line0
 663 0025 02       		.uleb128 0x2
 664 0026 04       		.byte	0x4
 665 0027 05       		.byte	0x5
 666 0028 696E7400 		.ascii	"int\000"
 667 002c 03       		.uleb128 0x3
 668 002d 19000000 		.4byte	.LASF12
 669 0031 02       		.byte	0x2
 670 0032 D8       		.byte	0xd8
 671 0033 37000000 		.4byte	0x37
 672 0037 04       		.uleb128 0x4
 673 0038 04       		.byte	0x4
 674 0039 07       		.byte	0x7
 675 003a CE010000 		.4byte	.LASF0
 676 003e 04       		.uleb128 0x4
 677 003f 08       		.byte	0x8
 678 0040 05       		.byte	0x5
 679 0041 81020000 		.4byte	.LASF1
 680 0045 04       		.uleb128 0x4
 681 0046 08       		.byte	0x8
 682 0047 04       		.byte	0x4
 683 0048 00030000 		.4byte	.LASF2
 684 004c 04       		.uleb128 0x4
 685 004d 01       		.byte	0x1
ARM GAS  C:\Users\91819\AppData\Local\Temp\ccEgRK6h.s 			page 21


 686 004e 06       		.byte	0x6
 687 004f 1E030000 		.4byte	.LASF3
 688 0053 04       		.uleb128 0x4
 689 0054 01       		.byte	0x1
 690 0055 08       		.byte	0x8
 691 0056 65010000 		.4byte	.LASF4
 692 005a 04       		.uleb128 0x4
 693 005b 02       		.byte	0x2
 694 005c 05       		.byte	0x5
 695 005d E0020000 		.4byte	.LASF5
 696 0061 04       		.uleb128 0x4
 697 0062 02       		.byte	0x2
 698 0063 07       		.byte	0x7
 699 0064 50000000 		.4byte	.LASF6
 700 0068 04       		.uleb128 0x4
 701 0069 04       		.byte	0x4
 702 006a 05       		.byte	0x5
 703 006b F2020000 		.4byte	.LASF7
 704 006f 04       		.uleb128 0x4
 705 0070 04       		.byte	0x4
 706 0071 07       		.byte	0x7
 707 0072 2D010000 		.4byte	.LASF8
 708 0076 04       		.uleb128 0x4
 709 0077 08       		.byte	0x8
 710 0078 07       		.byte	0x7
 711 0079 E3010000 		.4byte	.LASF9
 712 007d 04       		.uleb128 0x4
 713 007e 04       		.byte	0x4
 714 007f 07       		.byte	0x7
 715 0080 10020000 		.4byte	.LASF10
 716 0084 05       		.uleb128 0x5
 717 0085 04       		.byte	0x4
 718 0086 04       		.uleb128 0x4
 719 0087 01       		.byte	0x1
 720 0088 08       		.byte	0x8
 721 0089 FB020000 		.4byte	.LASF11
 722 008d 06       		.uleb128 0x6
 723 008e 3F010000 		.4byte	.LASF13
 724 0092 03       		.byte	0x3
 725 0093 E801     		.2byte	0x1e8
 726 0095 53000000 		.4byte	0x53
 727 0099 06       		.uleb128 0x6
 728 009a AB010000 		.4byte	.LASF14
 729 009e 03       		.byte	0x3
 730 009f E901     		.2byte	0x1e9
 731 00a1 61000000 		.4byte	0x61
 732 00a5 06       		.uleb128 0x6
 733 00a6 C7010000 		.4byte	.LASF15
 734 00aa 03       		.byte	0x3
 735 00ab EA01     		.2byte	0x1ea
 736 00ad 6F000000 		.4byte	0x6f
 737 00b1 04       		.uleb128 0x4
 738 00b2 04       		.byte	0x4
 739 00b3 04       		.byte	0x4
 740 00b4 6B000000 		.4byte	.LASF16
 741 00b8 04       		.uleb128 0x4
 742 00b9 08       		.byte	0x8
ARM GAS  C:\Users\91819\AppData\Local\Temp\ccEgRK6h.s 			page 22


 743 00ba 04       		.byte	0x4
 744 00bb 7A010000 		.4byte	.LASF17
 745 00bf 06       		.uleb128 0x6
 746 00c0 14000000 		.4byte	.LASF18
 747 00c4 03       		.byte	0x3
 748 00c5 9202     		.2byte	0x292
 749 00c7 CB000000 		.4byte	0xcb
 750 00cb 07       		.uleb128 0x7
 751 00cc 8D000000 		.4byte	0x8d
 752 00d0 06       		.uleb128 0x6
 753 00d1 00000000 		.4byte	.LASF19
 754 00d5 03       		.byte	0x3
 755 00d6 9302     		.2byte	0x293
 756 00d8 DC000000 		.4byte	0xdc
 757 00dc 07       		.uleb128 0x7
 758 00dd 99000000 		.4byte	0x99
 759 00e1 08       		.uleb128 0x8
 760 00e2 02       		.byte	0x2
 761 00e3 01       		.byte	0x1
 762 00e4 98       		.byte	0x98
 763 00e5 02010000 		.4byte	0x102
 764 00e9 09       		.uleb128 0x9
 765 00ea D9020000 		.4byte	.LASF20
 766 00ee 01       		.byte	0x1
 767 00ef 9A       		.byte	0x9a
 768 00f0 8D000000 		.4byte	0x8d
 769 00f4 00       		.byte	0
 770 00f5 09       		.uleb128 0x9
 771 00f6 39000000 		.4byte	.LASF21
 772 00fa 01       		.byte	0x1
 773 00fb 9B       		.byte	0x9b
 774 00fc 8D000000 		.4byte	0x8d
 775 0100 01       		.byte	0x1
 776 0101 00       		.byte	0
 777 0102 03       		.uleb128 0x3
 778 0103 C6020000 		.4byte	.LASF22
 779 0107 01       		.byte	0x1
 780 0108 9C       		.byte	0x9c
 781 0109 E1000000 		.4byte	0xe1
 782 010d 0A       		.uleb128 0xa
 783 010e 71000000 		.4byte	.LASF52
 784 0112 01       		.byte	0x1
 785 0113 7F       		.byte	0x7f
 786 0114 00000000 		.4byte	.LFB3
 787 0118 02000000 		.4byte	.LFE3-.LFB3
 788 011c 01       		.uleb128 0x1
 789 011d 9C       		.byte	0x9c
 790 011e 30010000 		.4byte	0x130
 791 0122 0B       		.uleb128 0xb
 792 0123 BD010000 		.4byte	.LASF23
 793 0127 01       		.byte	0x1
 794 0128 7F       		.byte	0x7f
 795 0129 8D000000 		.4byte	0x8d
 796 012d 01       		.uleb128 0x1
 797 012e 50       		.byte	0x50
 798 012f 00       		.byte	0
 799 0130 0C       		.uleb128 0xc
ARM GAS  C:\Users\91819\AppData\Local\Temp\ccEgRK6h.s 			page 23


 800 0131 81010000 		.4byte	.LASF28
 801 0135 01       		.byte	0x1
 802 0136 C0       		.byte	0xc0
 803 0137 00000000 		.4byte	.LFB4
 804 013b 34000000 		.4byte	.LFE4-.LFB4
 805 013f 01       		.uleb128 0x1
 806 0140 9C       		.byte	0x9c
 807 0141 A2010000 		.4byte	0x1a2
 808 0145 0B       		.uleb128 0xb
 809 0146 A0010000 		.4byte	.LASF24
 810 014a 01       		.byte	0x1
 811 014b C0       		.byte	0xc0
 812 014c A2010000 		.4byte	0x1a2
 813 0150 01       		.uleb128 0x1
 814 0151 50       		.byte	0x50
 815 0152 0B       		.uleb128 0xb
 816 0153 B2010000 		.4byte	.LASF25
 817 0157 01       		.byte	0x1
 818 0158 C0       		.byte	0xc0
 819 0159 AD010000 		.4byte	0x1ad
 820 015d 01       		.uleb128 0x1
 821 015e 51       		.byte	0x51
 822 015f 0D       		.uleb128 0xd
 823 0160 6900     		.ascii	"i\000"
 824 0162 01       		.byte	0x1
 825 0163 C3       		.byte	0xc3
 826 0164 A5000000 		.4byte	0xa5
 827 0168 00000000 		.4byte	.LLST0
 828 016c 0D       		.uleb128 0xd
 829 016d 6A00     		.ascii	"j\000"
 830 016f 01       		.byte	0x1
 831 0170 C3       		.byte	0xc3
 832 0171 A5000000 		.4byte	0xa5
 833 0175 1F000000 		.4byte	.LLST1
 834 0179 0E       		.uleb128 0xe
 835 017a 08000000 		.4byte	.LBB2
 836 017e 22000000 		.4byte	.LBE2-.LBB2
 837 0182 0F       		.uleb128 0xf
 838 0183 07020000 		.4byte	.LASF26
 839 0187 01       		.byte	0x1
 840 0188 C6       		.byte	0xc6
 841 0189 A5000000 		.4byte	0xa5
 842 018d 3E000000 		.4byte	.LLST2
 843 0191 0F       		.uleb128 0xf
 844 0192 3F000000 		.4byte	.LASF27
 845 0196 01       		.byte	0x1
 846 0197 C7       		.byte	0xc7
 847 0198 8D000000 		.4byte	0x8d
 848 019c 51000000 		.4byte	.LLST3
 849 01a0 00       		.byte	0
 850 01a1 00       		.byte	0
 851 01a2 10       		.uleb128 0x10
 852 01a3 04       		.byte	0x4
 853 01a4 A8010000 		.4byte	0x1a8
 854 01a8 11       		.uleb128 0x11
 855 01a9 A5000000 		.4byte	0xa5
 856 01ad 10       		.uleb128 0x10
ARM GAS  C:\Users\91819\AppData\Local\Temp\ccEgRK6h.s 			page 24


 857 01ae 04       		.byte	0x4
 858 01af B3010000 		.4byte	0x1b3
 859 01b3 11       		.uleb128 0x11
 860 01b4 02010000 		.4byte	0x102
 861 01b8 0C       		.uleb128 0xc
 862 01b9 45010000 		.4byte	.LASF29
 863 01bd 01       		.byte	0x1
 864 01be 4D       		.byte	0x4d
 865 01bf 00000000 		.4byte	.LFB0
 866 01c3 0C000000 		.4byte	.LFE0-.LFB0
 867 01c7 01       		.uleb128 0x1
 868 01c8 9C       		.byte	0x9c
 869 01c9 05020000 		.4byte	0x205
 870 01cd 12       		.uleb128 0x12
 871 01ce 7300     		.ascii	"s\000"
 872 01d0 01       		.byte	0x1
 873 01d1 4D       		.byte	0x4d
 874 01d2 84000000 		.4byte	0x84
 875 01d6 6F000000 		.4byte	.LLST4
 876 01da 12       		.uleb128 0x12
 877 01db 6E00     		.ascii	"n\000"
 878 01dd 01       		.byte	0x1
 879 01de 4D       		.byte	0x4d
 880 01df 2C000000 		.4byte	0x2c
 881 01e3 90000000 		.4byte	.LLST5
 882 01e7 13       		.uleb128 0x13
 883 01e8 0A000000 		.4byte	.LVL14
 884 01ec 40050000 		.4byte	0x540
 885 01f0 14       		.uleb128 0x14
 886 01f1 01       		.uleb128 0x1
 887 01f2 50       		.byte	0x50
 888 01f3 03       		.uleb128 0x3
 889 01f4 F3       		.byte	0xf3
 890 01f5 01       		.uleb128 0x1
 891 01f6 50       		.byte	0x50
 892 01f7 14       		.uleb128 0x14
 893 01f8 01       		.uleb128 0x1
 894 01f9 51       		.byte	0x51
 895 01fa 01       		.uleb128 0x1
 896 01fb 30       		.byte	0x30
 897 01fc 14       		.uleb128 0x14
 898 01fd 01       		.uleb128 0x1
 899 01fe 52       		.byte	0x52
 900 01ff 03       		.uleb128 0x3
 901 0200 F3       		.byte	0xf3
 902 0201 01       		.uleb128 0x1
 903 0202 51       		.byte	0x51
 904 0203 00       		.byte	0
 905 0204 00       		.byte	0
 906 0205 0C       		.uleb128 0xc
 907 0206 45000000 		.4byte	.LASF30
 908 020a 01       		.byte	0x1
 909 020b E3       		.byte	0xe3
 910 020c 00000000 		.4byte	.LFB5
 911 0210 CC000000 		.4byte	.LFE5-.LFB5
 912 0214 01       		.uleb128 0x1
 913 0215 9C       		.byte	0x9c
ARM GAS  C:\Users\91819\AppData\Local\Temp\ccEgRK6h.s 			page 25


 914 0216 5D020000 		.4byte	0x25d
 915 021a 0F       		.uleb128 0xf
 916 021b 31000000 		.4byte	.LASF31
 917 021f 01       		.byte	0x1
 918 0220 E5       		.byte	0xe5
 919 0221 A5000000 		.4byte	0xa5
 920 0225 BC000000 		.4byte	.LLST6
 921 0229 0F       		.uleb128 0xf
 922 022a 63000000 		.4byte	.LASF32
 923 022e 01       		.byte	0x1
 924 022f E6       		.byte	0xe6
 925 0230 8D000000 		.4byte	0x8d
 926 0234 DB000000 		.4byte	.LLST7
 927 0238 15       		.uleb128 0x15
 928 0239 68000000 		.4byte	.LVL19
 929 023d 49050000 		.4byte	0x549
 930 0241 4D020000 		.4byte	0x24d
 931 0245 14       		.uleb128 0x14
 932 0246 01       		.uleb128 0x1
 933 0247 50       		.byte	0x50
 934 0248 03       		.uleb128 0x3
 935 0249 0A       		.byte	0xa
 936 024a E001     		.2byte	0x1e0
 937 024c 00       		.byte	0
 938 024d 13       		.uleb128 0x13
 939 024e 78000000 		.4byte	.LVL21
 940 0252 0D010000 		.4byte	0x10d
 941 0256 14       		.uleb128 0x14
 942 0257 01       		.uleb128 0x1
 943 0258 50       		.byte	0x50
 944 0259 01       		.uleb128 0x1
 945 025a 33       		.byte	0x33
 946 025b 00       		.byte	0
 947 025c 00       		.byte	0
 948 025d 16       		.uleb128 0x16
 949 025e 20000000 		.4byte	.LASF33
 950 0262 01       		.byte	0x1
 951 0263 2801     		.2byte	0x128
 952 0265 00000000 		.4byte	.LFB6
 953 0269 7C000000 		.4byte	.LFE6-.LFB6
 954 026d 01       		.uleb128 0x1
 955 026e 9C       		.byte	0x9c
 956 026f B3020000 		.4byte	0x2b3
 957 0273 17       		.uleb128 0x17
 958 0274 0C030000 		.4byte	.LASF34
 959 0278 01       		.byte	0x1
 960 0279 2A01     		.2byte	0x12a
 961 027b 8D000000 		.4byte	0x8d
 962 027f 05010000 		.4byte	.LLST8
 963 0283 18       		.uleb128 0x18
 964 0284 63723400 		.ascii	"cr4\000"
 965 0288 01       		.byte	0x1
 966 0289 2B01     		.2byte	0x12b
 967 028b 8D000000 		.4byte	0x8d
 968 028f 18010000 		.4byte	.LLST9
 969 0293 18       		.uleb128 0x18
 970 0294 63723500 		.ascii	"cr5\000"
ARM GAS  C:\Users\91819\AppData\Local\Temp\ccEgRK6h.s 			page 26


 971 0298 01       		.byte	0x1
 972 0299 2C01     		.2byte	0x12c
 973 029b 8D000000 		.4byte	0x8d
 974 029f 2B010000 		.4byte	.LLST10
 975 02a3 13       		.uleb128 0x13
 976 02a4 50000000 		.4byte	.LVL27
 977 02a8 54050000 		.4byte	0x554
 978 02ac 14       		.uleb128 0x14
 979 02ad 01       		.uleb128 0x1
 980 02ae 50       		.byte	0x50
 981 02af 01       		.uleb128 0x1
 982 02b0 3A       		.byte	0x3a
 983 02b1 00       		.byte	0
 984 02b2 00       		.byte	0
 985 02b3 0C       		.uleb128 0xc
 986 02b4 33030000 		.4byte	.LASF35
 987 02b8 01       		.byte	0x1
 988 02b9 54       		.byte	0x54
 989 02ba 00000000 		.4byte	.LFB1
 990 02be 08000000 		.4byte	.LFE1-.LFB1
 991 02c2 01       		.uleb128 0x1
 992 02c3 9C       		.byte	0x9c
 993 02c4 13030000 		.4byte	0x313
 994 02c8 19       		.uleb128 0x19
 995 02c9 85000000 		.4byte	.LASF36
 996 02cd 01       		.byte	0x1
 997 02ce 54       		.byte	0x54
 998 02cf 84000000 		.4byte	0x84
 999 02d3 3E010000 		.4byte	.LLST11
 1000 02d7 12       		.uleb128 0x12
 1001 02d8 73726300 		.ascii	"src\000"
 1002 02dc 01       		.byte	0x1
 1003 02dd 54       		.byte	0x54
 1004 02de 13030000 		.4byte	0x313
 1005 02e2 5F010000 		.4byte	.LLST12
 1006 02e6 12       		.uleb128 0x12
 1007 02e7 6E00     		.ascii	"n\000"
 1008 02e9 01       		.byte	0x1
 1009 02ea 54       		.byte	0x54
 1010 02eb 2C000000 		.4byte	0x2c
 1011 02ef 80010000 		.4byte	.LLST13
 1012 02f3 13       		.uleb128 0x13
 1013 02f4 06000000 		.4byte	.LVL30
 1014 02f8 5F050000 		.4byte	0x55f
 1015 02fc 14       		.uleb128 0x14
 1016 02fd 01       		.uleb128 0x1
 1017 02fe 50       		.byte	0x50
 1018 02ff 03       		.uleb128 0x3
 1019 0300 F3       		.byte	0xf3
 1020 0301 01       		.uleb128 0x1
 1021 0302 50       		.byte	0x50
 1022 0303 14       		.uleb128 0x14
 1023 0304 01       		.uleb128 0x1
 1024 0305 51       		.byte	0x51
 1025 0306 03       		.uleb128 0x3
 1026 0307 F3       		.byte	0xf3
 1027 0308 01       		.uleb128 0x1
ARM GAS  C:\Users\91819\AppData\Local\Temp\ccEgRK6h.s 			page 27


 1028 0309 51       		.byte	0x51
 1029 030a 14       		.uleb128 0x14
 1030 030b 01       		.uleb128 0x1
 1031 030c 52       		.byte	0x52
 1032 030d 03       		.uleb128 0x3
 1033 030e F3       		.byte	0xf3
 1034 030f 01       		.uleb128 0x1
 1035 0310 52       		.byte	0x52
 1036 0311 00       		.byte	0
 1037 0312 00       		.byte	0
 1038 0313 10       		.uleb128 0x10
 1039 0314 04       		.byte	0x4
 1040 0315 19030000 		.4byte	0x319
 1041 0319 1A       		.uleb128 0x1a
 1042 031a 1B       		.uleb128 0x1b
 1043 031b 4F010000 		.4byte	.LASF39
 1044 031f 01       		.byte	0x1
 1045 0320 4F01     		.2byte	0x14f
 1046 0322 00000000 		.4byte	.LFB7
 1047 0326 1C000000 		.4byte	.LFE7-.LFB7
 1048 032a 01       		.uleb128 0x1
 1049 032b 9C       		.byte	0x9c
 1050 032c 4D030000 		.4byte	0x34d
 1051 0330 1C       		.uleb128 0x1c
 1052 0331 EA020000 		.4byte	.LASF37
 1053 0335 01       		.byte	0x1
 1054 0336 4F01     		.2byte	0x14f
 1055 0338 8D000000 		.4byte	0x8d
 1056 033c 01       		.uleb128 0x1
 1057 033d 50       		.byte	0x50
 1058 033e 1D       		.uleb128 0x1d
 1059 033f 2A030000 		.4byte	.LASF38
 1060 0343 01       		.byte	0x1
 1061 0344 5101     		.2byte	0x151
 1062 0346 8D000000 		.4byte	0x8d
 1063 034a 01       		.uleb128 0x1
 1064 034b 53       		.byte	0x53
 1065 034c 00       		.byte	0
 1066 034d 1B       		.uleb128 0x1b
 1067 034e 93010000 		.4byte	.LASF40
 1068 0352 01       		.byte	0x1
 1069 0353 7201     		.2byte	0x172
 1070 0355 00000000 		.4byte	.LFB8
 1071 0359 20010000 		.4byte	.LFE8-.LFB8
 1072 035d 01       		.uleb128 0x1
 1073 035e 9C       		.byte	0x9c
 1074 035f 40050000 		.4byte	0x540
 1075 0363 1E       		.uleb128 0x1e
 1076 0364 0E000000 		.4byte	.LBB3
 1077 0368 6A000000 		.4byte	.LBE3-.LBB3
 1078 036c 7B040000 		.4byte	0x47b
 1079 0370 1F       		.uleb128 0x1f
 1080 0371 06       		.byte	0x6
 1081 0372 01       		.byte	0x1
 1082 0373 7E01     		.2byte	0x17e
 1083 0375 94030000 		.4byte	0x394
 1084 0379 20       		.uleb128 0x20
ARM GAS  C:\Users\91819\AppData\Local\Temp\ccEgRK6h.s 			page 28


 1085 037a DB010000 		.4byte	.LASF41
 1086 037e 01       		.byte	0x1
 1087 037f 7F01     		.2byte	0x17f
 1088 0381 84000000 		.4byte	0x84
 1089 0385 00       		.byte	0
 1090 0386 20       		.uleb128 0x20
 1091 0387 9A000000 		.4byte	.LASF42
 1092 038b 01       		.byte	0x1
 1093 038c 8001     		.2byte	0x180
 1094 038e 99000000 		.4byte	0x99
 1095 0392 04       		.byte	0x4
 1096 0393 00       		.byte	0
 1097 0394 06       		.uleb128 0x6
 1098 0395 FA010000 		.4byte	.LASF43
 1099 0399 01       		.byte	0x1
 1100 039a 8101     		.2byte	0x181
 1101 039c 70030000 		.4byte	0x370
 1102 03a0 21       		.uleb128 0x21
 1103 03a1 B0030000 		.4byte	0x3b0
 1104 03a5 B0030000 		.4byte	0x3b0
 1105 03a9 22       		.uleb128 0x22
 1106 03aa 7D000000 		.4byte	0x7d
 1107 03ae 06       		.byte	0x6
 1108 03af 00       		.byte	0
 1109 03b0 11       		.uleb128 0x11
 1110 03b1 94030000 		.4byte	0x394
 1111 03b5 1D       		.uleb128 0x1d
 1112 03b6 8A000000 		.4byte	.LASF44
 1113 03ba 01       		.byte	0x1
 1114 03bb 8301     		.2byte	0x183
 1115 03bd C7030000 		.4byte	0x3c7
 1116 03c1 05       		.uleb128 0x5
 1117 03c2 03       		.byte	0x3
 1118 03c3 00000000 		.4byte	cfg_memset_list.5015
 1119 03c7 11       		.uleb128 0x11
 1120 03c8 A0030000 		.4byte	0x3a0
 1121 03cc 18       		.uleb128 0x18
 1122 03cd 6900     		.ascii	"i\000"
 1123 03cf 01       		.byte	0x1
 1124 03d0 8E01     		.2byte	0x18e
 1125 03d2 8D000000 		.4byte	0x8d
 1126 03d6 A1010000 		.4byte	.LLST14
 1127 03da 1E       		.uleb128 0x1e
 1128 03db 12000000 		.4byte	.LBB4
 1129 03df 16000000 		.4byte	.LBE4-.LBB4
 1130 03e3 1F040000 		.4byte	0x41f
 1131 03e7 18       		.uleb128 0x18
 1132 03e8 6D7300   		.ascii	"ms\000"
 1133 03eb 01       		.byte	0x1
 1134 03ec 9301     		.2byte	0x193
 1135 03ee F6030000 		.4byte	0x3f6
 1136 03f2 CB010000 		.4byte	.LLST15
 1137 03f6 10       		.uleb128 0x10
 1138 03f7 04       		.byte	0x4
 1139 03f8 B0030000 		.4byte	0x3b0
 1140 03fc 13       		.uleb128 0x13
 1141 03fd 28000000 		.4byte	.LVL37
ARM GAS  C:\Users\91819\AppData\Local\Temp\ccEgRK6h.s 			page 29


 1142 0401 B8010000 		.4byte	0x1b8
 1143 0405 14       		.uleb128 0x14
 1144 0406 01       		.uleb128 0x1
 1145 0407 51       		.byte	0x51
 1146 0408 14       		.uleb128 0x14
 1147 0409 74       		.byte	0x74
 1148 040a 00       		.sleb128 0
 1149 040b 31       		.byte	0x31
 1150 040c 24       		.byte	0x24
 1151 040d 74       		.byte	0x74
 1152 040e 00       		.sleb128 0
 1153 040f 22       		.byte	0x22
 1154 0410 31       		.byte	0x31
 1155 0411 24       		.byte	0x24
 1156 0412 75       		.byte	0x75
 1157 0413 00       		.sleb128 0
 1158 0414 22       		.byte	0x22
 1159 0415 23       		.byte	0x23
 1160 0416 04       		.uleb128 0x4
 1161 0417 94       		.byte	0x94
 1162 0418 02       		.byte	0x2
 1163 0419 0A       		.byte	0xa
 1164 041a FFFF     		.2byte	0xffff
 1165 041c 1A       		.byte	0x1a
 1166 041d 00       		.byte	0
 1167 041e 00       		.byte	0
 1168 041f 15       		.uleb128 0x15
 1169 0420 3A000000 		.4byte	.LVL40
 1170 0424 30010000 		.4byte	0x130
 1171 0428 3D040000 		.4byte	0x43d
 1172 042c 14       		.uleb128 0x14
 1173 042d 01       		.uleb128 0x1
 1174 042e 50       		.byte	0x50
 1175 042f 03       		.uleb128 0x3
 1176 0430 42       		.byte	0x42
 1177 0431 4A       		.byte	0x4a
 1178 0432 24       		.byte	0x24
 1179 0433 14       		.uleb128 0x14
 1180 0434 01       		.uleb128 0x1
 1181 0435 51       		.byte	0x51
 1182 0436 05       		.uleb128 0x5
 1183 0437 0C       		.byte	0xc
 1184 0438 90000048 		.4byte	0x48000090
 1185 043c 00       		.byte	0
 1186 043d 15       		.uleb128 0x15
 1187 043e 42000000 		.4byte	.LVL41
 1188 0442 B8010000 		.4byte	0x1b8
 1189 0446 59040000 		.4byte	0x459
 1190 044a 14       		.uleb128 0x14
 1191 044b 01       		.uleb128 0x1
 1192 044c 50       		.byte	0x50
 1193 044d 05       		.uleb128 0x5
 1194 044e 0C       		.byte	0xc
 1195 044f 00760040 		.4byte	0x40007600
 1196 0453 14       		.uleb128 0x14
 1197 0454 01       		.uleb128 0x1
 1198 0455 51       		.byte	0x51
ARM GAS  C:\Users\91819\AppData\Local\Temp\ccEgRK6h.s 			page 30


 1199 0456 01       		.uleb128 0x1
 1200 0457 34       		.byte	0x34
 1201 0458 00       		.byte	0
 1202 0459 13       		.uleb128 0x13
 1203 045a 4C000000 		.4byte	.LVL42
 1204 045e B3020000 		.4byte	0x2b3
 1205 0462 14       		.uleb128 0x14
 1206 0463 01       		.uleb128 0x1
 1207 0464 50       		.byte	0x50
 1208 0465 05       		.uleb128 0x5
 1209 0466 0C       		.byte	0xc
 1210 0467 08760040 		.4byte	0x40007608
 1211 046b 14       		.uleb128 0x14
 1212 046c 01       		.uleb128 0x1
 1213 046d 51       		.byte	0x51
 1214 046e 05       		.uleb128 0x5
 1215 046f 0C       		.byte	0xc
 1216 0470 B0070048 		.4byte	0x480007b0
 1217 0474 14       		.uleb128 0x14
 1218 0475 01       		.uleb128 0x1
 1219 0476 52       		.byte	0x52
 1220 0477 01       		.uleb128 0x1
 1221 0478 34       		.byte	0x34
 1222 0479 00       		.byte	0
 1223 047a 00       		.byte	0
 1224 047b 15       		.uleb128 0x15
 1225 047c 82000000 		.4byte	.LVL44
 1226 0480 B3020000 		.4byte	0x2b3
 1227 0484 A0040000 		.4byte	0x4a0
 1228 0488 14       		.uleb128 0x14
 1229 0489 01       		.uleb128 0x1
 1230 048a 50       		.byte	0x50
 1231 048b 05       		.uleb128 0x5
 1232 048c 0C       		.byte	0xc
 1233 048d 02510040 		.4byte	0x40005102
 1234 0491 14       		.uleb128 0x14
 1235 0492 01       		.uleb128 0x1
 1236 0493 51       		.byte	0x51
 1237 0494 05       		.uleb128 0x5
 1238 0495 0C       		.byte	0xc
 1239 0496 8C070048 		.4byte	0x4800078c
 1240 049a 14       		.uleb128 0x14
 1241 049b 01       		.uleb128 0x1
 1242 049c 52       		.byte	0x52
 1243 049d 01       		.uleb128 0x1
 1244 049e 38       		.byte	0x38
 1245 049f 00       		.byte	0
 1246 04a0 15       		.uleb128 0x15
 1247 04a1 8C000000 		.4byte	.LVL45
 1248 04a5 B3020000 		.4byte	0x2b3
 1249 04a9 C5040000 		.4byte	0x4c5
 1250 04ad 14       		.uleb128 0x14
 1251 04ae 01       		.uleb128 0x1
 1252 04af 50       		.byte	0x50
 1253 04b0 05       		.uleb128 0x5
 1254 04b1 0C       		.byte	0xc
 1255 04b2 C0510040 		.4byte	0x400051c0
ARM GAS  C:\Users\91819\AppData\Local\Temp\ccEgRK6h.s 			page 31


 1256 04b6 14       		.uleb128 0x14
 1257 04b7 01       		.uleb128 0x1
 1258 04b8 51       		.byte	0x51
 1259 04b9 05       		.uleb128 0x5
 1260 04ba 0C       		.byte	0xc
 1261 04bb 94070048 		.4byte	0x48000794
 1262 04bf 14       		.uleb128 0x14
 1263 04c0 01       		.uleb128 0x1
 1264 04c1 52       		.byte	0x52
 1265 04c2 01       		.uleb128 0x1
 1266 04c3 3A       		.byte	0x3a
 1267 04c4 00       		.byte	0
 1268 04c5 15       		.uleb128 0x15
 1269 04c6 96000000 		.4byte	.LVL46
 1270 04ca B3020000 		.4byte	0x2b3
 1271 04ce EA040000 		.4byte	0x4ea
 1272 04d2 14       		.uleb128 0x14
 1273 04d3 01       		.uleb128 0x1
 1274 04d4 50       		.byte	0x50
 1275 04d5 05       		.uleb128 0x5
 1276 04d6 0C       		.byte	0xc
 1277 04d7 12510040 		.4byte	0x40005112
 1278 04db 14       		.uleb128 0x14
 1279 04dc 01       		.uleb128 0x1
 1280 04dd 51       		.byte	0x51
 1281 04de 05       		.uleb128 0x5
 1282 04df 0C       		.byte	0xc
 1283 04e0 A0070048 		.4byte	0x480007a0
 1284 04e4 14       		.uleb128 0x14
 1285 04e5 01       		.uleb128 0x1
 1286 04e6 52       		.byte	0x52
 1287 04e7 01       		.uleb128 0x1
 1288 04e8 38       		.byte	0x38
 1289 04e9 00       		.byte	0
 1290 04ea 15       		.uleb128 0x15
 1291 04eb A0000000 		.4byte	.LVL47
 1292 04ef B3020000 		.4byte	0x2b3
 1293 04f3 0F050000 		.4byte	0x50f
 1294 04f7 14       		.uleb128 0x14
 1295 04f8 01       		.uleb128 0x1
 1296 04f9 50       		.byte	0x50
 1297 04fa 05       		.uleb128 0x5
 1298 04fb 0C       		.byte	0xc
 1299 04fc 22510040 		.4byte	0x40005122
 1300 0500 14       		.uleb128 0x14
 1301 0501 01       		.uleb128 0x1
 1302 0502 51       		.byte	0x51
 1303 0503 05       		.uleb128 0x5
 1304 0504 0C       		.byte	0xc
 1305 0505 A8070048 		.4byte	0x480007a8
 1306 0509 14       		.uleb128 0x14
 1307 050a 01       		.uleb128 0x1
 1308 050b 52       		.byte	0x52
 1309 050c 01       		.uleb128 0x1
 1310 050d 38       		.byte	0x38
 1311 050e 00       		.byte	0
 1312 050f 23       		.uleb128 0x23
ARM GAS  C:\Users\91819\AppData\Local\Temp\ccEgRK6h.s 			page 32


 1313 0510 B4000000 		.4byte	.LVL48
 1314 0514 05020000 		.4byte	0x205
 1315 0518 23       		.uleb128 0x23
 1316 0519 C2000000 		.4byte	.LVL49
 1317 051d 5D020000 		.4byte	0x25d
 1318 0521 13       		.uleb128 0x13
 1319 0522 CC000000 		.4byte	.LVL50
 1320 0526 B3020000 		.4byte	0x2b3
 1321 052a 14       		.uleb128 0x14
 1322 052b 01       		.uleb128 0x1
 1323 052c 50       		.byte	0x50
 1324 052d 05       		.uleb128 0x5
 1325 052e 0C       		.byte	0xc
 1326 052f B0430040 		.4byte	0x400043b0
 1327 0533 14       		.uleb128 0x14
 1328 0534 01       		.uleb128 0x1
 1329 0535 51       		.byte	0x51
 1330 0536 02       		.uleb128 0x2
 1331 0537 74       		.byte	0x74
 1332 0538 00       		.sleb128 0
 1333 0539 14       		.uleb128 0x14
 1334 053a 01       		.uleb128 0x1
 1335 053b 52       		.byte	0x52
 1336 053c 01       		.uleb128 0x1
 1337 053d 3E       		.byte	0x3e
 1338 053e 00       		.byte	0
 1339 053f 00       		.byte	0
 1340 0540 24       		.uleb128 0x24
 1341 0541 73010000 		.4byte	.LASF47
 1342 0545 73010000 		.4byte	.LASF47
 1343 0549 25       		.uleb128 0x25
 1344 054a 06000000 		.4byte	.LASF45
 1345 054e 06000000 		.4byte	.LASF45
 1346 0552 04       		.byte	0x4
 1347 0553 79       		.byte	0x79
 1348 0554 25       		.uleb128 0x25
 1349 0555 B5020000 		.4byte	.LASF46
 1350 0559 B5020000 		.4byte	.LASF46
 1351 055d 04       		.byte	0x4
 1352 055e 77       		.byte	0x77
 1353 055f 24       		.uleb128 0x24
 1354 0560 BF020000 		.4byte	.LASF48
 1355 0564 BF020000 		.4byte	.LASF48
 1356 0568 00       		.byte	0
 1357              		.section	.debug_abbrev,"",%progbits
 1358              	.Ldebug_abbrev0:
 1359 0000 01       		.uleb128 0x1
 1360 0001 11       		.uleb128 0x11
 1361 0002 01       		.byte	0x1
 1362 0003 25       		.uleb128 0x25
 1363 0004 0E       		.uleb128 0xe
 1364 0005 13       		.uleb128 0x13
 1365 0006 0B       		.uleb128 0xb
 1366 0007 03       		.uleb128 0x3
 1367 0008 0E       		.uleb128 0xe
 1368 0009 1B       		.uleb128 0x1b
 1369 000a 0E       		.uleb128 0xe
ARM GAS  C:\Users\91819\AppData\Local\Temp\ccEgRK6h.s 			page 33


 1370 000b 55       		.uleb128 0x55
 1371 000c 17       		.uleb128 0x17
 1372 000d 11       		.uleb128 0x11
 1373 000e 01       		.uleb128 0x1
 1374 000f 10       		.uleb128 0x10
 1375 0010 17       		.uleb128 0x17
 1376 0011 00       		.byte	0
 1377 0012 00       		.byte	0
 1378 0013 02       		.uleb128 0x2
 1379 0014 24       		.uleb128 0x24
 1380 0015 00       		.byte	0
 1381 0016 0B       		.uleb128 0xb
 1382 0017 0B       		.uleb128 0xb
 1383 0018 3E       		.uleb128 0x3e
 1384 0019 0B       		.uleb128 0xb
 1385 001a 03       		.uleb128 0x3
 1386 001b 08       		.uleb128 0x8
 1387 001c 00       		.byte	0
 1388 001d 00       		.byte	0
 1389 001e 03       		.uleb128 0x3
 1390 001f 16       		.uleb128 0x16
 1391 0020 00       		.byte	0
 1392 0021 03       		.uleb128 0x3
 1393 0022 0E       		.uleb128 0xe
 1394 0023 3A       		.uleb128 0x3a
 1395 0024 0B       		.uleb128 0xb
 1396 0025 3B       		.uleb128 0x3b
 1397 0026 0B       		.uleb128 0xb
 1398 0027 49       		.uleb128 0x49
 1399 0028 13       		.uleb128 0x13
 1400 0029 00       		.byte	0
 1401 002a 00       		.byte	0
 1402 002b 04       		.uleb128 0x4
 1403 002c 24       		.uleb128 0x24
 1404 002d 00       		.byte	0
 1405 002e 0B       		.uleb128 0xb
 1406 002f 0B       		.uleb128 0xb
 1407 0030 3E       		.uleb128 0x3e
 1408 0031 0B       		.uleb128 0xb
 1409 0032 03       		.uleb128 0x3
 1410 0033 0E       		.uleb128 0xe
 1411 0034 00       		.byte	0
 1412 0035 00       		.byte	0
 1413 0036 05       		.uleb128 0x5
 1414 0037 0F       		.uleb128 0xf
 1415 0038 00       		.byte	0
 1416 0039 0B       		.uleb128 0xb
 1417 003a 0B       		.uleb128 0xb
 1418 003b 00       		.byte	0
 1419 003c 00       		.byte	0
 1420 003d 06       		.uleb128 0x6
 1421 003e 16       		.uleb128 0x16
 1422 003f 00       		.byte	0
 1423 0040 03       		.uleb128 0x3
 1424 0041 0E       		.uleb128 0xe
 1425 0042 3A       		.uleb128 0x3a
 1426 0043 0B       		.uleb128 0xb
ARM GAS  C:\Users\91819\AppData\Local\Temp\ccEgRK6h.s 			page 34


 1427 0044 3B       		.uleb128 0x3b
 1428 0045 05       		.uleb128 0x5
 1429 0046 49       		.uleb128 0x49
 1430 0047 13       		.uleb128 0x13
 1431 0048 00       		.byte	0
 1432 0049 00       		.byte	0
 1433 004a 07       		.uleb128 0x7
 1434 004b 35       		.uleb128 0x35
 1435 004c 00       		.byte	0
 1436 004d 49       		.uleb128 0x49
 1437 004e 13       		.uleb128 0x13
 1438 004f 00       		.byte	0
 1439 0050 00       		.byte	0
 1440 0051 08       		.uleb128 0x8
 1441 0052 13       		.uleb128 0x13
 1442 0053 01       		.byte	0x1
 1443 0054 0B       		.uleb128 0xb
 1444 0055 0B       		.uleb128 0xb
 1445 0056 3A       		.uleb128 0x3a
 1446 0057 0B       		.uleb128 0xb
 1447 0058 3B       		.uleb128 0x3b
 1448 0059 0B       		.uleb128 0xb
 1449 005a 01       		.uleb128 0x1
 1450 005b 13       		.uleb128 0x13
 1451 005c 00       		.byte	0
 1452 005d 00       		.byte	0
 1453 005e 09       		.uleb128 0x9
 1454 005f 0D       		.uleb128 0xd
 1455 0060 00       		.byte	0
 1456 0061 03       		.uleb128 0x3
 1457 0062 0E       		.uleb128 0xe
 1458 0063 3A       		.uleb128 0x3a
 1459 0064 0B       		.uleb128 0xb
 1460 0065 3B       		.uleb128 0x3b
 1461 0066 0B       		.uleb128 0xb
 1462 0067 49       		.uleb128 0x49
 1463 0068 13       		.uleb128 0x13
 1464 0069 38       		.uleb128 0x38
 1465 006a 0B       		.uleb128 0xb
 1466 006b 00       		.byte	0
 1467 006c 00       		.byte	0
 1468 006d 0A       		.uleb128 0xa
 1469 006e 2E       		.uleb128 0x2e
 1470 006f 01       		.byte	0x1
 1471 0070 03       		.uleb128 0x3
 1472 0071 0E       		.uleb128 0xe
 1473 0072 3A       		.uleb128 0x3a
 1474 0073 0B       		.uleb128 0xb
 1475 0074 3B       		.uleb128 0x3b
 1476 0075 0B       		.uleb128 0xb
 1477 0076 27       		.uleb128 0x27
 1478 0077 19       		.uleb128 0x19
 1479 0078 8701     		.uleb128 0x87
 1480 007a 19       		.uleb128 0x19
 1481 007b 11       		.uleb128 0x11
 1482 007c 01       		.uleb128 0x1
 1483 007d 12       		.uleb128 0x12
ARM GAS  C:\Users\91819\AppData\Local\Temp\ccEgRK6h.s 			page 35


 1484 007e 06       		.uleb128 0x6
 1485 007f 40       		.uleb128 0x40
 1486 0080 18       		.uleb128 0x18
 1487 0081 9742     		.uleb128 0x2117
 1488 0083 19       		.uleb128 0x19
 1489 0084 01       		.uleb128 0x1
 1490 0085 13       		.uleb128 0x13
 1491 0086 00       		.byte	0
 1492 0087 00       		.byte	0
 1493 0088 0B       		.uleb128 0xb
 1494 0089 05       		.uleb128 0x5
 1495 008a 00       		.byte	0
 1496 008b 03       		.uleb128 0x3
 1497 008c 0E       		.uleb128 0xe
 1498 008d 3A       		.uleb128 0x3a
 1499 008e 0B       		.uleb128 0xb
 1500 008f 3B       		.uleb128 0x3b
 1501 0090 0B       		.uleb128 0xb
 1502 0091 49       		.uleb128 0x49
 1503 0092 13       		.uleb128 0x13
 1504 0093 02       		.uleb128 0x2
 1505 0094 18       		.uleb128 0x18
 1506 0095 00       		.byte	0
 1507 0096 00       		.byte	0
 1508 0097 0C       		.uleb128 0xc
 1509 0098 2E       		.uleb128 0x2e
 1510 0099 01       		.byte	0x1
 1511 009a 03       		.uleb128 0x3
 1512 009b 0E       		.uleb128 0xe
 1513 009c 3A       		.uleb128 0x3a
 1514 009d 0B       		.uleb128 0xb
 1515 009e 3B       		.uleb128 0x3b
 1516 009f 0B       		.uleb128 0xb
 1517 00a0 27       		.uleb128 0x27
 1518 00a1 19       		.uleb128 0x19
 1519 00a2 11       		.uleb128 0x11
 1520 00a3 01       		.uleb128 0x1
 1521 00a4 12       		.uleb128 0x12
 1522 00a5 06       		.uleb128 0x6
 1523 00a6 40       		.uleb128 0x40
 1524 00a7 18       		.uleb128 0x18
 1525 00a8 9742     		.uleb128 0x2117
 1526 00aa 19       		.uleb128 0x19
 1527 00ab 01       		.uleb128 0x1
 1528 00ac 13       		.uleb128 0x13
 1529 00ad 00       		.byte	0
 1530 00ae 00       		.byte	0
 1531 00af 0D       		.uleb128 0xd
 1532 00b0 34       		.uleb128 0x34
 1533 00b1 00       		.byte	0
 1534 00b2 03       		.uleb128 0x3
 1535 00b3 08       		.uleb128 0x8
 1536 00b4 3A       		.uleb128 0x3a
 1537 00b5 0B       		.uleb128 0xb
 1538 00b6 3B       		.uleb128 0x3b
 1539 00b7 0B       		.uleb128 0xb
 1540 00b8 49       		.uleb128 0x49
ARM GAS  C:\Users\91819\AppData\Local\Temp\ccEgRK6h.s 			page 36


 1541 00b9 13       		.uleb128 0x13
 1542 00ba 02       		.uleb128 0x2
 1543 00bb 17       		.uleb128 0x17
 1544 00bc 00       		.byte	0
 1545 00bd 00       		.byte	0
 1546 00be 0E       		.uleb128 0xe
 1547 00bf 0B       		.uleb128 0xb
 1548 00c0 01       		.byte	0x1
 1549 00c1 11       		.uleb128 0x11
 1550 00c2 01       		.uleb128 0x1
 1551 00c3 12       		.uleb128 0x12
 1552 00c4 06       		.uleb128 0x6
 1553 00c5 00       		.byte	0
 1554 00c6 00       		.byte	0
 1555 00c7 0F       		.uleb128 0xf
 1556 00c8 34       		.uleb128 0x34
 1557 00c9 00       		.byte	0
 1558 00ca 03       		.uleb128 0x3
 1559 00cb 0E       		.uleb128 0xe
 1560 00cc 3A       		.uleb128 0x3a
 1561 00cd 0B       		.uleb128 0xb
 1562 00ce 3B       		.uleb128 0x3b
 1563 00cf 0B       		.uleb128 0xb
 1564 00d0 49       		.uleb128 0x49
 1565 00d1 13       		.uleb128 0x13
 1566 00d2 02       		.uleb128 0x2
 1567 00d3 17       		.uleb128 0x17
 1568 00d4 00       		.byte	0
 1569 00d5 00       		.byte	0
 1570 00d6 10       		.uleb128 0x10
 1571 00d7 0F       		.uleb128 0xf
 1572 00d8 00       		.byte	0
 1573 00d9 0B       		.uleb128 0xb
 1574 00da 0B       		.uleb128 0xb
 1575 00db 49       		.uleb128 0x49
 1576 00dc 13       		.uleb128 0x13
 1577 00dd 00       		.byte	0
 1578 00de 00       		.byte	0
 1579 00df 11       		.uleb128 0x11
 1580 00e0 26       		.uleb128 0x26
 1581 00e1 00       		.byte	0
 1582 00e2 49       		.uleb128 0x49
 1583 00e3 13       		.uleb128 0x13
 1584 00e4 00       		.byte	0
 1585 00e5 00       		.byte	0
 1586 00e6 12       		.uleb128 0x12
 1587 00e7 05       		.uleb128 0x5
 1588 00e8 00       		.byte	0
 1589 00e9 03       		.uleb128 0x3
 1590 00ea 08       		.uleb128 0x8
 1591 00eb 3A       		.uleb128 0x3a
 1592 00ec 0B       		.uleb128 0xb
 1593 00ed 3B       		.uleb128 0x3b
 1594 00ee 0B       		.uleb128 0xb
 1595 00ef 49       		.uleb128 0x49
 1596 00f0 13       		.uleb128 0x13
 1597 00f1 02       		.uleb128 0x2
ARM GAS  C:\Users\91819\AppData\Local\Temp\ccEgRK6h.s 			page 37


 1598 00f2 17       		.uleb128 0x17
 1599 00f3 00       		.byte	0
 1600 00f4 00       		.byte	0
 1601 00f5 13       		.uleb128 0x13
 1602 00f6 898201   		.uleb128 0x4109
 1603 00f9 01       		.byte	0x1
 1604 00fa 11       		.uleb128 0x11
 1605 00fb 01       		.uleb128 0x1
 1606 00fc 31       		.uleb128 0x31
 1607 00fd 13       		.uleb128 0x13
 1608 00fe 00       		.byte	0
 1609 00ff 00       		.byte	0
 1610 0100 14       		.uleb128 0x14
 1611 0101 8A8201   		.uleb128 0x410a
 1612 0104 00       		.byte	0
 1613 0105 02       		.uleb128 0x2
 1614 0106 18       		.uleb128 0x18
 1615 0107 9142     		.uleb128 0x2111
 1616 0109 18       		.uleb128 0x18
 1617 010a 00       		.byte	0
 1618 010b 00       		.byte	0
 1619 010c 15       		.uleb128 0x15
 1620 010d 898201   		.uleb128 0x4109
 1621 0110 01       		.byte	0x1
 1622 0111 11       		.uleb128 0x11
 1623 0112 01       		.uleb128 0x1
 1624 0113 31       		.uleb128 0x31
 1625 0114 13       		.uleb128 0x13
 1626 0115 01       		.uleb128 0x1
 1627 0116 13       		.uleb128 0x13
 1628 0117 00       		.byte	0
 1629 0118 00       		.byte	0
 1630 0119 16       		.uleb128 0x16
 1631 011a 2E       		.uleb128 0x2e
 1632 011b 01       		.byte	0x1
 1633 011c 03       		.uleb128 0x3
 1634 011d 0E       		.uleb128 0xe
 1635 011e 3A       		.uleb128 0x3a
 1636 011f 0B       		.uleb128 0xb
 1637 0120 3B       		.uleb128 0x3b
 1638 0121 05       		.uleb128 0x5
 1639 0122 27       		.uleb128 0x27
 1640 0123 19       		.uleb128 0x19
 1641 0124 11       		.uleb128 0x11
 1642 0125 01       		.uleb128 0x1
 1643 0126 12       		.uleb128 0x12
 1644 0127 06       		.uleb128 0x6
 1645 0128 40       		.uleb128 0x40
 1646 0129 18       		.uleb128 0x18
 1647 012a 9742     		.uleb128 0x2117
 1648 012c 19       		.uleb128 0x19
 1649 012d 01       		.uleb128 0x1
 1650 012e 13       		.uleb128 0x13
 1651 012f 00       		.byte	0
 1652 0130 00       		.byte	0
 1653 0131 17       		.uleb128 0x17
 1654 0132 34       		.uleb128 0x34
ARM GAS  C:\Users\91819\AppData\Local\Temp\ccEgRK6h.s 			page 38


 1655 0133 00       		.byte	0
 1656 0134 03       		.uleb128 0x3
 1657 0135 0E       		.uleb128 0xe
 1658 0136 3A       		.uleb128 0x3a
 1659 0137 0B       		.uleb128 0xb
 1660 0138 3B       		.uleb128 0x3b
 1661 0139 05       		.uleb128 0x5
 1662 013a 49       		.uleb128 0x49
 1663 013b 13       		.uleb128 0x13
 1664 013c 02       		.uleb128 0x2
 1665 013d 17       		.uleb128 0x17
 1666 013e 00       		.byte	0
 1667 013f 00       		.byte	0
 1668 0140 18       		.uleb128 0x18
 1669 0141 34       		.uleb128 0x34
 1670 0142 00       		.byte	0
 1671 0143 03       		.uleb128 0x3
 1672 0144 08       		.uleb128 0x8
 1673 0145 3A       		.uleb128 0x3a
 1674 0146 0B       		.uleb128 0xb
 1675 0147 3B       		.uleb128 0x3b
 1676 0148 05       		.uleb128 0x5
 1677 0149 49       		.uleb128 0x49
 1678 014a 13       		.uleb128 0x13
 1679 014b 02       		.uleb128 0x2
 1680 014c 17       		.uleb128 0x17
 1681 014d 00       		.byte	0
 1682 014e 00       		.byte	0
 1683 014f 19       		.uleb128 0x19
 1684 0150 05       		.uleb128 0x5
 1685 0151 00       		.byte	0
 1686 0152 03       		.uleb128 0x3
 1687 0153 0E       		.uleb128 0xe
 1688 0154 3A       		.uleb128 0x3a
 1689 0155 0B       		.uleb128 0xb
 1690 0156 3B       		.uleb128 0x3b
 1691 0157 0B       		.uleb128 0xb
 1692 0158 49       		.uleb128 0x49
 1693 0159 13       		.uleb128 0x13
 1694 015a 02       		.uleb128 0x2
 1695 015b 17       		.uleb128 0x17
 1696 015c 00       		.byte	0
 1697 015d 00       		.byte	0
 1698 015e 1A       		.uleb128 0x1a
 1699 015f 26       		.uleb128 0x26
 1700 0160 00       		.byte	0
 1701 0161 00       		.byte	0
 1702 0162 00       		.byte	0
 1703 0163 1B       		.uleb128 0x1b
 1704 0164 2E       		.uleb128 0x2e
 1705 0165 01       		.byte	0x1
 1706 0166 3F       		.uleb128 0x3f
 1707 0167 19       		.uleb128 0x19
 1708 0168 03       		.uleb128 0x3
 1709 0169 0E       		.uleb128 0xe
 1710 016a 3A       		.uleb128 0x3a
 1711 016b 0B       		.uleb128 0xb
ARM GAS  C:\Users\91819\AppData\Local\Temp\ccEgRK6h.s 			page 39


 1712 016c 3B       		.uleb128 0x3b
 1713 016d 05       		.uleb128 0x5
 1714 016e 27       		.uleb128 0x27
 1715 016f 19       		.uleb128 0x19
 1716 0170 11       		.uleb128 0x11
 1717 0171 01       		.uleb128 0x1
 1718 0172 12       		.uleb128 0x12
 1719 0173 06       		.uleb128 0x6
 1720 0174 40       		.uleb128 0x40
 1721 0175 18       		.uleb128 0x18
 1722 0176 9742     		.uleb128 0x2117
 1723 0178 19       		.uleb128 0x19
 1724 0179 01       		.uleb128 0x1
 1725 017a 13       		.uleb128 0x13
 1726 017b 00       		.byte	0
 1727 017c 00       		.byte	0
 1728 017d 1C       		.uleb128 0x1c
 1729 017e 05       		.uleb128 0x5
 1730 017f 00       		.byte	0
 1731 0180 03       		.uleb128 0x3
 1732 0181 0E       		.uleb128 0xe
 1733 0182 3A       		.uleb128 0x3a
 1734 0183 0B       		.uleb128 0xb
 1735 0184 3B       		.uleb128 0x3b
 1736 0185 05       		.uleb128 0x5
 1737 0186 49       		.uleb128 0x49
 1738 0187 13       		.uleb128 0x13
 1739 0188 02       		.uleb128 0x2
 1740 0189 18       		.uleb128 0x18
 1741 018a 00       		.byte	0
 1742 018b 00       		.byte	0
 1743 018c 1D       		.uleb128 0x1d
 1744 018d 34       		.uleb128 0x34
 1745 018e 00       		.byte	0
 1746 018f 03       		.uleb128 0x3
 1747 0190 0E       		.uleb128 0xe
 1748 0191 3A       		.uleb128 0x3a
 1749 0192 0B       		.uleb128 0xb
 1750 0193 3B       		.uleb128 0x3b
 1751 0194 05       		.uleb128 0x5
 1752 0195 49       		.uleb128 0x49
 1753 0196 13       		.uleb128 0x13
 1754 0197 02       		.uleb128 0x2
 1755 0198 18       		.uleb128 0x18
 1756 0199 00       		.byte	0
 1757 019a 00       		.byte	0
 1758 019b 1E       		.uleb128 0x1e
 1759 019c 0B       		.uleb128 0xb
 1760 019d 01       		.byte	0x1
 1761 019e 11       		.uleb128 0x11
 1762 019f 01       		.uleb128 0x1
 1763 01a0 12       		.uleb128 0x12
 1764 01a1 06       		.uleb128 0x6
 1765 01a2 01       		.uleb128 0x1
 1766 01a3 13       		.uleb128 0x13
 1767 01a4 00       		.byte	0
 1768 01a5 00       		.byte	0
ARM GAS  C:\Users\91819\AppData\Local\Temp\ccEgRK6h.s 			page 40


 1769 01a6 1F       		.uleb128 0x1f
 1770 01a7 13       		.uleb128 0x13
 1771 01a8 01       		.byte	0x1
 1772 01a9 0B       		.uleb128 0xb
 1773 01aa 0B       		.uleb128 0xb
 1774 01ab 3A       		.uleb128 0x3a
 1775 01ac 0B       		.uleb128 0xb
 1776 01ad 3B       		.uleb128 0x3b
 1777 01ae 05       		.uleb128 0x5
 1778 01af 01       		.uleb128 0x1
 1779 01b0 13       		.uleb128 0x13
 1780 01b1 00       		.byte	0
 1781 01b2 00       		.byte	0
 1782 01b3 20       		.uleb128 0x20
 1783 01b4 0D       		.uleb128 0xd
 1784 01b5 00       		.byte	0
 1785 01b6 03       		.uleb128 0x3
 1786 01b7 0E       		.uleb128 0xe
 1787 01b8 3A       		.uleb128 0x3a
 1788 01b9 0B       		.uleb128 0xb
 1789 01ba 3B       		.uleb128 0x3b
 1790 01bb 05       		.uleb128 0x5
 1791 01bc 49       		.uleb128 0x49
 1792 01bd 13       		.uleb128 0x13
 1793 01be 38       		.uleb128 0x38
 1794 01bf 0B       		.uleb128 0xb
 1795 01c0 00       		.byte	0
 1796 01c1 00       		.byte	0
 1797 01c2 21       		.uleb128 0x21
 1798 01c3 01       		.uleb128 0x1
 1799 01c4 01       		.byte	0x1
 1800 01c5 49       		.uleb128 0x49
 1801 01c6 13       		.uleb128 0x13
 1802 01c7 01       		.uleb128 0x1
 1803 01c8 13       		.uleb128 0x13
 1804 01c9 00       		.byte	0
 1805 01ca 00       		.byte	0
 1806 01cb 22       		.uleb128 0x22
 1807 01cc 21       		.uleb128 0x21
 1808 01cd 00       		.byte	0
 1809 01ce 49       		.uleb128 0x49
 1810 01cf 13       		.uleb128 0x13
 1811 01d0 2F       		.uleb128 0x2f
 1812 01d1 0B       		.uleb128 0xb
 1813 01d2 00       		.byte	0
 1814 01d3 00       		.byte	0
 1815 01d4 23       		.uleb128 0x23
 1816 01d5 898201   		.uleb128 0x4109
 1817 01d8 00       		.byte	0
 1818 01d9 11       		.uleb128 0x11
 1819 01da 01       		.uleb128 0x1
 1820 01db 31       		.uleb128 0x31
 1821 01dc 13       		.uleb128 0x13
 1822 01dd 00       		.byte	0
 1823 01de 00       		.byte	0
 1824 01df 24       		.uleb128 0x24
 1825 01e0 2E       		.uleb128 0x2e
ARM GAS  C:\Users\91819\AppData\Local\Temp\ccEgRK6h.s 			page 41


 1826 01e1 00       		.byte	0
 1827 01e2 3F       		.uleb128 0x3f
 1828 01e3 19       		.uleb128 0x19
 1829 01e4 3C       		.uleb128 0x3c
 1830 01e5 19       		.uleb128 0x19
 1831 01e6 6E       		.uleb128 0x6e
 1832 01e7 0E       		.uleb128 0xe
 1833 01e8 03       		.uleb128 0x3
 1834 01e9 0E       		.uleb128 0xe
 1835 01ea 00       		.byte	0
 1836 01eb 00       		.byte	0
 1837 01ec 25       		.uleb128 0x25
 1838 01ed 2E       		.uleb128 0x2e
 1839 01ee 00       		.byte	0
 1840 01ef 3F       		.uleb128 0x3f
 1841 01f0 19       		.uleb128 0x19
 1842 01f1 3C       		.uleb128 0x3c
 1843 01f2 19       		.uleb128 0x19
 1844 01f3 6E       		.uleb128 0x6e
 1845 01f4 0E       		.uleb128 0xe
 1846 01f5 03       		.uleb128 0x3
 1847 01f6 0E       		.uleb128 0xe
 1848 01f7 3A       		.uleb128 0x3a
 1849 01f8 0B       		.uleb128 0xb
 1850 01f9 3B       		.uleb128 0x3b
 1851 01fa 0B       		.uleb128 0xb
 1852 01fb 00       		.byte	0
 1853 01fc 00       		.byte	0
 1854 01fd 00       		.byte	0
 1855              		.section	.debug_loc,"",%progbits
 1856              	.Ldebug_loc0:
 1857              	.LLST0:
 1858 0000 02000000 		.4byte	.LVL2
 1859 0004 08000000 		.4byte	.LVL3
 1860 0008 0200     		.2byte	0x2
 1861 000a 30       		.byte	0x30
 1862 000b 9F       		.byte	0x9f
 1863 000c 08000000 		.4byte	.LVL3
 1864 0010 32000000 		.4byte	.LVL11
 1865 0014 0100     		.2byte	0x1
 1866 0016 57       		.byte	0x57
 1867 0017 00000000 		.4byte	0
 1868 001b 00000000 		.4byte	0
 1869              	.LLST1:
 1870 001f 02000000 		.4byte	.LVL2
 1871 0023 08000000 		.4byte	.LVL3
 1872 0027 0200     		.2byte	0x2
 1873 0029 30       		.byte	0x30
 1874 002a 9F       		.byte	0x9f
 1875 002b 08000000 		.4byte	.LVL3
 1876 002f 34000000 		.4byte	.LFE4
 1877 0033 0100     		.2byte	0x1
 1878 0035 52       		.byte	0x52
 1879 0036 00000000 		.4byte	0
 1880 003a 00000000 		.4byte	0
 1881              	.LLST2:
 1882 003e 0C000000 		.4byte	.LVL4
ARM GAS  C:\Users\91819\AppData\Local\Temp\ccEgRK6h.s 			page 42


 1883 0042 2C000000 		.4byte	.LVL10
 1884 0046 0100     		.2byte	0x1
 1885 0048 56       		.byte	0x56
 1886 0049 00000000 		.4byte	0
 1887 004d 00000000 		.4byte	0
 1888              	.LLST3:
 1889 0051 0E000000 		.4byte	.LVL5
 1890 0055 24000000 		.4byte	.LVL8
 1891 0059 0100     		.2byte	0x1
 1892 005b 53       		.byte	0x53
 1893 005c 26000000 		.4byte	.LVL9
 1894 0060 2C000000 		.4byte	.LVL10
 1895 0064 0100     		.2byte	0x1
 1896 0066 53       		.byte	0x53
 1897 0067 00000000 		.4byte	0
 1898 006b 00000000 		.4byte	0
 1899              	.LLST4:
 1900 006f 00000000 		.4byte	.LVL12
 1901 0073 09000000 		.4byte	.LVL14-1
 1902 0077 0100     		.2byte	0x1
 1903 0079 50       		.byte	0x50
 1904 007a 09000000 		.4byte	.LVL14-1
 1905 007e 0C000000 		.4byte	.LFE0
 1906 0082 0400     		.2byte	0x4
 1907 0084 F3       		.byte	0xf3
 1908 0085 01       		.uleb128 0x1
 1909 0086 50       		.byte	0x50
 1910 0087 9F       		.byte	0x9f
 1911 0088 00000000 		.4byte	0
 1912 008c 00000000 		.4byte	0
 1913              	.LLST5:
 1914 0090 00000000 		.4byte	.LVL12
 1915 0094 06000000 		.4byte	.LVL13
 1916 0098 0100     		.2byte	0x1
 1917 009a 51       		.byte	0x51
 1918 009b 06000000 		.4byte	.LVL13
 1919 009f 09000000 		.4byte	.LVL14-1
 1920 00a3 0100     		.2byte	0x1
 1921 00a5 52       		.byte	0x52
 1922 00a6 09000000 		.4byte	.LVL14-1
 1923 00aa 0C000000 		.4byte	.LFE0
 1924 00ae 0400     		.2byte	0x4
 1925 00b0 F3       		.byte	0xf3
 1926 00b1 01       		.uleb128 0x1
 1927 00b2 51       		.byte	0x51
 1928 00b3 9F       		.byte	0x9f
 1929 00b4 00000000 		.4byte	0
 1930 00b8 00000000 		.4byte	0
 1931              	.LLST6:
 1932 00bc 4C000000 		.4byte	.LVL15
 1933 00c0 50000000 		.4byte	.LVL16
 1934 00c4 0200     		.2byte	0x2
 1935 00c6 49       		.byte	0x49
 1936 00c7 9F       		.byte	0x9f
 1937 00c8 50000000 		.4byte	.LVL16
 1938 00cc A4000000 		.4byte	.LVL22
 1939 00d0 0100     		.2byte	0x1
ARM GAS  C:\Users\91819\AppData\Local\Temp\ccEgRK6h.s 			page 43


 1940 00d2 55       		.byte	0x55
 1941 00d3 00000000 		.4byte	0
 1942 00d7 00000000 		.4byte	0
 1943              	.LLST7:
 1944 00db 4C000000 		.4byte	.LVL15
 1945 00df 50000000 		.4byte	.LVL16
 1946 00e3 0200     		.2byte	0x2
 1947 00e5 30       		.byte	0x30
 1948 00e6 9F       		.byte	0x9f
 1949 00e7 50000000 		.4byte	.LVL16
 1950 00eb 5C000000 		.4byte	.LVL17
 1951 00ef 0100     		.2byte	0x1
 1952 00f1 54       		.byte	0x54
 1953 00f2 60000000 		.4byte	.LVL18
 1954 00f6 A4000000 		.4byte	.LVL22
 1955 00fa 0100     		.2byte	0x1
 1956 00fc 54       		.byte	0x54
 1957 00fd 00000000 		.4byte	0
 1958 0101 00000000 		.4byte	0
 1959              	.LLST8:
 1960 0105 08000000 		.4byte	.LVL23
 1961 0109 1E000000 		.4byte	.LVL26
 1962 010d 0100     		.2byte	0x1
 1963 010f 53       		.byte	0x53
 1964 0110 00000000 		.4byte	0
 1965 0114 00000000 		.4byte	0
 1966              	.LLST9:
 1967 0118 0E000000 		.4byte	.LVL24
 1968 011c 5C000000 		.4byte	.LVL28
 1969 0120 0100     		.2byte	0x1
 1970 0122 54       		.byte	0x54
 1971 0123 00000000 		.4byte	0
 1972 0127 00000000 		.4byte	0
 1973              	.LLST10:
 1974 012b 14000000 		.4byte	.LVL25
 1975 012f 5C000000 		.4byte	.LVL28
 1976 0133 0100     		.2byte	0x1
 1977 0135 55       		.byte	0x55
 1978 0136 00000000 		.4byte	0
 1979 013a 00000000 		.4byte	0
 1980              	.LLST11:
 1981 013e 00000000 		.4byte	.LVL29
 1982 0142 05000000 		.4byte	.LVL30-1
 1983 0146 0100     		.2byte	0x1
 1984 0148 50       		.byte	0x50
 1985 0149 05000000 		.4byte	.LVL30-1
 1986 014d 08000000 		.4byte	.LFE1
 1987 0151 0400     		.2byte	0x4
 1988 0153 F3       		.byte	0xf3
 1989 0154 01       		.uleb128 0x1
 1990 0155 50       		.byte	0x50
 1991 0156 9F       		.byte	0x9f
 1992 0157 00000000 		.4byte	0
 1993 015b 00000000 		.4byte	0
 1994              	.LLST12:
 1995 015f 00000000 		.4byte	.LVL29
 1996 0163 05000000 		.4byte	.LVL30-1
ARM GAS  C:\Users\91819\AppData\Local\Temp\ccEgRK6h.s 			page 44


 1997 0167 0100     		.2byte	0x1
 1998 0169 51       		.byte	0x51
 1999 016a 05000000 		.4byte	.LVL30-1
 2000 016e 08000000 		.4byte	.LFE1
 2001 0172 0400     		.2byte	0x4
 2002 0174 F3       		.byte	0xf3
 2003 0175 01       		.uleb128 0x1
 2004 0176 51       		.byte	0x51
 2005 0177 9F       		.byte	0x9f
 2006 0178 00000000 		.4byte	0
 2007 017c 00000000 		.4byte	0
 2008              	.LLST13:
 2009 0180 00000000 		.4byte	.LVL29
 2010 0184 05000000 		.4byte	.LVL30-1
 2011 0188 0100     		.2byte	0x1
 2012 018a 52       		.byte	0x52
 2013 018b 05000000 		.4byte	.LVL30-1
 2014 018f 08000000 		.4byte	.LFE1
 2015 0193 0400     		.2byte	0x4
 2016 0195 F3       		.byte	0xf3
 2017 0196 01       		.uleb128 0x1
 2018 0197 52       		.byte	0x52
 2019 0198 9F       		.byte	0x9f
 2020 0199 00000000 		.4byte	0
 2021 019d 00000000 		.4byte	0
 2022              	.LLST14:
 2023 01a1 0E000000 		.4byte	.LVL35
 2024 01a5 12000000 		.4byte	.LVL36
 2025 01a9 0200     		.2byte	0x2
 2026 01ab 30       		.byte	0x30
 2027 01ac 9F       		.byte	0x9f
 2028 01ad 12000000 		.4byte	.LVL36
 2029 01b1 2A000000 		.4byte	.LVL38
 2030 01b5 0100     		.2byte	0x1
 2031 01b7 54       		.byte	0x54
 2032 01b8 2C000000 		.4byte	.LVL39
 2033 01bc 62000000 		.4byte	.LVL43
 2034 01c0 0100     		.2byte	0x1
 2035 01c2 54       		.byte	0x54
 2036 01c3 00000000 		.4byte	0
 2037 01c7 00000000 		.4byte	0
 2038              	.LLST15:
 2039 01cb 12000000 		.4byte	.LVL36
 2040 01cf 2A000000 		.4byte	.LVL38
 2041 01d3 0B00     		.2byte	0xb
 2042 01d5 74       		.byte	0x74
 2043 01d6 00       		.sleb128 0
 2044 01d7 36       		.byte	0x36
 2045 01d8 1E       		.byte	0x1e
 2046 01d9 03       		.byte	0x3
 2047 01da 00000000 		.4byte	cfg_memset_list.5015
 2048 01de 22       		.byte	0x22
 2049 01df 9F       		.byte	0x9f
 2050 01e0 2A000000 		.4byte	.LVL38
 2051 01e4 2C000000 		.4byte	.LVL39
 2052 01e8 0B00     		.2byte	0xb
 2053 01ea 74       		.byte	0x74
ARM GAS  C:\Users\91819\AppData\Local\Temp\ccEgRK6h.s 			page 45


 2054 01eb 7F       		.sleb128 -1
 2055 01ec 36       		.byte	0x36
 2056 01ed 1E       		.byte	0x1e
 2057 01ee 03       		.byte	0x3
 2058 01ef 00000000 		.4byte	cfg_memset_list.5015
 2059 01f3 22       		.byte	0x22
 2060 01f4 9F       		.byte	0x9f
 2061 01f5 00000000 		.4byte	0
 2062 01f9 00000000 		.4byte	0
 2063              		.section	.debug_aranges,"",%progbits
 2064 0000 54000000 		.4byte	0x54
 2065 0004 0200     		.2byte	0x2
 2066 0006 00000000 		.4byte	.Ldebug_info0
 2067 000a 04       		.byte	0x4
 2068 000b 00       		.byte	0
 2069 000c 0000     		.2byte	0
 2070 000e 0000     		.2byte	0
 2071 0010 00000000 		.4byte	.LFB3
 2072 0014 02000000 		.4byte	.LFE3-.LFB3
 2073 0018 00000000 		.4byte	.LFB4
 2074 001c 34000000 		.4byte	.LFE4-.LFB4
 2075 0020 00000000 		.4byte	.LFB0
 2076 0024 0C000000 		.4byte	.LFE0-.LFB0
 2077 0028 00000000 		.4byte	.LFB5
 2078 002c CC000000 		.4byte	.LFE5-.LFB5
 2079 0030 00000000 		.4byte	.LFB6
 2080 0034 7C000000 		.4byte	.LFE6-.LFB6
 2081 0038 00000000 		.4byte	.LFB1
 2082 003c 08000000 		.4byte	.LFE1-.LFB1
 2083 0040 00000000 		.4byte	.LFB7
 2084 0044 1C000000 		.4byte	.LFE7-.LFB7
 2085 0048 00000000 		.4byte	.LFB8
 2086 004c 20010000 		.4byte	.LFE8-.LFB8
 2087 0050 00000000 		.4byte	0
 2088 0054 00000000 		.4byte	0
 2089              		.section	.debug_ranges,"",%progbits
 2090              	.Ldebug_ranges0:
 2091 0000 00000000 		.4byte	.LFB3
 2092 0004 02000000 		.4byte	.LFE3
 2093 0008 00000000 		.4byte	.LFB4
 2094 000c 34000000 		.4byte	.LFE4
 2095 0010 00000000 		.4byte	.LFB0
 2096 0014 0C000000 		.4byte	.LFE0
 2097 0018 00000000 		.4byte	.LFB5
 2098 001c CC000000 		.4byte	.LFE5
 2099 0020 00000000 		.4byte	.LFB6
 2100 0024 7C000000 		.4byte	.LFE6
 2101 0028 00000000 		.4byte	.LFB1
 2102 002c 08000000 		.4byte	.LFE1
 2103 0030 00000000 		.4byte	.LFB7
 2104 0034 1C000000 		.4byte	.LFE7
 2105 0038 00000000 		.4byte	.LFB8
 2106 003c 20010000 		.4byte	.LFE8
 2107 0040 00000000 		.4byte	0
 2108 0044 00000000 		.4byte	0
 2109              		.section	.debug_line,"",%progbits
 2110              	.Ldebug_line0:
ARM GAS  C:\Users\91819\AppData\Local\Temp\ccEgRK6h.s 			page 46


 2111 0000 E7010000 		.section	.debug_str,"MS",%progbits,1
 2111      0200D600 
 2111      00000201 
 2111      FB0E0D00 
 2111      01010101 
 2112              	.LASF19:
 2113 0000 72656731 		.ascii	"reg16\000"
 2113      3600
 2114              	.LASF45:
 2115 0006 43794465 		.ascii	"CyDelayCycles\000"
 2115      6C617943 
 2115      79636C65 
 2115      7300
 2116              	.LASF18:
 2117 0014 72656738 		.ascii	"reg8\000"
 2117      00
 2118              	.LASF12:
 2119 0019 73697A65 		.ascii	"size_t\000"
 2119      5F7400
 2120              	.LASF33:
 2121 0020 416E616C 		.ascii	"AnalogSetDefault\000"
 2121      6F675365 
 2121      74446566 
 2121      61756C74 
 2121      00
 2122              	.LASF31:
 2123 0031 74696D65 		.ascii	"timeout\000"
 2123      6F757400 
 2124              	.LASF21:
 2125 0039 76616C75 		.ascii	"value\000"
 2125      6500
 2126              	.LASF27:
 2127 003f 636F756E 		.ascii	"count\000"
 2127      7400
 2128              	.LASF30:
 2129 0045 436C6F63 		.ascii	"ClockSetup\000"
 2129      6B536574 
 2129      757000
 2130              	.LASF6:
 2131 0050 73686F72 		.ascii	"short unsigned int\000"
 2131      7420756E 
 2131      7369676E 
 2131      65642069 
 2131      6E7400
 2132              	.LASF32:
 2133 0063 706C6C4C 		.ascii	"pllLock\000"
 2133      6F636B00 
 2134              	.LASF16:
 2135 006b 666C6F61 		.ascii	"float\000"
 2135      7400
 2136              	.LASF52:
 2137 0071 4379436C 		.ascii	"CyClockStartupError\000"
 2137      6F636B53 
 2137      74617274 
 2137      75704572 
 2137      726F7200 
 2138              	.LASF36:
ARM GAS  C:\Users\91819\AppData\Local\Temp\ccEgRK6h.s 			page 47


 2139 0085 64657374 		.ascii	"dest\000"
 2139      00
 2140              	.LASF44:
 2141 008a 6366675F 		.ascii	"cfg_memset_list\000"
 2141      6D656D73 
 2141      65745F6C 
 2141      69737400 
 2142              	.LASF42:
 2143 009a 73697A65 		.ascii	"size\000"
 2143      00
 2144              	.LASF49:
 2145 009f 474E5520 		.ascii	"GNU C11 5.4.1 20160609 (release) [ARM/embedded-5-br"
 2145      43313120 
 2145      352E342E 
 2145      31203230 
 2145      31363036 
 2146 00d2 616E6368 		.ascii	"anch revision 237715] -mcpu=cortex-m3 -mthumb -g -O"
 2146      20726576 
 2146      6973696F 
 2146      6E203233 
 2146      37373135 
 2147 0105 67202D66 		.ascii	"g -ffunction-sections -ffat-lto-objects\000"
 2147      66756E63 
 2147      74696F6E 
 2147      2D736563 
 2147      74696F6E 
 2148              	.LASF8:
 2149 012d 6C6F6E67 		.ascii	"long unsigned int\000"
 2149      20756E73 
 2149      69676E65 
 2149      6420696E 
 2149      7400
 2150              	.LASF13:
 2151 013f 75696E74 		.ascii	"uint8\000"
 2151      3800
 2152              	.LASF29:
 2153 0145 43594D45 		.ascii	"CYMEMZERO\000"
 2153      4D5A4552 
 2153      4F00
 2154              	.LASF39:
 2155 014f 53657441 		.ascii	"SetAnalogRoutingPumps\000"
 2155      6E616C6F 
 2155      67526F75 
 2155      74696E67 
 2155      50756D70 
 2156              	.LASF4:
 2157 0165 756E7369 		.ascii	"unsigned char\000"
 2157      676E6564 
 2157      20636861 
 2157      7200
 2158              	.LASF47:
 2159 0173 6D656D73 		.ascii	"memset\000"
 2159      657400
 2160              	.LASF17:
 2161 017a 646F7562 		.ascii	"double\000"
 2161      6C6500
 2162              	.LASF28:
ARM GAS  C:\Users\91819\AppData\Local\Temp\ccEgRK6h.s 			page 48


 2163 0181 6366675F 		.ascii	"cfg_write_bytes32\000"
 2163      77726974 
 2163      655F6279 
 2163      74657333 
 2163      3200
 2164              	.LASF40:
 2165 0193 63796669 		.ascii	"cyfitter_cfg\000"
 2165      74746572 
 2165      5F636667 
 2165      00
 2166              	.LASF24:
 2167 01a0 61646472 		.ascii	"addr_table\000"
 2167      5F746162 
 2167      6C6500
 2168              	.LASF14:
 2169 01ab 75696E74 		.ascii	"uint16\000"
 2169      313600
 2170              	.LASF25:
 2171 01b2 64617461 		.ascii	"data_table\000"
 2171      5F746162 
 2171      6C6500
 2172              	.LASF23:
 2173 01bd 6572726F 		.ascii	"errorCode\000"
 2173      72436F64 
 2173      6500
 2174              	.LASF15:
 2175 01c7 75696E74 		.ascii	"uint32\000"
 2175      333200
 2176              	.LASF0:
 2177 01ce 756E7369 		.ascii	"unsigned int\000"
 2177      676E6564 
 2177      20696E74 
 2177      00
 2178              	.LASF41:
 2179 01db 61646472 		.ascii	"address\000"
 2179      65737300 
 2180              	.LASF9:
 2181 01e3 6C6F6E67 		.ascii	"long long unsigned int\000"
 2181      206C6F6E 
 2181      6720756E 
 2181      7369676E 
 2181      65642069 
 2182              	.LASF43:
 2183 01fa 6366675F 		.ascii	"cfg_memset_t\000"
 2183      6D656D73 
 2183      65745F74 
 2183      00
 2184              	.LASF26:
 2185 0207 62617365 		.ascii	"baseAddr\000"
 2185      41646472 
 2185      00
 2186              	.LASF10:
 2187 0210 73697A65 		.ascii	"sizetype\000"
 2187      74797065 
 2187      00
 2188              	.LASF51:
 2189 0219 433A5C55 		.ascii	"C:\\Users\\91819\\Documents\\HDA_Sem2\\EAA\\Assignm"
ARM GAS  C:\Users\91819\AppData\Local\Temp\ccEgRK6h.s 			page 49


 2189      73657273 
 2189      5C393138 
 2189      31395C44 
 2189      6F63756D 
 2190 0246 656E7473 		.ascii	"ents\\Assignment1_RTE\\autosar_01.cydsn (2)\\autosa"
 2190      5C417373 
 2190      69676E6D 
 2190      656E7431 
 2190      5F525445 
 2191 0276 725F3031 		.ascii	"r_01.cydsn\000"
 2191      2E637964 
 2191      736E00
 2192              	.LASF1:
 2193 0281 6C6F6E67 		.ascii	"long long int\000"
 2193      206C6F6E 
 2193      6720696E 
 2193      7400
 2194              	.LASF50:
 2195 028f 47656E65 		.ascii	"Generated_Source\\PSoC5\\cyfitter_cfg.c\000"
 2195      72617465 
 2195      645F536F 
 2195      75726365 
 2195      5C50536F 
 2196              	.LASF46:
 2197 02b5 43794465 		.ascii	"CyDelayUs\000"
 2197      6C617955 
 2197      7300
 2198              	.LASF48:
 2199 02bf 6D656D63 		.ascii	"memcpy\000"
 2199      707900
 2200              	.LASF22:
 2201 02c6 63795F63 		.ascii	"cy_cfg_addrvalue_t\000"
 2201      66675F61 
 2201      64647276 
 2201      616C7565 
 2201      5F7400
 2202              	.LASF20:
 2203 02d9 6F666673 		.ascii	"offset\000"
 2203      657400
 2204              	.LASF5:
 2205 02e0 73686F72 		.ascii	"short int\000"
 2205      7420696E 
 2205      7400
 2206              	.LASF37:
 2207 02ea 656E6162 		.ascii	"enabled\000"
 2207      6C656400 
 2208              	.LASF7:
 2209 02f2 6C6F6E67 		.ascii	"long int\000"
 2209      20696E74 
 2209      00
 2210              	.LASF11:
 2211 02fb 63686172 		.ascii	"char\000"
 2211      00
 2212              	.LASF2:
 2213 0300 6C6F6E67 		.ascii	"long double\000"
 2213      20646F75 
 2213      626C6500 
ARM GAS  C:\Users\91819\AppData\Local\Temp\ccEgRK6h.s 			page 50


 2214              	.LASF34:
 2215 030c 62675F78 		.ascii	"bg_xover_inl_trim\000"
 2215      6F766572 
 2215      5F696E6C 
 2215      5F747269 
 2215      6D00
 2216              	.LASF3:
 2217 031e 7369676E 		.ascii	"signed char\000"
 2217      65642063 
 2217      68617200 
 2218              	.LASF38:
 2219 032a 72656756 		.ascii	"regValue\000"
 2219      616C7565 
 2219      00
 2220              	.LASF35:
 2221 0333 4359434F 		.ascii	"CYCONFIGCPY\000"
 2221      4E464947 
 2221      43505900 
 2222              		.ident	"GCC: (GNU Tools for ARM Embedded Processors) 5.4.1 20160609 (release) [ARM/embedded-5-bran
