ARM GAS  C:\Users\91819\AppData\Local\Temp\ccaGHk0j.s 			page 1


   1              		.syntax unified
   2              		.cpu cortex-m3
   3              		.fpu softvfp
   4              		.eabi_attribute 20, 1
   5              		.eabi_attribute 21, 1
   6              		.eabi_attribute 23, 3
   7              		.eabi_attribute 24, 1
   8              		.eabi_attribute 25, 1
   9              		.eabi_attribute 26, 1
  10              		.eabi_attribute 30, 1
  11              		.eabi_attribute 34, 1
  12              		.eabi_attribute 18, 4
  13              		.thumb
  14              		.syntax unified
  15              		.file	"main.c"
  16              		.text
  17              	.Ltext0:
  18              		.cfi_sections	.debug_frame
  19              		.section	.text.ISR2_systick_handler,"ax",%progbits
  20              		.align	2
  21              		.global	ISR2_systick_handler
  22              		.thumb
  23              		.thumb_func
  24              		.type	ISR2_systick_handler, %function
  25              	ISR2_systick_handler:
  26              	.LFB111:
  27              		.file 1 "source\\asw\\main.c"
   1:source\asw/main.c **** /* ========================================
   2:source\asw/main.c ****  *
   3:source\asw/main.c ****  * Copyright YOUR COMPANY, THE YEAR
   4:source\asw/main.c ****  * All Rights Reserved
   5:source\asw/main.c ****  * UNPUBLISHED, LICENSED SOFTWARE.
   6:source\asw/main.c ****  *
   7:source\asw/main.c ****  * CONFIDENTIAL AND PROPRIETARY INFORMATION
   8:source\asw/main.c ****  * WHICH IS THE PROPERTY OF your company.
   9:source\asw/main.c ****  *
  10:source\asw/main.c ****  * ========================================
  11:source\asw/main.c **** */
  12:source\asw/main.c **** #include "project.h"
  13:source\asw/main.c **** #include "global.h"
  14:source\asw/main.c **** 
  15:source\asw/main.c **** #include "joystick.h"
  16:source\asw/main.c **** #include "tsk_io.h"
  17:source\asw/main.c **** #include "tsk_control.h"
  18:source\asw/main.c **** #include "tsk_system.h"
  19:source\asw/main.c **** #include "watchdog.h"
  20:source\asw/main.c **** 
  21:source\asw/main.c **** #if 0
  22:source\asw/main.c **** #include "button.h"
  23:source\asw/main.c **** #include "led.h"
  24:source\asw/main.c **** #include "seven.h"
  25:source\asw/main.c **** #endif
  26:source\asw/main.c **** 
  27:source\asw/main.c **** uint8 bitfield = {0};
  28:source\asw/main.c **** boolean_t testTerminateFlag = FALSE;
  29:source\asw/main.c **** char testcase = ' ';   
  30:source\asw/main.c **** 
ARM GAS  C:\Users\91819\AppData\Local\Temp\ccaGHk0j.s 			page 2


  31:source\asw/main.c **** //ISR which will increment the systick counter every ms
  32:source\asw/main.c **** ISR(systick_handler)
  33:source\asw/main.c **** {
  28              		.loc 1 33 0
  29              		.cfi_startproc
  30              		@ args = 0, pretend = 0, frame = 0
  31              		@ frame_needed = 0, uses_anonymous_args = 0
  32 0000 08B5     		push	{r3, lr}
  33              		.cfi_def_cfa_offset 8
  34              		.cfi_offset 3, -8
  35              		.cfi_offset 14, -4
  34:source\asw/main.c ****     CounterTick(cnt_systick);
  36              		.loc 1 34 0
  37 0002 0020     		movs	r0, #0
  38 0004 FFF7FEFF 		bl	EE_oo_IncrementCounter
  39              	.LVL0:
  40 0008 08BD     		pop	{r3, pc}
  41              		.cfi_endproc
  42              	.LFE111:
  43              		.size	ISR2_systick_handler, .-ISR2_systick_handler
  44 000a 00BF     		.section	.text.systick_handler,"ax",%progbits
  45              		.align	2
  46              		.global	systick_handler
  47              		.thumb
  48              		.thumb_func
  49              		.type	systick_handler, %function
  50              	systick_handler:
  51              	.LFB110:
  32:source\asw/main.c **** {
  52              		.loc 1 32 0
  53              		.cfi_startproc
  54              		@ Stack Align: May be called with mis-aligned SP.
  55              		@ args = 0, pretend = 0, frame = 0
  56              		@ frame_needed = 0, uses_anonymous_args = 0
  57 0000 6846     		mov	r0, sp
  58              		.cfi_register 13, 0
  59 0002 20F00701 		bic	r1, r0, #7
  60 0006 8D46     		mov	sp, r1
  61 0008 19B5     		push	{r0, r3, r4, lr}
  62              		.cfi_def_cfa_offset 16
  63              		.cfi_offset 13, -16
  64              		.cfi_offset 3, -12
  65              		.cfi_offset 4, -8
  66              		.cfi_offset 14, -4
  67              	.LVL1:
  68              	.LBB80:
  69              	.LBB81:
  70              		.file 2 "Generated_Source\\PSoC5/ErikaOS_1_cortex_mx_ee_cpu.inc"
   1:Generated_Source\PSoC5/ErikaOS_1_cortex_mx_ee_cpu.inc **** /* ###*B*###
   2:Generated_Source\PSoC5/ErikaOS_1_cortex_mx_ee_cpu.inc ****  * ERIKA Enterprise - a tiny RTOS for small microcontrollers
   3:Generated_Source\PSoC5/ErikaOS_1_cortex_mx_ee_cpu.inc ****  *
   4:Generated_Source\PSoC5/ErikaOS_1_cortex_mx_ee_cpu.inc ****  * Copyright (C) 2002-2011  Evidence Srl
   5:Generated_Source\PSoC5/ErikaOS_1_cortex_mx_ee_cpu.inc ****  *
   6:Generated_Source\PSoC5/ErikaOS_1_cortex_mx_ee_cpu.inc ****  * This file is part of ERIKA Enterprise.
   7:Generated_Source\PSoC5/ErikaOS_1_cortex_mx_ee_cpu.inc ****  *
   8:Generated_Source\PSoC5/ErikaOS_1_cortex_mx_ee_cpu.inc ****  * ERIKA Enterprise is free software; you can redistribute it
   9:Generated_Source\PSoC5/ErikaOS_1_cortex_mx_ee_cpu.inc ****  * and/or modify it under the terms of the GNU General Public License
ARM GAS  C:\Users\91819\AppData\Local\Temp\ccaGHk0j.s 			page 3


  10:Generated_Source\PSoC5/ErikaOS_1_cortex_mx_ee_cpu.inc ****  * version 2 as published by the Free Software Foundation, 
  11:Generated_Source\PSoC5/ErikaOS_1_cortex_mx_ee_cpu.inc ****  * (with a special exception described below).
  12:Generated_Source\PSoC5/ErikaOS_1_cortex_mx_ee_cpu.inc ****  *
  13:Generated_Source\PSoC5/ErikaOS_1_cortex_mx_ee_cpu.inc ****  * Linking this code statically or dynamically with other modules is
  14:Generated_Source\PSoC5/ErikaOS_1_cortex_mx_ee_cpu.inc ****  * making a combined work based on this code.  Thus, the terms and
  15:Generated_Source\PSoC5/ErikaOS_1_cortex_mx_ee_cpu.inc ****  * conditions of the GNU General Public License cover the whole
  16:Generated_Source\PSoC5/ErikaOS_1_cortex_mx_ee_cpu.inc ****  * combination.
  17:Generated_Source\PSoC5/ErikaOS_1_cortex_mx_ee_cpu.inc ****  *
  18:Generated_Source\PSoC5/ErikaOS_1_cortex_mx_ee_cpu.inc ****  * As a special exception, the copyright holders of this library give you
  19:Generated_Source\PSoC5/ErikaOS_1_cortex_mx_ee_cpu.inc ****  * permission to link this code with independent modules to produce an
  20:Generated_Source\PSoC5/ErikaOS_1_cortex_mx_ee_cpu.inc ****  * executable, regardless of the license terms of these independent
  21:Generated_Source\PSoC5/ErikaOS_1_cortex_mx_ee_cpu.inc ****  * modules, and to copy and distribute the resulting executable under
  22:Generated_Source\PSoC5/ErikaOS_1_cortex_mx_ee_cpu.inc ****  * terms of your choice, provided that you also meet, for each linked
  23:Generated_Source\PSoC5/ErikaOS_1_cortex_mx_ee_cpu.inc ****  * independent module, the terms and conditions of the license of that
  24:Generated_Source\PSoC5/ErikaOS_1_cortex_mx_ee_cpu.inc ****  * module.  An independent module is a module which is not derived from
  25:Generated_Source\PSoC5/ErikaOS_1_cortex_mx_ee_cpu.inc ****  * or based on this library.  If you modify this code, you may extend
  26:Generated_Source\PSoC5/ErikaOS_1_cortex_mx_ee_cpu.inc ****  * this exception to your version of the code, but you are not
  27:Generated_Source\PSoC5/ErikaOS_1_cortex_mx_ee_cpu.inc ****  * obligated to do so.  If you do not wish to do so, delete this
  28:Generated_Source\PSoC5/ErikaOS_1_cortex_mx_ee_cpu.inc ****  * exception statement from your version.
  29:Generated_Source\PSoC5/ErikaOS_1_cortex_mx_ee_cpu.inc ****  *
  30:Generated_Source\PSoC5/ErikaOS_1_cortex_mx_ee_cpu.inc ****  * ERIKA Enterprise is distributed in the hope that it will be
  31:Generated_Source\PSoC5/ErikaOS_1_cortex_mx_ee_cpu.inc ****  * useful, but WITHOUT ANY WARRANTY; without even the implied warranty
  32:Generated_Source\PSoC5/ErikaOS_1_cortex_mx_ee_cpu.inc ****  * of MERCHANTABILITY or FITNESS FOR A PARTICULAR PURPOSE.  See the
  33:Generated_Source\PSoC5/ErikaOS_1_cortex_mx_ee_cpu.inc ****  * GNU General Public License version 2 for more details.
  34:Generated_Source\PSoC5/ErikaOS_1_cortex_mx_ee_cpu.inc ****  *
  35:Generated_Source\PSoC5/ErikaOS_1_cortex_mx_ee_cpu.inc ****  * You should have received a copy of the GNU General Public License
  36:Generated_Source\PSoC5/ErikaOS_1_cortex_mx_ee_cpu.inc ****  * version 2 along with ERIKA Enterprise; if not, write to the
  37:Generated_Source\PSoC5/ErikaOS_1_cortex_mx_ee_cpu.inc ****  * Free Software Foundation, Inc., 51 Franklin Street, Fifth Floor,
  38:Generated_Source\PSoC5/ErikaOS_1_cortex_mx_ee_cpu.inc ****  * Boston, MA 02110-1301 USA.
  39:Generated_Source\PSoC5/ErikaOS_1_cortex_mx_ee_cpu.inc ****  * ###*E*### */
  40:Generated_Source\PSoC5/ErikaOS_1_cortex_mx_ee_cpu.inc **** 
  41:Generated_Source\PSoC5/ErikaOS_1_cortex_mx_ee_cpu.inc **** /** 
  42:Generated_Source\PSoC5/ErikaOS_1_cortex_mx_ee_cpu.inc **** 	@file ee_cpu.h
  43:Generated_Source\PSoC5/ErikaOS_1_cortex_mx_ee_cpu.inc **** 	@brief CPU-dependent part of HAL. Derived from pkg/cpu/pic30/inc/ee_cpu.h
  44:Generated_Source\PSoC5/ErikaOS_1_cortex_mx_ee_cpu.inc **** 	@author Gianluca Franchino
  45:Generated_Source\PSoC5/ErikaOS_1_cortex_mx_ee_cpu.inc **** 	@author Giuseppe Serano
  46:Generated_Source\PSoC5/ErikaOS_1_cortex_mx_ee_cpu.inc **** 	@date 2011
  47:Generated_Source\PSoC5/ErikaOS_1_cortex_mx_ee_cpu.inc **** */ 
  48:Generated_Source\PSoC5/ErikaOS_1_cortex_mx_ee_cpu.inc ****     
  49:Generated_Source\PSoC5/ErikaOS_1_cortex_mx_ee_cpu.inc **** /*
  50:Generated_Source\PSoC5/ErikaOS_1_cortex_mx_ee_cpu.inc ****  * PSoC Port and API Generation
  51:Generated_Source\PSoC5/ErikaOS_1_cortex_mx_ee_cpu.inc ****  * Carlos Fernando Meier Martinez
  52:Generated_Source\PSoC5/ErikaOS_1_cortex_mx_ee_cpu.inc ****  * Hochschule Darmstadt, Germany. 2017.
  53:Generated_Source\PSoC5/ErikaOS_1_cortex_mx_ee_cpu.inc ****  */
  54:Generated_Source\PSoC5/ErikaOS_1_cortex_mx_ee_cpu.inc **** 
  55:Generated_Source\PSoC5/ErikaOS_1_cortex_mx_ee_cpu.inc **** #ifndef __INCLUDE_CORTEX_MX_EE_CPU_H__
  56:Generated_Source\PSoC5/ErikaOS_1_cortex_mx_ee_cpu.inc **** #define __INCLUDE_CORTEX_MX_EE_CPU_H__
  57:Generated_Source\PSoC5/ErikaOS_1_cortex_mx_ee_cpu.inc **** 
  58:Generated_Source\PSoC5/ErikaOS_1_cortex_mx_ee_cpu.inc **** #include "ErikaOS_1_eecfg.inc"
  59:Generated_Source\PSoC5/ErikaOS_1_cortex_mx_ee_cpu.inc **** 
  60:Generated_Source\PSoC5/ErikaOS_1_cortex_mx_ee_cpu.inc **** 
  61:Generated_Source\PSoC5/ErikaOS_1_cortex_mx_ee_cpu.inc **** #ifdef __GNU__
  62:Generated_Source\PSoC5/ErikaOS_1_cortex_mx_ee_cpu.inc **** #include "ErikaOS_1_common_ee_compiler_gcc.inc"
  63:Generated_Source\PSoC5/ErikaOS_1_cortex_mx_ee_cpu.inc **** #endif
  64:Generated_Source\PSoC5/ErikaOS_1_cortex_mx_ee_cpu.inc **** 
  65:Generated_Source\PSoC5/ErikaOS_1_cortex_mx_ee_cpu.inc **** /* Initial stack offset (in words): Used in multistack. */
  66:Generated_Source\PSoC5/ErikaOS_1_cortex_mx_ee_cpu.inc **** #ifndef CORTEX_MX_INIT_TOS_OFFSET
ARM GAS  C:\Users\91819\AppData\Local\Temp\ccaGHk0j.s 			page 4


  67:Generated_Source\PSoC5/ErikaOS_1_cortex_mx_ee_cpu.inc **** #define CORTEX_MX_INIT_TOS_OFFSET 10
  68:Generated_Source\PSoC5/ErikaOS_1_cortex_mx_ee_cpu.inc **** #endif
  69:Generated_Source\PSoC5/ErikaOS_1_cortex_mx_ee_cpu.inc **** 
  70:Generated_Source\PSoC5/ErikaOS_1_cortex_mx_ee_cpu.inc **** /*************************************************************************
  71:Generated_Source\PSoC5/ErikaOS_1_cortex_mx_ee_cpu.inc ****  HAL Types and structures
  72:Generated_Source\PSoC5/ErikaOS_1_cortex_mx_ee_cpu.inc ****  *************************************************************************/
  73:Generated_Source\PSoC5/ErikaOS_1_cortex_mx_ee_cpu.inc **** 
  74:Generated_Source\PSoC5/ErikaOS_1_cortex_mx_ee_cpu.inc **** /* Primitive data types */
  75:Generated_Source\PSoC5/ErikaOS_1_cortex_mx_ee_cpu.inc **** #include "ErikaOS_1_common_ee_types.inc"
  76:Generated_Source\PSoC5/ErikaOS_1_cortex_mx_ee_cpu.inc **** 
  77:Generated_Source\PSoC5/ErikaOS_1_cortex_mx_ee_cpu.inc **** typedef EE_UINT32 EE_UREG;
  78:Generated_Source\PSoC5/ErikaOS_1_cortex_mx_ee_cpu.inc **** typedef EE_INT32  EE_SREG;
  79:Generated_Source\PSoC5/ErikaOS_1_cortex_mx_ee_cpu.inc **** typedef EE_UINT32 EE_FREG;
  80:Generated_Source\PSoC5/ErikaOS_1_cortex_mx_ee_cpu.inc **** #define EE_UREG_SIZE 4
  81:Generated_Source\PSoC5/ErikaOS_1_cortex_mx_ee_cpu.inc **** 
  82:Generated_Source\PSoC5/ErikaOS_1_cortex_mx_ee_cpu.inc **** /* boolean type */
  83:Generated_Source\PSoC5/ErikaOS_1_cortex_mx_ee_cpu.inc **** #ifndef EE_TYPEBOOL
  84:Generated_Source\PSoC5/ErikaOS_1_cortex_mx_ee_cpu.inc **** typedef EE_UREG EE_TYPEBOOL;
  85:Generated_Source\PSoC5/ErikaOS_1_cortex_mx_ee_cpu.inc **** #endif
  86:Generated_Source\PSoC5/ErikaOS_1_cortex_mx_ee_cpu.inc **** 
  87:Generated_Source\PSoC5/ErikaOS_1_cortex_mx_ee_cpu.inc **** /* boolean true define */
  88:Generated_Source\PSoC5/ErikaOS_1_cortex_mx_ee_cpu.inc **** #ifndef EE_TRUE
  89:Generated_Source\PSoC5/ErikaOS_1_cortex_mx_ee_cpu.inc **** #define EE_TRUE ((EE_TYPEBOOL)1U)
  90:Generated_Source\PSoC5/ErikaOS_1_cortex_mx_ee_cpu.inc **** #endif
  91:Generated_Source\PSoC5/ErikaOS_1_cortex_mx_ee_cpu.inc **** 
  92:Generated_Source\PSoC5/ErikaOS_1_cortex_mx_ee_cpu.inc **** /* boolean false define */
  93:Generated_Source\PSoC5/ErikaOS_1_cortex_mx_ee_cpu.inc **** #ifndef EE_FALSE
  94:Generated_Source\PSoC5/ErikaOS_1_cortex_mx_ee_cpu.inc **** #define EE_FALSE ((EE_TYPEBOOL)0U)
  95:Generated_Source\PSoC5/ErikaOS_1_cortex_mx_ee_cpu.inc **** #endif
  96:Generated_Source\PSoC5/ErikaOS_1_cortex_mx_ee_cpu.inc **** 
  97:Generated_Source\PSoC5/ErikaOS_1_cortex_mx_ee_cpu.inc **** #define	EE_HWREG_PTR		volatile EE_UREG *
  98:Generated_Source\PSoC5/ErikaOS_1_cortex_mx_ee_cpu.inc **** #define	EE_HWREG_ADDR(x)	((EE_HWREG_PTR)(x))
  99:Generated_Source\PSoC5/ErikaOS_1_cortex_mx_ee_cpu.inc **** #define	EE_HWREG(x)		(*EE_HWREG_ADDR(x))
 100:Generated_Source\PSoC5/ErikaOS_1_cortex_mx_ee_cpu.inc **** 
 101:Generated_Source\PSoC5/ErikaOS_1_cortex_mx_ee_cpu.inc **** #ifdef __GNU__
 102:Generated_Source\PSoC5/ErikaOS_1_cortex_mx_ee_cpu.inc **** 
 103:Generated_Source\PSoC5/ErikaOS_1_cortex_mx_ee_cpu.inc **** /* Get current SP */
 104:Generated_Source\PSoC5/ErikaOS_1_cortex_mx_ee_cpu.inc **** __INLINE__ EE_UINT32  __current_sp(void)
 105:Generated_Source\PSoC5/ErikaOS_1_cortex_mx_ee_cpu.inc **** {
 106:Generated_Source\PSoC5/ErikaOS_1_cortex_mx_ee_cpu.inc **** EE_UINT32 temp;
 107:Generated_Source\PSoC5/ErikaOS_1_cortex_mx_ee_cpu.inc **** __ASM ("mov %0, sp" : "=r" (temp) : );
 108:Generated_Source\PSoC5/ErikaOS_1_cortex_mx_ee_cpu.inc **** return temp;
 109:Generated_Source\PSoC5/ErikaOS_1_cortex_mx_ee_cpu.inc **** }
 110:Generated_Source\PSoC5/ErikaOS_1_cortex_mx_ee_cpu.inc **** 
 111:Generated_Source\PSoC5/ErikaOS_1_cortex_mx_ee_cpu.inc **** /* Set a breakpoint */
 112:Generated_Source\PSoC5/ErikaOS_1_cortex_mx_ee_cpu.inc **** #define __breakpoint(value)	__ASM ("bkpt "#value)
 113:Generated_Source\PSoC5/ErikaOS_1_cortex_mx_ee_cpu.inc **** 
 114:Generated_Source\PSoC5/ErikaOS_1_cortex_mx_ee_cpu.inc **** #endif
 115:Generated_Source\PSoC5/ErikaOS_1_cortex_mx_ee_cpu.inc **** 
 116:Generated_Source\PSoC5/ErikaOS_1_cortex_mx_ee_cpu.inc **** /* ISR Priority representation type */
 117:Generated_Source\PSoC5/ErikaOS_1_cortex_mx_ee_cpu.inc **** typedef EE_UREG EE_TYPEISR2PRIO;
 118:Generated_Source\PSoC5/ErikaOS_1_cortex_mx_ee_cpu.inc **** 
 119:Generated_Source\PSoC5/ErikaOS_1_cortex_mx_ee_cpu.inc **** /* Thread IDs */
 120:Generated_Source\PSoC5/ErikaOS_1_cortex_mx_ee_cpu.inc **** typedef EE_INT32 EE_TID;
 121:Generated_Source\PSoC5/ErikaOS_1_cortex_mx_ee_cpu.inc **** 
 122:Generated_Source\PSoC5/ErikaOS_1_cortex_mx_ee_cpu.inc **** /* Thread IDs - unsigned version*/
 123:Generated_Source\PSoC5/ErikaOS_1_cortex_mx_ee_cpu.inc **** typedef EE_UINT32 EE_UTID;
ARM GAS  C:\Users\91819\AppData\Local\Temp\ccaGHk0j.s 			page 5


 124:Generated_Source\PSoC5/ErikaOS_1_cortex_mx_ee_cpu.inc **** 
 125:Generated_Source\PSoC5/ErikaOS_1_cortex_mx_ee_cpu.inc **** /* Used by the common layer to decide whether to start a new thread */
 126:Generated_Source\PSoC5/ErikaOS_1_cortex_mx_ee_cpu.inc **** #define TID_IS_STACKED_MARK 0x80000000
 127:Generated_Source\PSoC5/ErikaOS_1_cortex_mx_ee_cpu.inc **** 
 128:Generated_Source\PSoC5/ErikaOS_1_cortex_mx_ee_cpu.inc **** /* EE_TYPEIRQ is currently unused */
 129:Generated_Source\PSoC5/ErikaOS_1_cortex_mx_ee_cpu.inc **** 
 130:Generated_Source\PSoC5/ErikaOS_1_cortex_mx_ee_cpu.inc **** /* XXX: define EE_TIME? */
 131:Generated_Source\PSoC5/ErikaOS_1_cortex_mx_ee_cpu.inc **** 
 132:Generated_Source\PSoC5/ErikaOS_1_cortex_mx_ee_cpu.inc **** /* Use the "standard" implementation */
 133:Generated_Source\PSoC5/ErikaOS_1_cortex_mx_ee_cpu.inc **** #include "ErikaOS_1_common_ee_hal_structs.inc"
 134:Generated_Source\PSoC5/ErikaOS_1_cortex_mx_ee_cpu.inc **** 
 135:Generated_Source\PSoC5/ErikaOS_1_cortex_mx_ee_cpu.inc **** /******************************************************************************
 136:Generated_Source\PSoC5/ErikaOS_1_cortex_mx_ee_cpu.inc ****  Application dependent data types
 137:Generated_Source\PSoC5/ErikaOS_1_cortex_mx_ee_cpu.inc ****  ******************************************************************************/
 138:Generated_Source\PSoC5/ErikaOS_1_cortex_mx_ee_cpu.inc **** 
 139:Generated_Source\PSoC5/ErikaOS_1_cortex_mx_ee_cpu.inc **** #ifdef	__HAS_TYPES_H__
 140:Generated_Source\PSoC5/ErikaOS_1_cortex_mx_ee_cpu.inc **** #include	"types.h"
 141:Generated_Source\PSoC5/ErikaOS_1_cortex_mx_ee_cpu.inc **** #endif
 142:Generated_Source\PSoC5/ErikaOS_1_cortex_mx_ee_cpu.inc **** 
 143:Generated_Source\PSoC5/ErikaOS_1_cortex_mx_ee_cpu.inc **** /******************************************************************************
 144:Generated_Source\PSoC5/ErikaOS_1_cortex_mx_ee_cpu.inc ****  CPU Peripherals
 145:Generated_Source\PSoC5/ErikaOS_1_cortex_mx_ee_cpu.inc ****  ******************************************************************************/
 146:Generated_Source\PSoC5/ErikaOS_1_cortex_mx_ee_cpu.inc **** 
 147:Generated_Source\PSoC5/ErikaOS_1_cortex_mx_ee_cpu.inc **** #ifdef __CORTEX_MX__
 148:Generated_Source\PSoC5/ErikaOS_1_cortex_mx_ee_cpu.inc **** #include "ErikaOS_1_cortex_mx_ee_nvic.inc"
 149:Generated_Source\PSoC5/ErikaOS_1_cortex_mx_ee_cpu.inc **** #include "ErikaOS_1_cortex_mx_ee_systick.inc"
 150:Generated_Source\PSoC5/ErikaOS_1_cortex_mx_ee_cpu.inc **** #endif
 151:Generated_Source\PSoC5/ErikaOS_1_cortex_mx_ee_cpu.inc **** 
 152:Generated_Source\PSoC5/ErikaOS_1_cortex_mx_ee_cpu.inc **** /******************************************************************************
 153:Generated_Source\PSoC5/ErikaOS_1_cortex_mx_ee_cpu.inc ****  HAL Variables
 154:Generated_Source\PSoC5/ErikaOS_1_cortex_mx_ee_cpu.inc ****  ******************************************************************************/
 155:Generated_Source\PSoC5/ErikaOS_1_cortex_mx_ee_cpu.inc **** 
 156:Generated_Source\PSoC5/ErikaOS_1_cortex_mx_ee_cpu.inc **** #ifdef __MULTI__
 157:Generated_Source\PSoC5/ErikaOS_1_cortex_mx_ee_cpu.inc **** 
 158:Generated_Source\PSoC5/ErikaOS_1_cortex_mx_ee_cpu.inc **** /* Top-of-stack of each private stack */
 159:Generated_Source\PSoC5/ErikaOS_1_cortex_mx_ee_cpu.inc **** extern struct EE_TOS EE_cortex_mx_system_tos[];
 160:Generated_Source\PSoC5/ErikaOS_1_cortex_mx_ee_cpu.inc **** //#define	EE_std_system_tos EE_cortex_mx_system_tos
 161:Generated_Source\PSoC5/ErikaOS_1_cortex_mx_ee_cpu.inc **** 
 162:Generated_Source\PSoC5/ErikaOS_1_cortex_mx_ee_cpu.inc **** /* Index of the current stack */
 163:Generated_Source\PSoC5/ErikaOS_1_cortex_mx_ee_cpu.inc **** extern EE_UREG EE_cortex_mx_active_tos;
 164:Generated_Source\PSoC5/ErikaOS_1_cortex_mx_ee_cpu.inc **** #define	EE_hal_active_tos EE_cortex_mx_active_tos
 165:Generated_Source\PSoC5/ErikaOS_1_cortex_mx_ee_cpu.inc **** 
 166:Generated_Source\PSoC5/ErikaOS_1_cortex_mx_ee_cpu.inc **** /*extern	EE_UREG EE_pic30_thread_tos[];
 167:Generated_Source\PSoC5/ErikaOS_1_cortex_mx_ee_cpu.inc **** #define	EE_std_thread_tos EE_pic30_thread_tos */
 168:Generated_Source\PSoC5/ErikaOS_1_cortex_mx_ee_cpu.inc **** #endif /* __MULTI__ */
 169:Generated_Source\PSoC5/ErikaOS_1_cortex_mx_ee_cpu.inc **** 
 170:Generated_Source\PSoC5/ErikaOS_1_cortex_mx_ee_cpu.inc **** /*********************************************************************
 171:Generated_Source\PSoC5/ErikaOS_1_cortex_mx_ee_cpu.inc ****  Cortex M0 interrupt disabling/enabling
 172:Generated_Source\PSoC5/ErikaOS_1_cortex_mx_ee_cpu.inc ****  *********************************************************************/
 173:Generated_Source\PSoC5/ErikaOS_1_cortex_mx_ee_cpu.inc **** 
 174:Generated_Source\PSoC5/ErikaOS_1_cortex_mx_ee_cpu.inc **** /* Used to check the value returned by EE_cortex_mx_disableIRQ */
 175:Generated_Source\PSoC5/ErikaOS_1_cortex_mx_ee_cpu.inc **** #define EE_cortex_mx_are_IRQs_enabled(ie) ((ie) ^ 1)
 176:Generated_Source\PSoC5/ErikaOS_1_cortex_mx_ee_cpu.inc **** 
 177:Generated_Source\PSoC5/ErikaOS_1_cortex_mx_ee_cpu.inc **** /**
 178:Generated_Source\PSoC5/ErikaOS_1_cortex_mx_ee_cpu.inc ****  * Enable interrupts
 179:Generated_Source\PSoC5/ErikaOS_1_cortex_mx_ee_cpu.inc ****  */
 180:Generated_Source\PSoC5/ErikaOS_1_cortex_mx_ee_cpu.inc **** __INLINE__ void  EE_cortex_mx_enableIRQ(void)
ARM GAS  C:\Users\91819\AppData\Local\Temp\ccaGHk0j.s 			page 6


 181:Generated_Source\PSoC5/ErikaOS_1_cortex_mx_ee_cpu.inc **** {
 182:Generated_Source\PSoC5/ErikaOS_1_cortex_mx_ee_cpu.inc **** #ifdef __IAR__
 183:Generated_Source\PSoC5/ErikaOS_1_cortex_mx_ee_cpu.inc **** 	__ASM ("cpsie i");
 184:Generated_Source\PSoC5/ErikaOS_1_cortex_mx_ee_cpu.inc **** #else	/* __IAR__ */
 185:Generated_Source\PSoC5/ErikaOS_1_cortex_mx_ee_cpu.inc **** #ifdef __CCS__
 186:Generated_Source\PSoC5/ErikaOS_1_cortex_mx_ee_cpu.inc **** 	__ASM ("    cpsie    i\n");
 187:Generated_Source\PSoC5/ErikaOS_1_cortex_mx_ee_cpu.inc **** #else	/* __CCS__ */
 188:Generated_Source\PSoC5/ErikaOS_1_cortex_mx_ee_cpu.inc **** #ifdef __KEIL__
 189:Generated_Source\PSoC5/ErikaOS_1_cortex_mx_ee_cpu.inc **** 	__enable_irq();
 190:Generated_Source\PSoC5/ErikaOS_1_cortex_mx_ee_cpu.inc **** #else	/* __KEIL__ */
 191:Generated_Source\PSoC5/ErikaOS_1_cortex_mx_ee_cpu.inc **** 	__ASM volatile("cpsie i");
 192:Generated_Source\PSoC5/ErikaOS_1_cortex_mx_ee_cpu.inc **** #endif	/* !__KEIL__ */
 193:Generated_Source\PSoC5/ErikaOS_1_cortex_mx_ee_cpu.inc **** #endif	/* !__CCS__ */
 194:Generated_Source\PSoC5/ErikaOS_1_cortex_mx_ee_cpu.inc **** #endif	/* !__IAR__ */
 195:Generated_Source\PSoC5/ErikaOS_1_cortex_mx_ee_cpu.inc **** }
 196:Generated_Source\PSoC5/ErikaOS_1_cortex_mx_ee_cpu.inc **** 
 197:Generated_Source\PSoC5/ErikaOS_1_cortex_mx_ee_cpu.inc **** /**
 198:Generated_Source\PSoC5/ErikaOS_1_cortex_mx_ee_cpu.inc ****  * Disable interrupts
 199:Generated_Source\PSoC5/ErikaOS_1_cortex_mx_ee_cpu.inc ****  */
 200:Generated_Source\PSoC5/ErikaOS_1_cortex_mx_ee_cpu.inc **** __INLINE__ void  EE_cortex_mx_disableIRQ(void)
 201:Generated_Source\PSoC5/ErikaOS_1_cortex_mx_ee_cpu.inc **** {
 202:Generated_Source\PSoC5/ErikaOS_1_cortex_mx_ee_cpu.inc **** #ifdef __IAR__
 203:Generated_Source\PSoC5/ErikaOS_1_cortex_mx_ee_cpu.inc **** 	__ASM ("cpsid i");
 204:Generated_Source\PSoC5/ErikaOS_1_cortex_mx_ee_cpu.inc **** #else	/* __IAR__ */
 205:Generated_Source\PSoC5/ErikaOS_1_cortex_mx_ee_cpu.inc **** #ifdef __CCS__
 206:Generated_Source\PSoC5/ErikaOS_1_cortex_mx_ee_cpu.inc **** 	__ASM ("    cpsid    i\n");
 207:Generated_Source\PSoC5/ErikaOS_1_cortex_mx_ee_cpu.inc **** #else	/* __CCS__ */
 208:Generated_Source\PSoC5/ErikaOS_1_cortex_mx_ee_cpu.inc **** #ifdef __KEIL__
 209:Generated_Source\PSoC5/ErikaOS_1_cortex_mx_ee_cpu.inc **** 	__disable_irq();
 210:Generated_Source\PSoC5/ErikaOS_1_cortex_mx_ee_cpu.inc **** #else	/* __KEIL__ */
 211:Generated_Source\PSoC5/ErikaOS_1_cortex_mx_ee_cpu.inc **** 	__ASM volatile("cpsid i");
  71              		.loc 2 211 0
  72              		.syntax unified
  73              	@ 211 "Generated_Source\PSoC5/ErikaOS_1_cortex_mx_ee_cpu.inc" 1
  74 000a 72B6     		cpsid i
  75              	@ 0 "" 2
  76              		.thumb
  77              		.syntax unified
  78              	.LBE81:
  79              	.LBE80:
  80              	.LBB82:
  81              	.LBB83:
 212:Generated_Source\PSoC5/ErikaOS_1_cortex_mx_ee_cpu.inc **** #endif	/* !__KEIL__ */
 213:Generated_Source\PSoC5/ErikaOS_1_cortex_mx_ee_cpu.inc **** #endif	/* !__CCS__ */
 214:Generated_Source\PSoC5/ErikaOS_1_cortex_mx_ee_cpu.inc **** #endif	/* !__IAR__ */
 215:Generated_Source\PSoC5/ErikaOS_1_cortex_mx_ee_cpu.inc **** }
 216:Generated_Source\PSoC5/ErikaOS_1_cortex_mx_ee_cpu.inc **** 
 217:Generated_Source\PSoC5/ErikaOS_1_cortex_mx_ee_cpu.inc **** /**
 218:Generated_Source\PSoC5/ErikaOS_1_cortex_mx_ee_cpu.inc ****  * Resume interrupts
 219:Generated_Source\PSoC5/ErikaOS_1_cortex_mx_ee_cpu.inc ****  */
 220:Generated_Source\PSoC5/ErikaOS_1_cortex_mx_ee_cpu.inc **** __INLINE__ void  EE_cortex_mx_resumeIRQ(EE_FREG f)
 221:Generated_Source\PSoC5/ErikaOS_1_cortex_mx_ee_cpu.inc **** {
 222:Generated_Source\PSoC5/ErikaOS_1_cortex_mx_ee_cpu.inc **** #ifdef __IAR__
 223:Generated_Source\PSoC5/ErikaOS_1_cortex_mx_ee_cpu.inc **** 	__set_PRIMASK(f);
 224:Generated_Source\PSoC5/ErikaOS_1_cortex_mx_ee_cpu.inc **** #else	/* __IAR__ */
 225:Generated_Source\PSoC5/ErikaOS_1_cortex_mx_ee_cpu.inc **** #ifdef __CCS__
 226:Generated_Source\PSoC5/ErikaOS_1_cortex_mx_ee_cpu.inc **** 	__ASM ("    msr    primask, r0\n");
ARM GAS  C:\Users\91819\AppData\Local\Temp\ccaGHk0j.s 			page 7


 227:Generated_Source\PSoC5/ErikaOS_1_cortex_mx_ee_cpu.inc **** #else	/* __CCS__ */
 228:Generated_Source\PSoC5/ErikaOS_1_cortex_mx_ee_cpu.inc **** #ifdef __KEIL__
 229:Generated_Source\PSoC5/ErikaOS_1_cortex_mx_ee_cpu.inc **** 	register EE_FREG PRIMASK __ASM("primask");
 230:Generated_Source\PSoC5/ErikaOS_1_cortex_mx_ee_cpu.inc **** 	PRIMASK = f;
 231:Generated_Source\PSoC5/ErikaOS_1_cortex_mx_ee_cpu.inc **** #else	/* __KEIL__ */
 232:Generated_Source\PSoC5/ErikaOS_1_cortex_mx_ee_cpu.inc **** 	__ASM volatile("msr primask, %0" :: "r" (f));
 233:Generated_Source\PSoC5/ErikaOS_1_cortex_mx_ee_cpu.inc **** #endif	/* !__KEIL__ */
 234:Generated_Source\PSoC5/ErikaOS_1_cortex_mx_ee_cpu.inc **** #endif	/* !__CCS__ */
 235:Generated_Source\PSoC5/ErikaOS_1_cortex_mx_ee_cpu.inc **** #endif	/* !__IAR__ */
 236:Generated_Source\PSoC5/ErikaOS_1_cortex_mx_ee_cpu.inc **** }
 237:Generated_Source\PSoC5/ErikaOS_1_cortex_mx_ee_cpu.inc **** 
 238:Generated_Source\PSoC5/ErikaOS_1_cortex_mx_ee_cpu.inc **** /**
 239:Generated_Source\PSoC5/ErikaOS_1_cortex_mx_ee_cpu.inc ****  * Suspend interrupts
 240:Generated_Source\PSoC5/ErikaOS_1_cortex_mx_ee_cpu.inc ****  */
 241:Generated_Source\PSoC5/ErikaOS_1_cortex_mx_ee_cpu.inc **** __INLINE__ EE_FREG  EE_cortex_mx_suspendIRQ(void)
 242:Generated_Source\PSoC5/ErikaOS_1_cortex_mx_ee_cpu.inc **** {
 243:Generated_Source\PSoC5/ErikaOS_1_cortex_mx_ee_cpu.inc **** #ifndef __CCS__
 244:Generated_Source\PSoC5/ErikaOS_1_cortex_mx_ee_cpu.inc **** 	EE_FREG istat;
 245:Generated_Source\PSoC5/ErikaOS_1_cortex_mx_ee_cpu.inc **** #endif
 246:Generated_Source\PSoC5/ErikaOS_1_cortex_mx_ee_cpu.inc **** #ifdef __IAR__
 247:Generated_Source\PSoC5/ErikaOS_1_cortex_mx_ee_cpu.inc **** 	 istat = __get_PRIMASK();
 248:Generated_Source\PSoC5/ErikaOS_1_cortex_mx_ee_cpu.inc **** 	__ASM ("cpsid i");
 249:Generated_Source\PSoC5/ErikaOS_1_cortex_mx_ee_cpu.inc **** #else	/* __IAR__ */
 250:Generated_Source\PSoC5/ErikaOS_1_cortex_mx_ee_cpu.inc **** #ifdef __CCS__
 251:Generated_Source\PSoC5/ErikaOS_1_cortex_mx_ee_cpu.inc **** 	__ASM ("    mrs     r0, primask\n"
 252:Generated_Source\PSoC5/ErikaOS_1_cortex_mx_ee_cpu.inc **** 	       "    cpsid   i\n"
 253:Generated_Source\PSoC5/ErikaOS_1_cortex_mx_ee_cpu.inc **** 	       "    bx      lr\n");
 254:Generated_Source\PSoC5/ErikaOS_1_cortex_mx_ee_cpu.inc **** #else	/* __CCS__ */
 255:Generated_Source\PSoC5/ErikaOS_1_cortex_mx_ee_cpu.inc **** #ifdef __KEIL__
 256:Generated_Source\PSoC5/ErikaOS_1_cortex_mx_ee_cpu.inc **** 	register EE_FREG PRIMASK __ASM("primask");
 257:Generated_Source\PSoC5/ErikaOS_1_cortex_mx_ee_cpu.inc **** 	istat = PRIMASK;
 258:Generated_Source\PSoC5/ErikaOS_1_cortex_mx_ee_cpu.inc **** 	__disable_irq();
 259:Generated_Source\PSoC5/ErikaOS_1_cortex_mx_ee_cpu.inc **** #else	/* __KEIL__ */
 260:Generated_Source\PSoC5/ErikaOS_1_cortex_mx_ee_cpu.inc **** 	__ASM volatile ("mrs %0, primask" : "=r" (istat) );
 261:Generated_Source\PSoC5/ErikaOS_1_cortex_mx_ee_cpu.inc **** 	__ASM volatile ("cpsid i");
 262:Generated_Source\PSoC5/ErikaOS_1_cortex_mx_ee_cpu.inc **** #endif	/* !__KEIL__ */
 263:Generated_Source\PSoC5/ErikaOS_1_cortex_mx_ee_cpu.inc **** #endif	/* !__CCS__ */
 264:Generated_Source\PSoC5/ErikaOS_1_cortex_mx_ee_cpu.inc **** #endif	/* !__IAR__ */
 265:Generated_Source\PSoC5/ErikaOS_1_cortex_mx_ee_cpu.inc **** #ifdef __CCS__
 266:Generated_Source\PSoC5/ErikaOS_1_cortex_mx_ee_cpu.inc **** 	return 0;
 267:Generated_Source\PSoC5/ErikaOS_1_cortex_mx_ee_cpu.inc **** #else
 268:Generated_Source\PSoC5/ErikaOS_1_cortex_mx_ee_cpu.inc **** 	return istat;
 269:Generated_Source\PSoC5/ErikaOS_1_cortex_mx_ee_cpu.inc **** #endif
 270:Generated_Source\PSoC5/ErikaOS_1_cortex_mx_ee_cpu.inc **** }
 271:Generated_Source\PSoC5/ErikaOS_1_cortex_mx_ee_cpu.inc **** 
 272:Generated_Source\PSoC5/ErikaOS_1_cortex_mx_ee_cpu.inc **** /**
 273:Generated_Source\PSoC5/ErikaOS_1_cortex_mx_ee_cpu.inc ****  * Return true (not 0) if IRQs are enabled, 0 (false) if IRQ are disabled.
 274:Generated_Source\PSoC5/ErikaOS_1_cortex_mx_ee_cpu.inc ****  */
 275:Generated_Source\PSoC5/ErikaOS_1_cortex_mx_ee_cpu.inc **** __INLINE__ EE_UINT32  EE_cortex_mx_get_IRQ_enabled(void)
 276:Generated_Source\PSoC5/ErikaOS_1_cortex_mx_ee_cpu.inc **** {
 277:Generated_Source\PSoC5/ErikaOS_1_cortex_mx_ee_cpu.inc **** #ifndef __CCS__
 278:Generated_Source\PSoC5/ErikaOS_1_cortex_mx_ee_cpu.inc **** 	EE_UREG ie;
 279:Generated_Source\PSoC5/ErikaOS_1_cortex_mx_ee_cpu.inc **** #endif
 280:Generated_Source\PSoC5/ErikaOS_1_cortex_mx_ee_cpu.inc **** #ifdef __IAR__
 281:Generated_Source\PSoC5/ErikaOS_1_cortex_mx_ee_cpu.inc **** 	ie = __get_PRIMASK();
 282:Generated_Source\PSoC5/ErikaOS_1_cortex_mx_ee_cpu.inc **** #else	/* __IAR__ */
 283:Generated_Source\PSoC5/ErikaOS_1_cortex_mx_ee_cpu.inc **** #ifdef __CCS__
ARM GAS  C:\Users\91819\AppData\Local\Temp\ccaGHk0j.s 			page 8


 284:Generated_Source\PSoC5/ErikaOS_1_cortex_mx_ee_cpu.inc **** 	__ASM ("    MRS     r0, PRIMASK\n"
 285:Generated_Source\PSoC5/ErikaOS_1_cortex_mx_ee_cpu.inc **** 	       "    EOR     r0, #1\n"
 286:Generated_Source\PSoC5/ErikaOS_1_cortex_mx_ee_cpu.inc **** 	       "    bx      lr\n");
 287:Generated_Source\PSoC5/ErikaOS_1_cortex_mx_ee_cpu.inc **** #else	/* __CCS__ */
 288:Generated_Source\PSoC5/ErikaOS_1_cortex_mx_ee_cpu.inc **** #ifdef __KEIL__
 289:Generated_Source\PSoC5/ErikaOS_1_cortex_mx_ee_cpu.inc **** 	register EE_FREG PRIMASK __ASM("primask");
 290:Generated_Source\PSoC5/ErikaOS_1_cortex_mx_ee_cpu.inc **** 	ie = PRIMASK;
 291:Generated_Source\PSoC5/ErikaOS_1_cortex_mx_ee_cpu.inc **** #else	/* __KEIL__ */
 292:Generated_Source\PSoC5/ErikaOS_1_cortex_mx_ee_cpu.inc **** 	__ASM volatile ("MRS %0, primask" : "=r" (ie) );
 293:Generated_Source\PSoC5/ErikaOS_1_cortex_mx_ee_cpu.inc **** #endif	/* !__KEIL__ */
 294:Generated_Source\PSoC5/ErikaOS_1_cortex_mx_ee_cpu.inc **** #endif	/* !__CCS__ */
 295:Generated_Source\PSoC5/ErikaOS_1_cortex_mx_ee_cpu.inc **** #endif	/* !__IAR__ */
 296:Generated_Source\PSoC5/ErikaOS_1_cortex_mx_ee_cpu.inc **** #ifdef __CCS__
 297:Generated_Source\PSoC5/ErikaOS_1_cortex_mx_ee_cpu.inc **** 	return 0;
 298:Generated_Source\PSoC5/ErikaOS_1_cortex_mx_ee_cpu.inc **** #else
 299:Generated_Source\PSoC5/ErikaOS_1_cortex_mx_ee_cpu.inc **** 	return EE_cortex_mx_are_IRQs_enabled(ie);
 300:Generated_Source\PSoC5/ErikaOS_1_cortex_mx_ee_cpu.inc **** #endif
 301:Generated_Source\PSoC5/ErikaOS_1_cortex_mx_ee_cpu.inc **** }
 302:Generated_Source\PSoC5/ErikaOS_1_cortex_mx_ee_cpu.inc **** 
 303:Generated_Source\PSoC5/ErikaOS_1_cortex_mx_ee_cpu.inc **** __INLINE__ EE_TYPEISR2PRIO  EE_cortex_mx_get_int_prio(void)
 304:Generated_Source\PSoC5/ErikaOS_1_cortex_mx_ee_cpu.inc **** {
 305:Generated_Source\PSoC5/ErikaOS_1_cortex_mx_ee_cpu.inc **** #ifdef __CORTEX_M4__
 306:Generated_Source\PSoC5/ErikaOS_1_cortex_mx_ee_cpu.inc **** 
 307:Generated_Source\PSoC5/ErikaOS_1_cortex_mx_ee_cpu.inc **** #ifndef __CCS__
 308:Generated_Source\PSoC5/ErikaOS_1_cortex_mx_ee_cpu.inc **** 	register EE_UREG prio;
 309:Generated_Source\PSoC5/ErikaOS_1_cortex_mx_ee_cpu.inc **** #ifdef	__KEIL__
 310:Generated_Source\PSoC5/ErikaOS_1_cortex_mx_ee_cpu.inc **** 	register EE_FREG BASEPRI __ASM("basepri");
 311:Generated_Source\PSoC5/ErikaOS_1_cortex_mx_ee_cpu.inc **** #endif
 312:Generated_Source\PSoC5/ErikaOS_1_cortex_mx_ee_cpu.inc **** 
 313:Generated_Source\PSoC5/ErikaOS_1_cortex_mx_ee_cpu.inc **** #endif
 314:Generated_Source\PSoC5/ErikaOS_1_cortex_mx_ee_cpu.inc **** 
 315:Generated_Source\PSoC5/ErikaOS_1_cortex_mx_ee_cpu.inc **** #ifdef __CCS__
 316:Generated_Source\PSoC5/ErikaOS_1_cortex_mx_ee_cpu.inc **** 	/* NVIC_INT_PRI_S = 5 */
 317:Generated_Source\PSoC5/ErikaOS_1_cortex_mx_ee_cpu.inc **** 	__ASM ("    MRS     R0, BASEPRI\n"
 318:Generated_Source\PSoC5/ErikaOS_1_cortex_mx_ee_cpu.inc **** 	       "    ASR     R0, #5\n"
 319:Generated_Source\PSoC5/ErikaOS_1_cortex_mx_ee_cpu.inc **** 	       "    BLX     LR\n");
 320:Generated_Source\PSoC5/ErikaOS_1_cortex_mx_ee_cpu.inc **** #else	/* __CCS__ */
 321:Generated_Source\PSoC5/ErikaOS_1_cortex_mx_ee_cpu.inc **** #ifdef __KEIL__
 322:Generated_Source\PSoC5/ErikaOS_1_cortex_mx_ee_cpu.inc **** 	prio = BASEPRI;
 323:Generated_Source\PSoC5/ErikaOS_1_cortex_mx_ee_cpu.inc **** #else	/* __KEIL__ */
 324:Generated_Source\PSoC5/ErikaOS_1_cortex_mx_ee_cpu.inc **** #ifdef __GNU__
 325:Generated_Source\PSoC5/ErikaOS_1_cortex_mx_ee_cpu.inc **** 	__ASM volatile("MRS %0, BASEPRI" : "=r" (prio) :: );
  82              		.loc 2 325 0
  83              		.syntax unified
  84              	@ 325 "Generated_Source\PSoC5/ErikaOS_1_cortex_mx_ee_cpu.inc" 1
  85 000c EFF31184 		MRS r4, BASEPRI
  86              	@ 0 "" 2
  87              	.LVL2:
  88              		.thumb
  89              		.syntax unified
  90              	.LBE83:
  91              	.LBE82:
  92              	.LBB84:
  93              	.LBB85:
 326:Generated_Source\PSoC5/ErikaOS_1_cortex_mx_ee_cpu.inc **** #else
 327:Generated_Source\PSoC5/ErikaOS_1_cortex_mx_ee_cpu.inc **** 	__ASM volatile("MRS %0, BASEPRI" :: "=r" (prio));
 328:Generated_Source\PSoC5/ErikaOS_1_cortex_mx_ee_cpu.inc **** #endif	/* !__GNU__ */
ARM GAS  C:\Users\91819\AppData\Local\Temp\ccaGHk0j.s 			page 9


 329:Generated_Source\PSoC5/ErikaOS_1_cortex_mx_ee_cpu.inc **** #endif	/* !__KEIL__ */
 330:Generated_Source\PSoC5/ErikaOS_1_cortex_mx_ee_cpu.inc **** #endif	/* !__CCS__ */
 331:Generated_Source\PSoC5/ErikaOS_1_cortex_mx_ee_cpu.inc **** 
 332:Generated_Source\PSoC5/ErikaOS_1_cortex_mx_ee_cpu.inc **** #ifdef __CCS__
 333:Generated_Source\PSoC5/ErikaOS_1_cortex_mx_ee_cpu.inc **** 	return 0;
 334:Generated_Source\PSoC5/ErikaOS_1_cortex_mx_ee_cpu.inc **** #else
 335:Generated_Source\PSoC5/ErikaOS_1_cortex_mx_ee_cpu.inc **** 	return prio >> NVIC_INT_PRI_S;
 336:Generated_Source\PSoC5/ErikaOS_1_cortex_mx_ee_cpu.inc **** #endif
 337:Generated_Source\PSoC5/ErikaOS_1_cortex_mx_ee_cpu.inc **** 
 338:Generated_Source\PSoC5/ErikaOS_1_cortex_mx_ee_cpu.inc **** #else	/* __CORTEX_M4__ */
 339:Generated_Source\PSoC5/ErikaOS_1_cortex_mx_ee_cpu.inc **** 	return 0;
 340:Generated_Source\PSoC5/ErikaOS_1_cortex_mx_ee_cpu.inc **** #endif	/* !__CORTEX_M4__ */
 341:Generated_Source\PSoC5/ErikaOS_1_cortex_mx_ee_cpu.inc **** }
 342:Generated_Source\PSoC5/ErikaOS_1_cortex_mx_ee_cpu.inc **** 
 343:Generated_Source\PSoC5/ErikaOS_1_cortex_mx_ee_cpu.inc **** __INLINE__ void  EE_cortex_mx_set_int_prio(
 344:Generated_Source\PSoC5/ErikaOS_1_cortex_mx_ee_cpu.inc ****   EE_TYPEISR2PRIO prio
 345:Generated_Source\PSoC5/ErikaOS_1_cortex_mx_ee_cpu.inc **** )
 346:Generated_Source\PSoC5/ErikaOS_1_cortex_mx_ee_cpu.inc **** {
 347:Generated_Source\PSoC5/ErikaOS_1_cortex_mx_ee_cpu.inc **** #ifdef __CORTEX_M4__
 348:Generated_Source\PSoC5/ErikaOS_1_cortex_mx_ee_cpu.inc **** #ifdef __CCS__
 349:Generated_Source\PSoC5/ErikaOS_1_cortex_mx_ee_cpu.inc **** 	/* NVIC_INT_PRI_S = 5 */
 350:Generated_Source\PSoC5/ErikaOS_1_cortex_mx_ee_cpu.inc **** 	__ASM ("    LSL    R0, #5\n"
 351:Generated_Source\PSoC5/ErikaOS_1_cortex_mx_ee_cpu.inc **** 	       "    MSR    BASEPRI, R0\n");
 352:Generated_Source\PSoC5/ErikaOS_1_cortex_mx_ee_cpu.inc **** #else	/* __CCS__ */
 353:Generated_Source\PSoC5/ErikaOS_1_cortex_mx_ee_cpu.inc **** #ifdef __KEIL__
 354:Generated_Source\PSoC5/ErikaOS_1_cortex_mx_ee_cpu.inc **** 	register EE_FREG BASEPRI __ASM("basepri");
 355:Generated_Source\PSoC5/ErikaOS_1_cortex_mx_ee_cpu.inc **** 	BASEPRI = (prio << NVIC_INT_PRI_S);
 356:Generated_Source\PSoC5/ErikaOS_1_cortex_mx_ee_cpu.inc **** #else	/* __KEIL__ */
 357:Generated_Source\PSoC5/ErikaOS_1_cortex_mx_ee_cpu.inc **** #ifdef __GNU__
 358:Generated_Source\PSoC5/ErikaOS_1_cortex_mx_ee_cpu.inc **** 	__ASM volatile("MSR BASEPRI, %0" :: "r" (prio << NVIC_INT_PRI_S) : );
 359:Generated_Source\PSoC5/ErikaOS_1_cortex_mx_ee_cpu.inc **** #else
 360:Generated_Source\PSoC5/ErikaOS_1_cortex_mx_ee_cpu.inc **** 	__ASM volatile("MSR BASEPRI, %0" :: "r" (prio << NVIC_INT_PRI_S));
 361:Generated_Source\PSoC5/ErikaOS_1_cortex_mx_ee_cpu.inc **** #endif	/* !__GNU__ */
 362:Generated_Source\PSoC5/ErikaOS_1_cortex_mx_ee_cpu.inc **** #endif	/* !__KEIL__ */
 363:Generated_Source\PSoC5/ErikaOS_1_cortex_mx_ee_cpu.inc **** #endif	/* !__CCS__ */
 364:Generated_Source\PSoC5/ErikaOS_1_cortex_mx_ee_cpu.inc **** #endif	/* __CORTEX_M4__ */
 365:Generated_Source\PSoC5/ErikaOS_1_cortex_mx_ee_cpu.inc **** }
 366:Generated_Source\PSoC5/ErikaOS_1_cortex_mx_ee_cpu.inc **** 
 367:Generated_Source\PSoC5/ErikaOS_1_cortex_mx_ee_cpu.inc **** __INLINE__ EE_TYPEISR2PRIO  EE_cortex_mx_get_isr_prio(
 368:Generated_Source\PSoC5/ErikaOS_1_cortex_mx_ee_cpu.inc ****   void
 369:Generated_Source\PSoC5/ErikaOS_1_cortex_mx_ee_cpu.inc **** )
 370:Generated_Source\PSoC5/ErikaOS_1_cortex_mx_ee_cpu.inc **** {
 371:Generated_Source\PSoC5/ErikaOS_1_cortex_mx_ee_cpu.inc **** #ifdef __CORTEX_M4__
 372:Generated_Source\PSoC5/ErikaOS_1_cortex_mx_ee_cpu.inc ****   register EE_UREG vectact = NVIC_INT_CTRL_R & NVIC_INT_CTRL_VEC_ACT_M;
  94              		.loc 2 372 0
  95 0010 1E4B     		ldr	r3, .L9
  96 0012 1B68     		ldr	r3, [r3]
  97 0014 DBB2     		uxtb	r3, r3
  98              	.LVL3:
 373:Generated_Source\PSoC5/ErikaOS_1_cortex_mx_ee_cpu.inc ****   register EE_TYPEISR2PRIO prio = 0;
 374:Generated_Source\PSoC5/ErikaOS_1_cortex_mx_ee_cpu.inc **** 
 375:Generated_Source\PSoC5/ErikaOS_1_cortex_mx_ee_cpu.inc ****   if (vectact > EE_CORTEX_MX_SYSTICK_EXC_NUM) {
  99              		.loc 2 375 0
 100 0016 0F2B     		cmp	r3, #15
 101 0018 10D9     		bls	.L4
 376:Generated_Source\PSoC5/ErikaOS_1_cortex_mx_ee_cpu.inc ****     vectact -= EE_CORTEX_MX_SYSTICK_EXC_NUM + 1;
 102              		.loc 2 376 0
ARM GAS  C:\Users\91819\AppData\Local\Temp\ccaGHk0j.s 			page 10


 103 001a 103B     		subs	r3, r3, #16
 104              	.LVL4:
 377:Generated_Source\PSoC5/ErikaOS_1_cortex_mx_ee_cpu.inc ****     prio = NVIC_GET_PRI(vectact);
 105              		.loc 2 377 0
 106 001c 23F00302 		bic	r2, r3, #3
 107 0020 02F16042 		add	r2, r2, #-536870912
 108 0024 02F56442 		add	r2, r2, #58368
 109 0028 1168     		ldr	r1, [r2]
 110 002a DB00     		lsls	r3, r3, #3
 111              	.LVL5:
 112 002c 03F01803 		and	r3, r3, #24
 113 0030 E022     		movs	r2, #224
 114 0032 9A40     		lsls	r2, r2, r3
 115 0034 0A40     		ands	r2, r2, r1
 116 0036 22FA03F3 		lsr	r3, r2, r3
 117              	.LVL6:
 118 003a 06E0     		b	.L5
 119              	.LVL7:
 120              	.L4:
 378:Generated_Source\PSoC5/ErikaOS_1_cortex_mx_ee_cpu.inc ****   }
 379:Generated_Source\PSoC5/ErikaOS_1_cortex_mx_ee_cpu.inc **** #ifdef	__USE_SYSTICK__
 380:Generated_Source\PSoC5/ErikaOS_1_cortex_mx_ee_cpu.inc ****   else if (vectact == EE_CORTEX_MX_SYSTICK_EXC_NUM) {
 121              		.loc 2 380 0
 122 003c 0F2B     		cmp	r3, #15
 123 003e 03D1     		bne	.L8
 381:Generated_Source\PSoC5/ErikaOS_1_cortex_mx_ee_cpu.inc ****     prio = NVIC_SYS_PRI3_R >> NVIC_SYS_PRI3_TICK_S;
 124              		.loc 2 381 0
 125 0040 134B     		ldr	r3, .L9+4
 126              	.LVL8:
 127 0042 1B68     		ldr	r3, [r3]
 128 0044 1B0E     		lsrs	r3, r3, #24
 129              	.LVL9:
 130 0046 00E0     		b	.L5
 131              	.LVL10:
 132              	.L8:
 373:Generated_Source\PSoC5/ErikaOS_1_cortex_mx_ee_cpu.inc **** 
 133              		.loc 2 373 0
 134 0048 0023     		movs	r3, #0
 135              	.LVL11:
 136              	.L5:
 137              	.LBE85:
 138              	.LBE84:
 139              	.LBB86:
 140              	.LBB87:
 358:Generated_Source\PSoC5/ErikaOS_1_cortex_mx_ee_cpu.inc **** #else
 141              		.loc 2 358 0
 142              		.syntax unified
 143              	@ 358 "Generated_Source\PSoC5/ErikaOS_1_cortex_mx_ee_cpu.inc" 1
 144 004a 83F31188 		MSR BASEPRI, r3
 145              	@ 0 "" 2
 146              		.thumb
 147              		.syntax unified
 148              	.LBE87:
 149              	.LBE86:
 150              	.LBB88:
 151              	.LBB89:
 152              		.file 3 "Generated_Source\\PSoC5/ErikaOS_1_common_ee_irqstub.inc"
ARM GAS  C:\Users\91819\AppData\Local\Temp\ccaGHk0j.s 			page 11


   1:Generated_Source\PSoC5/ErikaOS_1_common_ee_irqstub.inc **** /* ###*B*###
   2:Generated_Source\PSoC5/ErikaOS_1_common_ee_irqstub.inc ****  * ERIKA Enterprise - a tiny RTOS for small microcontrollers
   3:Generated_Source\PSoC5/ErikaOS_1_common_ee_irqstub.inc ****  *
   4:Generated_Source\PSoC5/ErikaOS_1_common_ee_irqstub.inc ****  * Copyright (C) 2002-2010  Evidence Srl
   5:Generated_Source\PSoC5/ErikaOS_1_common_ee_irqstub.inc ****  *
   6:Generated_Source\PSoC5/ErikaOS_1_common_ee_irqstub.inc ****  * This file is part of ERIKA Enterprise.
   7:Generated_Source\PSoC5/ErikaOS_1_common_ee_irqstub.inc ****  *
   8:Generated_Source\PSoC5/ErikaOS_1_common_ee_irqstub.inc ****  * ERIKA Enterprise is free software; you can redistribute it
   9:Generated_Source\PSoC5/ErikaOS_1_common_ee_irqstub.inc ****  * and/or modify it under the terms of the GNU General Public License
  10:Generated_Source\PSoC5/ErikaOS_1_common_ee_irqstub.inc ****  * version 2 as published by the Free Software Foundation,
  11:Generated_Source\PSoC5/ErikaOS_1_common_ee_irqstub.inc ****  * (with a special exception described below).
  12:Generated_Source\PSoC5/ErikaOS_1_common_ee_irqstub.inc ****  *
  13:Generated_Source\PSoC5/ErikaOS_1_common_ee_irqstub.inc ****  * Linking this code statically or dynamically with other modules is
  14:Generated_Source\PSoC5/ErikaOS_1_common_ee_irqstub.inc ****  * making a combined work based on this code.  Thus, the terms and
  15:Generated_Source\PSoC5/ErikaOS_1_common_ee_irqstub.inc ****  * conditions of the GNU General Public License cover the whole
  16:Generated_Source\PSoC5/ErikaOS_1_common_ee_irqstub.inc ****  * combination.
  17:Generated_Source\PSoC5/ErikaOS_1_common_ee_irqstub.inc ****  *
  18:Generated_Source\PSoC5/ErikaOS_1_common_ee_irqstub.inc ****  * As a special exception, the copyright holders of this library give you
  19:Generated_Source\PSoC5/ErikaOS_1_common_ee_irqstub.inc ****  * permission to link this code with independent modules to produce an
  20:Generated_Source\PSoC5/ErikaOS_1_common_ee_irqstub.inc ****  * executable, regardless of the license terms of these independent
  21:Generated_Source\PSoC5/ErikaOS_1_common_ee_irqstub.inc ****  * modules, and to copy and distribute the resulting executable under
  22:Generated_Source\PSoC5/ErikaOS_1_common_ee_irqstub.inc ****  * terms of your choice, provided that you also meet, for each linked
  23:Generated_Source\PSoC5/ErikaOS_1_common_ee_irqstub.inc ****  * independent module, the terms and conditions of the license of that
  24:Generated_Source\PSoC5/ErikaOS_1_common_ee_irqstub.inc ****  * module.  An independent module is a module which is not derived from
  25:Generated_Source\PSoC5/ErikaOS_1_common_ee_irqstub.inc ****  * or based on this library.  If you modify this code, you may extend
  26:Generated_Source\PSoC5/ErikaOS_1_common_ee_irqstub.inc ****  * this exception to your version of the code, but you are not
  27:Generated_Source\PSoC5/ErikaOS_1_common_ee_irqstub.inc ****  * obligated to do so.  If you do not wish to do so, delete this
  28:Generated_Source\PSoC5/ErikaOS_1_common_ee_irqstub.inc ****  * exception statement from your version.
  29:Generated_Source\PSoC5/ErikaOS_1_common_ee_irqstub.inc ****  *
  30:Generated_Source\PSoC5/ErikaOS_1_common_ee_irqstub.inc ****  * ERIKA Enterprise is distributed in the hope that it will be
  31:Generated_Source\PSoC5/ErikaOS_1_common_ee_irqstub.inc ****  * useful, but WITHOUT ANY WARRANTY; without even the implied warranty
  32:Generated_Source\PSoC5/ErikaOS_1_common_ee_irqstub.inc ****  * of MERCHANTABILITY or FITNESS FOR A PARTICULAR PURPOSE.  See the
  33:Generated_Source\PSoC5/ErikaOS_1_common_ee_irqstub.inc ****  * GNU General Public License version 2 for more details.
  34:Generated_Source\PSoC5/ErikaOS_1_common_ee_irqstub.inc ****  *
  35:Generated_Source\PSoC5/ErikaOS_1_common_ee_irqstub.inc ****  * You should have received a copy of the GNU General Public License
  36:Generated_Source\PSoC5/ErikaOS_1_common_ee_irqstub.inc ****  * version 2 along with ERIKA Enterprise; if not, write to the
  37:Generated_Source\PSoC5/ErikaOS_1_common_ee_irqstub.inc ****  * Free Software Foundation, Inc., 51 Franklin Street, Fifth Floor,
  38:Generated_Source\PSoC5/ErikaOS_1_common_ee_irqstub.inc ****  * Boston, MA 02110-1301 USA.
  39:Generated_Source\PSoC5/ErikaOS_1_common_ee_irqstub.inc ****  * ###*E*### */
  40:Generated_Source\PSoC5/ErikaOS_1_common_ee_irqstub.inc **** 
  41:Generated_Source\PSoC5/ErikaOS_1_common_ee_irqstub.inc **** /*
  42:Generated_Source\PSoC5/ErikaOS_1_common_ee_irqstub.inc ****  * Some IRQ-related stuff.
  43:Generated_Source\PSoC5/ErikaOS_1_common_ee_irqstub.inc ****  * Author: 2009-2010,  Bernardo  Dal Seno
  44:Generated_Source\PSoC5/ErikaOS_1_common_ee_irqstub.inc ****  */
  45:Generated_Source\PSoC5/ErikaOS_1_common_ee_irqstub.inc **** 
  46:Generated_Source\PSoC5/ErikaOS_1_common_ee_irqstub.inc **** /*
  47:Generated_Source\PSoC5/ErikaOS_1_common_ee_irqstub.inc ****  * PSoC Port and API Generation
  48:Generated_Source\PSoC5/ErikaOS_1_common_ee_irqstub.inc ****  * Carlos Fernando Meier Martinez
  49:Generated_Source\PSoC5/ErikaOS_1_common_ee_irqstub.inc ****  * Hochschule Darmstadt, Germany. 2017.
  50:Generated_Source\PSoC5/ErikaOS_1_common_ee_irqstub.inc ****  */
  51:Generated_Source\PSoC5/ErikaOS_1_common_ee_irqstub.inc **** 
  52:Generated_Source\PSoC5/ErikaOS_1_common_ee_irqstub.inc **** /*******************************************************************************
  53:Generated_Source\PSoC5/ErikaOS_1_common_ee_irqstub.inc ****  *                        !!!WARNING!!!
  54:Generated_Source\PSoC5/ErikaOS_1_common_ee_irqstub.inc ****  * This header depends on "cpu/common/inc/ee_context.inc" or your own
  55:Generated_Source\PSoC5/ErikaOS_1_common_ee_irqstub.inc ****  * implementation of the same. You should include it file before including this
  56:Generated_Source\PSoC5/ErikaOS_1_common_ee_irqstub.inc ****  * file
  57:Generated_Source\PSoC5/ErikaOS_1_common_ee_irqstub.inc ****  ******************************************************************************/
ARM GAS  C:\Users\91819\AppData\Local\Temp\ccaGHk0j.s 			page 12


  58:Generated_Source\PSoC5/ErikaOS_1_common_ee_irqstub.inc **** 
  59:Generated_Source\PSoC5/ErikaOS_1_common_ee_irqstub.inc **** #ifndef PKG_CPU_COMMON_INC_EE_IRQSTUB_H
  60:Generated_Source\PSoC5/ErikaOS_1_common_ee_irqstub.inc **** #define PKG_CPU_COMMON_INC_EE_IRQSTUB_H
  61:Generated_Source\PSoC5/ErikaOS_1_common_ee_irqstub.inc **** 
  62:Generated_Source\PSoC5/ErikaOS_1_common_ee_irqstub.inc **** /* this bring EE_IRQ_nesting_level definition */
  63:Generated_Source\PSoC5/ErikaOS_1_common_ee_irqstub.inc **** #include "ErikaOS_1_common_ee_primitives.inc"
  64:Generated_Source\PSoC5/ErikaOS_1_common_ee_irqstub.inc **** 
  65:Generated_Source\PSoC5/ErikaOS_1_common_ee_irqstub.inc **** /* True if we are inside an interrupt-serving routine */
  66:Generated_Source\PSoC5/ErikaOS_1_common_ee_irqstub.inc **** __INLINE__ EE_TYPEBOOL  EE_is_inside_ISR_call( void )
  67:Generated_Source\PSoC5/ErikaOS_1_common_ee_irqstub.inc **** {
  68:Generated_Source\PSoC5/ErikaOS_1_common_ee_irqstub.inc ****   return (EE_IRQ_nesting_level > 0U);
  69:Generated_Source\PSoC5/ErikaOS_1_common_ee_irqstub.inc **** }
  70:Generated_Source\PSoC5/ErikaOS_1_common_ee_irqstub.inc **** 
  71:Generated_Source\PSoC5/ErikaOS_1_common_ee_irqstub.inc **** 
  72:Generated_Source\PSoC5/ErikaOS_1_common_ee_irqstub.inc **** /* EE_decrement_IRQ_nesting_level() and EE_increment_IRQ_nesting_level() are
  73:Generated_Source\PSoC5/ErikaOS_1_common_ee_irqstub.inc ****  * used to keep track of the current IRQ nesting level.
  74:Generated_Source\PSoC5/ErikaOS_1_common_ee_irqstub.inc ****  * EE_std_enableIRQ_nested() and EE_std_disableIRQ_nested() are used to control
  75:Generated_Source\PSoC5/ErikaOS_1_common_ee_irqstub.inc ****  * when IRQ nesting is enabled.
  76:Generated_Source\PSoC5/ErikaOS_1_common_ee_irqstub.inc ****  */
  77:Generated_Source\PSoC5/ErikaOS_1_common_ee_irqstub.inc **** #if defined(__AS_SC4__)
  78:Generated_Source\PSoC5/ErikaOS_1_common_ee_irqstub.inc **** /* For SC4 the nesting level is updated inside the prestub and postub */
  79:Generated_Source\PSoC5/ErikaOS_1_common_ee_irqstub.inc **** __INLINE__ void  EE_decrement_IRQ_nesting_level(void) {}
  80:Generated_Source\PSoC5/ErikaOS_1_common_ee_irqstub.inc **** __INLINE__ void  EE_increment_IRQ_nesting_level(void) {}
  81:Generated_Source\PSoC5/ErikaOS_1_common_ee_irqstub.inc **** __INLINE__ void  EE_std_enableIRQ_nested(void) {}
  82:Generated_Source\PSoC5/ErikaOS_1_common_ee_irqstub.inc **** __INLINE__ void  EE_std_disableIRQ_nested(void) {}
  83:Generated_Source\PSoC5/ErikaOS_1_common_ee_irqstub.inc **** #elif defined(__ALLOW_NESTED_IRQ__)
  84:Generated_Source\PSoC5/ErikaOS_1_common_ee_irqstub.inc **** __INLINE__ void  EE_decrement_IRQ_nesting_level(void) { --EE_IRQ_nesting_level; }
  85:Generated_Source\PSoC5/ErikaOS_1_common_ee_irqstub.inc **** __INLINE__ void  EE_increment_IRQ_nesting_level(void) { ++EE_IRQ_nesting_level; }
 153              		.loc 3 85 0
 154 004e 114A     		ldr	r2, .L9+8
 155 0050 1368     		ldr	r3, [r2]
 156 0052 0133     		adds	r3, r3, #1
 157 0054 1360     		str	r3, [r2]
 158              	.LBE89:
 159              	.LBE88:
  32:source\asw/main.c **** {
 160              		.loc 1 32 0
 161 0056 012B     		cmp	r3, #1
 162 0058 01D1     		bne	.L6
  32:source\asw/main.c **** {
 163              		.loc 1 32 0 is_stmt 0 discriminator 1
 164 005a FFF7FEFF 		bl	EE_cortex_mx_change_IRQ_stack
 165              	.LVL12:
 166              	.L6:
 167              	.LBB90:
 168              	.LBB91:
 191:Generated_Source\PSoC5/ErikaOS_1_cortex_mx_ee_cpu.inc **** #endif	/* !__KEIL__ */
 169              		.loc 2 191 0 is_stmt 1 discriminator 3
 170              		.syntax unified
 171              	@ 191 "Generated_Source\PSoC5/ErikaOS_1_cortex_mx_ee_cpu.inc" 1
 172 005e 62B6     		cpsie i
 173              	@ 0 "" 2
 174              		.thumb
 175              		.syntax unified
 176              	.LBE91:
 177              	.LBE90:
  32:source\asw/main.c **** {
ARM GAS  C:\Users\91819\AppData\Local\Temp\ccaGHk0j.s 			page 13


 178              		.loc 1 32 0 discriminator 3
 179 0060 FFF7FEFF 		bl	ISR2_systick_handler
 180              	.LVL13:
 181              	.LBB92:
 182              	.LBB93:
 211:Generated_Source\PSoC5/ErikaOS_1_cortex_mx_ee_cpu.inc **** #endif	/* !__KEIL__ */
 183              		.loc 2 211 0 discriminator 3
 184              		.syntax unified
 185              	@ 211 "Generated_Source\PSoC5/ErikaOS_1_cortex_mx_ee_cpu.inc" 1
 186 0064 72B6     		cpsid i
 187              	@ 0 "" 2
 188              	.LVL14:
 189              		.thumb
 190              		.syntax unified
 191              	.LBE93:
 192              	.LBE92:
 193              	.LBB94:
 194              	.LBB95:
 358:Generated_Source\PSoC5/ErikaOS_1_cortex_mx_ee_cpu.inc **** #else
 195              		.loc 2 358 0 discriminator 3
 196              		.syntax unified
 197              	@ 358 "Generated_Source\PSoC5/ErikaOS_1_cortex_mx_ee_cpu.inc" 1
 198 0066 84F31188 		MSR BASEPRI, r4
 199              	@ 0 "" 2
 200              	.LVL15:
 201              		.thumb
 202              		.syntax unified
 203              	.LBE95:
 204              	.LBE94:
 205              	.LBB96:
 206              	.LBB97:
  86:Generated_Source\PSoC5/ErikaOS_1_common_ee_irqstub.inc **** /*  EE_std_enableIRQ_nested() and EE_std_disableIRQ_nested() must be defined in
  87:Generated_Source\PSoC5/ErikaOS_1_common_ee_irqstub.inc ****  *  the platform-dependent part, as they dependend on the particular way
  88:Generated_Source\PSoC5/ErikaOS_1_common_ee_irqstub.inc ****  *  interrupts are handled by the CPU. */
  89:Generated_Source\PSoC5/ErikaOS_1_common_ee_irqstub.inc **** #else
  90:Generated_Source\PSoC5/ErikaOS_1_common_ee_irqstub.inc **** __INLINE__ void  EE_decrement_IRQ_nesting_level(void) { EE_IRQ_nesting_level = 0U; }
  91:Generated_Source\PSoC5/ErikaOS_1_common_ee_irqstub.inc **** __INLINE__ void  EE_increment_IRQ_nesting_level(void) { EE_IRQ_nesting_level = 1U; }
  92:Generated_Source\PSoC5/ErikaOS_1_common_ee_irqstub.inc **** __INLINE__ void  EE_std_enableIRQ_nested(void) {}
  93:Generated_Source\PSoC5/ErikaOS_1_common_ee_irqstub.inc **** __INLINE__ void  EE_std_disableIRQ_nested(void) {}
  94:Generated_Source\PSoC5/ErikaOS_1_common_ee_irqstub.inc **** #endif
  95:Generated_Source\PSoC5/ErikaOS_1_common_ee_irqstub.inc **** 
  96:Generated_Source\PSoC5/ErikaOS_1_common_ee_irqstub.inc **** #if (defined(__OO_BCC1__)) || (defined(__OO_BCC2__)) || (defined(__OO_ECC1__)) \
  97:Generated_Source\PSoC5/ErikaOS_1_common_ee_irqstub.inc ****   || (defined(__OO_ECC2__)) || (defined(__AS_SC4__))
  98:Generated_Source\PSoC5/ErikaOS_1_common_ee_irqstub.inc **** /* Function to be called at the end of a function service interrupt, to execute
  99:Generated_Source\PSoC5/ErikaOS_1_common_ee_irqstub.inc ****    clean-up specifiend in Autosar standard */
 100:Generated_Source\PSoC5/ErikaOS_1_common_ee_irqstub.inc **** __INLINE__ void  EE_std_end_IRQ_post_stub(void)
 101:Generated_Source\PSoC5/ErikaOS_1_common_ee_irqstub.inc **** {
 102:Generated_Source\PSoC5/ErikaOS_1_common_ee_irqstub.inc ****   EE_IRQ_end_post_stub();
 207              		.loc 3 102 0 discriminator 3
 208 006a FFF7FEFF 		bl	EE_IRQ_end_post_stub
 209              	.LVL16:
 210              	.LBE97:
 211              	.LBE96:
 212              	.LBB98:
 213              	.LBB99:
  84:Generated_Source\PSoC5/ErikaOS_1_common_ee_irqstub.inc **** __INLINE__ void  EE_increment_IRQ_nesting_level(void) { ++EE_IRQ_nesting_level; }
 214              		.loc 3 84 0 discriminator 3
ARM GAS  C:\Users\91819\AppData\Local\Temp\ccaGHk0j.s 			page 14


 215 006e 094A     		ldr	r2, .L9+8
 216 0070 1368     		ldr	r3, [r2]
 217 0072 013B     		subs	r3, r3, #1
 218 0074 1360     		str	r3, [r2]
 219              	.LBE99:
 220              	.LBE98:
  32:source\asw/main.c **** {
 221              		.loc 1 32 0 discriminator 3
 222 0076 1BB9     		cbnz	r3, .L7
  32:source\asw/main.c **** {
 223              		.loc 1 32 0 is_stmt 0 discriminator 4
 224 0078 FFF7FEFF 		bl	EE_cortex_mx_change_IRQ_stack_back
 225              	.LVL17:
 226              	.LBB100:
 227              	.LBB101:
 228              		.file 4 "Generated_Source\\PSoC5/ErikaOS_1_cortex_mx_ee_irq_cng_cont.inc"
   1:Generated_Source\PSoC5/ErikaOS_1_cortex_mx_ee_irq_cng_cont.inc **** /* ###*B*###
   2:Generated_Source\PSoC5/ErikaOS_1_cortex_mx_ee_irq_cng_cont.inc ****  * ERIKA Enterprise - a tiny RTOS for small microcontrollers
   3:Generated_Source\PSoC5/ErikaOS_1_cortex_mx_ee_irq_cng_cont.inc ****  *
   4:Generated_Source\PSoC5/ErikaOS_1_cortex_mx_ee_irq_cng_cont.inc ****  * Copyright (C) 2002-2011  Evidence Srl
   5:Generated_Source\PSoC5/ErikaOS_1_cortex_mx_ee_irq_cng_cont.inc ****  *
   6:Generated_Source\PSoC5/ErikaOS_1_cortex_mx_ee_irq_cng_cont.inc ****  * This file is part of ERIKA Enterprise.
   7:Generated_Source\PSoC5/ErikaOS_1_cortex_mx_ee_irq_cng_cont.inc ****  *
   8:Generated_Source\PSoC5/ErikaOS_1_cortex_mx_ee_irq_cng_cont.inc ****  * ERIKA Enterprise is free software; you can redistribute it
   9:Generated_Source\PSoC5/ErikaOS_1_cortex_mx_ee_irq_cng_cont.inc ****  * and/or modify it under the terms of the GNU General Public License
  10:Generated_Source\PSoC5/ErikaOS_1_cortex_mx_ee_irq_cng_cont.inc ****  * version 2 as published by the Free Software Foundation, 
  11:Generated_Source\PSoC5/ErikaOS_1_cortex_mx_ee_irq_cng_cont.inc ****  * (with a special exception described below).
  12:Generated_Source\PSoC5/ErikaOS_1_cortex_mx_ee_irq_cng_cont.inc ****  *
  13:Generated_Source\PSoC5/ErikaOS_1_cortex_mx_ee_irq_cng_cont.inc ****  * Linking this code statically or dynamically with other modules is
  14:Generated_Source\PSoC5/ErikaOS_1_cortex_mx_ee_irq_cng_cont.inc ****  * making a combined work based on this code.  Thus, the terms and
  15:Generated_Source\PSoC5/ErikaOS_1_cortex_mx_ee_irq_cng_cont.inc ****  * conditions of the GNU General Public License cover the whole
  16:Generated_Source\PSoC5/ErikaOS_1_cortex_mx_ee_irq_cng_cont.inc ****  * combination.
  17:Generated_Source\PSoC5/ErikaOS_1_cortex_mx_ee_irq_cng_cont.inc ****  *
  18:Generated_Source\PSoC5/ErikaOS_1_cortex_mx_ee_irq_cng_cont.inc ****  * As a special exception, the copyright holders of this library give you
  19:Generated_Source\PSoC5/ErikaOS_1_cortex_mx_ee_irq_cng_cont.inc ****  * permission to link this code with independent modules to produce an
  20:Generated_Source\PSoC5/ErikaOS_1_cortex_mx_ee_irq_cng_cont.inc ****  * executable, regardless of the license terms of these independent
  21:Generated_Source\PSoC5/ErikaOS_1_cortex_mx_ee_irq_cng_cont.inc ****  * modules, and to copy and distribute the resulting executable under
  22:Generated_Source\PSoC5/ErikaOS_1_cortex_mx_ee_irq_cng_cont.inc ****  * terms of your choice, provided that you also meet, for each linked
  23:Generated_Source\PSoC5/ErikaOS_1_cortex_mx_ee_irq_cng_cont.inc ****  * independent module, the terms and conditions of the license of that
  24:Generated_Source\PSoC5/ErikaOS_1_cortex_mx_ee_irq_cng_cont.inc ****  * module.  An independent module is a module which is not derived from
  25:Generated_Source\PSoC5/ErikaOS_1_cortex_mx_ee_irq_cng_cont.inc ****  * or based on this library.  If you modify this code, you may extend
  26:Generated_Source\PSoC5/ErikaOS_1_cortex_mx_ee_irq_cng_cont.inc ****  * this exception to your version of the code, but you are not
  27:Generated_Source\PSoC5/ErikaOS_1_cortex_mx_ee_irq_cng_cont.inc ****  * obligated to do so.  If you do not wish to do so, delete this
  28:Generated_Source\PSoC5/ErikaOS_1_cortex_mx_ee_irq_cng_cont.inc ****  * exception statement from your version.
  29:Generated_Source\PSoC5/ErikaOS_1_cortex_mx_ee_irq_cng_cont.inc ****  *
  30:Generated_Source\PSoC5/ErikaOS_1_cortex_mx_ee_irq_cng_cont.inc ****  * ERIKA Enterprise is distributed in the hope that it will be
  31:Generated_Source\PSoC5/ErikaOS_1_cortex_mx_ee_irq_cng_cont.inc ****  * useful, but WITHOUT ANY WARRANTY; without even the implied warranty
  32:Generated_Source\PSoC5/ErikaOS_1_cortex_mx_ee_irq_cng_cont.inc ****  * of MERCHANTABILITY or FITNESS FOR A PARTICULAR PURPOSE.  See the
  33:Generated_Source\PSoC5/ErikaOS_1_cortex_mx_ee_irq_cng_cont.inc ****  * GNU General Public License version 2 for more details.
  34:Generated_Source\PSoC5/ErikaOS_1_cortex_mx_ee_irq_cng_cont.inc ****  *
  35:Generated_Source\PSoC5/ErikaOS_1_cortex_mx_ee_irq_cng_cont.inc ****  * You should have received a copy of the GNU General Public License
  36:Generated_Source\PSoC5/ErikaOS_1_cortex_mx_ee_irq_cng_cont.inc ****  * version 2 along with ERIKA Enterprise; if not, write to the
  37:Generated_Source\PSoC5/ErikaOS_1_cortex_mx_ee_irq_cng_cont.inc ****  * Free Software Foundation, Inc., 51 Franklin Street, Fifth Floor,
  38:Generated_Source\PSoC5/ErikaOS_1_cortex_mx_ee_irq_cng_cont.inc ****  * Boston, MA 02110-1301 USA.
  39:Generated_Source\PSoC5/ErikaOS_1_cortex_mx_ee_irq_cng_cont.inc ****  * ###*E*### */
  40:Generated_Source\PSoC5/ErikaOS_1_cortex_mx_ee_irq_cng_cont.inc **** 
  41:Generated_Source\PSoC5/ErikaOS_1_cortex_mx_ee_irq_cng_cont.inc ****  /** 
ARM GAS  C:\Users\91819\AppData\Local\Temp\ccaGHk0j.s 			page 15


  42:Generated_Source\PSoC5/ErikaOS_1_cortex_mx_ee_irq_cng_cont.inc **** 	
  43:Generated_Source\PSoC5/ErikaOS_1_cortex_mx_ee_irq_cng_cont.inc **** 	@file	ee_irq_cng_cont.h
  44:Generated_Source\PSoC5/ErikaOS_1_cortex_mx_ee_irq_cng_cont.inc **** 	@brief	Function active the context change interrupt
  45:Generated_Source\PSoC5/ErikaOS_1_cortex_mx_ee_irq_cng_cont.inc **** 	@author	Gianluca Franchino
  46:Generated_Source\PSoC5/ErikaOS_1_cortex_mx_ee_irq_cng_cont.inc **** 	@author	Giuseppe Serano
  47:Generated_Source\PSoC5/ErikaOS_1_cortex_mx_ee_irq_cng_cont.inc **** 	@date	2012
  48:Generated_Source\PSoC5/ErikaOS_1_cortex_mx_ee_irq_cng_cont.inc **** */ 
  49:Generated_Source\PSoC5/ErikaOS_1_cortex_mx_ee_irq_cng_cont.inc ****     
  50:Generated_Source\PSoC5/ErikaOS_1_cortex_mx_ee_irq_cng_cont.inc **** /*
  51:Generated_Source\PSoC5/ErikaOS_1_cortex_mx_ee_irq_cng_cont.inc ****  * PSoC Port and API Generation
  52:Generated_Source\PSoC5/ErikaOS_1_cortex_mx_ee_irq_cng_cont.inc ****  * Carlos Fernando Meier Martinez
  53:Generated_Source\PSoC5/ErikaOS_1_cortex_mx_ee_irq_cng_cont.inc ****  * Hochschule Darmstadt, Germany. 2017.
  54:Generated_Source\PSoC5/ErikaOS_1_cortex_mx_ee_irq_cng_cont.inc ****  */
  55:Generated_Source\PSoC5/ErikaOS_1_cortex_mx_ee_irq_cng_cont.inc **** 
  56:Generated_Source\PSoC5/ErikaOS_1_cortex_mx_ee_irq_cng_cont.inc **** #ifndef __INCLUDE_CORTEX_MX_IRQ_CNG_CONTEXT_H__
  57:Generated_Source\PSoC5/ErikaOS_1_cortex_mx_ee_irq_cng_cont.inc **** #define __INCLUDE_CORTEX_MX_IRQ_CNG_CONTEXT_H__
  58:Generated_Source\PSoC5/ErikaOS_1_cortex_mx_ee_irq_cng_cont.inc **** 
  59:Generated_Source\PSoC5/ErikaOS_1_cortex_mx_ee_irq_cng_cont.inc **** #ifdef __GNU__
  60:Generated_Source\PSoC5/ErikaOS_1_cortex_mx_ee_irq_cng_cont.inc **** #include "ErikaOS_1_common_ee_compiler_gcc.inc"
  61:Generated_Source\PSoC5/ErikaOS_1_cortex_mx_ee_irq_cng_cont.inc **** #endif
  62:Generated_Source\PSoC5/ErikaOS_1_cortex_mx_ee_irq_cng_cont.inc **** 
  63:Generated_Source\PSoC5/ErikaOS_1_cortex_mx_ee_irq_cng_cont.inc **** /* Implemented in ee_<compiler>_change_context_isr.s */
  64:Generated_Source\PSoC5/ErikaOS_1_cortex_mx_ee_irq_cng_cont.inc **** extern void EE_switch_context(void);
  65:Generated_Source\PSoC5/ErikaOS_1_cortex_mx_ee_irq_cng_cont.inc **** 
  66:Generated_Source\PSoC5/ErikaOS_1_cortex_mx_ee_irq_cng_cont.inc **** __INLINE__ void  EE_cortex_mx_IRQ_active_change_context(void)
  67:Generated_Source\PSoC5/ErikaOS_1_cortex_mx_ee_irq_cng_cont.inc **** {
  68:Generated_Source\PSoC5/ErikaOS_1_cortex_mx_ee_irq_cng_cont.inc **** 	EE_switch_context();
 229              		.loc 4 68 0 is_stmt 1 discriminator 4
 230 007c FFF7FEFF 		bl	EE_switch_context
 231              	.LVL18:
 232              	.L7:
 233              	.LBE101:
 234              	.LBE100:
 235              	.LBB102:
 236              	.LBB103:
 191:Generated_Source\PSoC5/ErikaOS_1_cortex_mx_ee_cpu.inc **** #endif	/* !__KEIL__ */
 237              		.loc 2 191 0 discriminator 6
 238              		.syntax unified
 239              	@ 191 "Generated_Source\PSoC5/ErikaOS_1_cortex_mx_ee_cpu.inc" 1
 240 0080 62B6     		cpsie i
 241              	@ 0 "" 2
 242              		.thumb
 243              		.syntax unified
 244              	.LBE103:
 245              	.LBE102:
  32:source\asw/main.c **** {
 246              		.loc 1 32 0 discriminator 6
 247 0082 BDE81940 		pop	{r0, r3, r4, lr}
 248              		.cfi_restore 14
 249              		.cfi_restore 4
 250              		.cfi_restore 3
 251              		.cfi_restore 0
 252              		.cfi_def_cfa_offset 0
 253 0086 8546     		mov	sp, r0
 254 0088 7047     		bx	lr
 255              	.L10:
 256 008a 00BF     		.align	2
ARM GAS  C:\Users\91819\AppData\Local\Temp\ccaGHk0j.s 			page 16


 257              	.L9:
 258 008c 04ED00E0 		.word	-536810236
 259 0090 20ED00E0 		.word	-536810208
 260 0094 00000000 		.word	EE_IRQ_nesting_level
 261              		.cfi_endproc
 262              	.LFE110:
 263              		.size	systick_handler, .-systick_handler
 264              		.section	.text.main,"ax",%progbits
 265              		.align	2
 266              		.global	main
 267              		.thumb
 268              		.thumb_func
 269              		.type	main, %function
 270              	main:
 271              	.LFB112:
  35:source\asw/main.c **** }
  36:source\asw/main.c **** void forceShutdownOS();
  37:source\asw/main.c **** void checkFault();
  38:source\asw/main.c **** 
  39:source\asw/main.c **** int main()
  40:source\asw/main.c **** {
 272              		.loc 1 40 0
 273              		.cfi_startproc
 274              		@ Volatile: function does not return.
 275              		@ args = 0, pretend = 0, frame = 0
 276              		@ frame_needed = 0, uses_anonymous_args = 0
 277 0000 08B5     		push	{r3, lr}
 278              		.cfi_def_cfa_offset 8
 279              		.cfi_offset 3, -8
 280              		.cfi_offset 14, -4
  41:source\asw/main.c ****     CyGlobalIntEnable; /* Enable global interrupts. */
 281              		.loc 1 41 0
 282              		.syntax unified
 283              	@ 41 "source\asw\main.c" 1
 284 0002 62B6     		CPSIE   i
 285              	@ 0 "" 2
 286              	.LVL19:
 287              		.thumb
 288              		.syntax unified
 289              	.LBB104:
 290              	.LBB105:
 291              		.file 5 "Generated_Source\\PSoC5/ErikaOS_1_cortex_mx_ee_systick.inc"
   1:Generated_Source\PSoC5/ErikaOS_1_cortex_mx_ee_systick.inc **** /* ###*B*###
   2:Generated_Source\PSoC5/ErikaOS_1_cortex_mx_ee_systick.inc ****  * ERIKA Enterprise - a tiny RTOS for small microcontrollers
   3:Generated_Source\PSoC5/ErikaOS_1_cortex_mx_ee_systick.inc ****  *
   4:Generated_Source\PSoC5/ErikaOS_1_cortex_mx_ee_systick.inc ****  * Copyright (C) 2002-2012  Evidence Srl
   5:Generated_Source\PSoC5/ErikaOS_1_cortex_mx_ee_systick.inc ****  *
   6:Generated_Source\PSoC5/ErikaOS_1_cortex_mx_ee_systick.inc ****  * This file is part of ERIKA Enterprise.
   7:Generated_Source\PSoC5/ErikaOS_1_cortex_mx_ee_systick.inc ****  *
   8:Generated_Source\PSoC5/ErikaOS_1_cortex_mx_ee_systick.inc ****  * ERIKA Enterprise is free software; you can redistribute it
   9:Generated_Source\PSoC5/ErikaOS_1_cortex_mx_ee_systick.inc ****  * and/or modify it under the terms of the GNU General Public License
  10:Generated_Source\PSoC5/ErikaOS_1_cortex_mx_ee_systick.inc ****  * version 2 as published by the Free Software Foundation,
  11:Generated_Source\PSoC5/ErikaOS_1_cortex_mx_ee_systick.inc ****  * (with a special exception described below).
  12:Generated_Source\PSoC5/ErikaOS_1_cortex_mx_ee_systick.inc ****  *
  13:Generated_Source\PSoC5/ErikaOS_1_cortex_mx_ee_systick.inc ****  * Linking this code statically or dynamically with other modules is
  14:Generated_Source\PSoC5/ErikaOS_1_cortex_mx_ee_systick.inc ****  * making a combined work based on this code.  Thus, the terms and
  15:Generated_Source\PSoC5/ErikaOS_1_cortex_mx_ee_systick.inc ****  * conditions of the GNU General Public License cover the whole
ARM GAS  C:\Users\91819\AppData\Local\Temp\ccaGHk0j.s 			page 17


  16:Generated_Source\PSoC5/ErikaOS_1_cortex_mx_ee_systick.inc ****  * combination.
  17:Generated_Source\PSoC5/ErikaOS_1_cortex_mx_ee_systick.inc ****  *
  18:Generated_Source\PSoC5/ErikaOS_1_cortex_mx_ee_systick.inc ****  * As a special exception, the copyright holders of this library give you
  19:Generated_Source\PSoC5/ErikaOS_1_cortex_mx_ee_systick.inc ****  * permission to link this code with independent modules to produce an
  20:Generated_Source\PSoC5/ErikaOS_1_cortex_mx_ee_systick.inc ****  * executable, regardless of the license terms of these independent
  21:Generated_Source\PSoC5/ErikaOS_1_cortex_mx_ee_systick.inc ****  * modules, and to copy and distribute the resulting executable under
  22:Generated_Source\PSoC5/ErikaOS_1_cortex_mx_ee_systick.inc ****  * terms of your choice, provided that you also meet, for each linked
  23:Generated_Source\PSoC5/ErikaOS_1_cortex_mx_ee_systick.inc ****  * independent module, the terms and conditions of the license of that
  24:Generated_Source\PSoC5/ErikaOS_1_cortex_mx_ee_systick.inc ****  * module.  An independent module is a module which is not derived from
  25:Generated_Source\PSoC5/ErikaOS_1_cortex_mx_ee_systick.inc ****  * or based on this library.  If you modify this code, you may extend
  26:Generated_Source\PSoC5/ErikaOS_1_cortex_mx_ee_systick.inc ****  * this exception to your version of the code, but you are not
  27:Generated_Source\PSoC5/ErikaOS_1_cortex_mx_ee_systick.inc ****  * obligated to do so.  If you do not wish to do so, delete this
  28:Generated_Source\PSoC5/ErikaOS_1_cortex_mx_ee_systick.inc ****  * exception statement from your version.
  29:Generated_Source\PSoC5/ErikaOS_1_cortex_mx_ee_systick.inc ****  *
  30:Generated_Source\PSoC5/ErikaOS_1_cortex_mx_ee_systick.inc ****  * ERIKA Enterprise is distributed in the hope that it will be
  31:Generated_Source\PSoC5/ErikaOS_1_cortex_mx_ee_systick.inc ****  * useful, but WITHOUT ANY WARRANTY; without even the implied warranty
  32:Generated_Source\PSoC5/ErikaOS_1_cortex_mx_ee_systick.inc ****  * of MERCHANTABILITY or FITNESS FOR A PARTICULAR PURPOSE.  See the
  33:Generated_Source\PSoC5/ErikaOS_1_cortex_mx_ee_systick.inc ****  * GNU General Public License version 2 for more details.
  34:Generated_Source\PSoC5/ErikaOS_1_cortex_mx_ee_systick.inc ****  *
  35:Generated_Source\PSoC5/ErikaOS_1_cortex_mx_ee_systick.inc ****  * You should have received a copy of the GNU General Public License
  36:Generated_Source\PSoC5/ErikaOS_1_cortex_mx_ee_systick.inc ****  * version 2 along with ERIKA Enterprise; if not, write to the
  37:Generated_Source\PSoC5/ErikaOS_1_cortex_mx_ee_systick.inc ****  * Free Software Foundation, Inc., 51 Franklin Street, Fifth Floor,
  38:Generated_Source\PSoC5/ErikaOS_1_cortex_mx_ee_systick.inc ****  * Boston, MA 02110-1301 USA.
  39:Generated_Source\PSoC5/ErikaOS_1_cortex_mx_ee_systick.inc ****  * ###*E*### */
  40:Generated_Source\PSoC5/ErikaOS_1_cortex_mx_ee_systick.inc **** 
  41:Generated_Source\PSoC5/ErikaOS_1_cortex_mx_ee_systick.inc **** /**
  42:Generated_Source\PSoC5/ErikaOS_1_cortex_mx_ee_systick.inc ****     @file	ee_systick.h
  43:Generated_Source\PSoC5/ErikaOS_1_cortex_mx_ee_systick.inc ****     @brief	SysTick system timer driver header file.
  44:Generated_Source\PSoC5/ErikaOS_1_cortex_mx_ee_systick.inc ****     @author	Giuseppe Serano
  45:Generated_Source\PSoC5/ErikaOS_1_cortex_mx_ee_systick.inc ****     @date	2012
  46:Generated_Source\PSoC5/ErikaOS_1_cortex_mx_ee_systick.inc **** 
  47:Generated_Source\PSoC5/ErikaOS_1_cortex_mx_ee_systick.inc **** **/
  48:Generated_Source\PSoC5/ErikaOS_1_cortex_mx_ee_systick.inc **** 
  49:Generated_Source\PSoC5/ErikaOS_1_cortex_mx_ee_systick.inc **** /*
  50:Generated_Source\PSoC5/ErikaOS_1_cortex_mx_ee_systick.inc ****  * PSoC Port and API Generation
  51:Generated_Source\PSoC5/ErikaOS_1_cortex_mx_ee_systick.inc ****  * Carlos Fernando Meier Martinez
  52:Generated_Source\PSoC5/ErikaOS_1_cortex_mx_ee_systick.inc ****  * Hochschule Darmstadt, Germany. 2017.
  53:Generated_Source\PSoC5/ErikaOS_1_cortex_mx_ee_systick.inc ****  */
  54:Generated_Source\PSoC5/ErikaOS_1_cortex_mx_ee_systick.inc **** 
  55:Generated_Source\PSoC5/ErikaOS_1_cortex_mx_ee_systick.inc **** #ifndef	__INCLUDE_CORTEX_MX_SYSTICK_H__
  56:Generated_Source\PSoC5/ErikaOS_1_cortex_mx_ee_systick.inc **** #define	__INCLUDE_CORTEX_MX_SYSTICK_H__
  57:Generated_Source\PSoC5/ErikaOS_1_cortex_mx_ee_systick.inc **** 
  58:Generated_Source\PSoC5/ErikaOS_1_cortex_mx_ee_systick.inc **** #ifdef	__USE_SYSTICK__
  59:Generated_Source\PSoC5/ErikaOS_1_cortex_mx_ee_systick.inc **** 
  60:Generated_Source\PSoC5/ErikaOS_1_cortex_mx_ee_systick.inc **** /** error value. No errors happened **/
  61:Generated_Source\PSoC5/ErikaOS_1_cortex_mx_ee_systick.inc **** #define	EE_SYSTICK_NO_ERRORS	0
  62:Generated_Source\PSoC5/ErikaOS_1_cortex_mx_ee_systick.inc **** /** error value. Wrong funtion arguments values **/
  63:Generated_Source\PSoC5/ErikaOS_1_cortex_mx_ee_systick.inc **** #define	EE_SYSTICK_ERR_BAD_ARGS	1
  64:Generated_Source\PSoC5/ErikaOS_1_cortex_mx_ee_systick.inc **** 
  65:Generated_Source\PSoC5/ErikaOS_1_cortex_mx_ee_systick.inc **** /**
  66:Generated_Source\PSoC5/ErikaOS_1_cortex_mx_ee_systick.inc ****     @brief Start SysTick.
  67:Generated_Source\PSoC5/ErikaOS_1_cortex_mx_ee_systick.inc **** 
  68:Generated_Source\PSoC5/ErikaOS_1_cortex_mx_ee_systick.inc ****     This will start the SysTick counter.  If an ISR has been defined, it is
  69:Generated_Source\PSoC5/ErikaOS_1_cortex_mx_ee_systick.inc ****     called when the SysTick counter rolls over.
  70:Generated_Source\PSoC5/ErikaOS_1_cortex_mx_ee_systick.inc **** 
  71:Generated_Source\PSoC5/ErikaOS_1_cortex_mx_ee_systick.inc ****     @note Calling this function will cause the SysTick counter to (re)commence
  72:Generated_Source\PSoC5/ErikaOS_1_cortex_mx_ee_systick.inc ****     counting from its current value.  The counter is not automatically reloaded
ARM GAS  C:\Users\91819\AppData\Local\Temp\ccaGHk0j.s 			page 18


  73:Generated_Source\PSoC5/ErikaOS_1_cortex_mx_ee_systick.inc ****     with the period as specified in a previous call to EE_systick_set_period().
  74:Generated_Source\PSoC5/ErikaOS_1_cortex_mx_ee_systick.inc ****     If an immediate reload is required, the \b NVIC_ST_CURRENT register must be
  75:Generated_Source\PSoC5/ErikaOS_1_cortex_mx_ee_systick.inc ****     written to force this.  Any write to this register clears the SysTick
  76:Generated_Source\PSoC5/ErikaOS_1_cortex_mx_ee_systick.inc ****     counter to 0 and will cause a reload with the supplied period on the next
  77:Generated_Source\PSoC5/ErikaOS_1_cortex_mx_ee_systick.inc ****     clock.
  78:Generated_Source\PSoC5/ErikaOS_1_cortex_mx_ee_systick.inc ****  */
  79:Generated_Source\PSoC5/ErikaOS_1_cortex_mx_ee_systick.inc **** __INLINE__ void  EE_systick_start(void)
  80:Generated_Source\PSoC5/ErikaOS_1_cortex_mx_ee_systick.inc **** {
  81:Generated_Source\PSoC5/ErikaOS_1_cortex_mx_ee_systick.inc ****   NVIC_ST_CTRL_R |= NVIC_ST_CTRL_CLK_SRC | NVIC_ST_CTRL_ENABLE;
  82:Generated_Source\PSoC5/ErikaOS_1_cortex_mx_ee_systick.inc **** }
  83:Generated_Source\PSoC5/ErikaOS_1_cortex_mx_ee_systick.inc **** 
  84:Generated_Source\PSoC5/ErikaOS_1_cortex_mx_ee_systick.inc **** /**
  85:Generated_Source\PSoC5/ErikaOS_1_cortex_mx_ee_systick.inc ****     @brief Stop SysTick.
  86:Generated_Source\PSoC5/ErikaOS_1_cortex_mx_ee_systick.inc **** 
  87:Generated_Source\PSoC5/ErikaOS_1_cortex_mx_ee_systick.inc ****     This will stop the SysTick counter.  If an ISR has been defined, it will
  88:Generated_Source\PSoC5/ErikaOS_1_cortex_mx_ee_systick.inc ****     no longer be called until SysTick is restarted.
  89:Generated_Source\PSoC5/ErikaOS_1_cortex_mx_ee_systick.inc **** */
  90:Generated_Source\PSoC5/ErikaOS_1_cortex_mx_ee_systick.inc **** __INLINE__ void  EE_systick_stop(void)
  91:Generated_Source\PSoC5/ErikaOS_1_cortex_mx_ee_systick.inc **** {
  92:Generated_Source\PSoC5/ErikaOS_1_cortex_mx_ee_systick.inc ****   NVIC_ST_CTRL_R &= ~(NVIC_ST_CTRL_ENABLE);
  93:Generated_Source\PSoC5/ErikaOS_1_cortex_mx_ee_systick.inc **** }
  94:Generated_Source\PSoC5/ErikaOS_1_cortex_mx_ee_systick.inc **** 
  95:Generated_Source\PSoC5/ErikaOS_1_cortex_mx_ee_systick.inc **** /**
  96:Generated_Source\PSoC5/ErikaOS_1_cortex_mx_ee_systick.inc ****     @brief Enables the SysTick interrupt.
  97:Generated_Source\PSoC5/ErikaOS_1_cortex_mx_ee_systick.inc **** 
  98:Generated_Source\PSoC5/ErikaOS_1_cortex_mx_ee_systick.inc ****     This function will enable the SysTick interrupt, allowing it to be
  99:Generated_Source\PSoC5/ErikaOS_1_cortex_mx_ee_systick.inc ****     reflected to the processor.
 100:Generated_Source\PSoC5/ErikaOS_1_cortex_mx_ee_systick.inc **** 
 101:Generated_Source\PSoC5/ErikaOS_1_cortex_mx_ee_systick.inc ****     @note The SysTick ISR does not need to clear the SysTick interrupt source as
 102:Generated_Source\PSoC5/ErikaOS_1_cortex_mx_ee_systick.inc ****     this is done automatically by NVIC when the interrupt ISR is called.
 103:Generated_Source\PSoC5/ErikaOS_1_cortex_mx_ee_systick.inc ****  */
 104:Generated_Source\PSoC5/ErikaOS_1_cortex_mx_ee_systick.inc **** __INLINE__ void  EE_systick_enable_int()
 105:Generated_Source\PSoC5/ErikaOS_1_cortex_mx_ee_systick.inc **** {
 106:Generated_Source\PSoC5/ErikaOS_1_cortex_mx_ee_systick.inc ****   NVIC_ST_CTRL_R |= NVIC_ST_CTRL_INTEN;
 107:Generated_Source\PSoC5/ErikaOS_1_cortex_mx_ee_systick.inc **** }
 108:Generated_Source\PSoC5/ErikaOS_1_cortex_mx_ee_systick.inc **** 
 109:Generated_Source\PSoC5/ErikaOS_1_cortex_mx_ee_systick.inc **** /**
 110:Generated_Source\PSoC5/ErikaOS_1_cortex_mx_ee_systick.inc ****     @brief Disables the SysTick interrupt.
 111:Generated_Source\PSoC5/ErikaOS_1_cortex_mx_ee_systick.inc **** 
 112:Generated_Source\PSoC5/ErikaOS_1_cortex_mx_ee_systick.inc ****     This function will disable the SysTick interrupt, preventing it from being
 113:Generated_Source\PSoC5/ErikaOS_1_cortex_mx_ee_systick.inc ****     reflected to the processor.
 114:Generated_Source\PSoC5/ErikaOS_1_cortex_mx_ee_systick.inc ****  */
 115:Generated_Source\PSoC5/ErikaOS_1_cortex_mx_ee_systick.inc **** __INLINE__ void  EE_systick_disable_int()
 116:Generated_Source\PSoC5/ErikaOS_1_cortex_mx_ee_systick.inc **** {
 117:Generated_Source\PSoC5/ErikaOS_1_cortex_mx_ee_systick.inc ****   NVIC_ST_CTRL_R &= ~(NVIC_ST_CTRL_INTEN);
 118:Generated_Source\PSoC5/ErikaOS_1_cortex_mx_ee_systick.inc **** }
 119:Generated_Source\PSoC5/ErikaOS_1_cortex_mx_ee_systick.inc **** 
 120:Generated_Source\PSoC5/ErikaOS_1_cortex_mx_ee_systick.inc **** /**
 121:Generated_Source\PSoC5/ErikaOS_1_cortex_mx_ee_systick.inc ****     @brief Sets the period of the SysTick counter.
 122:Generated_Source\PSoC5/ErikaOS_1_cortex_mx_ee_systick.inc **** 
 123:Generated_Source\PSoC5/ErikaOS_1_cortex_mx_ee_systick.inc ****     @param period is the number of clock ticks in each period of the SysTick
 124:Generated_Source\PSoC5/ErikaOS_1_cortex_mx_ee_systick.inc ****     counter; must be between 1 and 16,777,216, inclusive. If the \e period is
 125:Generated_Source\PSoC5/ErikaOS_1_cortex_mx_ee_systick.inc ****     out of range the function returns \b EE_SYSTICK_ERR_BAD_ARGS, else it will
 126:Generated_Source\PSoC5/ErikaOS_1_cortex_mx_ee_systick.inc ****     returns \b EE_SYSTICK_NO_ERRORS.
 127:Generated_Source\PSoC5/ErikaOS_1_cortex_mx_ee_systick.inc **** 
 128:Generated_Source\PSoC5/ErikaOS_1_cortex_mx_ee_systick.inc ****     This function sets the rate at which the SysTick counter wraps; this
 129:Generated_Source\PSoC5/ErikaOS_1_cortex_mx_ee_systick.inc ****     equates to the number of processor clocks between interrupts.
ARM GAS  C:\Users\91819\AppData\Local\Temp\ccaGHk0j.s 			page 19


 130:Generated_Source\PSoC5/ErikaOS_1_cortex_mx_ee_systick.inc **** 
 131:Generated_Source\PSoC5/ErikaOS_1_cortex_mx_ee_systick.inc ****     @note Calling this function does not cause the SysTick counter to reload
 132:Generated_Source\PSoC5/ErikaOS_1_cortex_mx_ee_systick.inc ****     immediately.  If an immediate reload is required, the \b NVIC_ST_CURRENT
 133:Generated_Source\PSoC5/ErikaOS_1_cortex_mx_ee_systick.inc ****     register must be written.  Any write to this register clears the SysTick
 134:Generated_Source\PSoC5/ErikaOS_1_cortex_mx_ee_systick.inc ****     counter to 0 and will cause a reload with the \e period supplied here on
 135:Generated_Source\PSoC5/ErikaOS_1_cortex_mx_ee_systick.inc ****     the next clock after the SysTick is enabled.
 136:Generated_Source\PSoC5/ErikaOS_1_cortex_mx_ee_systick.inc ****  */
 137:Generated_Source\PSoC5/ErikaOS_1_cortex_mx_ee_systick.inc **** __INLINE__ EE_UREG  EE_systick_set_period(EE_UREG period)
 138:Generated_Source\PSoC5/ErikaOS_1_cortex_mx_ee_systick.inc **** {
 139:Generated_Source\PSoC5/ErikaOS_1_cortex_mx_ee_systick.inc ****   if ((period == NVIC_ST_RELOAD_S) || (period > NVIC_ST_RELOAD_M))
 140:Generated_Source\PSoC5/ErikaOS_1_cortex_mx_ee_systick.inc ****     return EE_SYSTICK_ERR_BAD_ARGS;
 141:Generated_Source\PSoC5/ErikaOS_1_cortex_mx_ee_systick.inc **** 
 142:Generated_Source\PSoC5/ErikaOS_1_cortex_mx_ee_systick.inc ****   NVIC_ST_RELOAD_R = period - 1;
 292              		.loc 5 142 0
 293 0004 45F6BF52 		movw	r2, #23999
 294 0008 064B     		ldr	r3, .L14
 295 000a 1A60     		str	r2, [r3]
 296              	.LVL20:
 297              	.LBE105:
 298              	.LBE104:
 299              	.LBB106:
 300              	.LBB107:
 106:Generated_Source\PSoC5/ErikaOS_1_cortex_mx_ee_systick.inc **** }
 301              		.loc 5 106 0
 302 000c 064A     		ldr	r2, .L14+4
 303 000e 1368     		ldr	r3, [r2]
 304 0010 43F00203 		orr	r3, r3, #2
 305 0014 1360     		str	r3, [r2]
 306              	.LBE107:
 307              	.LBE106:
  42:source\asw/main.c ****    
  43:source\asw/main.c ****     //Set systick period to 1 ms. Enable the INT and start it.
  44:source\asw/main.c **** 	EE_systick_set_period(MILLISECONDS_TO_TICKS(1, BCLK__BUS_CLK__HZ));
  45:source\asw/main.c **** 	EE_systick_enable_int();  
  46:source\asw/main.c ****     
  47:source\asw/main.c ****     
  48:source\asw/main.c ****     
  49:source\asw/main.c ****     WD_Start(WDT_1024_TICKS);
 308              		.loc 1 49 0
 309 0016 0320     		movs	r0, #3
 310 0018 FFF7FEFF 		bl	WD_Start
 311              	.LVL21:
 312              	.L12:
  50:source\asw/main.c ****     
  51:source\asw/main.c ****    
  52:source\asw/main.c ****     // Start Operating System
  53:source\asw/main.c ****     for(;;)	    
  54:source\asw/main.c ****     	StartOS(OSDEFAULTAPPMODE);
 313              		.loc 1 54 0 discriminator 1
 314 001c 0020     		movs	r0, #0
 315 001e FFF7FEFF 		bl	EE_oo_StartOS
 316              	.LVL22:
 317 0022 FBE7     		b	.L12
 318              	.L15:
 319              		.align	2
 320              	.L14:
 321 0024 14E000E0 		.word	-536813548
ARM GAS  C:\Users\91819\AppData\Local\Temp\ccaGHk0j.s 			page 20


 322 0028 10E000E0 		.word	-536813552
 323              		.cfi_endproc
 324              	.LFE112:
 325              		.size	main, .-main
 326              		.section	.text.unhandledException,"ax",%progbits
 327              		.align	2
 328              		.global	unhandledException
 329              		.thumb
 330              		.thumb_func
 331              		.type	unhandledException, %function
 332              	unhandledException:
 333              	.LFB113:
  55:source\asw/main.c **** }
  56:source\asw/main.c **** 
  57:source\asw/main.c **** void unhandledException()
  58:source\asw/main.c **** {
 334              		.loc 1 58 0
 335              		.cfi_startproc
 336              		@ args = 0, pretend = 0, frame = 0
 337              		@ frame_needed = 0, uses_anonymous_args = 0
 338              		@ link register save eliminated.
  59:source\asw/main.c ****     //Ooops, something terrible happened....check the call stack to see how we got here...
  60:source\asw/main.c ****     __asm("bkpt");
 339              		.loc 1 60 0
 340              		.syntax unified
 341              	@ 60 "source\asw\main.c" 1
 342 0000 00BE     		bkpt
 343              	@ 0 "" 2
 344              		.thumb
 345              		.syntax unified
 346 0002 7047     		bx	lr
 347              		.cfi_endproc
 348              	.LFE113:
 349              		.size	unhandledException, .-unhandledException
 350              		.section	.text.Functsk_background,"ax",%progbits
 351              		.align	2
 352              		.global	Functsk_background
 353              		.thumb
 354              		.thumb_func
 355              		.type	Functsk_background, %function
 356              	Functsk_background:
 357              	.LFB116:
  61:source\asw/main.c **** }
  62:source\asw/main.c **** 
  63:source\asw/main.c **** /********************************************************************************
  64:source\asw/main.c ****  * Task Definitions
  65:source\asw/main.c ****  ********************************************************************************/
  66:source\asw/main.c **** 
  67:source\asw/main.c **** TASK(tsk_init)
  68:source\asw/main.c **** {
  69:source\asw/main.c ****     
  70:source\asw/main.c ****     //Init MCAL Drivers
  71:source\asw/main.c ****     //LED_Init();
  72:source\asw/main.c ****     //SEVEN_Init();
  73:source\asw/main.c ****     JOYSTICK_Init();
  74:source\asw/main.c ****     PWM_Green_Start();
  75:source\asw/main.c ****     
ARM GAS  C:\Users\91819\AppData\Local\Temp\ccaGHk0j.s 			page 21


  76:source\asw/main.c ****     
  77:source\asw/main.c ****     //Reconfigure ISRs with OS parameters.
  78:source\asw/main.c ****     //This line MUST be called after the hardware driver initialisation!
  79:source\asw/main.c ****     EE_system_init();
  80:source\asw/main.c **** 	UART_1_Start();
  81:source\asw/main.c ****     //Start SysTick
  82:source\asw/main.c **** 	//Must be done here, because otherwise the isr vector is not overwritten yet
  83:source\asw/main.c ****     EE_systick_start();    
  84:source\asw/main.c **** 	
  85:source\asw/main.c ****     //Start the alarm with 1ms cycle time
  86:source\asw/main.c ****     SetRelAlarm(alarm_10ms,10,10);
  87:source\asw/main.c ****     SetRelAlarm(alarm_1ms,1,1);
  88:source\asw/main.c ****     SetRelAlarm(alarm_25ms,250,250);
  89:source\asw/main.c ****  
  90:source\asw/main.c ****     ActivateTask(tsk_io);
  91:source\asw/main.c ****     ActivateTask(tsk_control);
  92:source\asw/main.c ****     ActivateTask(tsk_background);
  93:source\asw/main.c ****     ActivateTask(tsk_testcase);
  94:source\asw/main.c ****     
  95:source\asw/main.c ****     UART_1_PutString(" Choose the testcase to perform: \n");
  96:source\asw/main.c ****     UART_1_PutString(" a - watchdog force shutdown \n");
  97:source\asw/main.c ****     UART_1_PutString(" b - alive monitoring by terminating control task \n");
  98:source\asw/main.c ****     
  99:source\asw/main.c ****     checkFault();
 100:source\asw/main.c ****     
 101:source\asw/main.c ****     TerminateTask();
 102:source\asw/main.c ****     
 103:source\asw/main.c **** }
 104:source\asw/main.c **** 
 105:source\asw/main.c **** TASK(tsk_testcase)
 106:source\asw/main.c **** {    
 107:source\asw/main.c ****     
 108:source\asw/main.c ****     testcase = UART_1_GetChar();
 109:source\asw/main.c ****     
 110:source\asw/main.c ****     switch(testcase)
 111:source\asw/main.c ****     {
 112:source\asw/main.c ****         case 'a':
 113:source\asw/main.c ****                     UART_1_PutString(" testcase 1 \n");  
 114:source\asw/main.c ****                     testTerminateFlag = TRUE;                                      
 115:source\asw/main.c ****                     break;
 116:source\asw/main.c ****         case 'b':
 117:source\asw/main.c ****                     UART_1_PutString(" testcase 2 \n");
 118:source\asw/main.c ****                     forceShutdownOS();                    
 119:source\asw/main.c ****                     break;
 120:source\asw/main.c ****         default:
 121:source\asw/main.c ****                     break;        
 122:source\asw/main.c ****     
 123:source\asw/main.c ****     }    
 124:source\asw/main.c **** }
 125:source\asw/main.c **** 
 126:source\asw/main.c **** TASK(tsk_background)
 127:source\asw/main.c **** {
 358              		.loc 1 127 0
 359              		.cfi_startproc
 360              		@ args = 0, pretend = 0, frame = 0
 361              		@ frame_needed = 0, uses_anonymous_args = 0
 362 0000 08B5     		push	{r3, lr}
ARM GAS  C:\Users\91819\AppData\Local\Temp\ccaGHk0j.s 			page 22


 363              		.cfi_def_cfa_offset 8
 364              		.cfi_offset 3, -8
 365              		.cfi_offset 14, -4
 366              	.L20:
 128:source\asw/main.c ****     boolean_t isBitfieldTrue = FALSE;
 129:source\asw/main.c ****     while(1)
 130:source\asw/main.c ****     {
 131:source\asw/main.c ****         
 132:source\asw/main.c ****         if(bitfield == 0xF0)
 367              		.loc 1 132 0
 368 0002 074B     		ldr	r3, .L23
 369 0004 1B78     		ldrb	r3, [r3]	@ zero_extendqisi2
 370 0006 F02B     		cmp	r3, #240
 371 0008 01D1     		bne	.L21
 133:source\asw/main.c ****             isBitfieldTrue = TRUE;
 372              		.loc 1 133 0
 373 000a 0123     		movs	r3, #1
 374 000c 00E0     		b	.L18
 375              	.L21:
 134:source\asw/main.c ****         else 
 135:source\asw/main.c ****             isBitfieldTrue = FALSE;
 376              		.loc 1 135 0
 377 000e 0023     		movs	r3, #0
 378              	.L18:
 379              	.LVL23:
 136:source\asw/main.c ****         
 137:source\asw/main.c ****         if(isBitfieldTrue)
 380              		.loc 1 137 0
 381 0010 23B1     		cbz	r3, .L19
 138:source\asw/main.c ****         {
 139:source\asw/main.c ****            WD_Trigger();
 382              		.loc 1 139 0
 383 0012 FFF7FEFF 		bl	WD_Trigger
 384              	.LVL24:
 140:source\asw/main.c ****            bitfield = 0; 
 385              		.loc 1 140 0
 386 0016 0022     		movs	r2, #0
 387 0018 014B     		ldr	r3, .L23
 388 001a 1A70     		strb	r2, [r3]
 389              	.L19:
 141:source\asw/main.c ****         }
 142:source\asw/main.c ****         //do something with low prioroty
 143:source\asw/main.c ****         __asm("nop");
 390              		.loc 1 143 0
 391              		.syntax unified
 392              	@ 143 "source\asw\main.c" 1
 393 001c 00BF     		nop
 394              	@ 0 "" 2
 144:source\asw/main.c ****     }
 395              		.loc 1 144 0
 396              		.thumb
 397              		.syntax unified
 398 001e F0E7     		b	.L20
 399              	.L24:
 400              		.align	2
 401              	.L23:
 402 0020 00000000 		.word	.LANCHOR0
ARM GAS  C:\Users\91819\AppData\Local\Temp\ccaGHk0j.s 			page 23


 403              		.cfi_endproc
 404              	.LFE116:
 405              		.size	Functsk_background, .-Functsk_background
 406              		.section	.text.checkFault,"ax",%progbits
 407              		.align	2
 408              		.global	checkFault
 409              		.thumb
 410              		.thumb_func
 411              		.type	checkFault, %function
 412              	checkFault:
 413              	.LFB119:
 145:source\asw/main.c **** }
 146:source\asw/main.c **** 
 147:source\asw/main.c **** 
 148:source\asw/main.c **** /********************************************************************************
 149:source\asw/main.c ****  * ISR Definitions
 150:source\asw/main.c ****  ********************************************************************************/
 151:source\asw/main.c **** 
 152:source\asw/main.c **** ISR2(isr_buttonShutdown)
 153:source\asw/main.c **** {
 154:source\asw/main.c ****     if(1 == button_osShutdown_Read())
 155:source\asw/main.c ****     {        
 156:source\asw/main.c ****          forceShutdownOS(); 
 157:source\asw/main.c ****     } 
 158:source\asw/main.c **** }
 159:source\asw/main.c **** 
 160:source\asw/main.c **** void checkFault()
 161:source\asw/main.c **** {
 414              		.loc 1 161 0
 415              		.cfi_startproc
 416              		@ args = 0, pretend = 0, frame = 0
 417              		@ frame_needed = 0, uses_anonymous_args = 0
 418 0000 08B5     		push	{r3, lr}
 419              		.cfi_def_cfa_offset 8
 420              		.cfi_offset 3, -8
 421              		.cfi_offset 14, -4
 162:source\asw/main.c ****     if(WD_CheckResetBit() == TRUE)
 422              		.loc 1 162 0
 423 0002 FFF7FEFF 		bl	WD_CheckResetBit
 424              	.LVL25:
 425 0006 0128     		cmp	r0, #1
 426 0008 03D1     		bne	.L26
 163:source\asw/main.c ****     {
 164:source\asw/main.c ****         UART_1_PutString(" OS Shutdown due to watchdog!!!");
 427              		.loc 1 164 0
 428 000a 0748     		ldr	r0, .L30
 429 000c FFF7FEFF 		bl	UART_1_PutString
 430              	.LVL26:
 431 0010 08BD     		pop	{r3, pc}
 432              	.L26:
 165:source\asw/main.c ****     }
 166:source\asw/main.c ****     else if(0 == CyResetStatus)
 433              		.loc 1 166 0
 434 0012 064B     		ldr	r3, .L30+4
 435 0014 1B78     		ldrb	r3, [r3]	@ zero_extendqisi2
 436 0016 1BB9     		cbnz	r3, .L28
 167:source\asw/main.c ****     {
ARM GAS  C:\Users\91819\AppData\Local\Temp\ccaGHk0j.s 			page 24


 168:source\asw/main.c ****         UART_1_PutString(" system powered on due to POWER ON RESET!!");
 437              		.loc 1 168 0
 438 0018 0548     		ldr	r0, .L30+8
 439 001a FFF7FEFF 		bl	UART_1_PutString
 440              	.LVL27:
 441 001e 08BD     		pop	{r3, pc}
 442              	.L28:
 169:source\asw/main.c ****     }
 170:source\asw/main.c ****     else 
 171:source\asw/main.c ****     {
 172:source\asw/main.c ****         UART_1_PutString(" someother kind of RESET!!");
 443              		.loc 1 172 0
 444 0020 0448     		ldr	r0, .L30+12
 445 0022 FFF7FEFF 		bl	UART_1_PutString
 446              	.LVL28:
 447 0026 08BD     		pop	{r3, pc}
 448              	.L31:
 449              		.align	2
 450              	.L30:
 451 0028 00000000 		.word	.LC0
 452 002c 00000000 		.word	CyResetStatus
 453 0030 20000000 		.word	.LC1
 454 0034 4C000000 		.word	.LC2
 455              		.cfi_endproc
 456              	.LFE119:
 457              		.size	checkFault, .-checkFault
 458              		.section	.text.Functsk_init,"ax",%progbits
 459              		.align	2
 460              		.global	Functsk_init
 461              		.thumb
 462              		.thumb_func
 463              		.type	Functsk_init, %function
 464              	Functsk_init:
 465              	.LFB114:
  68:source\asw/main.c ****     
 466              		.loc 1 68 0
 467              		.cfi_startproc
 468              		@ args = 0, pretend = 0, frame = 0
 469              		@ frame_needed = 0, uses_anonymous_args = 0
 470 0000 08B5     		push	{r3, lr}
 471              		.cfi_def_cfa_offset 8
 472              		.cfi_offset 3, -8
 473              		.cfi_offset 14, -4
  73:source\asw/main.c ****     PWM_Green_Start();
 474              		.loc 1 73 0
 475 0002 FFF7FEFF 		bl	JOYSTICK_Init
 476              	.LVL29:
  74:source\asw/main.c ****     
 477              		.loc 1 74 0
 478 0006 FFF7FEFF 		bl	PWM_Green_Start
 479              	.LVL30:
  79:source\asw/main.c **** 	UART_1_Start();
 480              		.loc 1 79 0
 481 000a FFF7FEFF 		bl	EE_system_init
 482              	.LVL31:
  80:source\asw/main.c ****     //Start SysTick
 483              		.loc 1 80 0
ARM GAS  C:\Users\91819\AppData\Local\Temp\ccaGHk0j.s 			page 25


 484 000e FFF7FEFF 		bl	UART_1_Start
 485              	.LVL32:
 486              	.LBB108:
 487              	.LBB109:
  81:Generated_Source\PSoC5/ErikaOS_1_cortex_mx_ee_systick.inc **** }
 488              		.loc 5 81 0
 489 0012 174A     		ldr	r2, .L34
 490 0014 1368     		ldr	r3, [r2]
 491 0016 43F00503 		orr	r3, r3, #5
 492 001a 1360     		str	r3, [r2]
 493              	.LBE109:
 494              	.LBE108:
  86:source\asw/main.c ****     SetRelAlarm(alarm_1ms,1,1);
 495              		.loc 1 86 0
 496 001c 0A22     		movs	r2, #10
 497 001e 1146     		mov	r1, r2
 498 0020 0020     		movs	r0, #0
 499 0022 FFF7FEFF 		bl	EE_oo_SetRelAlarm
 500              	.LVL33:
  87:source\asw/main.c ****     SetRelAlarm(alarm_25ms,250,250);
 501              		.loc 1 87 0
 502 0026 0122     		movs	r2, #1
 503 0028 1146     		mov	r1, r2
 504 002a 1046     		mov	r0, r2
 505 002c FFF7FEFF 		bl	EE_oo_SetRelAlarm
 506              	.LVL34:
  88:source\asw/main.c ****  
 507              		.loc 1 88 0
 508 0030 FA22     		movs	r2, #250
 509 0032 1146     		mov	r1, r2
 510 0034 0220     		movs	r0, #2
 511 0036 FFF7FEFF 		bl	EE_oo_SetRelAlarm
 512              	.LVL35:
  90:source\asw/main.c ****     ActivateTask(tsk_control);
 513              		.loc 1 90 0
 514 003a 0220     		movs	r0, #2
 515 003c FFF7FEFF 		bl	EE_oo_ActivateTask
 516              	.LVL36:
  91:source\asw/main.c ****     ActivateTask(tsk_background);
 517              		.loc 1 91 0
 518 0040 0320     		movs	r0, #3
 519 0042 FFF7FEFF 		bl	EE_oo_ActivateTask
 520              	.LVL37:
  92:source\asw/main.c ****     ActivateTask(tsk_testcase);
 521              		.loc 1 92 0
 522 0046 0120     		movs	r0, #1
 523 0048 FFF7FEFF 		bl	EE_oo_ActivateTask
 524              	.LVL38:
  93:source\asw/main.c ****     
 525              		.loc 1 93 0
 526 004c 0520     		movs	r0, #5
 527 004e FFF7FEFF 		bl	EE_oo_ActivateTask
 528              	.LVL39:
  95:source\asw/main.c ****     UART_1_PutString(" a - watchdog force shutdown \n");
 529              		.loc 1 95 0
 530 0052 0848     		ldr	r0, .L34+4
 531 0054 FFF7FEFF 		bl	UART_1_PutString
ARM GAS  C:\Users\91819\AppData\Local\Temp\ccaGHk0j.s 			page 26


 532              	.LVL40:
  96:source\asw/main.c ****     UART_1_PutString(" b - alive monitoring by terminating control task \n");
 533              		.loc 1 96 0
 534 0058 0748     		ldr	r0, .L34+8
 535 005a FFF7FEFF 		bl	UART_1_PutString
 536              	.LVL41:
  97:source\asw/main.c ****     
 537              		.loc 1 97 0
 538 005e 0748     		ldr	r0, .L34+12
 539 0060 FFF7FEFF 		bl	UART_1_PutString
 540              	.LVL42:
  99:source\asw/main.c ****     
 541              		.loc 1 99 0
 542 0064 FFF7FEFF 		bl	checkFault
 543              	.LVL43:
 101:source\asw/main.c ****     
 544              		.loc 1 101 0
 545 0068 FFF7FEFF 		bl	EE_oo_TerminateTask
 546              	.LVL44:
 547 006c 08BD     		pop	{r3, pc}
 548              	.L35:
 549 006e 00BF     		.align	2
 550              	.L34:
 551 0070 10E000E0 		.word	-536813552
 552 0074 68000000 		.word	.LC3
 553 0078 8C000000 		.word	.LC4
 554 007c AC000000 		.word	.LC5
 555              		.cfi_endproc
 556              	.LFE114:
 557              		.size	Functsk_init, .-Functsk_init
 558              		.section	.text.forceShutdownOS,"ax",%progbits
 559              		.align	2
 560              		.global	forceShutdownOS
 561              		.thumb
 562              		.thumb_func
 563              		.type	forceShutdownOS, %function
 564              	forceShutdownOS:
 565              	.LFB120:
 173:source\asw/main.c ****     }
 174:source\asw/main.c **** 
 175:source\asw/main.c **** }
 176:source\asw/main.c **** 
 177:source\asw/main.c **** 
 178:source\asw/main.c **** void forceShutdownOS()
 179:source\asw/main.c **** {
 566              		.loc 1 179 0
 567              		.cfi_startproc
 568              		@ args = 0, pretend = 0, frame = 0
 569              		@ frame_needed = 0, uses_anonymous_args = 0
 570 0000 08B5     		push	{r3, lr}
 571              		.cfi_def_cfa_offset 8
 572              		.cfi_offset 3, -8
 573              		.cfi_offset 14, -4
 180:source\asw/main.c ****     UART_1_PutString(" FORCED RESET!!  watchdog!!!");
 574              		.loc 1 180 0
 575 0002 0348     		ldr	r0, .L38
 576 0004 FFF7FEFF 		bl	UART_1_PutString
ARM GAS  C:\Users\91819\AppData\Local\Temp\ccaGHk0j.s 			page 27


 577              	.LVL45:
 181:source\asw/main.c ****     ShutdownOS(0);
 578              		.loc 1 181 0
 579 0008 0020     		movs	r0, #0
 580 000a FFF7FEFF 		bl	EE_oo_ShutdownOS
 581              	.LVL46:
 582 000e 08BD     		pop	{r3, pc}
 583              	.L39:
 584              		.align	2
 585              	.L38:
 586 0010 E0000000 		.word	.LC6
 587              		.cfi_endproc
 588              	.LFE120:
 589              		.size	forceShutdownOS, .-forceShutdownOS
 590              		.section	.text.Functsk_testcase,"ax",%progbits
 591              		.align	2
 592              		.global	Functsk_testcase
 593              		.thumb
 594              		.thumb_func
 595              		.type	Functsk_testcase, %function
 596              	Functsk_testcase:
 597              	.LFB115:
 106:source\asw/main.c ****     
 598              		.loc 1 106 0
 599              		.cfi_startproc
 600              		@ args = 0, pretend = 0, frame = 0
 601              		@ frame_needed = 0, uses_anonymous_args = 0
 602 0000 08B5     		push	{r3, lr}
 603              		.cfi_def_cfa_offset 8
 604              		.cfi_offset 3, -8
 605              		.cfi_offset 14, -4
 108:source\asw/main.c ****     
 606              		.loc 1 108 0
 607 0002 FFF7FEFF 		bl	UART_1_GetChar
 608              	.LVL47:
 609 0006 0A4B     		ldr	r3, .L45
 610 0008 1870     		strb	r0, [r3]
 110:source\asw/main.c ****     {
 611              		.loc 1 110 0
 612 000a 6128     		cmp	r0, #97
 613 000c 02D0     		beq	.L42
 614 000e 6228     		cmp	r0, #98
 615 0010 07D0     		beq	.L43
 616 0012 08BD     		pop	{r3, pc}
 617              	.L42:
 113:source\asw/main.c ****                     testTerminateFlag = TRUE;                                      
 618              		.loc 1 113 0
 619 0014 0748     		ldr	r0, .L45+4
 620 0016 FFF7FEFF 		bl	UART_1_PutString
 621              	.LVL48:
 114:source\asw/main.c ****                     break;
 622              		.loc 1 114 0
 623 001a 0122     		movs	r2, #1
 624 001c 064B     		ldr	r3, .L45+8
 625 001e 5A70     		strb	r2, [r3, #1]
 115:source\asw/main.c ****         case 'b':
 626              		.loc 1 115 0
ARM GAS  C:\Users\91819\AppData\Local\Temp\ccaGHk0j.s 			page 28


 627 0020 08BD     		pop	{r3, pc}
 628              	.L43:
 117:source\asw/main.c ****                     forceShutdownOS();                    
 629              		.loc 1 117 0
 630 0022 0648     		ldr	r0, .L45+12
 631 0024 FFF7FEFF 		bl	UART_1_PutString
 632              	.LVL49:
 118:source\asw/main.c ****                     break;
 633              		.loc 1 118 0
 634 0028 FFF7FEFF 		bl	forceShutdownOS
 635              	.LVL50:
 636 002c 08BD     		pop	{r3, pc}
 637              	.L46:
 638 002e 00BF     		.align	2
 639              	.L45:
 640 0030 00000000 		.word	.LANCHOR1
 641 0034 00010000 		.word	.LC7
 642 0038 00000000 		.word	.LANCHOR0
 643 003c 10010000 		.word	.LC8
 644              		.cfi_endproc
 645              	.LFE115:
 646              		.size	Functsk_testcase, .-Functsk_testcase
 647              		.section	.text.ISR2_isr_buttonShutdown,"ax",%progbits
 648              		.align	2
 649              		.global	ISR2_isr_buttonShutdown
 650              		.thumb
 651              		.thumb_func
 652              		.type	ISR2_isr_buttonShutdown, %function
 653              	ISR2_isr_buttonShutdown:
 654              	.LFB118:
 153:source\asw/main.c ****     if(1 == button_osShutdown_Read())
 655              		.loc 1 153 0
 656              		.cfi_startproc
 657              		@ args = 0, pretend = 0, frame = 0
 658              		@ frame_needed = 0, uses_anonymous_args = 0
 659 0000 08B5     		push	{r3, lr}
 660              		.cfi_def_cfa_offset 8
 661              		.cfi_offset 3, -8
 662              		.cfi_offset 14, -4
 154:source\asw/main.c ****     {        
 663              		.loc 1 154 0
 664 0002 FFF7FEFF 		bl	button_osShutdown_Read
 665              	.LVL51:
 666 0006 0128     		cmp	r0, #1
 667 0008 01D1     		bne	.L47
 156:source\asw/main.c ****     } 
 668              		.loc 1 156 0
 669 000a FFF7FEFF 		bl	forceShutdownOS
 670              	.LVL52:
 671              	.L47:
 672 000e 08BD     		pop	{r3, pc}
 673              		.cfi_endproc
 674              	.LFE118:
 675              		.size	ISR2_isr_buttonShutdown, .-ISR2_isr_buttonShutdown
 676              		.section	.text.isr_buttonShutdown,"ax",%progbits
 677              		.align	2
 678              		.global	isr_buttonShutdown
ARM GAS  C:\Users\91819\AppData\Local\Temp\ccaGHk0j.s 			page 29


 679              		.thumb
 680              		.thumb_func
 681              		.type	isr_buttonShutdown, %function
 682              	isr_buttonShutdown:
 683              	.LFB117:
 152:source\asw/main.c **** {
 684              		.loc 1 152 0
 685              		.cfi_startproc
 686              		@ Stack Align: May be called with mis-aligned SP.
 687              		@ args = 0, pretend = 0, frame = 0
 688              		@ frame_needed = 0, uses_anonymous_args = 0
 689 0000 6846     		mov	r0, sp
 690              		.cfi_register 13, 0
 691 0002 20F00701 		bic	r1, r0, #7
 692 0006 8D46     		mov	sp, r1
 693 0008 19B5     		push	{r0, r3, r4, lr}
 694              		.cfi_def_cfa_offset 16
 695              		.cfi_offset 13, -16
 696              		.cfi_offset 3, -12
 697              		.cfi_offset 4, -8
 698              		.cfi_offset 14, -4
 699              	.LVL53:
 700              	.LBB134:
 701              	.LBB135:
 211:Generated_Source\PSoC5/ErikaOS_1_cortex_mx_ee_cpu.inc **** #endif	/* !__KEIL__ */
 702              		.loc 2 211 0
 703              		.syntax unified
 704              	@ 211 "Generated_Source\PSoC5/ErikaOS_1_cortex_mx_ee_cpu.inc" 1
 705 000a 72B6     		cpsid i
 706              	@ 0 "" 2
 707              		.thumb
 708              		.syntax unified
 709              	.LBE135:
 710              	.LBE134:
 711              	.LBB136:
 712              	.LBB137:
 325:Generated_Source\PSoC5/ErikaOS_1_cortex_mx_ee_cpu.inc **** #else
 713              		.loc 2 325 0
 714              		.syntax unified
 715              	@ 325 "Generated_Source\PSoC5/ErikaOS_1_cortex_mx_ee_cpu.inc" 1
 716 000c EFF31184 		MRS r4, BASEPRI
 717              	@ 0 "" 2
 718              	.LVL54:
 719              		.thumb
 720              		.syntax unified
 721              	.LBE137:
 722              	.LBE136:
 723              	.LBB138:
 724              	.LBB139:
 372:Generated_Source\PSoC5/ErikaOS_1_cortex_mx_ee_cpu.inc ****   register EE_TYPEISR2PRIO prio = 0;
 725              		.loc 2 372 0
 726 0010 1E4B     		ldr	r3, .L56
 727 0012 1B68     		ldr	r3, [r3]
 728 0014 DBB2     		uxtb	r3, r3
 729              	.LVL55:
 375:Generated_Source\PSoC5/ErikaOS_1_cortex_mx_ee_cpu.inc ****     vectact -= EE_CORTEX_MX_SYSTICK_EXC_NUM + 1;
 730              		.loc 2 375 0
ARM GAS  C:\Users\91819\AppData\Local\Temp\ccaGHk0j.s 			page 30


 731 0016 0F2B     		cmp	r3, #15
 732 0018 10D9     		bls	.L51
 376:Generated_Source\PSoC5/ErikaOS_1_cortex_mx_ee_cpu.inc ****     prio = NVIC_GET_PRI(vectact);
 733              		.loc 2 376 0
 734 001a 103B     		subs	r3, r3, #16
 735              	.LVL56:
 377:Generated_Source\PSoC5/ErikaOS_1_cortex_mx_ee_cpu.inc ****   }
 736              		.loc 2 377 0
 737 001c 23F00302 		bic	r2, r3, #3
 738 0020 02F16042 		add	r2, r2, #-536870912
 739 0024 02F56442 		add	r2, r2, #58368
 740 0028 1168     		ldr	r1, [r2]
 741 002a DB00     		lsls	r3, r3, #3
 742              	.LVL57:
 743 002c 03F01803 		and	r3, r3, #24
 744 0030 E022     		movs	r2, #224
 745 0032 9A40     		lsls	r2, r2, r3
 746 0034 0A40     		ands	r2, r2, r1
 747 0036 22FA03F3 		lsr	r3, r2, r3
 748              	.LVL58:
 749 003a 06E0     		b	.L52
 750              	.LVL59:
 751              	.L51:
 380:Generated_Source\PSoC5/ErikaOS_1_cortex_mx_ee_cpu.inc ****     prio = NVIC_SYS_PRI3_R >> NVIC_SYS_PRI3_TICK_S;
 752              		.loc 2 380 0
 753 003c 0F2B     		cmp	r3, #15
 754 003e 03D1     		bne	.L55
 755              		.loc 2 381 0
 756 0040 134B     		ldr	r3, .L56+4
 757              	.LVL60:
 758 0042 1B68     		ldr	r3, [r3]
 759 0044 1B0E     		lsrs	r3, r3, #24
 760              	.LVL61:
 761 0046 00E0     		b	.L52
 762              	.LVL62:
 763              	.L55:
 373:Generated_Source\PSoC5/ErikaOS_1_cortex_mx_ee_cpu.inc **** 
 764              		.loc 2 373 0
 765 0048 0023     		movs	r3, #0
 766              	.LVL63:
 767              	.L52:
 768              	.LBE139:
 769              	.LBE138:
 770              	.LBB140:
 771              	.LBB141:
 358:Generated_Source\PSoC5/ErikaOS_1_cortex_mx_ee_cpu.inc **** #else
 772              		.loc 2 358 0
 773              		.syntax unified
 774              	@ 358 "Generated_Source\PSoC5/ErikaOS_1_cortex_mx_ee_cpu.inc" 1
 775 004a 83F31188 		MSR BASEPRI, r3
 776              	@ 0 "" 2
 777              		.thumb
 778              		.syntax unified
 779              	.LBE141:
 780              	.LBE140:
 781              	.LBB142:
 782              	.LBB143:
ARM GAS  C:\Users\91819\AppData\Local\Temp\ccaGHk0j.s 			page 31


  85:Generated_Source\PSoC5/ErikaOS_1_common_ee_irqstub.inc **** /*  EE_std_enableIRQ_nested() and EE_std_disableIRQ_nested() must be defined in
 783              		.loc 3 85 0
 784 004e 114A     		ldr	r2, .L56+8
 785 0050 1368     		ldr	r3, [r2]
 786 0052 0133     		adds	r3, r3, #1
 787 0054 1360     		str	r3, [r2]
 788              	.LBE143:
 789              	.LBE142:
 152:source\asw/main.c **** {
 790              		.loc 1 152 0
 791 0056 012B     		cmp	r3, #1
 792 0058 01D1     		bne	.L53
 152:source\asw/main.c **** {
 793              		.loc 1 152 0 is_stmt 0 discriminator 1
 794 005a FFF7FEFF 		bl	EE_cortex_mx_change_IRQ_stack
 795              	.LVL64:
 796              	.L53:
 797              	.LBB144:
 798              	.LBB145:
 191:Generated_Source\PSoC5/ErikaOS_1_cortex_mx_ee_cpu.inc **** #endif	/* !__KEIL__ */
 799              		.loc 2 191 0 is_stmt 1 discriminator 3
 800              		.syntax unified
 801              	@ 191 "Generated_Source\PSoC5/ErikaOS_1_cortex_mx_ee_cpu.inc" 1
 802 005e 62B6     		cpsie i
 803              	@ 0 "" 2
 804              		.thumb
 805              		.syntax unified
 806              	.LBE145:
 807              	.LBE144:
 152:source\asw/main.c **** {
 808              		.loc 1 152 0 discriminator 3
 809 0060 FFF7FEFF 		bl	ISR2_isr_buttonShutdown
 810              	.LVL65:
 811              	.LBB146:
 812              	.LBB147:
 211:Generated_Source\PSoC5/ErikaOS_1_cortex_mx_ee_cpu.inc **** #endif	/* !__KEIL__ */
 813              		.loc 2 211 0 discriminator 3
 814              		.syntax unified
 815              	@ 211 "Generated_Source\PSoC5/ErikaOS_1_cortex_mx_ee_cpu.inc" 1
 816 0064 72B6     		cpsid i
 817              	@ 0 "" 2
 818              	.LVL66:
 819              		.thumb
 820              		.syntax unified
 821              	.LBE147:
 822              	.LBE146:
 823              	.LBB148:
 824              	.LBB149:
 358:Generated_Source\PSoC5/ErikaOS_1_cortex_mx_ee_cpu.inc **** #else
 825              		.loc 2 358 0 discriminator 3
 826              		.syntax unified
 827              	@ 358 "Generated_Source\PSoC5/ErikaOS_1_cortex_mx_ee_cpu.inc" 1
 828 0066 84F31188 		MSR BASEPRI, r4
 829              	@ 0 "" 2
 830              	.LVL67:
 831              		.thumb
 832              		.syntax unified
ARM GAS  C:\Users\91819\AppData\Local\Temp\ccaGHk0j.s 			page 32


 833              	.LBE149:
 834              	.LBE148:
 835              	.LBB150:
 836              	.LBB151:
 837              		.loc 3 102 0 discriminator 3
 838 006a FFF7FEFF 		bl	EE_IRQ_end_post_stub
 839              	.LVL68:
 840              	.LBE151:
 841              	.LBE150:
 842              	.LBB152:
 843              	.LBB153:
  84:Generated_Source\PSoC5/ErikaOS_1_common_ee_irqstub.inc **** __INLINE__ void  EE_increment_IRQ_nesting_level(void) { ++EE_IRQ_nesting_level; }
 844              		.loc 3 84 0 discriminator 3
 845 006e 094A     		ldr	r2, .L56+8
 846 0070 1368     		ldr	r3, [r2]
 847 0072 013B     		subs	r3, r3, #1
 848 0074 1360     		str	r3, [r2]
 849              	.LBE153:
 850              	.LBE152:
 152:source\asw/main.c **** {
 851              		.loc 1 152 0 discriminator 3
 852 0076 1BB9     		cbnz	r3, .L54
 152:source\asw/main.c **** {
 853              		.loc 1 152 0 is_stmt 0 discriminator 4
 854 0078 FFF7FEFF 		bl	EE_cortex_mx_change_IRQ_stack_back
 855              	.LVL69:
 856              	.LBB154:
 857              	.LBB155:
 858              		.loc 4 68 0 is_stmt 1 discriminator 4
 859 007c FFF7FEFF 		bl	EE_switch_context
 860              	.LVL70:
 861              	.L54:
 862              	.LBE155:
 863              	.LBE154:
 864              	.LBB156:
 865              	.LBB157:
 191:Generated_Source\PSoC5/ErikaOS_1_cortex_mx_ee_cpu.inc **** #endif	/* !__KEIL__ */
 866              		.loc 2 191 0 discriminator 6
 867              		.syntax unified
 868              	@ 191 "Generated_Source\PSoC5/ErikaOS_1_cortex_mx_ee_cpu.inc" 1
 869 0080 62B6     		cpsie i
 870              	@ 0 "" 2
 871              		.thumb
 872              		.syntax unified
 873              	.LBE157:
 874              	.LBE156:
 152:source\asw/main.c **** {
 875              		.loc 1 152 0 discriminator 6
 876 0082 BDE81940 		pop	{r0, r3, r4, lr}
 877              		.cfi_restore 14
 878              		.cfi_restore 4
 879              		.cfi_restore 3
 880              		.cfi_restore 0
 881              		.cfi_def_cfa_offset 0
 882 0086 8546     		mov	sp, r0
 883 0088 7047     		bx	lr
 884              	.L57:
ARM GAS  C:\Users\91819\AppData\Local\Temp\ccaGHk0j.s 			page 33


 885 008a 00BF     		.align	2
 886              	.L56:
 887 008c 04ED00E0 		.word	-536810236
 888 0090 20ED00E0 		.word	-536810208
 889 0094 00000000 		.word	EE_IRQ_nesting_level
 890              		.cfi_endproc
 891              	.LFE117:
 892              		.size	isr_buttonShutdown, .-isr_buttonShutdown
 893              		.global	testcase
 894              		.global	testTerminateFlag
 895              		.global	bitfield
 896              		.data
 897              		.set	.LANCHOR1,. + 0
 898              		.type	testcase, %object
 899              		.size	testcase, 1
 900              	testcase:
 901 0000 20       		.byte	32
 902              		.section	.rodata.str1.4,"aMS",%progbits,1
 903              		.align	2
 904              	.LC0:
 905 0000 204F5320 		.ascii	" OS Shutdown due to watchdog!!!\000"
 905      53687574 
 905      646F776E 
 905      20647565 
 905      20746F20 
 906              	.LC1:
 907 0020 20737973 		.ascii	" system powered on due to POWER ON RESET!!\000"
 907      74656D20 
 907      706F7765 
 907      72656420 
 907      6F6E2064 
 908 004b 00       		.space	1
 909              	.LC2:
 910 004c 20736F6D 		.ascii	" someother kind of RESET!!\000"
 910      656F7468 
 910      6572206B 
 910      696E6420 
 910      6F662052 
 911 0067 00       		.space	1
 912              	.LC3:
 913 0068 2043686F 		.ascii	" Choose the testcase to perform: \012\000"
 913      6F736520 
 913      74686520 
 913      74657374 
 913      63617365 
 914 008b 00       		.space	1
 915              	.LC4:
 916 008c 2061202D 		.ascii	" a - watchdog force shutdown \012\000"
 916      20776174 
 916      6368646F 
 916      6720666F 
 916      72636520 
 917 00ab 00       		.space	1
 918              	.LC5:
 919 00ac 2062202D 		.ascii	" b - alive monitoring by terminating control task \012"
 919      20616C69 
 919      7665206D 
ARM GAS  C:\Users\91819\AppData\Local\Temp\ccaGHk0j.s 			page 34


 919      6F6E6974 
 919      6F72696E 
 920 00df 00       		.ascii	"\000"
 921              	.LC6:
 922 00e0 20464F52 		.ascii	" FORCED RESET!!  watchdog!!!\000"
 922      43454420 
 922      52455345 
 922      54212120 
 922      20776174 
 923 00fd 000000   		.space	3
 924              	.LC7:
 925 0100 20746573 		.ascii	" testcase 1 \012\000"
 925      74636173 
 925      65203120 
 925      0A00
 926 010e 0000     		.space	2
 927              	.LC8:
 928 0110 20746573 		.ascii	" testcase 2 \012\000"
 928      74636173 
 928      65203220 
 928      0A00
 929              		.bss
 930              		.set	.LANCHOR0,. + 0
 931              		.type	bitfield, %object
 932              		.size	bitfield, 1
 933              	bitfield:
 934 0000 00       		.space	1
 935              		.type	testTerminateFlag, %object
 936              		.size	testTerminateFlag, 1
 937              	testTerminateFlag:
 938 0001 00       		.space	1
 939              		.text
 940              	.Letext0:
 941              		.file 6 "c:\\program files (x86)\\cypress\\psoc creator\\4.4\\psoc creator\\import\\gnu\\arm\\5.4.
 942              		.file 7 "c:\\program files (x86)\\cypress\\psoc creator\\4.4\\psoc creator\\import\\gnu\\arm\\5.4.
 943              		.file 8 "Generated_Source\\PSoC5/cytypes.h"
 944              		.file 9 "Generated_Source\\PSoC5/ErikaOS_1_common_ee_types.inc"
 945              		.file 10 ".\\source\\bsw/global.h"
 946              		.file 11 "Generated_Source\\PSoC5/ErikaOS_1_ee_oo_intfunc.inc"
 947              		.file 12 "Generated_Source\\PSoC5/ErikaOS_1_cortex_mx_ee_context.inc"
 948              		.file 13 "Generated_Source\\PSoC5/ErikaOS_1_common_ee_primitives.inc"
 949              		.file 14 "Generated_Source\\PSoC5/CyLib.h"
 950              		.file 15 "Generated_Source\\PSoC5/core_cm3.h"
 951              		.file 16 "Generated_Source\\PSoC5/ErikaOS_1_ee_oo_kernel.inc"
 952              		.file 17 "Generated_Source\\PSoC5/ErikaOS_1_ee_oo_irq.inc"
 953              		.file 18 "Generated_Source\\PSoC5/ErikaOS_1_cortex_mx_ee_irq.inc"
 954              		.file 19 ".\\source\\bsw/watchdog.h"
 955              		.file 20 "Generated_Source\\PSoC5/UART_1.h"
 956              		.file 21 ".\\source\\bsw/joystick.h"
 957              		.file 22 "Generated_Source\\PSoC5/PWM_Green.h"
 958              		.file 23 "Generated_Source\\PSoC5/button_osShutdown.h"
 959              		.section	.debug_info,"",%progbits
 960              	.Ldebug_info0:
 961 0000 40090000 		.4byte	0x940
 962 0004 0400     		.2byte	0x4
 963 0006 00000000 		.4byte	.Ldebug_abbrev0
 964 000a 04       		.byte	0x4
ARM GAS  C:\Users\91819\AppData\Local\Temp\ccaGHk0j.s 			page 35


 965 000b 01       		.uleb128 0x1
 966 000c A3050000 		.4byte	.LASF83
 967 0010 0C       		.byte	0xc
 968 0011 93040000 		.4byte	.LASF84
 969 0015 2E010000 		.4byte	.LASF85
 970 0019 00000000 		.4byte	.Ldebug_ranges0+0
 971 001d 00000000 		.4byte	0
 972 0021 00000000 		.4byte	.Ldebug_line0
 973 0025 02       		.uleb128 0x2
 974 0026 01       		.byte	0x1
 975 0027 06       		.byte	0x6
 976 0028 7E030000 		.4byte	.LASF0
 977 002c 02       		.uleb128 0x2
 978 002d 01       		.byte	0x1
 979 002e 08       		.byte	0x8
 980 002f 30030000 		.4byte	.LASF1
 981 0033 02       		.uleb128 0x2
 982 0034 02       		.byte	0x2
 983 0035 05       		.byte	0x5
 984 0036 9E000000 		.4byte	.LASF2
 985 003a 02       		.uleb128 0x2
 986 003b 02       		.byte	0x2
 987 003c 07       		.byte	0x7
 988 003d 00040000 		.4byte	.LASF3
 989 0041 03       		.uleb128 0x3
 990 0042 2B050000 		.4byte	.LASF9
 991 0046 06       		.byte	0x6
 992 0047 3F       		.byte	0x3f
 993 0048 4C000000 		.4byte	0x4c
 994 004c 02       		.uleb128 0x2
 995 004d 04       		.byte	0x4
 996 004e 05       		.byte	0x5
 997 004f 40020000 		.4byte	.LASF4
 998 0053 02       		.uleb128 0x2
 999 0054 04       		.byte	0x4
 1000 0055 07       		.byte	0x7
 1001 0056 B8040000 		.4byte	.LASF5
 1002 005a 02       		.uleb128 0x2
 1003 005b 08       		.byte	0x8
 1004 005c 05       		.byte	0x5
 1005 005d 04020000 		.4byte	.LASF6
 1006 0061 02       		.uleb128 0x2
 1007 0062 08       		.byte	0x8
 1008 0063 07       		.byte	0x7
 1009 0064 92030000 		.4byte	.LASF7
 1010 0068 04       		.uleb128 0x4
 1011 0069 04       		.byte	0x4
 1012 006a 05       		.byte	0x5
 1013 006b 696E7400 		.ascii	"int\000"
 1014 006f 02       		.uleb128 0x2
 1015 0070 04       		.byte	0x4
 1016 0071 07       		.byte	0x7
 1017 0072 A9030000 		.4byte	.LASF8
 1018 0076 03       		.uleb128 0x3
 1019 0077 8A030000 		.4byte	.LASF10
 1020 007b 07       		.byte	0x7
 1021 007c 2C       		.byte	0x2c
ARM GAS  C:\Users\91819\AppData\Local\Temp\ccaGHk0j.s 			page 36


 1022 007d 41000000 		.4byte	0x41
 1023 0081 05       		.uleb128 0x5
 1024 0082 BE010000 		.4byte	.LASF11
 1025 0086 08       		.byte	0x8
 1026 0087 E801     		.2byte	0x1e8
 1027 0089 2C000000 		.4byte	0x2c
 1028 008d 02       		.uleb128 0x2
 1029 008e 04       		.byte	0x4
 1030 008f 04       		.byte	0x4
 1031 0090 FE010000 		.4byte	.LASF12
 1032 0094 02       		.uleb128 0x2
 1033 0095 08       		.byte	0x8
 1034 0096 04       		.byte	0x4
 1035 0097 66050000 		.4byte	.LASF13
 1036 009b 02       		.uleb128 0x2
 1037 009c 01       		.byte	0x1
 1038 009d 08       		.byte	0x8
 1039 009e 4D040000 		.4byte	.LASF14
 1040 00a2 02       		.uleb128 0x2
 1041 00a3 08       		.byte	0x8
 1042 00a4 04       		.byte	0x4
 1043 00a5 05030000 		.4byte	.LASF15
 1044 00a9 03       		.uleb128 0x3
 1045 00aa E9030000 		.4byte	.LASF16
 1046 00ae 09       		.byte	0x9
 1047 00af 53       		.byte	0x53
 1048 00b0 68000000 		.4byte	0x68
 1049 00b4 03       		.uleb128 0x3
 1050 00b5 56030000 		.4byte	.LASF17
 1051 00b9 09       		.byte	0x9
 1052 00ba 54       		.byte	0x54
 1053 00bb 6F000000 		.4byte	0x6f
 1054 00bf 03       		.uleb128 0x3
 1055 00c0 45000000 		.4byte	.LASF18
 1056 00c4 02       		.byte	0x2
 1057 00c5 4D       		.byte	0x4d
 1058 00c6 B4000000 		.4byte	0xb4
 1059 00ca 03       		.uleb128 0x3
 1060 00cb B9000000 		.4byte	.LASF19
 1061 00cf 02       		.byte	0x2
 1062 00d0 4F       		.byte	0x4f
 1063 00d1 B4000000 		.4byte	0xb4
 1064 00d5 03       		.uleb128 0x3
 1065 00d6 12000000 		.4byte	.LASF20
 1066 00da 02       		.byte	0x2
 1067 00db 54       		.byte	0x54
 1068 00dc BF000000 		.4byte	0xbf
 1069 00e0 03       		.uleb128 0x3
 1070 00e1 1E010000 		.4byte	.LASF21
 1071 00e5 02       		.byte	0x2
 1072 00e6 75       		.byte	0x75
 1073 00e7 BF000000 		.4byte	0xbf
 1074 00eb 03       		.uleb128 0x3
 1075 00ec 17010000 		.4byte	.LASF22
 1076 00f0 02       		.byte	0x2
 1077 00f1 78       		.byte	0x78
 1078 00f2 A9000000 		.4byte	0xa9
ARM GAS  C:\Users\91819\AppData\Local\Temp\ccaGHk0j.s 			page 37


 1079 00f6 02       		.uleb128 0x2
 1080 00f7 04       		.byte	0x4
 1081 00f8 07       		.byte	0x7
 1082 00f9 70020000 		.4byte	.LASF23
 1083 00fd 03       		.uleb128 0x3
 1084 00fe AF020000 		.4byte	.LASF24
 1085 0102 0A       		.byte	0xa
 1086 0103 9C       		.byte	0x9c
 1087 0104 2C000000 		.4byte	0x2c
 1088 0108 06       		.uleb128 0x6
 1089 0109 01       		.byte	0x1
 1090 010a 2C000000 		.4byte	0x2c
 1091 010e 13       		.byte	0x13
 1092 010f 0E       		.byte	0xe
 1093 0110 2D010000 		.4byte	0x12d
 1094 0114 07       		.uleb128 0x7
 1095 0115 CA000000 		.4byte	.LASF25
 1096 0119 00       		.byte	0
 1097 011a 07       		.uleb128 0x7
 1098 011b 1E050000 		.4byte	.LASF26
 1099 011f 01       		.byte	0x1
 1100 0120 07       		.uleb128 0x7
 1101 0121 79020000 		.4byte	.LASF27
 1102 0125 02       		.byte	0x2
 1103 0126 07       		.uleb128 0x7
 1104 0127 A0020000 		.4byte	.LASF28
 1105 012b 03       		.byte	0x3
 1106 012c 00       		.byte	0
 1107 012d 08       		.uleb128 0x8
 1108 012e 11030000 		.4byte	.LASF29
 1109 0132 03       		.byte	0x3
 1110 0133 55       		.byte	0x55
 1111 0134 03       		.byte	0x3
 1112 0135 09       		.uleb128 0x9
 1113 0136 4C050000 		.4byte	.LASF86
 1114 013a 02       		.byte	0x2
 1115 013b 5701     		.2byte	0x157
 1116 013d 03       		.byte	0x3
 1117 013e 4F010000 		.4byte	0x14f
 1118 0142 0A       		.uleb128 0xa
 1119 0143 58060000 		.4byte	.LASF37
 1120 0147 02       		.byte	0x2
 1121 0148 5801     		.2byte	0x158
 1122 014a E0000000 		.4byte	0xe0
 1123 014e 00       		.byte	0
 1124 014f 0B       		.uleb128 0xb
 1125 0150 EB020000 		.4byte	.LASF35
 1126 0154 02       		.byte	0x2
 1127 0155 2F01     		.2byte	0x12f
 1128 0157 E0000000 		.4byte	0xe0
 1129 015b 03       		.byte	0x3
 1130 015c 6D010000 		.4byte	0x16d
 1131 0160 0C       		.uleb128 0xc
 1132 0161 58060000 		.4byte	.LASF37
 1133 0165 02       		.byte	0x2
 1134 0166 3401     		.2byte	0x134
 1135 0168 BF000000 		.4byte	0xbf
ARM GAS  C:\Users\91819\AppData\Local\Temp\ccaGHk0j.s 			page 38


 1136 016c 00       		.byte	0
 1137 016d 08       		.uleb128 0x8
 1138 016e 3E030000 		.4byte	.LASF30
 1139 0172 02       		.byte	0x2
 1140 0173 C8       		.byte	0xc8
 1141 0174 03       		.byte	0x3
 1142 0175 0D       		.uleb128 0xd
 1143 0176 E9040000 		.4byte	.LASF87
 1144 017a 03       		.byte	0x3
 1145 017b 42       		.byte	0x42
 1146 017c D5000000 		.4byte	0xd5
 1147 0180 03       		.byte	0x3
 1148 0181 08       		.uleb128 0x8
 1149 0182 75060000 		.4byte	.LASF31
 1150 0186 03       		.byte	0x3
 1151 0187 54       		.byte	0x54
 1152 0188 03       		.byte	0x3
 1153 0189 08       		.uleb128 0x8
 1154 018a 85000000 		.4byte	.LASF32
 1155 018e 03       		.byte	0x3
 1156 018f 64       		.byte	0x64
 1157 0190 03       		.byte	0x3
 1158 0191 08       		.uleb128 0x8
 1159 0192 35050000 		.4byte	.LASF33
 1160 0196 02       		.byte	0x2
 1161 0197 B4       		.byte	0xb4
 1162 0198 03       		.byte	0x3
 1163 0199 08       		.uleb128 0x8
 1164 019a 49020000 		.4byte	.LASF34
 1165 019e 04       		.byte	0x4
 1166 019f 42       		.byte	0x42
 1167 01a0 03       		.byte	0x3
 1168 01a1 0E       		.uleb128 0xe
 1169 01a2 13040000 		.4byte	.LASF88
 1170 01a6 05       		.byte	0x5
 1171 01a7 68       		.byte	0x68
 1172 01a8 03       		.byte	0x3
 1173 01a9 0F       		.uleb128 0xf
 1174 01aa 6D050000 		.4byte	.LASF36
 1175 01ae 05       		.byte	0x5
 1176 01af 89       		.byte	0x89
 1177 01b0 BF000000 		.4byte	0xbf
 1178 01b4 03       		.byte	0x3
 1179 01b5 C5010000 		.4byte	0x1c5
 1180 01b9 10       		.uleb128 0x10
 1181 01ba C9030000 		.4byte	.LASF38
 1182 01be 05       		.byte	0x5
 1183 01bf 89       		.byte	0x89
 1184 01c0 BF000000 		.4byte	0xbf
 1185 01c4 00       		.byte	0
 1186 01c5 08       		.uleb128 0x8
 1187 01c6 A8000000 		.4byte	.LASF39
 1188 01ca 05       		.byte	0x5
 1189 01cb 4F       		.byte	0x4f
 1190 01cc 03       		.byte	0x3
 1191 01cd 11       		.uleb128 0x11
 1192 01ce 65000000 		.4byte	.LASF42
ARM GAS  C:\Users\91819\AppData\Local\Temp\ccaGHk0j.s 			page 39


 1193 01d2 01       		.byte	0x1
 1194 01d3 20       		.byte	0x20
 1195 01d4 00000000 		.4byte	.LFB111
 1196 01d8 0A000000 		.4byte	.LFE111-.LFB111
 1197 01dc 01       		.uleb128 0x1
 1198 01dd 9C       		.byte	0x9c
 1199 01de F2010000 		.4byte	0x1f2
 1200 01e2 12       		.uleb128 0x12
 1201 01e3 08000000 		.4byte	.LVL0
 1202 01e7 62080000 		.4byte	0x862
 1203 01eb 13       		.uleb128 0x13
 1204 01ec 01       		.uleb128 0x1
 1205 01ed 50       		.byte	0x50
 1206 01ee 01       		.uleb128 0x1
 1207 01ef 30       		.byte	0x30
 1208 01f0 00       		.byte	0
 1209 01f1 00       		.byte	0
 1210 01f2 0B       		.uleb128 0xb
 1211 01f3 FD000000 		.4byte	.LASF40
 1212 01f7 02       		.byte	0x2
 1213 01f8 6F01     		.2byte	0x16f
 1214 01fa E0000000 		.4byte	0xe0
 1215 01fe 03       		.byte	0x3
 1216 01ff 1C020000 		.4byte	0x21c
 1217 0203 0C       		.uleb128 0xc
 1218 0204 77040000 		.4byte	.LASF41
 1219 0208 02       		.byte	0x2
 1220 0209 7401     		.2byte	0x174
 1221 020b BF000000 		.4byte	0xbf
 1222 020f 0C       		.uleb128 0xc
 1223 0210 58060000 		.4byte	.LASF37
 1224 0214 02       		.byte	0x2
 1225 0215 7501     		.2byte	0x175
 1226 0217 E0000000 		.4byte	0xe0
 1227 021b 00       		.byte	0
 1228 021c 11       		.uleb128 0x11
 1229 021d 67040000 		.4byte	.LASF43
 1230 0221 01       		.byte	0x1
 1231 0222 20       		.byte	0x20
 1232 0223 00000000 		.4byte	.LFB110
 1233 0227 98000000 		.4byte	.LFE110-.LFB110
 1234 022b 01       		.uleb128 0x1
 1235 022c 9C       		.byte	0x9c
 1236 022d 79030000 		.4byte	0x379
 1237 0231 14       		.uleb128 0x14
 1238 0232 69706C00 		.ascii	"ipl\000"
 1239 0236 01       		.byte	0x1
 1240 0237 20       		.byte	0x20
 1241 0238 BF000000 		.4byte	0xbf
 1242 023c 00000000 		.4byte	.LLST0
 1243 0240 15       		.uleb128 0x15
 1244 0241 6D010000 		.4byte	0x16d
 1245 0245 0A000000 		.4byte	.LBB80
 1246 0249 02000000 		.4byte	.LBE80-.LBB80
 1247 024d 01       		.byte	0x1
 1248 024e 20       		.byte	0x20
 1249 024f 16       		.uleb128 0x16
ARM GAS  C:\Users\91819\AppData\Local\Temp\ccaGHk0j.s 			page 40


 1250 0250 4F010000 		.4byte	0x14f
 1251 0254 0C000000 		.4byte	.LBB82
 1252 0258 04000000 		.4byte	.LBE82-.LBB82
 1253 025c 01       		.byte	0x1
 1254 025d 20       		.byte	0x20
 1255 025e 72020000 		.4byte	0x272
 1256 0262 17       		.uleb128 0x17
 1257 0263 0C000000 		.4byte	.LBB83
 1258 0267 04000000 		.4byte	.LBE83-.LBB83
 1259 026b 18       		.uleb128 0x18
 1260 026c 60010000 		.4byte	0x160
 1261 0270 00       		.byte	0
 1262 0271 00       		.byte	0
 1263 0272 16       		.uleb128 0x16
 1264 0273 F2010000 		.4byte	0x1f2
 1265 0277 10000000 		.4byte	.LBB84
 1266 027b 3A000000 		.4byte	.LBE84-.LBB84
 1267 027f 01       		.byte	0x1
 1268 0280 20       		.byte	0x20
 1269 0281 A2020000 		.4byte	0x2a2
 1270 0285 17       		.uleb128 0x17
 1271 0286 10000000 		.4byte	.LBB85
 1272 028a 3A000000 		.4byte	.LBE85-.LBB85
 1273 028e 19       		.uleb128 0x19
 1274 028f 03020000 		.4byte	0x203
 1275 0293 14000000 		.4byte	.LLST1
 1276 0297 19       		.uleb128 0x19
 1277 0298 0F020000 		.4byte	0x20f
 1278 029c 3D000000 		.4byte	.LLST2
 1279 02a0 00       		.byte	0
 1280 02a1 00       		.byte	0
 1281 02a2 16       		.uleb128 0x16
 1282 02a3 35010000 		.4byte	0x135
 1283 02a7 4A000000 		.4byte	.LBB86
 1284 02ab 04000000 		.4byte	.LBE86-.LBB86
 1285 02af 01       		.byte	0x1
 1286 02b0 20       		.byte	0x20
 1287 02b1 BB020000 		.4byte	0x2bb
 1288 02b5 1A       		.uleb128 0x1a
 1289 02b6 42010000 		.4byte	0x142
 1290 02ba 00       		.byte	0
 1291 02bb 15       		.uleb128 0x15
 1292 02bc 2D010000 		.4byte	0x12d
 1293 02c0 4E000000 		.4byte	.LBB88
 1294 02c4 08000000 		.4byte	.LBE88-.LBB88
 1295 02c8 01       		.byte	0x1
 1296 02c9 20       		.byte	0x20
 1297 02ca 15       		.uleb128 0x15
 1298 02cb 91010000 		.4byte	0x191
 1299 02cf 5E000000 		.4byte	.LBB90
 1300 02d3 02000000 		.4byte	.LBE90-.LBB90
 1301 02d7 01       		.byte	0x1
 1302 02d8 20       		.byte	0x20
 1303 02d9 15       		.uleb128 0x15
 1304 02da 6D010000 		.4byte	0x16d
 1305 02de 64000000 		.4byte	.LBB92
 1306 02e2 02000000 		.4byte	.LBE92-.LBB92
ARM GAS  C:\Users\91819\AppData\Local\Temp\ccaGHk0j.s 			page 41


 1307 02e6 01       		.byte	0x1
 1308 02e7 20       		.byte	0x20
 1309 02e8 16       		.uleb128 0x16
 1310 02e9 35010000 		.4byte	0x135
 1311 02ed 66000000 		.4byte	.LBB94
 1312 02f1 04000000 		.4byte	.LBE94-.LBB94
 1313 02f5 01       		.byte	0x1
 1314 02f6 20       		.byte	0x20
 1315 02f7 05030000 		.4byte	0x305
 1316 02fb 1B       		.uleb128 0x1b
 1317 02fc 42010000 		.4byte	0x142
 1318 0300 7F000000 		.4byte	.LLST3
 1319 0304 00       		.byte	0
 1320 0305 16       		.uleb128 0x16
 1321 0306 89010000 		.4byte	0x189
 1322 030a 6A000000 		.4byte	.LBB96
 1323 030e 04000000 		.4byte	.LBE96-.LBB96
 1324 0312 01       		.byte	0x1
 1325 0313 20       		.byte	0x20
 1326 0314 22030000 		.4byte	0x322
 1327 0318 1C       		.uleb128 0x1c
 1328 0319 6E000000 		.4byte	.LVL16
 1329 031d 6E080000 		.4byte	0x86e
 1330 0321 00       		.byte	0
 1331 0322 15       		.uleb128 0x15
 1332 0323 81010000 		.4byte	0x181
 1333 0327 6E000000 		.4byte	.LBB98
 1334 032b 08000000 		.4byte	.LBE98-.LBB98
 1335 032f 01       		.byte	0x1
 1336 0330 20       		.byte	0x20
 1337 0331 16       		.uleb128 0x16
 1338 0332 99010000 		.4byte	0x199
 1339 0336 7C000000 		.4byte	.LBB100
 1340 033a 04000000 		.4byte	.LBE100-.LBB100
 1341 033e 01       		.byte	0x1
 1342 033f 20       		.byte	0x20
 1343 0340 4E030000 		.4byte	0x34e
 1344 0344 1C       		.uleb128 0x1c
 1345 0345 80000000 		.4byte	.LVL18
 1346 0349 79080000 		.4byte	0x879
 1347 034d 00       		.byte	0
 1348 034e 15       		.uleb128 0x15
 1349 034f 91010000 		.4byte	0x191
 1350 0353 80000000 		.4byte	.LBB102
 1351 0357 02000000 		.4byte	.LBE102-.LBB102
 1352 035b 01       		.byte	0x1
 1353 035c 20       		.byte	0x20
 1354 035d 1C       		.uleb128 0x1c
 1355 035e 5E000000 		.4byte	.LVL12
 1356 0362 84080000 		.4byte	0x884
 1357 0366 1C       		.uleb128 0x1c
 1358 0367 64000000 		.4byte	.LVL13
 1359 036b CD010000 		.4byte	0x1cd
 1360 036f 1C       		.uleb128 0x1c
 1361 0370 7C000000 		.4byte	.LVL17
 1362 0374 8F080000 		.4byte	0x88f
 1363 0378 00       		.byte	0
ARM GAS  C:\Users\91819\AppData\Local\Temp\ccaGHk0j.s 			page 42


 1364 0379 1D       		.uleb128 0x1d
 1365 037a 52040000 		.4byte	.LASF44
 1366 037e 01       		.byte	0x1
 1367 037f 27       		.byte	0x27
 1368 0380 68000000 		.4byte	0x68
 1369 0384 00000000 		.4byte	.LFB112
 1370 0388 2C000000 		.4byte	.LFE112-.LFB112
 1371 038c 01       		.uleb128 0x1
 1372 038d 9C       		.byte	0x9c
 1373 038e E1030000 		.4byte	0x3e1
 1374 0392 16       		.uleb128 0x16
 1375 0393 A9010000 		.4byte	0x1a9
 1376 0397 04000000 		.4byte	.LBB104
 1377 039b 08000000 		.4byte	.LBE104-.LBB104
 1378 039f 01       		.byte	0x1
 1379 03a0 2C       		.byte	0x2c
 1380 03a1 AF030000 		.4byte	0x3af
 1381 03a5 1B       		.uleb128 0x1b
 1382 03a6 B9010000 		.4byte	0x1b9
 1383 03aa 92000000 		.4byte	.LLST4
 1384 03ae 00       		.byte	0
 1385 03af 15       		.uleb128 0x15
 1386 03b0 A1010000 		.4byte	0x1a1
 1387 03b4 0C000000 		.4byte	.LBB106
 1388 03b8 0A000000 		.4byte	.LBE106-.LBB106
 1389 03bc 01       		.byte	0x1
 1390 03bd 2D       		.byte	0x2d
 1391 03be 1E       		.uleb128 0x1e
 1392 03bf 1C000000 		.4byte	.LVL21
 1393 03c3 9A080000 		.4byte	0x89a
 1394 03c7 D1030000 		.4byte	0x3d1
 1395 03cb 13       		.uleb128 0x13
 1396 03cc 01       		.uleb128 0x1
 1397 03cd 50       		.byte	0x50
 1398 03ce 01       		.uleb128 0x1
 1399 03cf 33       		.byte	0x33
 1400 03d0 00       		.byte	0
 1401 03d1 12       		.uleb128 0x12
 1402 03d2 22000000 		.4byte	.LVL22
 1403 03d6 A5080000 		.4byte	0x8a5
 1404 03da 13       		.uleb128 0x13
 1405 03db 01       		.uleb128 0x1
 1406 03dc 50       		.byte	0x50
 1407 03dd 01       		.uleb128 0x1
 1408 03de 30       		.byte	0x30
 1409 03df 00       		.byte	0
 1410 03e0 00       		.byte	0
 1411 03e1 1F       		.uleb128 0x1f
 1412 03e2 3A040000 		.4byte	.LASF89
 1413 03e6 01       		.byte	0x1
 1414 03e7 39       		.byte	0x39
 1415 03e8 00000000 		.4byte	.LFB113
 1416 03ec 04000000 		.4byte	.LFE113-.LFB113
 1417 03f0 01       		.uleb128 0x1
 1418 03f1 9C       		.byte	0x9c
 1419 03f2 20       		.uleb128 0x20
 1420 03f3 B6030000 		.4byte	.LASF45
ARM GAS  C:\Users\91819\AppData\Local\Temp\ccaGHk0j.s 			page 43


 1421 03f7 01       		.byte	0x1
 1422 03f8 7E       		.byte	0x7e
 1423 03f9 00000000 		.4byte	.LFB116
 1424 03fd 24000000 		.4byte	.LFE116-.LFB116
 1425 0401 01       		.uleb128 0x1
 1426 0402 9C       		.byte	0x9c
 1427 0403 20040000 		.4byte	0x420
 1428 0407 21       		.uleb128 0x21
 1429 0408 E2010000 		.4byte	.LASF46
 1430 040c 01       		.byte	0x1
 1431 040d 80       		.byte	0x80
 1432 040e FD000000 		.4byte	0xfd
 1433 0412 A8000000 		.4byte	.LLST5
 1434 0416 1C       		.uleb128 0x1c
 1435 0417 16000000 		.4byte	.LVL24
 1436 041b B1080000 		.4byte	0x8b1
 1437 041f 00       		.byte	0
 1438 0420 22       		.uleb128 0x22
 1439 0421 35020000 		.4byte	.LASF48
 1440 0425 01       		.byte	0x1
 1441 0426 A0       		.byte	0xa0
 1442 0427 00000000 		.4byte	.LFB119
 1443 042b 38000000 		.4byte	.LFE119-.LFB119
 1444 042f 01       		.uleb128 0x1
 1445 0430 9C       		.byte	0x9c
 1446 0431 80040000 		.4byte	0x480
 1447 0435 1C       		.uleb128 0x1c
 1448 0436 06000000 		.4byte	.LVL25
 1449 043a BC080000 		.4byte	0x8bc
 1450 043e 1E       		.uleb128 0x1e
 1451 043f 10000000 		.4byte	.LVL26
 1452 0443 C7080000 		.4byte	0x8c7
 1453 0447 55040000 		.4byte	0x455
 1454 044b 13       		.uleb128 0x13
 1455 044c 01       		.uleb128 0x1
 1456 044d 50       		.byte	0x50
 1457 044e 05       		.uleb128 0x5
 1458 044f 03       		.byte	0x3
 1459 0450 00000000 		.4byte	.LC0
 1460 0454 00       		.byte	0
 1461 0455 1E       		.uleb128 0x1e
 1462 0456 1E000000 		.4byte	.LVL27
 1463 045a C7080000 		.4byte	0x8c7
 1464 045e 6C040000 		.4byte	0x46c
 1465 0462 13       		.uleb128 0x13
 1466 0463 01       		.uleb128 0x1
 1467 0464 50       		.byte	0x50
 1468 0465 05       		.uleb128 0x5
 1469 0466 03       		.byte	0x3
 1470 0467 20000000 		.4byte	.LC1
 1471 046b 00       		.byte	0
 1472 046c 12       		.uleb128 0x12
 1473 046d 26000000 		.4byte	.LVL28
 1474 0471 C7080000 		.4byte	0x8c7
 1475 0475 13       		.uleb128 0x13
 1476 0476 01       		.uleb128 0x1
 1477 0477 50       		.byte	0x50
ARM GAS  C:\Users\91819\AppData\Local\Temp\ccaGHk0j.s 			page 44


 1478 0478 05       		.uleb128 0x5
 1479 0479 03       		.byte	0x3
 1480 047a 4C000000 		.4byte	.LC2
 1481 047e 00       		.byte	0
 1482 047f 00       		.byte	0
 1483 0480 11       		.uleb128 0x11
 1484 0481 CB020000 		.4byte	.LASF47
 1485 0485 01       		.byte	0x1
 1486 0486 43       		.byte	0x43
 1487 0487 00000000 		.4byte	.LFB114
 1488 048b 80000000 		.4byte	.LFE114-.LFB114
 1489 048f 01       		.uleb128 0x1
 1490 0490 9C       		.byte	0x9c
 1491 0491 C5050000 		.4byte	0x5c5
 1492 0495 15       		.uleb128 0x15
 1493 0496 C5010000 		.4byte	0x1c5
 1494 049a 12000000 		.4byte	.LBB108
 1495 049e 0A000000 		.4byte	.LBE108-.LBB108
 1496 04a2 01       		.byte	0x1
 1497 04a3 53       		.byte	0x53
 1498 04a4 1C       		.uleb128 0x1c
 1499 04a5 06000000 		.4byte	.LVL29
 1500 04a9 D2080000 		.4byte	0x8d2
 1501 04ad 1C       		.uleb128 0x1c
 1502 04ae 0A000000 		.4byte	.LVL30
 1503 04b2 DD080000 		.4byte	0x8dd
 1504 04b6 1C       		.uleb128 0x1c
 1505 04b7 0E000000 		.4byte	.LVL31
 1506 04bb E8080000 		.4byte	0x8e8
 1507 04bf 1C       		.uleb128 0x1c
 1508 04c0 12000000 		.4byte	.LVL32
 1509 04c4 F4080000 		.4byte	0x8f4
 1510 04c8 1E       		.uleb128 0x1e
 1511 04c9 26000000 		.4byte	.LVL33
 1512 04cd FF080000 		.4byte	0x8ff
 1513 04d1 E5040000 		.4byte	0x4e5
 1514 04d5 13       		.uleb128 0x13
 1515 04d6 01       		.uleb128 0x1
 1516 04d7 50       		.byte	0x50
 1517 04d8 01       		.uleb128 0x1
 1518 04d9 30       		.byte	0x30
 1519 04da 13       		.uleb128 0x13
 1520 04db 01       		.uleb128 0x1
 1521 04dc 51       		.byte	0x51
 1522 04dd 01       		.uleb128 0x1
 1523 04de 3A       		.byte	0x3a
 1524 04df 13       		.uleb128 0x13
 1525 04e0 01       		.uleb128 0x1
 1526 04e1 52       		.byte	0x52
 1527 04e2 01       		.uleb128 0x1
 1528 04e3 3A       		.byte	0x3a
 1529 04e4 00       		.byte	0
 1530 04e5 1E       		.uleb128 0x1e
 1531 04e6 30000000 		.4byte	.LVL34
 1532 04ea FF080000 		.4byte	0x8ff
 1533 04ee 02050000 		.4byte	0x502
 1534 04f2 13       		.uleb128 0x13
ARM GAS  C:\Users\91819\AppData\Local\Temp\ccaGHk0j.s 			page 45


 1535 04f3 01       		.uleb128 0x1
 1536 04f4 50       		.byte	0x50
 1537 04f5 01       		.uleb128 0x1
 1538 04f6 31       		.byte	0x31
 1539 04f7 13       		.uleb128 0x13
 1540 04f8 01       		.uleb128 0x1
 1541 04f9 51       		.byte	0x51
 1542 04fa 01       		.uleb128 0x1
 1543 04fb 31       		.byte	0x31
 1544 04fc 13       		.uleb128 0x13
 1545 04fd 01       		.uleb128 0x1
 1546 04fe 52       		.byte	0x52
 1547 04ff 01       		.uleb128 0x1
 1548 0500 31       		.byte	0x31
 1549 0501 00       		.byte	0
 1550 0502 1E       		.uleb128 0x1e
 1551 0503 3A000000 		.4byte	.LVL35
 1552 0507 FF080000 		.4byte	0x8ff
 1553 050b 21050000 		.4byte	0x521
 1554 050f 13       		.uleb128 0x13
 1555 0510 01       		.uleb128 0x1
 1556 0511 50       		.byte	0x50
 1557 0512 01       		.uleb128 0x1
 1558 0513 32       		.byte	0x32
 1559 0514 13       		.uleb128 0x13
 1560 0515 01       		.uleb128 0x1
 1561 0516 51       		.byte	0x51
 1562 0517 02       		.uleb128 0x2
 1563 0518 08       		.byte	0x8
 1564 0519 FA       		.byte	0xfa
 1565 051a 13       		.uleb128 0x13
 1566 051b 01       		.uleb128 0x1
 1567 051c 52       		.byte	0x52
 1568 051d 02       		.uleb128 0x2
 1569 051e 08       		.byte	0x8
 1570 051f FA       		.byte	0xfa
 1571 0520 00       		.byte	0
 1572 0521 1E       		.uleb128 0x1e
 1573 0522 40000000 		.4byte	.LVL36
 1574 0526 0B090000 		.4byte	0x90b
 1575 052a 34050000 		.4byte	0x534
 1576 052e 13       		.uleb128 0x13
 1577 052f 01       		.uleb128 0x1
 1578 0530 50       		.byte	0x50
 1579 0531 01       		.uleb128 0x1
 1580 0532 32       		.byte	0x32
 1581 0533 00       		.byte	0
 1582 0534 1E       		.uleb128 0x1e
 1583 0535 46000000 		.4byte	.LVL37
 1584 0539 0B090000 		.4byte	0x90b
 1585 053d 47050000 		.4byte	0x547
 1586 0541 13       		.uleb128 0x13
 1587 0542 01       		.uleb128 0x1
 1588 0543 50       		.byte	0x50
 1589 0544 01       		.uleb128 0x1
 1590 0545 33       		.byte	0x33
 1591 0546 00       		.byte	0
ARM GAS  C:\Users\91819\AppData\Local\Temp\ccaGHk0j.s 			page 46


 1592 0547 1E       		.uleb128 0x1e
 1593 0548 4C000000 		.4byte	.LVL38
 1594 054c 0B090000 		.4byte	0x90b
 1595 0550 5A050000 		.4byte	0x55a
 1596 0554 13       		.uleb128 0x13
 1597 0555 01       		.uleb128 0x1
 1598 0556 50       		.byte	0x50
 1599 0557 01       		.uleb128 0x1
 1600 0558 31       		.byte	0x31
 1601 0559 00       		.byte	0
 1602 055a 1E       		.uleb128 0x1e
 1603 055b 52000000 		.4byte	.LVL39
 1604 055f 0B090000 		.4byte	0x90b
 1605 0563 6D050000 		.4byte	0x56d
 1606 0567 13       		.uleb128 0x13
 1607 0568 01       		.uleb128 0x1
 1608 0569 50       		.byte	0x50
 1609 056a 01       		.uleb128 0x1
 1610 056b 35       		.byte	0x35
 1611 056c 00       		.byte	0
 1612 056d 1E       		.uleb128 0x1e
 1613 056e 58000000 		.4byte	.LVL40
 1614 0572 C7080000 		.4byte	0x8c7
 1615 0576 84050000 		.4byte	0x584
 1616 057a 13       		.uleb128 0x13
 1617 057b 01       		.uleb128 0x1
 1618 057c 50       		.byte	0x50
 1619 057d 05       		.uleb128 0x5
 1620 057e 03       		.byte	0x3
 1621 057f 68000000 		.4byte	.LC3
 1622 0583 00       		.byte	0
 1623 0584 1E       		.uleb128 0x1e
 1624 0585 5E000000 		.4byte	.LVL41
 1625 0589 C7080000 		.4byte	0x8c7
 1626 058d 9B050000 		.4byte	0x59b
 1627 0591 13       		.uleb128 0x13
 1628 0592 01       		.uleb128 0x1
 1629 0593 50       		.byte	0x50
 1630 0594 05       		.uleb128 0x5
 1631 0595 03       		.byte	0x3
 1632 0596 8C000000 		.4byte	.LC4
 1633 059a 00       		.byte	0
 1634 059b 1E       		.uleb128 0x1e
 1635 059c 64000000 		.4byte	.LVL42
 1636 05a0 C7080000 		.4byte	0x8c7
 1637 05a4 B2050000 		.4byte	0x5b2
 1638 05a8 13       		.uleb128 0x13
 1639 05a9 01       		.uleb128 0x1
 1640 05aa 50       		.byte	0x50
 1641 05ab 05       		.uleb128 0x5
 1642 05ac 03       		.byte	0x3
 1643 05ad AC000000 		.4byte	.LC5
 1644 05b1 00       		.byte	0
 1645 05b2 1C       		.uleb128 0x1c
 1646 05b3 68000000 		.4byte	.LVL43
 1647 05b7 20040000 		.4byte	0x420
 1648 05bb 1C       		.uleb128 0x1c
ARM GAS  C:\Users\91819\AppData\Local\Temp\ccaGHk0j.s 			page 47


 1649 05bc 6C000000 		.4byte	.LVL44
 1650 05c0 16090000 		.4byte	0x916
 1651 05c4 00       		.byte	0
 1652 05c5 22       		.uleb128 0x22
 1653 05c6 57040000 		.4byte	.LASF49
 1654 05ca 01       		.byte	0x1
 1655 05cb B2       		.byte	0xb2
 1656 05cc 00000000 		.4byte	.LFB120
 1657 05d0 14000000 		.4byte	.LFE120-.LFB120
 1658 05d4 01       		.uleb128 0x1
 1659 05d5 9C       		.byte	0x9c
 1660 05d6 01060000 		.4byte	0x601
 1661 05da 1E       		.uleb128 0x1e
 1662 05db 08000000 		.4byte	.LVL45
 1663 05df C7080000 		.4byte	0x8c7
 1664 05e3 F1050000 		.4byte	0x5f1
 1665 05e7 13       		.uleb128 0x13
 1666 05e8 01       		.uleb128 0x1
 1667 05e9 50       		.byte	0x50
 1668 05ea 05       		.uleb128 0x5
 1669 05eb 03       		.byte	0x3
 1670 05ec E0000000 		.4byte	.LC6
 1671 05f0 00       		.byte	0
 1672 05f1 12       		.uleb128 0x12
 1673 05f2 0E000000 		.4byte	.LVL46
 1674 05f6 21090000 		.4byte	0x921
 1675 05fa 13       		.uleb128 0x13
 1676 05fb 01       		.uleb128 0x1
 1677 05fc 50       		.byte	0x50
 1678 05fd 01       		.uleb128 0x1
 1679 05fe 30       		.byte	0x30
 1680 05ff 00       		.byte	0
 1681 0600 00       		.byte	0
 1682 0601 11       		.uleb128 0x11
 1683 0602 29040000 		.4byte	.LASF50
 1684 0606 01       		.byte	0x1
 1685 0607 69       		.byte	0x69
 1686 0608 00000000 		.4byte	.LFB115
 1687 060c 40000000 		.4byte	.LFE115-.LFB115
 1688 0610 01       		.uleb128 0x1
 1689 0611 9C       		.byte	0x9c
 1690 0612 57060000 		.4byte	0x657
 1691 0616 1C       		.uleb128 0x1c
 1692 0617 06000000 		.4byte	.LVL47
 1693 061b 2D090000 		.4byte	0x92d
 1694 061f 1E       		.uleb128 0x1e
 1695 0620 1A000000 		.4byte	.LVL48
 1696 0624 C7080000 		.4byte	0x8c7
 1697 0628 36060000 		.4byte	0x636
 1698 062c 13       		.uleb128 0x13
 1699 062d 01       		.uleb128 0x1
 1700 062e 50       		.byte	0x50
 1701 062f 05       		.uleb128 0x5
 1702 0630 03       		.byte	0x3
 1703 0631 00010000 		.4byte	.LC7
 1704 0635 00       		.byte	0
 1705 0636 1E       		.uleb128 0x1e
ARM GAS  C:\Users\91819\AppData\Local\Temp\ccaGHk0j.s 			page 48


 1706 0637 28000000 		.4byte	.LVL49
 1707 063b C7080000 		.4byte	0x8c7
 1708 063f 4D060000 		.4byte	0x64d
 1709 0643 13       		.uleb128 0x13
 1710 0644 01       		.uleb128 0x1
 1711 0645 50       		.byte	0x50
 1712 0646 05       		.uleb128 0x5
 1713 0647 03       		.byte	0x3
 1714 0648 10010000 		.4byte	.LC8
 1715 064c 00       		.byte	0
 1716 064d 1C       		.uleb128 0x1c
 1717 064e 2C000000 		.4byte	.LVL50
 1718 0652 C5050000 		.4byte	0x5c5
 1719 0656 00       		.byte	0
 1720 0657 11       		.uleb128 0x11
 1721 0658 1E000000 		.4byte	.LASF51
 1722 065c 01       		.byte	0x1
 1723 065d 98       		.byte	0x98
 1724 065e 00000000 		.4byte	.LFB118
 1725 0662 10000000 		.4byte	.LFE118-.LFB118
 1726 0666 01       		.uleb128 0x1
 1727 0667 9C       		.byte	0x9c
 1728 0668 7F060000 		.4byte	0x67f
 1729 066c 1C       		.uleb128 0x1c
 1730 066d 06000000 		.4byte	.LVL51
 1731 0671 38090000 		.4byte	0x938
 1732 0675 1C       		.uleb128 0x1c
 1733 0676 0E000000 		.4byte	.LVL52
 1734 067a C5050000 		.4byte	0x5c5
 1735 067e 00       		.byte	0
 1736 067f 11       		.uleb128 0x11
 1737 0680 83050000 		.4byte	.LASF52
 1738 0684 01       		.byte	0x1
 1739 0685 98       		.byte	0x98
 1740 0686 00000000 		.4byte	.LFB117
 1741 068a 98000000 		.4byte	.LFE117-.LFB117
 1742 068e 01       		.uleb128 0x1
 1743 068f 9C       		.byte	0x9c
 1744 0690 DC070000 		.4byte	0x7dc
 1745 0694 14       		.uleb128 0x14
 1746 0695 69706C00 		.ascii	"ipl\000"
 1747 0699 01       		.byte	0x1
 1748 069a 98       		.byte	0x98
 1749 069b BF000000 		.4byte	0xbf
 1750 069f BB000000 		.4byte	.LLST6
 1751 06a3 15       		.uleb128 0x15
 1752 06a4 6D010000 		.4byte	0x16d
 1753 06a8 0A000000 		.4byte	.LBB134
 1754 06ac 02000000 		.4byte	.LBE134-.LBB134
 1755 06b0 01       		.byte	0x1
 1756 06b1 98       		.byte	0x98
 1757 06b2 16       		.uleb128 0x16
 1758 06b3 4F010000 		.4byte	0x14f
 1759 06b7 0C000000 		.4byte	.LBB136
 1760 06bb 04000000 		.4byte	.LBE136-.LBB136
 1761 06bf 01       		.byte	0x1
 1762 06c0 98       		.byte	0x98
ARM GAS  C:\Users\91819\AppData\Local\Temp\ccaGHk0j.s 			page 49


 1763 06c1 D5060000 		.4byte	0x6d5
 1764 06c5 17       		.uleb128 0x17
 1765 06c6 0C000000 		.4byte	.LBB137
 1766 06ca 04000000 		.4byte	.LBE137-.LBB137
 1767 06ce 18       		.uleb128 0x18
 1768 06cf 60010000 		.4byte	0x160
 1769 06d3 00       		.byte	0
 1770 06d4 00       		.byte	0
 1771 06d5 16       		.uleb128 0x16
 1772 06d6 F2010000 		.4byte	0x1f2
 1773 06da 10000000 		.4byte	.LBB138
 1774 06de 3A000000 		.4byte	.LBE138-.LBB138
 1775 06e2 01       		.byte	0x1
 1776 06e3 98       		.byte	0x98
 1777 06e4 05070000 		.4byte	0x705
 1778 06e8 17       		.uleb128 0x17
 1779 06e9 10000000 		.4byte	.LBB139
 1780 06ed 3A000000 		.4byte	.LBE139-.LBB139
 1781 06f1 19       		.uleb128 0x19
 1782 06f2 03020000 		.4byte	0x203
 1783 06f6 CF000000 		.4byte	.LLST7
 1784 06fa 19       		.uleb128 0x19
 1785 06fb 0F020000 		.4byte	0x20f
 1786 06ff F8000000 		.4byte	.LLST8
 1787 0703 00       		.byte	0
 1788 0704 00       		.byte	0
 1789 0705 16       		.uleb128 0x16
 1790 0706 35010000 		.4byte	0x135
 1791 070a 4A000000 		.4byte	.LBB140
 1792 070e 04000000 		.4byte	.LBE140-.LBB140
 1793 0712 01       		.byte	0x1
 1794 0713 98       		.byte	0x98
 1795 0714 1E070000 		.4byte	0x71e
 1796 0718 1A       		.uleb128 0x1a
 1797 0719 42010000 		.4byte	0x142
 1798 071d 00       		.byte	0
 1799 071e 15       		.uleb128 0x15
 1800 071f 2D010000 		.4byte	0x12d
 1801 0723 4E000000 		.4byte	.LBB142
 1802 0727 08000000 		.4byte	.LBE142-.LBB142
 1803 072b 01       		.byte	0x1
 1804 072c 98       		.byte	0x98
 1805 072d 15       		.uleb128 0x15
 1806 072e 91010000 		.4byte	0x191
 1807 0732 5E000000 		.4byte	.LBB144
 1808 0736 02000000 		.4byte	.LBE144-.LBB144
 1809 073a 01       		.byte	0x1
 1810 073b 98       		.byte	0x98
 1811 073c 15       		.uleb128 0x15
 1812 073d 6D010000 		.4byte	0x16d
 1813 0741 64000000 		.4byte	.LBB146
 1814 0745 02000000 		.4byte	.LBE146-.LBB146
 1815 0749 01       		.byte	0x1
 1816 074a 98       		.byte	0x98
 1817 074b 16       		.uleb128 0x16
 1818 074c 35010000 		.4byte	0x135
 1819 0750 66000000 		.4byte	.LBB148
ARM GAS  C:\Users\91819\AppData\Local\Temp\ccaGHk0j.s 			page 50


 1820 0754 04000000 		.4byte	.LBE148-.LBB148
 1821 0758 01       		.byte	0x1
 1822 0759 98       		.byte	0x98
 1823 075a 68070000 		.4byte	0x768
 1824 075e 1B       		.uleb128 0x1b
 1825 075f 42010000 		.4byte	0x142
 1826 0763 3A010000 		.4byte	.LLST9
 1827 0767 00       		.byte	0
 1828 0768 16       		.uleb128 0x16
 1829 0769 89010000 		.4byte	0x189
 1830 076d 6A000000 		.4byte	.LBB150
 1831 0771 04000000 		.4byte	.LBE150-.LBB150
 1832 0775 01       		.byte	0x1
 1833 0776 98       		.byte	0x98
 1834 0777 85070000 		.4byte	0x785
 1835 077b 1C       		.uleb128 0x1c
 1836 077c 6E000000 		.4byte	.LVL68
 1837 0780 6E080000 		.4byte	0x86e
 1838 0784 00       		.byte	0
 1839 0785 15       		.uleb128 0x15
 1840 0786 81010000 		.4byte	0x181
 1841 078a 6E000000 		.4byte	.LBB152
 1842 078e 08000000 		.4byte	.LBE152-.LBB152
 1843 0792 01       		.byte	0x1
 1844 0793 98       		.byte	0x98
 1845 0794 16       		.uleb128 0x16
 1846 0795 99010000 		.4byte	0x199
 1847 0799 7C000000 		.4byte	.LBB154
 1848 079d 04000000 		.4byte	.LBE154-.LBB154
 1849 07a1 01       		.byte	0x1
 1850 07a2 98       		.byte	0x98
 1851 07a3 B1070000 		.4byte	0x7b1
 1852 07a7 1C       		.uleb128 0x1c
 1853 07a8 80000000 		.4byte	.LVL70
 1854 07ac 79080000 		.4byte	0x879
 1855 07b0 00       		.byte	0
 1856 07b1 15       		.uleb128 0x15
 1857 07b2 91010000 		.4byte	0x191
 1858 07b6 80000000 		.4byte	.LBB156
 1859 07ba 02000000 		.4byte	.LBE156-.LBB156
 1860 07be 01       		.byte	0x1
 1861 07bf 98       		.byte	0x98
 1862 07c0 1C       		.uleb128 0x1c
 1863 07c1 5E000000 		.4byte	.LVL64
 1864 07c5 84080000 		.4byte	0x884
 1865 07c9 1C       		.uleb128 0x1c
 1866 07ca 64000000 		.4byte	.LVL65
 1867 07ce 57060000 		.4byte	0x657
 1868 07d2 1C       		.uleb128 0x1c
 1869 07d3 7C000000 		.4byte	.LVL69
 1870 07d7 8F080000 		.4byte	0x88f
 1871 07db 00       		.byte	0
 1872 07dc 23       		.uleb128 0x23
 1873 07dd 5D060000 		.4byte	.LASF53
 1874 07e1 0B       		.byte	0xb
 1875 07e2 40       		.byte	0x40
 1876 07e3 BF000000 		.4byte	0xbf
ARM GAS  C:\Users\91819\AppData\Local\Temp\ccaGHk0j.s 			page 51


 1877 07e7 23       		.uleb128 0x23
 1878 07e8 87020000 		.4byte	.LASF54
 1879 07ec 0B       		.byte	0xb
 1880 07ed 47       		.byte	0x47
 1881 07ee CA000000 		.4byte	0xca
 1882 07f2 23       		.uleb128 0x23
 1883 07f3 A5040000 		.4byte	.LASF55
 1884 07f7 0B       		.byte	0xb
 1885 07f8 4A       		.byte	0x4a
 1886 07f9 BF000000 		.4byte	0xbf
 1887 07fd 23       		.uleb128 0x23
 1888 07fe D0030000 		.4byte	.LASF56
 1889 0802 0C       		.byte	0xc
 1890 0803 48       		.byte	0x48
 1891 0804 EB000000 		.4byte	0xeb
 1892 0808 23       		.uleb128 0x23
 1893 0809 C4010000 		.4byte	.LASF57
 1894 080d 0D       		.byte	0xd
 1895 080e 44       		.byte	0x44
 1896 080f BF000000 		.4byte	0xbf
 1897 0813 23       		.uleb128 0x23
 1898 0814 F2030000 		.4byte	.LASF58
 1899 0818 0E       		.byte	0xe
 1900 0819 2C       		.byte	0x2c
 1901 081a 81000000 		.4byte	0x81
 1902 081e 24       		.uleb128 0x24
 1903 081f 96050000 		.4byte	.LASF59
 1904 0823 0F       		.byte	0xf
 1905 0824 1207     		.2byte	0x712
 1906 0826 2A080000 		.4byte	0x82a
 1907 082a 25       		.uleb128 0x25
 1908 082b 76000000 		.4byte	0x76
 1909 082f 26       		.uleb128 0x26
 1910 0830 5C000000 		.4byte	.LASF60
 1911 0834 01       		.byte	0x1
 1912 0835 1B       		.byte	0x1b
 1913 0836 81000000 		.4byte	0x81
 1914 083a 05       		.uleb128 0x5
 1915 083b 03       		.byte	0x3
 1916 083c 00000000 		.4byte	bitfield
 1917 0840 26       		.uleb128 0x26
 1918 0841 EB000000 		.4byte	.LASF61
 1919 0845 01       		.byte	0x1
 1920 0846 1C       		.byte	0x1c
 1921 0847 FD000000 		.4byte	0xfd
 1922 084b 05       		.uleb128 0x5
 1923 084c 03       		.byte	0x3
 1924 084d 00000000 		.4byte	testTerminateFlag
 1925 0851 26       		.uleb128 0x26
 1926 0852 D9010000 		.4byte	.LASF62
 1927 0856 01       		.byte	0x1
 1928 0857 1D       		.byte	0x1d
 1929 0858 9B000000 		.4byte	0x9b
 1930 085c 05       		.uleb128 0x5
 1931 085d 03       		.byte	0x3
 1932 085e 00000000 		.4byte	testcase
 1933 0862 27       		.uleb128 0x27
ARM GAS  C:\Users\91819\AppData\Local\Temp\ccaGHk0j.s 			page 52


 1934 0863 41060000 		.4byte	.LASF63
 1935 0867 41060000 		.4byte	.LASF63
 1936 086b 10       		.byte	0x10
 1937 086c A801     		.2byte	0x1a8
 1938 086e 28       		.uleb128 0x28
 1939 086f D6000000 		.4byte	.LASF64
 1940 0873 D6000000 		.4byte	.LASF64
 1941 0877 11       		.byte	0x11
 1942 0878 4B       		.byte	0x4b
 1943 0879 28       		.uleb128 0x28
 1944 087a B9020000 		.4byte	.LASF65
 1945 087e B9020000 		.4byte	.LASF65
 1946 0882 04       		.byte	0x4
 1947 0883 40       		.byte	0x40
 1948 0884 28       		.uleb128 0x28
 1949 0885 60030000 		.4byte	.LASF66
 1950 0889 60030000 		.4byte	.LASF66
 1951 088d 12       		.byte	0x12
 1952 088e 68       		.byte	0x68
 1953 088f 28       		.uleb128 0x28
 1954 0890 12020000 		.4byte	.LASF67
 1955 0894 12020000 		.4byte	.LASF67
 1956 0898 12       		.byte	0x12
 1957 0899 69       		.byte	0x69
 1958 089a 28       		.uleb128 0x28
 1959 089b C1000000 		.4byte	.LASF68
 1960 089f C1000000 		.4byte	.LASF68
 1961 08a3 13       		.byte	0x13
 1962 08a4 1B       		.byte	0x1b
 1963 08a5 27       		.uleb128 0x27
 1964 08a6 CA040000 		.4byte	.LASF69
 1965 08aa CA040000 		.4byte	.LASF69
 1966 08ae 10       		.byte	0x10
 1967 08af 2C02     		.2byte	0x22c
 1968 08b1 28       		.uleb128 0x28
 1969 08b2 7A000000 		.4byte	.LASF70
 1970 08b6 7A000000 		.4byte	.LASF70
 1971 08ba 13       		.byte	0x13
 1972 08bb 21       		.byte	0x21
 1973 08bc 28       		.uleb128 0x28
 1974 08bd 96010000 		.4byte	.LASF71
 1975 08c1 96010000 		.4byte	.LASF71
 1976 08c5 13       		.byte	0x13
 1977 08c6 28       		.byte	0x28
 1978 08c7 28       		.uleb128 0x28
 1979 08c8 D8040000 		.4byte	.LASF72
 1980 08cc D8040000 		.4byte	.LASF72
 1981 08d0 14       		.byte	0x14
 1982 08d1 8B       		.byte	0x8b
 1983 08d2 28       		.uleb128 0x28
 1984 08d3 10050000 		.4byte	.LASF73
 1985 08d7 10050000 		.4byte	.LASF73
 1986 08db 15       		.byte	0x15
 1987 08dc 6D       		.byte	0x6d
 1988 08dd 28       		.uleb128 0x28
 1989 08de 31060000 		.4byte	.LASF74
 1990 08e2 31060000 		.4byte	.LASF74
ARM GAS  C:\Users\91819\AppData\Local\Temp\ccaGHk0j.s 			page 53


 1991 08e6 16       		.byte	0x16
 1992 08e7 92       		.byte	0x92
 1993 08e8 27       		.uleb128 0x27
 1994 08e9 4D000000 		.4byte	.LASF75
 1995 08ed 4D000000 		.4byte	.LASF75
 1996 08f1 02       		.byte	0x2
 1997 08f2 B101     		.2byte	0x1b1
 1998 08f4 28       		.uleb128 0x28
 1999 08f5 F1010000 		.4byte	.LASF76
 2000 08f9 F1010000 		.4byte	.LASF76
 2001 08fd 14       		.byte	0x14
 2002 08fe 54       		.byte	0x54
 2003 08ff 27       		.uleb128 0x27
 2004 0900 00000000 		.4byte	.LASF77
 2005 0904 00000000 		.4byte	.LASF77
 2006 0908 10       		.byte	0x10
 2007 0909 EF01     		.2byte	0x1ef
 2008 090b 28       		.uleb128 0x28
 2009 090c D8020000 		.4byte	.LASF78
 2010 0910 D8020000 		.4byte	.LASF78
 2011 0914 10       		.byte	0x10
 2012 0915 9A       		.byte	0x9a
 2013 0916 28       		.uleb128 0x28
 2014 0917 7F040000 		.4byte	.LASF79
 2015 091b 7F040000 		.4byte	.LASF79
 2016 091f 10       		.byte	0x10
 2017 0920 9F       		.byte	0x9f
 2018 0921 27       		.uleb128 0x27
 2019 0922 FF040000 		.4byte	.LASF80
 2020 0926 FF040000 		.4byte	.LASF80
 2021 092a 10       		.byte	0x10
 2022 092b 3102     		.2byte	0x231
 2023 092d 28       		.uleb128 0x28
 2024 092e 36000000 		.4byte	.LASF81
 2025 0932 36000000 		.4byte	.LASF81
 2026 0936 14       		.byte	0x14
 2027 0937 71       		.byte	0x71
 2028 0938 28       		.uleb128 0x28
 2029 0939 A7010000 		.4byte	.LASF82
 2030 093d A7010000 		.4byte	.LASF82
 2031 0941 17       		.byte	0x17
 2032 0942 29       		.byte	0x29
 2033 0943 00       		.byte	0
 2034              		.section	.debug_abbrev,"",%progbits
 2035              	.Ldebug_abbrev0:
 2036 0000 01       		.uleb128 0x1
 2037 0001 11       		.uleb128 0x11
 2038 0002 01       		.byte	0x1
 2039 0003 25       		.uleb128 0x25
 2040 0004 0E       		.uleb128 0xe
 2041 0005 13       		.uleb128 0x13
 2042 0006 0B       		.uleb128 0xb
 2043 0007 03       		.uleb128 0x3
 2044 0008 0E       		.uleb128 0xe
 2045 0009 1B       		.uleb128 0x1b
 2046 000a 0E       		.uleb128 0xe
 2047 000b 55       		.uleb128 0x55
ARM GAS  C:\Users\91819\AppData\Local\Temp\ccaGHk0j.s 			page 54


 2048 000c 17       		.uleb128 0x17
 2049 000d 11       		.uleb128 0x11
 2050 000e 01       		.uleb128 0x1
 2051 000f 10       		.uleb128 0x10
 2052 0010 17       		.uleb128 0x17
 2053 0011 00       		.byte	0
 2054 0012 00       		.byte	0
 2055 0013 02       		.uleb128 0x2
 2056 0014 24       		.uleb128 0x24
 2057 0015 00       		.byte	0
 2058 0016 0B       		.uleb128 0xb
 2059 0017 0B       		.uleb128 0xb
 2060 0018 3E       		.uleb128 0x3e
 2061 0019 0B       		.uleb128 0xb
 2062 001a 03       		.uleb128 0x3
 2063 001b 0E       		.uleb128 0xe
 2064 001c 00       		.byte	0
 2065 001d 00       		.byte	0
 2066 001e 03       		.uleb128 0x3
 2067 001f 16       		.uleb128 0x16
 2068 0020 00       		.byte	0
 2069 0021 03       		.uleb128 0x3
 2070 0022 0E       		.uleb128 0xe
 2071 0023 3A       		.uleb128 0x3a
 2072 0024 0B       		.uleb128 0xb
 2073 0025 3B       		.uleb128 0x3b
 2074 0026 0B       		.uleb128 0xb
 2075 0027 49       		.uleb128 0x49
 2076 0028 13       		.uleb128 0x13
 2077 0029 00       		.byte	0
 2078 002a 00       		.byte	0
 2079 002b 04       		.uleb128 0x4
 2080 002c 24       		.uleb128 0x24
 2081 002d 00       		.byte	0
 2082 002e 0B       		.uleb128 0xb
 2083 002f 0B       		.uleb128 0xb
 2084 0030 3E       		.uleb128 0x3e
 2085 0031 0B       		.uleb128 0xb
 2086 0032 03       		.uleb128 0x3
 2087 0033 08       		.uleb128 0x8
 2088 0034 00       		.byte	0
 2089 0035 00       		.byte	0
 2090 0036 05       		.uleb128 0x5
 2091 0037 16       		.uleb128 0x16
 2092 0038 00       		.byte	0
 2093 0039 03       		.uleb128 0x3
 2094 003a 0E       		.uleb128 0xe
 2095 003b 3A       		.uleb128 0x3a
 2096 003c 0B       		.uleb128 0xb
 2097 003d 3B       		.uleb128 0x3b
 2098 003e 05       		.uleb128 0x5
 2099 003f 49       		.uleb128 0x49
 2100 0040 13       		.uleb128 0x13
 2101 0041 00       		.byte	0
 2102 0042 00       		.byte	0
 2103 0043 06       		.uleb128 0x6
 2104 0044 04       		.uleb128 0x4
ARM GAS  C:\Users\91819\AppData\Local\Temp\ccaGHk0j.s 			page 55


 2105 0045 01       		.byte	0x1
 2106 0046 0B       		.uleb128 0xb
 2107 0047 0B       		.uleb128 0xb
 2108 0048 49       		.uleb128 0x49
 2109 0049 13       		.uleb128 0x13
 2110 004a 3A       		.uleb128 0x3a
 2111 004b 0B       		.uleb128 0xb
 2112 004c 3B       		.uleb128 0x3b
 2113 004d 0B       		.uleb128 0xb
 2114 004e 01       		.uleb128 0x1
 2115 004f 13       		.uleb128 0x13
 2116 0050 00       		.byte	0
 2117 0051 00       		.byte	0
 2118 0052 07       		.uleb128 0x7
 2119 0053 28       		.uleb128 0x28
 2120 0054 00       		.byte	0
 2121 0055 03       		.uleb128 0x3
 2122 0056 0E       		.uleb128 0xe
 2123 0057 1C       		.uleb128 0x1c
 2124 0058 0B       		.uleb128 0xb
 2125 0059 00       		.byte	0
 2126 005a 00       		.byte	0
 2127 005b 08       		.uleb128 0x8
 2128 005c 2E       		.uleb128 0x2e
 2129 005d 00       		.byte	0
 2130 005e 03       		.uleb128 0x3
 2131 005f 0E       		.uleb128 0xe
 2132 0060 3A       		.uleb128 0x3a
 2133 0061 0B       		.uleb128 0xb
 2134 0062 3B       		.uleb128 0x3b
 2135 0063 0B       		.uleb128 0xb
 2136 0064 27       		.uleb128 0x27
 2137 0065 19       		.uleb128 0x19
 2138 0066 20       		.uleb128 0x20
 2139 0067 0B       		.uleb128 0xb
 2140 0068 00       		.byte	0
 2141 0069 00       		.byte	0
 2142 006a 09       		.uleb128 0x9
 2143 006b 2E       		.uleb128 0x2e
 2144 006c 01       		.byte	0x1
 2145 006d 03       		.uleb128 0x3
 2146 006e 0E       		.uleb128 0xe
 2147 006f 3A       		.uleb128 0x3a
 2148 0070 0B       		.uleb128 0xb
 2149 0071 3B       		.uleb128 0x3b
 2150 0072 05       		.uleb128 0x5
 2151 0073 27       		.uleb128 0x27
 2152 0074 19       		.uleb128 0x19
 2153 0075 20       		.uleb128 0x20
 2154 0076 0B       		.uleb128 0xb
 2155 0077 01       		.uleb128 0x1
 2156 0078 13       		.uleb128 0x13
 2157 0079 00       		.byte	0
 2158 007a 00       		.byte	0
 2159 007b 0A       		.uleb128 0xa
 2160 007c 05       		.uleb128 0x5
 2161 007d 00       		.byte	0
ARM GAS  C:\Users\91819\AppData\Local\Temp\ccaGHk0j.s 			page 56


 2162 007e 03       		.uleb128 0x3
 2163 007f 0E       		.uleb128 0xe
 2164 0080 3A       		.uleb128 0x3a
 2165 0081 0B       		.uleb128 0xb
 2166 0082 3B       		.uleb128 0x3b
 2167 0083 05       		.uleb128 0x5
 2168 0084 49       		.uleb128 0x49
 2169 0085 13       		.uleb128 0x13
 2170 0086 00       		.byte	0
 2171 0087 00       		.byte	0
 2172 0088 0B       		.uleb128 0xb
 2173 0089 2E       		.uleb128 0x2e
 2174 008a 01       		.byte	0x1
 2175 008b 03       		.uleb128 0x3
 2176 008c 0E       		.uleb128 0xe
 2177 008d 3A       		.uleb128 0x3a
 2178 008e 0B       		.uleb128 0xb
 2179 008f 3B       		.uleb128 0x3b
 2180 0090 05       		.uleb128 0x5
 2181 0091 27       		.uleb128 0x27
 2182 0092 19       		.uleb128 0x19
 2183 0093 49       		.uleb128 0x49
 2184 0094 13       		.uleb128 0x13
 2185 0095 20       		.uleb128 0x20
 2186 0096 0B       		.uleb128 0xb
 2187 0097 01       		.uleb128 0x1
 2188 0098 13       		.uleb128 0x13
 2189 0099 00       		.byte	0
 2190 009a 00       		.byte	0
 2191 009b 0C       		.uleb128 0xc
 2192 009c 34       		.uleb128 0x34
 2193 009d 00       		.byte	0
 2194 009e 03       		.uleb128 0x3
 2195 009f 0E       		.uleb128 0xe
 2196 00a0 3A       		.uleb128 0x3a
 2197 00a1 0B       		.uleb128 0xb
 2198 00a2 3B       		.uleb128 0x3b
 2199 00a3 05       		.uleb128 0x5
 2200 00a4 49       		.uleb128 0x49
 2201 00a5 13       		.uleb128 0x13
 2202 00a6 00       		.byte	0
 2203 00a7 00       		.byte	0
 2204 00a8 0D       		.uleb128 0xd
 2205 00a9 2E       		.uleb128 0x2e
 2206 00aa 00       		.byte	0
 2207 00ab 03       		.uleb128 0x3
 2208 00ac 0E       		.uleb128 0xe
 2209 00ad 3A       		.uleb128 0x3a
 2210 00ae 0B       		.uleb128 0xb
 2211 00af 3B       		.uleb128 0x3b
 2212 00b0 0B       		.uleb128 0xb
 2213 00b1 27       		.uleb128 0x27
 2214 00b2 19       		.uleb128 0x19
 2215 00b3 49       		.uleb128 0x49
 2216 00b4 13       		.uleb128 0x13
 2217 00b5 20       		.uleb128 0x20
 2218 00b6 0B       		.uleb128 0xb
ARM GAS  C:\Users\91819\AppData\Local\Temp\ccaGHk0j.s 			page 57


 2219 00b7 00       		.byte	0
 2220 00b8 00       		.byte	0
 2221 00b9 0E       		.uleb128 0xe
 2222 00ba 2E       		.uleb128 0x2e
 2223 00bb 00       		.byte	0
 2224 00bc 03       		.uleb128 0x3
 2225 00bd 0E       		.uleb128 0xe
 2226 00be 3A       		.uleb128 0x3a
 2227 00bf 0B       		.uleb128 0xb
 2228 00c0 3B       		.uleb128 0x3b
 2229 00c1 0B       		.uleb128 0xb
 2230 00c2 20       		.uleb128 0x20
 2231 00c3 0B       		.uleb128 0xb
 2232 00c4 00       		.byte	0
 2233 00c5 00       		.byte	0
 2234 00c6 0F       		.uleb128 0xf
 2235 00c7 2E       		.uleb128 0x2e
 2236 00c8 01       		.byte	0x1
 2237 00c9 03       		.uleb128 0x3
 2238 00ca 0E       		.uleb128 0xe
 2239 00cb 3A       		.uleb128 0x3a
 2240 00cc 0B       		.uleb128 0xb
 2241 00cd 3B       		.uleb128 0x3b
 2242 00ce 0B       		.uleb128 0xb
 2243 00cf 27       		.uleb128 0x27
 2244 00d0 19       		.uleb128 0x19
 2245 00d1 49       		.uleb128 0x49
 2246 00d2 13       		.uleb128 0x13
 2247 00d3 20       		.uleb128 0x20
 2248 00d4 0B       		.uleb128 0xb
 2249 00d5 01       		.uleb128 0x1
 2250 00d6 13       		.uleb128 0x13
 2251 00d7 00       		.byte	0
 2252 00d8 00       		.byte	0
 2253 00d9 10       		.uleb128 0x10
 2254 00da 05       		.uleb128 0x5
 2255 00db 00       		.byte	0
 2256 00dc 03       		.uleb128 0x3
 2257 00dd 0E       		.uleb128 0xe
 2258 00de 3A       		.uleb128 0x3a
 2259 00df 0B       		.uleb128 0xb
 2260 00e0 3B       		.uleb128 0x3b
 2261 00e1 0B       		.uleb128 0xb
 2262 00e2 49       		.uleb128 0x49
 2263 00e3 13       		.uleb128 0x13
 2264 00e4 00       		.byte	0
 2265 00e5 00       		.byte	0
 2266 00e6 11       		.uleb128 0x11
 2267 00e7 2E       		.uleb128 0x2e
 2268 00e8 01       		.byte	0x1
 2269 00e9 3F       		.uleb128 0x3f
 2270 00ea 19       		.uleb128 0x19
 2271 00eb 03       		.uleb128 0x3
 2272 00ec 0E       		.uleb128 0xe
 2273 00ed 3A       		.uleb128 0x3a
 2274 00ee 0B       		.uleb128 0xb
 2275 00ef 3B       		.uleb128 0x3b
ARM GAS  C:\Users\91819\AppData\Local\Temp\ccaGHk0j.s 			page 58


 2276 00f0 0B       		.uleb128 0xb
 2277 00f1 27       		.uleb128 0x27
 2278 00f2 19       		.uleb128 0x19
 2279 00f3 11       		.uleb128 0x11
 2280 00f4 01       		.uleb128 0x1
 2281 00f5 12       		.uleb128 0x12
 2282 00f6 06       		.uleb128 0x6
 2283 00f7 40       		.uleb128 0x40
 2284 00f8 18       		.uleb128 0x18
 2285 00f9 9742     		.uleb128 0x2117
 2286 00fb 19       		.uleb128 0x19
 2287 00fc 01       		.uleb128 0x1
 2288 00fd 13       		.uleb128 0x13
 2289 00fe 00       		.byte	0
 2290 00ff 00       		.byte	0
 2291 0100 12       		.uleb128 0x12
 2292 0101 898201   		.uleb128 0x4109
 2293 0104 01       		.byte	0x1
 2294 0105 11       		.uleb128 0x11
 2295 0106 01       		.uleb128 0x1
 2296 0107 31       		.uleb128 0x31
 2297 0108 13       		.uleb128 0x13
 2298 0109 00       		.byte	0
 2299 010a 00       		.byte	0
 2300 010b 13       		.uleb128 0x13
 2301 010c 8A8201   		.uleb128 0x410a
 2302 010f 00       		.byte	0
 2303 0110 02       		.uleb128 0x2
 2304 0111 18       		.uleb128 0x18
 2305 0112 9142     		.uleb128 0x2111
 2306 0114 18       		.uleb128 0x18
 2307 0115 00       		.byte	0
 2308 0116 00       		.byte	0
 2309 0117 14       		.uleb128 0x14
 2310 0118 34       		.uleb128 0x34
 2311 0119 00       		.byte	0
 2312 011a 03       		.uleb128 0x3
 2313 011b 08       		.uleb128 0x8
 2314 011c 3A       		.uleb128 0x3a
 2315 011d 0B       		.uleb128 0xb
 2316 011e 3B       		.uleb128 0x3b
 2317 011f 0B       		.uleb128 0xb
 2318 0120 49       		.uleb128 0x49
 2319 0121 13       		.uleb128 0x13
 2320 0122 02       		.uleb128 0x2
 2321 0123 17       		.uleb128 0x17
 2322 0124 00       		.byte	0
 2323 0125 00       		.byte	0
 2324 0126 15       		.uleb128 0x15
 2325 0127 1D       		.uleb128 0x1d
 2326 0128 00       		.byte	0
 2327 0129 31       		.uleb128 0x31
 2328 012a 13       		.uleb128 0x13
 2329 012b 11       		.uleb128 0x11
 2330 012c 01       		.uleb128 0x1
 2331 012d 12       		.uleb128 0x12
 2332 012e 06       		.uleb128 0x6
ARM GAS  C:\Users\91819\AppData\Local\Temp\ccaGHk0j.s 			page 59


 2333 012f 58       		.uleb128 0x58
 2334 0130 0B       		.uleb128 0xb
 2335 0131 59       		.uleb128 0x59
 2336 0132 0B       		.uleb128 0xb
 2337 0133 00       		.byte	0
 2338 0134 00       		.byte	0
 2339 0135 16       		.uleb128 0x16
 2340 0136 1D       		.uleb128 0x1d
 2341 0137 01       		.byte	0x1
 2342 0138 31       		.uleb128 0x31
 2343 0139 13       		.uleb128 0x13
 2344 013a 11       		.uleb128 0x11
 2345 013b 01       		.uleb128 0x1
 2346 013c 12       		.uleb128 0x12
 2347 013d 06       		.uleb128 0x6
 2348 013e 58       		.uleb128 0x58
 2349 013f 0B       		.uleb128 0xb
 2350 0140 59       		.uleb128 0x59
 2351 0141 0B       		.uleb128 0xb
 2352 0142 01       		.uleb128 0x1
 2353 0143 13       		.uleb128 0x13
 2354 0144 00       		.byte	0
 2355 0145 00       		.byte	0
 2356 0146 17       		.uleb128 0x17
 2357 0147 0B       		.uleb128 0xb
 2358 0148 01       		.byte	0x1
 2359 0149 11       		.uleb128 0x11
 2360 014a 01       		.uleb128 0x1
 2361 014b 12       		.uleb128 0x12
 2362 014c 06       		.uleb128 0x6
 2363 014d 00       		.byte	0
 2364 014e 00       		.byte	0
 2365 014f 18       		.uleb128 0x18
 2366 0150 34       		.uleb128 0x34
 2367 0151 00       		.byte	0
 2368 0152 31       		.uleb128 0x31
 2369 0153 13       		.uleb128 0x13
 2370 0154 00       		.byte	0
 2371 0155 00       		.byte	0
 2372 0156 19       		.uleb128 0x19
 2373 0157 34       		.uleb128 0x34
 2374 0158 00       		.byte	0
 2375 0159 31       		.uleb128 0x31
 2376 015a 13       		.uleb128 0x13
 2377 015b 02       		.uleb128 0x2
 2378 015c 17       		.uleb128 0x17
 2379 015d 00       		.byte	0
 2380 015e 00       		.byte	0
 2381 015f 1A       		.uleb128 0x1a
 2382 0160 05       		.uleb128 0x5
 2383 0161 00       		.byte	0
 2384 0162 31       		.uleb128 0x31
 2385 0163 13       		.uleb128 0x13
 2386 0164 00       		.byte	0
 2387 0165 00       		.byte	0
 2388 0166 1B       		.uleb128 0x1b
 2389 0167 05       		.uleb128 0x5
ARM GAS  C:\Users\91819\AppData\Local\Temp\ccaGHk0j.s 			page 60


 2390 0168 00       		.byte	0
 2391 0169 31       		.uleb128 0x31
 2392 016a 13       		.uleb128 0x13
 2393 016b 02       		.uleb128 0x2
 2394 016c 17       		.uleb128 0x17
 2395 016d 00       		.byte	0
 2396 016e 00       		.byte	0
 2397 016f 1C       		.uleb128 0x1c
 2398 0170 898201   		.uleb128 0x4109
 2399 0173 00       		.byte	0
 2400 0174 11       		.uleb128 0x11
 2401 0175 01       		.uleb128 0x1
 2402 0176 31       		.uleb128 0x31
 2403 0177 13       		.uleb128 0x13
 2404 0178 00       		.byte	0
 2405 0179 00       		.byte	0
 2406 017a 1D       		.uleb128 0x1d
 2407 017b 2E       		.uleb128 0x2e
 2408 017c 01       		.byte	0x1
 2409 017d 3F       		.uleb128 0x3f
 2410 017e 19       		.uleb128 0x19
 2411 017f 03       		.uleb128 0x3
 2412 0180 0E       		.uleb128 0xe
 2413 0181 3A       		.uleb128 0x3a
 2414 0182 0B       		.uleb128 0xb
 2415 0183 3B       		.uleb128 0x3b
 2416 0184 0B       		.uleb128 0xb
 2417 0185 49       		.uleb128 0x49
 2418 0186 13       		.uleb128 0x13
 2419 0187 8701     		.uleb128 0x87
 2420 0189 19       		.uleb128 0x19
 2421 018a 11       		.uleb128 0x11
 2422 018b 01       		.uleb128 0x1
 2423 018c 12       		.uleb128 0x12
 2424 018d 06       		.uleb128 0x6
 2425 018e 40       		.uleb128 0x40
 2426 018f 18       		.uleb128 0x18
 2427 0190 9742     		.uleb128 0x2117
 2428 0192 19       		.uleb128 0x19
 2429 0193 01       		.uleb128 0x1
 2430 0194 13       		.uleb128 0x13
 2431 0195 00       		.byte	0
 2432 0196 00       		.byte	0
 2433 0197 1E       		.uleb128 0x1e
 2434 0198 898201   		.uleb128 0x4109
 2435 019b 01       		.byte	0x1
 2436 019c 11       		.uleb128 0x11
 2437 019d 01       		.uleb128 0x1
 2438 019e 31       		.uleb128 0x31
 2439 019f 13       		.uleb128 0x13
 2440 01a0 01       		.uleb128 0x1
 2441 01a1 13       		.uleb128 0x13
 2442 01a2 00       		.byte	0
 2443 01a3 00       		.byte	0
 2444 01a4 1F       		.uleb128 0x1f
 2445 01a5 2E       		.uleb128 0x2e
 2446 01a6 00       		.byte	0
ARM GAS  C:\Users\91819\AppData\Local\Temp\ccaGHk0j.s 			page 61


 2447 01a7 3F       		.uleb128 0x3f
 2448 01a8 19       		.uleb128 0x19
 2449 01a9 03       		.uleb128 0x3
 2450 01aa 0E       		.uleb128 0xe
 2451 01ab 3A       		.uleb128 0x3a
 2452 01ac 0B       		.uleb128 0xb
 2453 01ad 3B       		.uleb128 0x3b
 2454 01ae 0B       		.uleb128 0xb
 2455 01af 11       		.uleb128 0x11
 2456 01b0 01       		.uleb128 0x1
 2457 01b1 12       		.uleb128 0x12
 2458 01b2 06       		.uleb128 0x6
 2459 01b3 40       		.uleb128 0x40
 2460 01b4 18       		.uleb128 0x18
 2461 01b5 9742     		.uleb128 0x2117
 2462 01b7 19       		.uleb128 0x19
 2463 01b8 00       		.byte	0
 2464 01b9 00       		.byte	0
 2465 01ba 20       		.uleb128 0x20
 2466 01bb 2E       		.uleb128 0x2e
 2467 01bc 01       		.byte	0x1
 2468 01bd 3F       		.uleb128 0x3f
 2469 01be 19       		.uleb128 0x19
 2470 01bf 03       		.uleb128 0x3
 2471 01c0 0E       		.uleb128 0xe
 2472 01c1 3A       		.uleb128 0x3a
 2473 01c2 0B       		.uleb128 0xb
 2474 01c3 3B       		.uleb128 0x3b
 2475 01c4 0B       		.uleb128 0xb
 2476 01c5 27       		.uleb128 0x27
 2477 01c6 19       		.uleb128 0x19
 2478 01c7 8701     		.uleb128 0x87
 2479 01c9 19       		.uleb128 0x19
 2480 01ca 11       		.uleb128 0x11
 2481 01cb 01       		.uleb128 0x1
 2482 01cc 12       		.uleb128 0x12
 2483 01cd 06       		.uleb128 0x6
 2484 01ce 40       		.uleb128 0x40
 2485 01cf 18       		.uleb128 0x18
 2486 01d0 9742     		.uleb128 0x2117
 2487 01d2 19       		.uleb128 0x19
 2488 01d3 01       		.uleb128 0x1
 2489 01d4 13       		.uleb128 0x13
 2490 01d5 00       		.byte	0
 2491 01d6 00       		.byte	0
 2492 01d7 21       		.uleb128 0x21
 2493 01d8 34       		.uleb128 0x34
 2494 01d9 00       		.byte	0
 2495 01da 03       		.uleb128 0x3
 2496 01db 0E       		.uleb128 0xe
 2497 01dc 3A       		.uleb128 0x3a
 2498 01dd 0B       		.uleb128 0xb
 2499 01de 3B       		.uleb128 0x3b
 2500 01df 0B       		.uleb128 0xb
 2501 01e0 49       		.uleb128 0x49
 2502 01e1 13       		.uleb128 0x13
 2503 01e2 02       		.uleb128 0x2
ARM GAS  C:\Users\91819\AppData\Local\Temp\ccaGHk0j.s 			page 62


 2504 01e3 17       		.uleb128 0x17
 2505 01e4 00       		.byte	0
 2506 01e5 00       		.byte	0
 2507 01e6 22       		.uleb128 0x22
 2508 01e7 2E       		.uleb128 0x2e
 2509 01e8 01       		.byte	0x1
 2510 01e9 3F       		.uleb128 0x3f
 2511 01ea 19       		.uleb128 0x19
 2512 01eb 03       		.uleb128 0x3
 2513 01ec 0E       		.uleb128 0xe
 2514 01ed 3A       		.uleb128 0x3a
 2515 01ee 0B       		.uleb128 0xb
 2516 01ef 3B       		.uleb128 0x3b
 2517 01f0 0B       		.uleb128 0xb
 2518 01f1 11       		.uleb128 0x11
 2519 01f2 01       		.uleb128 0x1
 2520 01f3 12       		.uleb128 0x12
 2521 01f4 06       		.uleb128 0x6
 2522 01f5 40       		.uleb128 0x40
 2523 01f6 18       		.uleb128 0x18
 2524 01f7 9742     		.uleb128 0x2117
 2525 01f9 19       		.uleb128 0x19
 2526 01fa 01       		.uleb128 0x1
 2527 01fb 13       		.uleb128 0x13
 2528 01fc 00       		.byte	0
 2529 01fd 00       		.byte	0
 2530 01fe 23       		.uleb128 0x23
 2531 01ff 34       		.uleb128 0x34
 2532 0200 00       		.byte	0
 2533 0201 03       		.uleb128 0x3
 2534 0202 0E       		.uleb128 0xe
 2535 0203 3A       		.uleb128 0x3a
 2536 0204 0B       		.uleb128 0xb
 2537 0205 3B       		.uleb128 0x3b
 2538 0206 0B       		.uleb128 0xb
 2539 0207 49       		.uleb128 0x49
 2540 0208 13       		.uleb128 0x13
 2541 0209 3F       		.uleb128 0x3f
 2542 020a 19       		.uleb128 0x19
 2543 020b 3C       		.uleb128 0x3c
 2544 020c 19       		.uleb128 0x19
 2545 020d 00       		.byte	0
 2546 020e 00       		.byte	0
 2547 020f 24       		.uleb128 0x24
 2548 0210 34       		.uleb128 0x34
 2549 0211 00       		.byte	0
 2550 0212 03       		.uleb128 0x3
 2551 0213 0E       		.uleb128 0xe
 2552 0214 3A       		.uleb128 0x3a
 2553 0215 0B       		.uleb128 0xb
 2554 0216 3B       		.uleb128 0x3b
 2555 0217 05       		.uleb128 0x5
 2556 0218 49       		.uleb128 0x49
 2557 0219 13       		.uleb128 0x13
 2558 021a 3F       		.uleb128 0x3f
 2559 021b 19       		.uleb128 0x19
 2560 021c 3C       		.uleb128 0x3c
ARM GAS  C:\Users\91819\AppData\Local\Temp\ccaGHk0j.s 			page 63


 2561 021d 19       		.uleb128 0x19
 2562 021e 00       		.byte	0
 2563 021f 00       		.byte	0
 2564 0220 25       		.uleb128 0x25
 2565 0221 35       		.uleb128 0x35
 2566 0222 00       		.byte	0
 2567 0223 49       		.uleb128 0x49
 2568 0224 13       		.uleb128 0x13
 2569 0225 00       		.byte	0
 2570 0226 00       		.byte	0
 2571 0227 26       		.uleb128 0x26
 2572 0228 34       		.uleb128 0x34
 2573 0229 00       		.byte	0
 2574 022a 03       		.uleb128 0x3
 2575 022b 0E       		.uleb128 0xe
 2576 022c 3A       		.uleb128 0x3a
 2577 022d 0B       		.uleb128 0xb
 2578 022e 3B       		.uleb128 0x3b
 2579 022f 0B       		.uleb128 0xb
 2580 0230 49       		.uleb128 0x49
 2581 0231 13       		.uleb128 0x13
 2582 0232 3F       		.uleb128 0x3f
 2583 0233 19       		.uleb128 0x19
 2584 0234 02       		.uleb128 0x2
 2585 0235 18       		.uleb128 0x18
 2586 0236 00       		.byte	0
 2587 0237 00       		.byte	0
 2588 0238 27       		.uleb128 0x27
 2589 0239 2E       		.uleb128 0x2e
 2590 023a 00       		.byte	0
 2591 023b 3F       		.uleb128 0x3f
 2592 023c 19       		.uleb128 0x19
 2593 023d 3C       		.uleb128 0x3c
 2594 023e 19       		.uleb128 0x19
 2595 023f 6E       		.uleb128 0x6e
 2596 0240 0E       		.uleb128 0xe
 2597 0241 03       		.uleb128 0x3
 2598 0242 0E       		.uleb128 0xe
 2599 0243 3A       		.uleb128 0x3a
 2600 0244 0B       		.uleb128 0xb
 2601 0245 3B       		.uleb128 0x3b
 2602 0246 05       		.uleb128 0x5
 2603 0247 00       		.byte	0
 2604 0248 00       		.byte	0
 2605 0249 28       		.uleb128 0x28
 2606 024a 2E       		.uleb128 0x2e
 2607 024b 00       		.byte	0
 2608 024c 3F       		.uleb128 0x3f
 2609 024d 19       		.uleb128 0x19
 2610 024e 3C       		.uleb128 0x3c
 2611 024f 19       		.uleb128 0x19
 2612 0250 6E       		.uleb128 0x6e
 2613 0251 0E       		.uleb128 0xe
 2614 0252 03       		.uleb128 0x3
 2615 0253 0E       		.uleb128 0xe
 2616 0254 3A       		.uleb128 0x3a
 2617 0255 0B       		.uleb128 0xb
ARM GAS  C:\Users\91819\AppData\Local\Temp\ccaGHk0j.s 			page 64


 2618 0256 3B       		.uleb128 0x3b
 2619 0257 0B       		.uleb128 0xb
 2620 0258 00       		.byte	0
 2621 0259 00       		.byte	0
 2622 025a 00       		.byte	0
 2623              		.section	.debug_loc,"",%progbits
 2624              	.Ldebug_loc0:
 2625              	.LLST0:
 2626 0000 0A000000 		.4byte	.LVL1
 2627 0004 10000000 		.4byte	.LVL2
 2628 0008 0200     		.2byte	0x2
 2629 000a 30       		.byte	0x30
 2630 000b 9F       		.byte	0x9f
 2631 000c 00000000 		.4byte	0
 2632 0010 00000000 		.4byte	0
 2633              	.LLST1:
 2634 0014 16000000 		.4byte	.LVL3
 2635 0018 2C000000 		.4byte	.LVL5
 2636 001c 0100     		.2byte	0x1
 2637 001e 53       		.byte	0x53
 2638 001f 3C000000 		.4byte	.LVL7
 2639 0023 42000000 		.4byte	.LVL8
 2640 0027 0100     		.2byte	0x1
 2641 0029 53       		.byte	0x53
 2642 002a 48000000 		.4byte	.LVL10
 2643 002e 4A000000 		.4byte	.LVL11
 2644 0032 0100     		.2byte	0x1
 2645 0034 53       		.byte	0x53
 2646 0035 00000000 		.4byte	0
 2647 0039 00000000 		.4byte	0
 2648              	.LLST2:
 2649 003d 16000000 		.4byte	.LVL3
 2650 0041 3A000000 		.4byte	.LVL6
 2651 0045 0200     		.2byte	0x2
 2652 0047 30       		.byte	0x30
 2653 0048 9F       		.byte	0x9f
 2654 0049 3A000000 		.4byte	.LVL6
 2655 004d 3C000000 		.4byte	.LVL7
 2656 0051 0100     		.2byte	0x1
 2657 0053 53       		.byte	0x53
 2658 0054 3C000000 		.4byte	.LVL7
 2659 0058 46000000 		.4byte	.LVL9
 2660 005c 0200     		.2byte	0x2
 2661 005e 30       		.byte	0x30
 2662 005f 9F       		.byte	0x9f
 2663 0060 46000000 		.4byte	.LVL9
 2664 0064 48000000 		.4byte	.LVL10
 2665 0068 0100     		.2byte	0x1
 2666 006a 53       		.byte	0x53
 2667 006b 48000000 		.4byte	.LVL10
 2668 006f 4A000000 		.4byte	.LVL11
 2669 0073 0200     		.2byte	0x2
 2670 0075 30       		.byte	0x30
 2671 0076 9F       		.byte	0x9f
 2672 0077 00000000 		.4byte	0
 2673 007b 00000000 		.4byte	0
 2674              	.LLST3:
ARM GAS  C:\Users\91819\AppData\Local\Temp\ccaGHk0j.s 			page 65


 2675 007f 66000000 		.4byte	.LVL14
 2676 0083 6A000000 		.4byte	.LVL15
 2677 0087 0100     		.2byte	0x1
 2678 0089 54       		.byte	0x54
 2679 008a 00000000 		.4byte	0
 2680 008e 00000000 		.4byte	0
 2681              	.LLST4:
 2682 0092 04000000 		.4byte	.LVL19
 2683 0096 0C000000 		.4byte	.LVL20
 2684 009a 0400     		.2byte	0x4
 2685 009c 0A       		.byte	0xa
 2686 009d C05D     		.2byte	0x5dc0
 2687 009f 9F       		.byte	0x9f
 2688 00a0 00000000 		.4byte	0
 2689 00a4 00000000 		.4byte	0
 2690              	.LLST5:
 2691 00a8 10000000 		.4byte	.LVL23
 2692 00ac 15000000 		.4byte	.LVL24-1
 2693 00b0 0100     		.2byte	0x1
 2694 00b2 53       		.byte	0x53
 2695 00b3 00000000 		.4byte	0
 2696 00b7 00000000 		.4byte	0
 2697              	.LLST6:
 2698 00bb 0A000000 		.4byte	.LVL53
 2699 00bf 10000000 		.4byte	.LVL54
 2700 00c3 0200     		.2byte	0x2
 2701 00c5 30       		.byte	0x30
 2702 00c6 9F       		.byte	0x9f
 2703 00c7 00000000 		.4byte	0
 2704 00cb 00000000 		.4byte	0
 2705              	.LLST7:
 2706 00cf 16000000 		.4byte	.LVL55
 2707 00d3 2C000000 		.4byte	.LVL57
 2708 00d7 0100     		.2byte	0x1
 2709 00d9 53       		.byte	0x53
 2710 00da 3C000000 		.4byte	.LVL59
 2711 00de 42000000 		.4byte	.LVL60
 2712 00e2 0100     		.2byte	0x1
 2713 00e4 53       		.byte	0x53
 2714 00e5 48000000 		.4byte	.LVL62
 2715 00e9 4A000000 		.4byte	.LVL63
 2716 00ed 0100     		.2byte	0x1
 2717 00ef 53       		.byte	0x53
 2718 00f0 00000000 		.4byte	0
 2719 00f4 00000000 		.4byte	0
 2720              	.LLST8:
 2721 00f8 16000000 		.4byte	.LVL55
 2722 00fc 3A000000 		.4byte	.LVL58
 2723 0100 0200     		.2byte	0x2
 2724 0102 30       		.byte	0x30
 2725 0103 9F       		.byte	0x9f
 2726 0104 3A000000 		.4byte	.LVL58
 2727 0108 3C000000 		.4byte	.LVL59
 2728 010c 0100     		.2byte	0x1
 2729 010e 53       		.byte	0x53
 2730 010f 3C000000 		.4byte	.LVL59
 2731 0113 46000000 		.4byte	.LVL61
ARM GAS  C:\Users\91819\AppData\Local\Temp\ccaGHk0j.s 			page 66


 2732 0117 0200     		.2byte	0x2
 2733 0119 30       		.byte	0x30
 2734 011a 9F       		.byte	0x9f
 2735 011b 46000000 		.4byte	.LVL61
 2736 011f 48000000 		.4byte	.LVL62
 2737 0123 0100     		.2byte	0x1
 2738 0125 53       		.byte	0x53
 2739 0126 48000000 		.4byte	.LVL62
 2740 012a 4A000000 		.4byte	.LVL63
 2741 012e 0200     		.2byte	0x2
 2742 0130 30       		.byte	0x30
 2743 0131 9F       		.byte	0x9f
 2744 0132 00000000 		.4byte	0
 2745 0136 00000000 		.4byte	0
 2746              	.LLST9:
 2747 013a 66000000 		.4byte	.LVL66
 2748 013e 6A000000 		.4byte	.LVL67
 2749 0142 0100     		.2byte	0x1
 2750 0144 54       		.byte	0x54
 2751 0145 00000000 		.4byte	0
 2752 0149 00000000 		.4byte	0
 2753              		.section	.debug_aranges,"",%progbits
 2754 0000 6C000000 		.4byte	0x6c
 2755 0004 0200     		.2byte	0x2
 2756 0006 00000000 		.4byte	.Ldebug_info0
 2757 000a 04       		.byte	0x4
 2758 000b 00       		.byte	0
 2759 000c 0000     		.2byte	0
 2760 000e 0000     		.2byte	0
 2761 0010 00000000 		.4byte	.LFB111
 2762 0014 0A000000 		.4byte	.LFE111-.LFB111
 2763 0018 00000000 		.4byte	.LFB110
 2764 001c 98000000 		.4byte	.LFE110-.LFB110
 2765 0020 00000000 		.4byte	.LFB112
 2766 0024 2C000000 		.4byte	.LFE112-.LFB112
 2767 0028 00000000 		.4byte	.LFB113
 2768 002c 04000000 		.4byte	.LFE113-.LFB113
 2769 0030 00000000 		.4byte	.LFB116
 2770 0034 24000000 		.4byte	.LFE116-.LFB116
 2771 0038 00000000 		.4byte	.LFB119
 2772 003c 38000000 		.4byte	.LFE119-.LFB119
 2773 0040 00000000 		.4byte	.LFB114
 2774 0044 80000000 		.4byte	.LFE114-.LFB114
 2775 0048 00000000 		.4byte	.LFB120
 2776 004c 14000000 		.4byte	.LFE120-.LFB120
 2777 0050 00000000 		.4byte	.LFB115
 2778 0054 40000000 		.4byte	.LFE115-.LFB115
 2779 0058 00000000 		.4byte	.LFB118
 2780 005c 10000000 		.4byte	.LFE118-.LFB118
 2781 0060 00000000 		.4byte	.LFB117
 2782 0064 98000000 		.4byte	.LFE117-.LFB117
 2783 0068 00000000 		.4byte	0
 2784 006c 00000000 		.4byte	0
 2785              		.section	.debug_ranges,"",%progbits
 2786              	.Ldebug_ranges0:
 2787 0000 00000000 		.4byte	.LFB111
 2788 0004 0A000000 		.4byte	.LFE111
ARM GAS  C:\Users\91819\AppData\Local\Temp\ccaGHk0j.s 			page 67


 2789 0008 00000000 		.4byte	.LFB110
 2790 000c 98000000 		.4byte	.LFE110
 2791 0010 00000000 		.4byte	.LFB112
 2792 0014 2C000000 		.4byte	.LFE112
 2793 0018 00000000 		.4byte	.LFB113
 2794 001c 04000000 		.4byte	.LFE113
 2795 0020 00000000 		.4byte	.LFB116
 2796 0024 24000000 		.4byte	.LFE116
 2797 0028 00000000 		.4byte	.LFB119
 2798 002c 38000000 		.4byte	.LFE119
 2799 0030 00000000 		.4byte	.LFB114
 2800 0034 80000000 		.4byte	.LFE114
 2801 0038 00000000 		.4byte	.LFB120
 2802 003c 14000000 		.4byte	.LFE120
 2803 0040 00000000 		.4byte	.LFB115
 2804 0044 40000000 		.4byte	.LFE115
 2805 0048 00000000 		.4byte	.LFB118
 2806 004c 10000000 		.4byte	.LFE118
 2807 0050 00000000 		.4byte	.LFB117
 2808 0054 98000000 		.4byte	.LFE117
 2809 0058 00000000 		.4byte	0
 2810 005c 00000000 		.4byte	0
 2811              		.section	.debug_line,"",%progbits
 2812              	.Ldebug_line0:
 2813 0000 55050000 		.section	.debug_str,"MS",%progbits,1
 2813      02004603 
 2813      00000201 
 2813      FB0E0D00 
 2813      01010101 
 2814              	.LASF77:
 2815 0000 45455F6F 		.ascii	"EE_oo_SetRelAlarm\000"
 2815      6F5F5365 
 2815      7452656C 
 2815      416C6172 
 2815      6D00
 2816              	.LASF20:
 2817 0012 45455F54 		.ascii	"EE_TYPEBOOL\000"
 2817      59504542 
 2817      4F4F4C00 
 2818              	.LASF51:
 2819 001e 49535232 		.ascii	"ISR2_isr_buttonShutdown\000"
 2819      5F697372 
 2819      5F627574 
 2819      746F6E53 
 2819      68757464 
 2820              	.LASF81:
 2821 0036 55415254 		.ascii	"UART_1_GetChar\000"
 2821      5F315F47 
 2821      65744368 
 2821      617200
 2822              	.LASF18:
 2823 0045 45455F55 		.ascii	"EE_UREG\000"
 2823      52454700 
 2824              	.LASF75:
 2825 004d 45455F73 		.ascii	"EE_system_init\000"
 2825      79737465 
 2825      6D5F696E 
ARM GAS  C:\Users\91819\AppData\Local\Temp\ccaGHk0j.s 			page 68


 2825      697400
 2826              	.LASF60:
 2827 005c 62697466 		.ascii	"bitfield\000"
 2827      69656C64 
 2827      00
 2828              	.LASF42:
 2829 0065 49535232 		.ascii	"ISR2_systick_handler\000"
 2829      5F737973 
 2829      7469636B 
 2829      5F68616E 
 2829      646C6572 
 2830              	.LASF70:
 2831 007a 57445F54 		.ascii	"WD_Trigger\000"
 2831      72696767 
 2831      657200
 2832              	.LASF32:
 2833 0085 45455F73 		.ascii	"EE_std_end_IRQ_post_stub\000"
 2833      74645F65 
 2833      6E645F49 
 2833      52515F70 
 2833      6F73745F 
 2834              	.LASF2:
 2835 009e 73686F72 		.ascii	"short int\000"
 2835      7420696E 
 2835      7400
 2836              	.LASF39:
 2837 00a8 45455F73 		.ascii	"EE_systick_start\000"
 2837      79737469 
 2837      636B5F73 
 2837      74617274 
 2837      00
 2838              	.LASF19:
 2839 00b9 45455F46 		.ascii	"EE_FREG\000"
 2839      52454700 
 2840              	.LASF68:
 2841 00c1 57445F53 		.ascii	"WD_Start\000"
 2841      74617274 
 2841      00
 2842              	.LASF25:
 2843 00ca 5744545F 		.ascii	"WDT_2_TICKS\000"
 2843      325F5449 
 2843      434B5300 
 2844              	.LASF64:
 2845 00d6 45455F49 		.ascii	"EE_IRQ_end_post_stub\000"
 2845      52515F65 
 2845      6E645F70 
 2845      6F73745F 
 2845      73747562 
 2846              	.LASF61:
 2847 00eb 74657374 		.ascii	"testTerminateFlag\000"
 2847      5465726D 
 2847      696E6174 
 2847      65466C61 
 2847      6700
 2848              	.LASF40:
 2849 00fd 45455F63 		.ascii	"EE_cortex_mx_get_isr_prio\000"
 2849      6F727465 
ARM GAS  C:\Users\91819\AppData\Local\Temp\ccaGHk0j.s 			page 69


 2849      785F6D78 
 2849      5F676574 
 2849      5F697372 
 2850              	.LASF22:
 2851 0117 45455F54 		.ascii	"EE_TID\000"
 2851      494400
 2852              	.LASF21:
 2853 011e 45455F54 		.ascii	"EE_TYPEISR2PRIO\000"
 2853      59504549 
 2853      53523250 
 2853      52494F00 
 2854              	.LASF85:
 2855 012e 433A5C55 		.ascii	"C:\\Users\\91819\\Documents\\HDA_Sem2\\EAA\\Assignm"
 2855      73657273 
 2855      5C393138 
 2855      31395C44 
 2855      6F63756D 
 2856 015b 656E7473 		.ascii	"ents\\Assignment1_RTE\\autosar_01.cydsn (2)\\autosa"
 2856      5C417373 
 2856      69676E6D 
 2856      656E7431 
 2856      5F525445 
 2857 018b 725F3031 		.ascii	"r_01.cydsn\000"
 2857      2E637964 
 2857      736E00
 2858              	.LASF71:
 2859 0196 57445F43 		.ascii	"WD_CheckResetBit\000"
 2859      6865636B 
 2859      52657365 
 2859      74426974 
 2859      00
 2860              	.LASF82:
 2861 01a7 62757474 		.ascii	"button_osShutdown_Read\000"
 2861      6F6E5F6F 
 2861      73536875 
 2861      74646F77 
 2861      6E5F5265 
 2862              	.LASF11:
 2863 01be 75696E74 		.ascii	"uint8\000"
 2863      3800
 2864              	.LASF57:
 2865 01c4 45455F49 		.ascii	"EE_IRQ_nesting_level\000"
 2865      52515F6E 
 2865      65737469 
 2865      6E675F6C 
 2865      6576656C 
 2866              	.LASF62:
 2867 01d9 74657374 		.ascii	"testcase\000"
 2867      63617365 
 2867      00
 2868              	.LASF46:
 2869 01e2 69734269 		.ascii	"isBitfieldTrue\000"
 2869      74666965 
 2869      6C645472 
 2869      756500
 2870              	.LASF76:
 2871 01f1 55415254 		.ascii	"UART_1_Start\000"
ARM GAS  C:\Users\91819\AppData\Local\Temp\ccaGHk0j.s 			page 70


 2871      5F315F53 
 2871      74617274 
 2871      00
 2872              	.LASF12:
 2873 01fe 666C6F61 		.ascii	"float\000"
 2873      7400
 2874              	.LASF6:
 2875 0204 6C6F6E67 		.ascii	"long long int\000"
 2875      206C6F6E 
 2875      6720696E 
 2875      7400
 2876              	.LASF67:
 2877 0212 45455F63 		.ascii	"EE_cortex_mx_change_IRQ_stack_back\000"
 2877      6F727465 
 2877      785F6D78 
 2877      5F636861 
 2877      6E67655F 
 2878              	.LASF48:
 2879 0235 63686563 		.ascii	"checkFault\000"
 2879      6B466175 
 2879      6C7400
 2880              	.LASF4:
 2881 0240 6C6F6E67 		.ascii	"long int\000"
 2881      20696E74 
 2881      00
 2882              	.LASF34:
 2883 0249 45455F63 		.ascii	"EE_cortex_mx_IRQ_active_change_context\000"
 2883      6F727465 
 2883      785F6D78 
 2883      5F495251 
 2883      5F616374 
 2884              	.LASF23:
 2885 0270 73697A65 		.ascii	"sizetype\000"
 2885      74797065 
 2885      00
 2886              	.LASF27:
 2887 0279 5744545F 		.ascii	"WDT_128_TICKS\000"
 2887      3132385F 
 2887      5449434B 
 2887      5300
 2888              	.LASF54:
 2889 0287 45455F6F 		.ascii	"EE_oo_IRQ_suspend_status\000"
 2889      6F5F4952 
 2889      515F7375 
 2889      7370656E 
 2889      645F7374 
 2890              	.LASF28:
 2891 02a0 5744545F 		.ascii	"WDT_1024_TICKS\000"
 2891      31303234 
 2891      5F544943 
 2891      4B5300
 2892              	.LASF24:
 2893 02af 626F6F6C 		.ascii	"boolean_t\000"
 2893      65616E5F 
 2893      7400
 2894              	.LASF65:
 2895 02b9 45455F73 		.ascii	"EE_switch_context\000"
ARM GAS  C:\Users\91819\AppData\Local\Temp\ccaGHk0j.s 			page 71


 2895      77697463 
 2895      685F636F 
 2895      6E746578 
 2895      7400
 2896              	.LASF47:
 2897 02cb 46756E63 		.ascii	"Functsk_init\000"
 2897      74736B5F 
 2897      696E6974 
 2897      00
 2898              	.LASF78:
 2899 02d8 45455F6F 		.ascii	"EE_oo_ActivateTask\000"
 2899      6F5F4163 
 2899      74697661 
 2899      74655461 
 2899      736B00
 2900              	.LASF35:
 2901 02eb 45455F63 		.ascii	"EE_cortex_mx_get_int_prio\000"
 2901      6F727465 
 2901      785F6D78 
 2901      5F676574 
 2901      5F696E74 
 2902              	.LASF15:
 2903 0305 6C6F6E67 		.ascii	"long double\000"
 2903      20646F75 
 2903      626C6500 
 2904              	.LASF29:
 2905 0311 45455F69 		.ascii	"EE_increment_IRQ_nesting_level\000"
 2905      6E637265 
 2905      6D656E74 
 2905      5F495251 
 2905      5F6E6573 
 2906              	.LASF1:
 2907 0330 756E7369 		.ascii	"unsigned char\000"
 2907      676E6564 
 2907      20636861 
 2907      7200
 2908              	.LASF30:
 2909 033e 45455F63 		.ascii	"EE_cortex_mx_disableIRQ\000"
 2909      6F727465 
 2909      785F6D78 
 2909      5F646973 
 2909      61626C65 
 2910              	.LASF17:
 2911 0356 45455F55 		.ascii	"EE_UINT32\000"
 2911      494E5433 
 2911      3200
 2912              	.LASF66:
 2913 0360 45455F63 		.ascii	"EE_cortex_mx_change_IRQ_stack\000"
 2913      6F727465 
 2913      785F6D78 
 2913      5F636861 
 2913      6E67655F 
 2914              	.LASF0:
 2915 037e 7369676E 		.ascii	"signed char\000"
 2915      65642063 
 2915      68617200 
 2916              	.LASF10:
ARM GAS  C:\Users\91819\AppData\Local\Temp\ccaGHk0j.s 			page 72


 2917 038a 696E7433 		.ascii	"int32_t\000"
 2917      325F7400 
 2918              	.LASF7:
 2919 0392 6C6F6E67 		.ascii	"long long unsigned int\000"
 2919      206C6F6E 
 2919      6720756E 
 2919      7369676E 
 2919      65642069 
 2920              	.LASF8:
 2921 03a9 756E7369 		.ascii	"unsigned int\000"
 2921      676E6564 
 2921      20696E74 
 2921      00
 2922              	.LASF45:
 2923 03b6 46756E63 		.ascii	"Functsk_background\000"
 2923      74736B5F 
 2923      6261636B 
 2923      67726F75 
 2923      6E6400
 2924              	.LASF38:
 2925 03c9 70657269 		.ascii	"period\000"
 2925      6F6400
 2926              	.LASF56:
 2927 03d0 45455F73 		.ascii	"EE_std_endcycle_next_tid\000"
 2927      74645F65 
 2927      6E646379 
 2927      636C655F 
 2927      6E657874 
 2928              	.LASF16:
 2929 03e9 45455F49 		.ascii	"EE_INT32\000"
 2929      4E543332 
 2929      00
 2930              	.LASF58:
 2931 03f2 43795265 		.ascii	"CyResetStatus\000"
 2931      73657453 
 2931      74617475 
 2931      7300
 2932              	.LASF3:
 2933 0400 73686F72 		.ascii	"short unsigned int\000"
 2933      7420756E 
 2933      7369676E 
 2933      65642069 
 2933      6E7400
 2934              	.LASF88:
 2935 0413 45455F73 		.ascii	"EE_systick_enable_int\000"
 2935      79737469 
 2935      636B5F65 
 2935      6E61626C 
 2935      655F696E 
 2936              	.LASF50:
 2937 0429 46756E63 		.ascii	"Functsk_testcase\000"
 2937      74736B5F 
 2937      74657374 
 2937      63617365 
 2937      00
 2938              	.LASF89:
 2939 043a 756E6861 		.ascii	"unhandledException\000"
ARM GAS  C:\Users\91819\AppData\Local\Temp\ccaGHk0j.s 			page 73


 2939      6E646C65 
 2939      64457863 
 2939      65707469 
 2939      6F6E00
 2940              	.LASF14:
 2941 044d 63686172 		.ascii	"char\000"
 2941      00
 2942              	.LASF44:
 2943 0452 6D61696E 		.ascii	"main\000"
 2943      00
 2944              	.LASF49:
 2945 0457 666F7263 		.ascii	"forceShutdownOS\000"
 2945      65536875 
 2945      74646F77 
 2945      6E4F5300 
 2946              	.LASF43:
 2947 0467 73797374 		.ascii	"systick_handler\000"
 2947      69636B5F 
 2947      68616E64 
 2947      6C657200 
 2948              	.LASF41:
 2949 0477 76656374 		.ascii	"vectact\000"
 2949      61637400 
 2950              	.LASF79:
 2951 047f 45455F6F 		.ascii	"EE_oo_TerminateTask\000"
 2951      6F5F5465 
 2951      726D696E 
 2951      61746554 
 2951      61736B00 
 2952              	.LASF84:
 2953 0493 736F7572 		.ascii	"source\\asw\\main.c\000"
 2953      63655C61 
 2953      73775C6D 
 2953      61696E2E 
 2953      6300
 2954              	.LASF55:
 2955 04a5 45455F41 		.ascii	"EE_ApplicationMode\000"
 2955      70706C69 
 2955      63617469 
 2955      6F6E4D6F 
 2955      646500
 2956              	.LASF5:
 2957 04b8 6C6F6E67 		.ascii	"long unsigned int\000"
 2957      20756E73 
 2957      69676E65 
 2957      6420696E 
 2957      7400
 2958              	.LASF69:
 2959 04ca 45455F6F 		.ascii	"EE_oo_StartOS\000"
 2959      6F5F5374 
 2959      6172744F 
 2959      5300
 2960              	.LASF72:
 2961 04d8 55415254 		.ascii	"UART_1_PutString\000"
 2961      5F315F50 
 2961      75745374 
 2961      72696E67 
ARM GAS  C:\Users\91819\AppData\Local\Temp\ccaGHk0j.s 			page 74


 2961      00
 2962              	.LASF87:
 2963 04e9 45455F69 		.ascii	"EE_is_inside_ISR_call\000"
 2963      735F696E 
 2963      73696465 
 2963      5F495352 
 2963      5F63616C 
 2964              	.LASF80:
 2965 04ff 45455F6F 		.ascii	"EE_oo_ShutdownOS\000"
 2965      6F5F5368 
 2965      7574646F 
 2965      776E4F53 
 2965      00
 2966              	.LASF73:
 2967 0510 4A4F5953 		.ascii	"JOYSTICK_Init\000"
 2967      5449434B 
 2967      5F496E69 
 2967      7400
 2968              	.LASF26:
 2969 051e 5744545F 		.ascii	"WDT_16_TICKS\000"
 2969      31365F54 
 2969      49434B53 
 2969      00
 2970              	.LASF9:
 2971 052b 5F5F696E 		.ascii	"__int32_t\000"
 2971      7433325F 
 2971      7400
 2972              	.LASF33:
 2973 0535 45455F63 		.ascii	"EE_cortex_mx_enableIRQ\000"
 2973      6F727465 
 2973      785F6D78 
 2973      5F656E61 
 2973      626C6549 
 2974              	.LASF86:
 2975 054c 45455F63 		.ascii	"EE_cortex_mx_set_int_prio\000"
 2975      6F727465 
 2975      785F6D78 
 2975      5F736574 
 2975      5F696E74 
 2976              	.LASF13:
 2977 0566 646F7562 		.ascii	"double\000"
 2977      6C6500
 2978              	.LASF36:
 2979 056d 45455F73 		.ascii	"EE_systick_set_period\000"
 2979      79737469 
 2979      636B5F73 
 2979      65745F70 
 2979      6572696F 
 2980              	.LASF52:
 2981 0583 6973725F 		.ascii	"isr_buttonShutdown\000"
 2981      62757474 
 2981      6F6E5368 
 2981      7574646F 
 2981      776E00
 2982              	.LASF59:
 2983 0596 49544D5F 		.ascii	"ITM_RxBuffer\000"
 2983      52784275 
ARM GAS  C:\Users\91819\AppData\Local\Temp\ccaGHk0j.s 			page 75


 2983      66666572 
 2983      00
 2984              	.LASF83:
 2985 05a3 474E5520 		.ascii	"GNU C11 5.4.1 20160609 (release) [ARM/embedded-5-br"
 2985      43313120 
 2985      352E342E 
 2985      31203230 
 2985      31363036 
 2986 05d6 616E6368 		.ascii	"anch revision 237715] -mcpu=cortex-m3 -mthumb -g -O"
 2986      20726576 
 2986      6973696F 
 2986      6E203233 
 2986      37373135 
 2987 0609 67202D66 		.ascii	"g -ffunction-sections -ffat-lto-objects\000"
 2987      66756E63 
 2987      74696F6E 
 2987      2D736563 
 2987      74696F6E 
 2988              	.LASF74:
 2989 0631 50574D5F 		.ascii	"PWM_Green_Start\000"
 2989      47726565 
 2989      6E5F5374 
 2989      61727400 
 2990              	.LASF63:
 2991 0641 45455F6F 		.ascii	"EE_oo_IncrementCounter\000"
 2991      6F5F496E 
 2991      6372656D 
 2991      656E7443 
 2991      6F756E74 
 2992              	.LASF37:
 2993 0658 7072696F 		.ascii	"prio\000"
 2993      00
 2994              	.LASF53:
 2995 065d 45455F6F 		.ascii	"EE_oo_IRQ_disable_count\000"
 2995      6F5F4952 
 2995      515F6469 
 2995      7361626C 
 2995      655F636F 
 2996              	.LASF31:
 2997 0675 45455F64 		.ascii	"EE_decrement_IRQ_nesting_level\000"
 2997      65637265 
 2997      6D656E74 
 2997      5F495251 
 2997      5F6E6573 
 2998              		.ident	"GCC: (GNU Tools for ARM Embedded Processors) 5.4.1 20160609 (release) [ARM/embedded-5-bran
