ARM GAS  C:\Users\91819\AppData\Local\Temp\cc0Yrypa.s 			page 1


   1              		.syntax unified
   2              		.cpu cortex-m3
   3              		.fpu softvfp
   4              		.eabi_attribute 20, 1
   5              		.eabi_attribute 21, 1
   6              		.eabi_attribute 23, 3
   7              		.eabi_attribute 24, 1
   8              		.eabi_attribute 25, 1
   9              		.eabi_attribute 26, 1
  10              		.eabi_attribute 30, 1
  11              		.eabi_attribute 34, 1
  12              		.eabi_attribute 18, 4
  13              		.thumb
  14              		.syntax unified
  15              		.file	"sp_common.c"
  16              		.text
  17              	.Ltext0:
  18              		.cfi_sections	.debug_frame
  19              		.section	.text.RTE_timertick_sp_common_tick,"ax",%progbits
  20              		.align	2
  21              		.global	RTE_timertick_sp_common_tick
  22              		.thumb
  23              		.thumb_func
  24              		.type	RTE_timertick_sp_common_tick, %function
  25              	RTE_timertick_sp_common_tick:
  26              	.LFB140:
  27              		.file 1 "source\\rte\\sp_common.c"
   1:source\rte/sp_common.c **** 
   2:source\rte/sp_common.c **** 
   3:source\rte/sp_common.c **** /*
   4:source\rte/sp_common.c ****  * Filename: sp_common.c
   5:source\rte/sp_common.c ****  *
   6:source\rte/sp_common.c ****  * Author: Autogenerated by H-DA RTE Generator, (c) Prof. Fromm
   7:source\rte/sp_common.c ****  */
   8:source\rte/sp_common.c **** 
   9:source\rte/sp_common.c **** #include "project.h"
  10:source\rte/sp_common.c **** #include "global.h"
  11:source\rte/sp_common.c **** #include "rte.h"
  12:source\rte/sp_common.c **** #include "rte_types.h"
  13:source\rte/sp_common.c **** #include "sp_common.h"
  14:source\rte/sp_common.c **** 
  15:source\rte/sp_common.c **** 
  16:source\rte/sp_common.c **** 
  17:source\rte/sp_common.c **** /* USER CODE START SP_COMMON_INCLUDE */
  18:source\rte/sp_common.c **** 
  19:source\rte/sp_common.c **** /* USER CODE END SP_COMMON_INCLUDE */
  20:source\rte/sp_common.c **** 
  21:source\rte/sp_common.c **** #include "sc_joystick.h"
  22:source\rte/sp_common.c **** #include "sc_joystick_type.h"
  23:source\rte/sp_common.c **** #include "sc_speed.h"
  24:source\rte/sp_common.c **** #include "sc_speed_type.h"
  25:source\rte/sp_common.c **** #include "sc_speed.h"
  26:source\rte/sp_common.c **** #include "sc_speed_type.h"
  27:source\rte/sp_common.c **** #include "sc_brakelight.h"
  28:source\rte/sp_common.c **** #include "sc_brakelight_type.h"
  29:source\rte/sp_common.c **** 
  30:source\rte/sp_common.c **** 
ARM GAS  C:\Users\91819\AppData\Local\Temp\cc0Yrypa.s 			page 2


  31:source\rte/sp_common.c **** 
  32:source\rte/sp_common.c **** /* signal configuration */
  33:source\rte/sp_common.c **** /*
  34:source\rte/sp_common.c **** * description: A Signal
  35:source\rte/sp_common.c **** * indriver: default
  36:source\rte/sp_common.c **** * name: so_joystick
  37:source\rte/sp_common.c **** * onDataError: 0
  38:source\rte/sp_common.c **** * onDataUpdate: ev_joystick_onData
  39:source\rte/sp_common.c **** * outdriver: 0
  40:source\rte/sp_common.c **** * resource: None
  41:source\rte/sp_common.c **** * shortname: joystick
  42:source\rte/sp_common.c **** * signalclass: sc_joystick
  43:source\rte/sp_common.c **** * signalpool: sp_common
  44:source\rte/sp_common.c **** */
  45:source\rte/sp_common.c **** 
  46:source\rte/sp_common.c **** 
  47:source\rte/sp_common.c **** /* The following array contains the receiving tasks for onUpdate signal events */
  48:source\rte/sp_common.c **** const TaskTypeArray so_joystick_updTasks = { tsk_control };
  49:source\rte/sp_common.c ****  
  50:source\rte/sp_common.c **** 
  51:source\rte/sp_common.c **** static const SC_JOYSTICK_cfg_t SO_JOYSTICK_cfg = 
  52:source\rte/sp_common.c **** {
  53:source\rte/sp_common.c ****    /* indriver           */  SC_JOYSTICK_driverIn,
  54:source\rte/sp_common.c ****    /* outdriver          */  0,
  55:source\rte/sp_common.c **** 
  56:source\rte/sp_common.c ****    /* onUpdate           */  ev_joystick_onData,
  57:source\rte/sp_common.c ****    /* onError            */  0,
  58:source\rte/sp_common.c ****    /* taskCount onUpdate */  1,
  59:source\rte/sp_common.c ****    /* task list onUpdate */  &so_joystick_updTasks,
  60:source\rte/sp_common.c ****    /* taskCount onError  */  0,
  61:source\rte/sp_common.c ****    /* task list onError  */  NULL,
  62:source\rte/sp_common.c **** 
  63:source\rte/sp_common.c ****    /* resource active    */  FALSE,
  64:source\rte/sp_common.c ****    /* resource           */  NULL,
  65:source\rte/sp_common.c ****    
  66:source\rte/sp_common.c **** }; /* configuration so_joystick */
  67:source\rte/sp_common.c **** 
  68:source\rte/sp_common.c **** 
  69:source\rte/sp_common.c **** /* signal data */
  70:source\rte/sp_common.c **** 
  71:source\rte/sp_common.c **** SC_JOYSTICK_t SO_JOYSTICK_signal= 
  72:source\rte/sp_common.c **** {
  73:source\rte/sp_common.c ****    /* init value    */  SC_JOYSTICK_INIT_DATA,
  74:source\rte/sp_common.c ****    /* status        */  RTE_SIGNALSTATUS_STARTUP,
  75:source\rte/sp_common.c ****    /* age           */  0,
  76:source\rte/sp_common.c ****    /* cfg           */  &SO_JOYSTICK_cfg,
  77:source\rte/sp_common.c **** }; /* data so_joystick */
  78:source\rte/sp_common.c **** 
  79:source\rte/sp_common.c **** /* signal configuration */
  80:source\rte/sp_common.c **** /*
  81:source\rte/sp_common.c **** * description: A Signal
  82:source\rte/sp_common.c **** * indriver: 0
  83:source\rte/sp_common.c **** * name: so_speed
  84:source\rte/sp_common.c **** * onDataError: 0
  85:source\rte/sp_common.c **** * onDataUpdate: ev_speed_onData
  86:source\rte/sp_common.c **** * outdriver: default
  87:source\rte/sp_common.c **** * resource: None
ARM GAS  C:\Users\91819\AppData\Local\Temp\cc0Yrypa.s 			page 3


  88:source\rte/sp_common.c **** * shortname: speed
  89:source\rte/sp_common.c **** * signalclass: sc_speed
  90:source\rte/sp_common.c **** * signalpool: sp_common
  91:source\rte/sp_common.c **** */
  92:source\rte/sp_common.c **** 
  93:source\rte/sp_common.c **** 
  94:source\rte/sp_common.c **** /* The following array contains the receiving tasks for onUpdate signal events */
  95:source\rte/sp_common.c **** const TaskTypeArray so_speed_updTasks = { tsk_io };
  96:source\rte/sp_common.c ****  
  97:source\rte/sp_common.c **** 
  98:source\rte/sp_common.c **** static const SC_SPEED_cfg_t SO_SPEED_cfg = 
  99:source\rte/sp_common.c **** {
 100:source\rte/sp_common.c ****    /* indriver           */  0,
 101:source\rte/sp_common.c ****    /* outdriver          */  SC_SPEED_driverOut,
 102:source\rte/sp_common.c **** 
 103:source\rte/sp_common.c ****    /* onUpdate           */  ev_speed_onData,
 104:source\rte/sp_common.c ****    /* onError            */  0,
 105:source\rte/sp_common.c ****    /* taskCount onUpdate */  1,
 106:source\rte/sp_common.c ****    /* task list onUpdate */  &so_speed_updTasks,
 107:source\rte/sp_common.c ****    /* taskCount onError  */  0,
 108:source\rte/sp_common.c ****    /* task list onError  */  NULL,
 109:source\rte/sp_common.c **** 
 110:source\rte/sp_common.c ****    /* resource active    */  FALSE,
 111:source\rte/sp_common.c ****    /* resource           */  NULL,
 112:source\rte/sp_common.c ****    
 113:source\rte/sp_common.c **** }; /* configuration so_speed */
 114:source\rte/sp_common.c **** 
 115:source\rte/sp_common.c **** 
 116:source\rte/sp_common.c **** /* signal data */
 117:source\rte/sp_common.c **** 
 118:source\rte/sp_common.c **** SC_SPEED_t SO_SPEED_signal= 
 119:source\rte/sp_common.c **** {
 120:source\rte/sp_common.c ****    /* init value    */  SC_SPEED_INIT_DATA,
 121:source\rte/sp_common.c ****    /* status        */  RTE_SIGNALSTATUS_STARTUP,
 122:source\rte/sp_common.c ****    /* age           */  0,
 123:source\rte/sp_common.c ****    /* cfg           */  &SO_SPEED_cfg,
 124:source\rte/sp_common.c **** }; /* data so_speed */
 125:source\rte/sp_common.c **** 
 126:source\rte/sp_common.c **** /* signal configuration */
 127:source\rte/sp_common.c **** /*
 128:source\rte/sp_common.c **** * description: A Signal
 129:source\rte/sp_common.c **** * indriver: 0
 130:source\rte/sp_common.c **** * name: so_engine
 131:source\rte/sp_common.c **** * onDataError: 0
 132:source\rte/sp_common.c **** * onDataUpdate: 0
 133:source\rte/sp_common.c **** * outdriver: default
 134:source\rte/sp_common.c **** * resource: None
 135:source\rte/sp_common.c **** * shortname: engine
 136:source\rte/sp_common.c **** * signalclass: sc_speed
 137:source\rte/sp_common.c **** * signalpool: sp_common
 138:source\rte/sp_common.c **** */
 139:source\rte/sp_common.c **** 
 140:source\rte/sp_common.c ****  
 141:source\rte/sp_common.c **** 
 142:source\rte/sp_common.c **** static const SC_SPEED_cfg_t SO_ENGINE_cfg = 
 143:source\rte/sp_common.c **** {
 144:source\rte/sp_common.c ****    /* indriver           */  0,
ARM GAS  C:\Users\91819\AppData\Local\Temp\cc0Yrypa.s 			page 4


 145:source\rte/sp_common.c ****    /* outdriver          */  SC_SPEED_driverOut,
 146:source\rte/sp_common.c **** 
 147:source\rte/sp_common.c ****    /* onUpdate           */  0,
 148:source\rte/sp_common.c ****    /* onError            */  0,
 149:source\rte/sp_common.c ****    /* taskCount onUpdate */  0,
 150:source\rte/sp_common.c ****    /* task list onUpdate */  NULL,
 151:source\rte/sp_common.c ****    /* taskCount onError  */  0,
 152:source\rte/sp_common.c ****    /* task list onError  */  NULL,
 153:source\rte/sp_common.c **** 
 154:source\rte/sp_common.c ****    /* resource active    */  FALSE,
 155:source\rte/sp_common.c ****    /* resource           */  NULL,
 156:source\rte/sp_common.c ****    
 157:source\rte/sp_common.c **** }; /* configuration so_engine */
 158:source\rte/sp_common.c **** 
 159:source\rte/sp_common.c **** 
 160:source\rte/sp_common.c **** /* signal data */
 161:source\rte/sp_common.c **** 
 162:source\rte/sp_common.c **** SC_SPEED_t SO_ENGINE_signal= 
 163:source\rte/sp_common.c **** {
 164:source\rte/sp_common.c ****    /* init value    */  SC_SPEED_INIT_DATA,
 165:source\rte/sp_common.c ****    /* status        */  RTE_SIGNALSTATUS_STARTUP,
 166:source\rte/sp_common.c ****    /* age           */  0,
 167:source\rte/sp_common.c ****    /* cfg           */  &SO_ENGINE_cfg,
 168:source\rte/sp_common.c **** }; /* data so_engine */
 169:source\rte/sp_common.c **** 
 170:source\rte/sp_common.c **** /* signal configuration */
 171:source\rte/sp_common.c **** /*
 172:source\rte/sp_common.c **** * description: A Signal
 173:source\rte/sp_common.c **** * indriver: 0
 174:source\rte/sp_common.c **** * name: so_brakeLight
 175:source\rte/sp_common.c **** * onDataError: 0
 176:source\rte/sp_common.c **** * onDataUpdate: 0
 177:source\rte/sp_common.c **** * outdriver: default
 178:source\rte/sp_common.c **** * resource: None
 179:source\rte/sp_common.c **** * shortname: brakeLight
 180:source\rte/sp_common.c **** * signalclass: sc_brakeLight
 181:source\rte/sp_common.c **** * signalpool: sp_common
 182:source\rte/sp_common.c **** */
 183:source\rte/sp_common.c **** 
 184:source\rte/sp_common.c ****  
 185:source\rte/sp_common.c **** 
 186:source\rte/sp_common.c **** static const SC_BRAKELIGHT_cfg_t SO_BRAKELIGHT_cfg = 
 187:source\rte/sp_common.c **** {
 188:source\rte/sp_common.c ****    /* indriver           */  0,
 189:source\rte/sp_common.c ****    /* outdriver          */  SC_BRAKELIGHT_driverOut,
 190:source\rte/sp_common.c **** 
 191:source\rte/sp_common.c ****    /* onUpdate           */  0,
 192:source\rte/sp_common.c ****    /* onError            */  0,
 193:source\rte/sp_common.c ****    /* taskCount onUpdate */  0,
 194:source\rte/sp_common.c ****    /* task list onUpdate */  NULL,
 195:source\rte/sp_common.c ****    /* taskCount onError  */  0,
 196:source\rte/sp_common.c ****    /* task list onError  */  NULL,
 197:source\rte/sp_common.c **** 
 198:source\rte/sp_common.c ****    /* resource active    */  FALSE,
 199:source\rte/sp_common.c ****    /* resource           */  NULL,
 200:source\rte/sp_common.c ****    
 201:source\rte/sp_common.c **** }; /* configuration so_brakelight */
ARM GAS  C:\Users\91819\AppData\Local\Temp\cc0Yrypa.s 			page 5


 202:source\rte/sp_common.c **** 
 203:source\rte/sp_common.c **** 
 204:source\rte/sp_common.c **** /* signal data */
 205:source\rte/sp_common.c **** 
 206:source\rte/sp_common.c **** SC_BRAKELIGHT_t SO_BRAKELIGHT_signal= 
 207:source\rte/sp_common.c **** {
 208:source\rte/sp_common.c ****    /* init value    */  SC_BRAKELIGHT_INIT_DATA,
 209:source\rte/sp_common.c ****    /* status        */  RTE_SIGNALSTATUS_STARTUP,
 210:source\rte/sp_common.c ****    /* age           */  0,
 211:source\rte/sp_common.c ****    /* cfg           */  &SO_BRAKELIGHT_cfg,
 212:source\rte/sp_common.c **** }; /* data so_brakelight */
 213:source\rte/sp_common.c **** 
 214:source\rte/sp_common.c **** 
 215:source\rte/sp_common.c **** 
 216:source\rte/sp_common.c **** void RTE_timertick_sp_common_tick(uint32_t tick){
  28              		.loc 1 216 0
  29              		.cfi_startproc
  30              		@ args = 0, pretend = 0, frame = 0
  31              		@ frame_needed = 0, uses_anonymous_args = 0
  32              		@ link register save eliminated.
  33              	.LVL0:
  34              	.LBB10:
  35              	.LBB11:
  36              		.file 2 "source\\rte\\sc_joystick.h"
   1:source\rte/sc_joystick.h **** 
   2:source\rte/sc_joystick.h **** 
   3:source\rte/sc_joystick.h **** /**
   4:source\rte/sc_joystick.h **** *  file    SC_JOYSTICK_signal.h
   5:source\rte/sc_joystick.h **** *
   6:source\rte/sc_joystick.h **** *  brief   signal base class for signal sc_joystick
   7:source\rte/sc_joystick.h **** *
   8:source\rte/sc_joystick.h **** *  author  Autogenerated, Peter Fromm       <peter.fromm@h-da.de>
   9:source\rte/sc_joystick.h **** *
  10:source\rte/sc_joystick.h **** *
  11:source\rte/sc_joystick.h **** */
  12:source\rte/sc_joystick.h **** 
  13:source\rte/sc_joystick.h **** /*
  14:source\rte/sc_joystick.h **** * description: Signalclass
  15:source\rte/sc_joystick.h **** * name: sc_joystick
  16:source\rte/sc_joystick.h **** * shortname: joystick
  17:source\rte/sc_joystick.h **** */
  18:source\rte/sc_joystick.h **** 
  19:source\rte/sc_joystick.h **** #ifndef SC_JOYSTICK_SIGNAL_H_INCLUDED
  20:source\rte/sc_joystick.h **** #define SC_JOYSTICK_SIGNAL_H_INCLUDED
  21:source\rte/sc_joystick.h **** 
  22:source\rte/sc_joystick.h **** /*================================================[ public includes  ]=============================
  23:source\rte/sc_joystick.h **** #include "global.h"
  24:source\rte/sc_joystick.h **** #include "project.h"
  25:source\rte/sc_joystick.h **** #include "rte.h"
  26:source\rte/sc_joystick.h **** #include "rte_types.h"
  27:source\rte/sc_joystick.h **** 
  28:source\rte/sc_joystick.h **** #include "sc_joystick_type.h"
  29:source\rte/sc_joystick.h **** 
  30:source\rte/sc_joystick.h **** 
  31:source\rte/sc_joystick.h **** /**************************************************************************************************
  32:source\rte/sc_joystick.h **** /* The driver API block																						*/
  33:source\rte/sc_joystick.h **** /**************************************************************************************************
ARM GAS  C:\Users\91819\AppData\Local\Temp\cc0Yrypa.s 			page 6


  34:source\rte/sc_joystick.h ****                                                                                                    
  35:source\rte/sc_joystick.h **** /**
  36:source\rte/sc_joystick.h ****  *  Definition of function types for driver interfaces.
  37:source\rte/sc_joystick.h ****  *  I-Port
  38:source\rte/sc_joystick.h ****  */
  39:source\rte/sc_joystick.h **** typedef RC_t (*SC_JOYSTICK_driverIn_t)(SC_JOYSTICK_data_t * const);
  40:source\rte/sc_joystick.h **** 
  41:source\rte/sc_joystick.h **** /**
  42:source\rte/sc_joystick.h ****  *  Definition of function types for driver interfaces.
  43:source\rte/sc_joystick.h ****  *  O-Port
  44:source\rte/sc_joystick.h ****  */
  45:source\rte/sc_joystick.h **** typedef RC_t (*SC_JOYSTICK_driverOut_t)( const SC_JOYSTICK_data_t * const);
  46:source\rte/sc_joystick.h **** 
  47:source\rte/sc_joystick.h **** 
  48:source\rte/sc_joystick.h **** /**************************************************************************************************
  49:source\rte/sc_joystick.h **** /* The signal configuration API block																				*/
  50:source\rte/sc_joystick.h **** /**************************************************************************************************
  51:source\rte/sc_joystick.h **** 
  52:source\rte/sc_joystick.h **** /**
  53:source\rte/sc_joystick.h ****  * Instances of the struct SC_JOYSTICK_cfg_t represent the signal object configuration.
  54:source\rte/sc_joystick.h ****  */
  55:source\rte/sc_joystick.h **** struct SC_JOYSTICK_cfg_s
  56:source\rte/sc_joystick.h **** {
  57:source\rte/sc_joystick.h ****     /**
  58:source\rte/sc_joystick.h ****      * Function pointer to the input driver
  59:source\rte/sc_joystick.h ****      */
  60:source\rte/sc_joystick.h ****     SC_JOYSTICK_driverIn_t const inDriver;
  61:source\rte/sc_joystick.h **** 
  62:source\rte/sc_joystick.h ****     /**
  63:source\rte/sc_joystick.h ****      * Function pointer to the output driver table
  64:source\rte/sc_joystick.h ****      */
  65:source\rte/sc_joystick.h ****    SC_JOYSTICK_driverOut_t const outDriver;
  66:source\rte/sc_joystick.h ****    
  67:source\rte/sc_joystick.h ****     /**
  68:source\rte/sc_joystick.h ****      * Event onUpdate
  69:source\rte/sc_joystick.h ****      */
  70:source\rte/sc_joystick.h ****     EventMaskType const evOnUpdate;
  71:source\rte/sc_joystick.h ****     
  72:source\rte/sc_joystick.h ****     
  73:source\rte/sc_joystick.h ****     /**
  74:source\rte/sc_joystick.h ****      * Event onError
  75:source\rte/sc_joystick.h ****      */
  76:source\rte/sc_joystick.h ****     EventMaskType const evOnError;
  77:source\rte/sc_joystick.h ****     
  78:source\rte/sc_joystick.h ****     /**
  79:source\rte/sc_joystick.h ****      * Task Count onUpdate
  80:source\rte/sc_joystick.h ****      */
  81:source\rte/sc_joystick.h ****     size_t const onUpdateTaskCount;
  82:source\rte/sc_joystick.h **** 
  83:source\rte/sc_joystick.h ****     /**
  84:source\rte/sc_joystick.h ****      * Task List onUpdate
  85:source\rte/sc_joystick.h ****      */
  86:source\rte/sc_joystick.h ****     TaskTypeArray* const onUpdateTasks;
  87:source\rte/sc_joystick.h ****     
  88:source\rte/sc_joystick.h ****     /**
  89:source\rte/sc_joystick.h ****      * Task Count onError
  90:source\rte/sc_joystick.h ****      */
ARM GAS  C:\Users\91819\AppData\Local\Temp\cc0Yrypa.s 			page 7


  91:source\rte/sc_joystick.h ****     size_t const onErrorTaskCount;
  92:source\rte/sc_joystick.h **** 
  93:source\rte/sc_joystick.h ****     /**
  94:source\rte/sc_joystick.h ****      * Task List onError
  95:source\rte/sc_joystick.h ****      */
  96:source\rte/sc_joystick.h ****     TaskTypeArray* const onErrorTasks;
  97:source\rte/sc_joystick.h **** 	
  98:source\rte/sc_joystick.h **** 	
  99:source\rte/sc_joystick.h **** 	/**
 100:source\rte/sc_joystick.h **** 	 * Ressourse is active? We need an additional boolean as a ressource value 0 is valid.
 101:source\rte/sc_joystick.h **** 	 */
 102:source\rte/sc_joystick.h **** 	 boolean_t const resourceActive;
 103:source\rte/sc_joystick.h **** 	 
 104:source\rte/sc_joystick.h **** 	/**
 105:source\rte/sc_joystick.h **** 	 * Ressourse 
 106:source\rte/sc_joystick.h **** 	 */
 107:source\rte/sc_joystick.h **** 	 ResourceType const resource;
 108:source\rte/sc_joystick.h **** 
 109:source\rte/sc_joystick.h **** };                                                                                                 
 110:source\rte/sc_joystick.h **** typedef const struct SC_JOYSTICK_cfg_s SC_JOYSTICK_cfg_t;
 111:source\rte/sc_joystick.h ****                               
 112:source\rte/sc_joystick.h **** /**************************************************************************************************
 113:source\rte/sc_joystick.h **** /* The data interface block																							*/
 114:source\rte/sc_joystick.h **** /**************************************************************************************************
 115:source\rte/sc_joystick.h **** 
 116:source\rte/sc_joystick.h ****                                                                                                    
 117:source\rte/sc_joystick.h **** 							  
 118:source\rte/sc_joystick.h **** /**
 119:source\rte/sc_joystick.h ****  * Instances of the struct SC_JOYSTICK_t represent the signal objects.
 120:source\rte/sc_joystick.h ****  * A signal object contains the current application value 'value' as well as relevant meta data.
 121:source\rte/sc_joystick.h ****  */
 122:source\rte/sc_joystick.h **** struct SC_JOYSTICK_s
 123:source\rte/sc_joystick.h **** {                                                                                                  
 124:source\rte/sc_joystick.h **** 
 125:source\rte/sc_joystick.h **** 	/**
 126:source\rte/sc_joystick.h **** 	 * Data buffer for the application value
 127:source\rte/sc_joystick.h **** 	 */
 128:source\rte/sc_joystick.h ****     SC_JOYSTICK_data_t value;
 129:source\rte/sc_joystick.h **** 
 130:source\rte/sc_joystick.h ****     /**
 131:source\rte/sc_joystick.h ****      * Current signal status
 132:source\rte/sc_joystick.h ****      */
 133:source\rte/sc_joystick.h ****     RTE_signalStatus_t status;
 134:source\rte/sc_joystick.h **** 
 135:source\rte/sc_joystick.h ****     /**
 136:source\rte/sc_joystick.h ****      * Current age of the signal (in calling cycles)
 137:source\rte/sc_joystick.h ****      */
 138:source\rte/sc_joystick.h ****     uint32_t age;
 139:source\rte/sc_joystick.h **** 
 140:source\rte/sc_joystick.h ****     /**
 141:source\rte/sc_joystick.h ****      * Pointer to the signal configuration
 142:source\rte/sc_joystick.h ****      */
 143:source\rte/sc_joystick.h **** 	const SC_JOYSTICK_cfg_t * const    pSigCfg;
 144:source\rte/sc_joystick.h **** 
 145:source\rte/sc_joystick.h **** };                                                                                                 
 146:source\rte/sc_joystick.h **** typedef struct SC_JOYSTICK_s SC_JOYSTICK_t;
 147:source\rte/sc_joystick.h **** 
ARM GAS  C:\Users\91819\AppData\Local\Temp\cc0Yrypa.s 			page 8


 148:source\rte/sc_joystick.h **** /**************************************************************************************************
 149:source\rte/sc_joystick.h **** /* Signal initialisation   																							*/
 150:source\rte/sc_joystick.h **** /**************************************************************************************************
 151:source\rte/sc_joystick.h **** 
 152:source\rte/sc_joystick.h **** /**
 153:source\rte/sc_joystick.h ****  * Initializes a signal instance with a passed init value.
 154:source\rte/sc_joystick.h ****  * Depending on the configured conversion or scaling function the raw_value will be calculated.
 155:source\rte/sc_joystick.h ****  * Signal status will change from RTE_SIGNALSTATUS_STARTUP to RTE_SIGNALSTATUS_INITIALIZED.
 156:source\rte/sc_joystick.h ****  *
 157:source\rte/sc_joystick.h ****  * @param  SC_JOYSTICK_t * const signal: Pointer to the signal object which will be initialised
 158:source\rte/sc_joystick.h ****  * @param const sc_joystick_data_t * const value: Pointer to initial value of the application data
 159:source\rte/sc_joystick.h ****  * @return RC_t: standard return code, currently only RC_SUCCESS
 160:source\rte/sc_joystick.h ****  *
 161:source\rte/sc_joystick.h ****  **/
 162:source\rte/sc_joystick.h **** inline RC_t RTE_SC_JOYSTICK_init( SC_JOYSTICK_t * const signal, const SC_JOYSTICK_data_t * const va
 163:source\rte/sc_joystick.h **** {                                                                                                  
 164:source\rte/sc_joystick.h **** 
 165:source\rte/sc_joystick.h ****    RC_t ret = RC_SUCCESS;
 166:source\rte/sc_joystick.h **** 
 167:source\rte/sc_joystick.h ****    //Set value and raw value
 168:source\rte/sc_joystick.h ****    signal->value  = *value;
 169:source\rte/sc_joystick.h ****    signal->age    = 0;
 170:source\rte/sc_joystick.h ****    signal->status = RTE_SIGNALSTATUS_INITIALIZED;
 171:source\rte/sc_joystick.h **** 
 172:source\rte/sc_joystick.h ****    return ret;
 173:source\rte/sc_joystick.h **** }
 174:source\rte/sc_joystick.h **** 
 175:source\rte/sc_joystick.h **** /**************************************************************************************************
 176:source\rte/sc_joystick.h **** /* Status and timeout control																						*/
 177:source\rte/sc_joystick.h **** /**************************************************************************************************
 178:source\rte/sc_joystick.h **** 
 179:source\rte/sc_joystick.h **** /**
 180:source\rte/sc_joystick.h ****  *  Returns the current signal status of the passed signal instance.
 181:source\rte/sc_joystick.h ****  *
 182:source\rte/sc_joystick.h ****  * @param  SC_JOYSTICK_t * const signal: Pointer to the signal object
 183:source\rte/sc_joystick.h ****  * @return  sig_status_t: The current signal status
 184:source\rte/sc_joystick.h ****  *
 185:source\rte/sc_joystick.h ****  **/
 186:source\rte/sc_joystick.h **** inline RTE_signalStatus_t RTE_SC_JOYSTICK_getStatus( const SC_JOYSTICK_t * const signal )
 187:source\rte/sc_joystick.h **** {
 188:source\rte/sc_joystick.h ****    return signal->status;
 189:source\rte/sc_joystick.h **** }
 190:source\rte/sc_joystick.h **** 
 191:source\rte/sc_joystick.h **** 
 192:source\rte/sc_joystick.h **** /**
 193:source\rte/sc_joystick.h ****  *  Sets a new signal status of the passed signal instance by passing the new status.
 194:source\rte/sc_joystick.h ****  *
 195:source\rte/sc_joystick.h ****  * @param  SC_JOYSTICK_t * const signal: Pointer to the signal object
 196:source\rte/sc_joystick.h ****  * @param  const sig_status_t status: New signal status
 197:source\rte/sc_joystick.h ****  * @return RC_t: standard return code, currently only RC_SUCCESS
 198:source\rte/sc_joystick.h ****  *
 199:source\rte/sc_joystick.h ****  */
 200:source\rte/sc_joystick.h **** inline RC_t RTE_SC_JOYSTICK_setStatus( SC_JOYSTICK_t * const signal, const RTE_signalStatus_t statu
 201:source\rte/sc_joystick.h **** {
 202:source\rte/sc_joystick.h ****    signal->status = status;
 203:source\rte/sc_joystick.h ****    size_t taskNum=0;
 204:source\rte/sc_joystick.h ****    
ARM GAS  C:\Users\91819\AppData\Local\Temp\cc0Yrypa.s 			page 9


 205:source\rte/sc_joystick.h ****    //Fire error events in case of invalid state
 206:source\rte/sc_joystick.h ****    if (signal->status == RTE_SIGNALSTATUS_INVALID)
 207:source\rte/sc_joystick.h ****    {
 208:source\rte/sc_joystick.h **** 	    //Pointer to the Taskarray, containing the tasks receiving the onUpdate events
 209:source\rte/sc_joystick.h **** 		TaskTypeArray* pTaskArray = signal->pSigCfg->onErrorTasks;
 210:source\rte/sc_joystick.h **** 
 211:source\rte/sc_joystick.h **** 		if (NULL!=signal->pSigCfg->evOnError && NULL != pTaskArray){
 212:source\rte/sc_joystick.h **** 			for( taskNum=0 ; taskNum < signal->pSigCfg->onErrorTaskCount ;taskNum++){
 213:source\rte/sc_joystick.h **** 				TaskType task = (*pTaskArray)[taskNum];
 214:source\rte/sc_joystick.h **** 				SetEvent( task, signal->pSigCfg->evOnError);
 215:source\rte/sc_joystick.h **** 			}
 216:source\rte/sc_joystick.h **** 		}
 217:source\rte/sc_joystick.h ****    }
 218:source\rte/sc_joystick.h ****    
 219:source\rte/sc_joystick.h ****    return RC_SUCCESS;
 220:source\rte/sc_joystick.h **** }
 221:source\rte/sc_joystick.h **** 
 222:source\rte/sc_joystick.h **** 
 223:source\rte/sc_joystick.h **** /**
 224:source\rte/sc_joystick.h ****  * Returns the count of refreshing trials (refresh, set or set_raw) that failed.
 225:source\rte/sc_joystick.h ****  * Prerquisite: The signal is refreshed cyclically
 226:source\rte/sc_joystick.h ****  *
 227:source\rte/sc_joystick.h ****  * @param  SC_JOYSTICK_t * const signal: Pointer to the signal object
 228:source\rte/sc_joystick.h ****  * @return uint32_t: Number of cycles since the signal has been updated for the last time
 229:source\rte/sc_joystick.h ****  */
 230:source\rte/sc_joystick.h **** inline uint32_t RTE_SC_JOYSTICK_getAge( const SC_JOYSTICK_t * const signal )
 231:source\rte/sc_joystick.h **** {
 232:source\rte/sc_joystick.h ****    return signal->age;
 233:source\rte/sc_joystick.h **** }
 234:source\rte/sc_joystick.h **** 
 235:source\rte/sc_joystick.h **** /**
 236:source\rte/sc_joystick.h ****  * Should be called by application or driver if no new value can be provided.
 237:source\rte/sc_joystick.h ****  * @param  SC_JOYSTICK_t * const signal: Pointer to the signal object
 238:source\rte/sc_joystick.h ****  * @param uint32_t increment: incrementvalue, typically in [ms]
 239:source\rte/sc_joystick.h ****  * @return void
 240:source\rte/sc_joystick.h ****  */
 241:source\rte/sc_joystick.h **** inline void RTE_SC_JOYSTICK_incAge(  SC_JOYSTICK_t * const signal , uint32_t increment)
 242:source\rte/sc_joystick.h **** {
 243:source\rte/sc_joystick.h **** 	   //Hack....
 244:source\rte/sc_joystick.h **** 	   if ( 0xFFFF0000 > (signal->age + increment) )
  37              		.loc 2 244 0
  38 0000 104B     		ldr	r3, .L6
  39 0002 5B68     		ldr	r3, [r3, #4]
  40 0004 0344     		add	r3, r3, r0
  41 0006 13F1011F 		cmn	r3, #65537
  42 000a 01D8     		bhi	.L2
 245:source\rte/sc_joystick.h **** 	   {
 246:source\rte/sc_joystick.h **** 	      signal->age += increment;
  43              		.loc 2 246 0
  44 000c 0D4A     		ldr	r2, .L6
  45 000e 5360     		str	r3, [r2, #4]
  46              	.L2:
  47              	.LVL1:
  48              	.LBE11:
  49              	.LBE10:
  50              	.LBB12:
  51              	.LBB13:
ARM GAS  C:\Users\91819\AppData\Local\Temp\cc0Yrypa.s 			page 10


  52              		.file 3 "source\\rte\\sc_speed.h"
   1:source\rte/sc_speed.h **** 
   2:source\rte/sc_speed.h **** 
   3:source\rte/sc_speed.h **** /**
   4:source\rte/sc_speed.h **** *  file    SC_SPEED_signal.h
   5:source\rte/sc_speed.h **** *
   6:source\rte/sc_speed.h **** *  brief   signal base class for signal sc_speed
   7:source\rte/sc_speed.h **** *
   8:source\rte/sc_speed.h **** *  author  Autogenerated, Peter Fromm       <peter.fromm@h-da.de>
   9:source\rte/sc_speed.h **** *
  10:source\rte/sc_speed.h **** *
  11:source\rte/sc_speed.h **** */
  12:source\rte/sc_speed.h **** 
  13:source\rte/sc_speed.h **** /*
  14:source\rte/sc_speed.h **** * description: Signalclass
  15:source\rte/sc_speed.h **** * name: sc_speed
  16:source\rte/sc_speed.h **** * shortname: speed
  17:source\rte/sc_speed.h **** */
  18:source\rte/sc_speed.h **** 
  19:source\rte/sc_speed.h **** #ifndef SC_SPEED_SIGNAL_H_INCLUDED
  20:source\rte/sc_speed.h **** #define SC_SPEED_SIGNAL_H_INCLUDED
  21:source\rte/sc_speed.h **** 
  22:source\rte/sc_speed.h **** /*================================================[ public includes  ]=============================
  23:source\rte/sc_speed.h **** #include "global.h"
  24:source\rte/sc_speed.h **** #include "project.h"
  25:source\rte/sc_speed.h **** #include "rte.h"
  26:source\rte/sc_speed.h **** #include "rte_types.h"
  27:source\rte/sc_speed.h **** 
  28:source\rte/sc_speed.h **** #include "sc_speed_type.h"
  29:source\rte/sc_speed.h **** 
  30:source\rte/sc_speed.h **** 
  31:source\rte/sc_speed.h **** /**************************************************************************************************
  32:source\rte/sc_speed.h **** /* The driver API block																						*/
  33:source\rte/sc_speed.h **** /**************************************************************************************************
  34:source\rte/sc_speed.h ****                                                                                                    
  35:source\rte/sc_speed.h **** /**
  36:source\rte/sc_speed.h ****  *  Definition of function types for driver interfaces.
  37:source\rte/sc_speed.h ****  *  I-Port
  38:source\rte/sc_speed.h ****  */
  39:source\rte/sc_speed.h **** typedef RC_t (*SC_SPEED_driverIn_t)(SC_SPEED_data_t * const);
  40:source\rte/sc_speed.h **** 
  41:source\rte/sc_speed.h **** /**
  42:source\rte/sc_speed.h ****  *  Definition of function types for driver interfaces.
  43:source\rte/sc_speed.h ****  *  O-Port
  44:source\rte/sc_speed.h ****  */
  45:source\rte/sc_speed.h **** typedef RC_t (*SC_SPEED_driverOut_t)( const SC_SPEED_data_t * const);
  46:source\rte/sc_speed.h **** 
  47:source\rte/sc_speed.h **** 
  48:source\rte/sc_speed.h **** /**************************************************************************************************
  49:source\rte/sc_speed.h **** /* The signal configuration API block																				*/
  50:source\rte/sc_speed.h **** /**************************************************************************************************
  51:source\rte/sc_speed.h **** 
  52:source\rte/sc_speed.h **** /**
  53:source\rte/sc_speed.h ****  * Instances of the struct SC_SPEED_cfg_t represent the signal object configuration.
  54:source\rte/sc_speed.h ****  */
  55:source\rte/sc_speed.h **** struct SC_SPEED_cfg_s
  56:source\rte/sc_speed.h **** {
ARM GAS  C:\Users\91819\AppData\Local\Temp\cc0Yrypa.s 			page 11


  57:source\rte/sc_speed.h ****     /**
  58:source\rte/sc_speed.h ****      * Function pointer to the input driver
  59:source\rte/sc_speed.h ****      */
  60:source\rte/sc_speed.h ****     SC_SPEED_driverIn_t const inDriver;
  61:source\rte/sc_speed.h **** 
  62:source\rte/sc_speed.h ****     /**
  63:source\rte/sc_speed.h ****      * Function pointer to the output driver table
  64:source\rte/sc_speed.h ****      */
  65:source\rte/sc_speed.h ****    SC_SPEED_driverOut_t const outDriver;
  66:source\rte/sc_speed.h ****    
  67:source\rte/sc_speed.h ****     /**
  68:source\rte/sc_speed.h ****      * Event onUpdate
  69:source\rte/sc_speed.h ****      */
  70:source\rte/sc_speed.h ****     EventMaskType const evOnUpdate;
  71:source\rte/sc_speed.h ****     
  72:source\rte/sc_speed.h ****     
  73:source\rte/sc_speed.h ****     /**
  74:source\rte/sc_speed.h ****      * Event onError
  75:source\rte/sc_speed.h ****      */
  76:source\rte/sc_speed.h ****     EventMaskType const evOnError;
  77:source\rte/sc_speed.h ****     
  78:source\rte/sc_speed.h ****     /**
  79:source\rte/sc_speed.h ****      * Task Count onUpdate
  80:source\rte/sc_speed.h ****      */
  81:source\rte/sc_speed.h ****     size_t const onUpdateTaskCount;
  82:source\rte/sc_speed.h **** 
  83:source\rte/sc_speed.h ****     /**
  84:source\rte/sc_speed.h ****      * Task List onUpdate
  85:source\rte/sc_speed.h ****      */
  86:source\rte/sc_speed.h ****     TaskTypeArray* const onUpdateTasks;
  87:source\rte/sc_speed.h ****     
  88:source\rte/sc_speed.h ****     /**
  89:source\rte/sc_speed.h ****      * Task Count onError
  90:source\rte/sc_speed.h ****      */
  91:source\rte/sc_speed.h ****     size_t const onErrorTaskCount;
  92:source\rte/sc_speed.h **** 
  93:source\rte/sc_speed.h ****     /**
  94:source\rte/sc_speed.h ****      * Task List onError
  95:source\rte/sc_speed.h ****      */
  96:source\rte/sc_speed.h ****     TaskTypeArray* const onErrorTasks;
  97:source\rte/sc_speed.h **** 	
  98:source\rte/sc_speed.h **** 	
  99:source\rte/sc_speed.h **** 	/**
 100:source\rte/sc_speed.h **** 	 * Ressourse is active? We need an additional boolean as a ressource value 0 is valid.
 101:source\rte/sc_speed.h **** 	 */
 102:source\rte/sc_speed.h **** 	 boolean_t const resourceActive;
 103:source\rte/sc_speed.h **** 	 
 104:source\rte/sc_speed.h **** 	/**
 105:source\rte/sc_speed.h **** 	 * Ressourse 
 106:source\rte/sc_speed.h **** 	 */
 107:source\rte/sc_speed.h **** 	 ResourceType const resource;
 108:source\rte/sc_speed.h **** 
 109:source\rte/sc_speed.h **** };                                                                                                 
 110:source\rte/sc_speed.h **** typedef const struct SC_SPEED_cfg_s SC_SPEED_cfg_t;
 111:source\rte/sc_speed.h ****                               
 112:source\rte/sc_speed.h **** /**************************************************************************************************
 113:source\rte/sc_speed.h **** /* The data interface block																							*/
ARM GAS  C:\Users\91819\AppData\Local\Temp\cc0Yrypa.s 			page 12


 114:source\rte/sc_speed.h **** /**************************************************************************************************
 115:source\rte/sc_speed.h **** 
 116:source\rte/sc_speed.h ****                                                                                                    
 117:source\rte/sc_speed.h **** 							  
 118:source\rte/sc_speed.h **** /**
 119:source\rte/sc_speed.h ****  * Instances of the struct SC_SPEED_t represent the signal objects.
 120:source\rte/sc_speed.h ****  * A signal object contains the current application value 'value' as well as relevant meta data.
 121:source\rte/sc_speed.h ****  */
 122:source\rte/sc_speed.h **** struct SC_SPEED_s
 123:source\rte/sc_speed.h **** {                                                                                                  
 124:source\rte/sc_speed.h **** 
 125:source\rte/sc_speed.h **** 	/**
 126:source\rte/sc_speed.h **** 	 * Data buffer for the application value
 127:source\rte/sc_speed.h **** 	 */
 128:source\rte/sc_speed.h ****     SC_SPEED_data_t value;
 129:source\rte/sc_speed.h **** 
 130:source\rte/sc_speed.h ****     /**
 131:source\rte/sc_speed.h ****      * Current signal status
 132:source\rte/sc_speed.h ****      */
 133:source\rte/sc_speed.h ****     RTE_signalStatus_t status;
 134:source\rte/sc_speed.h **** 
 135:source\rte/sc_speed.h ****     /**
 136:source\rte/sc_speed.h ****      * Current age of the signal (in calling cycles)
 137:source\rte/sc_speed.h ****      */
 138:source\rte/sc_speed.h ****     uint32_t age;
 139:source\rte/sc_speed.h **** 
 140:source\rte/sc_speed.h ****     /**
 141:source\rte/sc_speed.h ****      * Pointer to the signal configuration
 142:source\rte/sc_speed.h ****      */
 143:source\rte/sc_speed.h **** 	const SC_SPEED_cfg_t * const    pSigCfg;
 144:source\rte/sc_speed.h **** 
 145:source\rte/sc_speed.h **** };                                                                                                 
 146:source\rte/sc_speed.h **** typedef struct SC_SPEED_s SC_SPEED_t;
 147:source\rte/sc_speed.h **** 
 148:source\rte/sc_speed.h **** /**************************************************************************************************
 149:source\rte/sc_speed.h **** /* Signal initialisation   																							*/
 150:source\rte/sc_speed.h **** /**************************************************************************************************
 151:source\rte/sc_speed.h **** 
 152:source\rte/sc_speed.h **** /**
 153:source\rte/sc_speed.h ****  * Initializes a signal instance with a passed init value.
 154:source\rte/sc_speed.h ****  * Depending on the configured conversion or scaling function the raw_value will be calculated.
 155:source\rte/sc_speed.h ****  * Signal status will change from RTE_SIGNALSTATUS_STARTUP to RTE_SIGNALSTATUS_INITIALIZED.
 156:source\rte/sc_speed.h ****  *
 157:source\rte/sc_speed.h ****  * @param  SC_SPEED_t * const signal: Pointer to the signal object which will be initialised
 158:source\rte/sc_speed.h ****  * @param const sc_speed_data_t * const value: Pointer to initial value of the application data
 159:source\rte/sc_speed.h ****  * @return RC_t: standard return code, currently only RC_SUCCESS
 160:source\rte/sc_speed.h ****  *
 161:source\rte/sc_speed.h ****  **/
 162:source\rte/sc_speed.h **** inline RC_t RTE_SC_SPEED_init( SC_SPEED_t * const signal, const SC_SPEED_data_t * const value )
 163:source\rte/sc_speed.h **** {                                                                                                  
 164:source\rte/sc_speed.h **** 
 165:source\rte/sc_speed.h ****    RC_t ret = RC_SUCCESS;
 166:source\rte/sc_speed.h **** 
 167:source\rte/sc_speed.h ****    //Set value and raw value
 168:source\rte/sc_speed.h ****    signal->value  = *value;
 169:source\rte/sc_speed.h ****    signal->age    = 0;
 170:source\rte/sc_speed.h ****    signal->status = RTE_SIGNALSTATUS_INITIALIZED;
ARM GAS  C:\Users\91819\AppData\Local\Temp\cc0Yrypa.s 			page 13


 171:source\rte/sc_speed.h **** 
 172:source\rte/sc_speed.h ****    return ret;
 173:source\rte/sc_speed.h **** }
 174:source\rte/sc_speed.h **** 
 175:source\rte/sc_speed.h **** /**************************************************************************************************
 176:source\rte/sc_speed.h **** /* Status and timeout control																						*/
 177:source\rte/sc_speed.h **** /**************************************************************************************************
 178:source\rte/sc_speed.h **** 
 179:source\rte/sc_speed.h **** /**
 180:source\rte/sc_speed.h ****  *  Returns the current signal status of the passed signal instance.
 181:source\rte/sc_speed.h ****  *
 182:source\rte/sc_speed.h ****  * @param  SC_SPEED_t * const signal: Pointer to the signal object
 183:source\rte/sc_speed.h ****  * @return  sig_status_t: The current signal status
 184:source\rte/sc_speed.h ****  *
 185:source\rte/sc_speed.h ****  **/
 186:source\rte/sc_speed.h **** inline RTE_signalStatus_t RTE_SC_SPEED_getStatus( const SC_SPEED_t * const signal )
 187:source\rte/sc_speed.h **** {
 188:source\rte/sc_speed.h ****    return signal->status;
 189:source\rte/sc_speed.h **** }
 190:source\rte/sc_speed.h **** 
 191:source\rte/sc_speed.h **** 
 192:source\rte/sc_speed.h **** /**
 193:source\rte/sc_speed.h ****  *  Sets a new signal status of the passed signal instance by passing the new status.
 194:source\rte/sc_speed.h ****  *
 195:source\rte/sc_speed.h ****  * @param  SC_SPEED_t * const signal: Pointer to the signal object
 196:source\rte/sc_speed.h ****  * @param  const sig_status_t status: New signal status
 197:source\rte/sc_speed.h ****  * @return RC_t: standard return code, currently only RC_SUCCESS
 198:source\rte/sc_speed.h ****  *
 199:source\rte/sc_speed.h ****  */
 200:source\rte/sc_speed.h **** inline RC_t RTE_SC_SPEED_setStatus( SC_SPEED_t * const signal, const RTE_signalStatus_t status )
 201:source\rte/sc_speed.h **** {
 202:source\rte/sc_speed.h ****    signal->status = status;
 203:source\rte/sc_speed.h ****    size_t taskNum=0;
 204:source\rte/sc_speed.h ****    
 205:source\rte/sc_speed.h ****    //Fire error events in case of invalid state
 206:source\rte/sc_speed.h ****    if (signal->status == RTE_SIGNALSTATUS_INVALID)
 207:source\rte/sc_speed.h ****    {
 208:source\rte/sc_speed.h **** 	    //Pointer to the Taskarray, containing the tasks receiving the onUpdate events
 209:source\rte/sc_speed.h **** 		TaskTypeArray* pTaskArray = signal->pSigCfg->onErrorTasks;
 210:source\rte/sc_speed.h **** 
 211:source\rte/sc_speed.h **** 		if (NULL!=signal->pSigCfg->evOnError && NULL != pTaskArray){
 212:source\rte/sc_speed.h **** 			for( taskNum=0 ; taskNum < signal->pSigCfg->onErrorTaskCount ;taskNum++){
 213:source\rte/sc_speed.h **** 				TaskType task = (*pTaskArray)[taskNum];
 214:source\rte/sc_speed.h **** 				SetEvent( task, signal->pSigCfg->evOnError);
 215:source\rte/sc_speed.h **** 			}
 216:source\rte/sc_speed.h **** 		}
 217:source\rte/sc_speed.h ****    }
 218:source\rte/sc_speed.h ****    
 219:source\rte/sc_speed.h ****    return RC_SUCCESS;
 220:source\rte/sc_speed.h **** }
 221:source\rte/sc_speed.h **** 
 222:source\rte/sc_speed.h **** 
 223:source\rte/sc_speed.h **** /**
 224:source\rte/sc_speed.h ****  * Returns the count of refreshing trials (refresh, set or set_raw) that failed.
 225:source\rte/sc_speed.h ****  * Prerquisite: The signal is refreshed cyclically
 226:source\rte/sc_speed.h ****  *
 227:source\rte/sc_speed.h ****  * @param  SC_SPEED_t * const signal: Pointer to the signal object
ARM GAS  C:\Users\91819\AppData\Local\Temp\cc0Yrypa.s 			page 14


 228:source\rte/sc_speed.h ****  * @return uint32_t: Number of cycles since the signal has been updated for the last time
 229:source\rte/sc_speed.h ****  */
 230:source\rte/sc_speed.h **** inline uint32_t RTE_SC_SPEED_getAge( const SC_SPEED_t * const signal )
 231:source\rte/sc_speed.h **** {
 232:source\rte/sc_speed.h ****    return signal->age;
 233:source\rte/sc_speed.h **** }
 234:source\rte/sc_speed.h **** 
 235:source\rte/sc_speed.h **** /**
 236:source\rte/sc_speed.h ****  * Should be called by application or driver if no new value can be provided.
 237:source\rte/sc_speed.h ****  * @param  SC_SPEED_t * const signal: Pointer to the signal object
 238:source\rte/sc_speed.h ****  * @param uint32_t increment: incrementvalue, typically in [ms]
 239:source\rte/sc_speed.h ****  * @return void
 240:source\rte/sc_speed.h ****  */
 241:source\rte/sc_speed.h **** inline void RTE_SC_SPEED_incAge(  SC_SPEED_t * const signal , uint32_t increment)
 242:source\rte/sc_speed.h **** {
 243:source\rte/sc_speed.h **** 	   //Hack....
 244:source\rte/sc_speed.h **** 	   if ( 0xFFFF0000 > (signal->age + increment) )
  53              		.loc 3 244 0
  54 0010 0C4B     		ldr	r3, .L6
  55 0012 1B69     		ldr	r3, [r3, #16]
  56 0014 0344     		add	r3, r3, r0
  57 0016 13F1011F 		cmn	r3, #65537
  58 001a 01D8     		bhi	.L3
 245:source\rte/sc_speed.h **** 	   {
 246:source\rte/sc_speed.h **** 	      signal->age += increment;
  59              		.loc 3 246 0
  60 001c 094A     		ldr	r2, .L6
  61 001e 1361     		str	r3, [r2, #16]
  62              	.L3:
  63              	.LVL2:
  64              	.LBE13:
  65              	.LBE12:
  66              	.LBB14:
  67              	.LBB15:
 244:source\rte/sc_speed.h **** 	   {
  68              		.loc 3 244 0
  69 0020 084B     		ldr	r3, .L6
  70 0022 DB69     		ldr	r3, [r3, #28]
  71 0024 0344     		add	r3, r3, r0
  72 0026 13F1011F 		cmn	r3, #65537
  73 002a 01D8     		bhi	.L4
  74              		.loc 3 246 0
  75 002c 054A     		ldr	r2, .L6
  76 002e D361     		str	r3, [r2, #28]
  77              	.L4:
  78              	.LVL3:
  79              	.LBE15:
  80              	.LBE14:
  81              	.LBB16:
  82              	.LBB17:
  83              		.file 4 "source\\rte\\sc_brakelight.h"
   1:source\rte/sc_brakelight.h **** 
   2:source\rte/sc_brakelight.h **** 
   3:source\rte/sc_brakelight.h **** /**
   4:source\rte/sc_brakelight.h **** *  file    SC_BRAKELIGHT_signal.h
   5:source\rte/sc_brakelight.h **** *
   6:source\rte/sc_brakelight.h **** *  brief   signal base class for signal sc_brakelight
ARM GAS  C:\Users\91819\AppData\Local\Temp\cc0Yrypa.s 			page 15


   7:source\rte/sc_brakelight.h **** *
   8:source\rte/sc_brakelight.h **** *  author  Autogenerated, Peter Fromm       <peter.fromm@h-da.de>
   9:source\rte/sc_brakelight.h **** *
  10:source\rte/sc_brakelight.h **** *
  11:source\rte/sc_brakelight.h **** */
  12:source\rte/sc_brakelight.h **** 
  13:source\rte/sc_brakelight.h **** /*
  14:source\rte/sc_brakelight.h **** * description: Signalclass
  15:source\rte/sc_brakelight.h **** * name: sc_brakeLight
  16:source\rte/sc_brakelight.h **** * shortname: brakeLight
  17:source\rte/sc_brakelight.h **** */
  18:source\rte/sc_brakelight.h **** 
  19:source\rte/sc_brakelight.h **** #ifndef SC_BRAKELIGHT_SIGNAL_H_INCLUDED
  20:source\rte/sc_brakelight.h **** #define SC_BRAKELIGHT_SIGNAL_H_INCLUDED
  21:source\rte/sc_brakelight.h **** 
  22:source\rte/sc_brakelight.h **** /*================================================[ public includes  ]=============================
  23:source\rte/sc_brakelight.h **** #include "global.h"
  24:source\rte/sc_brakelight.h **** #include "project.h"
  25:source\rte/sc_brakelight.h **** #include "rte.h"
  26:source\rte/sc_brakelight.h **** #include "rte_types.h"
  27:source\rte/sc_brakelight.h **** 
  28:source\rte/sc_brakelight.h **** #include "sc_brakelight_type.h"
  29:source\rte/sc_brakelight.h **** 
  30:source\rte/sc_brakelight.h **** 
  31:source\rte/sc_brakelight.h **** /**************************************************************************************************
  32:source\rte/sc_brakelight.h **** /* The driver API block																						*/
  33:source\rte/sc_brakelight.h **** /**************************************************************************************************
  34:source\rte/sc_brakelight.h ****                                                                                                    
  35:source\rte/sc_brakelight.h **** /**
  36:source\rte/sc_brakelight.h ****  *  Definition of function types for driver interfaces.
  37:source\rte/sc_brakelight.h ****  *  I-Port
  38:source\rte/sc_brakelight.h ****  */
  39:source\rte/sc_brakelight.h **** typedef RC_t (*SC_BRAKELIGHT_driverIn_t)(SC_BRAKELIGHT_data_t * const);
  40:source\rte/sc_brakelight.h **** 
  41:source\rte/sc_brakelight.h **** /**
  42:source\rte/sc_brakelight.h ****  *  Definition of function types for driver interfaces.
  43:source\rte/sc_brakelight.h ****  *  O-Port
  44:source\rte/sc_brakelight.h ****  */
  45:source\rte/sc_brakelight.h **** typedef RC_t (*SC_BRAKELIGHT_driverOut_t)( const SC_BRAKELIGHT_data_t * const);
  46:source\rte/sc_brakelight.h **** 
  47:source\rte/sc_brakelight.h **** 
  48:source\rte/sc_brakelight.h **** /**************************************************************************************************
  49:source\rte/sc_brakelight.h **** /* The signal configuration API block																				*/
  50:source\rte/sc_brakelight.h **** /**************************************************************************************************
  51:source\rte/sc_brakelight.h **** 
  52:source\rte/sc_brakelight.h **** /**
  53:source\rte/sc_brakelight.h ****  * Instances of the struct SC_BRAKELIGHT_cfg_t represent the signal object configuration.
  54:source\rte/sc_brakelight.h ****  */
  55:source\rte/sc_brakelight.h **** struct SC_BRAKELIGHT_cfg_s
  56:source\rte/sc_brakelight.h **** {
  57:source\rte/sc_brakelight.h ****     /**
  58:source\rte/sc_brakelight.h ****      * Function pointer to the input driver
  59:source\rte/sc_brakelight.h ****      */
  60:source\rte/sc_brakelight.h ****     SC_BRAKELIGHT_driverIn_t const inDriver;
  61:source\rte/sc_brakelight.h **** 
  62:source\rte/sc_brakelight.h ****     /**
  63:source\rte/sc_brakelight.h ****      * Function pointer to the output driver table
ARM GAS  C:\Users\91819\AppData\Local\Temp\cc0Yrypa.s 			page 16


  64:source\rte/sc_brakelight.h ****      */
  65:source\rte/sc_brakelight.h ****    SC_BRAKELIGHT_driverOut_t const outDriver;
  66:source\rte/sc_brakelight.h ****    
  67:source\rte/sc_brakelight.h ****     /**
  68:source\rte/sc_brakelight.h ****      * Event onUpdate
  69:source\rte/sc_brakelight.h ****      */
  70:source\rte/sc_brakelight.h ****     EventMaskType const evOnUpdate;
  71:source\rte/sc_brakelight.h ****     
  72:source\rte/sc_brakelight.h ****     
  73:source\rte/sc_brakelight.h ****     /**
  74:source\rte/sc_brakelight.h ****      * Event onError
  75:source\rte/sc_brakelight.h ****      */
  76:source\rte/sc_brakelight.h ****     EventMaskType const evOnError;
  77:source\rte/sc_brakelight.h ****     
  78:source\rte/sc_brakelight.h ****     /**
  79:source\rte/sc_brakelight.h ****      * Task Count onUpdate
  80:source\rte/sc_brakelight.h ****      */
  81:source\rte/sc_brakelight.h ****     size_t const onUpdateTaskCount;
  82:source\rte/sc_brakelight.h **** 
  83:source\rte/sc_brakelight.h ****     /**
  84:source\rte/sc_brakelight.h ****      * Task List onUpdate
  85:source\rte/sc_brakelight.h ****      */
  86:source\rte/sc_brakelight.h ****     TaskTypeArray* const onUpdateTasks;
  87:source\rte/sc_brakelight.h ****     
  88:source\rte/sc_brakelight.h ****     /**
  89:source\rte/sc_brakelight.h ****      * Task Count onError
  90:source\rte/sc_brakelight.h ****      */
  91:source\rte/sc_brakelight.h ****     size_t const onErrorTaskCount;
  92:source\rte/sc_brakelight.h **** 
  93:source\rte/sc_brakelight.h ****     /**
  94:source\rte/sc_brakelight.h ****      * Task List onError
  95:source\rte/sc_brakelight.h ****      */
  96:source\rte/sc_brakelight.h ****     TaskTypeArray* const onErrorTasks;
  97:source\rte/sc_brakelight.h **** 	
  98:source\rte/sc_brakelight.h **** 	
  99:source\rte/sc_brakelight.h **** 	/**
 100:source\rte/sc_brakelight.h **** 	 * Ressourse is active? We need an additional boolean as a ressource value 0 is valid.
 101:source\rte/sc_brakelight.h **** 	 */
 102:source\rte/sc_brakelight.h **** 	 boolean_t const resourceActive;
 103:source\rte/sc_brakelight.h **** 	 
 104:source\rte/sc_brakelight.h **** 	/**
 105:source\rte/sc_brakelight.h **** 	 * Ressourse 
 106:source\rte/sc_brakelight.h **** 	 */
 107:source\rte/sc_brakelight.h **** 	 ResourceType const resource;
 108:source\rte/sc_brakelight.h **** 
 109:source\rte/sc_brakelight.h **** };                                                                                                 
 110:source\rte/sc_brakelight.h **** typedef const struct SC_BRAKELIGHT_cfg_s SC_BRAKELIGHT_cfg_t;
 111:source\rte/sc_brakelight.h ****                               
 112:source\rte/sc_brakelight.h **** /**************************************************************************************************
 113:source\rte/sc_brakelight.h **** /* The data interface block																							*/
 114:source\rte/sc_brakelight.h **** /**************************************************************************************************
 115:source\rte/sc_brakelight.h **** 
 116:source\rte/sc_brakelight.h ****                                                                                                    
 117:source\rte/sc_brakelight.h **** 							  
 118:source\rte/sc_brakelight.h **** /**
 119:source\rte/sc_brakelight.h ****  * Instances of the struct SC_BRAKELIGHT_t represent the signal objects.
 120:source\rte/sc_brakelight.h ****  * A signal object contains the current application value 'value' as well as relevant meta data.
ARM GAS  C:\Users\91819\AppData\Local\Temp\cc0Yrypa.s 			page 17


 121:source\rte/sc_brakelight.h ****  */
 122:source\rte/sc_brakelight.h **** struct SC_BRAKELIGHT_s
 123:source\rte/sc_brakelight.h **** {                                                                                                  
 124:source\rte/sc_brakelight.h **** 
 125:source\rte/sc_brakelight.h **** 	/**
 126:source\rte/sc_brakelight.h **** 	 * Data buffer for the application value
 127:source\rte/sc_brakelight.h **** 	 */
 128:source\rte/sc_brakelight.h ****     SC_BRAKELIGHT_data_t value;
 129:source\rte/sc_brakelight.h **** 
 130:source\rte/sc_brakelight.h ****     /**
 131:source\rte/sc_brakelight.h ****      * Current signal status
 132:source\rte/sc_brakelight.h ****      */
 133:source\rte/sc_brakelight.h ****     RTE_signalStatus_t status;
 134:source\rte/sc_brakelight.h **** 
 135:source\rte/sc_brakelight.h ****     /**
 136:source\rte/sc_brakelight.h ****      * Current age of the signal (in calling cycles)
 137:source\rte/sc_brakelight.h ****      */
 138:source\rte/sc_brakelight.h ****     uint32_t age;
 139:source\rte/sc_brakelight.h **** 
 140:source\rte/sc_brakelight.h ****     /**
 141:source\rte/sc_brakelight.h ****      * Pointer to the signal configuration
 142:source\rte/sc_brakelight.h ****      */
 143:source\rte/sc_brakelight.h **** 	const SC_BRAKELIGHT_cfg_t * const    pSigCfg;
 144:source\rte/sc_brakelight.h **** 
 145:source\rte/sc_brakelight.h **** };                                                                                                 
 146:source\rte/sc_brakelight.h **** typedef struct SC_BRAKELIGHT_s SC_BRAKELIGHT_t;
 147:source\rte/sc_brakelight.h **** 
 148:source\rte/sc_brakelight.h **** /**************************************************************************************************
 149:source\rte/sc_brakelight.h **** /* Signal initialisation   																							*/
 150:source\rte/sc_brakelight.h **** /**************************************************************************************************
 151:source\rte/sc_brakelight.h **** 
 152:source\rte/sc_brakelight.h **** /**
 153:source\rte/sc_brakelight.h ****  * Initializes a signal instance with a passed init value.
 154:source\rte/sc_brakelight.h ****  * Depending on the configured conversion or scaling function the raw_value will be calculated.
 155:source\rte/sc_brakelight.h ****  * Signal status will change from RTE_SIGNALSTATUS_STARTUP to RTE_SIGNALSTATUS_INITIALIZED.
 156:source\rte/sc_brakelight.h ****  *
 157:source\rte/sc_brakelight.h ****  * @param  SC_BRAKELIGHT_t * const signal: Pointer to the signal object which will be initialised
 158:source\rte/sc_brakelight.h ****  * @param const sc_brakelight_data_t * const value: Pointer to initial value of the application dat
 159:source\rte/sc_brakelight.h ****  * @return RC_t: standard return code, currently only RC_SUCCESS
 160:source\rte/sc_brakelight.h ****  *
 161:source\rte/sc_brakelight.h ****  **/
 162:source\rte/sc_brakelight.h **** inline RC_t RTE_SC_BRAKELIGHT_init( SC_BRAKELIGHT_t * const signal, const SC_BRAKELIGHT_data_t * co
 163:source\rte/sc_brakelight.h **** {                                                                                                  
 164:source\rte/sc_brakelight.h **** 
 165:source\rte/sc_brakelight.h ****    RC_t ret = RC_SUCCESS;
 166:source\rte/sc_brakelight.h **** 
 167:source\rte/sc_brakelight.h ****    //Set value and raw value
 168:source\rte/sc_brakelight.h ****    signal->value  = *value;
 169:source\rte/sc_brakelight.h ****    signal->age    = 0;
 170:source\rte/sc_brakelight.h ****    signal->status = RTE_SIGNALSTATUS_INITIALIZED;
 171:source\rte/sc_brakelight.h **** 
 172:source\rte/sc_brakelight.h ****    return ret;
 173:source\rte/sc_brakelight.h **** }
 174:source\rte/sc_brakelight.h **** 
 175:source\rte/sc_brakelight.h **** /**************************************************************************************************
 176:source\rte/sc_brakelight.h **** /* Status and timeout control																						*/
 177:source\rte/sc_brakelight.h **** /**************************************************************************************************
ARM GAS  C:\Users\91819\AppData\Local\Temp\cc0Yrypa.s 			page 18


 178:source\rte/sc_brakelight.h **** 
 179:source\rte/sc_brakelight.h **** /**
 180:source\rte/sc_brakelight.h ****  *  Returns the current signal status of the passed signal instance.
 181:source\rte/sc_brakelight.h ****  *
 182:source\rte/sc_brakelight.h ****  * @param  SC_BRAKELIGHT_t * const signal: Pointer to the signal object
 183:source\rte/sc_brakelight.h ****  * @return  sig_status_t: The current signal status
 184:source\rte/sc_brakelight.h ****  *
 185:source\rte/sc_brakelight.h ****  **/
 186:source\rte/sc_brakelight.h **** inline RTE_signalStatus_t RTE_SC_BRAKELIGHT_getStatus( const SC_BRAKELIGHT_t * const signal )
 187:source\rte/sc_brakelight.h **** {
 188:source\rte/sc_brakelight.h ****    return signal->status;
 189:source\rte/sc_brakelight.h **** }
 190:source\rte/sc_brakelight.h **** 
 191:source\rte/sc_brakelight.h **** 
 192:source\rte/sc_brakelight.h **** /**
 193:source\rte/sc_brakelight.h ****  *  Sets a new signal status of the passed signal instance by passing the new status.
 194:source\rte/sc_brakelight.h ****  *
 195:source\rte/sc_brakelight.h ****  * @param  SC_BRAKELIGHT_t * const signal: Pointer to the signal object
 196:source\rte/sc_brakelight.h ****  * @param  const sig_status_t status: New signal status
 197:source\rte/sc_brakelight.h ****  * @return RC_t: standard return code, currently only RC_SUCCESS
 198:source\rte/sc_brakelight.h ****  *
 199:source\rte/sc_brakelight.h ****  */
 200:source\rte/sc_brakelight.h **** inline RC_t RTE_SC_BRAKELIGHT_setStatus( SC_BRAKELIGHT_t * const signal, const RTE_signalStatus_t s
 201:source\rte/sc_brakelight.h **** {
 202:source\rte/sc_brakelight.h ****    signal->status = status;
 203:source\rte/sc_brakelight.h ****    size_t taskNum=0;
 204:source\rte/sc_brakelight.h ****    
 205:source\rte/sc_brakelight.h ****    //Fire error events in case of invalid state
 206:source\rte/sc_brakelight.h ****    if (signal->status == RTE_SIGNALSTATUS_INVALID)
 207:source\rte/sc_brakelight.h ****    {
 208:source\rte/sc_brakelight.h **** 	    //Pointer to the Taskarray, containing the tasks receiving the onUpdate events
 209:source\rte/sc_brakelight.h **** 		TaskTypeArray* pTaskArray = signal->pSigCfg->onErrorTasks;
 210:source\rte/sc_brakelight.h **** 
 211:source\rte/sc_brakelight.h **** 		if (NULL!=signal->pSigCfg->evOnError && NULL != pTaskArray){
 212:source\rte/sc_brakelight.h **** 			for( taskNum=0 ; taskNum < signal->pSigCfg->onErrorTaskCount ;taskNum++){
 213:source\rte/sc_brakelight.h **** 				TaskType task = (*pTaskArray)[taskNum];
 214:source\rte/sc_brakelight.h **** 				SetEvent( task, signal->pSigCfg->evOnError);
 215:source\rte/sc_brakelight.h **** 			}
 216:source\rte/sc_brakelight.h **** 		}
 217:source\rte/sc_brakelight.h ****    }
 218:source\rte/sc_brakelight.h ****    
 219:source\rte/sc_brakelight.h ****    return RC_SUCCESS;
 220:source\rte/sc_brakelight.h **** }
 221:source\rte/sc_brakelight.h **** 
 222:source\rte/sc_brakelight.h **** 
 223:source\rte/sc_brakelight.h **** /**
 224:source\rte/sc_brakelight.h ****  * Returns the count of refreshing trials (refresh, set or set_raw) that failed.
 225:source\rte/sc_brakelight.h ****  * Prerquisite: The signal is refreshed cyclically
 226:source\rte/sc_brakelight.h ****  *
 227:source\rte/sc_brakelight.h ****  * @param  SC_BRAKELIGHT_t * const signal: Pointer to the signal object
 228:source\rte/sc_brakelight.h ****  * @return uint32_t: Number of cycles since the signal has been updated for the last time
 229:source\rte/sc_brakelight.h ****  */
 230:source\rte/sc_brakelight.h **** inline uint32_t RTE_SC_BRAKELIGHT_getAge( const SC_BRAKELIGHT_t * const signal )
 231:source\rte/sc_brakelight.h **** {
 232:source\rte/sc_brakelight.h ****    return signal->age;
 233:source\rte/sc_brakelight.h **** }
 234:source\rte/sc_brakelight.h **** 
ARM GAS  C:\Users\91819\AppData\Local\Temp\cc0Yrypa.s 			page 19


 235:source\rte/sc_brakelight.h **** /**
 236:source\rte/sc_brakelight.h ****  * Should be called by application or driver if no new value can be provided.
 237:source\rte/sc_brakelight.h ****  * @param  SC_BRAKELIGHT_t * const signal: Pointer to the signal object
 238:source\rte/sc_brakelight.h ****  * @param uint32_t increment: incrementvalue, typically in [ms]
 239:source\rte/sc_brakelight.h ****  * @return void
 240:source\rte/sc_brakelight.h ****  */
 241:source\rte/sc_brakelight.h **** inline void RTE_SC_BRAKELIGHT_incAge(  SC_BRAKELIGHT_t * const signal , uint32_t increment)
 242:source\rte/sc_brakelight.h **** {
 243:source\rte/sc_brakelight.h **** 	   //Hack....
 244:source\rte/sc_brakelight.h **** 	   if ( 0xFFFF0000 > (signal->age + increment) )
  84              		.loc 4 244 0
  85 0030 044B     		ldr	r3, .L6
  86 0032 9B6A     		ldr	r3, [r3, #40]
  87 0034 1844     		add	r0, r0, r3
  88              	.LVL4:
  89 0036 10F1011F 		cmn	r0, #65537
  90 003a 01D8     		bhi	.L1
 245:source\rte/sc_brakelight.h **** 	   {
 246:source\rte/sc_brakelight.h **** 	      signal->age += increment;
  91              		.loc 4 246 0
  92 003c 014B     		ldr	r3, .L6
  93 003e 9862     		str	r0, [r3, #40]
  94              	.LVL5:
  95              	.L1:
  96 0040 7047     		bx	lr
  97              	.L7:
  98 0042 00BF     		.align	2
  99              	.L6:
 100 0044 00000000 		.word	.LANCHOR0
 101              	.LBE17:
 102              	.LBE16:
 103              		.cfi_endproc
 104              	.LFE140:
 105              		.size	RTE_timertick_sp_common_tick, .-RTE_timertick_sp_common_tick
 106              		.global	SO_BRAKELIGHT_signal
 107              		.global	SO_ENGINE_signal
 108              		.global	SO_SPEED_signal
 109              		.global	so_speed_updTasks
 110              		.global	SO_JOYSTICK_signal
 111              		.global	so_joystick_updTasks
 112              		.section	.rodata
 113              		.align	2
 114              		.type	SO_BRAKELIGHT_cfg, %object
 115              		.size	SO_BRAKELIGHT_cfg, 40
 116              	SO_BRAKELIGHT_cfg:
 117 0000 00000000 		.word	0
 118 0004 00000000 		.word	SC_BRAKELIGHT_driverOut
 119 0008 00000000 		.word	0
 120 000c 00000000 		.word	0
 121 0010 00000000 		.word	0
 122 0014 00000000 		.word	0
 123 0018 00000000 		.word	0
 124 001c 00000000 		.word	0
 125 0020 00       		.byte	0
 126 0021 000000   		.space	3
 127 0024 00000000 		.word	0
 128              		.type	SO_ENGINE_cfg, %object
ARM GAS  C:\Users\91819\AppData\Local\Temp\cc0Yrypa.s 			page 20


 129              		.size	SO_ENGINE_cfg, 40
 130              	SO_ENGINE_cfg:
 131 0028 00000000 		.word	0
 132 002c 00000000 		.word	SC_SPEED_driverOut
 133 0030 00000000 		.word	0
 134 0034 00000000 		.word	0
 135 0038 00000000 		.word	0
 136 003c 00000000 		.word	0
 137 0040 00000000 		.word	0
 138 0044 00000000 		.word	0
 139 0048 00       		.byte	0
 140 0049 000000   		.space	3
 141 004c 00000000 		.word	0
 142              		.type	SO_SPEED_cfg, %object
 143              		.size	SO_SPEED_cfg, 40
 144              	SO_SPEED_cfg:
 145 0050 00000000 		.word	0
 146 0054 00000000 		.word	SC_SPEED_driverOut
 147 0058 02000000 		.word	2
 148 005c 00000000 		.word	0
 149 0060 01000000 		.word	1
 150 0064 00000000 		.word	so_speed_updTasks
 151 0068 00000000 		.word	0
 152 006c 00000000 		.word	0
 153 0070 00       		.byte	0
 154 0071 000000   		.space	3
 155 0074 00000000 		.word	0
 156              		.type	so_speed_updTasks, %object
 157              		.size	so_speed_updTasks, 4
 158              	so_speed_updTasks:
 159 0078 02000000 		.word	2
 160              		.type	SO_JOYSTICK_cfg, %object
 161              		.size	SO_JOYSTICK_cfg, 40
 162              	SO_JOYSTICK_cfg:
 163 007c 00000000 		.word	SC_JOYSTICK_driverIn
 164 0080 00000000 		.word	0
 165 0084 01000000 		.word	1
 166 0088 00000000 		.word	0
 167 008c 01000000 		.word	1
 168 0090 00000000 		.word	so_joystick_updTasks
 169 0094 00000000 		.word	0
 170 0098 00000000 		.word	0
 171 009c 00       		.byte	0
 172 009d 000000   		.space	3
 173 00a0 00000000 		.word	0
 174              		.type	so_joystick_updTasks, %object
 175              		.size	so_joystick_updTasks, 4
 176              	so_joystick_updTasks:
 177 00a4 03000000 		.word	3
 178              		.data
 179              		.align	2
 180              		.set	.LANCHOR0,. + 0
 181              		.type	SO_JOYSTICK_signal, %object
 182              		.size	SO_JOYSTICK_signal, 12
 183              	SO_JOYSTICK_signal:
 184 0000 00       		.byte	0
 185 0001 00       		.space	1
ARM GAS  C:\Users\91819\AppData\Local\Temp\cc0Yrypa.s 			page 21


 186 0002 00       		.byte	0
 187 0003 00       		.space	1
 188 0004 00000000 		.word	0
 189 0008 7C000000 		.word	SO_JOYSTICK_cfg
 190              		.type	SO_SPEED_signal, %object
 191              		.size	SO_SPEED_signal, 12
 192              	SO_SPEED_signal:
 193 000c 00       		.byte	0
 194 000d 00       		.byte	0
 195 000e 0000     		.space	2
 196 0010 00000000 		.word	0
 197 0014 50000000 		.word	SO_SPEED_cfg
 198              		.type	SO_ENGINE_signal, %object
 199              		.size	SO_ENGINE_signal, 12
 200              	SO_ENGINE_signal:
 201 0018 00       		.byte	0
 202 0019 00       		.byte	0
 203 001a 0000     		.space	2
 204 001c 00000000 		.word	0
 205 0020 28000000 		.word	SO_ENGINE_cfg
 206              		.type	SO_BRAKELIGHT_signal, %object
 207              		.size	SO_BRAKELIGHT_signal, 12
 208              	SO_BRAKELIGHT_signal:
 209 0024 00       		.byte	0
 210 0025 00       		.byte	0
 211 0026 0000     		.space	2
 212 0028 00000000 		.word	0
 213 002c 00000000 		.word	SO_BRAKELIGHT_cfg
 214              		.text
 215              	.Letext0:
 216              		.file 5 "c:\\program files (x86)\\cypress\\psoc creator\\4.4\\psoc creator\\import\\gnu\\arm\\5.4.
 217              		.file 6 "c:\\program files (x86)\\cypress\\psoc creator\\4.4\\psoc creator\\import\\gnu\\arm\\5.4.
 218              		.file 7 "c:\\program files (x86)\\cypress\\psoc creator\\4.4\\psoc creator\\import\\gnu\\arm\\5.4.
 219              		.file 8 "Generated_Source\\PSoC5/ErikaOS_1_common_ee_types.inc"
 220              		.file 9 "Generated_Source\\PSoC5/ErikaOS_1_cortex_mx_ee_cpu.inc"
 221              		.file 10 "Generated_Source\\PSoC5/ErikaOS_1_ee_oo_common.inc"
 222              		.file 11 ".\\source\\bsw/global.h"
 223              		.file 12 "source\\rte\\rte_types.h"
 224              		.file 13 "source\\rte\\rte.h"
 225              		.file 14 "source\\rte\\sc_joystick_type.h"
 226              		.file 15 "source\\rte\\sc_speed_type.h"
 227              		.file 16 "source\\rte\\sc_brakelight_type.h"
 228              		.file 17 "Generated_Source\\PSoC5/ErikaOS_1_ee_oo_intfunc.inc"
 229              		.file 18 "Generated_Source\\PSoC5/ErikaOS_1_cortex_mx_ee_context.inc"
 230              		.file 19 "Generated_Source\\PSoC5/ErikaOS_1_common_ee_primitives.inc"
 231              		.file 20 "Generated_Source\\PSoC5/core_cm3.h"
 232              		.section	.debug_info,"",%progbits
 233              	.Ldebug_info0:
 234 0000 04090000 		.4byte	0x904
 235 0004 0400     		.2byte	0x4
 236 0006 00000000 		.4byte	.Ldebug_abbrev0
 237 000a 04       		.byte	0x4
 238 000b 01       		.uleb128 0x1
 239 000c D6010000 		.4byte	.LASF120
 240 0010 0C       		.byte	0xc
 241 0011 D2030000 		.4byte	.LASF121
 242 0015 2A060000 		.4byte	.LASF122
ARM GAS  C:\Users\91819\AppData\Local\Temp\cc0Yrypa.s 			page 22


 243 0019 00000000 		.4byte	.Ldebug_ranges0+0
 244 001d 00000000 		.4byte	0
 245 0021 00000000 		.4byte	.Ldebug_line0
 246 0025 02       		.uleb128 0x2
 247 0026 01       		.byte	0x1
 248 0027 06       		.byte	0x6
 249 0028 BB070000 		.4byte	.LASF0
 250 002c 03       		.uleb128 0x3
 251 002d 56050000 		.4byte	.LASF4
 252 0031 05       		.byte	0x5
 253 0032 1D       		.byte	0x1d
 254 0033 37000000 		.4byte	0x37
 255 0037 02       		.uleb128 0x2
 256 0038 01       		.byte	0x1
 257 0039 08       		.byte	0x8
 258 003a B4060000 		.4byte	.LASF1
 259 003e 02       		.uleb128 0x2
 260 003f 02       		.byte	0x2
 261 0040 05       		.byte	0x5
 262 0041 EA040000 		.4byte	.LASF2
 263 0045 02       		.uleb128 0x2
 264 0046 02       		.byte	0x2
 265 0047 07       		.byte	0x7
 266 0048 C7070000 		.4byte	.LASF3
 267 004c 03       		.uleb128 0x3
 268 004d BD000000 		.4byte	.LASF5
 269 0051 05       		.byte	0x5
 270 0052 3F       		.byte	0x3f
 271 0053 57000000 		.4byte	0x57
 272 0057 02       		.uleb128 0x2
 273 0058 04       		.byte	0x4
 274 0059 05       		.byte	0x5
 275 005a F4040000 		.4byte	.LASF6
 276 005e 03       		.uleb128 0x3
 277 005f C2060000 		.4byte	.LASF7
 278 0063 05       		.byte	0x5
 279 0064 41       		.byte	0x41
 280 0065 69000000 		.4byte	0x69
 281 0069 02       		.uleb128 0x2
 282 006a 04       		.byte	0x4
 283 006b 07       		.byte	0x7
 284 006c FD050000 		.4byte	.LASF8
 285 0070 02       		.uleb128 0x2
 286 0071 08       		.byte	0x8
 287 0072 05       		.byte	0x5
 288 0073 8A030000 		.4byte	.LASF9
 289 0077 02       		.uleb128 0x2
 290 0078 08       		.byte	0x8
 291 0079 07       		.byte	0x7
 292 007a 65010000 		.4byte	.LASF10
 293 007e 04       		.uleb128 0x4
 294 007f 04       		.byte	0x4
 295 0080 05       		.byte	0x5
 296 0081 696E7400 		.ascii	"int\000"
 297 0085 02       		.uleb128 0x2
 298 0086 04       		.byte	0x4
 299 0087 07       		.byte	0x7
ARM GAS  C:\Users\91819\AppData\Local\Temp\cc0Yrypa.s 			page 23


 300 0088 77000000 		.4byte	.LASF11
 301 008c 03       		.uleb128 0x3
 302 008d 3A030000 		.4byte	.LASF12
 303 0091 06       		.byte	0x6
 304 0092 18       		.byte	0x18
 305 0093 2C000000 		.4byte	0x2c
 306 0097 03       		.uleb128 0x3
 307 0098 22060000 		.4byte	.LASF13
 308 009c 06       		.byte	0x6
 309 009d 2C       		.byte	0x2c
 310 009e 4C000000 		.4byte	0x4c
 311 00a2 03       		.uleb128 0x3
 312 00a3 18010000 		.4byte	.LASF14
 313 00a7 06       		.byte	0x6
 314 00a8 30       		.byte	0x30
 315 00a9 5E000000 		.4byte	0x5e
 316 00ad 02       		.uleb128 0x2
 317 00ae 04       		.byte	0x4
 318 00af 04       		.byte	0x4
 319 00b0 3F010000 		.4byte	.LASF15
 320 00b4 02       		.uleb128 0x2
 321 00b5 08       		.byte	0x8
 322 00b6 04       		.byte	0x4
 323 00b7 F7070000 		.4byte	.LASF16
 324 00bb 02       		.uleb128 0x2
 325 00bc 01       		.byte	0x1
 326 00bd 08       		.byte	0x8
 327 00be D6020000 		.4byte	.LASF17
 328 00c2 03       		.uleb128 0x3
 329 00c3 64020000 		.4byte	.LASF18
 330 00c7 07       		.byte	0x7
 331 00c8 D8       		.byte	0xd8
 332 00c9 85000000 		.4byte	0x85
 333 00cd 02       		.uleb128 0x2
 334 00ce 08       		.byte	0x8
 335 00cf 04       		.byte	0x4
 336 00d0 59040000 		.4byte	.LASF19
 337 00d4 03       		.uleb128 0x3
 338 00d5 CC050000 		.4byte	.LASF20
 339 00d9 08       		.byte	0x8
 340 00da 53       		.byte	0x53
 341 00db 7E000000 		.4byte	0x7e
 342 00df 03       		.uleb128 0x3
 343 00e0 98040000 		.4byte	.LASF21
 344 00e4 08       		.byte	0x8
 345 00e5 54       		.byte	0x54
 346 00e6 85000000 		.4byte	0x85
 347 00ea 03       		.uleb128 0x3
 348 00eb C4050000 		.4byte	.LASF22
 349 00ef 09       		.byte	0x9
 350 00f0 4D       		.byte	0x4d
 351 00f1 DF000000 		.4byte	0xdf
 352 00f5 03       		.uleb128 0x3
 353 00f6 FE000000 		.4byte	.LASF23
 354 00fa 09       		.byte	0x9
 355 00fb 4F       		.byte	0x4f
 356 00fc DF000000 		.4byte	0xdf
ARM GAS  C:\Users\91819\AppData\Local\Temp\cc0Yrypa.s 			page 24


 357 0100 03       		.uleb128 0x3
 358 0101 B6010000 		.4byte	.LASF24
 359 0105 09       		.byte	0x9
 360 0106 78       		.byte	0x78
 361 0107 D4000000 		.4byte	0xd4
 362 010b 05       		.uleb128 0x5
 363 010c 90010000 		.4byte	.LASF25
 364 0110 0A       		.byte	0xa
 365 0111 F701     		.2byte	0x1f7
 366 0113 00010000 		.4byte	0x100
 367 0117 05       		.uleb128 0x5
 368 0118 4A000000 		.4byte	.LASF26
 369 011c 0A       		.byte	0xa
 370 011d 2C02     		.2byte	0x22c
 371 011f EA000000 		.4byte	0xea
 372 0123 02       		.uleb128 0x2
 373 0124 04       		.byte	0x4
 374 0125 07       		.byte	0x7
 375 0126 D5050000 		.4byte	.LASF27
 376 012a 03       		.uleb128 0x3
 377 012b 6B020000 		.4byte	.LASF28
 378 012f 0B       		.byte	0xb
 379 0130 90       		.byte	0x90
 380 0131 25000000 		.4byte	0x25
 381 0135 03       		.uleb128 0x3
 382 0136 E6020000 		.4byte	.LASF29
 383 013a 0B       		.byte	0xb
 384 013b 9C       		.byte	0x9c
 385 013c 37000000 		.4byte	0x37
 386 0140 06       		.uleb128 0x6
 387 0141 01       		.byte	0x1
 388 0142 25000000 		.4byte	0x25
 389 0146 0B       		.byte	0xb
 390 0147 CF       		.byte	0xcf
 391 0148 E9010000 		.4byte	0x1e9
 392 014c 07       		.uleb128 0x7
 393 014d DB020000 		.4byte	.LASF30
 394 0151 00       		.byte	0
 395 0152 08       		.uleb128 0x8
 396 0153 21010000 		.4byte	.LASF31
 397 0157 7F       		.sleb128 -1
 398 0158 08       		.uleb128 0x8
 399 0159 C7000000 		.4byte	.LASF32
 400 015d 7E       		.sleb128 -2
 401 015e 08       		.uleb128 0x8
 402 015f 84000000 		.4byte	.LASF33
 403 0163 7D       		.sleb128 -3
 404 0164 08       		.uleb128 0x8
 405 0165 2A040000 		.4byte	.LASF34
 406 0169 7C       		.sleb128 -4
 407 016a 08       		.uleb128 0x8
 408 016b 5A080000 		.4byte	.LASF35
 409 016f 7B       		.sleb128 -5
 410 0170 08       		.uleb128 0x8
 411 0171 A3060000 		.4byte	.LASF36
 412 0175 7A       		.sleb128 -6
 413 0176 08       		.uleb128 0x8
ARM GAS  C:\Users\91819\AppData\Local\Temp\cc0Yrypa.s 			page 25


 414 0177 18040000 		.4byte	.LASF37
 415 017b 79       		.sleb128 -7
 416 017c 08       		.uleb128 0x8
 417 017d 44040000 		.4byte	.LASF38
 418 0181 78       		.sleb128 -8
 419 0182 08       		.uleb128 0x8
 420 0183 E5060000 		.4byte	.LASF39
 421 0187 77       		.sleb128 -9
 422 0188 08       		.uleb128 0x8
 423 0189 B5040000 		.4byte	.LASF40
 424 018d 76       		.sleb128 -10
 425 018e 08       		.uleb128 0x8
 426 018f D5000000 		.4byte	.LASF41
 427 0193 75       		.sleb128 -11
 428 0194 08       		.uleb128 0x8
 429 0195 57010000 		.4byte	.LASF42
 430 0199 74       		.sleb128 -12
 431 019a 08       		.uleb128 0x8
 432 019b 6F070000 		.4byte	.LASF43
 433 019f 73       		.sleb128 -13
 434 01a0 08       		.uleb128 0x8
 435 01a1 A2040000 		.4byte	.LASF44
 436 01a5 72       		.sleb128 -14
 437 01a6 08       		.uleb128 0x8
 438 01a7 23000000 		.4byte	.LASF45
 439 01ab 71       		.sleb128 -15
 440 01ac 08       		.uleb128 0x8
 441 01ad 45050000 		.4byte	.LASF46
 442 01b1 70       		.sleb128 -16
 443 01b2 08       		.uleb128 0x8
 444 01b3 A0050000 		.4byte	.LASF47
 445 01b7 6F       		.sleb128 -17
 446 01b8 08       		.uleb128 0x8
 447 01b9 2A010000 		.4byte	.LASF48
 448 01bd 6E       		.sleb128 -18
 449 01be 08       		.uleb128 0x8
 450 01bf 10000000 		.4byte	.LASF49
 451 01c3 6D       		.sleb128 -19
 452 01c4 08       		.uleb128 0x8
 453 01c5 C3040000 		.4byte	.LASF50
 454 01c9 6C       		.sleb128 -20
 455 01ca 08       		.uleb128 0x8
 456 01cb 28030000 		.4byte	.LASF51
 457 01cf 6B       		.sleb128 -21
 458 01d0 08       		.uleb128 0x8
 459 01d1 C0030000 		.4byte	.LASF52
 460 01d5 6A       		.sleb128 -22
 461 01d6 08       		.uleb128 0x8
 462 01d7 E7000000 		.4byte	.LASF53
 463 01db 69       		.sleb128 -23
 464 01dc 08       		.uleb128 0x8
 465 01dd 14070000 		.4byte	.LASF54
 466 01e1 68       		.sleb128 -24
 467 01e2 08       		.uleb128 0x8
 468 01e3 2C050000 		.4byte	.LASF55
 469 01e7 67       		.sleb128 -25
 470 01e8 00       		.byte	0
ARM GAS  C:\Users\91819\AppData\Local\Temp\cc0Yrypa.s 			page 26


 471 01e9 03       		.uleb128 0x3
 472 01ea 1D060000 		.4byte	.LASF56
 473 01ee 0B       		.byte	0xb
 474 01ef EA       		.byte	0xea
 475 01f0 40010000 		.4byte	0x140
 476 01f4 03       		.uleb128 0x3
 477 01f5 0F060000 		.4byte	.LASF57
 478 01f9 0C       		.byte	0xc
 479 01fa 19       		.byte	0x19
 480 01fb FF010000 		.4byte	0x1ff
 481 01ff 09       		.uleb128 0x9
 482 0200 0B010000 		.4byte	0x10b
 483 0204 0A020000 		.4byte	0x20a
 484 0208 0A       		.uleb128 0xa
 485 0209 00       		.byte	0
 486 020a 03       		.uleb128 0x3
 487 020b 99010000 		.4byte	.LASF58
 488 020f 0C       		.byte	0xc
 489 0210 2D       		.byte	0x2d
 490 0211 A2000000 		.4byte	0xa2
 491 0215 06       		.uleb128 0x6
 492 0216 01       		.byte	0x1
 493 0217 37000000 		.4byte	0x37
 494 021b 0D       		.byte	0xd
 495 021c 59       		.byte	0x59
 496 021d 3A020000 		.4byte	0x23a
 497 0221 07       		.uleb128 0x7
 498 0222 41080000 		.4byte	.LASF59
 499 0226 00       		.byte	0
 500 0227 07       		.uleb128 0x7
 501 0228 DA070000 		.4byte	.LASF60
 502 022c 01       		.byte	0x1
 503 022d 07       		.uleb128 0x7
 504 022e 74050000 		.4byte	.LASF61
 505 0232 02       		.byte	0x2
 506 0233 07       		.uleb128 0x7
 507 0234 65040000 		.4byte	.LASF62
 508 0238 03       		.byte	0x3
 509 0239 00       		.byte	0
 510 023a 03       		.uleb128 0x3
 511 023b 2E080000 		.4byte	.LASF63
 512 023f 0D       		.byte	0xd
 513 0240 5E       		.byte	0x5e
 514 0241 15020000 		.4byte	0x215
 515 0245 0B       		.uleb128 0xb
 516 0246 02       		.byte	0x2
 517 0247 0E       		.byte	0xe
 518 0248 1F       		.byte	0x1f
 519 0249 62020000 		.4byte	0x262
 520 024d 0C       		.uleb128 0xc
 521 024e 7800     		.ascii	"x\000"
 522 0250 0E       		.byte	0xe
 523 0251 21       		.byte	0x21
 524 0252 2A010000 		.4byte	0x12a
 525 0256 00       		.byte	0
 526 0257 0C       		.uleb128 0xc
 527 0258 7900     		.ascii	"y\000"
ARM GAS  C:\Users\91819\AppData\Local\Temp\cc0Yrypa.s 			page 27


 528 025a 0E       		.byte	0xe
 529 025b 22       		.byte	0x22
 530 025c 2A010000 		.4byte	0x12a
 531 0260 01       		.byte	0x1
 532 0261 00       		.byte	0
 533 0262 03       		.uleb128 0x3
 534 0263 FE070000 		.4byte	.LASF64
 535 0267 0E       		.byte	0xe
 536 0268 25       		.byte	0x25
 537 0269 45020000 		.4byte	0x245
 538 026d 03       		.uleb128 0x3
 539 026e 01040000 		.4byte	.LASF65
 540 0272 02       		.byte	0x2
 541 0273 27       		.byte	0x27
 542 0274 78020000 		.4byte	0x278
 543 0278 0D       		.uleb128 0xd
 544 0279 04       		.byte	0x4
 545 027a 7E020000 		.4byte	0x27e
 546 027e 0E       		.uleb128 0xe
 547 027f E9010000 		.4byte	0x1e9
 548 0283 8D020000 		.4byte	0x28d
 549 0287 0F       		.uleb128 0xf
 550 0288 93020000 		.4byte	0x293
 551 028c 00       		.byte	0
 552 028d 0D       		.uleb128 0xd
 553 028e 04       		.byte	0x4
 554 028f 62020000 		.4byte	0x262
 555 0293 10       		.uleb128 0x10
 556 0294 8D020000 		.4byte	0x28d
 557 0298 03       		.uleb128 0x3
 558 0299 E9030000 		.4byte	.LASF66
 559 029d 02       		.byte	0x2
 560 029e 2D       		.byte	0x2d
 561 029f A3020000 		.4byte	0x2a3
 562 02a3 0D       		.uleb128 0xd
 563 02a4 04       		.byte	0x4
 564 02a5 A9020000 		.4byte	0x2a9
 565 02a9 0E       		.uleb128 0xe
 566 02aa E9010000 		.4byte	0x1e9
 567 02ae B8020000 		.4byte	0x2b8
 568 02b2 0F       		.uleb128 0xf
 569 02b3 C3020000 		.4byte	0x2c3
 570 02b7 00       		.byte	0
 571 02b8 0D       		.uleb128 0xd
 572 02b9 04       		.byte	0x4
 573 02ba BE020000 		.4byte	0x2be
 574 02be 10       		.uleb128 0x10
 575 02bf 62020000 		.4byte	0x262
 576 02c3 10       		.uleb128 0x10
 577 02c4 B8020000 		.4byte	0x2b8
 578 02c8 11       		.uleb128 0x11
 579 02c9 73020000 		.4byte	.LASF78
 580 02cd 28       		.byte	0x28
 581 02ce 02       		.byte	0x2
 582 02cf 37       		.byte	0x37
 583 02d0 4D030000 		.4byte	0x34d
 584 02d4 12       		.uleb128 0x12
ARM GAS  C:\Users\91819\AppData\Local\Temp\cc0Yrypa.s 			page 28


 585 02d5 98030000 		.4byte	.LASF67
 586 02d9 02       		.byte	0x2
 587 02da 3C       		.byte	0x3c
 588 02db 4D030000 		.4byte	0x34d
 589 02df 00       		.byte	0
 590 02e0 12       		.uleb128 0x12
 591 02e1 3A040000 		.4byte	.LASF68
 592 02e5 02       		.byte	0x2
 593 02e6 41       		.byte	0x41
 594 02e7 52030000 		.4byte	0x352
 595 02eb 04       		.byte	0x4
 596 02ec 12       		.uleb128 0x12
 597 02ed 1D030000 		.4byte	.LASF69
 598 02f1 02       		.byte	0x2
 599 02f2 46       		.byte	0x46
 600 02f3 57030000 		.4byte	0x357
 601 02f7 08       		.byte	0x8
 602 02f8 12       		.uleb128 0x12
 603 02f9 CD060000 		.4byte	.LASF70
 604 02fd 02       		.byte	0x2
 605 02fe 4C       		.byte	0x4c
 606 02ff 57030000 		.4byte	0x357
 607 0303 0C       		.byte	0xc
 608 0304 12       		.uleb128 0x12
 609 0305 06010000 		.4byte	.LASF71
 610 0309 02       		.byte	0x2
 611 030a 51       		.byte	0x51
 612 030b 5C030000 		.4byte	0x35c
 613 030f 10       		.byte	0x10
 614 0310 12       		.uleb128 0x12
 615 0311 D7060000 		.4byte	.LASF72
 616 0315 02       		.byte	0x2
 617 0316 56       		.byte	0x56
 618 0317 67030000 		.4byte	0x367
 619 031b 14       		.byte	0x14
 620 031c 12       		.uleb128 0x12
 621 031d AF030000 		.4byte	.LASF73
 622 0321 02       		.byte	0x2
 623 0322 5B       		.byte	0x5b
 624 0323 5C030000 		.4byte	0x35c
 625 0327 18       		.byte	0x18
 626 0328 12       		.uleb128 0x12
 627 0329 99070000 		.4byte	.LASF74
 628 032d 02       		.byte	0x2
 629 032e 60       		.byte	0x60
 630 032f 67030000 		.4byte	0x367
 631 0333 1C       		.byte	0x1c
 632 0334 12       		.uleb128 0x12
 633 0335 AF020000 		.4byte	.LASF75
 634 0339 02       		.byte	0x2
 635 033a 66       		.byte	0x66
 636 033b 6C030000 		.4byte	0x36c
 637 033f 20       		.byte	0x20
 638 0340 12       		.uleb128 0x12
 639 0341 A6020000 		.4byte	.LASF76
 640 0345 02       		.byte	0x2
 641 0346 6B       		.byte	0x6b
ARM GAS  C:\Users\91819\AppData\Local\Temp\cc0Yrypa.s 			page 29


 642 0347 71030000 		.4byte	0x371
 643 034b 24       		.byte	0x24
 644 034c 00       		.byte	0
 645 034d 10       		.uleb128 0x10
 646 034e 6D020000 		.4byte	0x26d
 647 0352 10       		.uleb128 0x10
 648 0353 98020000 		.4byte	0x298
 649 0357 10       		.uleb128 0x10
 650 0358 17010000 		.4byte	0x117
 651 035c 10       		.uleb128 0x10
 652 035d C2000000 		.4byte	0xc2
 653 0361 0D       		.uleb128 0xd
 654 0362 04       		.byte	0x4
 655 0363 F4010000 		.4byte	0x1f4
 656 0367 10       		.uleb128 0x10
 657 0368 61030000 		.4byte	0x361
 658 036c 10       		.uleb128 0x10
 659 036d 35010000 		.4byte	0x135
 660 0371 10       		.uleb128 0x10
 661 0372 0A020000 		.4byte	0x20a
 662 0376 03       		.uleb128 0x3
 663 0377 85020000 		.4byte	.LASF77
 664 037b 02       		.byte	0x2
 665 037c 6E       		.byte	0x6e
 666 037d 81030000 		.4byte	0x381
 667 0381 10       		.uleb128 0x10
 668 0382 C8020000 		.4byte	0x2c8
 669 0386 11       		.uleb128 0x11
 670 0387 A1030000 		.4byte	.LASF79
 671 038b 0C       		.byte	0xc
 672 038c 02       		.byte	0x2
 673 038d 7A       		.byte	0x7a
 674 038e C3030000 		.4byte	0x3c3
 675 0392 12       		.uleb128 0x12
 676 0393 BD010000 		.4byte	.LASF80
 677 0397 02       		.byte	0x2
 678 0398 80       		.byte	0x80
 679 0399 62020000 		.4byte	0x262
 680 039d 00       		.byte	0
 681 039e 12       		.uleb128 0x12
 682 039f 42030000 		.4byte	.LASF81
 683 03a3 02       		.byte	0x2
 684 03a4 85       		.byte	0x85
 685 03a5 3A020000 		.4byte	0x23a
 686 03a9 02       		.byte	0x2
 687 03aa 0C       		.uleb128 0xc
 688 03ab 61676500 		.ascii	"age\000"
 689 03af 02       		.byte	0x2
 690 03b0 8A       		.byte	0x8a
 691 03b1 A2000000 		.4byte	0xa2
 692 03b5 04       		.byte	0x4
 693 03b6 12       		.uleb128 0x12
 694 03b7 BE020000 		.4byte	.LASF82
 695 03bb 02       		.byte	0x2
 696 03bc 8F       		.byte	0x8f
 697 03bd C9030000 		.4byte	0x3c9
 698 03c1 08       		.byte	0x8
ARM GAS  C:\Users\91819\AppData\Local\Temp\cc0Yrypa.s 			page 30


 699 03c2 00       		.byte	0
 700 03c3 0D       		.uleb128 0xd
 701 03c4 04       		.byte	0x4
 702 03c5 76030000 		.4byte	0x376
 703 03c9 10       		.uleb128 0x10
 704 03ca C3030000 		.4byte	0x3c3
 705 03ce 03       		.uleb128 0x3
 706 03cf 49030000 		.4byte	.LASF83
 707 03d3 02       		.byte	0x2
 708 03d4 92       		.byte	0x92
 709 03d5 86030000 		.4byte	0x386
 710 03d9 0B       		.uleb128 0xb
 711 03da 01       		.byte	0x1
 712 03db 0F       		.byte	0xf
 713 03dc 1F       		.byte	0x1f
 714 03dd EE030000 		.4byte	0x3ee
 715 03e1 12       		.uleb128 0x12
 716 03e2 11080000 		.4byte	.LASF84
 717 03e6 0F       		.byte	0xf
 718 03e7 21       		.byte	0x21
 719 03e8 8C000000 		.4byte	0x8c
 720 03ec 00       		.byte	0
 721 03ed 00       		.byte	0
 722 03ee 03       		.uleb128 0x3
 723 03ef C6020000 		.4byte	.LASF85
 724 03f3 0F       		.byte	0xf
 725 03f4 24       		.byte	0x24
 726 03f5 D9030000 		.4byte	0x3d9
 727 03f9 03       		.uleb128 0x3
 728 03fa 25070000 		.4byte	.LASF86
 729 03fe 03       		.byte	0x3
 730 03ff 27       		.byte	0x27
 731 0400 04040000 		.4byte	0x404
 732 0404 0D       		.uleb128 0xd
 733 0405 04       		.byte	0x4
 734 0406 0A040000 		.4byte	0x40a
 735 040a 0E       		.uleb128 0xe
 736 040b E9010000 		.4byte	0x1e9
 737 040f 19040000 		.4byte	0x419
 738 0413 0F       		.uleb128 0xf
 739 0414 1F040000 		.4byte	0x41f
 740 0418 00       		.byte	0
 741 0419 0D       		.uleb128 0xd
 742 041a 04       		.byte	0x4
 743 041b EE030000 		.4byte	0x3ee
 744 041f 10       		.uleb128 0x10
 745 0420 19040000 		.4byte	0x419
 746 0424 03       		.uleb128 0x3
 747 0425 A6070000 		.4byte	.LASF87
 748 0429 03       		.byte	0x3
 749 042a 2D       		.byte	0x2d
 750 042b 2F040000 		.4byte	0x42f
 751 042f 0D       		.uleb128 0xd
 752 0430 04       		.byte	0x4
 753 0431 35040000 		.4byte	0x435
 754 0435 0E       		.uleb128 0xe
 755 0436 E9010000 		.4byte	0x1e9
ARM GAS  C:\Users\91819\AppData\Local\Temp\cc0Yrypa.s 			page 31


 756 043a 44040000 		.4byte	0x444
 757 043e 0F       		.uleb128 0xf
 758 043f 4F040000 		.4byte	0x44f
 759 0443 00       		.byte	0
 760 0444 0D       		.uleb128 0xd
 761 0445 04       		.byte	0x4
 762 0446 4A040000 		.4byte	0x44a
 763 044a 10       		.uleb128 0x10
 764 044b EE030000 		.4byte	0x3ee
 765 044f 10       		.uleb128 0x10
 766 0450 44040000 		.4byte	0x444
 767 0454 11       		.uleb128 0x11
 768 0455 97020000 		.4byte	.LASF88
 769 0459 28       		.byte	0x28
 770 045a 03       		.byte	0x3
 771 045b 37       		.byte	0x37
 772 045c D9040000 		.4byte	0x4d9
 773 0460 12       		.uleb128 0x12
 774 0461 98030000 		.4byte	.LASF67
 775 0465 03       		.byte	0x3
 776 0466 3C       		.byte	0x3c
 777 0467 D9040000 		.4byte	0x4d9
 778 046b 00       		.byte	0
 779 046c 12       		.uleb128 0x12
 780 046d 3A040000 		.4byte	.LASF68
 781 0471 03       		.byte	0x3
 782 0472 41       		.byte	0x41
 783 0473 DE040000 		.4byte	0x4de
 784 0477 04       		.byte	0x4
 785 0478 12       		.uleb128 0x12
 786 0479 1D030000 		.4byte	.LASF69
 787 047d 03       		.byte	0x3
 788 047e 46       		.byte	0x46
 789 047f 57030000 		.4byte	0x357
 790 0483 08       		.byte	0x8
 791 0484 12       		.uleb128 0x12
 792 0485 CD060000 		.4byte	.LASF70
 793 0489 03       		.byte	0x3
 794 048a 4C       		.byte	0x4c
 795 048b 57030000 		.4byte	0x357
 796 048f 0C       		.byte	0xc
 797 0490 12       		.uleb128 0x12
 798 0491 06010000 		.4byte	.LASF71
 799 0495 03       		.byte	0x3
 800 0496 51       		.byte	0x51
 801 0497 5C030000 		.4byte	0x35c
 802 049b 10       		.byte	0x10
 803 049c 12       		.uleb128 0x12
 804 049d D7060000 		.4byte	.LASF72
 805 04a1 03       		.byte	0x3
 806 04a2 56       		.byte	0x56
 807 04a3 67030000 		.4byte	0x367
 808 04a7 14       		.byte	0x14
 809 04a8 12       		.uleb128 0x12
 810 04a9 AF030000 		.4byte	.LASF73
 811 04ad 03       		.byte	0x3
 812 04ae 5B       		.byte	0x5b
ARM GAS  C:\Users\91819\AppData\Local\Temp\cc0Yrypa.s 			page 32


 813 04af 5C030000 		.4byte	0x35c
 814 04b3 18       		.byte	0x18
 815 04b4 12       		.uleb128 0x12
 816 04b5 99070000 		.4byte	.LASF74
 817 04b9 03       		.byte	0x3
 818 04ba 60       		.byte	0x60
 819 04bb 67030000 		.4byte	0x367
 820 04bf 1C       		.byte	0x1c
 821 04c0 12       		.uleb128 0x12
 822 04c1 AF020000 		.4byte	.LASF75
 823 04c5 03       		.byte	0x3
 824 04c6 66       		.byte	0x66
 825 04c7 6C030000 		.4byte	0x36c
 826 04cb 20       		.byte	0x20
 827 04cc 12       		.uleb128 0x12
 828 04cd A6020000 		.4byte	.LASF76
 829 04d1 03       		.byte	0x3
 830 04d2 6B       		.byte	0x6b
 831 04d3 71030000 		.4byte	0x371
 832 04d7 24       		.byte	0x24
 833 04d8 00       		.byte	0
 834 04d9 10       		.uleb128 0x10
 835 04da F9030000 		.4byte	0x3f9
 836 04de 10       		.uleb128 0x10
 837 04df 24040000 		.4byte	0x424
 838 04e3 03       		.uleb128 0x3
 839 04e4 DE050000 		.4byte	.LASF89
 840 04e8 03       		.byte	0x3
 841 04e9 6E       		.byte	0x6e
 842 04ea EE040000 		.4byte	0x4ee
 843 04ee 10       		.uleb128 0x10
 844 04ef 54040000 		.4byte	0x454
 845 04f3 11       		.uleb128 0x11
 846 04f4 F0020000 		.4byte	.LASF90
 847 04f8 0C       		.byte	0xc
 848 04f9 03       		.byte	0x3
 849 04fa 7A       		.byte	0x7a
 850 04fb 30050000 		.4byte	0x530
 851 04ff 12       		.uleb128 0x12
 852 0500 BD010000 		.4byte	.LASF80
 853 0504 03       		.byte	0x3
 854 0505 80       		.byte	0x80
 855 0506 EE030000 		.4byte	0x3ee
 856 050a 00       		.byte	0
 857 050b 12       		.uleb128 0x12
 858 050c 42030000 		.4byte	.LASF81
 859 0510 03       		.byte	0x3
 860 0511 85       		.byte	0x85
 861 0512 3A020000 		.4byte	0x23a
 862 0516 01       		.byte	0x1
 863 0517 0C       		.uleb128 0xc
 864 0518 61676500 		.ascii	"age\000"
 865 051c 03       		.byte	0x3
 866 051d 8A       		.byte	0x8a
 867 051e A2000000 		.4byte	0xa2
 868 0522 04       		.byte	0x4
 869 0523 12       		.uleb128 0x12
ARM GAS  C:\Users\91819\AppData\Local\Temp\cc0Yrypa.s 			page 33


 870 0524 BE020000 		.4byte	.LASF82
 871 0528 03       		.byte	0x3
 872 0529 8F       		.byte	0x8f
 873 052a 36050000 		.4byte	0x536
 874 052e 08       		.byte	0x8
 875 052f 00       		.byte	0
 876 0530 0D       		.uleb128 0xd
 877 0531 04       		.byte	0x4
 878 0532 E3040000 		.4byte	0x4e3
 879 0536 10       		.uleb128 0x10
 880 0537 30050000 		.4byte	0x530
 881 053b 03       		.uleb128 0x3
 882 053c FB020000 		.4byte	.LASF91
 883 0540 03       		.byte	0x3
 884 0541 92       		.byte	0x92
 885 0542 F3040000 		.4byte	0x4f3
 886 0546 0B       		.uleb128 0xb
 887 0547 01       		.byte	0x1
 888 0548 10       		.byte	0x10
 889 0549 1F       		.byte	0x1f
 890 054a 5B050000 		.4byte	0x55b
 891 054e 12       		.uleb128 0x12
 892 054f 42030000 		.4byte	.LASF81
 893 0553 10       		.byte	0x10
 894 0554 21       		.byte	0x21
 895 0555 35010000 		.4byte	0x135
 896 0559 00       		.byte	0
 897 055a 00       		.byte	0
 898 055b 03       		.uleb128 0x3
 899 055c 83040000 		.4byte	.LASF92
 900 0560 10       		.byte	0x10
 901 0561 24       		.byte	0x24
 902 0562 46050000 		.4byte	0x546
 903 0566 03       		.uleb128 0x3
 904 0567 71030000 		.4byte	.LASF93
 905 056b 04       		.byte	0x4
 906 056c 27       		.byte	0x27
 907 056d 71050000 		.4byte	0x571
 908 0571 0D       		.uleb128 0xd
 909 0572 04       		.byte	0x4
 910 0573 77050000 		.4byte	0x577
 911 0577 0E       		.uleb128 0xe
 912 0578 E9010000 		.4byte	0x1e9
 913 057c 86050000 		.4byte	0x586
 914 0580 0F       		.uleb128 0xf
 915 0581 8C050000 		.4byte	0x58c
 916 0585 00       		.byte	0
 917 0586 0D       		.uleb128 0xd
 918 0587 04       		.byte	0x4
 919 0588 5B050000 		.4byte	0x55b
 920 058c 10       		.uleb128 0x10
 921 058d 86050000 		.4byte	0x586
 922 0591 03       		.uleb128 0x3
 923 0592 57030000 		.4byte	.LASF94
 924 0596 04       		.byte	0x4
 925 0597 2D       		.byte	0x2d
 926 0598 9C050000 		.4byte	0x59c
ARM GAS  C:\Users\91819\AppData\Local\Temp\cc0Yrypa.s 			page 34


 927 059c 0D       		.uleb128 0xd
 928 059d 04       		.byte	0x4
 929 059e A2050000 		.4byte	0x5a2
 930 05a2 0E       		.uleb128 0xe
 931 05a3 E9010000 		.4byte	0x1e9
 932 05a7 B1050000 		.4byte	0x5b1
 933 05ab 0F       		.uleb128 0xf
 934 05ac BC050000 		.4byte	0x5bc
 935 05b0 00       		.byte	0
 936 05b1 0D       		.uleb128 0xd
 937 05b2 04       		.byte	0x4
 938 05b3 B7050000 		.4byte	0x5b7
 939 05b7 10       		.uleb128 0x10
 940 05b8 5B050000 		.4byte	0x55b
 941 05bc 10       		.uleb128 0x10
 942 05bd B1050000 		.4byte	0x5b1
 943 05c1 11       		.uleb128 0x11
 944 05c2 7C010000 		.4byte	.LASF95
 945 05c6 28       		.byte	0x28
 946 05c7 04       		.byte	0x4
 947 05c8 37       		.byte	0x37
 948 05c9 46060000 		.4byte	0x646
 949 05cd 12       		.uleb128 0x12
 950 05ce 98030000 		.4byte	.LASF67
 951 05d2 04       		.byte	0x4
 952 05d3 3C       		.byte	0x3c
 953 05d4 46060000 		.4byte	0x646
 954 05d8 00       		.byte	0
 955 05d9 12       		.uleb128 0x12
 956 05da 3A040000 		.4byte	.LASF68
 957 05de 04       		.byte	0x4
 958 05df 41       		.byte	0x41
 959 05e0 4B060000 		.4byte	0x64b
 960 05e4 04       		.byte	0x4
 961 05e5 12       		.uleb128 0x12
 962 05e6 1D030000 		.4byte	.LASF69
 963 05ea 04       		.byte	0x4
 964 05eb 46       		.byte	0x46
 965 05ec 57030000 		.4byte	0x357
 966 05f0 08       		.byte	0x8
 967 05f1 12       		.uleb128 0x12
 968 05f2 CD060000 		.4byte	.LASF70
 969 05f6 04       		.byte	0x4
 970 05f7 4C       		.byte	0x4c
 971 05f8 57030000 		.4byte	0x357
 972 05fc 0C       		.byte	0xc
 973 05fd 12       		.uleb128 0x12
 974 05fe 06010000 		.4byte	.LASF71
 975 0602 04       		.byte	0x4
 976 0603 51       		.byte	0x51
 977 0604 5C030000 		.4byte	0x35c
 978 0608 10       		.byte	0x10
 979 0609 12       		.uleb128 0x12
 980 060a D7060000 		.4byte	.LASF72
 981 060e 04       		.byte	0x4
 982 060f 56       		.byte	0x56
 983 0610 67030000 		.4byte	0x367
ARM GAS  C:\Users\91819\AppData\Local\Temp\cc0Yrypa.s 			page 35


 984 0614 14       		.byte	0x14
 985 0615 12       		.uleb128 0x12
 986 0616 AF030000 		.4byte	.LASF73
 987 061a 04       		.byte	0x4
 988 061b 5B       		.byte	0x5b
 989 061c 5C030000 		.4byte	0x35c
 990 0620 18       		.byte	0x18
 991 0621 12       		.uleb128 0x12
 992 0622 99070000 		.4byte	.LASF74
 993 0626 04       		.byte	0x4
 994 0627 60       		.byte	0x60
 995 0628 67030000 		.4byte	0x367
 996 062c 1C       		.byte	0x1c
 997 062d 12       		.uleb128 0x12
 998 062e AF020000 		.4byte	.LASF75
 999 0632 04       		.byte	0x4
 1000 0633 66       		.byte	0x66
 1001 0634 6C030000 		.4byte	0x36c
 1002 0638 20       		.byte	0x20
 1003 0639 12       		.uleb128 0x12
 1004 063a A6020000 		.4byte	.LASF76
 1005 063e 04       		.byte	0x4
 1006 063f 6B       		.byte	0x6b
 1007 0640 71030000 		.4byte	0x371
 1008 0644 24       		.byte	0x24
 1009 0645 00       		.byte	0
 1010 0646 10       		.uleb128 0x10
 1011 0647 66050000 		.4byte	0x566
 1012 064b 10       		.uleb128 0x10
 1013 064c 91050000 		.4byte	0x591
 1014 0650 03       		.uleb128 0x3
 1015 0651 60050000 		.4byte	.LASF96
 1016 0655 04       		.byte	0x4
 1017 0656 6E       		.byte	0x6e
 1018 0657 5B060000 		.4byte	0x65b
 1019 065b 10       		.uleb128 0x10
 1020 065c C1050000 		.4byte	0x5c1
 1021 0660 11       		.uleb128 0x11
 1022 0661 ED050000 		.4byte	.LASF97
 1023 0665 0C       		.byte	0xc
 1024 0666 04       		.byte	0x4
 1025 0667 7A       		.byte	0x7a
 1026 0668 9D060000 		.4byte	0x69d
 1027 066c 12       		.uleb128 0x12
 1028 066d BD010000 		.4byte	.LASF80
 1029 0671 04       		.byte	0x4
 1030 0672 80       		.byte	0x80
 1031 0673 5B050000 		.4byte	0x55b
 1032 0677 00       		.byte	0
 1033 0678 12       		.uleb128 0x12
 1034 0679 42030000 		.4byte	.LASF81
 1035 067d 04       		.byte	0x4
 1036 067e 85       		.byte	0x85
 1037 067f 3A020000 		.4byte	0x23a
 1038 0683 01       		.byte	0x1
 1039 0684 0C       		.uleb128 0xc
 1040 0685 61676500 		.ascii	"age\000"
ARM GAS  C:\Users\91819\AppData\Local\Temp\cc0Yrypa.s 			page 36


 1041 0689 04       		.byte	0x4
 1042 068a 8A       		.byte	0x8a
 1043 068b A2000000 		.4byte	0xa2
 1044 068f 04       		.byte	0x4
 1045 0690 12       		.uleb128 0x12
 1046 0691 BE020000 		.4byte	.LASF82
 1047 0695 04       		.byte	0x4
 1048 0696 8F       		.byte	0x8f
 1049 0697 A3060000 		.4byte	0x6a3
 1050 069b 08       		.byte	0x8
 1051 069c 00       		.byte	0
 1052 069d 0D       		.uleb128 0xd
 1053 069e 04       		.byte	0x4
 1054 069f 50060000 		.4byte	0x650
 1055 06a3 10       		.uleb128 0x10
 1056 06a4 9D060000 		.4byte	0x69d
 1057 06a8 03       		.uleb128 0x3
 1058 06a9 B4050000 		.4byte	.LASF98
 1059 06ad 04       		.byte	0x4
 1060 06ae 92       		.byte	0x92
 1061 06af 60060000 		.4byte	0x660
 1062 06b3 13       		.uleb128 0x13
 1063 06b4 92000000 		.4byte	.LASF101
 1064 06b8 04       		.byte	0x4
 1065 06b9 F1       		.byte	0xf1
 1066 06ba 03       		.byte	0x3
 1067 06bb D6060000 		.4byte	0x6d6
 1068 06bf 14       		.uleb128 0x14
 1069 06c0 58000000 		.4byte	.LASF99
 1070 06c4 04       		.byte	0x4
 1071 06c5 F1       		.byte	0xf1
 1072 06c6 DC060000 		.4byte	0x6dc
 1073 06ca 14       		.uleb128 0x14
 1074 06cb 6D000000 		.4byte	.LASF100
 1075 06cf 04       		.byte	0x4
 1076 06d0 F1       		.byte	0xf1
 1077 06d1 A2000000 		.4byte	0xa2
 1078 06d5 00       		.byte	0
 1079 06d6 0D       		.uleb128 0xd
 1080 06d7 04       		.byte	0x4
 1081 06d8 A8060000 		.4byte	0x6a8
 1082 06dc 10       		.uleb128 0x10
 1083 06dd D6060000 		.4byte	0x6d6
 1084 06e1 13       		.uleb128 0x13
 1085 06e2 D6040000 		.4byte	.LASF102
 1086 06e6 03       		.byte	0x3
 1087 06e7 F1       		.byte	0xf1
 1088 06e8 03       		.byte	0x3
 1089 06e9 04070000 		.4byte	0x704
 1090 06ed 14       		.uleb128 0x14
 1091 06ee 58000000 		.4byte	.LASF99
 1092 06f2 03       		.byte	0x3
 1093 06f3 F1       		.byte	0xf1
 1094 06f4 0A070000 		.4byte	0x70a
 1095 06f8 14       		.uleb128 0x14
 1096 06f9 6D000000 		.4byte	.LASF100
 1097 06fd 03       		.byte	0x3
ARM GAS  C:\Users\91819\AppData\Local\Temp\cc0Yrypa.s 			page 37


 1098 06fe F1       		.byte	0xf1
 1099 06ff A2000000 		.4byte	0xa2
 1100 0703 00       		.byte	0
 1101 0704 0D       		.uleb128 0xd
 1102 0705 04       		.byte	0x4
 1103 0706 3B050000 		.4byte	0x53b
 1104 070a 10       		.uleb128 0x10
 1105 070b 04070000 		.4byte	0x704
 1106 070f 13       		.uleb128 0x13
 1107 0710 06030000 		.4byte	.LASF103
 1108 0714 02       		.byte	0x2
 1109 0715 F1       		.byte	0xf1
 1110 0716 03       		.byte	0x3
 1111 0717 32070000 		.4byte	0x732
 1112 071b 14       		.uleb128 0x14
 1113 071c 58000000 		.4byte	.LASF99
 1114 0720 02       		.byte	0x2
 1115 0721 F1       		.byte	0xf1
 1116 0722 38070000 		.4byte	0x738
 1117 0726 14       		.uleb128 0x14
 1118 0727 6D000000 		.4byte	.LASF100
 1119 072b 02       		.byte	0x2
 1120 072c F1       		.byte	0xf1
 1121 072d A2000000 		.4byte	0xa2
 1122 0731 00       		.byte	0
 1123 0732 0D       		.uleb128 0xd
 1124 0733 04       		.byte	0x4
 1125 0734 CE030000 		.4byte	0x3ce
 1126 0738 10       		.uleb128 0x10
 1127 0739 32070000 		.4byte	0x732
 1128 073d 15       		.uleb128 0x15
 1129 073e 39070000 		.4byte	.LASF123
 1130 0742 01       		.byte	0x1
 1131 0743 D8       		.byte	0xd8
 1132 0744 00000000 		.4byte	.LFB140
 1133 0748 48000000 		.4byte	.LFE140-.LFB140
 1134 074c 01       		.uleb128 0x1
 1135 074d 9C       		.byte	0x9c
 1136 074e F6070000 		.4byte	0x7f6
 1137 0752 16       		.uleb128 0x16
 1138 0753 7E040000 		.4byte	.LASF124
 1139 0757 01       		.byte	0x1
 1140 0758 D8       		.byte	0xd8
 1141 0759 A2000000 		.4byte	0xa2
 1142 075d 00000000 		.4byte	.LLST0
 1143 0761 17       		.uleb128 0x17
 1144 0762 0F070000 		.4byte	0x70f
 1145 0766 00000000 		.4byte	.LBB10
 1146 076a 10000000 		.4byte	.LBE10-.LBB10
 1147 076e 01       		.byte	0x1
 1148 076f D9       		.byte	0xd9
 1149 0770 87070000 		.4byte	0x787
 1150 0774 18       		.uleb128 0x18
 1151 0775 26070000 		.4byte	0x726
 1152 0779 21000000 		.4byte	.LLST1
 1153 077d 18       		.uleb128 0x18
 1154 077e 1B070000 		.4byte	0x71b
ARM GAS  C:\Users\91819\AppData\Local\Temp\cc0Yrypa.s 			page 38


 1155 0782 34000000 		.4byte	.LLST2
 1156 0786 00       		.byte	0
 1157 0787 17       		.uleb128 0x17
 1158 0788 E1060000 		.4byte	0x6e1
 1159 078c 10000000 		.4byte	.LBB12
 1160 0790 10000000 		.4byte	.LBE12-.LBB12
 1161 0794 01       		.byte	0x1
 1162 0795 DA       		.byte	0xda
 1163 0796 AD070000 		.4byte	0x7ad
 1164 079a 18       		.uleb128 0x18
 1165 079b F8060000 		.4byte	0x6f8
 1166 079f 4C000000 		.4byte	.LLST3
 1167 07a3 18       		.uleb128 0x18
 1168 07a4 ED060000 		.4byte	0x6ed
 1169 07a8 5F000000 		.4byte	.LLST4
 1170 07ac 00       		.byte	0
 1171 07ad 17       		.uleb128 0x17
 1172 07ae E1060000 		.4byte	0x6e1
 1173 07b2 20000000 		.4byte	.LBB14
 1174 07b6 10000000 		.4byte	.LBE14-.LBB14
 1175 07ba 01       		.byte	0x1
 1176 07bb DB       		.byte	0xdb
 1177 07bc D3070000 		.4byte	0x7d3
 1178 07c0 18       		.uleb128 0x18
 1179 07c1 F8060000 		.4byte	0x6f8
 1180 07c5 77000000 		.4byte	.LLST5
 1181 07c9 18       		.uleb128 0x18
 1182 07ca ED060000 		.4byte	0x6ed
 1183 07ce 8A000000 		.4byte	.LLST6
 1184 07d2 00       		.byte	0
 1185 07d3 19       		.uleb128 0x19
 1186 07d4 B3060000 		.4byte	0x6b3
 1187 07d8 30000000 		.4byte	.LBB16
 1188 07dc 18000000 		.4byte	.LBE16-.LBB16
 1189 07e0 01       		.byte	0x1
 1190 07e1 DC       		.byte	0xdc
 1191 07e2 18       		.uleb128 0x18
 1192 07e3 CA060000 		.4byte	0x6ca
 1193 07e7 A2000000 		.4byte	.LLST7
 1194 07eb 18       		.uleb128 0x18
 1195 07ec BF060000 		.4byte	0x6bf
 1196 07f0 C3000000 		.4byte	.LLST8
 1197 07f4 00       		.byte	0
 1198 07f5 00       		.byte	0
 1199 07f6 1A       		.uleb128 0x1a
 1200 07f7 A6010000 		.4byte	.LASF104
 1201 07fb 01       		.byte	0x1
 1202 07fc 33       		.byte	0x33
 1203 07fd 76030000 		.4byte	0x376
 1204 0801 05       		.uleb128 0x5
 1205 0802 03       		.byte	0x3
 1206 0803 7C000000 		.4byte	SO_JOYSTICK_cfg
 1207 0807 1A       		.uleb128 0x1a
 1208 0808 0A050000 		.4byte	.LASF105
 1209 080c 01       		.byte	0x1
 1210 080d 62       		.byte	0x62
 1211 080e E3040000 		.4byte	0x4e3
ARM GAS  C:\Users\91819\AppData\Local\Temp\cc0Yrypa.s 			page 39


 1212 0812 05       		.uleb128 0x5
 1213 0813 03       		.byte	0x3
 1214 0814 50000000 		.4byte	SO_SPEED_cfg
 1215 0818 1A       		.uleb128 0x1a
 1216 0819 5F000000 		.4byte	.LASF106
 1217 081d 01       		.byte	0x1
 1218 081e 8E       		.byte	0x8e
 1219 081f E3040000 		.4byte	0x4e3
 1220 0823 05       		.uleb128 0x5
 1221 0824 03       		.byte	0x3
 1222 0825 28000000 		.4byte	SO_ENGINE_cfg
 1223 0829 1A       		.uleb128 0x1a
 1224 082a 45010000 		.4byte	.LASF107
 1225 082e 01       		.byte	0x1
 1226 082f BA       		.byte	0xba
 1227 0830 50060000 		.4byte	0x650
 1228 0834 05       		.uleb128 0x5
 1229 0835 03       		.byte	0x3
 1230 0836 00000000 		.4byte	SO_BRAKELIGHT_cfg
 1231 083a 1B       		.uleb128 0x1b
 1232 083b 81070000 		.4byte	.LASF108
 1233 083f 11       		.byte	0x11
 1234 0840 40       		.byte	0x40
 1235 0841 EA000000 		.4byte	0xea
 1236 0845 1B       		.uleb128 0x1b
 1237 0846 56070000 		.4byte	.LASF109
 1238 084a 11       		.byte	0x11
 1239 084b 47       		.byte	0x47
 1240 084c F5000000 		.4byte	0xf5
 1241 0850 1B       		.uleb128 0x1b
 1242 0851 C3010000 		.4byte	.LASF110
 1243 0855 11       		.byte	0x11
 1244 0856 4A       		.byte	0x4a
 1245 0857 EA000000 		.4byte	0xea
 1246 085b 1B       		.uleb128 0x1b
 1247 085c FB060000 		.4byte	.LASF111
 1248 0860 12       		.byte	0x12
 1249 0861 48       		.byte	0x48
 1250 0862 00010000 		.4byte	0x100
 1251 0866 1B       		.uleb128 0x1b
 1252 0867 8B050000 		.4byte	.LASF112
 1253 086b 13       		.byte	0x13
 1254 086c 44       		.byte	0x44
 1255 086d EA000000 		.4byte	0xea
 1256 0871 1C       		.uleb128 0x1c
 1257 0872 FD040000 		.4byte	.LASF113
 1258 0876 14       		.byte	0x14
 1259 0877 1207     		.2byte	0x712
 1260 0879 7D080000 		.4byte	0x87d
 1261 087d 1D       		.uleb128 0x1d
 1262 087e 97000000 		.4byte	0x97
 1263 0882 1E       		.uleb128 0x1e
 1264 0883 37000000 		.4byte	.LASF114
 1265 0887 01       		.byte	0x1
 1266 0888 47       		.byte	0x47
 1267 0889 CE030000 		.4byte	0x3ce
 1268 088d 05       		.uleb128 0x5
ARM GAS  C:\Users\91819\AppData\Local\Temp\cc0Yrypa.s 			page 40


 1269 088e 03       		.byte	0x3
 1270 088f 00000000 		.4byte	SO_JOYSTICK_signal
 1271 0893 1E       		.uleb128 0x1e
 1272 0894 00000000 		.4byte	.LASF115
 1273 0898 01       		.byte	0x1
 1274 0899 76       		.byte	0x76
 1275 089a 3B050000 		.4byte	0x53b
 1276 089e 05       		.uleb128 0x5
 1277 089f 03       		.byte	0x3
 1278 08a0 00000000 		.4byte	SO_SPEED_signal
 1279 08a4 1E       		.uleb128 0x1e
 1280 08a5 92060000 		.4byte	.LASF116
 1281 08a9 01       		.byte	0x1
 1282 08aa A2       		.byte	0xa2
 1283 08ab 3B050000 		.4byte	0x53b
 1284 08af 05       		.uleb128 0x5
 1285 08b0 03       		.byte	0x3
 1286 08b1 00000000 		.4byte	SO_ENGINE_signal
 1287 08b5 1E       		.uleb128 0x1e
 1288 08b6 19080000 		.4byte	.LASF117
 1289 08ba 01       		.byte	0x1
 1290 08bb CE       		.byte	0xce
 1291 08bc A8060000 		.4byte	0x6a8
 1292 08c0 05       		.uleb128 0x5
 1293 08c1 03       		.byte	0x3
 1294 08c2 00000000 		.4byte	SO_BRAKELIGHT_signal
 1295 08c6 09       		.uleb128 0x9
 1296 08c7 D6080000 		.4byte	0x8d6
 1297 08cb D6080000 		.4byte	0x8d6
 1298 08cf 1F       		.uleb128 0x1f
 1299 08d0 23010000 		.4byte	0x123
 1300 08d4 00       		.byte	0
 1301 08d5 00       		.byte	0
 1302 08d6 10       		.uleb128 0x10
 1303 08d7 0B010000 		.4byte	0x10b
 1304 08db 1E       		.uleb128 0x1e
 1305 08dc 17050000 		.4byte	.LASF118
 1306 08e0 01       		.byte	0x1
 1307 08e1 30       		.byte	0x30
 1308 08e2 EC080000 		.4byte	0x8ec
 1309 08e6 05       		.uleb128 0x5
 1310 08e7 03       		.byte	0x3
 1311 08e8 00000000 		.4byte	so_joystick_updTasks
 1312 08ec 10       		.uleb128 0x10
 1313 08ed C6080000 		.4byte	0x8c6
 1314 08f1 1E       		.uleb128 0x1e
 1315 08f2 AB000000 		.4byte	.LASF119
 1316 08f6 01       		.byte	0x1
 1317 08f7 5F       		.byte	0x5f
 1318 08f8 02090000 		.4byte	0x902
 1319 08fc 05       		.uleb128 0x5
 1320 08fd 03       		.byte	0x3
 1321 08fe 00000000 		.4byte	so_speed_updTasks
 1322 0902 10       		.uleb128 0x10
 1323 0903 C6080000 		.4byte	0x8c6
 1324 0907 00       		.byte	0
 1325              		.section	.debug_abbrev,"",%progbits
ARM GAS  C:\Users\91819\AppData\Local\Temp\cc0Yrypa.s 			page 41


 1326              	.Ldebug_abbrev0:
 1327 0000 01       		.uleb128 0x1
 1328 0001 11       		.uleb128 0x11
 1329 0002 01       		.byte	0x1
 1330 0003 25       		.uleb128 0x25
 1331 0004 0E       		.uleb128 0xe
 1332 0005 13       		.uleb128 0x13
 1333 0006 0B       		.uleb128 0xb
 1334 0007 03       		.uleb128 0x3
 1335 0008 0E       		.uleb128 0xe
 1336 0009 1B       		.uleb128 0x1b
 1337 000a 0E       		.uleb128 0xe
 1338 000b 55       		.uleb128 0x55
 1339 000c 17       		.uleb128 0x17
 1340 000d 11       		.uleb128 0x11
 1341 000e 01       		.uleb128 0x1
 1342 000f 10       		.uleb128 0x10
 1343 0010 17       		.uleb128 0x17
 1344 0011 00       		.byte	0
 1345 0012 00       		.byte	0
 1346 0013 02       		.uleb128 0x2
 1347 0014 24       		.uleb128 0x24
 1348 0015 00       		.byte	0
 1349 0016 0B       		.uleb128 0xb
 1350 0017 0B       		.uleb128 0xb
 1351 0018 3E       		.uleb128 0x3e
 1352 0019 0B       		.uleb128 0xb
 1353 001a 03       		.uleb128 0x3
 1354 001b 0E       		.uleb128 0xe
 1355 001c 00       		.byte	0
 1356 001d 00       		.byte	0
 1357 001e 03       		.uleb128 0x3
 1358 001f 16       		.uleb128 0x16
 1359 0020 00       		.byte	0
 1360 0021 03       		.uleb128 0x3
 1361 0022 0E       		.uleb128 0xe
 1362 0023 3A       		.uleb128 0x3a
 1363 0024 0B       		.uleb128 0xb
 1364 0025 3B       		.uleb128 0x3b
 1365 0026 0B       		.uleb128 0xb
 1366 0027 49       		.uleb128 0x49
 1367 0028 13       		.uleb128 0x13
 1368 0029 00       		.byte	0
 1369 002a 00       		.byte	0
 1370 002b 04       		.uleb128 0x4
 1371 002c 24       		.uleb128 0x24
 1372 002d 00       		.byte	0
 1373 002e 0B       		.uleb128 0xb
 1374 002f 0B       		.uleb128 0xb
 1375 0030 3E       		.uleb128 0x3e
 1376 0031 0B       		.uleb128 0xb
 1377 0032 03       		.uleb128 0x3
 1378 0033 08       		.uleb128 0x8
 1379 0034 00       		.byte	0
 1380 0035 00       		.byte	0
 1381 0036 05       		.uleb128 0x5
 1382 0037 16       		.uleb128 0x16
ARM GAS  C:\Users\91819\AppData\Local\Temp\cc0Yrypa.s 			page 42


 1383 0038 00       		.byte	0
 1384 0039 03       		.uleb128 0x3
 1385 003a 0E       		.uleb128 0xe
 1386 003b 3A       		.uleb128 0x3a
 1387 003c 0B       		.uleb128 0xb
 1388 003d 3B       		.uleb128 0x3b
 1389 003e 05       		.uleb128 0x5
 1390 003f 49       		.uleb128 0x49
 1391 0040 13       		.uleb128 0x13
 1392 0041 00       		.byte	0
 1393 0042 00       		.byte	0
 1394 0043 06       		.uleb128 0x6
 1395 0044 04       		.uleb128 0x4
 1396 0045 01       		.byte	0x1
 1397 0046 0B       		.uleb128 0xb
 1398 0047 0B       		.uleb128 0xb
 1399 0048 49       		.uleb128 0x49
 1400 0049 13       		.uleb128 0x13
 1401 004a 3A       		.uleb128 0x3a
 1402 004b 0B       		.uleb128 0xb
 1403 004c 3B       		.uleb128 0x3b
 1404 004d 0B       		.uleb128 0xb
 1405 004e 01       		.uleb128 0x1
 1406 004f 13       		.uleb128 0x13
 1407 0050 00       		.byte	0
 1408 0051 00       		.byte	0
 1409 0052 07       		.uleb128 0x7
 1410 0053 28       		.uleb128 0x28
 1411 0054 00       		.byte	0
 1412 0055 03       		.uleb128 0x3
 1413 0056 0E       		.uleb128 0xe
 1414 0057 1C       		.uleb128 0x1c
 1415 0058 0B       		.uleb128 0xb
 1416 0059 00       		.byte	0
 1417 005a 00       		.byte	0
 1418 005b 08       		.uleb128 0x8
 1419 005c 28       		.uleb128 0x28
 1420 005d 00       		.byte	0
 1421 005e 03       		.uleb128 0x3
 1422 005f 0E       		.uleb128 0xe
 1423 0060 1C       		.uleb128 0x1c
 1424 0061 0D       		.uleb128 0xd
 1425 0062 00       		.byte	0
 1426 0063 00       		.byte	0
 1427 0064 09       		.uleb128 0x9
 1428 0065 01       		.uleb128 0x1
 1429 0066 01       		.byte	0x1
 1430 0067 49       		.uleb128 0x49
 1431 0068 13       		.uleb128 0x13
 1432 0069 01       		.uleb128 0x1
 1433 006a 13       		.uleb128 0x13
 1434 006b 00       		.byte	0
 1435 006c 00       		.byte	0
 1436 006d 0A       		.uleb128 0xa
 1437 006e 21       		.uleb128 0x21
 1438 006f 00       		.byte	0
 1439 0070 00       		.byte	0
ARM GAS  C:\Users\91819\AppData\Local\Temp\cc0Yrypa.s 			page 43


 1440 0071 00       		.byte	0
 1441 0072 0B       		.uleb128 0xb
 1442 0073 13       		.uleb128 0x13
 1443 0074 01       		.byte	0x1
 1444 0075 0B       		.uleb128 0xb
 1445 0076 0B       		.uleb128 0xb
 1446 0077 3A       		.uleb128 0x3a
 1447 0078 0B       		.uleb128 0xb
 1448 0079 3B       		.uleb128 0x3b
 1449 007a 0B       		.uleb128 0xb
 1450 007b 01       		.uleb128 0x1
 1451 007c 13       		.uleb128 0x13
 1452 007d 00       		.byte	0
 1453 007e 00       		.byte	0
 1454 007f 0C       		.uleb128 0xc
 1455 0080 0D       		.uleb128 0xd
 1456 0081 00       		.byte	0
 1457 0082 03       		.uleb128 0x3
 1458 0083 08       		.uleb128 0x8
 1459 0084 3A       		.uleb128 0x3a
 1460 0085 0B       		.uleb128 0xb
 1461 0086 3B       		.uleb128 0x3b
 1462 0087 0B       		.uleb128 0xb
 1463 0088 49       		.uleb128 0x49
 1464 0089 13       		.uleb128 0x13
 1465 008a 38       		.uleb128 0x38
 1466 008b 0B       		.uleb128 0xb
 1467 008c 00       		.byte	0
 1468 008d 00       		.byte	0
 1469 008e 0D       		.uleb128 0xd
 1470 008f 0F       		.uleb128 0xf
 1471 0090 00       		.byte	0
 1472 0091 0B       		.uleb128 0xb
 1473 0092 0B       		.uleb128 0xb
 1474 0093 49       		.uleb128 0x49
 1475 0094 13       		.uleb128 0x13
 1476 0095 00       		.byte	0
 1477 0096 00       		.byte	0
 1478 0097 0E       		.uleb128 0xe
 1479 0098 15       		.uleb128 0x15
 1480 0099 01       		.byte	0x1
 1481 009a 27       		.uleb128 0x27
 1482 009b 19       		.uleb128 0x19
 1483 009c 49       		.uleb128 0x49
 1484 009d 13       		.uleb128 0x13
 1485 009e 01       		.uleb128 0x1
 1486 009f 13       		.uleb128 0x13
 1487 00a0 00       		.byte	0
 1488 00a1 00       		.byte	0
 1489 00a2 0F       		.uleb128 0xf
 1490 00a3 05       		.uleb128 0x5
 1491 00a4 00       		.byte	0
 1492 00a5 49       		.uleb128 0x49
 1493 00a6 13       		.uleb128 0x13
 1494 00a7 00       		.byte	0
 1495 00a8 00       		.byte	0
 1496 00a9 10       		.uleb128 0x10
ARM GAS  C:\Users\91819\AppData\Local\Temp\cc0Yrypa.s 			page 44


 1497 00aa 26       		.uleb128 0x26
 1498 00ab 00       		.byte	0
 1499 00ac 49       		.uleb128 0x49
 1500 00ad 13       		.uleb128 0x13
 1501 00ae 00       		.byte	0
 1502 00af 00       		.byte	0
 1503 00b0 11       		.uleb128 0x11
 1504 00b1 13       		.uleb128 0x13
 1505 00b2 01       		.byte	0x1
 1506 00b3 03       		.uleb128 0x3
 1507 00b4 0E       		.uleb128 0xe
 1508 00b5 0B       		.uleb128 0xb
 1509 00b6 0B       		.uleb128 0xb
 1510 00b7 3A       		.uleb128 0x3a
 1511 00b8 0B       		.uleb128 0xb
 1512 00b9 3B       		.uleb128 0x3b
 1513 00ba 0B       		.uleb128 0xb
 1514 00bb 01       		.uleb128 0x1
 1515 00bc 13       		.uleb128 0x13
 1516 00bd 00       		.byte	0
 1517 00be 00       		.byte	0
 1518 00bf 12       		.uleb128 0x12
 1519 00c0 0D       		.uleb128 0xd
 1520 00c1 00       		.byte	0
 1521 00c2 03       		.uleb128 0x3
 1522 00c3 0E       		.uleb128 0xe
 1523 00c4 3A       		.uleb128 0x3a
 1524 00c5 0B       		.uleb128 0xb
 1525 00c6 3B       		.uleb128 0x3b
 1526 00c7 0B       		.uleb128 0xb
 1527 00c8 49       		.uleb128 0x49
 1528 00c9 13       		.uleb128 0x13
 1529 00ca 38       		.uleb128 0x38
 1530 00cb 0B       		.uleb128 0xb
 1531 00cc 00       		.byte	0
 1532 00cd 00       		.byte	0
 1533 00ce 13       		.uleb128 0x13
 1534 00cf 2E       		.uleb128 0x2e
 1535 00d0 01       		.byte	0x1
 1536 00d1 3F       		.uleb128 0x3f
 1537 00d2 19       		.uleb128 0x19
 1538 00d3 03       		.uleb128 0x3
 1539 00d4 0E       		.uleb128 0xe
 1540 00d5 3A       		.uleb128 0x3a
 1541 00d6 0B       		.uleb128 0xb
 1542 00d7 3B       		.uleb128 0x3b
 1543 00d8 0B       		.uleb128 0xb
 1544 00d9 27       		.uleb128 0x27
 1545 00da 19       		.uleb128 0x19
 1546 00db 20       		.uleb128 0x20
 1547 00dc 0B       		.uleb128 0xb
 1548 00dd 01       		.uleb128 0x1
 1549 00de 13       		.uleb128 0x13
 1550 00df 00       		.byte	0
 1551 00e0 00       		.byte	0
 1552 00e1 14       		.uleb128 0x14
 1553 00e2 05       		.uleb128 0x5
ARM GAS  C:\Users\91819\AppData\Local\Temp\cc0Yrypa.s 			page 45


 1554 00e3 00       		.byte	0
 1555 00e4 03       		.uleb128 0x3
 1556 00e5 0E       		.uleb128 0xe
 1557 00e6 3A       		.uleb128 0x3a
 1558 00e7 0B       		.uleb128 0xb
 1559 00e8 3B       		.uleb128 0x3b
 1560 00e9 0B       		.uleb128 0xb
 1561 00ea 49       		.uleb128 0x49
 1562 00eb 13       		.uleb128 0x13
 1563 00ec 00       		.byte	0
 1564 00ed 00       		.byte	0
 1565 00ee 15       		.uleb128 0x15
 1566 00ef 2E       		.uleb128 0x2e
 1567 00f0 01       		.byte	0x1
 1568 00f1 3F       		.uleb128 0x3f
 1569 00f2 19       		.uleb128 0x19
 1570 00f3 03       		.uleb128 0x3
 1571 00f4 0E       		.uleb128 0xe
 1572 00f5 3A       		.uleb128 0x3a
 1573 00f6 0B       		.uleb128 0xb
 1574 00f7 3B       		.uleb128 0x3b
 1575 00f8 0B       		.uleb128 0xb
 1576 00f9 27       		.uleb128 0x27
 1577 00fa 19       		.uleb128 0x19
 1578 00fb 11       		.uleb128 0x11
 1579 00fc 01       		.uleb128 0x1
 1580 00fd 12       		.uleb128 0x12
 1581 00fe 06       		.uleb128 0x6
 1582 00ff 40       		.uleb128 0x40
 1583 0100 18       		.uleb128 0x18
 1584 0101 9742     		.uleb128 0x2117
 1585 0103 19       		.uleb128 0x19
 1586 0104 01       		.uleb128 0x1
 1587 0105 13       		.uleb128 0x13
 1588 0106 00       		.byte	0
 1589 0107 00       		.byte	0
 1590 0108 16       		.uleb128 0x16
 1591 0109 05       		.uleb128 0x5
 1592 010a 00       		.byte	0
 1593 010b 03       		.uleb128 0x3
 1594 010c 0E       		.uleb128 0xe
 1595 010d 3A       		.uleb128 0x3a
 1596 010e 0B       		.uleb128 0xb
 1597 010f 3B       		.uleb128 0x3b
 1598 0110 0B       		.uleb128 0xb
 1599 0111 49       		.uleb128 0x49
 1600 0112 13       		.uleb128 0x13
 1601 0113 02       		.uleb128 0x2
 1602 0114 17       		.uleb128 0x17
 1603 0115 00       		.byte	0
 1604 0116 00       		.byte	0
 1605 0117 17       		.uleb128 0x17
 1606 0118 1D       		.uleb128 0x1d
 1607 0119 01       		.byte	0x1
 1608 011a 31       		.uleb128 0x31
 1609 011b 13       		.uleb128 0x13
 1610 011c 11       		.uleb128 0x11
ARM GAS  C:\Users\91819\AppData\Local\Temp\cc0Yrypa.s 			page 46


 1611 011d 01       		.uleb128 0x1
 1612 011e 12       		.uleb128 0x12
 1613 011f 06       		.uleb128 0x6
 1614 0120 58       		.uleb128 0x58
 1615 0121 0B       		.uleb128 0xb
 1616 0122 59       		.uleb128 0x59
 1617 0123 0B       		.uleb128 0xb
 1618 0124 01       		.uleb128 0x1
 1619 0125 13       		.uleb128 0x13
 1620 0126 00       		.byte	0
 1621 0127 00       		.byte	0
 1622 0128 18       		.uleb128 0x18
 1623 0129 05       		.uleb128 0x5
 1624 012a 00       		.byte	0
 1625 012b 31       		.uleb128 0x31
 1626 012c 13       		.uleb128 0x13
 1627 012d 02       		.uleb128 0x2
 1628 012e 17       		.uleb128 0x17
 1629 012f 00       		.byte	0
 1630 0130 00       		.byte	0
 1631 0131 19       		.uleb128 0x19
 1632 0132 1D       		.uleb128 0x1d
 1633 0133 01       		.byte	0x1
 1634 0134 31       		.uleb128 0x31
 1635 0135 13       		.uleb128 0x13
 1636 0136 11       		.uleb128 0x11
 1637 0137 01       		.uleb128 0x1
 1638 0138 12       		.uleb128 0x12
 1639 0139 06       		.uleb128 0x6
 1640 013a 58       		.uleb128 0x58
 1641 013b 0B       		.uleb128 0xb
 1642 013c 59       		.uleb128 0x59
 1643 013d 0B       		.uleb128 0xb
 1644 013e 00       		.byte	0
 1645 013f 00       		.byte	0
 1646 0140 1A       		.uleb128 0x1a
 1647 0141 34       		.uleb128 0x34
 1648 0142 00       		.byte	0
 1649 0143 03       		.uleb128 0x3
 1650 0144 0E       		.uleb128 0xe
 1651 0145 3A       		.uleb128 0x3a
 1652 0146 0B       		.uleb128 0xb
 1653 0147 3B       		.uleb128 0x3b
 1654 0148 0B       		.uleb128 0xb
 1655 0149 49       		.uleb128 0x49
 1656 014a 13       		.uleb128 0x13
 1657 014b 02       		.uleb128 0x2
 1658 014c 18       		.uleb128 0x18
 1659 014d 00       		.byte	0
 1660 014e 00       		.byte	0
 1661 014f 1B       		.uleb128 0x1b
 1662 0150 34       		.uleb128 0x34
 1663 0151 00       		.byte	0
 1664 0152 03       		.uleb128 0x3
 1665 0153 0E       		.uleb128 0xe
 1666 0154 3A       		.uleb128 0x3a
 1667 0155 0B       		.uleb128 0xb
ARM GAS  C:\Users\91819\AppData\Local\Temp\cc0Yrypa.s 			page 47


 1668 0156 3B       		.uleb128 0x3b
 1669 0157 0B       		.uleb128 0xb
 1670 0158 49       		.uleb128 0x49
 1671 0159 13       		.uleb128 0x13
 1672 015a 3F       		.uleb128 0x3f
 1673 015b 19       		.uleb128 0x19
 1674 015c 3C       		.uleb128 0x3c
 1675 015d 19       		.uleb128 0x19
 1676 015e 00       		.byte	0
 1677 015f 00       		.byte	0
 1678 0160 1C       		.uleb128 0x1c
 1679 0161 34       		.uleb128 0x34
 1680 0162 00       		.byte	0
 1681 0163 03       		.uleb128 0x3
 1682 0164 0E       		.uleb128 0xe
 1683 0165 3A       		.uleb128 0x3a
 1684 0166 0B       		.uleb128 0xb
 1685 0167 3B       		.uleb128 0x3b
 1686 0168 05       		.uleb128 0x5
 1687 0169 49       		.uleb128 0x49
 1688 016a 13       		.uleb128 0x13
 1689 016b 3F       		.uleb128 0x3f
 1690 016c 19       		.uleb128 0x19
 1691 016d 3C       		.uleb128 0x3c
 1692 016e 19       		.uleb128 0x19
 1693 016f 00       		.byte	0
 1694 0170 00       		.byte	0
 1695 0171 1D       		.uleb128 0x1d
 1696 0172 35       		.uleb128 0x35
 1697 0173 00       		.byte	0
 1698 0174 49       		.uleb128 0x49
 1699 0175 13       		.uleb128 0x13
 1700 0176 00       		.byte	0
 1701 0177 00       		.byte	0
 1702 0178 1E       		.uleb128 0x1e
 1703 0179 34       		.uleb128 0x34
 1704 017a 00       		.byte	0
 1705 017b 03       		.uleb128 0x3
 1706 017c 0E       		.uleb128 0xe
 1707 017d 3A       		.uleb128 0x3a
 1708 017e 0B       		.uleb128 0xb
 1709 017f 3B       		.uleb128 0x3b
 1710 0180 0B       		.uleb128 0xb
 1711 0181 49       		.uleb128 0x49
 1712 0182 13       		.uleb128 0x13
 1713 0183 3F       		.uleb128 0x3f
 1714 0184 19       		.uleb128 0x19
 1715 0185 02       		.uleb128 0x2
 1716 0186 18       		.uleb128 0x18
 1717 0187 00       		.byte	0
 1718 0188 00       		.byte	0
 1719 0189 1F       		.uleb128 0x1f
 1720 018a 21       		.uleb128 0x21
 1721 018b 00       		.byte	0
 1722 018c 49       		.uleb128 0x49
 1723 018d 13       		.uleb128 0x13
 1724 018e 2F       		.uleb128 0x2f
ARM GAS  C:\Users\91819\AppData\Local\Temp\cc0Yrypa.s 			page 48


 1725 018f 0B       		.uleb128 0xb
 1726 0190 00       		.byte	0
 1727 0191 00       		.byte	0
 1728 0192 00       		.byte	0
 1729              		.section	.debug_loc,"",%progbits
 1730              	.Ldebug_loc0:
 1731              	.LLST0:
 1732 0000 00000000 		.4byte	.LVL0
 1733 0004 36000000 		.4byte	.LVL4
 1734 0008 0100     		.2byte	0x1
 1735 000a 50       		.byte	0x50
 1736 000b 36000000 		.4byte	.LVL4
 1737 000f 48000000 		.4byte	.LFE140
 1738 0013 0400     		.2byte	0x4
 1739 0015 F3       		.byte	0xf3
 1740 0016 01       		.uleb128 0x1
 1741 0017 50       		.byte	0x50
 1742 0018 9F       		.byte	0x9f
 1743 0019 00000000 		.4byte	0
 1744 001d 00000000 		.4byte	0
 1745              	.LLST1:
 1746 0021 00000000 		.4byte	.LVL0
 1747 0025 10000000 		.4byte	.LVL1
 1748 0029 0100     		.2byte	0x1
 1749 002b 50       		.byte	0x50
 1750 002c 00000000 		.4byte	0
 1751 0030 00000000 		.4byte	0
 1752              	.LLST2:
 1753 0034 00000000 		.4byte	.LVL0
 1754 0038 10000000 		.4byte	.LVL1
 1755 003c 0600     		.2byte	0x6
 1756 003e 03       		.byte	0x3
 1757 003f 00000000 		.4byte	SO_JOYSTICK_signal
 1758 0043 9F       		.byte	0x9f
 1759 0044 00000000 		.4byte	0
 1760 0048 00000000 		.4byte	0
 1761              	.LLST3:
 1762 004c 10000000 		.4byte	.LVL1
 1763 0050 20000000 		.4byte	.LVL2
 1764 0054 0100     		.2byte	0x1
 1765 0056 50       		.byte	0x50
 1766 0057 00000000 		.4byte	0
 1767 005b 00000000 		.4byte	0
 1768              	.LLST4:
 1769 005f 10000000 		.4byte	.LVL1
 1770 0063 20000000 		.4byte	.LVL2
 1771 0067 0600     		.2byte	0x6
 1772 0069 03       		.byte	0x3
 1773 006a 00000000 		.4byte	SO_SPEED_signal
 1774 006e 9F       		.byte	0x9f
 1775 006f 00000000 		.4byte	0
 1776 0073 00000000 		.4byte	0
 1777              	.LLST5:
 1778 0077 20000000 		.4byte	.LVL2
 1779 007b 30000000 		.4byte	.LVL3
 1780 007f 0100     		.2byte	0x1
 1781 0081 50       		.byte	0x50
ARM GAS  C:\Users\91819\AppData\Local\Temp\cc0Yrypa.s 			page 49


 1782 0082 00000000 		.4byte	0
 1783 0086 00000000 		.4byte	0
 1784              	.LLST6:
 1785 008a 20000000 		.4byte	.LVL2
 1786 008e 30000000 		.4byte	.LVL3
 1787 0092 0600     		.2byte	0x6
 1788 0094 03       		.byte	0x3
 1789 0095 00000000 		.4byte	SO_ENGINE_signal
 1790 0099 9F       		.byte	0x9f
 1791 009a 00000000 		.4byte	0
 1792 009e 00000000 		.4byte	0
 1793              	.LLST7:
 1794 00a2 30000000 		.4byte	.LVL3
 1795 00a6 36000000 		.4byte	.LVL4
 1796 00aa 0100     		.2byte	0x1
 1797 00ac 50       		.byte	0x50
 1798 00ad 36000000 		.4byte	.LVL4
 1799 00b1 40000000 		.4byte	.LVL5
 1800 00b5 0400     		.2byte	0x4
 1801 00b7 F3       		.byte	0xf3
 1802 00b8 01       		.uleb128 0x1
 1803 00b9 50       		.byte	0x50
 1804 00ba 9F       		.byte	0x9f
 1805 00bb 00000000 		.4byte	0
 1806 00bf 00000000 		.4byte	0
 1807              	.LLST8:
 1808 00c3 30000000 		.4byte	.LVL3
 1809 00c7 40000000 		.4byte	.LVL5
 1810 00cb 0600     		.2byte	0x6
 1811 00cd 03       		.byte	0x3
 1812 00ce 00000000 		.4byte	SO_BRAKELIGHT_signal
 1813 00d2 9F       		.byte	0x9f
 1814 00d3 00000000 		.4byte	0
 1815 00d7 00000000 		.4byte	0
 1816              		.section	.debug_aranges,"",%progbits
 1817 0000 1C000000 		.4byte	0x1c
 1818 0004 0200     		.2byte	0x2
 1819 0006 00000000 		.4byte	.Ldebug_info0
 1820 000a 04       		.byte	0x4
 1821 000b 00       		.byte	0
 1822 000c 0000     		.2byte	0
 1823 000e 0000     		.2byte	0
 1824 0010 00000000 		.4byte	.LFB140
 1825 0014 48000000 		.4byte	.LFE140-.LFB140
 1826 0018 00000000 		.4byte	0
 1827 001c 00000000 		.4byte	0
 1828              		.section	.debug_ranges,"",%progbits
 1829              	.Ldebug_ranges0:
 1830 0000 00000000 		.4byte	.LFB140
 1831 0004 48000000 		.4byte	.LFE140
 1832 0008 00000000 		.4byte	0
 1833 000c 00000000 		.4byte	0
 1834              		.section	.debug_line,"",%progbits
 1835              	.Ldebug_line0:
 1836 0000 67030000 		.section	.debug_str,"MS",%progbits,1
 1836      02004103 
 1836      00000201 
ARM GAS  C:\Users\91819\AppData\Local\Temp\cc0Yrypa.s 			page 50


 1836      FB0E0D00 
 1836      01010101 
 1837              	.LASF115:
 1838 0000 534F5F53 		.ascii	"SO_SPEED_signal\000"
 1838      50454544 
 1838      5F736967 
 1838      6E616C00 
 1839              	.LASF49:
 1840 0010 52435F45 		.ascii	"RC_ERROR_NOT_MATCH\000"
 1840      52524F52 
 1840      5F4E4F54 
 1840      5F4D4154 
 1840      434800
 1841              	.LASF45:
 1842 0023 52435F45 		.ascii	"RC_ERROR_WRITE_ONLY\000"
 1842      52524F52 
 1842      5F575249 
 1842      54455F4F 
 1842      4E4C5900 
 1843              	.LASF114:
 1844 0037 534F5F4A 		.ascii	"SO_JOYSTICK_signal\000"
 1844      4F595354 
 1844      49434B5F 
 1844      7369676E 
 1844      616C00
 1845              	.LASF26:
 1846 004a 4576656E 		.ascii	"EventMaskType\000"
 1846      744D6173 
 1846      6B547970 
 1846      6500
 1847              	.LASF99:
 1848 0058 7369676E 		.ascii	"signal\000"
 1848      616C00
 1849              	.LASF106:
 1850 005f 534F5F45 		.ascii	"SO_ENGINE_cfg\000"
 1850      4E47494E 
 1850      455F6366 
 1850      6700
 1851              	.LASF100:
 1852 006d 696E6372 		.ascii	"increment\000"
 1852      656D656E 
 1852      7400
 1853              	.LASF11:
 1854 0077 756E7369 		.ascii	"unsigned int\000"
 1854      676E6564 
 1854      20696E74 
 1854      00
 1855              	.LASF33:
 1856 0084 52435F45 		.ascii	"RC_ERROR_ZERO\000"
 1856      52524F52 
 1856      5F5A4552 
 1856      4F00
 1857              	.LASF101:
 1858 0092 5254455F 		.ascii	"RTE_SC_BRAKELIGHT_incAge\000"
 1858      53435F42 
 1858      52414B45 
 1858      4C494748 
ARM GAS  C:\Users\91819\AppData\Local\Temp\cc0Yrypa.s 			page 51


 1858      545F696E 
 1859              	.LASF119:
 1860 00ab 736F5F73 		.ascii	"so_speed_updTasks\000"
 1860      70656564 
 1860      5F757064 
 1860      5461736B 
 1860      7300
 1861              	.LASF5:
 1862 00bd 5F5F696E 		.ascii	"__int32_t\000"
 1862      7433325F 
 1862      7400
 1863              	.LASF32:
 1864 00c7 52435F45 		.ascii	"RC_ERROR_NULL\000"
 1864      52524F52 
 1864      5F4E554C 
 1864      4C00
 1865              	.LASF41:
 1866 00d5 52435F45 		.ascii	"RC_ERROR_TIME_OUT\000"
 1866      52524F52 
 1866      5F54494D 
 1866      455F4F55 
 1866      5400
 1867              	.LASF53:
 1868 00e7 52435F45 		.ascii	"RC_ERROR_INVALID_STATE\000"
 1868      52524F52 
 1868      5F494E56 
 1868      414C4944 
 1868      5F535441 
 1869              	.LASF23:
 1870 00fe 45455F46 		.ascii	"EE_FREG\000"
 1870      52454700 
 1871              	.LASF71:
 1872 0106 6F6E5570 		.ascii	"onUpdateTaskCount\000"
 1872      64617465 
 1872      5461736B 
 1872      436F756E 
 1872      7400
 1873              	.LASF14:
 1874 0118 75696E74 		.ascii	"uint32_t\000"
 1874      33325F74 
 1874      00
 1875              	.LASF31:
 1876 0121 52435F45 		.ascii	"RC_ERROR\000"
 1876      52524F52 
 1876      00
 1877              	.LASF48:
 1878 012a 52435F45 		.ascii	"RC_ERROR_WRITE_FAILS\000"
 1878      52524F52 
 1878      5F575249 
 1878      54455F46 
 1878      41494C53 
 1879              	.LASF15:
 1880 013f 666C6F61 		.ascii	"float\000"
 1880      7400
 1881              	.LASF107:
 1882 0145 534F5F42 		.ascii	"SO_BRAKELIGHT_cfg\000"
 1882      52414B45 
ARM GAS  C:\Users\91819\AppData\Local\Temp\cc0Yrypa.s 			page 52


 1882      4C494748 
 1882      545F6366 
 1882      6700
 1883              	.LASF42:
 1884 0157 52435F45 		.ascii	"RC_ERROR_OPEN\000"
 1884      52524F52 
 1884      5F4F5045 
 1884      4E00
 1885              	.LASF10:
 1886 0165 6C6F6E67 		.ascii	"long long unsigned int\000"
 1886      206C6F6E 
 1886      6720756E 
 1886      7369676E 
 1886      65642069 
 1887              	.LASF95:
 1888 017c 53435F42 		.ascii	"SC_BRAKELIGHT_cfg_s\000"
 1888      52414B45 
 1888      4C494748 
 1888      545F6366 
 1888      675F7300 
 1889              	.LASF25:
 1890 0190 5461736B 		.ascii	"TaskType\000"
 1890      54797065 
 1890      00
 1891              	.LASF58:
 1892 0199 5265736F 		.ascii	"ResourceType\000"
 1892      75726365 
 1892      54797065 
 1892      00
 1893              	.LASF104:
 1894 01a6 534F5F4A 		.ascii	"SO_JOYSTICK_cfg\000"
 1894      4F595354 
 1894      49434B5F 
 1894      63666700 
 1895              	.LASF24:
 1896 01b6 45455F54 		.ascii	"EE_TID\000"
 1896      494400
 1897              	.LASF80:
 1898 01bd 76616C75 		.ascii	"value\000"
 1898      6500
 1899              	.LASF110:
 1900 01c3 45455F41 		.ascii	"EE_ApplicationMode\000"
 1900      70706C69 
 1900      63617469 
 1900      6F6E4D6F 
 1900      646500
 1901              	.LASF120:
 1902 01d6 474E5520 		.ascii	"GNU C11 5.4.1 20160609 (release) [ARM/embedded-5-br"
 1902      43313120 
 1902      352E342E 
 1902      31203230 
 1902      31363036 
 1903 0209 616E6368 		.ascii	"anch revision 237715] -mcpu=cortex-m3 -mthumb -g -O"
 1903      20726576 
 1903      6973696F 
 1903      6E203233 
 1903      37373135 
ARM GAS  C:\Users\91819\AppData\Local\Temp\cc0Yrypa.s 			page 53


 1904 023c 67202D66 		.ascii	"g -ffunction-sections -ffat-lto-objects\000"
 1904      66756E63 
 1904      74696F6E 
 1904      2D736563 
 1904      74696F6E 
 1905              	.LASF18:
 1906 0264 73697A65 		.ascii	"size_t\000"
 1906      5F7400
 1907              	.LASF28:
 1908 026b 73696E74 		.ascii	"sint8_t\000"
 1908      385F7400 
 1909              	.LASF78:
 1910 0273 53435F4A 		.ascii	"SC_JOYSTICK_cfg_s\000"
 1910      4F595354 
 1910      49434B5F 
 1910      6366675F 
 1910      7300
 1911              	.LASF77:
 1912 0285 53435F4A 		.ascii	"SC_JOYSTICK_cfg_t\000"
 1912      4F595354 
 1912      49434B5F 
 1912      6366675F 
 1912      7400
 1913              	.LASF88:
 1914 0297 53435F53 		.ascii	"SC_SPEED_cfg_s\000"
 1914      50454544 
 1914      5F636667 
 1914      5F7300
 1915              	.LASF76:
 1916 02a6 7265736F 		.ascii	"resource\000"
 1916      75726365 
 1916      00
 1917              	.LASF75:
 1918 02af 7265736F 		.ascii	"resourceActive\000"
 1918      75726365 
 1918      41637469 
 1918      766500
 1919              	.LASF82:
 1920 02be 70536967 		.ascii	"pSigCfg\000"
 1920      43666700 
 1921              	.LASF85:
 1922 02c6 53435F53 		.ascii	"SC_SPEED_data_t\000"
 1922      50454544 
 1922      5F646174 
 1922      615F7400 
 1923              	.LASF17:
 1924 02d6 63686172 		.ascii	"char\000"
 1924      00
 1925              	.LASF30:
 1926 02db 52435F53 		.ascii	"RC_SUCCESS\000"
 1926      55434345 
 1926      535300
 1927              	.LASF29:
 1928 02e6 626F6F6C 		.ascii	"boolean_t\000"
 1928      65616E5F 
 1928      7400
 1929              	.LASF90:
ARM GAS  C:\Users\91819\AppData\Local\Temp\cc0Yrypa.s 			page 54


 1930 02f0 53435F53 		.ascii	"SC_SPEED_s\000"
 1930      50454544 
 1930      5F7300
 1931              	.LASF91:
 1932 02fb 53435F53 		.ascii	"SC_SPEED_t\000"
 1932      50454544 
 1932      5F7400
 1933              	.LASF103:
 1934 0306 5254455F 		.ascii	"RTE_SC_JOYSTICK_incAge\000"
 1934      53435F4A 
 1934      4F595354 
 1934      49434B5F 
 1934      696E6341 
 1935              	.LASF69:
 1936 031d 65764F6E 		.ascii	"evOnUpdate\000"
 1936      55706461 
 1936      746500
 1937              	.LASF51:
 1938 0328 52435F45 		.ascii	"RC_ERROR_BAD_DATA\000"
 1938      52524F52 
 1938      5F424144 
 1938      5F444154 
 1938      4100
 1939              	.LASF12:
 1940 033a 75696E74 		.ascii	"uint8_t\000"
 1940      385F7400 
 1941              	.LASF81:
 1942 0342 73746174 		.ascii	"status\000"
 1942      757300
 1943              	.LASF83:
 1944 0349 53435F4A 		.ascii	"SC_JOYSTICK_t\000"
 1944      4F595354 
 1944      49434B5F 
 1944      7400
 1945              	.LASF94:
 1946 0357 53435F42 		.ascii	"SC_BRAKELIGHT_driverOut_t\000"
 1946      52414B45 
 1946      4C494748 
 1946      545F6472 
 1946      69766572 
 1947              	.LASF93:
 1948 0371 53435F42 		.ascii	"SC_BRAKELIGHT_driverIn_t\000"
 1948      52414B45 
 1948      4C494748 
 1948      545F6472 
 1948      69766572 
 1949              	.LASF9:
 1950 038a 6C6F6E67 		.ascii	"long long int\000"
 1950      206C6F6E 
 1950      6720696E 
 1950      7400
 1951              	.LASF67:
 1952 0398 696E4472 		.ascii	"inDriver\000"
 1952      69766572 
 1952      00
 1953              	.LASF79:
 1954 03a1 53435F4A 		.ascii	"SC_JOYSTICK_s\000"
ARM GAS  C:\Users\91819\AppData\Local\Temp\cc0Yrypa.s 			page 55


 1954      4F595354 
 1954      49434B5F 
 1954      7300
 1955              	.LASF73:
 1956 03af 6F6E4572 		.ascii	"onErrorTaskCount\000"
 1956      726F7254 
 1956      61736B43 
 1956      6F756E74 
 1956      00
 1957              	.LASF52:
 1958 03c0 52435F45 		.ascii	"RC_ERROR_CANCELED\000"
 1958      52524F52 
 1958      5F43414E 
 1958      43454C45 
 1958      4400
 1959              	.LASF121:
 1960 03d2 736F7572 		.ascii	"source\\rte\\sp_common.c\000"
 1960      63655C72 
 1960      74655C73 
 1960      705F636F 
 1960      6D6D6F6E 
 1961              	.LASF66:
 1962 03e9 53435F4A 		.ascii	"SC_JOYSTICK_driverOut_t\000"
 1962      4F595354 
 1962      49434B5F 
 1962      64726976 
 1962      65724F75 
 1963              	.LASF65:
 1964 0401 53435F4A 		.ascii	"SC_JOYSTICK_driverIn_t\000"
 1964      4F595354 
 1964      49434B5F 
 1964      64726976 
 1964      6572496E 
 1965              	.LASF37:
 1966 0418 52435F45 		.ascii	"RC_ERROR_UNDERRUN\000"
 1966      52524F52 
 1966      5F554E44 
 1966      45525255 
 1966      4E00
 1967              	.LASF34:
 1968 042a 52435F45 		.ascii	"RC_ERROR_MEMORY\000"
 1968      52524F52 
 1968      5F4D454D 
 1968      4F525900 
 1969              	.LASF68:
 1970 043a 6F757444 		.ascii	"outDriver\000"
 1970      72697665 
 1970      7200
 1971              	.LASF38:
 1972 0444 52435F45 		.ascii	"RC_ERROR_BUFFER_FULL\000"
 1972      52524F52 
 1972      5F425546 
 1972      4645525F 
 1972      46554C4C 
 1973              	.LASF19:
 1974 0459 6C6F6E67 		.ascii	"long double\000"
 1974      20646F75 
ARM GAS  C:\Users\91819\AppData\Local\Temp\cc0Yrypa.s 			page 56


 1974      626C6500 
 1975              	.LASF62:
 1976 0465 5254455F 		.ascii	"RTE_SIGNALSTATUS_INVALID\000"
 1976      5349474E 
 1976      414C5354 
 1976      41545553 
 1976      5F494E56 
 1977              	.LASF124:
 1978 047e 7469636B 		.ascii	"tick\000"
 1978      00
 1979              	.LASF92:
 1980 0483 53435F42 		.ascii	"SC_BRAKELIGHT_data_t\000"
 1980      52414B45 
 1980      4C494748 
 1980      545F6461 
 1980      74615F74 
 1981              	.LASF21:
 1982 0498 45455F55 		.ascii	"EE_UINT32\000"
 1982      494E5433 
 1982      3200
 1983              	.LASF44:
 1984 04a2 52435F45 		.ascii	"RC_ERROR_READ_ONLY\000"
 1984      52524F52 
 1984      5F524541 
 1984      445F4F4E 
 1984      4C5900
 1985              	.LASF40:
 1986 04b5 52435F45 		.ascii	"RC_ERROR_BUSY\000"
 1986      52524F52 
 1986      5F425553 
 1986      5900
 1987              	.LASF50:
 1988 04c3 52435F45 		.ascii	"RC_ERROR_BAD_PARAM\000"
 1988      52524F52 
 1988      5F424144 
 1988      5F504152 
 1988      414D00
 1989              	.LASF102:
 1990 04d6 5254455F 		.ascii	"RTE_SC_SPEED_incAge\000"
 1990      53435F53 
 1990      50454544 
 1990      5F696E63 
 1990      41676500 
 1991              	.LASF2:
 1992 04ea 73686F72 		.ascii	"short int\000"
 1992      7420696E 
 1992      7400
 1993              	.LASF6:
 1994 04f4 6C6F6E67 		.ascii	"long int\000"
 1994      20696E74 
 1994      00
 1995              	.LASF113:
 1996 04fd 49544D5F 		.ascii	"ITM_RxBuffer\000"
 1996      52784275 
 1996      66666572 
 1996      00
 1997              	.LASF105:
ARM GAS  C:\Users\91819\AppData\Local\Temp\cc0Yrypa.s 			page 57


 1998 050a 534F5F53 		.ascii	"SO_SPEED_cfg\000"
 1998      50454544 
 1998      5F636667 
 1998      00
 1999              	.LASF118:
 2000 0517 736F5F6A 		.ascii	"so_joystick_updTasks\000"
 2000      6F797374 
 2000      69636B5F 
 2000      75706454 
 2000      61736B73 
 2001              	.LASF55:
 2002 052c 52435F45 		.ascii	"RC_ERROR_NOT_IMPLEMENTED\000"
 2002      52524F52 
 2002      5F4E4F54 
 2002      5F494D50 
 2002      4C454D45 
 2003              	.LASF46:
 2004 0545 52435F45 		.ascii	"RC_ERROR_INVALID\000"
 2004      52524F52 
 2004      5F494E56 
 2004      414C4944 
 2004      00
 2005              	.LASF4:
 2006 0556 5F5F7569 		.ascii	"__uint8_t\000"
 2006      6E74385F 
 2006      7400
 2007              	.LASF96:
 2008 0560 53435F42 		.ascii	"SC_BRAKELIGHT_cfg_t\000"
 2008      52414B45 
 2008      4C494748 
 2008      545F6366 
 2008      675F7400 
 2009              	.LASF61:
 2010 0574 5254455F 		.ascii	"RTE_SIGNALSTATUS_VALID\000"
 2010      5349474E 
 2010      414C5354 
 2010      41545553 
 2010      5F56414C 
 2011              	.LASF112:
 2012 058b 45455F49 		.ascii	"EE_IRQ_nesting_level\000"
 2012      52515F6E 
 2012      65737469 
 2012      6E675F6C 
 2012      6576656C 
 2013              	.LASF47:
 2014 05a0 52435F45 		.ascii	"RC_ERROR_READ_FAILS\000"
 2014      52524F52 
 2014      5F524541 
 2014      445F4641 
 2014      494C5300 
 2015              	.LASF98:
 2016 05b4 53435F42 		.ascii	"SC_BRAKELIGHT_t\000"
 2016      52414B45 
 2016      4C494748 
 2016      545F7400 
 2017              	.LASF22:
 2018 05c4 45455F55 		.ascii	"EE_UREG\000"
ARM GAS  C:\Users\91819\AppData\Local\Temp\cc0Yrypa.s 			page 58


 2018      52454700 
 2019              	.LASF20:
 2020 05cc 45455F49 		.ascii	"EE_INT32\000"
 2020      4E543332 
 2020      00
 2021              	.LASF27:
 2022 05d5 73697A65 		.ascii	"sizetype\000"
 2022      74797065 
 2022      00
 2023              	.LASF89:
 2024 05de 53435F53 		.ascii	"SC_SPEED_cfg_t\000"
 2024      50454544 
 2024      5F636667 
 2024      5F7400
 2025              	.LASF97:
 2026 05ed 53435F42 		.ascii	"SC_BRAKELIGHT_s\000"
 2026      52414B45 
 2026      4C494748 
 2026      545F7300 
 2027              	.LASF8:
 2028 05fd 6C6F6E67 		.ascii	"long unsigned int\000"
 2028      20756E73 
 2028      69676E65 
 2028      6420696E 
 2028      7400
 2029              	.LASF57:
 2030 060f 5461736B 		.ascii	"TaskTypeArray\000"
 2030      54797065 
 2030      41727261 
 2030      7900
 2031              	.LASF56:
 2032 061d 52435F74 		.ascii	"RC_t\000"
 2032      00
 2033              	.LASF13:
 2034 0622 696E7433 		.ascii	"int32_t\000"
 2034      325F7400 
 2035              	.LASF122:
 2036 062a 433A5C55 		.ascii	"C:\\Users\\91819\\Documents\\HDA_Sem2\\EAA\\Assignm"
 2036      73657273 
 2036      5C393138 
 2036      31395C44 
 2036      6F63756D 
 2037 0657 656E7473 		.ascii	"ents\\Assignment1_RTE\\autosar_01.cydsn (2)\\autosa"
 2037      5C417373 
 2037      69676E6D 
 2037      656E7431 
 2037      5F525445 
 2038 0687 725F3031 		.ascii	"r_01.cydsn\000"
 2038      2E637964 
 2038      736E00
 2039              	.LASF116:
 2040 0692 534F5F45 		.ascii	"SO_ENGINE_signal\000"
 2040      4E47494E 
 2040      455F7369 
 2040      676E616C 
 2040      00
 2041              	.LASF36:
ARM GAS  C:\Users\91819\AppData\Local\Temp\cc0Yrypa.s 			page 59


 2042 06a3 52435F45 		.ascii	"RC_ERROR_OVERRUN\000"
 2042      52524F52 
 2042      5F4F5645 
 2042      5252554E 
 2042      00
 2043              	.LASF1:
 2044 06b4 756E7369 		.ascii	"unsigned char\000"
 2044      676E6564 
 2044      20636861 
 2044      7200
 2045              	.LASF7:
 2046 06c2 5F5F7569 		.ascii	"__uint32_t\000"
 2046      6E743332 
 2046      5F7400
 2047              	.LASF70:
 2048 06cd 65764F6E 		.ascii	"evOnError\000"
 2048      4572726F 
 2048      7200
 2049              	.LASF72:
 2050 06d7 6F6E5570 		.ascii	"onUpdateTasks\000"
 2050      64617465 
 2050      5461736B 
 2050      7300
 2051              	.LASF39:
 2052 06e5 52435F45 		.ascii	"RC_ERROR_BUFFER_EMTPY\000"
 2052      52524F52 
 2052      5F425546 
 2052      4645525F 
 2052      454D5450 
 2053              	.LASF111:
 2054 06fb 45455F73 		.ascii	"EE_std_endcycle_next_tid\000"
 2054      74645F65 
 2054      6E646379 
 2054      636C655F 
 2054      6E657874 
 2055              	.LASF54:
 2056 0714 52435F45 		.ascii	"RC_ERROR_UNKNOWN\000"
 2056      52524F52 
 2056      5F554E4B 
 2056      4E4F574E 
 2056      00
 2057              	.LASF86:
 2058 0725 53435F53 		.ascii	"SC_SPEED_driverIn_t\000"
 2058      50454544 
 2058      5F647269 
 2058      76657249 
 2058      6E5F7400 
 2059              	.LASF123:
 2060 0739 5254455F 		.ascii	"RTE_timertick_sp_common_tick\000"
 2060      74696D65 
 2060      72746963 
 2060      6B5F7370 
 2060      5F636F6D 
 2061              	.LASF109:
 2062 0756 45455F6F 		.ascii	"EE_oo_IRQ_suspend_status\000"
 2062      6F5F4952 
 2062      515F7375 
ARM GAS  C:\Users\91819\AppData\Local\Temp\cc0Yrypa.s 			page 60


 2062      7370656E 
 2062      645F7374 
 2063              	.LASF43:
 2064 076f 52435F45 		.ascii	"RC_ERROR_CHECKSUM\000"
 2064      52524F52 
 2064      5F434845 
 2064      434B5355 
 2064      4D00
 2065              	.LASF108:
 2066 0781 45455F6F 		.ascii	"EE_oo_IRQ_disable_count\000"
 2066      6F5F4952 
 2066      515F6469 
 2066      7361626C 
 2066      655F636F 
 2067              	.LASF74:
 2068 0799 6F6E4572 		.ascii	"onErrorTasks\000"
 2068      726F7254 
 2068      61736B73 
 2068      00
 2069              	.LASF87:
 2070 07a6 53435F53 		.ascii	"SC_SPEED_driverOut_t\000"
 2070      50454544 
 2070      5F647269 
 2070      7665724F 
 2070      75745F74 
 2071              	.LASF0:
 2072 07bb 7369676E 		.ascii	"signed char\000"
 2072      65642063 
 2072      68617200 
 2073              	.LASF3:
 2074 07c7 73686F72 		.ascii	"short unsigned int\000"
 2074      7420756E 
 2074      7369676E 
 2074      65642069 
 2074      6E7400
 2075              	.LASF60:
 2076 07da 5254455F 		.ascii	"RTE_SIGNALSTATUS_INITIALIZED\000"
 2076      5349474E 
 2076      414C5354 
 2076      41545553 
 2076      5F494E49 
 2077              	.LASF16:
 2078 07f7 646F7562 		.ascii	"double\000"
 2078      6C6500
 2079              	.LASF64:
 2080 07fe 53435F4A 		.ascii	"SC_JOYSTICK_data_t\000"
 2080      4F595354 
 2080      49434B5F 
 2080      64617461 
 2080      5F7400
 2081              	.LASF84:
 2082 0811 6D795370 		.ascii	"mySpeed\000"
 2082      65656400 
 2083              	.LASF117:
 2084 0819 534F5F42 		.ascii	"SO_BRAKELIGHT_signal\000"
 2084      52414B45 
 2084      4C494748 
ARM GAS  C:\Users\91819\AppData\Local\Temp\cc0Yrypa.s 			page 61


 2084      545F7369 
 2084      676E616C 
 2085              	.LASF63:
 2086 082e 5254455F 		.ascii	"RTE_signalStatus_t\000"
 2086      7369676E 
 2086      616C5374 
 2086      61747573 
 2086      5F7400
 2087              	.LASF59:
 2088 0841 5254455F 		.ascii	"RTE_SIGNALSTATUS_STARTUP\000"
 2088      5349474E 
 2088      414C5354 
 2088      41545553 
 2088      5F535441 
 2089              	.LASF35:
 2090 085a 52435F45 		.ascii	"RC_ERROR_RANGE\000"
 2090      52524F52 
 2090      5F52414E 
 2090      474500
 2091              		.ident	"GCC: (GNU Tools for ARM Embedded Processors) 5.4.1 20160609 (release) [ARM/embedded-5-bran
