ARM GAS  C:\Users\91819\AppData\Local\Temp\ccj8CrqO.s 			page 1


   1              		.syntax unified
   2              		.cpu cortex-m3
   3              		.fpu softvfp
   4              		.eabi_attribute 20, 1
   5              		.eabi_attribute 21, 1
   6              		.eabi_attribute 23, 3
   7              		.eabi_attribute 24, 1
   8              		.eabi_attribute 25, 1
   9              		.eabi_attribute 26, 1
  10              		.eabi_attribute 30, 1
  11              		.eabi_attribute 34, 1
  12              		.eabi_attribute 18, 4
  13              		.thumb
  14              		.syntax unified
  15              		.file	"swc_remote.c"
  16              		.text
  17              	.Ltext0:
  18              		.cfi_sections	.debug_frame
  19              		.section	.text.REMOTE_readJoystick_run,"ax",%progbits
  20              		.align	2
  21              		.global	REMOTE_readJoystick_run
  22              		.thumb
  23              		.thumb_func
  24              		.type	REMOTE_readJoystick_run, %function
  25              	REMOTE_readJoystick_run:
  26              	.LFB140:
  27              		.file 1 "source\\asw\\swc_remote.c"
   1:source\asw/swc_remote.c **** 
   2:source\asw/swc_remote.c **** 
   3:source\asw/swc_remote.c **** /*
   4:source\asw/swc_remote.c ****  * Filename: swc_remote.c
   5:source\asw/swc_remote.c ****  *
   6:source\asw/swc_remote.c ****  * Author: Autogenerated by H-DA RTE Generator, (c) Prof. Fromm
   7:source\asw/swc_remote.c ****  */
   8:source\asw/swc_remote.c **** 
   9:source\asw/swc_remote.c **** #include "project.h"
  10:source\asw/swc_remote.c **** #include "global.h"
  11:source\asw/swc_remote.c **** #include "rte.h"
  12:source\asw/swc_remote.c **** #include "rte_types.h"
  13:source\asw/swc_remote.c **** #include "swc_remote.h"
  14:source\asw/swc_remote.c **** #include "watchdog.h"
  15:source\asw/swc_remote.c **** 
  16:source\asw/swc_remote.c **** 
  17:source\asw/swc_remote.c **** 
  18:source\asw/swc_remote.c **** /* USER CODE START SWC_REMOTE_INCLUDE */
  19:source\asw/swc_remote.c **** 
  20:source\asw/swc_remote.c **** /* USER CODE END SWC_REMOTE_INCLUDE */
  21:source\asw/swc_remote.c **** 
  22:source\asw/swc_remote.c **** 
  23:source\asw/swc_remote.c **** #include "sp_common.h"
  24:source\asw/swc_remote.c **** 
  25:source\asw/swc_remote.c **** /* USER CODE START SWC_REMOTE_USERDEFINITIONS */
  26:source\asw/swc_remote.c **** 
  27:source\asw/swc_remote.c **** /* USER CODE END SWC_REMOTE_USERDEFINITIONS */
  28:source\asw/swc_remote.c **** 
  29:source\asw/swc_remote.c **** 
  30:source\asw/swc_remote.c **** 
ARM GAS  C:\Users\91819\AppData\Local\Temp\ccj8CrqO.s 			page 2


  31:source\asw/swc_remote.c **** /*
  32:source\asw/swc_remote.c **** * component: swc_remote
  33:source\asw/swc_remote.c **** * cycletime: 500
  34:source\asw/swc_remote.c **** * description: Runnable
  35:source\asw/swc_remote.c **** * events: 
  36:source\asw/swc_remote.c **** * name: REMOTE_readJoystick_run
  37:source\asw/swc_remote.c **** * shortname: readJoystick
  38:source\asw/swc_remote.c **** * signalIN: 
  39:source\asw/swc_remote.c **** * signalOUT: so_joystick
  40:source\asw/swc_remote.c **** * task: tsk_io
  41:source\asw/swc_remote.c **** */
  42:source\asw/swc_remote.c **** void REMOTE_readJoystick_run(RTE_event ev){
  28              		.loc 1 42 0
  29              		.cfi_startproc
  30              		@ args = 0, pretend = 0, frame = 8
  31              		@ frame_needed = 0, uses_anonymous_args = 0
  32              	.LVL0:
  33 0000 30B5     		push	{r4, r5, lr}
  34              		.cfi_def_cfa_offset 12
  35              		.cfi_offset 4, -12
  36              		.cfi_offset 5, -8
  37              		.cfi_offset 14, -4
  38 0002 83B0     		sub	sp, sp, #12
  39              		.cfi_def_cfa_offset 24
  43:source\asw/swc_remote.c **** 	
  44:source\asw/swc_remote.c **** 	/* USER CODE START REMOTE_readJoystick_run */
  45:source\asw/swc_remote.c ****      //SC_JOYSTICK_data_t myJoystick = SC_JOYSTICK_INIT_DATA;
  46:source\asw/swc_remote.c ****     
  47:source\asw/swc_remote.c ****     WD_Alive(0);
  40              		.loc 1 47 0
  41 0004 0020     		movs	r0, #0
  42              	.LVL1:
  43 0006 FFF7FEFF 		bl	WD_Alive
  44              	.LVL2:
  45              	.LBB20:
  46              	.LBB21:
  47              		.file 2 ".\\source\\rte/sc_joystick.h"
   1:.\source\rte/sc_joystick.h **** 
   2:.\source\rte/sc_joystick.h **** 
   3:.\source\rte/sc_joystick.h **** /**
   4:.\source\rte/sc_joystick.h **** *  file    SC_JOYSTICK_signal.h
   5:.\source\rte/sc_joystick.h **** *
   6:.\source\rte/sc_joystick.h **** *  brief   signal base class for signal sc_joystick
   7:.\source\rte/sc_joystick.h **** *
   8:.\source\rte/sc_joystick.h **** *  author  Autogenerated, Peter Fromm       <peter.fromm@h-da.de>
   9:.\source\rte/sc_joystick.h **** *
  10:.\source\rte/sc_joystick.h **** *
  11:.\source\rte/sc_joystick.h **** */
  12:.\source\rte/sc_joystick.h **** 
  13:.\source\rte/sc_joystick.h **** /*
  14:.\source\rte/sc_joystick.h **** * description: Signalclass
  15:.\source\rte/sc_joystick.h **** * name: sc_joystick
  16:.\source\rte/sc_joystick.h **** * shortname: joystick
  17:.\source\rte/sc_joystick.h **** */
  18:.\source\rte/sc_joystick.h **** 
  19:.\source\rte/sc_joystick.h **** #ifndef SC_JOYSTICK_SIGNAL_H_INCLUDED
  20:.\source\rte/sc_joystick.h **** #define SC_JOYSTICK_SIGNAL_H_INCLUDED
ARM GAS  C:\Users\91819\AppData\Local\Temp\ccj8CrqO.s 			page 3


  21:.\source\rte/sc_joystick.h **** 
  22:.\source\rte/sc_joystick.h **** /*================================================[ public includes  ]=============================
  23:.\source\rte/sc_joystick.h **** #include "global.h"
  24:.\source\rte/sc_joystick.h **** #include "project.h"
  25:.\source\rte/sc_joystick.h **** #include "rte.h"
  26:.\source\rte/sc_joystick.h **** #include "rte_types.h"
  27:.\source\rte/sc_joystick.h **** 
  28:.\source\rte/sc_joystick.h **** #include "sc_joystick_type.h"
  29:.\source\rte/sc_joystick.h **** 
  30:.\source\rte/sc_joystick.h **** 
  31:.\source\rte/sc_joystick.h **** /**************************************************************************************************
  32:.\source\rte/sc_joystick.h **** /* The driver API block																						*/
  33:.\source\rte/sc_joystick.h **** /**************************************************************************************************
  34:.\source\rte/sc_joystick.h ****                                                                                                    
  35:.\source\rte/sc_joystick.h **** /**
  36:.\source\rte/sc_joystick.h ****  *  Definition of function types for driver interfaces.
  37:.\source\rte/sc_joystick.h ****  *  I-Port
  38:.\source\rte/sc_joystick.h ****  */
  39:.\source\rte/sc_joystick.h **** typedef RC_t (*SC_JOYSTICK_driverIn_t)(SC_JOYSTICK_data_t * const);
  40:.\source\rte/sc_joystick.h **** 
  41:.\source\rte/sc_joystick.h **** /**
  42:.\source\rte/sc_joystick.h ****  *  Definition of function types for driver interfaces.
  43:.\source\rte/sc_joystick.h ****  *  O-Port
  44:.\source\rte/sc_joystick.h ****  */
  45:.\source\rte/sc_joystick.h **** typedef RC_t (*SC_JOYSTICK_driverOut_t)( const SC_JOYSTICK_data_t * const);
  46:.\source\rte/sc_joystick.h **** 
  47:.\source\rte/sc_joystick.h **** 
  48:.\source\rte/sc_joystick.h **** /**************************************************************************************************
  49:.\source\rte/sc_joystick.h **** /* The signal configuration API block																				*/
  50:.\source\rte/sc_joystick.h **** /**************************************************************************************************
  51:.\source\rte/sc_joystick.h **** 
  52:.\source\rte/sc_joystick.h **** /**
  53:.\source\rte/sc_joystick.h ****  * Instances of the struct SC_JOYSTICK_cfg_t represent the signal object configuration.
  54:.\source\rte/sc_joystick.h ****  */
  55:.\source\rte/sc_joystick.h **** struct SC_JOYSTICK_cfg_s
  56:.\source\rte/sc_joystick.h **** {
  57:.\source\rte/sc_joystick.h ****     /**
  58:.\source\rte/sc_joystick.h ****      * Function pointer to the input driver
  59:.\source\rte/sc_joystick.h ****      */
  60:.\source\rte/sc_joystick.h ****     SC_JOYSTICK_driverIn_t const inDriver;
  61:.\source\rte/sc_joystick.h **** 
  62:.\source\rte/sc_joystick.h ****     /**
  63:.\source\rte/sc_joystick.h ****      * Function pointer to the output driver table
  64:.\source\rte/sc_joystick.h ****      */
  65:.\source\rte/sc_joystick.h ****    SC_JOYSTICK_driverOut_t const outDriver;
  66:.\source\rte/sc_joystick.h ****    
  67:.\source\rte/sc_joystick.h ****     /**
  68:.\source\rte/sc_joystick.h ****      * Event onUpdate
  69:.\source\rte/sc_joystick.h ****      */
  70:.\source\rte/sc_joystick.h ****     EventMaskType const evOnUpdate;
  71:.\source\rte/sc_joystick.h ****     
  72:.\source\rte/sc_joystick.h ****     
  73:.\source\rte/sc_joystick.h ****     /**
  74:.\source\rte/sc_joystick.h ****      * Event onError
  75:.\source\rte/sc_joystick.h ****      */
  76:.\source\rte/sc_joystick.h ****     EventMaskType const evOnError;
  77:.\source\rte/sc_joystick.h ****     
ARM GAS  C:\Users\91819\AppData\Local\Temp\ccj8CrqO.s 			page 4


  78:.\source\rte/sc_joystick.h ****     /**
  79:.\source\rte/sc_joystick.h ****      * Task Count onUpdate
  80:.\source\rte/sc_joystick.h ****      */
  81:.\source\rte/sc_joystick.h ****     size_t const onUpdateTaskCount;
  82:.\source\rte/sc_joystick.h **** 
  83:.\source\rte/sc_joystick.h ****     /**
  84:.\source\rte/sc_joystick.h ****      * Task List onUpdate
  85:.\source\rte/sc_joystick.h ****      */
  86:.\source\rte/sc_joystick.h ****     TaskTypeArray* const onUpdateTasks;
  87:.\source\rte/sc_joystick.h ****     
  88:.\source\rte/sc_joystick.h ****     /**
  89:.\source\rte/sc_joystick.h ****      * Task Count onError
  90:.\source\rte/sc_joystick.h ****      */
  91:.\source\rte/sc_joystick.h ****     size_t const onErrorTaskCount;
  92:.\source\rte/sc_joystick.h **** 
  93:.\source\rte/sc_joystick.h ****     /**
  94:.\source\rte/sc_joystick.h ****      * Task List onError
  95:.\source\rte/sc_joystick.h ****      */
  96:.\source\rte/sc_joystick.h ****     TaskTypeArray* const onErrorTasks;
  97:.\source\rte/sc_joystick.h **** 	
  98:.\source\rte/sc_joystick.h **** 	
  99:.\source\rte/sc_joystick.h **** 	/**
 100:.\source\rte/sc_joystick.h **** 	 * Ressourse is active? We need an additional boolean as a ressource value 0 is valid.
 101:.\source\rte/sc_joystick.h **** 	 */
 102:.\source\rte/sc_joystick.h **** 	 boolean_t const resourceActive;
 103:.\source\rte/sc_joystick.h **** 	 
 104:.\source\rte/sc_joystick.h **** 	/**
 105:.\source\rte/sc_joystick.h **** 	 * Ressourse 
 106:.\source\rte/sc_joystick.h **** 	 */
 107:.\source\rte/sc_joystick.h **** 	 ResourceType const resource;
 108:.\source\rte/sc_joystick.h **** 
 109:.\source\rte/sc_joystick.h **** };                                                                                                 
 110:.\source\rte/sc_joystick.h **** typedef const struct SC_JOYSTICK_cfg_s SC_JOYSTICK_cfg_t;
 111:.\source\rte/sc_joystick.h ****                               
 112:.\source\rte/sc_joystick.h **** /**************************************************************************************************
 113:.\source\rte/sc_joystick.h **** /* The data interface block																							*/
 114:.\source\rte/sc_joystick.h **** /**************************************************************************************************
 115:.\source\rte/sc_joystick.h **** 
 116:.\source\rte/sc_joystick.h ****                                                                                                    
 117:.\source\rte/sc_joystick.h **** 							  
 118:.\source\rte/sc_joystick.h **** /**
 119:.\source\rte/sc_joystick.h ****  * Instances of the struct SC_JOYSTICK_t represent the signal objects.
 120:.\source\rte/sc_joystick.h ****  * A signal object contains the current application value 'value' as well as relevant meta data.
 121:.\source\rte/sc_joystick.h ****  */
 122:.\source\rte/sc_joystick.h **** struct SC_JOYSTICK_s
 123:.\source\rte/sc_joystick.h **** {                                                                                                  
 124:.\source\rte/sc_joystick.h **** 
 125:.\source\rte/sc_joystick.h **** 	/**
 126:.\source\rte/sc_joystick.h **** 	 * Data buffer for the application value
 127:.\source\rte/sc_joystick.h **** 	 */
 128:.\source\rte/sc_joystick.h ****     SC_JOYSTICK_data_t value;
 129:.\source\rte/sc_joystick.h **** 
 130:.\source\rte/sc_joystick.h ****     /**
 131:.\source\rte/sc_joystick.h ****      * Current signal status
 132:.\source\rte/sc_joystick.h ****      */
 133:.\source\rte/sc_joystick.h ****     RTE_signalStatus_t status;
 134:.\source\rte/sc_joystick.h **** 
ARM GAS  C:\Users\91819\AppData\Local\Temp\ccj8CrqO.s 			page 5


 135:.\source\rte/sc_joystick.h ****     /**
 136:.\source\rte/sc_joystick.h ****      * Current age of the signal (in calling cycles)
 137:.\source\rte/sc_joystick.h ****      */
 138:.\source\rte/sc_joystick.h ****     uint32_t age;
 139:.\source\rte/sc_joystick.h **** 
 140:.\source\rte/sc_joystick.h ****     /**
 141:.\source\rte/sc_joystick.h ****      * Pointer to the signal configuration
 142:.\source\rte/sc_joystick.h ****      */
 143:.\source\rte/sc_joystick.h **** 	const SC_JOYSTICK_cfg_t * const    pSigCfg;
 144:.\source\rte/sc_joystick.h **** 
 145:.\source\rte/sc_joystick.h **** };                                                                                                 
 146:.\source\rte/sc_joystick.h **** typedef struct SC_JOYSTICK_s SC_JOYSTICK_t;
 147:.\source\rte/sc_joystick.h **** 
 148:.\source\rte/sc_joystick.h **** /**************************************************************************************************
 149:.\source\rte/sc_joystick.h **** /* Signal initialisation   																							*/
 150:.\source\rte/sc_joystick.h **** /**************************************************************************************************
 151:.\source\rte/sc_joystick.h **** 
 152:.\source\rte/sc_joystick.h **** /**
 153:.\source\rte/sc_joystick.h ****  * Initializes a signal instance with a passed init value.
 154:.\source\rte/sc_joystick.h ****  * Depending on the configured conversion or scaling function the raw_value will be calculated.
 155:.\source\rte/sc_joystick.h ****  * Signal status will change from RTE_SIGNALSTATUS_STARTUP to RTE_SIGNALSTATUS_INITIALIZED.
 156:.\source\rte/sc_joystick.h ****  *
 157:.\source\rte/sc_joystick.h ****  * @param  SC_JOYSTICK_t * const signal: Pointer to the signal object which will be initialised
 158:.\source\rte/sc_joystick.h ****  * @param const sc_joystick_data_t * const value: Pointer to initial value of the application data
 159:.\source\rte/sc_joystick.h ****  * @return RC_t: standard return code, currently only RC_SUCCESS
 160:.\source\rte/sc_joystick.h ****  *
 161:.\source\rte/sc_joystick.h ****  **/
 162:.\source\rte/sc_joystick.h **** inline RC_t RTE_SC_JOYSTICK_init( SC_JOYSTICK_t * const signal, const SC_JOYSTICK_data_t * const va
 163:.\source\rte/sc_joystick.h **** {                                                                                                  
 164:.\source\rte/sc_joystick.h **** 
 165:.\source\rte/sc_joystick.h ****    RC_t ret = RC_SUCCESS;
 166:.\source\rte/sc_joystick.h **** 
 167:.\source\rte/sc_joystick.h ****    //Set value and raw value
 168:.\source\rte/sc_joystick.h ****    signal->value  = *value;
 169:.\source\rte/sc_joystick.h ****    signal->age    = 0;
 170:.\source\rte/sc_joystick.h ****    signal->status = RTE_SIGNALSTATUS_INITIALIZED;
 171:.\source\rte/sc_joystick.h **** 
 172:.\source\rte/sc_joystick.h ****    return ret;
 173:.\source\rte/sc_joystick.h **** }
 174:.\source\rte/sc_joystick.h **** 
 175:.\source\rte/sc_joystick.h **** /**************************************************************************************************
 176:.\source\rte/sc_joystick.h **** /* Status and timeout control																						*/
 177:.\source\rte/sc_joystick.h **** /**************************************************************************************************
 178:.\source\rte/sc_joystick.h **** 
 179:.\source\rte/sc_joystick.h **** /**
 180:.\source\rte/sc_joystick.h ****  *  Returns the current signal status of the passed signal instance.
 181:.\source\rte/sc_joystick.h ****  *
 182:.\source\rte/sc_joystick.h ****  * @param  SC_JOYSTICK_t * const signal: Pointer to the signal object
 183:.\source\rte/sc_joystick.h ****  * @return  sig_status_t: The current signal status
 184:.\source\rte/sc_joystick.h ****  *
 185:.\source\rte/sc_joystick.h ****  **/
 186:.\source\rte/sc_joystick.h **** inline RTE_signalStatus_t RTE_SC_JOYSTICK_getStatus( const SC_JOYSTICK_t * const signal )
 187:.\source\rte/sc_joystick.h **** {
 188:.\source\rte/sc_joystick.h ****    return signal->status;
 189:.\source\rte/sc_joystick.h **** }
 190:.\source\rte/sc_joystick.h **** 
 191:.\source\rte/sc_joystick.h **** 
ARM GAS  C:\Users\91819\AppData\Local\Temp\ccj8CrqO.s 			page 6


 192:.\source\rte/sc_joystick.h **** /**
 193:.\source\rte/sc_joystick.h ****  *  Sets a new signal status of the passed signal instance by passing the new status.
 194:.\source\rte/sc_joystick.h ****  *
 195:.\source\rte/sc_joystick.h ****  * @param  SC_JOYSTICK_t * const signal: Pointer to the signal object
 196:.\source\rte/sc_joystick.h ****  * @param  const sig_status_t status: New signal status
 197:.\source\rte/sc_joystick.h ****  * @return RC_t: standard return code, currently only RC_SUCCESS
 198:.\source\rte/sc_joystick.h ****  *
 199:.\source\rte/sc_joystick.h ****  */
 200:.\source\rte/sc_joystick.h **** inline RC_t RTE_SC_JOYSTICK_setStatus( SC_JOYSTICK_t * const signal, const RTE_signalStatus_t statu
 201:.\source\rte/sc_joystick.h **** {
 202:.\source\rte/sc_joystick.h ****    signal->status = status;
 203:.\source\rte/sc_joystick.h ****    size_t taskNum=0;
 204:.\source\rte/sc_joystick.h ****    
 205:.\source\rte/sc_joystick.h ****    //Fire error events in case of invalid state
 206:.\source\rte/sc_joystick.h ****    if (signal->status == RTE_SIGNALSTATUS_INVALID)
 207:.\source\rte/sc_joystick.h ****    {
 208:.\source\rte/sc_joystick.h **** 	    //Pointer to the Taskarray, containing the tasks receiving the onUpdate events
 209:.\source\rte/sc_joystick.h **** 		TaskTypeArray* pTaskArray = signal->pSigCfg->onErrorTasks;
 210:.\source\rte/sc_joystick.h **** 
 211:.\source\rte/sc_joystick.h **** 		if (NULL!=signal->pSigCfg->evOnError && NULL != pTaskArray){
 212:.\source\rte/sc_joystick.h **** 			for( taskNum=0 ; taskNum < signal->pSigCfg->onErrorTaskCount ;taskNum++){
 213:.\source\rte/sc_joystick.h **** 				TaskType task = (*pTaskArray)[taskNum];
 214:.\source\rte/sc_joystick.h **** 				SetEvent( task, signal->pSigCfg->evOnError);
 215:.\source\rte/sc_joystick.h **** 			}
 216:.\source\rte/sc_joystick.h **** 		}
 217:.\source\rte/sc_joystick.h ****    }
 218:.\source\rte/sc_joystick.h ****    
 219:.\source\rte/sc_joystick.h ****    return RC_SUCCESS;
 220:.\source\rte/sc_joystick.h **** }
 221:.\source\rte/sc_joystick.h **** 
 222:.\source\rte/sc_joystick.h **** 
 223:.\source\rte/sc_joystick.h **** /**
 224:.\source\rte/sc_joystick.h ****  * Returns the count of refreshing trials (refresh, set or set_raw) that failed.
 225:.\source\rte/sc_joystick.h ****  * Prerquisite: The signal is refreshed cyclically
 226:.\source\rte/sc_joystick.h ****  *
 227:.\source\rte/sc_joystick.h ****  * @param  SC_JOYSTICK_t * const signal: Pointer to the signal object
 228:.\source\rte/sc_joystick.h ****  * @return uint32_t: Number of cycles since the signal has been updated for the last time
 229:.\source\rte/sc_joystick.h ****  */
 230:.\source\rte/sc_joystick.h **** inline uint32_t RTE_SC_JOYSTICK_getAge( const SC_JOYSTICK_t * const signal )
 231:.\source\rte/sc_joystick.h **** {
 232:.\source\rte/sc_joystick.h ****    return signal->age;
 233:.\source\rte/sc_joystick.h **** }
 234:.\source\rte/sc_joystick.h **** 
 235:.\source\rte/sc_joystick.h **** /**
 236:.\source\rte/sc_joystick.h ****  * Should be called by application or driver if no new value can be provided.
 237:.\source\rte/sc_joystick.h ****  * @param  SC_JOYSTICK_t * const signal: Pointer to the signal object
 238:.\source\rte/sc_joystick.h ****  * @param uint32_t increment: incrementvalue, typically in [ms]
 239:.\source\rte/sc_joystick.h ****  * @return void
 240:.\source\rte/sc_joystick.h ****  */
 241:.\source\rte/sc_joystick.h **** inline void RTE_SC_JOYSTICK_incAge(  SC_JOYSTICK_t * const signal , uint32_t increment)
 242:.\source\rte/sc_joystick.h **** {
 243:.\source\rte/sc_joystick.h **** 	   //Hack....
 244:.\source\rte/sc_joystick.h **** 	   if ( 0xFFFF0000 > (signal->age + increment) )
 245:.\source\rte/sc_joystick.h **** 	   {
 246:.\source\rte/sc_joystick.h **** 	      signal->age += increment;
 247:.\source\rte/sc_joystick.h **** 	   }
 248:.\source\rte/sc_joystick.h **** }
ARM GAS  C:\Users\91819\AppData\Local\Temp\ccj8CrqO.s 			page 7


 249:.\source\rte/sc_joystick.h **** 
 250:.\source\rte/sc_joystick.h **** 
 251:.\source\rte/sc_joystick.h **** /**************************************************************************************************
 252:.\source\rte/sc_joystick.h **** /* Application Data read/write Interface																			*/
 253:.\source\rte/sc_joystick.h **** /**************************************************************************************************
 254:.\source\rte/sc_joystick.h **** 
 255:.\source\rte/sc_joystick.h **** /**
 256:.\source\rte/sc_joystick.h ****  * Returns the current application value of the passed signal instance.
 257:.\source\rte/sc_joystick.h ****  *
 258:.\source\rte/sc_joystick.h ****  * @param  SC_JOYSTICK_t * const signal: Pointer to the signal object
 259:.\source\rte/sc_joystick.h ****  * @return sc_joystick_data_t: current value of the application data buffer
 260:.\source\rte/sc_joystick.h ****  *
 261:.\source\rte/sc_joystick.h ****  **/
 262:.\source\rte/sc_joystick.h **** inline SC_JOYSTICK_data_t RTE_SC_JOYSTICK_get( const SC_JOYSTICK_t * const signal )
 263:.\source\rte/sc_joystick.h **** {               
 264:.\source\rte/sc_joystick.h ****    //Todo: Critical region cannot be protected using return values																						
 265:.\source\rte/sc_joystick.h ****    return signal->value;                                                                           
 266:.\source\rte/sc_joystick.h **** }                                                                                                  
 267:.\source\rte/sc_joystick.h ****                                                                                                    
 268:.\source\rte/sc_joystick.h **** /**
 269:.\source\rte/sc_joystick.h ****  * Returns the current application value of the passed signal instance threadsafe.
 270:.\source\rte/sc_joystick.h ****  *
 271:.\source\rte/sc_joystick.h ****  * @param  SC_JOYSTICK_t * const signal: Pointer to the signal object
 272:.\source\rte/sc_joystick.h ****  * @param  SC_JOYSTICK_data_t* data: Pointer to the return data Pointer to the signal object
 273:.\source\rte/sc_joystick.h ****  * @return RC_SUCCESS
 274:.\source\rte/sc_joystick.h ****  *
 275:.\source\rte/sc_joystick.h ****  **/
 276:.\source\rte/sc_joystick.h **** inline RC_t RTE_SC_JOYSTICK_getThreadSafe( const SC_JOYSTICK_t * const signal, SC_JOYSTICK_data_t *
 277:.\source\rte/sc_joystick.h **** {    
 278:.\source\rte/sc_joystick.h ****    if (TRUE == signal->pSigCfg->resourceActive) GetResource(signal->pSigCfg->resource);
 279:.\source\rte/sc_joystick.h ****    *data = signal->value;
 280:.\source\rte/sc_joystick.h ****    if (TRUE == signal->pSigCfg->resourceActive) ReleaseResource(signal->pSigCfg->resource);        
 281:.\source\rte/sc_joystick.h **** 
 282:.\source\rte/sc_joystick.h ****    return RC_SUCCESS;                                                                   
 283:.\source\rte/sc_joystick.h ****    
 284:.\source\rte/sc_joystick.h **** }                                                                                                  
 285:.\source\rte/sc_joystick.h ****                                                                                                    
 286:.\source\rte/sc_joystick.h **** /**
 287:.\source\rte/sc_joystick.h ****  * Sets a new application value to the passed signal instance by passing the new value.
 288:.\source\rte/sc_joystick.h ****  * The corresponding driver raw value will be calculated immediately by using the default conversio
 289:.\source\rte/sc_joystick.h ****  * signal specific scaling function.
 290:.\source\rte/sc_joystick.h ****  * The signal age will be set to 0 and the new status will be 'RTE_SIGNALSTATUS_VALID'.
 291:.\source\rte/sc_joystick.h ****  *
 292:.\source\rte/sc_joystick.h ****  * @param  SC_JOYSTICK_t * const signal: Pointer to the signal object
 293:.\source\rte/sc_joystick.h ****  * @param  sc_joystick_data_t const value: value for the application data buffer
 294:.\source\rte/sc_joystick.h ****  * @return RC_t: standard return code, currently only RC_SUCCESS
 295:.\source\rte/sc_joystick.h ****  *
 296:.\source\rte/sc_joystick.h ****  **/
 297:.\source\rte/sc_joystick.h **** inline RC_t RTE_SC_JOYSTICK_set(SC_JOYSTICK_t * const signal, const SC_JOYSTICK_data_t value  )
 298:.\source\rte/sc_joystick.h **** {
 299:.\source\rte/sc_joystick.h **** 
 300:.\source\rte/sc_joystick.h ****    RC_t ret = RC_SUCCESS;
 301:.\source\rte/sc_joystick.h ****    size_t taskNum=0;
 302:.\source\rte/sc_joystick.h **** 
 303:.\source\rte/sc_joystick.h **** 
 304:.\source\rte/sc_joystick.h ****    if (TRUE == signal->pSigCfg->resourceActive) GetResource(signal->pSigCfg->resource);
 305:.\source\rte/sc_joystick.h ****    signal->value  = value;
ARM GAS  C:\Users\91819\AppData\Local\Temp\ccj8CrqO.s 			page 8


 306:.\source\rte/sc_joystick.h ****    signal->age    = 0;
 307:.\source\rte/sc_joystick.h ****    signal->status = RTE_SIGNALSTATUS_VALID;
 308:.\source\rte/sc_joystick.h ****    if (TRUE == signal->pSigCfg->resourceActive) ReleaseResource(signal->pSigCfg->resource);
 309:.\source\rte/sc_joystick.h **** 
 310:.\source\rte/sc_joystick.h ****    //Pointer to the Taskarray, containing the tasks receiving the onUpdate events
 311:.\source\rte/sc_joystick.h ****    TaskTypeArray* pTaskArray = signal->pSigCfg->onUpdateTasks;
 312:.\source\rte/sc_joystick.h **** 
 313:.\source\rte/sc_joystick.h ****    if (NULL!=signal->pSigCfg->evOnUpdate && NULL != pTaskArray){
 314:.\source\rte/sc_joystick.h ****       for( taskNum=0 ; taskNum < signal->pSigCfg->onUpdateTaskCount ;taskNum++){
 315:.\source\rte/sc_joystick.h **** 		  
 316:.\source\rte/sc_joystick.h ****           TaskType task = (*pTaskArray)[taskNum];
 317:.\source\rte/sc_joystick.h **** 	      SetEvent( task, signal->pSigCfg->evOnUpdate);
 318:.\source\rte/sc_joystick.h ****       }
 319:.\source\rte/sc_joystick.h ****    }
 320:.\source\rte/sc_joystick.h **** 
 321:.\source\rte/sc_joystick.h ****    return ret;
 322:.\source\rte/sc_joystick.h **** }                                                                                                  
 323:.\source\rte/sc_joystick.h ****                                                                                                    
 324:.\source\rte/sc_joystick.h ****                                                                                                    
 325:.\source\rte/sc_joystick.h **** /**************************************************************************************************
 326:.\source\rte/sc_joystick.h **** /* Call functions to the connected drivers																			*/
 327:.\source\rte/sc_joystick.h **** /**************************************************************************************************
 328:.\source\rte/sc_joystick.h **** 
 329:.\source\rte/sc_joystick.h ****                                                                                                    
 330:.\source\rte/sc_joystick.h **** /**
 331:.\source\rte/sc_joystick.h ****  *  Calls the connected driver interface to get a new value.
 332:.\source\rte/sc_joystick.h ****  *
 333:.\source\rte/sc_joystick.h ****  * @param SC_JOYSTICK_t * const signal: Pointer to the signal object
 334:.\source\rte/sc_joystick.h ****  * @return  RC_t: Return value of the driver call
 335:.\source\rte/sc_joystick.h ****  *
 336:.\source\rte/sc_joystick.h ****  */
 337:.\source\rte/sc_joystick.h **** inline RC_t RTE_SC_JOYSTICK_pullPort( SC_JOYSTICK_t * const signal )
 338:.\source\rte/sc_joystick.h **** {                                                                                                  
 339:.\source\rte/sc_joystick.h ****    RC_t ret = RC_SUCCESS;
 340:.\source\rte/sc_joystick.h **** 
 341:.\source\rte/sc_joystick.h ****                                                                                                    
 342:.\source\rte/sc_joystick.h ****    if ( NULL != signal->pSigCfg->inDriver )
  48              		.loc 2 342 0
  49 000a 214B     		ldr	r3, .L12
  50 000c 9B68     		ldr	r3, [r3, #8]
  51 000e 1A68     		ldr	r2, [r3]
  52 0010 002A     		cmp	r2, #0
  53 0012 3BD0     		beq	.L1
  54              	.LBB22:
 343:.\source\rte/sc_joystick.h ****    {
 344:.\source\rte/sc_joystick.h **** 	  SC_JOYSTICK_data_t value = signal->value;
  55              		.loc 2 344 0
  56 0014 1E4A     		ldr	r2, .L12
  57 0016 1288     		ldrh	r2, [r2]
  58 0018 02A8     		add	r0, sp, #8
  59 001a 20F8082D 		strh	r2, [r0, #-8]!	@ movhi
 345:.\source\rte/sc_joystick.h ****       ret = signal->pSigCfg->inDriver(&value);
  60              		.loc 2 345 0
  61 001e 1B68     		ldr	r3, [r3]
  62 0020 9847     		blx	r3
  63              	.LVL3:
 346:.\source\rte/sc_joystick.h ****                                                                                                    
ARM GAS  C:\Users\91819\AppData\Local\Temp\ccj8CrqO.s 			page 9


 347:.\source\rte/sc_joystick.h ****       if ( ret == RC_SUCCESS )                                                                     
  64              		.loc 2 347 0
  65 0022 E8B9     		cbnz	r0, .L3
  66              	.LVL4:
  67 0024 BDF80010 		ldrh	r1, [sp]
  68 0028 ADF80410 		strh	r1, [sp, #4]	@ movhi
  69              	.LVL5:
  70              	.LBB23:
  71              	.LBB24:
 304:.\source\rte/sc_joystick.h ****    signal->value  = value;
  72              		.loc 2 304 0
  73 002c 184B     		ldr	r3, .L12
  74 002e 9A68     		ldr	r2, [r3, #8]
 305:.\source\rte/sc_joystick.h ****    signal->age    = 0;
  75              		.loc 2 305 0
  76 0030 1980     		strh	r1, [r3]	@ movhi
 306:.\source\rte/sc_joystick.h ****    signal->status = RTE_SIGNALSTATUS_VALID;
  77              		.loc 2 306 0
  78 0032 0021     		movs	r1, #0
  79 0034 5960     		str	r1, [r3, #4]
 307:.\source\rte/sc_joystick.h ****    if (TRUE == signal->pSigCfg->resourceActive) ReleaseResource(signal->pSigCfg->resource);
  80              		.loc 2 307 0
  81 0036 0221     		movs	r1, #2
  82 0038 9970     		strb	r1, [r3, #2]
 311:.\source\rte/sc_joystick.h **** 
  83              		.loc 2 311 0
  84 003a 5569     		ldr	r5, [r2, #20]
  85              	.LVL6:
 313:.\source\rte/sc_joystick.h ****       for( taskNum=0 ; taskNum < signal->pSigCfg->onUpdateTaskCount ;taskNum++){
  86              		.loc 2 313 0
  87 003c 9368     		ldr	r3, [r2, #8]
  88 003e 2BB3     		cbz	r3, .L1
  89 0040 3DB9     		cbnz	r5, .L9
  90 0042 23E0     		b	.L1
  91              	.LVL7:
  92              	.L6:
  93              	.LBB25:
 317:.\source\rte/sc_joystick.h ****       }
  94              		.loc 2 317 0
  95 0044 9968     		ldr	r1, [r3, #8]
  96 0046 55F82400 		ldr	r0, [r5, r4, lsl #2]
  97 004a FFF7FEFF 		bl	EE_oo_SetEvent
  98              	.LVL8:
  99              	.LBE25:
 314:.\source\rte/sc_joystick.h **** 		  
 100              		.loc 2 314 0
 101 004e 0134     		adds	r4, r4, #1
 102              	.LVL9:
 103 0050 00E0     		b	.L5
 104              	.LVL10:
 105              	.L9:
 313:.\source\rte/sc_joystick.h ****       for( taskNum=0 ; taskNum < signal->pSigCfg->onUpdateTaskCount ;taskNum++){
 106              		.loc 2 313 0
 107 0052 0024     		movs	r4, #0
 108              	.LVL11:
 109              	.L5:
 314:.\source\rte/sc_joystick.h **** 		  
ARM GAS  C:\Users\91819\AppData\Local\Temp\ccj8CrqO.s 			page 10


 110              		.loc 2 314 0
 111 0054 0E4B     		ldr	r3, .L12
 112 0056 9B68     		ldr	r3, [r3, #8]
 113 0058 1A69     		ldr	r2, [r3, #16]
 114 005a 9442     		cmp	r4, r2
 115 005c F2D3     		bcc	.L6
 116 005e 15E0     		b	.L1
 117              	.LVL12:
 118              	.L3:
 119              	.LBE24:
 120              	.LBE23:
 121              	.LBB26:
 122              	.LBB27:
 202:.\source\rte/sc_joystick.h ****    size_t taskNum=0;
 123              		.loc 2 202 0
 124 0060 0B4B     		ldr	r3, .L12
 125 0062 0322     		movs	r2, #3
 126 0064 9A70     		strb	r2, [r3, #2]
 127              	.LVL13:
 128              	.LBB28:
 209:.\source\rte/sc_joystick.h **** 
 129              		.loc 2 209 0
 130 0066 9B68     		ldr	r3, [r3, #8]
 131 0068 DD69     		ldr	r5, [r3, #28]
 132              	.LVL14:
 211:.\source\rte/sc_joystick.h **** 			for( taskNum=0 ; taskNum < signal->pSigCfg->onErrorTaskCount ;taskNum++){
 133              		.loc 2 211 0
 134 006a DB68     		ldr	r3, [r3, #12]
 135 006c 73B1     		cbz	r3, .L1
 136 006e 3DB9     		cbnz	r5, .L10
 137 0070 0CE0     		b	.L1
 138              	.LVL15:
 139              	.L8:
 140              	.LBB29:
 214:.\source\rte/sc_joystick.h **** 			}
 141              		.loc 2 214 0
 142 0072 D968     		ldr	r1, [r3, #12]
 143 0074 55F82400 		ldr	r0, [r5, r4, lsl #2]
 144 0078 FFF7FEFF 		bl	EE_oo_SetEvent
 145              	.LVL16:
 146              	.LBE29:
 212:.\source\rte/sc_joystick.h **** 				TaskType task = (*pTaskArray)[taskNum];
 147              		.loc 2 212 0
 148 007c 0134     		adds	r4, r4, #1
 149              	.LVL17:
 150 007e 00E0     		b	.L7
 151              	.LVL18:
 152              	.L10:
 211:.\source\rte/sc_joystick.h **** 			for( taskNum=0 ; taskNum < signal->pSigCfg->onErrorTaskCount ;taskNum++){
 153              		.loc 2 211 0
 154 0080 0024     		movs	r4, #0
 155              	.LVL19:
 156              	.L7:
 212:.\source\rte/sc_joystick.h **** 				TaskType task = (*pTaskArray)[taskNum];
 157              		.loc 2 212 0
 158 0082 034B     		ldr	r3, .L12
 159 0084 9B68     		ldr	r3, [r3, #8]
ARM GAS  C:\Users\91819\AppData\Local\Temp\ccj8CrqO.s 			page 11


 160 0086 9A69     		ldr	r2, [r3, #24]
 161 0088 9442     		cmp	r4, r2
 162 008a F2D3     		bcc	.L8
 163              	.LVL20:
 164              	.L1:
 165              	.LBE28:
 166              	.LBE27:
 167              	.LBE26:
 168              	.LBE22:
 169              	.LBE21:
 170              	.LBE20:
  48:source\asw/swc_remote.c ****     RTE_SC_JOYSTICK_pullPort( &SO_JOYSTICK_signal);
  49:source\asw/swc_remote.c ****     
  50:source\asw/swc_remote.c ****     
  51:source\asw/swc_remote.c ****     
  52:source\asw/swc_remote.c ****     /* Hardcoded joystick values to check flow
  53:source\asw/swc_remote.c ****         myJoystick.x = 5;
  54:source\asw/swc_remote.c ****         myJoystick.y = 5;
  55:source\asw/swc_remote.c ****     */
  56:source\asw/swc_remote.c ****     
  57:source\asw/swc_remote.c ****     //Write the data back to the object
  58:source\asw/swc_remote.c ****     //RC_t result = RTE_SC_JOYSTICK_set(&SO_JOYSTICK_signal, myJoystick);
  59:source\asw/swc_remote.c ****     /* USER CODE END REMOTE_readJoystick_run */
  60:source\asw/swc_remote.c **** }
 171              		.loc 1 60 0
 172 008c 03B0     		add	sp, sp, #12
 173              		.cfi_def_cfa_offset 12
 174              		@ sp needed
 175 008e 30BD     		pop	{r4, r5, pc}
 176              	.L13:
 177              		.align	2
 178              	.L12:
 179 0090 00000000 		.word	SO_JOYSTICK_signal
 180              		.cfi_endproc
 181              	.LFE140:
 182              		.size	REMOTE_readJoystick_run, .-REMOTE_readJoystick_run
 183              		.text
 184              	.Letext0:
 185              		.file 3 "c:\\program files (x86)\\cypress\\psoc creator\\4.4\\psoc creator\\import\\gnu\\arm\\5.4.
 186              		.file 4 "c:\\program files (x86)\\cypress\\psoc creator\\4.4\\psoc creator\\import\\gnu\\arm\\5.4.
 187              		.file 5 "c:\\program files (x86)\\cypress\\psoc creator\\4.4\\psoc creator\\import\\gnu\\arm\\5.4.
 188              		.file 6 "Generated_Source\\PSoC5/ErikaOS_1_common_ee_types.inc"
 189              		.file 7 "Generated_Source\\PSoC5/ErikaOS_1_cortex_mx_ee_cpu.inc"
 190              		.file 8 "Generated_Source\\PSoC5/ErikaOS_1_ee_oo_common.inc"
 191              		.file 9 ".\\source\\bsw/global.h"
 192              		.file 10 ".\\source\\rte/rte_types.h"
 193              		.file 11 ".\\source\\rte/rte.h"
 194              		.file 12 ".\\source\\rte/sc_joystick_type.h"
 195              		.file 13 "Generated_Source\\PSoC5/ErikaOS_1_ee_oo_intfunc.inc"
 196              		.file 14 "Generated_Source\\PSoC5/ErikaOS_1_cortex_mx_ee_context.inc"
 197              		.file 15 "Generated_Source\\PSoC5/ErikaOS_1_common_ee_primitives.inc"
 198              		.file 16 "Generated_Source\\PSoC5/core_cm3.h"
 199              		.file 17 ".\\source\\rte/sp_common.h"
 200              		.file 18 "Generated_Source\\PSoC5/ErikaOS_1_ee_oo_kernel.inc"
 201              		.file 19 ".\\source\\bsw/watchdog.h"
 202              		.section	.debug_info,"",%progbits
 203              	.Ldebug_info0:
ARM GAS  C:\Users\91819\AppData\Local\Temp\ccj8CrqO.s 			page 12


 204 0000 6A060000 		.4byte	0x66a
 205 0004 0400     		.2byte	0x4
 206 0006 00000000 		.4byte	.Ldebug_abbrev0
 207 000a 04       		.byte	0x4
 208 000b 01       		.uleb128 0x1
 209 000c 00000000 		.4byte	.LASF99
 210 0010 0C       		.byte	0xc
 211 0011 13010000 		.4byte	.LASF100
 212 0015 D9010000 		.4byte	.LASF101
 213 0019 00000000 		.4byte	.Ldebug_ranges0+0
 214 001d 00000000 		.4byte	0
 215 0021 00000000 		.4byte	.Ldebug_line0
 216 0025 02       		.uleb128 0x2
 217 0026 01       		.byte	0x1
 218 0027 06       		.byte	0x6
 219 0028 39040000 		.4byte	.LASF0
 220 002c 02       		.uleb128 0x2
 221 002d 01       		.byte	0x1
 222 002e 08       		.byte	0x8
 223 002f 05040000 		.4byte	.LASF1
 224 0033 02       		.uleb128 0x2
 225 0034 02       		.byte	0x2
 226 0035 05       		.byte	0x5
 227 0036 2B010000 		.4byte	.LASF2
 228 003a 02       		.uleb128 0x2
 229 003b 02       		.byte	0x2
 230 003c 07       		.byte	0x7
 231 003d 13050000 		.4byte	.LASF3
 232 0041 03       		.uleb128 0x3
 233 0042 B7050000 		.4byte	.LASF5
 234 0046 03       		.byte	0x3
 235 0047 3F       		.byte	0x3f
 236 0048 4C000000 		.4byte	0x4c
 237 004c 02       		.uleb128 0x2
 238 004d 04       		.byte	0x4
 239 004e 05       		.byte	0x5
 240 004f 5B030000 		.4byte	.LASF4
 241 0053 03       		.uleb128 0x3
 242 0054 B3010000 		.4byte	.LASF6
 243 0058 03       		.byte	0x3
 244 0059 41       		.byte	0x41
 245 005a 5E000000 		.4byte	0x5e
 246 005e 02       		.uleb128 0x2
 247 005f 04       		.byte	0x4
 248 0060 07       		.byte	0x7
 249 0061 6C050000 		.4byte	.LASF7
 250 0065 02       		.uleb128 0x2
 251 0066 08       		.byte	0x8
 252 0067 05       		.byte	0x5
 253 0068 E6020000 		.4byte	.LASF8
 254 006c 02       		.uleb128 0x2
 255 006d 08       		.byte	0x8
 256 006e 07       		.byte	0x7
 257 006f 45040000 		.4byte	.LASF9
 258 0073 04       		.uleb128 0x4
 259 0074 04       		.byte	0x4
 260 0075 05       		.byte	0x5
ARM GAS  C:\Users\91819\AppData\Local\Temp\ccj8CrqO.s 			page 13


 261 0076 696E7400 		.ascii	"int\000"
 262 007a 02       		.uleb128 0x2
 263 007b 04       		.byte	0x4
 264 007c 07       		.byte	0x7
 265 007d 65040000 		.4byte	.LASF10
 266 0081 03       		.uleb128 0x3
 267 0082 0B050000 		.4byte	.LASF11
 268 0086 04       		.byte	0x4
 269 0087 2C       		.byte	0x2c
 270 0088 41000000 		.4byte	0x41
 271 008c 03       		.uleb128 0x3
 272 008d 5C040000 		.4byte	.LASF12
 273 0091 04       		.byte	0x4
 274 0092 30       		.byte	0x30
 275 0093 53000000 		.4byte	0x53
 276 0097 02       		.uleb128 0x2
 277 0098 04       		.byte	0x4
 278 0099 04       		.byte	0x4
 279 009a C7020000 		.4byte	.LASF13
 280 009e 02       		.uleb128 0x2
 281 009f 08       		.byte	0x8
 282 00a0 04       		.byte	0x4
 283 00a1 29060000 		.4byte	.LASF14
 284 00a5 02       		.uleb128 0x2
 285 00a6 01       		.byte	0x1
 286 00a7 08       		.byte	0x8
 287 00a8 FA000000 		.4byte	.LASF15
 288 00ac 03       		.uleb128 0x3
 289 00ad 35010000 		.4byte	.LASF16
 290 00b1 05       		.byte	0x5
 291 00b2 D8       		.byte	0xd8
 292 00b3 7A000000 		.4byte	0x7a
 293 00b7 02       		.uleb128 0x2
 294 00b8 08       		.byte	0x8
 295 00b9 04       		.byte	0x4
 296 00ba E8030000 		.4byte	.LASF17
 297 00be 03       		.uleb128 0x3
 298 00bf A4040000 		.4byte	.LASF18
 299 00c3 06       		.byte	0x6
 300 00c4 53       		.byte	0x53
 301 00c5 73000000 		.4byte	0x73
 302 00c9 03       		.uleb128 0x3
 303 00ca BE010000 		.4byte	.LASF19
 304 00ce 06       		.byte	0x6
 305 00cf 54       		.byte	0x54
 306 00d0 7A000000 		.4byte	0x7a
 307 00d4 03       		.uleb128 0x3
 308 00d5 9E050000 		.4byte	.LASF20
 309 00d9 07       		.byte	0x7
 310 00da 4D       		.byte	0x4d
 311 00db C9000000 		.4byte	0xc9
 312 00df 03       		.uleb128 0x3
 313 00e0 97010000 		.4byte	.LASF21
 314 00e4 07       		.byte	0x7
 315 00e5 4F       		.byte	0x4f
 316 00e6 C9000000 		.4byte	0xc9
 317 00ea 03       		.uleb128 0x3
ARM GAS  C:\Users\91819\AppData\Local\Temp\ccj8CrqO.s 			page 14


 318 00eb 41020000 		.4byte	.LASF22
 319 00ef 07       		.byte	0x7
 320 00f0 78       		.byte	0x78
 321 00f1 BE000000 		.4byte	0xbe
 322 00f5 05       		.uleb128 0x5
 323 00f6 FC030000 		.4byte	.LASF23
 324 00fa 08       		.byte	0x8
 325 00fb F701     		.2byte	0x1f7
 326 00fd EA000000 		.4byte	0xea
 327 0101 05       		.uleb128 0x5
 328 0102 AB000000 		.4byte	.LASF24
 329 0106 08       		.byte	0x8
 330 0107 2C02     		.2byte	0x22c
 331 0109 D4000000 		.4byte	0xd4
 332 010d 02       		.uleb128 0x2
 333 010e 04       		.byte	0x4
 334 010f 07       		.byte	0x7
 335 0110 51010000 		.4byte	.LASF25
 336 0114 03       		.uleb128 0x3
 337 0115 C8060000 		.4byte	.LASF26
 338 0119 09       		.byte	0x9
 339 011a 90       		.byte	0x90
 340 011b 25000000 		.4byte	0x25
 341 011f 03       		.uleb128 0x3
 342 0120 C9030000 		.4byte	.LASF27
 343 0124 09       		.byte	0x9
 344 0125 9C       		.byte	0x9c
 345 0126 2C000000 		.4byte	0x2c
 346 012a 06       		.uleb128 0x6
 347 012b 01       		.byte	0x1
 348 012c 25000000 		.4byte	0x25
 349 0130 09       		.byte	0x9
 350 0131 CF       		.byte	0xcf
 351 0132 D3010000 		.4byte	0x1d3
 352 0136 07       		.uleb128 0x7
 353 0137 CC000000 		.4byte	.LASF28
 354 013b 00       		.byte	0
 355 013c 08       		.uleb128 0x8
 356 013d 84060000 		.4byte	.LASF29
 357 0141 7F       		.sleb128 -1
 358 0142 08       		.uleb128 0x8
 359 0143 80040000 		.4byte	.LASF30
 360 0147 7E       		.sleb128 -2
 361 0148 08       		.uleb128 0x8
 362 0149 89010000 		.4byte	.LASF31
 363 014d 7D       		.sleb128 -3
 364 014e 08       		.uleb128 0x8
 365 014f 8D060000 		.4byte	.LASF32
 366 0153 7C       		.sleb128 -4
 367 0154 08       		.uleb128 0x8
 368 0155 B8020000 		.4byte	.LASF33
 369 0159 7B       		.sleb128 -5
 370 015a 08       		.uleb128 0x8
 371 015b A6050000 		.4byte	.LASF34
 372 015f 7A       		.sleb128 -6
 373 0160 08       		.uleb128 0x8
 374 0161 64030000 		.4byte	.LASF35
ARM GAS  C:\Users\91819\AppData\Local\Temp\ccj8CrqO.s 			page 15


 375 0165 79       		.sleb128 -7
 376 0166 08       		.uleb128 0x8
 377 0167 F6040000 		.4byte	.LASF36
 378 016b 78       		.sleb128 -8
 379 016c 08       		.uleb128 0x8
 380 016d 8E040000 		.4byte	.LASF37
 381 0171 77       		.sleb128 -9
 382 0172 08       		.uleb128 0x8
 383 0173 76030000 		.4byte	.LASF38
 384 0177 76       		.sleb128 -10
 385 0178 08       		.uleb128 0x8
 386 0179 D0060000 		.4byte	.LASF39
 387 017d 75       		.sleb128 -11
 388 017e 08       		.uleb128 0x8
 389 017f 72040000 		.4byte	.LASF40
 390 0183 74       		.sleb128 -12
 391 0184 08       		.uleb128 0x8
 392 0185 8C050000 		.4byte	.LASF41
 393 0189 73       		.sleb128 -13
 394 018a 08       		.uleb128 0x8
 395 018b B9000000 		.4byte	.LASF42
 396 018f 72       		.sleb128 -14
 397 0190 08       		.uleb128 0x8
 398 0191 FF000000 		.4byte	.LASF43
 399 0195 71       		.sleb128 -15
 400 0196 08       		.uleb128 0x8
 401 0197 A6030000 		.4byte	.LASF44
 402 019b 70       		.sleb128 -16
 403 019c 08       		.uleb128 0x8
 404 019d 9F010000 		.4byte	.LASF45
 405 01a1 6F       		.sleb128 -17
 406 01a2 08       		.uleb128 0x8
 407 01a3 3C010000 		.4byte	.LASF46
 408 01a7 6E       		.sleb128 -18
 409 01a8 08       		.uleb128 0x8
 410 01a9 37030000 		.4byte	.LASF47
 411 01ad 6D       		.sleb128 -19
 412 01ae 08       		.uleb128 0x8
 413 01af 13040000 		.4byte	.LASF48
 414 01b3 6C       		.sleb128 -20
 415 01b4 08       		.uleb128 0x8
 416 01b5 B7030000 		.4byte	.LASF49
 417 01b9 6B       		.sleb128 -21
 418 01ba 08       		.uleb128 0x8
 419 01bb 0A060000 		.4byte	.LASF50
 420 01bf 6A       		.sleb128 -22
 421 01c0 08       		.uleb128 0x8
 422 01c1 65020000 		.4byte	.LASF51
 423 01c5 69       		.sleb128 -23
 424 01c6 08       		.uleb128 0x8
 425 01c7 4A030000 		.4byte	.LASF52
 426 01cb 68       		.sleb128 -24
 427 01cc 08       		.uleb128 0x8
 428 01cd CD020000 		.4byte	.LASF53
 429 01d1 67       		.sleb128 -25
 430 01d2 00       		.byte	0
 431 01d3 03       		.uleb128 0x3
ARM GAS  C:\Users\91819\AppData\Local\Temp\ccj8CrqO.s 			page 16


 432 01d4 C3060000 		.4byte	.LASF54
 433 01d8 09       		.byte	0x9
 434 01d9 EA       		.byte	0xea
 435 01da 2A010000 		.4byte	0x12a
 436 01de 03       		.uleb128 0x3
 437 01df B5060000 		.4byte	.LASF55
 438 01e3 0A       		.byte	0xa
 439 01e4 19       		.byte	0x19
 440 01e5 E9010000 		.4byte	0x1e9
 441 01e9 09       		.uleb128 0x9
 442 01ea F5000000 		.4byte	0xf5
 443 01ee F4010000 		.4byte	0x1f4
 444 01f2 0A       		.uleb128 0xa
 445 01f3 00       		.byte	0
 446 01f4 03       		.uleb128 0x3
 447 01f5 C6050000 		.4byte	.LASF56
 448 01f9 0A       		.byte	0xa
 449 01fa 21       		.byte	0x21
 450 01fb 01010000 		.4byte	0x101
 451 01ff 03       		.uleb128 0x3
 452 0200 1C060000 		.4byte	.LASF57
 453 0204 0A       		.byte	0xa
 454 0205 2D       		.byte	0x2d
 455 0206 8C000000 		.4byte	0x8c
 456 020a 06       		.uleb128 0x6
 457 020b 01       		.byte	0x1
 458 020c 2C000000 		.4byte	0x2c
 459 0210 0B       		.byte	0xb
 460 0211 59       		.byte	0x59
 461 0212 2F020000 		.4byte	0x22f
 462 0216 07       		.uleb128 0x7
 463 0217 84030000 		.4byte	.LASF58
 464 021b 00       		.byte	0
 465 021c 07       		.uleb128 0x7
 466 021d 8E000000 		.4byte	.LASF59
 467 0221 01       		.byte	0x1
 468 0222 07       		.uleb128 0x7
 469 0223 30060000 		.4byte	.LASF60
 470 0227 02       		.byte	0x2
 471 0228 07       		.uleb128 0x7
 472 0229 DD040000 		.4byte	.LASF61
 473 022d 03       		.byte	0x3
 474 022e 00       		.byte	0
 475 022f 03       		.uleb128 0x3
 476 0230 76010000 		.4byte	.LASF62
 477 0234 0B       		.byte	0xb
 478 0235 5E       		.byte	0x5e
 479 0236 0A020000 		.4byte	0x20a
 480 023a 0B       		.uleb128 0xb
 481 023b 02       		.byte	0x2
 482 023c 0C       		.byte	0xc
 483 023d 1F       		.byte	0x1f
 484 023e 57020000 		.4byte	0x257
 485 0242 0C       		.uleb128 0xc
 486 0243 7800     		.ascii	"x\000"
 487 0245 0C       		.byte	0xc
 488 0246 21       		.byte	0x21
ARM GAS  C:\Users\91819\AppData\Local\Temp\ccj8CrqO.s 			page 17


 489 0247 14010000 		.4byte	0x114
 490 024b 00       		.byte	0
 491 024c 0C       		.uleb128 0xc
 492 024d 7900     		.ascii	"y\000"
 493 024f 0C       		.byte	0xc
 494 0250 22       		.byte	0x22
 495 0251 14010000 		.4byte	0x114
 496 0255 01       		.byte	0x1
 497 0256 00       		.byte	0
 498 0257 03       		.uleb128 0x3
 499 0258 26040000 		.4byte	.LASF63
 500 025c 0C       		.byte	0xc
 501 025d 25       		.byte	0x25
 502 025e 3A020000 		.4byte	0x23a
 503 0262 03       		.uleb128 0x3
 504 0263 4E020000 		.4byte	.LASF64
 505 0267 02       		.byte	0x2
 506 0268 27       		.byte	0x27
 507 0269 6D020000 		.4byte	0x26d
 508 026d 0D       		.uleb128 0xd
 509 026e 04       		.byte	0x4
 510 026f 73020000 		.4byte	0x273
 511 0273 0E       		.uleb128 0xe
 512 0274 D3010000 		.4byte	0x1d3
 513 0278 82020000 		.4byte	0x282
 514 027c 0F       		.uleb128 0xf
 515 027d 88020000 		.4byte	0x288
 516 0281 00       		.byte	0
 517 0282 0D       		.uleb128 0xd
 518 0283 04       		.byte	0x4
 519 0284 57020000 		.4byte	0x257
 520 0288 10       		.uleb128 0x10
 521 0289 82020000 		.4byte	0x282
 522 028d 03       		.uleb128 0x3
 523 028e 47060000 		.4byte	.LASF65
 524 0292 02       		.byte	0x2
 525 0293 2D       		.byte	0x2d
 526 0294 98020000 		.4byte	0x298
 527 0298 0D       		.uleb128 0xd
 528 0299 04       		.byte	0x4
 529 029a 9E020000 		.4byte	0x29e
 530 029e 0E       		.uleb128 0xe
 531 029f D3010000 		.4byte	0x1d3
 532 02a3 AD020000 		.4byte	0x2ad
 533 02a7 0F       		.uleb128 0xf
 534 02a8 B8020000 		.4byte	0x2b8
 535 02ac 00       		.byte	0
 536 02ad 0D       		.uleb128 0xd
 537 02ae 04       		.byte	0x4
 538 02af B3020000 		.4byte	0x2b3
 539 02b3 10       		.uleb128 0x10
 540 02b4 57020000 		.4byte	0x257
 541 02b8 10       		.uleb128 0x10
 542 02b9 AD020000 		.4byte	0x2ad
 543 02bd 11       		.uleb128 0x11
 544 02be 0D030000 		.4byte	.LASF77
 545 02c2 28       		.byte	0x28
ARM GAS  C:\Users\91819\AppData\Local\Temp\ccj8CrqO.s 			page 18


 546 02c3 02       		.byte	0x2
 547 02c4 37       		.byte	0x37
 548 02c5 42030000 		.4byte	0x342
 549 02c9 12       		.uleb128 0x12
 550 02ca 6E060000 		.4byte	.LASF66
 551 02ce 02       		.byte	0x2
 552 02cf 3C       		.byte	0x3c
 553 02d0 42030000 		.4byte	0x342
 554 02d4 00       		.byte	0
 555 02d5 12       		.uleb128 0x12
 556 02d6 D3030000 		.4byte	.LASF67
 557 02da 02       		.byte	0x2
 558 02db 41       		.byte	0x41
 559 02dc 47030000 		.4byte	0x347
 560 02e0 04       		.byte	0x4
 561 02e1 12       		.uleb128 0x12
 562 02e2 B5040000 		.4byte	.LASF68
 563 02e6 02       		.byte	0x2
 564 02e7 46       		.byte	0x46
 565 02e8 4C030000 		.4byte	0x34c
 566 02ec 08       		.byte	0x8
 567 02ed 12       		.uleb128 0x12
 568 02ee F0000000 		.4byte	.LASF69
 569 02f2 02       		.byte	0x2
 570 02f3 4C       		.byte	0x4c
 571 02f4 4C030000 		.4byte	0x34c
 572 02f8 0C       		.byte	0xc
 573 02f9 12       		.uleb128 0x12
 574 02fa 47050000 		.4byte	.LASF70
 575 02fe 02       		.byte	0x2
 576 02ff 51       		.byte	0x51
 577 0300 51030000 		.4byte	0x351
 578 0304 10       		.byte	0x10
 579 0305 12       		.uleb128 0x12
 580 0306 7E050000 		.4byte	.LASF71
 581 030a 02       		.byte	0x2
 582 030b 56       		.byte	0x56
 583 030c 5C030000 		.4byte	0x35c
 584 0310 14       		.byte	0x14
 585 0311 12       		.uleb128 0x12
 586 0312 C8010000 		.4byte	.LASF72
 587 0316 02       		.byte	0x2
 588 0317 5B       		.byte	0x5b
 589 0318 51030000 		.4byte	0x351
 590 031c 18       		.byte	0x18
 591 031d 12       		.uleb128 0x12
 592 031e 3A050000 		.4byte	.LASF73
 593 0322 02       		.byte	0x2
 594 0323 60       		.byte	0x60
 595 0324 5C030000 		.4byte	0x35c
 596 0328 1C       		.byte	0x1c
 597 0329 12       		.uleb128 0x12
 598 032a C7040000 		.4byte	.LASF74
 599 032e 02       		.byte	0x2
 600 032f 66       		.byte	0x66
 601 0330 61030000 		.4byte	0x361
 602 0334 20       		.byte	0x20
ARM GAS  C:\Users\91819\AppData\Local\Temp\ccj8CrqO.s 			page 19


 603 0335 12       		.uleb128 0x12
 604 0336 7C020000 		.4byte	.LASF75
 605 033a 02       		.byte	0x2
 606 033b 6B       		.byte	0x6b
 607 033c 66030000 		.4byte	0x366
 608 0340 24       		.byte	0x24
 609 0341 00       		.byte	0
 610 0342 10       		.uleb128 0x10
 611 0343 62020000 		.4byte	0x262
 612 0347 10       		.uleb128 0x10
 613 0348 8D020000 		.4byte	0x28d
 614 034c 10       		.uleb128 0x10
 615 034d 01010000 		.4byte	0x101
 616 0351 10       		.uleb128 0x10
 617 0352 AC000000 		.4byte	0xac
 618 0356 0D       		.uleb128 0xd
 619 0357 04       		.byte	0x4
 620 0358 DE010000 		.4byte	0x1de
 621 035c 10       		.uleb128 0x10
 622 035d 56030000 		.4byte	0x356
 623 0361 10       		.uleb128 0x10
 624 0362 1F010000 		.4byte	0x11f
 625 0366 10       		.uleb128 0x10
 626 0367 FF010000 		.4byte	0x1ff
 627 036b 03       		.uleb128 0x3
 628 036c E5050000 		.4byte	.LASF76
 629 0370 02       		.byte	0x2
 630 0371 6E       		.byte	0x6e
 631 0372 76030000 		.4byte	0x376
 632 0376 10       		.uleb128 0x10
 633 0377 BD020000 		.4byte	0x2bd
 634 037b 11       		.uleb128 0x11
 635 037c 5A010000 		.4byte	.LASF78
 636 0380 0C       		.byte	0xc
 637 0381 02       		.byte	0x2
 638 0382 7A       		.byte	0x7a
 639 0383 B8030000 		.4byte	0x3b8
 640 0387 12       		.uleb128 0x12
 641 0388 48020000 		.4byte	.LASF79
 642 038c 02       		.byte	0x2
 643 038d 80       		.byte	0x80
 644 038e 57020000 		.4byte	0x257
 645 0392 00       		.byte	0
 646 0393 12       		.uleb128 0x12
 647 0394 C0040000 		.4byte	.LASF80
 648 0398 02       		.byte	0x2
 649 0399 85       		.byte	0x85
 650 039a 2F020000 		.4byte	0x22f
 651 039e 02       		.byte	0x2
 652 039f 0C       		.uleb128 0xc
 653 03a0 61676500 		.ascii	"age\000"
 654 03a4 02       		.byte	0x2
 655 03a5 8A       		.byte	0x8a
 656 03a6 8C000000 		.4byte	0x8c
 657 03aa 04       		.byte	0x4
 658 03ab 12       		.uleb128 0x12
 659 03ac AD040000 		.4byte	.LASF81
ARM GAS  C:\Users\91819\AppData\Local\Temp\ccj8CrqO.s 			page 20


 660 03b0 02       		.byte	0x2
 661 03b1 8F       		.byte	0x8f
 662 03b2 BE030000 		.4byte	0x3be
 663 03b6 08       		.byte	0x8
 664 03b7 00       		.byte	0
 665 03b8 0D       		.uleb128 0xd
 666 03b9 04       		.byte	0x4
 667 03ba 6B030000 		.4byte	0x36b
 668 03be 10       		.uleb128 0x10
 669 03bf B8030000 		.4byte	0x3b8
 670 03c3 03       		.uleb128 0x3
 671 03c4 68010000 		.4byte	.LASF82
 672 03c8 02       		.byte	0x2
 673 03c9 92       		.byte	0x92
 674 03ca 7B030000 		.4byte	0x37b
 675 03ce 13       		.uleb128 0x13
 676 03cf 26050000 		.4byte	.LASF87
 677 03d3 02       		.byte	0x2
 678 03d4 2901     		.2byte	0x129
 679 03d6 D3010000 		.4byte	0x1d3
 680 03da 03       		.byte	0x3
 681 03db 2A040000 		.4byte	0x42a
 682 03df 14       		.uleb128 0x14
 683 03e0 D6040000 		.4byte	.LASF83
 684 03e4 02       		.byte	0x2
 685 03e5 2901     		.2byte	0x129
 686 03e7 30040000 		.4byte	0x430
 687 03eb 14       		.uleb128 0x14
 688 03ec 48020000 		.4byte	.LASF79
 689 03f0 02       		.byte	0x2
 690 03f1 2901     		.2byte	0x129
 691 03f3 B3020000 		.4byte	0x2b3
 692 03f7 15       		.uleb128 0x15
 693 03f8 72657400 		.ascii	"ret\000"
 694 03fc 02       		.byte	0x2
 695 03fd 2C01     		.2byte	0x12c
 696 03ff D3010000 		.4byte	0x1d3
 697 0403 16       		.uleb128 0x16
 698 0404 F4030000 		.4byte	.LASF84
 699 0408 02       		.byte	0x2
 700 0409 2D01     		.2byte	0x12d
 701 040b AC000000 		.4byte	0xac
 702 040f 16       		.uleb128 0x16
 703 0410 DD030000 		.4byte	.LASF85
 704 0414 02       		.byte	0x2
 705 0415 3701     		.2byte	0x137
 706 0417 56030000 		.4byte	0x356
 707 041b 17       		.uleb128 0x17
 708 041c 16       		.uleb128 0x16
 709 041d C1050000 		.4byte	.LASF86
 710 0421 02       		.byte	0x2
 711 0422 3C01     		.2byte	0x13c
 712 0424 F5000000 		.4byte	0xf5
 713 0428 00       		.byte	0
 714 0429 00       		.byte	0
 715 042a 0D       		.uleb128 0xd
 716 042b 04       		.byte	0x4
ARM GAS  C:\Users\91819\AppData\Local\Temp\ccj8CrqO.s 			page 21


 717 042c C3030000 		.4byte	0x3c3
 718 0430 10       		.uleb128 0x10
 719 0431 2A040000 		.4byte	0x42a
 720 0435 18       		.uleb128 0x18
 721 0436 85020000 		.4byte	.LASF88
 722 043a 02       		.byte	0x2
 723 043b C8       		.byte	0xc8
 724 043c D3010000 		.4byte	0x1d3
 725 0440 03       		.byte	0x3
 726 0441 81040000 		.4byte	0x481
 727 0445 19       		.uleb128 0x19
 728 0446 D6040000 		.4byte	.LASF83
 729 044a 02       		.byte	0x2
 730 044b C8       		.byte	0xc8
 731 044c 30040000 		.4byte	0x430
 732 0450 19       		.uleb128 0x19
 733 0451 C0040000 		.4byte	.LASF80
 734 0455 02       		.byte	0x2
 735 0456 C8       		.byte	0xc8
 736 0457 81040000 		.4byte	0x481
 737 045b 1A       		.uleb128 0x1a
 738 045c F4030000 		.4byte	.LASF84
 739 0460 02       		.byte	0x2
 740 0461 CB       		.byte	0xcb
 741 0462 AC000000 		.4byte	0xac
 742 0466 17       		.uleb128 0x17
 743 0467 1A       		.uleb128 0x1a
 744 0468 DD030000 		.4byte	.LASF85
 745 046c 02       		.byte	0x2
 746 046d D1       		.byte	0xd1
 747 046e 56030000 		.4byte	0x356
 748 0472 17       		.uleb128 0x17
 749 0473 1A       		.uleb128 0x1a
 750 0474 C1050000 		.4byte	.LASF86
 751 0478 02       		.byte	0x2
 752 0479 D5       		.byte	0xd5
 753 047a F5000000 		.4byte	0xf5
 754 047e 00       		.byte	0
 755 047f 00       		.byte	0
 756 0480 00       		.byte	0
 757 0481 10       		.uleb128 0x10
 758 0482 2F020000 		.4byte	0x22f
 759 0486 13       		.uleb128 0x13
 760 0487 D7000000 		.4byte	.LASF89
 761 048b 02       		.byte	0x2
 762 048c 5101     		.2byte	0x151
 763 048e D3010000 		.4byte	0x1d3
 764 0492 03       		.byte	0x3
 765 0493 BE040000 		.4byte	0x4be
 766 0497 14       		.uleb128 0x14
 767 0498 D6040000 		.4byte	.LASF83
 768 049c 02       		.byte	0x2
 769 049d 5101     		.2byte	0x151
 770 049f 30040000 		.4byte	0x430
 771 04a3 15       		.uleb128 0x15
 772 04a4 72657400 		.ascii	"ret\000"
 773 04a8 02       		.byte	0x2
ARM GAS  C:\Users\91819\AppData\Local\Temp\ccj8CrqO.s 			page 22


 774 04a9 5301     		.2byte	0x153
 775 04ab D3010000 		.4byte	0x1d3
 776 04af 17       		.uleb128 0x17
 777 04b0 16       		.uleb128 0x16
 778 04b1 48020000 		.4byte	.LASF79
 779 04b5 02       		.byte	0x2
 780 04b6 5801     		.2byte	0x158
 781 04b8 57020000 		.4byte	0x257
 782 04bc 00       		.byte	0
 783 04bd 00       		.byte	0
 784 04be 1B       		.uleb128 0x1b
 785 04bf 1F030000 		.4byte	.LASF102
 786 04c3 01       		.byte	0x1
 787 04c4 2A       		.byte	0x2a
 788 04c5 00000000 		.4byte	.LFB140
 789 04c9 94000000 		.4byte	.LFE140-.LFB140
 790 04cd 01       		.uleb128 0x1
 791 04ce 9C       		.byte	0x9c
 792 04cf 03060000 		.4byte	0x603
 793 04d3 1C       		.uleb128 0x1c
 794 04d4 657600   		.ascii	"ev\000"
 795 04d7 01       		.byte	0x1
 796 04d8 2A       		.byte	0x2a
 797 04d9 F4010000 		.4byte	0x1f4
 798 04dd 00000000 		.4byte	.LLST0
 799 04e1 1D       		.uleb128 0x1d
 800 04e2 86040000 		.4byte	0x486
 801 04e6 0A000000 		.4byte	.LBB20
 802 04ea 82000000 		.4byte	.LBE20-.LBB20
 803 04ee 01       		.byte	0x1
 804 04ef 30       		.byte	0x30
 805 04f0 F3050000 		.4byte	0x5f3
 806 04f4 1E       		.uleb128 0x1e
 807 04f5 97040000 		.4byte	0x497
 808 04f9 1F       		.uleb128 0x1f
 809 04fa 0A000000 		.4byte	.LBB21
 810 04fe 82000000 		.4byte	.LBE21-.LBB21
 811 0502 20       		.uleb128 0x20
 812 0503 A3040000 		.4byte	0x4a3
 813 0507 21000000 		.4byte	.LLST1
 814 050b 1F       		.uleb128 0x1f
 815 050c 14000000 		.4byte	.LBB22
 816 0510 78000000 		.4byte	.LBE22-.LBB22
 817 0514 21       		.uleb128 0x21
 818 0515 B0040000 		.4byte	0x4b0
 819 0519 02       		.uleb128 0x2
 820 051a 91       		.byte	0x91
 821 051b 68       		.sleb128 -24
 822 051c 22       		.uleb128 0x22
 823 051d CE030000 		.4byte	0x3ce
 824 0521 2C000000 		.4byte	.LBB23
 825 0525 34000000 		.4byte	.LBE23-.LBB23
 826 0529 02       		.byte	0x2
 827 052a 5E01     		.2byte	0x15e
 828 052c 7F050000 		.4byte	0x57f
 829 0530 23       		.uleb128 0x23
 830 0531 EB030000 		.4byte	0x3eb
ARM GAS  C:\Users\91819\AppData\Local\Temp\ccj8CrqO.s 			page 23


 831 0535 02       		.uleb128 0x2
 832 0536 91       		.byte	0x91
 833 0537 6C       		.sleb128 -20
 834 0538 1E       		.uleb128 0x1e
 835 0539 DF030000 		.4byte	0x3df
 836 053d 1F       		.uleb128 0x1f
 837 053e 2C000000 		.4byte	.LBB24
 838 0542 34000000 		.4byte	.LBE24-.LBB24
 839 0546 20       		.uleb128 0x20
 840 0547 F7030000 		.4byte	0x3f7
 841 054b 61000000 		.4byte	.LLST2
 842 054f 20       		.uleb128 0x20
 843 0550 03040000 		.4byte	0x403
 844 0554 75000000 		.4byte	.LLST3
 845 0558 20       		.uleb128 0x20
 846 0559 0F040000 		.4byte	0x40f
 847 055d AB000000 		.4byte	.LLST4
 848 0561 1F       		.uleb128 0x1f
 849 0562 44000000 		.4byte	.LBB25
 850 0566 0A000000 		.4byte	.LBE25-.LBB25
 851 056a 20       		.uleb128 0x20
 852 056b 1C040000 		.4byte	0x41c
 853 056f BE000000 		.4byte	.LLST5
 854 0573 24       		.uleb128 0x24
 855 0574 4E000000 		.4byte	.LVL8
 856 0578 56060000 		.4byte	0x656
 857 057c 00       		.byte	0
 858 057d 00       		.byte	0
 859 057e 00       		.byte	0
 860 057f 22       		.uleb128 0x22
 861 0580 35040000 		.4byte	0x435
 862 0584 60000000 		.4byte	.LBB26
 863 0588 2C000000 		.4byte	.LBE26-.LBB26
 864 058c 02       		.byte	0x2
 865 058d 6301     		.2byte	0x163
 866 058f E4050000 		.4byte	0x5e4
 867 0593 25       		.uleb128 0x25
 868 0594 50040000 		.4byte	0x450
 869 0598 D7000000 		.4byte	.LLST6
 870 059c 1E       		.uleb128 0x1e
 871 059d 45040000 		.4byte	0x445
 872 05a1 1F       		.uleb128 0x1f
 873 05a2 60000000 		.4byte	.LBB27
 874 05a6 2C000000 		.4byte	.LBE27-.LBB27
 875 05aa 20       		.uleb128 0x20
 876 05ab 5B040000 		.4byte	0x45b
 877 05af EB000000 		.4byte	.LLST7
 878 05b3 1F       		.uleb128 0x1f
 879 05b4 66000000 		.4byte	.LBB28
 880 05b8 26000000 		.4byte	.LBE28-.LBB28
 881 05bc 20       		.uleb128 0x20
 882 05bd 67040000 		.4byte	0x467
 883 05c1 21010000 		.4byte	.LLST8
 884 05c5 1F       		.uleb128 0x1f
 885 05c6 72000000 		.4byte	.LBB29
 886 05ca 0A000000 		.4byte	.LBE29-.LBB29
 887 05ce 20       		.uleb128 0x20
ARM GAS  C:\Users\91819\AppData\Local\Temp\ccj8CrqO.s 			page 24


 888 05cf 73040000 		.4byte	0x473
 889 05d3 34010000 		.4byte	.LLST9
 890 05d7 24       		.uleb128 0x24
 891 05d8 7C000000 		.4byte	.LVL16
 892 05dc 56060000 		.4byte	0x656
 893 05e0 00       		.byte	0
 894 05e1 00       		.byte	0
 895 05e2 00       		.byte	0
 896 05e3 00       		.byte	0
 897 05e4 26       		.uleb128 0x26
 898 05e5 22000000 		.4byte	.LVL3
 899 05e9 27       		.uleb128 0x27
 900 05ea 01       		.uleb128 0x1
 901 05eb 50       		.byte	0x50
 902 05ec 02       		.uleb128 0x2
 903 05ed 91       		.byte	0x91
 904 05ee 68       		.sleb128 -24
 905 05ef 00       		.byte	0
 906 05f0 00       		.byte	0
 907 05f1 00       		.byte	0
 908 05f2 00       		.byte	0
 909 05f3 28       		.uleb128 0x28
 910 05f4 0A000000 		.4byte	.LVL2
 911 05f8 62060000 		.4byte	0x662
 912 05fc 27       		.uleb128 0x27
 913 05fd 01       		.uleb128 0x1
 914 05fe 50       		.byte	0x50
 915 05ff 01       		.uleb128 0x1
 916 0600 30       		.byte	0x30
 917 0601 00       		.byte	0
 918 0602 00       		.byte	0
 919 0603 29       		.uleb128 0x29
 920 0604 9D060000 		.4byte	.LASF90
 921 0608 0D       		.byte	0xd
 922 0609 40       		.byte	0x40
 923 060a D4000000 		.4byte	0xd4
 924 060e 29       		.uleb128 0x29
 925 060f F4020000 		.4byte	.LASF91
 926 0613 0D       		.byte	0xd
 927 0614 47       		.byte	0x47
 928 0615 DF000000 		.4byte	0xdf
 929 0619 29       		.uleb128 0x29
 930 061a 59050000 		.4byte	.LASF92
 931 061e 0D       		.byte	0xd
 932 061f 4A       		.byte	0x4a
 933 0620 D4000000 		.4byte	0xd4
 934 0624 29       		.uleb128 0x29
 935 0625 9F020000 		.4byte	.LASF93
 936 0629 0E       		.byte	0xe
 937 062a 48       		.byte	0x48
 938 062b EA000000 		.4byte	0xea
 939 062f 29       		.uleb128 0x29
 940 0630 D0050000 		.4byte	.LASF94
 941 0634 0F       		.byte	0xf
 942 0635 44       		.byte	0x44
 943 0636 D4000000 		.4byte	0xd4
 944 063a 2A       		.uleb128 0x2a
ARM GAS  C:\Users\91819\AppData\Local\Temp\ccj8CrqO.s 			page 25


 945 063b 77060000 		.4byte	.LASF95
 946 063f 10       		.byte	0x10
 947 0640 1207     		.2byte	0x712
 948 0642 46060000 		.4byte	0x646
 949 0646 2B       		.uleb128 0x2b
 950 0647 81000000 		.4byte	0x81
 951 064b 29       		.uleb128 0x29
 952 064c F7050000 		.4byte	.LASF96
 953 0650 11       		.byte	0x11
 954 0651 28       		.byte	0x28
 955 0652 C3030000 		.4byte	0x3c3
 956 0656 2C       		.uleb128 0x2c
 957 0657 5F060000 		.4byte	.LASF97
 958 065b 5F060000 		.4byte	.LASF97
 959 065f 12       		.byte	0x12
 960 0660 4A01     		.2byte	0x14a
 961 0662 2D       		.uleb128 0x2d
 962 0663 9D030000 		.4byte	.LASF98
 963 0667 9D030000 		.4byte	.LASF98
 964 066b 13       		.byte	0x13
 965 066c 30       		.byte	0x30
 966 066d 00       		.byte	0
 967              		.section	.debug_abbrev,"",%progbits
 968              	.Ldebug_abbrev0:
 969 0000 01       		.uleb128 0x1
 970 0001 11       		.uleb128 0x11
 971 0002 01       		.byte	0x1
 972 0003 25       		.uleb128 0x25
 973 0004 0E       		.uleb128 0xe
 974 0005 13       		.uleb128 0x13
 975 0006 0B       		.uleb128 0xb
 976 0007 03       		.uleb128 0x3
 977 0008 0E       		.uleb128 0xe
 978 0009 1B       		.uleb128 0x1b
 979 000a 0E       		.uleb128 0xe
 980 000b 55       		.uleb128 0x55
 981 000c 17       		.uleb128 0x17
 982 000d 11       		.uleb128 0x11
 983 000e 01       		.uleb128 0x1
 984 000f 10       		.uleb128 0x10
 985 0010 17       		.uleb128 0x17
 986 0011 00       		.byte	0
 987 0012 00       		.byte	0
 988 0013 02       		.uleb128 0x2
 989 0014 24       		.uleb128 0x24
 990 0015 00       		.byte	0
 991 0016 0B       		.uleb128 0xb
 992 0017 0B       		.uleb128 0xb
 993 0018 3E       		.uleb128 0x3e
 994 0019 0B       		.uleb128 0xb
 995 001a 03       		.uleb128 0x3
 996 001b 0E       		.uleb128 0xe
 997 001c 00       		.byte	0
 998 001d 00       		.byte	0
 999 001e 03       		.uleb128 0x3
 1000 001f 16       		.uleb128 0x16
 1001 0020 00       		.byte	0
ARM GAS  C:\Users\91819\AppData\Local\Temp\ccj8CrqO.s 			page 26


 1002 0021 03       		.uleb128 0x3
 1003 0022 0E       		.uleb128 0xe
 1004 0023 3A       		.uleb128 0x3a
 1005 0024 0B       		.uleb128 0xb
 1006 0025 3B       		.uleb128 0x3b
 1007 0026 0B       		.uleb128 0xb
 1008 0027 49       		.uleb128 0x49
 1009 0028 13       		.uleb128 0x13
 1010 0029 00       		.byte	0
 1011 002a 00       		.byte	0
 1012 002b 04       		.uleb128 0x4
 1013 002c 24       		.uleb128 0x24
 1014 002d 00       		.byte	0
 1015 002e 0B       		.uleb128 0xb
 1016 002f 0B       		.uleb128 0xb
 1017 0030 3E       		.uleb128 0x3e
 1018 0031 0B       		.uleb128 0xb
 1019 0032 03       		.uleb128 0x3
 1020 0033 08       		.uleb128 0x8
 1021 0034 00       		.byte	0
 1022 0035 00       		.byte	0
 1023 0036 05       		.uleb128 0x5
 1024 0037 16       		.uleb128 0x16
 1025 0038 00       		.byte	0
 1026 0039 03       		.uleb128 0x3
 1027 003a 0E       		.uleb128 0xe
 1028 003b 3A       		.uleb128 0x3a
 1029 003c 0B       		.uleb128 0xb
 1030 003d 3B       		.uleb128 0x3b
 1031 003e 05       		.uleb128 0x5
 1032 003f 49       		.uleb128 0x49
 1033 0040 13       		.uleb128 0x13
 1034 0041 00       		.byte	0
 1035 0042 00       		.byte	0
 1036 0043 06       		.uleb128 0x6
 1037 0044 04       		.uleb128 0x4
 1038 0045 01       		.byte	0x1
 1039 0046 0B       		.uleb128 0xb
 1040 0047 0B       		.uleb128 0xb
 1041 0048 49       		.uleb128 0x49
 1042 0049 13       		.uleb128 0x13
 1043 004a 3A       		.uleb128 0x3a
 1044 004b 0B       		.uleb128 0xb
 1045 004c 3B       		.uleb128 0x3b
 1046 004d 0B       		.uleb128 0xb
 1047 004e 01       		.uleb128 0x1
 1048 004f 13       		.uleb128 0x13
 1049 0050 00       		.byte	0
 1050 0051 00       		.byte	0
 1051 0052 07       		.uleb128 0x7
 1052 0053 28       		.uleb128 0x28
 1053 0054 00       		.byte	0
 1054 0055 03       		.uleb128 0x3
 1055 0056 0E       		.uleb128 0xe
 1056 0057 1C       		.uleb128 0x1c
 1057 0058 0B       		.uleb128 0xb
 1058 0059 00       		.byte	0
ARM GAS  C:\Users\91819\AppData\Local\Temp\ccj8CrqO.s 			page 27


 1059 005a 00       		.byte	0
 1060 005b 08       		.uleb128 0x8
 1061 005c 28       		.uleb128 0x28
 1062 005d 00       		.byte	0
 1063 005e 03       		.uleb128 0x3
 1064 005f 0E       		.uleb128 0xe
 1065 0060 1C       		.uleb128 0x1c
 1066 0061 0D       		.uleb128 0xd
 1067 0062 00       		.byte	0
 1068 0063 00       		.byte	0
 1069 0064 09       		.uleb128 0x9
 1070 0065 01       		.uleb128 0x1
 1071 0066 01       		.byte	0x1
 1072 0067 49       		.uleb128 0x49
 1073 0068 13       		.uleb128 0x13
 1074 0069 01       		.uleb128 0x1
 1075 006a 13       		.uleb128 0x13
 1076 006b 00       		.byte	0
 1077 006c 00       		.byte	0
 1078 006d 0A       		.uleb128 0xa
 1079 006e 21       		.uleb128 0x21
 1080 006f 00       		.byte	0
 1081 0070 00       		.byte	0
 1082 0071 00       		.byte	0
 1083 0072 0B       		.uleb128 0xb
 1084 0073 13       		.uleb128 0x13
 1085 0074 01       		.byte	0x1
 1086 0075 0B       		.uleb128 0xb
 1087 0076 0B       		.uleb128 0xb
 1088 0077 3A       		.uleb128 0x3a
 1089 0078 0B       		.uleb128 0xb
 1090 0079 3B       		.uleb128 0x3b
 1091 007a 0B       		.uleb128 0xb
 1092 007b 01       		.uleb128 0x1
 1093 007c 13       		.uleb128 0x13
 1094 007d 00       		.byte	0
 1095 007e 00       		.byte	0
 1096 007f 0C       		.uleb128 0xc
 1097 0080 0D       		.uleb128 0xd
 1098 0081 00       		.byte	0
 1099 0082 03       		.uleb128 0x3
 1100 0083 08       		.uleb128 0x8
 1101 0084 3A       		.uleb128 0x3a
 1102 0085 0B       		.uleb128 0xb
 1103 0086 3B       		.uleb128 0x3b
 1104 0087 0B       		.uleb128 0xb
 1105 0088 49       		.uleb128 0x49
 1106 0089 13       		.uleb128 0x13
 1107 008a 38       		.uleb128 0x38
 1108 008b 0B       		.uleb128 0xb
 1109 008c 00       		.byte	0
 1110 008d 00       		.byte	0
 1111 008e 0D       		.uleb128 0xd
 1112 008f 0F       		.uleb128 0xf
 1113 0090 00       		.byte	0
 1114 0091 0B       		.uleb128 0xb
 1115 0092 0B       		.uleb128 0xb
ARM GAS  C:\Users\91819\AppData\Local\Temp\ccj8CrqO.s 			page 28


 1116 0093 49       		.uleb128 0x49
 1117 0094 13       		.uleb128 0x13
 1118 0095 00       		.byte	0
 1119 0096 00       		.byte	0
 1120 0097 0E       		.uleb128 0xe
 1121 0098 15       		.uleb128 0x15
 1122 0099 01       		.byte	0x1
 1123 009a 27       		.uleb128 0x27
 1124 009b 19       		.uleb128 0x19
 1125 009c 49       		.uleb128 0x49
 1126 009d 13       		.uleb128 0x13
 1127 009e 01       		.uleb128 0x1
 1128 009f 13       		.uleb128 0x13
 1129 00a0 00       		.byte	0
 1130 00a1 00       		.byte	0
 1131 00a2 0F       		.uleb128 0xf
 1132 00a3 05       		.uleb128 0x5
 1133 00a4 00       		.byte	0
 1134 00a5 49       		.uleb128 0x49
 1135 00a6 13       		.uleb128 0x13
 1136 00a7 00       		.byte	0
 1137 00a8 00       		.byte	0
 1138 00a9 10       		.uleb128 0x10
 1139 00aa 26       		.uleb128 0x26
 1140 00ab 00       		.byte	0
 1141 00ac 49       		.uleb128 0x49
 1142 00ad 13       		.uleb128 0x13
 1143 00ae 00       		.byte	0
 1144 00af 00       		.byte	0
 1145 00b0 11       		.uleb128 0x11
 1146 00b1 13       		.uleb128 0x13
 1147 00b2 01       		.byte	0x1
 1148 00b3 03       		.uleb128 0x3
 1149 00b4 0E       		.uleb128 0xe
 1150 00b5 0B       		.uleb128 0xb
 1151 00b6 0B       		.uleb128 0xb
 1152 00b7 3A       		.uleb128 0x3a
 1153 00b8 0B       		.uleb128 0xb
 1154 00b9 3B       		.uleb128 0x3b
 1155 00ba 0B       		.uleb128 0xb
 1156 00bb 01       		.uleb128 0x1
 1157 00bc 13       		.uleb128 0x13
 1158 00bd 00       		.byte	0
 1159 00be 00       		.byte	0
 1160 00bf 12       		.uleb128 0x12
 1161 00c0 0D       		.uleb128 0xd
 1162 00c1 00       		.byte	0
 1163 00c2 03       		.uleb128 0x3
 1164 00c3 0E       		.uleb128 0xe
 1165 00c4 3A       		.uleb128 0x3a
 1166 00c5 0B       		.uleb128 0xb
 1167 00c6 3B       		.uleb128 0x3b
 1168 00c7 0B       		.uleb128 0xb
 1169 00c8 49       		.uleb128 0x49
 1170 00c9 13       		.uleb128 0x13
 1171 00ca 38       		.uleb128 0x38
 1172 00cb 0B       		.uleb128 0xb
ARM GAS  C:\Users\91819\AppData\Local\Temp\ccj8CrqO.s 			page 29


 1173 00cc 00       		.byte	0
 1174 00cd 00       		.byte	0
 1175 00ce 13       		.uleb128 0x13
 1176 00cf 2E       		.uleb128 0x2e
 1177 00d0 01       		.byte	0x1
 1178 00d1 3F       		.uleb128 0x3f
 1179 00d2 19       		.uleb128 0x19
 1180 00d3 03       		.uleb128 0x3
 1181 00d4 0E       		.uleb128 0xe
 1182 00d5 3A       		.uleb128 0x3a
 1183 00d6 0B       		.uleb128 0xb
 1184 00d7 3B       		.uleb128 0x3b
 1185 00d8 05       		.uleb128 0x5
 1186 00d9 27       		.uleb128 0x27
 1187 00da 19       		.uleb128 0x19
 1188 00db 49       		.uleb128 0x49
 1189 00dc 13       		.uleb128 0x13
 1190 00dd 20       		.uleb128 0x20
 1191 00de 0B       		.uleb128 0xb
 1192 00df 01       		.uleb128 0x1
 1193 00e0 13       		.uleb128 0x13
 1194 00e1 00       		.byte	0
 1195 00e2 00       		.byte	0
 1196 00e3 14       		.uleb128 0x14
 1197 00e4 05       		.uleb128 0x5
 1198 00e5 00       		.byte	0
 1199 00e6 03       		.uleb128 0x3
 1200 00e7 0E       		.uleb128 0xe
 1201 00e8 3A       		.uleb128 0x3a
 1202 00e9 0B       		.uleb128 0xb
 1203 00ea 3B       		.uleb128 0x3b
 1204 00eb 05       		.uleb128 0x5
 1205 00ec 49       		.uleb128 0x49
 1206 00ed 13       		.uleb128 0x13
 1207 00ee 00       		.byte	0
 1208 00ef 00       		.byte	0
 1209 00f0 15       		.uleb128 0x15
 1210 00f1 34       		.uleb128 0x34
 1211 00f2 00       		.byte	0
 1212 00f3 03       		.uleb128 0x3
 1213 00f4 08       		.uleb128 0x8
 1214 00f5 3A       		.uleb128 0x3a
 1215 00f6 0B       		.uleb128 0xb
 1216 00f7 3B       		.uleb128 0x3b
 1217 00f8 05       		.uleb128 0x5
 1218 00f9 49       		.uleb128 0x49
 1219 00fa 13       		.uleb128 0x13
 1220 00fb 00       		.byte	0
 1221 00fc 00       		.byte	0
 1222 00fd 16       		.uleb128 0x16
 1223 00fe 34       		.uleb128 0x34
 1224 00ff 00       		.byte	0
 1225 0100 03       		.uleb128 0x3
 1226 0101 0E       		.uleb128 0xe
 1227 0102 3A       		.uleb128 0x3a
 1228 0103 0B       		.uleb128 0xb
 1229 0104 3B       		.uleb128 0x3b
ARM GAS  C:\Users\91819\AppData\Local\Temp\ccj8CrqO.s 			page 30


 1230 0105 05       		.uleb128 0x5
 1231 0106 49       		.uleb128 0x49
 1232 0107 13       		.uleb128 0x13
 1233 0108 00       		.byte	0
 1234 0109 00       		.byte	0
 1235 010a 17       		.uleb128 0x17
 1236 010b 0B       		.uleb128 0xb
 1237 010c 01       		.byte	0x1
 1238 010d 00       		.byte	0
 1239 010e 00       		.byte	0
 1240 010f 18       		.uleb128 0x18
 1241 0110 2E       		.uleb128 0x2e
 1242 0111 01       		.byte	0x1
 1243 0112 3F       		.uleb128 0x3f
 1244 0113 19       		.uleb128 0x19
 1245 0114 03       		.uleb128 0x3
 1246 0115 0E       		.uleb128 0xe
 1247 0116 3A       		.uleb128 0x3a
 1248 0117 0B       		.uleb128 0xb
 1249 0118 3B       		.uleb128 0x3b
 1250 0119 0B       		.uleb128 0xb
 1251 011a 27       		.uleb128 0x27
 1252 011b 19       		.uleb128 0x19
 1253 011c 49       		.uleb128 0x49
 1254 011d 13       		.uleb128 0x13
 1255 011e 20       		.uleb128 0x20
 1256 011f 0B       		.uleb128 0xb
 1257 0120 01       		.uleb128 0x1
 1258 0121 13       		.uleb128 0x13
 1259 0122 00       		.byte	0
 1260 0123 00       		.byte	0
 1261 0124 19       		.uleb128 0x19
 1262 0125 05       		.uleb128 0x5
 1263 0126 00       		.byte	0
 1264 0127 03       		.uleb128 0x3
 1265 0128 0E       		.uleb128 0xe
 1266 0129 3A       		.uleb128 0x3a
 1267 012a 0B       		.uleb128 0xb
 1268 012b 3B       		.uleb128 0x3b
 1269 012c 0B       		.uleb128 0xb
 1270 012d 49       		.uleb128 0x49
 1271 012e 13       		.uleb128 0x13
 1272 012f 00       		.byte	0
 1273 0130 00       		.byte	0
 1274 0131 1A       		.uleb128 0x1a
 1275 0132 34       		.uleb128 0x34
 1276 0133 00       		.byte	0
 1277 0134 03       		.uleb128 0x3
 1278 0135 0E       		.uleb128 0xe
 1279 0136 3A       		.uleb128 0x3a
 1280 0137 0B       		.uleb128 0xb
 1281 0138 3B       		.uleb128 0x3b
 1282 0139 0B       		.uleb128 0xb
 1283 013a 49       		.uleb128 0x49
 1284 013b 13       		.uleb128 0x13
 1285 013c 00       		.byte	0
 1286 013d 00       		.byte	0
ARM GAS  C:\Users\91819\AppData\Local\Temp\ccj8CrqO.s 			page 31


 1287 013e 1B       		.uleb128 0x1b
 1288 013f 2E       		.uleb128 0x2e
 1289 0140 01       		.byte	0x1
 1290 0141 3F       		.uleb128 0x3f
 1291 0142 19       		.uleb128 0x19
 1292 0143 03       		.uleb128 0x3
 1293 0144 0E       		.uleb128 0xe
 1294 0145 3A       		.uleb128 0x3a
 1295 0146 0B       		.uleb128 0xb
 1296 0147 3B       		.uleb128 0x3b
 1297 0148 0B       		.uleb128 0xb
 1298 0149 27       		.uleb128 0x27
 1299 014a 19       		.uleb128 0x19
 1300 014b 11       		.uleb128 0x11
 1301 014c 01       		.uleb128 0x1
 1302 014d 12       		.uleb128 0x12
 1303 014e 06       		.uleb128 0x6
 1304 014f 40       		.uleb128 0x40
 1305 0150 18       		.uleb128 0x18
 1306 0151 9742     		.uleb128 0x2117
 1307 0153 19       		.uleb128 0x19
 1308 0154 01       		.uleb128 0x1
 1309 0155 13       		.uleb128 0x13
 1310 0156 00       		.byte	0
 1311 0157 00       		.byte	0
 1312 0158 1C       		.uleb128 0x1c
 1313 0159 05       		.uleb128 0x5
 1314 015a 00       		.byte	0
 1315 015b 03       		.uleb128 0x3
 1316 015c 08       		.uleb128 0x8
 1317 015d 3A       		.uleb128 0x3a
 1318 015e 0B       		.uleb128 0xb
 1319 015f 3B       		.uleb128 0x3b
 1320 0160 0B       		.uleb128 0xb
 1321 0161 49       		.uleb128 0x49
 1322 0162 13       		.uleb128 0x13
 1323 0163 02       		.uleb128 0x2
 1324 0164 17       		.uleb128 0x17
 1325 0165 00       		.byte	0
 1326 0166 00       		.byte	0
 1327 0167 1D       		.uleb128 0x1d
 1328 0168 1D       		.uleb128 0x1d
 1329 0169 01       		.byte	0x1
 1330 016a 31       		.uleb128 0x31
 1331 016b 13       		.uleb128 0x13
 1332 016c 11       		.uleb128 0x11
 1333 016d 01       		.uleb128 0x1
 1334 016e 12       		.uleb128 0x12
 1335 016f 06       		.uleb128 0x6
 1336 0170 58       		.uleb128 0x58
 1337 0171 0B       		.uleb128 0xb
 1338 0172 59       		.uleb128 0x59
 1339 0173 0B       		.uleb128 0xb
 1340 0174 01       		.uleb128 0x1
 1341 0175 13       		.uleb128 0x13
 1342 0176 00       		.byte	0
 1343 0177 00       		.byte	0
ARM GAS  C:\Users\91819\AppData\Local\Temp\ccj8CrqO.s 			page 32


 1344 0178 1E       		.uleb128 0x1e
 1345 0179 05       		.uleb128 0x5
 1346 017a 00       		.byte	0
 1347 017b 31       		.uleb128 0x31
 1348 017c 13       		.uleb128 0x13
 1349 017d 00       		.byte	0
 1350 017e 00       		.byte	0
 1351 017f 1F       		.uleb128 0x1f
 1352 0180 0B       		.uleb128 0xb
 1353 0181 01       		.byte	0x1
 1354 0182 11       		.uleb128 0x11
 1355 0183 01       		.uleb128 0x1
 1356 0184 12       		.uleb128 0x12
 1357 0185 06       		.uleb128 0x6
 1358 0186 00       		.byte	0
 1359 0187 00       		.byte	0
 1360 0188 20       		.uleb128 0x20
 1361 0189 34       		.uleb128 0x34
 1362 018a 00       		.byte	0
 1363 018b 31       		.uleb128 0x31
 1364 018c 13       		.uleb128 0x13
 1365 018d 02       		.uleb128 0x2
 1366 018e 17       		.uleb128 0x17
 1367 018f 00       		.byte	0
 1368 0190 00       		.byte	0
 1369 0191 21       		.uleb128 0x21
 1370 0192 34       		.uleb128 0x34
 1371 0193 00       		.byte	0
 1372 0194 31       		.uleb128 0x31
 1373 0195 13       		.uleb128 0x13
 1374 0196 02       		.uleb128 0x2
 1375 0197 18       		.uleb128 0x18
 1376 0198 00       		.byte	0
 1377 0199 00       		.byte	0
 1378 019a 22       		.uleb128 0x22
 1379 019b 1D       		.uleb128 0x1d
 1380 019c 01       		.byte	0x1
 1381 019d 31       		.uleb128 0x31
 1382 019e 13       		.uleb128 0x13
 1383 019f 11       		.uleb128 0x11
 1384 01a0 01       		.uleb128 0x1
 1385 01a1 12       		.uleb128 0x12
 1386 01a2 06       		.uleb128 0x6
 1387 01a3 58       		.uleb128 0x58
 1388 01a4 0B       		.uleb128 0xb
 1389 01a5 59       		.uleb128 0x59
 1390 01a6 05       		.uleb128 0x5
 1391 01a7 01       		.uleb128 0x1
 1392 01a8 13       		.uleb128 0x13
 1393 01a9 00       		.byte	0
 1394 01aa 00       		.byte	0
 1395 01ab 23       		.uleb128 0x23
 1396 01ac 05       		.uleb128 0x5
 1397 01ad 00       		.byte	0
 1398 01ae 31       		.uleb128 0x31
 1399 01af 13       		.uleb128 0x13
 1400 01b0 02       		.uleb128 0x2
ARM GAS  C:\Users\91819\AppData\Local\Temp\ccj8CrqO.s 			page 33


 1401 01b1 18       		.uleb128 0x18
 1402 01b2 00       		.byte	0
 1403 01b3 00       		.byte	0
 1404 01b4 24       		.uleb128 0x24
 1405 01b5 898201   		.uleb128 0x4109
 1406 01b8 00       		.byte	0
 1407 01b9 11       		.uleb128 0x11
 1408 01ba 01       		.uleb128 0x1
 1409 01bb 31       		.uleb128 0x31
 1410 01bc 13       		.uleb128 0x13
 1411 01bd 00       		.byte	0
 1412 01be 00       		.byte	0
 1413 01bf 25       		.uleb128 0x25
 1414 01c0 05       		.uleb128 0x5
 1415 01c1 00       		.byte	0
 1416 01c2 31       		.uleb128 0x31
 1417 01c3 13       		.uleb128 0x13
 1418 01c4 02       		.uleb128 0x2
 1419 01c5 17       		.uleb128 0x17
 1420 01c6 00       		.byte	0
 1421 01c7 00       		.byte	0
 1422 01c8 26       		.uleb128 0x26
 1423 01c9 898201   		.uleb128 0x4109
 1424 01cc 01       		.byte	0x1
 1425 01cd 11       		.uleb128 0x11
 1426 01ce 01       		.uleb128 0x1
 1427 01cf 00       		.byte	0
 1428 01d0 00       		.byte	0
 1429 01d1 27       		.uleb128 0x27
 1430 01d2 8A8201   		.uleb128 0x410a
 1431 01d5 00       		.byte	0
 1432 01d6 02       		.uleb128 0x2
 1433 01d7 18       		.uleb128 0x18
 1434 01d8 9142     		.uleb128 0x2111
 1435 01da 18       		.uleb128 0x18
 1436 01db 00       		.byte	0
 1437 01dc 00       		.byte	0
 1438 01dd 28       		.uleb128 0x28
 1439 01de 898201   		.uleb128 0x4109
 1440 01e1 01       		.byte	0x1
 1441 01e2 11       		.uleb128 0x11
 1442 01e3 01       		.uleb128 0x1
 1443 01e4 31       		.uleb128 0x31
 1444 01e5 13       		.uleb128 0x13
 1445 01e6 00       		.byte	0
 1446 01e7 00       		.byte	0
 1447 01e8 29       		.uleb128 0x29
 1448 01e9 34       		.uleb128 0x34
 1449 01ea 00       		.byte	0
 1450 01eb 03       		.uleb128 0x3
 1451 01ec 0E       		.uleb128 0xe
 1452 01ed 3A       		.uleb128 0x3a
 1453 01ee 0B       		.uleb128 0xb
 1454 01ef 3B       		.uleb128 0x3b
 1455 01f0 0B       		.uleb128 0xb
 1456 01f1 49       		.uleb128 0x49
 1457 01f2 13       		.uleb128 0x13
ARM GAS  C:\Users\91819\AppData\Local\Temp\ccj8CrqO.s 			page 34


 1458 01f3 3F       		.uleb128 0x3f
 1459 01f4 19       		.uleb128 0x19
 1460 01f5 3C       		.uleb128 0x3c
 1461 01f6 19       		.uleb128 0x19
 1462 01f7 00       		.byte	0
 1463 01f8 00       		.byte	0
 1464 01f9 2A       		.uleb128 0x2a
 1465 01fa 34       		.uleb128 0x34
 1466 01fb 00       		.byte	0
 1467 01fc 03       		.uleb128 0x3
 1468 01fd 0E       		.uleb128 0xe
 1469 01fe 3A       		.uleb128 0x3a
 1470 01ff 0B       		.uleb128 0xb
 1471 0200 3B       		.uleb128 0x3b
 1472 0201 05       		.uleb128 0x5
 1473 0202 49       		.uleb128 0x49
 1474 0203 13       		.uleb128 0x13
 1475 0204 3F       		.uleb128 0x3f
 1476 0205 19       		.uleb128 0x19
 1477 0206 3C       		.uleb128 0x3c
 1478 0207 19       		.uleb128 0x19
 1479 0208 00       		.byte	0
 1480 0209 00       		.byte	0
 1481 020a 2B       		.uleb128 0x2b
 1482 020b 35       		.uleb128 0x35
 1483 020c 00       		.byte	0
 1484 020d 49       		.uleb128 0x49
 1485 020e 13       		.uleb128 0x13
 1486 020f 00       		.byte	0
 1487 0210 00       		.byte	0
 1488 0211 2C       		.uleb128 0x2c
 1489 0212 2E       		.uleb128 0x2e
 1490 0213 00       		.byte	0
 1491 0214 3F       		.uleb128 0x3f
 1492 0215 19       		.uleb128 0x19
 1493 0216 3C       		.uleb128 0x3c
 1494 0217 19       		.uleb128 0x19
 1495 0218 6E       		.uleb128 0x6e
 1496 0219 0E       		.uleb128 0xe
 1497 021a 03       		.uleb128 0x3
 1498 021b 0E       		.uleb128 0xe
 1499 021c 3A       		.uleb128 0x3a
 1500 021d 0B       		.uleb128 0xb
 1501 021e 3B       		.uleb128 0x3b
 1502 021f 05       		.uleb128 0x5
 1503 0220 00       		.byte	0
 1504 0221 00       		.byte	0
 1505 0222 2D       		.uleb128 0x2d
 1506 0223 2E       		.uleb128 0x2e
 1507 0224 00       		.byte	0
 1508 0225 3F       		.uleb128 0x3f
 1509 0226 19       		.uleb128 0x19
 1510 0227 3C       		.uleb128 0x3c
 1511 0228 19       		.uleb128 0x19
 1512 0229 6E       		.uleb128 0x6e
 1513 022a 0E       		.uleb128 0xe
 1514 022b 03       		.uleb128 0x3
ARM GAS  C:\Users\91819\AppData\Local\Temp\ccj8CrqO.s 			page 35


 1515 022c 0E       		.uleb128 0xe
 1516 022d 3A       		.uleb128 0x3a
 1517 022e 0B       		.uleb128 0xb
 1518 022f 3B       		.uleb128 0x3b
 1519 0230 0B       		.uleb128 0xb
 1520 0231 00       		.byte	0
 1521 0232 00       		.byte	0
 1522 0233 00       		.byte	0
 1523              		.section	.debug_loc,"",%progbits
 1524              	.Ldebug_loc0:
 1525              	.LLST0:
 1526 0000 00000000 		.4byte	.LVL0
 1527 0004 06000000 		.4byte	.LVL1
 1528 0008 0100     		.2byte	0x1
 1529 000a 50       		.byte	0x50
 1530 000b 06000000 		.4byte	.LVL1
 1531 000f 94000000 		.4byte	.LFE140
 1532 0013 0400     		.2byte	0x4
 1533 0015 F3       		.byte	0xf3
 1534 0016 01       		.uleb128 0x1
 1535 0017 50       		.byte	0x50
 1536 0018 9F       		.byte	0x9f
 1537 0019 00000000 		.4byte	0
 1538 001d 00000000 		.4byte	0
 1539              	.LLST1:
 1540 0021 0A000000 		.4byte	.LVL2
 1541 0025 22000000 		.4byte	.LVL3
 1542 0029 0200     		.2byte	0x2
 1543 002b 30       		.byte	0x30
 1544 002c 9F       		.byte	0x9f
 1545 002d 22000000 		.4byte	.LVL3
 1546 0031 44000000 		.4byte	.LVL7
 1547 0035 0100     		.2byte	0x1
 1548 0037 50       		.byte	0x50
 1549 0038 52000000 		.4byte	.LVL10
 1550 003c 54000000 		.4byte	.LVL11
 1551 0040 0100     		.2byte	0x1
 1552 0042 50       		.byte	0x50
 1553 0043 60000000 		.4byte	.LVL12
 1554 0047 72000000 		.4byte	.LVL15
 1555 004b 0100     		.2byte	0x1
 1556 004d 50       		.byte	0x50
 1557 004e 80000000 		.4byte	.LVL18
 1558 0052 82000000 		.4byte	.LVL19
 1559 0056 0100     		.2byte	0x1
 1560 0058 50       		.byte	0x50
 1561 0059 00000000 		.4byte	0
 1562 005d 00000000 		.4byte	0
 1563              	.LLST2:
 1564 0061 2C000000 		.4byte	.LVL5
 1565 0065 60000000 		.4byte	.LVL12
 1566 0069 0200     		.2byte	0x2
 1567 006b 30       		.byte	0x30
 1568 006c 9F       		.byte	0x9f
 1569 006d 00000000 		.4byte	0
 1570 0071 00000000 		.4byte	0
 1571              	.LLST3:
ARM GAS  C:\Users\91819\AppData\Local\Temp\ccj8CrqO.s 			page 36


 1572 0075 2C000000 		.4byte	.LVL5
 1573 0079 44000000 		.4byte	.LVL7
 1574 007d 0200     		.2byte	0x2
 1575 007f 30       		.byte	0x30
 1576 0080 9F       		.byte	0x9f
 1577 0081 44000000 		.4byte	.LVL7
 1578 0085 52000000 		.4byte	.LVL10
 1579 0089 0100     		.2byte	0x1
 1580 008b 54       		.byte	0x54
 1581 008c 52000000 		.4byte	.LVL10
 1582 0090 54000000 		.4byte	.LVL11
 1583 0094 0200     		.2byte	0x2
 1584 0096 30       		.byte	0x30
 1585 0097 9F       		.byte	0x9f
 1586 0098 54000000 		.4byte	.LVL11
 1587 009c 60000000 		.4byte	.LVL12
 1588 00a0 0100     		.2byte	0x1
 1589 00a2 54       		.byte	0x54
 1590 00a3 00000000 		.4byte	0
 1591 00a7 00000000 		.4byte	0
 1592              	.LLST4:
 1593 00ab 3C000000 		.4byte	.LVL6
 1594 00af 60000000 		.4byte	.LVL12
 1595 00b3 0100     		.2byte	0x1
 1596 00b5 55       		.byte	0x55
 1597 00b6 00000000 		.4byte	0
 1598 00ba 00000000 		.4byte	0
 1599              	.LLST5:
 1600 00be 44000000 		.4byte	.LVL7
 1601 00c2 4D000000 		.4byte	.LVL8-1
 1602 00c6 0700     		.2byte	0x7
 1603 00c8 74       		.byte	0x74
 1604 00c9 00       		.sleb128 0
 1605 00ca 32       		.byte	0x32
 1606 00cb 24       		.byte	0x24
 1607 00cc 75       		.byte	0x75
 1608 00cd 00       		.sleb128 0
 1609 00ce 22       		.byte	0x22
 1610 00cf 00000000 		.4byte	0
 1611 00d3 00000000 		.4byte	0
 1612              	.LLST6:
 1613 00d7 60000000 		.4byte	.LVL12
 1614 00db 8C000000 		.4byte	.LVL20
 1615 00df 0200     		.2byte	0x2
 1616 00e1 33       		.byte	0x33
 1617 00e2 9F       		.byte	0x9f
 1618 00e3 00000000 		.4byte	0
 1619 00e7 00000000 		.4byte	0
 1620              	.LLST7:
 1621 00eb 66000000 		.4byte	.LVL13
 1622 00ef 72000000 		.4byte	.LVL15
 1623 00f3 0200     		.2byte	0x2
 1624 00f5 30       		.byte	0x30
 1625 00f6 9F       		.byte	0x9f
 1626 00f7 72000000 		.4byte	.LVL15
 1627 00fb 80000000 		.4byte	.LVL18
 1628 00ff 0100     		.2byte	0x1
ARM GAS  C:\Users\91819\AppData\Local\Temp\ccj8CrqO.s 			page 37


 1629 0101 54       		.byte	0x54
 1630 0102 80000000 		.4byte	.LVL18
 1631 0106 82000000 		.4byte	.LVL19
 1632 010a 0200     		.2byte	0x2
 1633 010c 30       		.byte	0x30
 1634 010d 9F       		.byte	0x9f
 1635 010e 82000000 		.4byte	.LVL19
 1636 0112 8C000000 		.4byte	.LVL20
 1637 0116 0100     		.2byte	0x1
 1638 0118 54       		.byte	0x54
 1639 0119 00000000 		.4byte	0
 1640 011d 00000000 		.4byte	0
 1641              	.LLST8:
 1642 0121 6A000000 		.4byte	.LVL14
 1643 0125 8C000000 		.4byte	.LVL20
 1644 0129 0100     		.2byte	0x1
 1645 012b 55       		.byte	0x55
 1646 012c 00000000 		.4byte	0
 1647 0130 00000000 		.4byte	0
 1648              	.LLST9:
 1649 0134 72000000 		.4byte	.LVL15
 1650 0138 7B000000 		.4byte	.LVL16-1
 1651 013c 0700     		.2byte	0x7
 1652 013e 74       		.byte	0x74
 1653 013f 00       		.sleb128 0
 1654 0140 32       		.byte	0x32
 1655 0141 24       		.byte	0x24
 1656 0142 75       		.byte	0x75
 1657 0143 00       		.sleb128 0
 1658 0144 22       		.byte	0x22
 1659 0145 00000000 		.4byte	0
 1660 0149 00000000 		.4byte	0
 1661              		.section	.debug_aranges,"",%progbits
 1662 0000 1C000000 		.4byte	0x1c
 1663 0004 0200     		.2byte	0x2
 1664 0006 00000000 		.4byte	.Ldebug_info0
 1665 000a 04       		.byte	0x4
 1666 000b 00       		.byte	0
 1667 000c 0000     		.2byte	0
 1668 000e 0000     		.2byte	0
 1669 0010 00000000 		.4byte	.LFB140
 1670 0014 94000000 		.4byte	.LFE140-.LFB140
 1671 0018 00000000 		.4byte	0
 1672 001c 00000000 		.4byte	0
 1673              		.section	.debug_ranges,"",%progbits
 1674              	.Ldebug_ranges0:
 1675 0000 00000000 		.4byte	.LFB140
 1676 0004 94000000 		.4byte	.LFE140
 1677 0008 00000000 		.4byte	0
 1678 000c 00000000 		.4byte	0
 1679              		.section	.debug_line,"",%progbits
 1680              	.Ldebug_line0:
 1681 0000 79030000 		.section	.debug_str,"MS",%progbits,1
 1681      02003E03 
 1681      00000201 
 1681      FB0E0D00 
 1681      01010101 
ARM GAS  C:\Users\91819\AppData\Local\Temp\ccj8CrqO.s 			page 38


 1682              	.LASF99:
 1683 0000 474E5520 		.ascii	"GNU C11 5.4.1 20160609 (release) [ARM/embedded-5-br"
 1683      43313120 
 1683      352E342E 
 1683      31203230 
 1683      31363036 
 1684 0033 616E6368 		.ascii	"anch revision 237715] -mcpu=cortex-m3 -mthumb -g -O"
 1684      20726576 
 1684      6973696F 
 1684      6E203233 
 1684      37373135 
 1685 0066 67202D66 		.ascii	"g -ffunction-sections -ffat-lto-objects\000"
 1685      66756E63 
 1685      74696F6E 
 1685      2D736563 
 1685      74696F6E 
 1686              	.LASF59:
 1687 008e 5254455F 		.ascii	"RTE_SIGNALSTATUS_INITIALIZED\000"
 1687      5349474E 
 1687      414C5354 
 1687      41545553 
 1687      5F494E49 
 1688              	.LASF24:
 1689 00ab 4576656E 		.ascii	"EventMaskType\000"
 1689      744D6173 
 1689      6B547970 
 1689      6500
 1690              	.LASF42:
 1691 00b9 52435F45 		.ascii	"RC_ERROR_READ_ONLY\000"
 1691      52524F52 
 1691      5F524541 
 1691      445F4F4E 
 1691      4C5900
 1692              	.LASF28:
 1693 00cc 52435F53 		.ascii	"RC_SUCCESS\000"
 1693      55434345 
 1693      535300
 1694              	.LASF89:
 1695 00d7 5254455F 		.ascii	"RTE_SC_JOYSTICK_pullPort\000"
 1695      53435F4A 
 1695      4F595354 
 1695      49434B5F 
 1695      70756C6C 
 1696              	.LASF69:
 1697 00f0 65764F6E 		.ascii	"evOnError\000"
 1697      4572726F 
 1697      7200
 1698              	.LASF15:
 1699 00fa 63686172 		.ascii	"char\000"
 1699      00
 1700              	.LASF43:
 1701 00ff 52435F45 		.ascii	"RC_ERROR_WRITE_ONLY\000"
 1701      52524F52 
 1701      5F575249 
 1701      54455F4F 
 1701      4E4C5900 
 1702              	.LASF100:
ARM GAS  C:\Users\91819\AppData\Local\Temp\ccj8CrqO.s 			page 39


 1703 0113 736F7572 		.ascii	"source\\asw\\swc_remote.c\000"
 1703      63655C61 
 1703      73775C73 
 1703      77635F72 
 1703      656D6F74 
 1704              	.LASF2:
 1705 012b 73686F72 		.ascii	"short int\000"
 1705      7420696E 
 1705      7400
 1706              	.LASF16:
 1707 0135 73697A65 		.ascii	"size_t\000"
 1707      5F7400
 1708              	.LASF46:
 1709 013c 52435F45 		.ascii	"RC_ERROR_WRITE_FAILS\000"
 1709      52524F52 
 1709      5F575249 
 1709      54455F46 
 1709      41494C53 
 1710              	.LASF25:
 1711 0151 73697A65 		.ascii	"sizetype\000"
 1711      74797065 
 1711      00
 1712              	.LASF78:
 1713 015a 53435F4A 		.ascii	"SC_JOYSTICK_s\000"
 1713      4F595354 
 1713      49434B5F 
 1713      7300
 1714              	.LASF82:
 1715 0168 53435F4A 		.ascii	"SC_JOYSTICK_t\000"
 1715      4F595354 
 1715      49434B5F 
 1715      7400
 1716              	.LASF62:
 1717 0176 5254455F 		.ascii	"RTE_signalStatus_t\000"
 1717      7369676E 
 1717      616C5374 
 1717      61747573 
 1717      5F7400
 1718              	.LASF31:
 1719 0189 52435F45 		.ascii	"RC_ERROR_ZERO\000"
 1719      52524F52 
 1719      5F5A4552 
 1719      4F00
 1720              	.LASF21:
 1721 0197 45455F46 		.ascii	"EE_FREG\000"
 1721      52454700 
 1722              	.LASF45:
 1723 019f 52435F45 		.ascii	"RC_ERROR_READ_FAILS\000"
 1723      52524F52 
 1723      5F524541 
 1723      445F4641 
 1723      494C5300 
 1724              	.LASF6:
 1725 01b3 5F5F7569 		.ascii	"__uint32_t\000"
 1725      6E743332 
 1725      5F7400
 1726              	.LASF19:
ARM GAS  C:\Users\91819\AppData\Local\Temp\ccj8CrqO.s 			page 40


 1727 01be 45455F55 		.ascii	"EE_UINT32\000"
 1727      494E5433 
 1727      3200
 1728              	.LASF72:
 1729 01c8 6F6E4572 		.ascii	"onErrorTaskCount\000"
 1729      726F7254 
 1729      61736B43 
 1729      6F756E74 
 1729      00
 1730              	.LASF101:
 1731 01d9 433A5C55 		.ascii	"C:\\Users\\91819\\Documents\\HDA_Sem2\\EAA\\Assignm"
 1731      73657273 
 1731      5C393138 
 1731      31395C44 
 1731      6F63756D 
 1732 0206 656E7473 		.ascii	"ents\\Assignment1_RTE\\autosar_01.cydsn (2)\\autosa"
 1732      5C417373 
 1732      69676E6D 
 1732      656E7431 
 1732      5F525445 
 1733 0236 725F3031 		.ascii	"r_01.cydsn\000"
 1733      2E637964 
 1733      736E00
 1734              	.LASF22:
 1735 0241 45455F54 		.ascii	"EE_TID\000"
 1735      494400
 1736              	.LASF79:
 1737 0248 76616C75 		.ascii	"value\000"
 1737      6500
 1738              	.LASF64:
 1739 024e 53435F4A 		.ascii	"SC_JOYSTICK_driverIn_t\000"
 1739      4F595354 
 1739      49434B5F 
 1739      64726976 
 1739      6572496E 
 1740              	.LASF51:
 1741 0265 52435F45 		.ascii	"RC_ERROR_INVALID_STATE\000"
 1741      52524F52 
 1741      5F494E56 
 1741      414C4944 
 1741      5F535441 
 1742              	.LASF75:
 1743 027c 7265736F 		.ascii	"resource\000"
 1743      75726365 
 1743      00
 1744              	.LASF88:
 1745 0285 5254455F 		.ascii	"RTE_SC_JOYSTICK_setStatus\000"
 1745      53435F4A 
 1745      4F595354 
 1745      49434B5F 
 1745      73657453 
 1746              	.LASF93:
 1747 029f 45455F73 		.ascii	"EE_std_endcycle_next_tid\000"
 1747      74645F65 
 1747      6E646379 
 1747      636C655F 
 1747      6E657874 
ARM GAS  C:\Users\91819\AppData\Local\Temp\ccj8CrqO.s 			page 41


 1748              	.LASF33:
 1749 02b8 52435F45 		.ascii	"RC_ERROR_RANGE\000"
 1749      52524F52 
 1749      5F52414E 
 1749      474500
 1750              	.LASF13:
 1751 02c7 666C6F61 		.ascii	"float\000"
 1751      7400
 1752              	.LASF53:
 1753 02cd 52435F45 		.ascii	"RC_ERROR_NOT_IMPLEMENTED\000"
 1753      52524F52 
 1753      5F4E4F54 
 1753      5F494D50 
 1753      4C454D45 
 1754              	.LASF8:
 1755 02e6 6C6F6E67 		.ascii	"long long int\000"
 1755      206C6F6E 
 1755      6720696E 
 1755      7400
 1756              	.LASF91:
 1757 02f4 45455F6F 		.ascii	"EE_oo_IRQ_suspend_status\000"
 1757      6F5F4952 
 1757      515F7375 
 1757      7370656E 
 1757      645F7374 
 1758              	.LASF77:
 1759 030d 53435F4A 		.ascii	"SC_JOYSTICK_cfg_s\000"
 1759      4F595354 
 1759      49434B5F 
 1759      6366675F 
 1759      7300
 1760              	.LASF102:
 1761 031f 52454D4F 		.ascii	"REMOTE_readJoystick_run\000"
 1761      54455F72 
 1761      6561644A 
 1761      6F797374 
 1761      69636B5F 
 1762              	.LASF47:
 1763 0337 52435F45 		.ascii	"RC_ERROR_NOT_MATCH\000"
 1763      52524F52 
 1763      5F4E4F54 
 1763      5F4D4154 
 1763      434800
 1764              	.LASF52:
 1765 034a 52435F45 		.ascii	"RC_ERROR_UNKNOWN\000"
 1765      52524F52 
 1765      5F554E4B 
 1765      4E4F574E 
 1765      00
 1766              	.LASF4:
 1767 035b 6C6F6E67 		.ascii	"long int\000"
 1767      20696E74 
 1767      00
 1768              	.LASF35:
 1769 0364 52435F45 		.ascii	"RC_ERROR_UNDERRUN\000"
 1769      52524F52 
 1769      5F554E44 
ARM GAS  C:\Users\91819\AppData\Local\Temp\ccj8CrqO.s 			page 42


 1769      45525255 
 1769      4E00
 1770              	.LASF38:
 1771 0376 52435F45 		.ascii	"RC_ERROR_BUSY\000"
 1771      52524F52 
 1771      5F425553 
 1771      5900
 1772              	.LASF58:
 1773 0384 5254455F 		.ascii	"RTE_SIGNALSTATUS_STARTUP\000"
 1773      5349474E 
 1773      414C5354 
 1773      41545553 
 1773      5F535441 
 1774              	.LASF98:
 1775 039d 57445F41 		.ascii	"WD_Alive\000"
 1775      6C697665 
 1775      00
 1776              	.LASF44:
 1777 03a6 52435F45 		.ascii	"RC_ERROR_INVALID\000"
 1777      52524F52 
 1777      5F494E56 
 1777      414C4944 
 1777      00
 1778              	.LASF49:
 1779 03b7 52435F45 		.ascii	"RC_ERROR_BAD_DATA\000"
 1779      52524F52 
 1779      5F424144 
 1779      5F444154 
 1779      4100
 1780              	.LASF27:
 1781 03c9 626F6F6C 		.ascii	"boolean_t\000"
 1781      65616E5F 
 1781      7400
 1782              	.LASF67:
 1783 03d3 6F757444 		.ascii	"outDriver\000"
 1783      72697665 
 1783      7200
 1784              	.LASF85:
 1785 03dd 70546173 		.ascii	"pTaskArray\000"
 1785      6B417272 
 1785      617900
 1786              	.LASF17:
 1787 03e8 6C6F6E67 		.ascii	"long double\000"
 1787      20646F75 
 1787      626C6500 
 1788              	.LASF84:
 1789 03f4 7461736B 		.ascii	"taskNum\000"
 1789      4E756D00 
 1790              	.LASF23:
 1791 03fc 5461736B 		.ascii	"TaskType\000"
 1791      54797065 
 1791      00
 1792              	.LASF1:
 1793 0405 756E7369 		.ascii	"unsigned char\000"
 1793      676E6564 
 1793      20636861 
 1793      7200
ARM GAS  C:\Users\91819\AppData\Local\Temp\ccj8CrqO.s 			page 43


 1794              	.LASF48:
 1795 0413 52435F45 		.ascii	"RC_ERROR_BAD_PARAM\000"
 1795      52524F52 
 1795      5F424144 
 1795      5F504152 
 1795      414D00
 1796              	.LASF63:
 1797 0426 53435F4A 		.ascii	"SC_JOYSTICK_data_t\000"
 1797      4F595354 
 1797      49434B5F 
 1797      64617461 
 1797      5F7400
 1798              	.LASF0:
 1799 0439 7369676E 		.ascii	"signed char\000"
 1799      65642063 
 1799      68617200 
 1800              	.LASF9:
 1801 0445 6C6F6E67 		.ascii	"long long unsigned int\000"
 1801      206C6F6E 
 1801      6720756E 
 1801      7369676E 
 1801      65642069 
 1802              	.LASF12:
 1803 045c 75696E74 		.ascii	"uint32_t\000"
 1803      33325F74 
 1803      00
 1804              	.LASF10:
 1805 0465 756E7369 		.ascii	"unsigned int\000"
 1805      676E6564 
 1805      20696E74 
 1805      00
 1806              	.LASF40:
 1807 0472 52435F45 		.ascii	"RC_ERROR_OPEN\000"
 1807      52524F52 
 1807      5F4F5045 
 1807      4E00
 1808              	.LASF30:
 1809 0480 52435F45 		.ascii	"RC_ERROR_NULL\000"
 1809      52524F52 
 1809      5F4E554C 
 1809      4C00
 1810              	.LASF37:
 1811 048e 52435F45 		.ascii	"RC_ERROR_BUFFER_EMTPY\000"
 1811      52524F52 
 1811      5F425546 
 1811      4645525F 
 1811      454D5450 
 1812              	.LASF18:
 1813 04a4 45455F49 		.ascii	"EE_INT32\000"
 1813      4E543332 
 1813      00
 1814              	.LASF81:
 1815 04ad 70536967 		.ascii	"pSigCfg\000"
 1815      43666700 
 1816              	.LASF68:
 1817 04b5 65764F6E 		.ascii	"evOnUpdate\000"
 1817      55706461 
ARM GAS  C:\Users\91819\AppData\Local\Temp\ccj8CrqO.s 			page 44


 1817      746500
 1818              	.LASF80:
 1819 04c0 73746174 		.ascii	"status\000"
 1819      757300
 1820              	.LASF74:
 1821 04c7 7265736F 		.ascii	"resourceActive\000"
 1821      75726365 
 1821      41637469 
 1821      766500
 1822              	.LASF83:
 1823 04d6 7369676E 		.ascii	"signal\000"
 1823      616C00
 1824              	.LASF61:
 1825 04dd 5254455F 		.ascii	"RTE_SIGNALSTATUS_INVALID\000"
 1825      5349474E 
 1825      414C5354 
 1825      41545553 
 1825      5F494E56 
 1826              	.LASF36:
 1827 04f6 52435F45 		.ascii	"RC_ERROR_BUFFER_FULL\000"
 1827      52524F52 
 1827      5F425546 
 1827      4645525F 
 1827      46554C4C 
 1828              	.LASF11:
 1829 050b 696E7433 		.ascii	"int32_t\000"
 1829      325F7400 
 1830              	.LASF3:
 1831 0513 73686F72 		.ascii	"short unsigned int\000"
 1831      7420756E 
 1831      7369676E 
 1831      65642069 
 1831      6E7400
 1832              	.LASF87:
 1833 0526 5254455F 		.ascii	"RTE_SC_JOYSTICK_set\000"
 1833      53435F4A 
 1833      4F595354 
 1833      49434B5F 
 1833      73657400 
 1834              	.LASF73:
 1835 053a 6F6E4572 		.ascii	"onErrorTasks\000"
 1835      726F7254 
 1835      61736B73 
 1835      00
 1836              	.LASF70:
 1837 0547 6F6E5570 		.ascii	"onUpdateTaskCount\000"
 1837      64617465 
 1837      5461736B 
 1837      436F756E 
 1837      7400
 1838              	.LASF92:
 1839 0559 45455F41 		.ascii	"EE_ApplicationMode\000"
 1839      70706C69 
 1839      63617469 
 1839      6F6E4D6F 
 1839      646500
 1840              	.LASF7:
ARM GAS  C:\Users\91819\AppData\Local\Temp\ccj8CrqO.s 			page 45


 1841 056c 6C6F6E67 		.ascii	"long unsigned int\000"
 1841      20756E73 
 1841      69676E65 
 1841      6420696E 
 1841      7400
 1842              	.LASF71:
 1843 057e 6F6E5570 		.ascii	"onUpdateTasks\000"
 1843      64617465 
 1843      5461736B 
 1843      7300
 1844              	.LASF41:
 1845 058c 52435F45 		.ascii	"RC_ERROR_CHECKSUM\000"
 1845      52524F52 
 1845      5F434845 
 1845      434B5355 
 1845      4D00
 1846              	.LASF20:
 1847 059e 45455F55 		.ascii	"EE_UREG\000"
 1847      52454700 
 1848              	.LASF34:
 1849 05a6 52435F45 		.ascii	"RC_ERROR_OVERRUN\000"
 1849      52524F52 
 1849      5F4F5645 
 1849      5252554E 
 1849      00
 1850              	.LASF5:
 1851 05b7 5F5F696E 		.ascii	"__int32_t\000"
 1851      7433325F 
 1851      7400
 1852              	.LASF86:
 1853 05c1 7461736B 		.ascii	"task\000"
 1853      00
 1854              	.LASF56:
 1855 05c6 5254455F 		.ascii	"RTE_event\000"
 1855      6576656E 
 1855      7400
 1856              	.LASF94:
 1857 05d0 45455F49 		.ascii	"EE_IRQ_nesting_level\000"
 1857      52515F6E 
 1857      65737469 
 1857      6E675F6C 
 1857      6576656C 
 1858              	.LASF76:
 1859 05e5 53435F4A 		.ascii	"SC_JOYSTICK_cfg_t\000"
 1859      4F595354 
 1859      49434B5F 
 1859      6366675F 
 1859      7400
 1860              	.LASF96:
 1861 05f7 534F5F4A 		.ascii	"SO_JOYSTICK_signal\000"
 1861      4F595354 
 1861      49434B5F 
 1861      7369676E 
 1861      616C00
 1862              	.LASF50:
 1863 060a 52435F45 		.ascii	"RC_ERROR_CANCELED\000"
 1863      52524F52 
ARM GAS  C:\Users\91819\AppData\Local\Temp\ccj8CrqO.s 			page 46


 1863      5F43414E 
 1863      43454C45 
 1863      4400
 1864              	.LASF57:
 1865 061c 5265736F 		.ascii	"ResourceType\000"
 1865      75726365 
 1865      54797065 
 1865      00
 1866              	.LASF14:
 1867 0629 646F7562 		.ascii	"double\000"
 1867      6C6500
 1868              	.LASF60:
 1869 0630 5254455F 		.ascii	"RTE_SIGNALSTATUS_VALID\000"
 1869      5349474E 
 1869      414C5354 
 1869      41545553 
 1869      5F56414C 
 1870              	.LASF65:
 1871 0647 53435F4A 		.ascii	"SC_JOYSTICK_driverOut_t\000"
 1871      4F595354 
 1871      49434B5F 
 1871      64726976 
 1871      65724F75 
 1872              	.LASF97:
 1873 065f 45455F6F 		.ascii	"EE_oo_SetEvent\000"
 1873      6F5F5365 
 1873      74457665 
 1873      6E7400
 1874              	.LASF66:
 1875 066e 696E4472 		.ascii	"inDriver\000"
 1875      69766572 
 1875      00
 1876              	.LASF95:
 1877 0677 49544D5F 		.ascii	"ITM_RxBuffer\000"
 1877      52784275 
 1877      66666572 
 1877      00
 1878              	.LASF29:
 1879 0684 52435F45 		.ascii	"RC_ERROR\000"
 1879      52524F52 
 1879      00
 1880              	.LASF32:
 1881 068d 52435F45 		.ascii	"RC_ERROR_MEMORY\000"
 1881      52524F52 
 1881      5F4D454D 
 1881      4F525900 
 1882              	.LASF90:
 1883 069d 45455F6F 		.ascii	"EE_oo_IRQ_disable_count\000"
 1883      6F5F4952 
 1883      515F6469 
 1883      7361626C 
 1883      655F636F 
 1884              	.LASF55:
 1885 06b5 5461736B 		.ascii	"TaskTypeArray\000"
 1885      54797065 
 1885      41727261 
 1885      7900
ARM GAS  C:\Users\91819\AppData\Local\Temp\ccj8CrqO.s 			page 47


 1886              	.LASF54:
 1887 06c3 52435F74 		.ascii	"RC_t\000"
 1887      00
 1888              	.LASF26:
 1889 06c8 73696E74 		.ascii	"sint8_t\000"
 1889      385F7400 
 1890              	.LASF39:
 1891 06d0 52435F45 		.ascii	"RC_ERROR_TIME_OUT\000"
 1891      52524F52 
 1891      5F54494D 
 1891      455F4F55 
 1891      5400
 1892              		.ident	"GCC: (GNU Tools for ARM Embedded Processors) 5.4.1 20160609 (release) [ARM/embedded-5-bran
