ARM GAS  C:\Users\91819\AppData\Local\Temp\ccxpdD0n.s 			page 1


   1              		.syntax unified
   2              		.cpu cortex-m3
   3              		.fpu softvfp
   4              		.eabi_attribute 20, 1
   5              		.eabi_attribute 21, 1
   6              		.eabi_attribute 23, 3
   7              		.eabi_attribute 24, 1
   8              		.eabi_attribute 25, 1
   9              		.eabi_attribute 26, 1
  10              		.eabi_attribute 30, 1
  11              		.eabi_attribute 34, 1
  12              		.eabi_attribute 18, 4
  13              		.thumb
  14              		.syntax unified
  15              		.file	"swc_brakelight.c"
  16              		.text
  17              	.Ltext0:
  18              		.cfi_sections	.debug_frame
  19              		.section	.text.BRAKELIGHT_setBrakeLight_run,"ax",%progbits
  20              		.align	2
  21              		.global	BRAKELIGHT_setBrakeLight_run
  22              		.thumb
  23              		.thumb_func
  24              		.type	BRAKELIGHT_setBrakeLight_run, %function
  25              	BRAKELIGHT_setBrakeLight_run:
  26              	.LFB140:
  27              		.file 1 "source\\asw\\swc_brakelight.c"
   1:source\asw/swc_brakelight.c **** 
   2:source\asw/swc_brakelight.c **** 
   3:source\asw/swc_brakelight.c **** /*
   4:source\asw/swc_brakelight.c ****  * Filename: swc_brakelight.c
   5:source\asw/swc_brakelight.c ****  *
   6:source\asw/swc_brakelight.c ****  * Author: Autogenerated by H-DA RTE Generator, (c) Prof. Fromm
   7:source\asw/swc_brakelight.c ****  */
   8:source\asw/swc_brakelight.c **** 
   9:source\asw/swc_brakelight.c **** #include "project.h"
  10:source\asw/swc_brakelight.c **** #include "global.h"
  11:source\asw/swc_brakelight.c **** #include "rte.h"
  12:source\asw/swc_brakelight.c **** #include "rte_types.h"
  13:source\asw/swc_brakelight.c **** #include "swc_brakelight.h"
  14:source\asw/swc_brakelight.c **** #include "watchdog.h"
  15:source\asw/swc_brakelight.c **** 
  16:source\asw/swc_brakelight.c **** 
  17:source\asw/swc_brakelight.c **** /* USER CODE START SWC_BRAKELIGHT_INCLUDE */
  18:source\asw/swc_brakelight.c **** 
  19:source\asw/swc_brakelight.c **** /* USER CODE END SWC_BRAKELIGHT_INCLUDE */
  20:source\asw/swc_brakelight.c **** 
  21:source\asw/swc_brakelight.c **** 
  22:source\asw/swc_brakelight.c **** #include "sp_common.h"
  23:source\asw/swc_brakelight.c **** 
  24:source\asw/swc_brakelight.c **** /* USER CODE START SWC_BRAKELIGHT_USERDEFINITIONS */
  25:source\asw/swc_brakelight.c **** 
  26:source\asw/swc_brakelight.c **** /* USER CODE END SWC_BRAKELIGHT_USERDEFINITIONS */
  27:source\asw/swc_brakelight.c **** 
  28:source\asw/swc_brakelight.c **** 
  29:source\asw/swc_brakelight.c **** 
  30:source\asw/swc_brakelight.c **** /*
ARM GAS  C:\Users\91819\AppData\Local\Temp\ccxpdD0n.s 			page 2


  31:source\asw/swc_brakelight.c **** * component: swc_brakeLight
  32:source\asw/swc_brakelight.c **** * cycletime: 100
  33:source\asw/swc_brakelight.c **** * description: Runnable
  34:source\asw/swc_brakelight.c **** * events: ev_speed_onData
  35:source\asw/swc_brakelight.c **** * name: BRAKELIGHT_setBrakeLight_run
  36:source\asw/swc_brakelight.c **** * shortname: setBrakeLight
  37:source\asw/swc_brakelight.c **** * signalIN: so_speed
  38:source\asw/swc_brakelight.c **** * signalOUT: so_brakeLight
  39:source\asw/swc_brakelight.c **** * task: tsk_io
  40:source\asw/swc_brakelight.c **** */
  41:source\asw/swc_brakelight.c **** void BRAKELIGHT_setBrakeLight_run(RTE_event ev){
  28              		.loc 1 41 0
  29              		.cfi_startproc
  30              		@ args = 0, pretend = 0, frame = 0
  31              		@ frame_needed = 0, uses_anonymous_args = 0
  32              	.LVL0:
  33 0000 38B5     		push	{r3, r4, r5, lr}
  34              		.cfi_def_cfa_offset 16
  35              		.cfi_offset 3, -16
  36              		.cfi_offset 4, -12
  37              		.cfi_offset 5, -8
  38              		.cfi_offset 14, -4
  39              	.LVL1:
  42:source\asw/swc_brakelight.c **** 	
  43:source\asw/swc_brakelight.c **** 	/* USER CODE START BRAKELIGHT_setBrakeLight_run */
  44:source\asw/swc_brakelight.c ****     SC_SPEED_data_t engineValue = RTE_SC_SPEED_get( &SO_SPEED_signal );
  45:source\asw/swc_brakelight.c ****     SC_BRAKELIGHT_data_t brakeValue = SC_BRAKELIGHT_INIT_DATA;
  40              		.loc 1 45 0
  41 0002 4FF00001 		mov	r1, #0
  42              	.LVL2:
  46:source\asw/swc_brakelight.c ****     
  47:source\asw/swc_brakelight.c ****     /*
  48:source\asw/swc_brakelight.c ****      * Check for speed signal before brake light to set status bit 
  49:source\asw/swc_brakelight.c ****      * If not set, the 7th bit in LED_RED mask(0x40) will cause an issue when the this bit value ch
  50:source\asw/swc_brakelight.c ****     */
  51:source\asw/swc_brakelight.c ****     if(engineValue.mySpeed <= 4)
  43              		.loc 1 51 0
  44 0006 154B     		ldr	r3, .L9
  45 0008 1B78     		ldrb	r3, [r3]	@ zero_extendqisi2
  46 000a 042B     		cmp	r3, #4
  47 000c 01D8     		bhi	.L2
  52:source\asw/swc_brakelight.c ****         brakeValue.status = TRUE;
  48              		.loc 1 52 0
  49 000e 4FF00101 		mov	r1, #1
  50              	.L2:
  51              	.LVL3:
  52              	.LBB9:
  53              	.LBB10:
  54              		.file 2 ".\\source\\rte/sc_brakelight.h"
   1:.\source\rte/sc_brakelight.h **** 
   2:.\source\rte/sc_brakelight.h **** 
   3:.\source\rte/sc_brakelight.h **** /**
   4:.\source\rte/sc_brakelight.h **** *  file    SC_BRAKELIGHT_signal.h
   5:.\source\rte/sc_brakelight.h **** *
   6:.\source\rte/sc_brakelight.h **** *  brief   signal base class for signal sc_brakelight
   7:.\source\rte/sc_brakelight.h **** *
   8:.\source\rte/sc_brakelight.h **** *  author  Autogenerated, Peter Fromm       <peter.fromm@h-da.de>
ARM GAS  C:\Users\91819\AppData\Local\Temp\ccxpdD0n.s 			page 3


   9:.\source\rte/sc_brakelight.h **** *
  10:.\source\rte/sc_brakelight.h **** *
  11:.\source\rte/sc_brakelight.h **** */
  12:.\source\rte/sc_brakelight.h **** 
  13:.\source\rte/sc_brakelight.h **** /*
  14:.\source\rte/sc_brakelight.h **** * description: Signalclass
  15:.\source\rte/sc_brakelight.h **** * name: sc_brakeLight
  16:.\source\rte/sc_brakelight.h **** * shortname: brakeLight
  17:.\source\rte/sc_brakelight.h **** */
  18:.\source\rte/sc_brakelight.h **** 
  19:.\source\rte/sc_brakelight.h **** #ifndef SC_BRAKELIGHT_SIGNAL_H_INCLUDED
  20:.\source\rte/sc_brakelight.h **** #define SC_BRAKELIGHT_SIGNAL_H_INCLUDED
  21:.\source\rte/sc_brakelight.h **** 
  22:.\source\rte/sc_brakelight.h **** /*================================================[ public includes  ]=============================
  23:.\source\rte/sc_brakelight.h **** #include "global.h"
  24:.\source\rte/sc_brakelight.h **** #include "project.h"
  25:.\source\rte/sc_brakelight.h **** #include "rte.h"
  26:.\source\rte/sc_brakelight.h **** #include "rte_types.h"
  27:.\source\rte/sc_brakelight.h **** 
  28:.\source\rte/sc_brakelight.h **** #include "sc_brakelight_type.h"
  29:.\source\rte/sc_brakelight.h **** 
  30:.\source\rte/sc_brakelight.h **** 
  31:.\source\rte/sc_brakelight.h **** /**************************************************************************************************
  32:.\source\rte/sc_brakelight.h **** /* The driver API block																						*/
  33:.\source\rte/sc_brakelight.h **** /**************************************************************************************************
  34:.\source\rte/sc_brakelight.h ****                                                                                                    
  35:.\source\rte/sc_brakelight.h **** /**
  36:.\source\rte/sc_brakelight.h ****  *  Definition of function types for driver interfaces.
  37:.\source\rte/sc_brakelight.h ****  *  I-Port
  38:.\source\rte/sc_brakelight.h ****  */
  39:.\source\rte/sc_brakelight.h **** typedef RC_t (*SC_BRAKELIGHT_driverIn_t)(SC_BRAKELIGHT_data_t * const);
  40:.\source\rte/sc_brakelight.h **** 
  41:.\source\rte/sc_brakelight.h **** /**
  42:.\source\rte/sc_brakelight.h ****  *  Definition of function types for driver interfaces.
  43:.\source\rte/sc_brakelight.h ****  *  O-Port
  44:.\source\rte/sc_brakelight.h ****  */
  45:.\source\rte/sc_brakelight.h **** typedef RC_t (*SC_BRAKELIGHT_driverOut_t)( const SC_BRAKELIGHT_data_t * const);
  46:.\source\rte/sc_brakelight.h **** 
  47:.\source\rte/sc_brakelight.h **** 
  48:.\source\rte/sc_brakelight.h **** /**************************************************************************************************
  49:.\source\rte/sc_brakelight.h **** /* The signal configuration API block																				*/
  50:.\source\rte/sc_brakelight.h **** /**************************************************************************************************
  51:.\source\rte/sc_brakelight.h **** 
  52:.\source\rte/sc_brakelight.h **** /**
  53:.\source\rte/sc_brakelight.h ****  * Instances of the struct SC_BRAKELIGHT_cfg_t represent the signal object configuration.
  54:.\source\rte/sc_brakelight.h ****  */
  55:.\source\rte/sc_brakelight.h **** struct SC_BRAKELIGHT_cfg_s
  56:.\source\rte/sc_brakelight.h **** {
  57:.\source\rte/sc_brakelight.h ****     /**
  58:.\source\rte/sc_brakelight.h ****      * Function pointer to the input driver
  59:.\source\rte/sc_brakelight.h ****      */
  60:.\source\rte/sc_brakelight.h ****     SC_BRAKELIGHT_driverIn_t const inDriver;
  61:.\source\rte/sc_brakelight.h **** 
  62:.\source\rte/sc_brakelight.h ****     /**
  63:.\source\rte/sc_brakelight.h ****      * Function pointer to the output driver table
  64:.\source\rte/sc_brakelight.h ****      */
  65:.\source\rte/sc_brakelight.h ****    SC_BRAKELIGHT_driverOut_t const outDriver;
ARM GAS  C:\Users\91819\AppData\Local\Temp\ccxpdD0n.s 			page 4


  66:.\source\rte/sc_brakelight.h ****    
  67:.\source\rte/sc_brakelight.h ****     /**
  68:.\source\rte/sc_brakelight.h ****      * Event onUpdate
  69:.\source\rte/sc_brakelight.h ****      */
  70:.\source\rte/sc_brakelight.h ****     EventMaskType const evOnUpdate;
  71:.\source\rte/sc_brakelight.h ****     
  72:.\source\rte/sc_brakelight.h ****     
  73:.\source\rte/sc_brakelight.h ****     /**
  74:.\source\rte/sc_brakelight.h ****      * Event onError
  75:.\source\rte/sc_brakelight.h ****      */
  76:.\source\rte/sc_brakelight.h ****     EventMaskType const evOnError;
  77:.\source\rte/sc_brakelight.h ****     
  78:.\source\rte/sc_brakelight.h ****     /**
  79:.\source\rte/sc_brakelight.h ****      * Task Count onUpdate
  80:.\source\rte/sc_brakelight.h ****      */
  81:.\source\rte/sc_brakelight.h ****     size_t const onUpdateTaskCount;
  82:.\source\rte/sc_brakelight.h **** 
  83:.\source\rte/sc_brakelight.h ****     /**
  84:.\source\rte/sc_brakelight.h ****      * Task List onUpdate
  85:.\source\rte/sc_brakelight.h ****      */
  86:.\source\rte/sc_brakelight.h ****     TaskTypeArray* const onUpdateTasks;
  87:.\source\rte/sc_brakelight.h ****     
  88:.\source\rte/sc_brakelight.h ****     /**
  89:.\source\rte/sc_brakelight.h ****      * Task Count onError
  90:.\source\rte/sc_brakelight.h ****      */
  91:.\source\rte/sc_brakelight.h ****     size_t const onErrorTaskCount;
  92:.\source\rte/sc_brakelight.h **** 
  93:.\source\rte/sc_brakelight.h ****     /**
  94:.\source\rte/sc_brakelight.h ****      * Task List onError
  95:.\source\rte/sc_brakelight.h ****      */
  96:.\source\rte/sc_brakelight.h ****     TaskTypeArray* const onErrorTasks;
  97:.\source\rte/sc_brakelight.h **** 	
  98:.\source\rte/sc_brakelight.h **** 	
  99:.\source\rte/sc_brakelight.h **** 	/**
 100:.\source\rte/sc_brakelight.h **** 	 * Ressourse is active? We need an additional boolean as a ressource value 0 is valid.
 101:.\source\rte/sc_brakelight.h **** 	 */
 102:.\source\rte/sc_brakelight.h **** 	 boolean_t const resourceActive;
 103:.\source\rte/sc_brakelight.h **** 	 
 104:.\source\rte/sc_brakelight.h **** 	/**
 105:.\source\rte/sc_brakelight.h **** 	 * Ressourse 
 106:.\source\rte/sc_brakelight.h **** 	 */
 107:.\source\rte/sc_brakelight.h **** 	 ResourceType const resource;
 108:.\source\rte/sc_brakelight.h **** 
 109:.\source\rte/sc_brakelight.h **** };                                                                                                 
 110:.\source\rte/sc_brakelight.h **** typedef const struct SC_BRAKELIGHT_cfg_s SC_BRAKELIGHT_cfg_t;
 111:.\source\rte/sc_brakelight.h ****                               
 112:.\source\rte/sc_brakelight.h **** /**************************************************************************************************
 113:.\source\rte/sc_brakelight.h **** /* The data interface block																							*/
 114:.\source\rte/sc_brakelight.h **** /**************************************************************************************************
 115:.\source\rte/sc_brakelight.h **** 
 116:.\source\rte/sc_brakelight.h ****                                                                                                    
 117:.\source\rte/sc_brakelight.h **** 							  
 118:.\source\rte/sc_brakelight.h **** /**
 119:.\source\rte/sc_brakelight.h ****  * Instances of the struct SC_BRAKELIGHT_t represent the signal objects.
 120:.\source\rte/sc_brakelight.h ****  * A signal object contains the current application value 'value' as well as relevant meta data.
 121:.\source\rte/sc_brakelight.h ****  */
 122:.\source\rte/sc_brakelight.h **** struct SC_BRAKELIGHT_s
ARM GAS  C:\Users\91819\AppData\Local\Temp\ccxpdD0n.s 			page 5


 123:.\source\rte/sc_brakelight.h **** {                                                                                                  
 124:.\source\rte/sc_brakelight.h **** 
 125:.\source\rte/sc_brakelight.h **** 	/**
 126:.\source\rte/sc_brakelight.h **** 	 * Data buffer for the application value
 127:.\source\rte/sc_brakelight.h **** 	 */
 128:.\source\rte/sc_brakelight.h ****     SC_BRAKELIGHT_data_t value;
 129:.\source\rte/sc_brakelight.h **** 
 130:.\source\rte/sc_brakelight.h ****     /**
 131:.\source\rte/sc_brakelight.h ****      * Current signal status
 132:.\source\rte/sc_brakelight.h ****      */
 133:.\source\rte/sc_brakelight.h ****     RTE_signalStatus_t status;
 134:.\source\rte/sc_brakelight.h **** 
 135:.\source\rte/sc_brakelight.h ****     /**
 136:.\source\rte/sc_brakelight.h ****      * Current age of the signal (in calling cycles)
 137:.\source\rte/sc_brakelight.h ****      */
 138:.\source\rte/sc_brakelight.h ****     uint32_t age;
 139:.\source\rte/sc_brakelight.h **** 
 140:.\source\rte/sc_brakelight.h ****     /**
 141:.\source\rte/sc_brakelight.h ****      * Pointer to the signal configuration
 142:.\source\rte/sc_brakelight.h ****      */
 143:.\source\rte/sc_brakelight.h **** 	const SC_BRAKELIGHT_cfg_t * const    pSigCfg;
 144:.\source\rte/sc_brakelight.h **** 
 145:.\source\rte/sc_brakelight.h **** };                                                                                                 
 146:.\source\rte/sc_brakelight.h **** typedef struct SC_BRAKELIGHT_s SC_BRAKELIGHT_t;
 147:.\source\rte/sc_brakelight.h **** 
 148:.\source\rte/sc_brakelight.h **** /**************************************************************************************************
 149:.\source\rte/sc_brakelight.h **** /* Signal initialisation   																							*/
 150:.\source\rte/sc_brakelight.h **** /**************************************************************************************************
 151:.\source\rte/sc_brakelight.h **** 
 152:.\source\rte/sc_brakelight.h **** /**
 153:.\source\rte/sc_brakelight.h ****  * Initializes a signal instance with a passed init value.
 154:.\source\rte/sc_brakelight.h ****  * Depending on the configured conversion or scaling function the raw_value will be calculated.
 155:.\source\rte/sc_brakelight.h ****  * Signal status will change from RTE_SIGNALSTATUS_STARTUP to RTE_SIGNALSTATUS_INITIALIZED.
 156:.\source\rte/sc_brakelight.h ****  *
 157:.\source\rte/sc_brakelight.h ****  * @param  SC_BRAKELIGHT_t * const signal: Pointer to the signal object which will be initialised
 158:.\source\rte/sc_brakelight.h ****  * @param const sc_brakelight_data_t * const value: Pointer to initial value of the application dat
 159:.\source\rte/sc_brakelight.h ****  * @return RC_t: standard return code, currently only RC_SUCCESS
 160:.\source\rte/sc_brakelight.h ****  *
 161:.\source\rte/sc_brakelight.h ****  **/
 162:.\source\rte/sc_brakelight.h **** inline RC_t RTE_SC_BRAKELIGHT_init( SC_BRAKELIGHT_t * const signal, const SC_BRAKELIGHT_data_t * co
 163:.\source\rte/sc_brakelight.h **** {                                                                                                  
 164:.\source\rte/sc_brakelight.h **** 
 165:.\source\rte/sc_brakelight.h ****    RC_t ret = RC_SUCCESS;
 166:.\source\rte/sc_brakelight.h **** 
 167:.\source\rte/sc_brakelight.h ****    //Set value and raw value
 168:.\source\rte/sc_brakelight.h ****    signal->value  = *value;
 169:.\source\rte/sc_brakelight.h ****    signal->age    = 0;
 170:.\source\rte/sc_brakelight.h ****    signal->status = RTE_SIGNALSTATUS_INITIALIZED;
 171:.\source\rte/sc_brakelight.h **** 
 172:.\source\rte/sc_brakelight.h ****    return ret;
 173:.\source\rte/sc_brakelight.h **** }
 174:.\source\rte/sc_brakelight.h **** 
 175:.\source\rte/sc_brakelight.h **** /**************************************************************************************************
 176:.\source\rte/sc_brakelight.h **** /* Status and timeout control																						*/
 177:.\source\rte/sc_brakelight.h **** /**************************************************************************************************
 178:.\source\rte/sc_brakelight.h **** 
 179:.\source\rte/sc_brakelight.h **** /**
ARM GAS  C:\Users\91819\AppData\Local\Temp\ccxpdD0n.s 			page 6


 180:.\source\rte/sc_brakelight.h ****  *  Returns the current signal status of the passed signal instance.
 181:.\source\rte/sc_brakelight.h ****  *
 182:.\source\rte/sc_brakelight.h ****  * @param  SC_BRAKELIGHT_t * const signal: Pointer to the signal object
 183:.\source\rte/sc_brakelight.h ****  * @return  sig_status_t: The current signal status
 184:.\source\rte/sc_brakelight.h ****  *
 185:.\source\rte/sc_brakelight.h ****  **/
 186:.\source\rte/sc_brakelight.h **** inline RTE_signalStatus_t RTE_SC_BRAKELIGHT_getStatus( const SC_BRAKELIGHT_t * const signal )
 187:.\source\rte/sc_brakelight.h **** {
 188:.\source\rte/sc_brakelight.h ****    return signal->status;
 189:.\source\rte/sc_brakelight.h **** }
 190:.\source\rte/sc_brakelight.h **** 
 191:.\source\rte/sc_brakelight.h **** 
 192:.\source\rte/sc_brakelight.h **** /**
 193:.\source\rte/sc_brakelight.h ****  *  Sets a new signal status of the passed signal instance by passing the new status.
 194:.\source\rte/sc_brakelight.h ****  *
 195:.\source\rte/sc_brakelight.h ****  * @param  SC_BRAKELIGHT_t * const signal: Pointer to the signal object
 196:.\source\rte/sc_brakelight.h ****  * @param  const sig_status_t status: New signal status
 197:.\source\rte/sc_brakelight.h ****  * @return RC_t: standard return code, currently only RC_SUCCESS
 198:.\source\rte/sc_brakelight.h ****  *
 199:.\source\rte/sc_brakelight.h ****  */
 200:.\source\rte/sc_brakelight.h **** inline RC_t RTE_SC_BRAKELIGHT_setStatus( SC_BRAKELIGHT_t * const signal, const RTE_signalStatus_t s
 201:.\source\rte/sc_brakelight.h **** {
 202:.\source\rte/sc_brakelight.h ****    signal->status = status;
 203:.\source\rte/sc_brakelight.h ****    size_t taskNum=0;
 204:.\source\rte/sc_brakelight.h ****    
 205:.\source\rte/sc_brakelight.h ****    //Fire error events in case of invalid state
 206:.\source\rte/sc_brakelight.h ****    if (signal->status == RTE_SIGNALSTATUS_INVALID)
 207:.\source\rte/sc_brakelight.h ****    {
 208:.\source\rte/sc_brakelight.h **** 	    //Pointer to the Taskarray, containing the tasks receiving the onUpdate events
 209:.\source\rte/sc_brakelight.h **** 		TaskTypeArray* pTaskArray = signal->pSigCfg->onErrorTasks;
 210:.\source\rte/sc_brakelight.h **** 
 211:.\source\rte/sc_brakelight.h **** 		if (NULL!=signal->pSigCfg->evOnError && NULL != pTaskArray){
 212:.\source\rte/sc_brakelight.h **** 			for( taskNum=0 ; taskNum < signal->pSigCfg->onErrorTaskCount ;taskNum++){
 213:.\source\rte/sc_brakelight.h **** 				TaskType task = (*pTaskArray)[taskNum];
 214:.\source\rte/sc_brakelight.h **** 				SetEvent( task, signal->pSigCfg->evOnError);
 215:.\source\rte/sc_brakelight.h **** 			}
 216:.\source\rte/sc_brakelight.h **** 		}
 217:.\source\rte/sc_brakelight.h ****    }
 218:.\source\rte/sc_brakelight.h ****    
 219:.\source\rte/sc_brakelight.h ****    return RC_SUCCESS;
 220:.\source\rte/sc_brakelight.h **** }
 221:.\source\rte/sc_brakelight.h **** 
 222:.\source\rte/sc_brakelight.h **** 
 223:.\source\rte/sc_brakelight.h **** /**
 224:.\source\rte/sc_brakelight.h ****  * Returns the count of refreshing trials (refresh, set or set_raw) that failed.
 225:.\source\rte/sc_brakelight.h ****  * Prerquisite: The signal is refreshed cyclically
 226:.\source\rte/sc_brakelight.h ****  *
 227:.\source\rte/sc_brakelight.h ****  * @param  SC_BRAKELIGHT_t * const signal: Pointer to the signal object
 228:.\source\rte/sc_brakelight.h ****  * @return uint32_t: Number of cycles since the signal has been updated for the last time
 229:.\source\rte/sc_brakelight.h ****  */
 230:.\source\rte/sc_brakelight.h **** inline uint32_t RTE_SC_BRAKELIGHT_getAge( const SC_BRAKELIGHT_t * const signal )
 231:.\source\rte/sc_brakelight.h **** {
 232:.\source\rte/sc_brakelight.h ****    return signal->age;
 233:.\source\rte/sc_brakelight.h **** }
 234:.\source\rte/sc_brakelight.h **** 
 235:.\source\rte/sc_brakelight.h **** /**
 236:.\source\rte/sc_brakelight.h ****  * Should be called by application or driver if no new value can be provided.
ARM GAS  C:\Users\91819\AppData\Local\Temp\ccxpdD0n.s 			page 7


 237:.\source\rte/sc_brakelight.h ****  * @param  SC_BRAKELIGHT_t * const signal: Pointer to the signal object
 238:.\source\rte/sc_brakelight.h ****  * @param uint32_t increment: incrementvalue, typically in [ms]
 239:.\source\rte/sc_brakelight.h ****  * @return void
 240:.\source\rte/sc_brakelight.h ****  */
 241:.\source\rte/sc_brakelight.h **** inline void RTE_SC_BRAKELIGHT_incAge(  SC_BRAKELIGHT_t * const signal , uint32_t increment)
 242:.\source\rte/sc_brakelight.h **** {
 243:.\source\rte/sc_brakelight.h **** 	   //Hack....
 244:.\source\rte/sc_brakelight.h **** 	   if ( 0xFFFF0000 > (signal->age + increment) )
 245:.\source\rte/sc_brakelight.h **** 	   {
 246:.\source\rte/sc_brakelight.h **** 	      signal->age += increment;
 247:.\source\rte/sc_brakelight.h **** 	   }
 248:.\source\rte/sc_brakelight.h **** }
 249:.\source\rte/sc_brakelight.h **** 
 250:.\source\rte/sc_brakelight.h **** 
 251:.\source\rte/sc_brakelight.h **** /**************************************************************************************************
 252:.\source\rte/sc_brakelight.h **** /* Application Data read/write Interface																			*/
 253:.\source\rte/sc_brakelight.h **** /**************************************************************************************************
 254:.\source\rte/sc_brakelight.h **** 
 255:.\source\rte/sc_brakelight.h **** /**
 256:.\source\rte/sc_brakelight.h ****  * Returns the current application value of the passed signal instance.
 257:.\source\rte/sc_brakelight.h ****  *
 258:.\source\rte/sc_brakelight.h ****  * @param  SC_BRAKELIGHT_t * const signal: Pointer to the signal object
 259:.\source\rte/sc_brakelight.h ****  * @return sc_brakelight_data_t: current value of the application data buffer
 260:.\source\rte/sc_brakelight.h ****  *
 261:.\source\rte/sc_brakelight.h ****  **/
 262:.\source\rte/sc_brakelight.h **** inline SC_BRAKELIGHT_data_t RTE_SC_BRAKELIGHT_get( const SC_BRAKELIGHT_t * const signal )
 263:.\source\rte/sc_brakelight.h **** {               
 264:.\source\rte/sc_brakelight.h ****    //Todo: Critical region cannot be protected using return values																						
 265:.\source\rte/sc_brakelight.h ****    return signal->value;                                                                           
 266:.\source\rte/sc_brakelight.h **** }                                                                                                  
 267:.\source\rte/sc_brakelight.h ****                                                                                                    
 268:.\source\rte/sc_brakelight.h **** /**
 269:.\source\rte/sc_brakelight.h ****  * Returns the current application value of the passed signal instance threadsafe.
 270:.\source\rte/sc_brakelight.h ****  *
 271:.\source\rte/sc_brakelight.h ****  * @param  SC_BRAKELIGHT_t * const signal: Pointer to the signal object
 272:.\source\rte/sc_brakelight.h ****  * @param  SC_BRAKELIGHT_data_t* data: Pointer to the return data Pointer to the signal object
 273:.\source\rte/sc_brakelight.h ****  * @return RC_SUCCESS
 274:.\source\rte/sc_brakelight.h ****  *
 275:.\source\rte/sc_brakelight.h ****  **/
 276:.\source\rte/sc_brakelight.h **** inline RC_t RTE_SC_BRAKELIGHT_getThreadSafe( const SC_BRAKELIGHT_t * const signal, SC_BRAKELIGHT_da
 277:.\source\rte/sc_brakelight.h **** {    
 278:.\source\rte/sc_brakelight.h ****    if (TRUE == signal->pSigCfg->resourceActive) GetResource(signal->pSigCfg->resource);
 279:.\source\rte/sc_brakelight.h ****    *data = signal->value;
 280:.\source\rte/sc_brakelight.h ****    if (TRUE == signal->pSigCfg->resourceActive) ReleaseResource(signal->pSigCfg->resource);        
 281:.\source\rte/sc_brakelight.h **** 
 282:.\source\rte/sc_brakelight.h ****    return RC_SUCCESS;                                                                   
 283:.\source\rte/sc_brakelight.h ****    
 284:.\source\rte/sc_brakelight.h **** }                                                                                                  
 285:.\source\rte/sc_brakelight.h ****                                                                                                    
 286:.\source\rte/sc_brakelight.h **** /**
 287:.\source\rte/sc_brakelight.h ****  * Sets a new application value to the passed signal instance by passing the new value.
 288:.\source\rte/sc_brakelight.h ****  * The corresponding driver raw value will be calculated immediately by using the default conversio
 289:.\source\rte/sc_brakelight.h ****  * signal specific scaling function.
 290:.\source\rte/sc_brakelight.h ****  * The signal age will be set to 0 and the new status will be 'RTE_SIGNALSTATUS_VALID'.
 291:.\source\rte/sc_brakelight.h ****  *
 292:.\source\rte/sc_brakelight.h ****  * @param  SC_BRAKELIGHT_t * const signal: Pointer to the signal object
 293:.\source\rte/sc_brakelight.h ****  * @param  sc_brakelight_data_t const value: value for the application data buffer
ARM GAS  C:\Users\91819\AppData\Local\Temp\ccxpdD0n.s 			page 8


 294:.\source\rte/sc_brakelight.h ****  * @return RC_t: standard return code, currently only RC_SUCCESS
 295:.\source\rte/sc_brakelight.h ****  *
 296:.\source\rte/sc_brakelight.h ****  **/
 297:.\source\rte/sc_brakelight.h **** inline RC_t RTE_SC_BRAKELIGHT_set(SC_BRAKELIGHT_t * const signal, const SC_BRAKELIGHT_data_t value 
 298:.\source\rte/sc_brakelight.h **** {
 299:.\source\rte/sc_brakelight.h **** 
 300:.\source\rte/sc_brakelight.h ****    RC_t ret = RC_SUCCESS;
 301:.\source\rte/sc_brakelight.h ****    size_t taskNum=0;
 302:.\source\rte/sc_brakelight.h **** 
 303:.\source\rte/sc_brakelight.h **** 
 304:.\source\rte/sc_brakelight.h ****    if (TRUE == signal->pSigCfg->resourceActive) GetResource(signal->pSigCfg->resource);
  55              		.loc 2 304 0
  56 0012 134B     		ldr	r3, .L9+4
  57 0014 9A68     		ldr	r2, [r3, #8]
  58              	.LVL4:
 305:.\source\rte/sc_brakelight.h ****    signal->value  = value;
  59              		.loc 2 305 0
  60 0016 1970     		strb	r1, [r3]
 306:.\source\rte/sc_brakelight.h ****    signal->age    = 0;
  61              		.loc 2 306 0
  62 0018 0021     		movs	r1, #0
  63              	.LVL5:
  64 001a 5960     		str	r1, [r3, #4]
 307:.\source\rte/sc_brakelight.h ****    signal->status = RTE_SIGNALSTATUS_VALID;
  65              		.loc 2 307 0
  66 001c 0221     		movs	r1, #2
  67 001e 5970     		strb	r1, [r3, #1]
 308:.\source\rte/sc_brakelight.h ****    if (TRUE == signal->pSigCfg->resourceActive) ReleaseResource(signal->pSigCfg->resource);
 309:.\source\rte/sc_brakelight.h **** 
 310:.\source\rte/sc_brakelight.h ****    //Pointer to the Taskarray, containing the tasks receiving the onUpdate events
 311:.\source\rte/sc_brakelight.h ****    TaskTypeArray* pTaskArray = signal->pSigCfg->onUpdateTasks;
  68              		.loc 2 311 0
  69 0020 5569     		ldr	r5, [r2, #20]
  70              	.LVL6:
 312:.\source\rte/sc_brakelight.h **** 
 313:.\source\rte/sc_brakelight.h ****    if (NULL!=signal->pSigCfg->evOnUpdate && NULL != pTaskArray){
  71              		.loc 2 313 0
  72 0022 9368     		ldr	r3, [r2, #8]
  73 0024 73B1     		cbz	r3, .L3
  74 0026 3DB9     		cbnz	r5, .L7
  75 0028 0CE0     		b	.L3
  76              	.LVL7:
  77              	.L5:
  78              	.LBB11:
 314:.\source\rte/sc_brakelight.h ****       for( taskNum=0 ; taskNum < signal->pSigCfg->onUpdateTaskCount ;taskNum++){
 315:.\source\rte/sc_brakelight.h **** 		  
 316:.\source\rte/sc_brakelight.h ****           TaskType task = (*pTaskArray)[taskNum];
 317:.\source\rte/sc_brakelight.h **** 	      SetEvent( task, signal->pSigCfg->evOnUpdate);
  79              		.loc 2 317 0
  80 002a 9968     		ldr	r1, [r3, #8]
  81 002c 55F82400 		ldr	r0, [r5, r4, lsl #2]
  82 0030 FFF7FEFF 		bl	EE_oo_SetEvent
  83              	.LVL8:
  84              	.LBE11:
 314:.\source\rte/sc_brakelight.h ****       for( taskNum=0 ; taskNum < signal->pSigCfg->onUpdateTaskCount ;taskNum++){
  85              		.loc 2 314 0
  86 0034 0134     		adds	r4, r4, #1
ARM GAS  C:\Users\91819\AppData\Local\Temp\ccxpdD0n.s 			page 9


  87              	.LVL9:
  88 0036 00E0     		b	.L4
  89              	.LVL10:
  90              	.L7:
 313:.\source\rte/sc_brakelight.h ****       for( taskNum=0 ; taskNum < signal->pSigCfg->onUpdateTaskCount ;taskNum++){
  91              		.loc 2 313 0
  92 0038 0024     		movs	r4, #0
  93              	.LVL11:
  94              	.L4:
 314:.\source\rte/sc_brakelight.h ****       for( taskNum=0 ; taskNum < signal->pSigCfg->onUpdateTaskCount ;taskNum++){
  95              		.loc 2 314 0
  96 003a 094B     		ldr	r3, .L9+4
  97 003c 9B68     		ldr	r3, [r3, #8]
  98 003e 1A69     		ldr	r2, [r3, #16]
  99 0040 9442     		cmp	r4, r2
 100 0042 F2D3     		bcc	.L5
 101              	.LVL12:
 102              	.L3:
 103              	.LBE10:
 104              	.LBE9:
 105              	.LBB12:
 106              	.LBB13:
 318:.\source\rte/sc_brakelight.h ****       }
 319:.\source\rte/sc_brakelight.h ****    }
 320:.\source\rte/sc_brakelight.h **** 
 321:.\source\rte/sc_brakelight.h ****    return ret;
 322:.\source\rte/sc_brakelight.h **** }                                                                                                  
 323:.\source\rte/sc_brakelight.h ****                                                                                                    
 324:.\source\rte/sc_brakelight.h ****                                                                                                    
 325:.\source\rte/sc_brakelight.h **** /**************************************************************************************************
 326:.\source\rte/sc_brakelight.h **** /* Call functions to the connected drivers																			*/
 327:.\source\rte/sc_brakelight.h **** /**************************************************************************************************
 328:.\source\rte/sc_brakelight.h **** 
 329:.\source\rte/sc_brakelight.h ****                                                                                                    
 330:.\source\rte/sc_brakelight.h **** /**
 331:.\source\rte/sc_brakelight.h ****  *  Calls the connected driver interface to get a new value.
 332:.\source\rte/sc_brakelight.h ****  *
 333:.\source\rte/sc_brakelight.h ****  * @param SC_BRAKELIGHT_t * const signal: Pointer to the signal object
 334:.\source\rte/sc_brakelight.h ****  * @return  RC_t: Return value of the driver call
 335:.\source\rte/sc_brakelight.h ****  *
 336:.\source\rte/sc_brakelight.h ****  */
 337:.\source\rte/sc_brakelight.h **** inline RC_t RTE_SC_BRAKELIGHT_pullPort( SC_BRAKELIGHT_t * const signal )
 338:.\source\rte/sc_brakelight.h **** {                                                                                                  
 339:.\source\rte/sc_brakelight.h ****    RC_t ret = RC_SUCCESS;
 340:.\source\rte/sc_brakelight.h **** 
 341:.\source\rte/sc_brakelight.h ****                                                                                                    
 342:.\source\rte/sc_brakelight.h ****    if ( NULL != signal->pSigCfg->inDriver )
 343:.\source\rte/sc_brakelight.h ****    {
 344:.\source\rte/sc_brakelight.h **** 	  SC_BRAKELIGHT_data_t value = signal->value;
 345:.\source\rte/sc_brakelight.h ****       ret = signal->pSigCfg->inDriver(&value);
 346:.\source\rte/sc_brakelight.h ****                                                                                                    
 347:.\source\rte/sc_brakelight.h ****       if ( ret == RC_SUCCESS )                                                                     
 348:.\source\rte/sc_brakelight.h ****       {
 349:.\source\rte/sc_brakelight.h ****     	  //Critical Section
 350:.\source\rte/sc_brakelight.h ****     	  RTE_SC_BRAKELIGHT_set(signal, value);
 351:.\source\rte/sc_brakelight.h ****       }
 352:.\source\rte/sc_brakelight.h ****       else
ARM GAS  C:\Users\91819\AppData\Local\Temp\ccxpdD0n.s 			page 10


 353:.\source\rte/sc_brakelight.h ****       {
 354:.\source\rte/sc_brakelight.h **** 		  //Signal is invalid. Error event (if present) will be fired
 355:.\source\rte/sc_brakelight.h **** 		  RTE_SC_BRAKELIGHT_setStatus(signal, RTE_SIGNALSTATUS_INVALID);
 356:.\source\rte/sc_brakelight.h ****       }
 357:.\source\rte/sc_brakelight.h **** 
 358:.\source\rte/sc_brakelight.h ****    }                                                                                               
 359:.\source\rte/sc_brakelight.h ****                                                                                                    
 360:.\source\rte/sc_brakelight.h ****    return ret;                                                                                     
 361:.\source\rte/sc_brakelight.h **** }                                                                                                  
 362:.\source\rte/sc_brakelight.h ****                                                                                                    
 363:.\source\rte/sc_brakelight.h **** /**
 364:.\source\rte/sc_brakelight.h ****  *  Calls the connected driver interfaces to send a value. Value will not be sent if it is INVALID.
 365:.\source\rte/sc_brakelight.h ****  *
 366:.\source\rte/sc_brakelight.h ****  * @param SC_BRAKELIGHT_t * const signal: Pointer to the signal object
 367:.\source\rte/sc_brakelight.h ****  * @return  RC_t: Return value of the driver call
 368:.\source\rte/sc_brakelight.h ****  *
 369:.\source\rte/sc_brakelight.h ****  **/
 370:.\source\rte/sc_brakelight.h **** inline RC_t RTE_SC_BRAKELIGHT_pushPort( const SC_BRAKELIGHT_t * const signal )
 371:.\source\rte/sc_brakelight.h **** {                                                                                                  
 372:.\source\rte/sc_brakelight.h ****    RC_t ret = RC_ERROR;
 373:.\source\rte/sc_brakelight.h **** 
 374:.\source\rte/sc_brakelight.h ****    if (RTE_SIGNALSTATUS_VALID == signal->status)
 107              		.loc 2 374 0
 108 0044 064B     		ldr	r3, .L9+4
 109 0046 5B78     		ldrb	r3, [r3, #1]	@ zero_extendqisi2
 110 0048 022B     		cmp	r3, #2
 111 004a 03D1     		bne	.L6
 375:.\source\rte/sc_brakelight.h ****    {
 376:.\source\rte/sc_brakelight.h **** 	   ret = signal->pSigCfg->outDriver(&(signal->value));
 112              		.loc 2 376 0
 113 004c 0448     		ldr	r0, .L9+4
 114 004e 8368     		ldr	r3, [r0, #8]
 115 0050 5B68     		ldr	r3, [r3, #4]
 116 0052 9847     		blx	r3
 117              	.LVL13:
 118              	.L6:
 119              	.LBE13:
 120              	.LBE12:
  53:source\asw/swc_brakelight.c ****     else 
  54:source\asw/swc_brakelight.c ****         brakeValue.status = FALSE;
  55:source\asw/swc_brakelight.c ****     
  56:source\asw/swc_brakelight.c ****     //RTE_SC_SPEED_set(&SO_BRAKELIGHT_signal, engineValue );
  57:source\asw/swc_brakelight.c ****     RTE_SC_BRAKELIGHT_set(&SO_BRAKELIGHT_signal,brakeValue);
  58:source\asw/swc_brakelight.c ****     RTE_SC_BRAKELIGHT_pushPort( &SO_BRAKELIGHT_signal );
  59:source\asw/swc_brakelight.c ****     
  60:source\asw/swc_brakelight.c ****      WD_Alive(3);
 121              		.loc 1 60 0
 122 0054 0320     		movs	r0, #3
 123 0056 FFF7FEFF 		bl	WD_Alive
 124              	.LVL14:
 125 005a 38BD     		pop	{r3, r4, r5, pc}
 126              	.L10:
 127              		.align	2
 128              	.L9:
 129 005c 00000000 		.word	SO_SPEED_signal
 130 0060 00000000 		.word	SO_BRAKELIGHT_signal
 131              		.cfi_endproc
ARM GAS  C:\Users\91819\AppData\Local\Temp\ccxpdD0n.s 			page 11


 132              	.LFE140:
 133              		.size	BRAKELIGHT_setBrakeLight_run, .-BRAKELIGHT_setBrakeLight_run
 134              		.text
 135              	.Letext0:
 136              		.file 3 "c:\\program files (x86)\\cypress\\psoc creator\\4.4\\psoc creator\\import\\gnu\\arm\\5.4.
 137              		.file 4 "c:\\program files (x86)\\cypress\\psoc creator\\4.4\\psoc creator\\import\\gnu\\arm\\5.4.
 138              		.file 5 "c:\\program files (x86)\\cypress\\psoc creator\\4.4\\psoc creator\\import\\gnu\\arm\\5.4.
 139              		.file 6 "Generated_Source\\PSoC5/ErikaOS_1_common_ee_types.inc"
 140              		.file 7 "Generated_Source\\PSoC5/ErikaOS_1_cortex_mx_ee_cpu.inc"
 141              		.file 8 "Generated_Source\\PSoC5/ErikaOS_1_ee_oo_common.inc"
 142              		.file 9 ".\\source\\bsw/global.h"
 143              		.file 10 ".\\source\\rte/rte_types.h"
 144              		.file 11 ".\\source\\rte/rte.h"
 145              		.file 12 ".\\source\\rte/sc_speed_type.h"
 146              		.file 13 ".\\source\\rte/sc_speed.h"
 147              		.file 14 ".\\source\\rte/sc_brakelight_type.h"
 148              		.file 15 "Generated_Source\\PSoC5/ErikaOS_1_ee_oo_intfunc.inc"
 149              		.file 16 "Generated_Source\\PSoC5/ErikaOS_1_cortex_mx_ee_context.inc"
 150              		.file 17 "Generated_Source\\PSoC5/ErikaOS_1_common_ee_primitives.inc"
 151              		.file 18 "Generated_Source\\PSoC5/core_cm3.h"
 152              		.file 19 ".\\source\\rte/sp_common.h"
 153              		.file 20 "Generated_Source\\PSoC5/ErikaOS_1_ee_oo_kernel.inc"
 154              		.file 21 ".\\source\\bsw/watchdog.h"
 155              		.section	.debug_info,"",%progbits
 156              	.Ldebug_info0:
 157 0000 54070000 		.4byte	0x754
 158 0004 0400     		.2byte	0x4
 159 0006 00000000 		.4byte	.Ldebug_abbrev0
 160 000a 04       		.byte	0x4
 161 000b 01       		.uleb128 0x1
 162 000c 00000000 		.4byte	.LASF110
 163 0010 0C       		.byte	0xc
 164 0011 BD010000 		.4byte	.LASF111
 165 0015 0B020000 		.4byte	.LASF112
 166 0019 00000000 		.4byte	.Ldebug_ranges0+0
 167 001d 00000000 		.4byte	0
 168 0021 00000000 		.4byte	.Ldebug_line0
 169 0025 02       		.uleb128 0x2
 170 0026 01       		.byte	0x1
 171 0027 06       		.byte	0x6
 172 0028 A3040000 		.4byte	.LASF0
 173 002c 03       		.uleb128 0x3
 174 002d 63070000 		.4byte	.LASF4
 175 0031 03       		.byte	0x3
 176 0032 1D       		.byte	0x1d
 177 0033 37000000 		.4byte	0x37
 178 0037 02       		.uleb128 0x2
 179 0038 01       		.byte	0x1
 180 0039 08       		.byte	0x8
 181 003a 7C040000 		.4byte	.LASF1
 182 003e 02       		.uleb128 0x2
 183 003f 02       		.byte	0x2
 184 0040 05       		.byte	0x5
 185 0041 23010000 		.4byte	.LASF2
 186 0045 02       		.uleb128 0x2
 187 0046 02       		.byte	0x2
 188 0047 07       		.byte	0x7
ARM GAS  C:\Users\91819\AppData\Local\Temp\ccxpdD0n.s 			page 12


 189 0048 92050000 		.4byte	.LASF3
 190 004c 03       		.uleb128 0x3
 191 004d 7C060000 		.4byte	.LASF5
 192 0051 03       		.byte	0x3
 193 0052 3F       		.byte	0x3f
 194 0053 57000000 		.4byte	0x57
 195 0057 02       		.uleb128 0x2
 196 0058 04       		.byte	0x4
 197 0059 05       		.byte	0x5
 198 005a B9030000 		.4byte	.LASF6
 199 005e 03       		.uleb128 0x3
 200 005f FF000000 		.4byte	.LASF7
 201 0063 03       		.byte	0x3
 202 0064 41       		.byte	0x41
 203 0065 69000000 		.4byte	0x69
 204 0069 02       		.uleb128 0x2
 205 006a 04       		.byte	0x4
 206 006b 07       		.byte	0x7
 207 006c 10060000 		.4byte	.LASF8
 208 0070 02       		.uleb128 0x2
 209 0071 08       		.byte	0x8
 210 0072 05       		.byte	0x5
 211 0073 5B030000 		.4byte	.LASF9
 212 0077 02       		.uleb128 0x2
 213 0078 08       		.byte	0x8
 214 0079 07       		.byte	0x7
 215 007a AF040000 		.4byte	.LASF10
 216 007e 04       		.uleb128 0x4
 217 007f 04       		.byte	0x4
 218 0080 05       		.byte	0x5
 219 0081 696E7400 		.ascii	"int\000"
 220 0085 02       		.uleb128 0x2
 221 0086 04       		.byte	0x4
 222 0087 07       		.byte	0x7
 223 0088 CF040000 		.4byte	.LASF11
 224 008c 03       		.uleb128 0x3
 225 008d 86060000 		.4byte	.LASF12
 226 0091 04       		.byte	0x4
 227 0092 18       		.byte	0x18
 228 0093 2C000000 		.4byte	0x2c
 229 0097 03       		.uleb128 0x3
 230 0098 8A050000 		.4byte	.LASF13
 231 009c 04       		.byte	0x4
 232 009d 2C       		.byte	0x2c
 233 009e 4C000000 		.4byte	0x4c
 234 00a2 03       		.uleb128 0x3
 235 00a3 C6040000 		.4byte	.LASF14
 236 00a7 04       		.byte	0x4
 237 00a8 30       		.byte	0x30
 238 00a9 5E000000 		.4byte	0x5e
 239 00ad 02       		.uleb128 0x2
 240 00ae 04       		.byte	0x4
 241 00af 04       		.byte	0x4
 242 00b0 12030000 		.4byte	.LASF15
 243 00b4 02       		.uleb128 0x2
 244 00b5 08       		.byte	0x8
 245 00b6 04       		.byte	0x4
ARM GAS  C:\Users\91819\AppData\Local\Temp\ccxpdD0n.s 			page 13


 246 00b7 E1060000 		.4byte	.LASF16
 247 00bb 02       		.uleb128 0x2
 248 00bc 01       		.byte	0x1
 249 00bd 08       		.byte	0x8
 250 00be 0A010000 		.4byte	.LASF17
 251 00c2 03       		.uleb128 0x3
 252 00c3 2D010000 		.4byte	.LASF18
 253 00c7 05       		.byte	0x5
 254 00c8 D8       		.byte	0xd8
 255 00c9 85000000 		.4byte	0x85
 256 00cd 02       		.uleb128 0x2
 257 00ce 08       		.byte	0x8
 258 00cf 04       		.byte	0x4
 259 00d0 5F040000 		.4byte	.LASF19
 260 00d4 03       		.uleb128 0x3
 261 00d5 0E050000 		.4byte	.LASF20
 262 00d9 06       		.byte	0x6
 263 00da 53       		.byte	0x53
 264 00db 7E000000 		.4byte	0x7e
 265 00df 03       		.uleb128 0x3
 266 00e0 ED010000 		.4byte	.LASF21
 267 00e4 06       		.byte	0x6
 268 00e5 54       		.byte	0x54
 269 00e6 85000000 		.4byte	0x85
 270 00ea 03       		.uleb128 0x3
 271 00eb 63060000 		.4byte	.LASF22
 272 00ef 07       		.byte	0x7
 273 00f0 4D       		.byte	0x4d
 274 00f1 DF000000 		.4byte	0xdf
 275 00f5 03       		.uleb128 0x3
 276 00f6 A1010000 		.4byte	.LASF23
 277 00fa 07       		.byte	0x7
 278 00fb 4F       		.byte	0x4f
 279 00fc DF000000 		.4byte	0xdf
 280 0100 03       		.uleb128 0x3
 281 0101 73020000 		.4byte	.LASF24
 282 0105 07       		.byte	0x7
 283 0106 78       		.byte	0x78
 284 0107 D4000000 		.4byte	0xd4
 285 010b 05       		.uleb128 0x5
 286 010c 73040000 		.4byte	.LASF25
 287 0110 08       		.byte	0x8
 288 0111 F701     		.2byte	0x1f7
 289 0113 00010000 		.4byte	0x100
 290 0117 05       		.uleb128 0x5
 291 0118 8E000000 		.4byte	.LASF26
 292 011c 08       		.byte	0x8
 293 011d 2C02     		.2byte	0x22c
 294 011f EA000000 		.4byte	0xea
 295 0123 02       		.uleb128 0x2
 296 0124 04       		.byte	0x4
 297 0125 07       		.byte	0x7
 298 0126 4A010000 		.4byte	.LASF27
 299 012a 03       		.uleb128 0x3
 300 012b 40040000 		.4byte	.LASF28
 301 012f 09       		.byte	0x9
 302 0130 9C       		.byte	0x9c
ARM GAS  C:\Users\91819\AppData\Local\Temp\ccxpdD0n.s 			page 14


 303 0131 37000000 		.4byte	0x37
 304 0135 06       		.uleb128 0x6
 305 0136 01       		.byte	0x1
 306 0137 25000000 		.4byte	0x25
 307 013b 09       		.byte	0x9
 308 013c CF       		.byte	0xcf
 309 013d DE010000 		.4byte	0x1de
 310 0141 07       		.uleb128 0x7
 311 0142 D5000000 		.4byte	.LASF29
 312 0146 00       		.byte	0
 313 0147 08       		.uleb128 0x8
 314 0148 24070000 		.4byte	.LASF30
 315 014c 7F       		.sleb128 -1
 316 014d 08       		.uleb128 0x8
 317 014e EA040000 		.4byte	.LASF31
 318 0152 7E       		.sleb128 -2
 319 0153 08       		.uleb128 0x8
 320 0154 93010000 		.4byte	.LASF32
 321 0158 7D       		.sleb128 -3
 322 0159 08       		.uleb128 0x8
 323 015a 2D070000 		.4byte	.LASF33
 324 015e 7C       		.sleb128 -4
 325 015f 08       		.uleb128 0x8
 326 0160 03030000 		.4byte	.LASF34
 327 0164 7B       		.sleb128 -5
 328 0165 08       		.uleb128 0x8
 329 0166 6B060000 		.4byte	.LASF35
 330 016a 7A       		.sleb128 -6
 331 016b 08       		.uleb128 0x8
 332 016c C2030000 		.4byte	.LASF36
 333 0170 79       		.sleb128 -7
 334 0171 08       		.uleb128 0x8
 335 0172 9C000000 		.4byte	.LASF37
 336 0176 78       		.sleb128 -8
 337 0177 08       		.uleb128 0x8
 338 0178 F8040000 		.4byte	.LASF38
 339 017c 77       		.sleb128 -9
 340 017d 08       		.uleb128 0x8
 341 017e D4030000 		.4byte	.LASF39
 342 0182 76       		.sleb128 -10
 343 0183 08       		.uleb128 0x8
 344 0184 8A070000 		.4byte	.LASF40
 345 0188 75       		.sleb128 -11
 346 0189 08       		.uleb128 0x8
 347 018a DC040000 		.4byte	.LASF41
 348 018e 74       		.sleb128 -12
 349 018f 08       		.uleb128 0x8
 350 0190 51060000 		.4byte	.LASF42
 351 0194 73       		.sleb128 -13
 352 0195 08       		.uleb128 0x8
 353 0196 C2000000 		.4byte	.LASF43
 354 019a 72       		.sleb128 -14
 355 019b 08       		.uleb128 0x8
 356 019c 0F010000 		.4byte	.LASF44
 357 01a0 71       		.sleb128 -15
 358 01a1 08       		.uleb128 0x8
 359 01a2 04040000 		.4byte	.LASF45
ARM GAS  C:\Users\91819\AppData\Local\Temp\ccxpdD0n.s 			page 15


 360 01a6 70       		.sleb128 -16
 361 01a7 08       		.uleb128 0x8
 362 01a8 A9010000 		.4byte	.LASF46
 363 01ac 6F       		.sleb128 -17
 364 01ad 08       		.uleb128 0x8
 365 01ae 75050000 		.4byte	.LASF47
 366 01b2 6E       		.sleb128 -18
 367 01b3 08       		.uleb128 0x8
 368 01b4 82030000 		.4byte	.LASF48
 369 01b8 6D       		.sleb128 -19
 370 01b9 08       		.uleb128 0x8
 371 01ba B0050000 		.4byte	.LASF49
 372 01be 6C       		.sleb128 -20
 373 01bf 08       		.uleb128 0x8
 374 01c0 2E040000 		.4byte	.LASF50
 375 01c4 6B       		.sleb128 -21
 376 01c5 08       		.uleb128 0x8
 377 01c6 B7060000 		.4byte	.LASF51
 378 01ca 6A       		.sleb128 -22
 379 01cb 08       		.uleb128 0x8
 380 01cc 90020000 		.4byte	.LASF52
 381 01d0 69       		.sleb128 -23
 382 01d1 08       		.uleb128 0x8
 383 01d2 95030000 		.4byte	.LASF53
 384 01d6 68       		.sleb128 -24
 385 01d7 08       		.uleb128 0x8
 386 01d8 42030000 		.4byte	.LASF54
 387 01dc 67       		.sleb128 -25
 388 01dd 00       		.byte	0
 389 01de 03       		.uleb128 0x3
 390 01df 53010000 		.4byte	.LASF55
 391 01e3 09       		.byte	0x9
 392 01e4 EA       		.byte	0xea
 393 01e5 35010000 		.4byte	0x135
 394 01e9 03       		.uleb128 0x3
 395 01ea 55070000 		.4byte	.LASF56
 396 01ee 0A       		.byte	0xa
 397 01ef 19       		.byte	0x19
 398 01f0 F4010000 		.4byte	0x1f4
 399 01f4 09       		.uleb128 0x9
 400 01f5 0B010000 		.4byte	0x10b
 401 01f9 FF010000 		.4byte	0x1ff
 402 01fd 0A       		.uleb128 0xa
 403 01fe 00       		.byte	0
 404 01ff 03       		.uleb128 0x3
 405 0200 8E060000 		.4byte	.LASF57
 406 0204 0A       		.byte	0xa
 407 0205 21       		.byte	0x21
 408 0206 17010000 		.4byte	0x117
 409 020a 03       		.uleb128 0x3
 410 020b D4060000 		.4byte	.LASF58
 411 020f 0A       		.byte	0xa
 412 0210 2D       		.byte	0x2d
 413 0211 A2000000 		.4byte	0xa2
 414 0215 06       		.uleb128 0x6
 415 0216 01       		.byte	0x1
 416 0217 37000000 		.4byte	0x37
ARM GAS  C:\Users\91819\AppData\Local\Temp\ccxpdD0n.s 			page 16


 417 021b 0B       		.byte	0xb
 418 021c 59       		.byte	0x59
 419 021d 3A020000 		.4byte	0x23a
 420 0221 07       		.uleb128 0x7
 421 0222 E2030000 		.4byte	.LASF59
 422 0226 00       		.byte	0
 423 0227 07       		.uleb128 0x7
 424 0228 6D070000 		.4byte	.LASF60
 425 022c 01       		.byte	0x1
 426 022d 07       		.uleb128 0x7
 427 022e E8060000 		.4byte	.LASF61
 428 0232 02       		.byte	0x2
 429 0233 07       		.uleb128 0x7
 430 0234 5C050000 		.4byte	.LASF62
 431 0238 03       		.byte	0x3
 432 0239 00       		.byte	0
 433 023a 03       		.uleb128 0x3
 434 023b A6030000 		.4byte	.LASF63
 435 023f 0B       		.byte	0xb
 436 0240 5E       		.byte	0x5e
 437 0241 15020000 		.4byte	0x215
 438 0245 0B       		.uleb128 0xb
 439 0246 17010000 		.4byte	0x117
 440 024a 0B       		.uleb128 0xb
 441 024b C2000000 		.4byte	0xc2
 442 024f 0C       		.uleb128 0xc
 443 0250 04       		.byte	0x4
 444 0251 E9010000 		.4byte	0x1e9
 445 0255 0B       		.uleb128 0xb
 446 0256 4F020000 		.4byte	0x24f
 447 025a 0B       		.uleb128 0xb
 448 025b 2A010000 		.4byte	0x12a
 449 025f 0B       		.uleb128 0xb
 450 0260 0A020000 		.4byte	0x20a
 451 0264 0D       		.uleb128 0xd
 452 0265 01       		.byte	0x1
 453 0266 0C       		.byte	0xc
 454 0267 1F       		.byte	0x1f
 455 0268 79020000 		.4byte	0x279
 456 026c 0E       		.uleb128 0xe
 457 026d 75010000 		.4byte	.LASF67
 458 0271 0C       		.byte	0xc
 459 0272 21       		.byte	0x21
 460 0273 8C000000 		.4byte	0x8c
 461 0277 00       		.byte	0
 462 0278 00       		.byte	0
 463 0279 03       		.uleb128 0x3
 464 027a 80020000 		.4byte	.LASF64
 465 027e 0C       		.byte	0xc
 466 027f 24       		.byte	0x24
 467 0280 64020000 		.4byte	0x264
 468 0284 03       		.uleb128 0x3
 469 0285 98060000 		.4byte	.LASF65
 470 0289 0D       		.byte	0xd
 471 028a 27       		.byte	0x27
 472 028b 8F020000 		.4byte	0x28f
 473 028f 0C       		.uleb128 0xc
ARM GAS  C:\Users\91819\AppData\Local\Temp\ccxpdD0n.s 			page 17


 474 0290 04       		.byte	0x4
 475 0291 95020000 		.4byte	0x295
 476 0295 0F       		.uleb128 0xf
 477 0296 DE010000 		.4byte	0x1de
 478 029a A4020000 		.4byte	0x2a4
 479 029e 10       		.uleb128 0x10
 480 029f AA020000 		.4byte	0x2aa
 481 02a3 00       		.byte	0
 482 02a4 0C       		.uleb128 0xc
 483 02a5 04       		.byte	0x4
 484 02a6 79020000 		.4byte	0x279
 485 02aa 0B       		.uleb128 0xb
 486 02ab A4020000 		.4byte	0x2a4
 487 02af 03       		.uleb128 0x3
 488 02b0 E0000000 		.4byte	.LASF66
 489 02b4 0D       		.byte	0xd
 490 02b5 2D       		.byte	0x2d
 491 02b6 BA020000 		.4byte	0x2ba
 492 02ba 0C       		.uleb128 0xc
 493 02bb 04       		.byte	0x4
 494 02bc C0020000 		.4byte	0x2c0
 495 02c0 0F       		.uleb128 0xf
 496 02c1 DE010000 		.4byte	0x1de
 497 02c5 CF020000 		.4byte	0x2cf
 498 02c9 10       		.uleb128 0x10
 499 02ca DA020000 		.4byte	0x2da
 500 02ce 00       		.byte	0
 501 02cf 0C       		.uleb128 0xc
 502 02d0 04       		.byte	0x4
 503 02d1 D5020000 		.4byte	0x2d5
 504 02d5 0B       		.uleb128 0xb
 505 02d6 79020000 		.4byte	0x279
 506 02da 0B       		.uleb128 0xb
 507 02db CF020000 		.4byte	0x2cf
 508 02df 11       		.uleb128 0x11
 509 02e0 A7020000 		.4byte	.LASF79
 510 02e4 28       		.byte	0x28
 511 02e5 0D       		.byte	0xd
 512 02e6 37       		.byte	0x37
 513 02e7 64030000 		.4byte	0x364
 514 02eb 0E       		.uleb128 0xe
 515 02ec 0E070000 		.4byte	.LASF68
 516 02f0 0D       		.byte	0xd
 517 02f1 3C       		.byte	0x3c
 518 02f2 64030000 		.4byte	0x364
 519 02f6 00       		.byte	0
 520 02f7 0E       		.uleb128 0xe
 521 02f8 4A040000 		.4byte	.LASF69
 522 02fc 0D       		.byte	0xd
 523 02fd 41       		.byte	0x41
 524 02fe 69030000 		.4byte	0x369
 525 0302 04       		.byte	0x4
 526 0303 0E       		.uleb128 0xe
 527 0304 34050000 		.4byte	.LASF70
 528 0308 0D       		.byte	0xd
 529 0309 46       		.byte	0x46
 530 030a 45020000 		.4byte	0x245
ARM GAS  C:\Users\91819\AppData\Local\Temp\ccxpdD0n.s 			page 18


 531 030e 08       		.byte	0x8
 532 030f 0E       		.uleb128 0xe
 533 0310 F5000000 		.4byte	.LASF71
 534 0314 0D       		.byte	0xd
 535 0315 4C       		.byte	0x4c
 536 0316 45020000 		.4byte	0x245
 537 031a 0C       		.byte	0xc
 538 031b 0E       		.uleb128 0xe
 539 031c D0050000 		.4byte	.LASF72
 540 0320 0D       		.byte	0xd
 541 0321 51       		.byte	0x51
 542 0322 4A020000 		.4byte	0x24a
 543 0326 10       		.byte	0x10
 544 0327 0E       		.uleb128 0xe
 545 0328 22060000 		.4byte	.LASF73
 546 032c 0D       		.byte	0xd
 547 032d 56       		.byte	0x56
 548 032e 55020000 		.4byte	0x255
 549 0332 14       		.byte	0x14
 550 0333 0E       		.uleb128 0xe
 551 0334 B1000000 		.4byte	.LASF74
 552 0338 0D       		.byte	0xd
 553 0339 5B       		.byte	0x5b
 554 033a 4A020000 		.4byte	0x24a
 555 033e 18       		.byte	0x18
 556 033f 0E       		.uleb128 0xe
 557 0340 C3050000 		.4byte	.LASF75
 558 0344 0D       		.byte	0xd
 559 0345 60       		.byte	0x60
 560 0346 55020000 		.4byte	0x255
 561 034a 1C       		.byte	0x1c
 562 034b 0E       		.uleb128 0xe
 563 034c 46050000 		.4byte	.LASF76
 564 0350 0D       		.byte	0xd
 565 0351 66       		.byte	0x66
 566 0352 5A020000 		.4byte	0x25a
 567 0356 20       		.byte	0x20
 568 0357 0E       		.uleb128 0xe
 569 0358 C5020000 		.4byte	.LASF77
 570 035c 0D       		.byte	0xd
 571 035d 6B       		.byte	0x6b
 572 035e 5F020000 		.4byte	0x25f
 573 0362 24       		.byte	0x24
 574 0363 00       		.byte	0
 575 0364 0B       		.uleb128 0xb
 576 0365 84020000 		.4byte	0x284
 577 0369 0B       		.uleb128 0xb
 578 036a AF020000 		.4byte	0x2af
 579 036e 03       		.uleb128 0x3
 580 036f B6020000 		.4byte	.LASF78
 581 0373 0D       		.byte	0xd
 582 0374 6E       		.byte	0x6e
 583 0375 79030000 		.4byte	0x379
 584 0379 0B       		.uleb128 0xb
 585 037a DF020000 		.4byte	0x2df
 586 037e 11       		.uleb128 0x11
 587 037f AC060000 		.4byte	.LASF80
ARM GAS  C:\Users\91819\AppData\Local\Temp\ccxpdD0n.s 			page 19


 588 0383 0C       		.byte	0xc
 589 0384 0D       		.byte	0xd
 590 0385 7A       		.byte	0x7a
 591 0386 BB030000 		.4byte	0x3bb
 592 038a 0E       		.uleb128 0xe
 593 038b 7A020000 		.4byte	.LASF81
 594 038f 0D       		.byte	0xd
 595 0390 80       		.byte	0x80
 596 0391 79020000 		.4byte	0x279
 597 0395 00       		.byte	0
 598 0396 0E       		.uleb128 0xe
 599 0397 3F050000 		.4byte	.LASF82
 600 039b 0D       		.byte	0xd
 601 039c 85       		.byte	0x85
 602 039d 3A020000 		.4byte	0x23a
 603 03a1 01       		.byte	0x1
 604 03a2 12       		.uleb128 0x12
 605 03a3 61676500 		.ascii	"age\000"
 606 03a7 0D       		.byte	0xd
 607 03a8 8A       		.byte	0x8a
 608 03a9 A2000000 		.4byte	0xa2
 609 03ad 04       		.byte	0x4
 610 03ae 0E       		.uleb128 0xe
 611 03af 17050000 		.4byte	.LASF83
 612 03b3 0D       		.byte	0xd
 613 03b4 8F       		.byte	0x8f
 614 03b5 C1030000 		.4byte	0x3c1
 615 03b9 08       		.byte	0x8
 616 03ba 00       		.byte	0
 617 03bb 0C       		.uleb128 0xc
 618 03bc 04       		.byte	0x4
 619 03bd 6E030000 		.4byte	0x36e
 620 03c1 0B       		.uleb128 0xb
 621 03c2 BB030000 		.4byte	0x3bb
 622 03c6 03       		.uleb128 0x3
 623 03c7 C9060000 		.4byte	.LASF84
 624 03cb 0D       		.byte	0xd
 625 03cc 92       		.byte	0x92
 626 03cd 7E030000 		.4byte	0x37e
 627 03d1 0D       		.uleb128 0xd
 628 03d2 01       		.byte	0x1
 629 03d3 0E       		.byte	0xe
 630 03d4 1F       		.byte	0x1f
 631 03d5 E6030000 		.4byte	0x3e6
 632 03d9 0E       		.uleb128 0xe
 633 03da 3F050000 		.4byte	.LASF82
 634 03de 0E       		.byte	0xe
 635 03df 21       		.byte	0x21
 636 03e0 2A010000 		.4byte	0x12a
 637 03e4 00       		.byte	0
 638 03e5 00       		.byte	0
 639 03e6 03       		.uleb128 0x3
 640 03e7 1F050000 		.4byte	.LASF85
 641 03eb 0E       		.byte	0xe
 642 03ec 24       		.byte	0x24
 643 03ed D1030000 		.4byte	0x3d1
 644 03f1 03       		.uleb128 0x3
ARM GAS  C:\Users\91819\AppData\Local\Temp\ccxpdD0n.s 			page 20


 645 03f2 8A040000 		.4byte	.LASF86
 646 03f6 02       		.byte	0x2
 647 03f7 27       		.byte	0x27
 648 03f8 FC030000 		.4byte	0x3fc
 649 03fc 0C       		.uleb128 0xc
 650 03fd 04       		.byte	0x4
 651 03fe 02040000 		.4byte	0x402
 652 0402 0F       		.uleb128 0xf
 653 0403 DE010000 		.4byte	0x1de
 654 0407 11040000 		.4byte	0x411
 655 040b 10       		.uleb128 0x10
 656 040c 17040000 		.4byte	0x417
 657 0410 00       		.byte	0
 658 0411 0C       		.uleb128 0xc
 659 0412 04       		.byte	0x4
 660 0413 E6030000 		.4byte	0x3e6
 661 0417 0B       		.uleb128 0xb
 662 0418 11040000 		.4byte	0x411
 663 041c 03       		.uleb128 0x3
 664 041d 18030000 		.4byte	.LASF87
 665 0421 02       		.byte	0x2
 666 0422 2D       		.byte	0x2d
 667 0423 27040000 		.4byte	0x427
 668 0427 0C       		.uleb128 0xc
 669 0428 04       		.byte	0x4
 670 0429 2D040000 		.4byte	0x42d
 671 042d 0F       		.uleb128 0xf
 672 042e DE010000 		.4byte	0x1de
 673 0432 3C040000 		.4byte	0x43c
 674 0436 10       		.uleb128 0x10
 675 0437 47040000 		.4byte	0x447
 676 043b 00       		.byte	0
 677 043c 0C       		.uleb128 0xc
 678 043d 04       		.byte	0x4
 679 043e 42040000 		.4byte	0x442
 680 0442 0B       		.uleb128 0xb
 681 0443 E6030000 		.4byte	0x3e6
 682 0447 0B       		.uleb128 0xb
 683 0448 3C040000 		.4byte	0x43c
 684 044c 11       		.uleb128 0x11
 685 044d D9010000 		.4byte	.LASF88
 686 0451 28       		.byte	0x28
 687 0452 02       		.byte	0x2
 688 0453 37       		.byte	0x37
 689 0454 D1040000 		.4byte	0x4d1
 690 0458 0E       		.uleb128 0xe
 691 0459 0E070000 		.4byte	.LASF68
 692 045d 02       		.byte	0x2
 693 045e 3C       		.byte	0x3c
 694 045f D1040000 		.4byte	0x4d1
 695 0463 00       		.byte	0
 696 0464 0E       		.uleb128 0xe
 697 0465 4A040000 		.4byte	.LASF69
 698 0469 02       		.byte	0x2
 699 046a 41       		.byte	0x41
 700 046b D6040000 		.4byte	0x4d6
 701 046f 04       		.byte	0x4
ARM GAS  C:\Users\91819\AppData\Local\Temp\ccxpdD0n.s 			page 21


 702 0470 0E       		.uleb128 0xe
 703 0471 34050000 		.4byte	.LASF70
 704 0475 02       		.byte	0x2
 705 0476 46       		.byte	0x46
 706 0477 45020000 		.4byte	0x245
 707 047b 08       		.byte	0x8
 708 047c 0E       		.uleb128 0xe
 709 047d F5000000 		.4byte	.LASF71
 710 0481 02       		.byte	0x2
 711 0482 4C       		.byte	0x4c
 712 0483 45020000 		.4byte	0x245
 713 0487 0C       		.byte	0xc
 714 0488 0E       		.uleb128 0xe
 715 0489 D0050000 		.4byte	.LASF72
 716 048d 02       		.byte	0x2
 717 048e 51       		.byte	0x51
 718 048f 4A020000 		.4byte	0x24a
 719 0493 10       		.byte	0x10
 720 0494 0E       		.uleb128 0xe
 721 0495 22060000 		.4byte	.LASF73
 722 0499 02       		.byte	0x2
 723 049a 56       		.byte	0x56
 724 049b 55020000 		.4byte	0x255
 725 049f 14       		.byte	0x14
 726 04a0 0E       		.uleb128 0xe
 727 04a1 B1000000 		.4byte	.LASF74
 728 04a5 02       		.byte	0x2
 729 04a6 5B       		.byte	0x5b
 730 04a7 4A020000 		.4byte	0x24a
 731 04ab 18       		.byte	0x18
 732 04ac 0E       		.uleb128 0xe
 733 04ad C3050000 		.4byte	.LASF75
 734 04b1 02       		.byte	0x2
 735 04b2 60       		.byte	0x60
 736 04b3 55020000 		.4byte	0x255
 737 04b7 1C       		.byte	0x1c
 738 04b8 0E       		.uleb128 0xe
 739 04b9 46050000 		.4byte	.LASF76
 740 04bd 02       		.byte	0x2
 741 04be 66       		.byte	0x66
 742 04bf 5A020000 		.4byte	0x25a
 743 04c3 20       		.byte	0x20
 744 04c4 0E       		.uleb128 0xe
 745 04c5 C5020000 		.4byte	.LASF77
 746 04c9 02       		.byte	0x2
 747 04ca 6B       		.byte	0x6b
 748 04cb 5F020000 		.4byte	0x25f
 749 04cf 24       		.byte	0x24
 750 04d0 00       		.byte	0
 751 04d1 0B       		.uleb128 0xb
 752 04d2 F1030000 		.4byte	0x3f1
 753 04d6 0B       		.uleb128 0xb
 754 04d7 1C040000 		.4byte	0x41c
 755 04db 03       		.uleb128 0x3
 756 04dc F7010000 		.4byte	.LASF89
 757 04e0 02       		.byte	0x2
 758 04e1 6E       		.byte	0x6e
ARM GAS  C:\Users\91819\AppData\Local\Temp\ccxpdD0n.s 			page 22


 759 04e2 E6040000 		.4byte	0x4e6
 760 04e6 0B       		.uleb128 0xb
 761 04e7 4C040000 		.4byte	0x44c
 762 04eb 11       		.uleb128 0x11
 763 04ec E3020000 		.4byte	.LASF90
 764 04f0 0C       		.byte	0xc
 765 04f1 02       		.byte	0x2
 766 04f2 7A       		.byte	0x7a
 767 04f3 28050000 		.4byte	0x528
 768 04f7 0E       		.uleb128 0xe
 769 04f8 7A020000 		.4byte	.LASF81
 770 04fc 02       		.byte	0x2
 771 04fd 80       		.byte	0x80
 772 04fe E6030000 		.4byte	0x3e6
 773 0502 00       		.byte	0
 774 0503 0E       		.uleb128 0xe
 775 0504 3F050000 		.4byte	.LASF82
 776 0508 02       		.byte	0x2
 777 0509 85       		.byte	0x85
 778 050a 3A020000 		.4byte	0x23a
 779 050e 01       		.byte	0x1
 780 050f 12       		.uleb128 0x12
 781 0510 61676500 		.ascii	"age\000"
 782 0514 02       		.byte	0x2
 783 0515 8A       		.byte	0x8a
 784 0516 A2000000 		.4byte	0xa2
 785 051a 04       		.byte	0x4
 786 051b 0E       		.uleb128 0xe
 787 051c 17050000 		.4byte	.LASF83
 788 0520 02       		.byte	0x2
 789 0521 8F       		.byte	0x8f
 790 0522 2E050000 		.4byte	0x52e
 791 0526 08       		.byte	0x8
 792 0527 00       		.byte	0
 793 0528 0C       		.uleb128 0xc
 794 0529 04       		.byte	0x4
 795 052a DB040000 		.4byte	0x4db
 796 052e 0B       		.uleb128 0xb
 797 052f 28050000 		.4byte	0x528
 798 0533 03       		.uleb128 0x3
 799 0534 F3020000 		.4byte	.LASF91
 800 0538 02       		.byte	0x2
 801 0539 92       		.byte	0x92
 802 053a EB040000 		.4byte	0x4eb
 803 053e 13       		.uleb128 0x13
 804 053f 82010000 		.4byte	.LASF92
 805 0543 0D       		.byte	0xd
 806 0544 0601     		.2byte	0x106
 807 0546 79020000 		.4byte	0x279
 808 054a 03       		.byte	0x3
 809 054b 5C050000 		.4byte	0x55c
 810 054f 14       		.uleb128 0x14
 811 0550 55050000 		.4byte	.LASF94
 812 0554 0D       		.byte	0xd
 813 0555 0601     		.2byte	0x106
 814 0557 67050000 		.4byte	0x567
 815 055b 00       		.byte	0
ARM GAS  C:\Users\91819\AppData\Local\Temp\ccxpdD0n.s 			page 23


 816 055c 0C       		.uleb128 0xc
 817 055d 04       		.byte	0x4
 818 055e 62050000 		.4byte	0x562
 819 0562 0B       		.uleb128 0xb
 820 0563 C6030000 		.4byte	0x3c6
 821 0567 0B       		.uleb128 0xb
 822 0568 5C050000 		.4byte	0x55c
 823 056c 13       		.uleb128 0x13
 824 056d E2050000 		.4byte	.LASF93
 825 0571 02       		.byte	0x2
 826 0572 7201     		.2byte	0x172
 827 0574 DE010000 		.4byte	0x1de
 828 0578 03       		.byte	0x3
 829 0579 96050000 		.4byte	0x596
 830 057d 14       		.uleb128 0x14
 831 057e 55050000 		.4byte	.LASF94
 832 0582 02       		.byte	0x2
 833 0583 7201     		.2byte	0x172
 834 0585 A1050000 		.4byte	0x5a1
 835 0589 15       		.uleb128 0x15
 836 058a 72657400 		.ascii	"ret\000"
 837 058e 02       		.byte	0x2
 838 058f 7401     		.2byte	0x174
 839 0591 DE010000 		.4byte	0x1de
 840 0595 00       		.byte	0
 841 0596 0C       		.uleb128 0xc
 842 0597 04       		.byte	0x4
 843 0598 9C050000 		.4byte	0x59c
 844 059c 0B       		.uleb128 0xb
 845 059d 33050000 		.4byte	0x533
 846 05a1 0B       		.uleb128 0xb
 847 05a2 96050000 		.4byte	0x596
 848 05a6 13       		.uleb128 0x13
 849 05a7 34010000 		.4byte	.LASF95
 850 05ab 02       		.byte	0x2
 851 05ac 2901     		.2byte	0x129
 852 05ae DE010000 		.4byte	0x1de
 853 05b2 03       		.byte	0x3
 854 05b3 02060000 		.4byte	0x602
 855 05b7 14       		.uleb128 0x14
 856 05b8 55050000 		.4byte	.LASF94
 857 05bc 02       		.byte	0x2
 858 05bd 2901     		.2byte	0x129
 859 05bf 08060000 		.4byte	0x608
 860 05c3 14       		.uleb128 0x14
 861 05c4 7A020000 		.4byte	.LASF81
 862 05c8 02       		.byte	0x2
 863 05c9 2901     		.2byte	0x129
 864 05cb 42040000 		.4byte	0x442
 865 05cf 15       		.uleb128 0x15
 866 05d0 72657400 		.ascii	"ret\000"
 867 05d4 02       		.byte	0x2
 868 05d5 2C01     		.2byte	0x12c
 869 05d7 DE010000 		.4byte	0x1de
 870 05db 16       		.uleb128 0x16
 871 05dc 6B040000 		.4byte	.LASF96
 872 05e0 02       		.byte	0x2
ARM GAS  C:\Users\91819\AppData\Local\Temp\ccxpdD0n.s 			page 24


 873 05e1 2D01     		.2byte	0x12d
 874 05e3 C2000000 		.4byte	0xc2
 875 05e7 16       		.uleb128 0x16
 876 05e8 54040000 		.4byte	.LASF97
 877 05ec 02       		.byte	0x2
 878 05ed 3701     		.2byte	0x137
 879 05ef 4F020000 		.4byte	0x24f
 880 05f3 17       		.uleb128 0x17
 881 05f4 16       		.uleb128 0x16
 882 05f5 7D010000 		.4byte	.LASF98
 883 05f9 02       		.byte	0x2
 884 05fa 3C01     		.2byte	0x13c
 885 05fc 0B010000 		.4byte	0x10b
 886 0600 00       		.byte	0
 887 0601 00       		.byte	0
 888 0602 0C       		.uleb128 0xc
 889 0603 04       		.byte	0x4
 890 0604 33050000 		.4byte	0x533
 891 0608 0B       		.uleb128 0xb
 892 0609 02060000 		.4byte	0x602
 893 060d 18       		.uleb128 0x18
 894 060e 58010000 		.4byte	.LASF113
 895 0612 01       		.byte	0x1
 896 0613 29       		.byte	0x29
 897 0614 00000000 		.4byte	.LFB140
 898 0618 64000000 		.4byte	.LFE140-.LFB140
 899 061c 01       		.uleb128 0x1
 900 061d 9C       		.byte	0x9c
 901 061e E2060000 		.4byte	0x6e2
 902 0622 19       		.uleb128 0x19
 903 0623 657600   		.ascii	"ev\000"
 904 0626 01       		.byte	0x1
 905 0627 29       		.byte	0x29
 906 0628 FF010000 		.4byte	0x1ff
 907 062c 00000000 		.4byte	.LLST0
 908 0630 1A       		.uleb128 0x1a
 909 0631 45060000 		.4byte	.LASF99
 910 0635 01       		.byte	0x1
 911 0636 2C       		.byte	0x2c
 912 0637 79020000 		.4byte	0x279
 913 063b 1B       		.uleb128 0x1b
 914 063c A5050000 		.4byte	.LASF114
 915 0640 01       		.byte	0x1
 916 0641 2D       		.byte	0x2d
 917 0642 E6030000 		.4byte	0x3e6
 918 0646 3A000000 		.4byte	.LLST1
 919 064a 1C       		.uleb128 0x1c
 920 064b A6050000 		.4byte	0x5a6
 921 064f 12000000 		.4byte	.LBB9
 922 0653 32000000 		.4byte	.LBE9-.LBB9
 923 0657 01       		.byte	0x1
 924 0658 39       		.byte	0x39
 925 0659 A6060000 		.4byte	0x6a6
 926 065d 1D       		.uleb128 0x1d
 927 065e C3050000 		.4byte	0x5c3
 928 0662 1D       		.uleb128 0x1d
 929 0663 B7050000 		.4byte	0x5b7
ARM GAS  C:\Users\91819\AppData\Local\Temp\ccxpdD0n.s 			page 25


 930 0667 1E       		.uleb128 0x1e
 931 0668 12000000 		.4byte	.LBB10
 932 066c 32000000 		.4byte	.LBE10-.LBB10
 933 0670 1F       		.uleb128 0x1f
 934 0671 CF050000 		.4byte	0x5cf
 935 0675 00       		.byte	0
 936 0676 20       		.uleb128 0x20
 937 0677 DB050000 		.4byte	0x5db
 938 067b 4D000000 		.4byte	.LLST2
 939 067f 20       		.uleb128 0x20
 940 0680 E7050000 		.4byte	0x5e7
 941 0684 83000000 		.4byte	.LLST3
 942 0688 1E       		.uleb128 0x1e
 943 0689 2A000000 		.4byte	.LBB11
 944 068d 0A000000 		.4byte	.LBE11-.LBB11
 945 0691 20       		.uleb128 0x20
 946 0692 F4050000 		.4byte	0x5f4
 947 0696 96000000 		.4byte	.LLST4
 948 069a 21       		.uleb128 0x21
 949 069b 34000000 		.4byte	.LVL8
 950 069f 40070000 		.4byte	0x740
 951 06a3 00       		.byte	0
 952 06a4 00       		.byte	0
 953 06a5 00       		.byte	0
 954 06a6 1C       		.uleb128 0x1c
 955 06a7 6C050000 		.4byte	0x56c
 956 06ab 44000000 		.4byte	.LBB12
 957 06af 10000000 		.4byte	.LBE12-.LBB12
 958 06b3 01       		.byte	0x1
 959 06b4 3A       		.byte	0x3a
 960 06b5 D2060000 		.4byte	0x6d2
 961 06b9 1D       		.uleb128 0x1d
 962 06ba 7D050000 		.4byte	0x57d
 963 06be 1E       		.uleb128 0x1e
 964 06bf 44000000 		.4byte	.LBB13
 965 06c3 10000000 		.4byte	.LBE13-.LBB13
 966 06c7 20       		.uleb128 0x20
 967 06c8 89050000 		.4byte	0x589
 968 06cc AF000000 		.4byte	.LLST5
 969 06d0 00       		.byte	0
 970 06d1 00       		.byte	0
 971 06d2 22       		.uleb128 0x22
 972 06d3 5A000000 		.4byte	.LVL14
 973 06d7 4C070000 		.4byte	0x74c
 974 06db 23       		.uleb128 0x23
 975 06dc 01       		.uleb128 0x1
 976 06dd 50       		.byte	0x50
 977 06de 01       		.uleb128 0x1
 978 06df 33       		.byte	0x33
 979 06e0 00       		.byte	0
 980 06e1 00       		.byte	0
 981 06e2 24       		.uleb128 0x24
 982 06e3 3D070000 		.4byte	.LASF100
 983 06e7 0F       		.byte	0xf
 984 06e8 40       		.byte	0x40
 985 06e9 EA000000 		.4byte	0xea
 986 06ed 24       		.uleb128 0x24
ARM GAS  C:\Users\91819\AppData\Local\Temp\ccxpdD0n.s 			page 26


 987 06ee 69030000 		.4byte	.LASF101
 988 06f2 0F       		.byte	0xf
 989 06f3 47       		.byte	0x47
 990 06f4 F5000000 		.4byte	0xf5
 991 06f8 24       		.uleb128 0x24
 992 06f9 FD050000 		.4byte	.LASF102
 993 06fd 0F       		.byte	0xf
 994 06fe 4A       		.byte	0x4a
 995 06ff EA000000 		.4byte	0xea
 996 0703 24       		.uleb128 0x24
 997 0704 15040000 		.4byte	.LASF103
 998 0708 10       		.byte	0x10
 999 0709 48       		.byte	0x48
 1000 070a 00010000 		.4byte	0x100
 1001 070e 24       		.uleb128 0x24
 1002 070f CE020000 		.4byte	.LASF104
 1003 0713 11       		.byte	0x11
 1004 0714 44       		.byte	0x44
 1005 0715 EA000000 		.4byte	0xea
 1006 0719 25       		.uleb128 0x25
 1007 071a 17070000 		.4byte	.LASF105
 1008 071e 12       		.byte	0x12
 1009 071f 1207     		.2byte	0x712
 1010 0721 25070000 		.4byte	0x725
 1011 0725 26       		.uleb128 0x26
 1012 0726 97000000 		.4byte	0x97
 1013 072a 24       		.uleb128 0x24
 1014 072b 32030000 		.4byte	.LASF106
 1015 072f 13       		.byte	0x13
 1016 0730 37       		.byte	0x37
 1017 0731 C6030000 		.4byte	0x3c6
 1018 0735 24       		.uleb128 0x24
 1019 0736 30060000 		.4byte	.LASF107
 1020 073a 13       		.byte	0x13
 1021 073b 55       		.byte	0x55
 1022 073c 33050000 		.4byte	0x533
 1023 0740 27       		.uleb128 0x27
 1024 0741 FF060000 		.4byte	.LASF108
 1025 0745 FF060000 		.4byte	.LASF108
 1026 0749 14       		.byte	0x14
 1027 074a 4A01     		.2byte	0x14a
 1028 074c 28       		.uleb128 0x28
 1029 074d FB030000 		.4byte	.LASF109
 1030 0751 FB030000 		.4byte	.LASF109
 1031 0755 15       		.byte	0x15
 1032 0756 30       		.byte	0x30
 1033 0757 00       		.byte	0
 1034              		.section	.debug_abbrev,"",%progbits
 1035              	.Ldebug_abbrev0:
 1036 0000 01       		.uleb128 0x1
 1037 0001 11       		.uleb128 0x11
 1038 0002 01       		.byte	0x1
 1039 0003 25       		.uleb128 0x25
 1040 0004 0E       		.uleb128 0xe
 1041 0005 13       		.uleb128 0x13
 1042 0006 0B       		.uleb128 0xb
 1043 0007 03       		.uleb128 0x3
ARM GAS  C:\Users\91819\AppData\Local\Temp\ccxpdD0n.s 			page 27


 1044 0008 0E       		.uleb128 0xe
 1045 0009 1B       		.uleb128 0x1b
 1046 000a 0E       		.uleb128 0xe
 1047 000b 55       		.uleb128 0x55
 1048 000c 17       		.uleb128 0x17
 1049 000d 11       		.uleb128 0x11
 1050 000e 01       		.uleb128 0x1
 1051 000f 10       		.uleb128 0x10
 1052 0010 17       		.uleb128 0x17
 1053 0011 00       		.byte	0
 1054 0012 00       		.byte	0
 1055 0013 02       		.uleb128 0x2
 1056 0014 24       		.uleb128 0x24
 1057 0015 00       		.byte	0
 1058 0016 0B       		.uleb128 0xb
 1059 0017 0B       		.uleb128 0xb
 1060 0018 3E       		.uleb128 0x3e
 1061 0019 0B       		.uleb128 0xb
 1062 001a 03       		.uleb128 0x3
 1063 001b 0E       		.uleb128 0xe
 1064 001c 00       		.byte	0
 1065 001d 00       		.byte	0
 1066 001e 03       		.uleb128 0x3
 1067 001f 16       		.uleb128 0x16
 1068 0020 00       		.byte	0
 1069 0021 03       		.uleb128 0x3
 1070 0022 0E       		.uleb128 0xe
 1071 0023 3A       		.uleb128 0x3a
 1072 0024 0B       		.uleb128 0xb
 1073 0025 3B       		.uleb128 0x3b
 1074 0026 0B       		.uleb128 0xb
 1075 0027 49       		.uleb128 0x49
 1076 0028 13       		.uleb128 0x13
 1077 0029 00       		.byte	0
 1078 002a 00       		.byte	0
 1079 002b 04       		.uleb128 0x4
 1080 002c 24       		.uleb128 0x24
 1081 002d 00       		.byte	0
 1082 002e 0B       		.uleb128 0xb
 1083 002f 0B       		.uleb128 0xb
 1084 0030 3E       		.uleb128 0x3e
 1085 0031 0B       		.uleb128 0xb
 1086 0032 03       		.uleb128 0x3
 1087 0033 08       		.uleb128 0x8
 1088 0034 00       		.byte	0
 1089 0035 00       		.byte	0
 1090 0036 05       		.uleb128 0x5
 1091 0037 16       		.uleb128 0x16
 1092 0038 00       		.byte	0
 1093 0039 03       		.uleb128 0x3
 1094 003a 0E       		.uleb128 0xe
 1095 003b 3A       		.uleb128 0x3a
 1096 003c 0B       		.uleb128 0xb
 1097 003d 3B       		.uleb128 0x3b
 1098 003e 05       		.uleb128 0x5
 1099 003f 49       		.uleb128 0x49
 1100 0040 13       		.uleb128 0x13
ARM GAS  C:\Users\91819\AppData\Local\Temp\ccxpdD0n.s 			page 28


 1101 0041 00       		.byte	0
 1102 0042 00       		.byte	0
 1103 0043 06       		.uleb128 0x6
 1104 0044 04       		.uleb128 0x4
 1105 0045 01       		.byte	0x1
 1106 0046 0B       		.uleb128 0xb
 1107 0047 0B       		.uleb128 0xb
 1108 0048 49       		.uleb128 0x49
 1109 0049 13       		.uleb128 0x13
 1110 004a 3A       		.uleb128 0x3a
 1111 004b 0B       		.uleb128 0xb
 1112 004c 3B       		.uleb128 0x3b
 1113 004d 0B       		.uleb128 0xb
 1114 004e 01       		.uleb128 0x1
 1115 004f 13       		.uleb128 0x13
 1116 0050 00       		.byte	0
 1117 0051 00       		.byte	0
 1118 0052 07       		.uleb128 0x7
 1119 0053 28       		.uleb128 0x28
 1120 0054 00       		.byte	0
 1121 0055 03       		.uleb128 0x3
 1122 0056 0E       		.uleb128 0xe
 1123 0057 1C       		.uleb128 0x1c
 1124 0058 0B       		.uleb128 0xb
 1125 0059 00       		.byte	0
 1126 005a 00       		.byte	0
 1127 005b 08       		.uleb128 0x8
 1128 005c 28       		.uleb128 0x28
 1129 005d 00       		.byte	0
 1130 005e 03       		.uleb128 0x3
 1131 005f 0E       		.uleb128 0xe
 1132 0060 1C       		.uleb128 0x1c
 1133 0061 0D       		.uleb128 0xd
 1134 0062 00       		.byte	0
 1135 0063 00       		.byte	0
 1136 0064 09       		.uleb128 0x9
 1137 0065 01       		.uleb128 0x1
 1138 0066 01       		.byte	0x1
 1139 0067 49       		.uleb128 0x49
 1140 0068 13       		.uleb128 0x13
 1141 0069 01       		.uleb128 0x1
 1142 006a 13       		.uleb128 0x13
 1143 006b 00       		.byte	0
 1144 006c 00       		.byte	0
 1145 006d 0A       		.uleb128 0xa
 1146 006e 21       		.uleb128 0x21
 1147 006f 00       		.byte	0
 1148 0070 00       		.byte	0
 1149 0071 00       		.byte	0
 1150 0072 0B       		.uleb128 0xb
 1151 0073 26       		.uleb128 0x26
 1152 0074 00       		.byte	0
 1153 0075 49       		.uleb128 0x49
 1154 0076 13       		.uleb128 0x13
 1155 0077 00       		.byte	0
 1156 0078 00       		.byte	0
 1157 0079 0C       		.uleb128 0xc
ARM GAS  C:\Users\91819\AppData\Local\Temp\ccxpdD0n.s 			page 29


 1158 007a 0F       		.uleb128 0xf
 1159 007b 00       		.byte	0
 1160 007c 0B       		.uleb128 0xb
 1161 007d 0B       		.uleb128 0xb
 1162 007e 49       		.uleb128 0x49
 1163 007f 13       		.uleb128 0x13
 1164 0080 00       		.byte	0
 1165 0081 00       		.byte	0
 1166 0082 0D       		.uleb128 0xd
 1167 0083 13       		.uleb128 0x13
 1168 0084 01       		.byte	0x1
 1169 0085 0B       		.uleb128 0xb
 1170 0086 0B       		.uleb128 0xb
 1171 0087 3A       		.uleb128 0x3a
 1172 0088 0B       		.uleb128 0xb
 1173 0089 3B       		.uleb128 0x3b
 1174 008a 0B       		.uleb128 0xb
 1175 008b 01       		.uleb128 0x1
 1176 008c 13       		.uleb128 0x13
 1177 008d 00       		.byte	0
 1178 008e 00       		.byte	0
 1179 008f 0E       		.uleb128 0xe
 1180 0090 0D       		.uleb128 0xd
 1181 0091 00       		.byte	0
 1182 0092 03       		.uleb128 0x3
 1183 0093 0E       		.uleb128 0xe
 1184 0094 3A       		.uleb128 0x3a
 1185 0095 0B       		.uleb128 0xb
 1186 0096 3B       		.uleb128 0x3b
 1187 0097 0B       		.uleb128 0xb
 1188 0098 49       		.uleb128 0x49
 1189 0099 13       		.uleb128 0x13
 1190 009a 38       		.uleb128 0x38
 1191 009b 0B       		.uleb128 0xb
 1192 009c 00       		.byte	0
 1193 009d 00       		.byte	0
 1194 009e 0F       		.uleb128 0xf
 1195 009f 15       		.uleb128 0x15
 1196 00a0 01       		.byte	0x1
 1197 00a1 27       		.uleb128 0x27
 1198 00a2 19       		.uleb128 0x19
 1199 00a3 49       		.uleb128 0x49
 1200 00a4 13       		.uleb128 0x13
 1201 00a5 01       		.uleb128 0x1
 1202 00a6 13       		.uleb128 0x13
 1203 00a7 00       		.byte	0
 1204 00a8 00       		.byte	0
 1205 00a9 10       		.uleb128 0x10
 1206 00aa 05       		.uleb128 0x5
 1207 00ab 00       		.byte	0
 1208 00ac 49       		.uleb128 0x49
 1209 00ad 13       		.uleb128 0x13
 1210 00ae 00       		.byte	0
 1211 00af 00       		.byte	0
 1212 00b0 11       		.uleb128 0x11
 1213 00b1 13       		.uleb128 0x13
 1214 00b2 01       		.byte	0x1
ARM GAS  C:\Users\91819\AppData\Local\Temp\ccxpdD0n.s 			page 30


 1215 00b3 03       		.uleb128 0x3
 1216 00b4 0E       		.uleb128 0xe
 1217 00b5 0B       		.uleb128 0xb
 1218 00b6 0B       		.uleb128 0xb
 1219 00b7 3A       		.uleb128 0x3a
 1220 00b8 0B       		.uleb128 0xb
 1221 00b9 3B       		.uleb128 0x3b
 1222 00ba 0B       		.uleb128 0xb
 1223 00bb 01       		.uleb128 0x1
 1224 00bc 13       		.uleb128 0x13
 1225 00bd 00       		.byte	0
 1226 00be 00       		.byte	0
 1227 00bf 12       		.uleb128 0x12
 1228 00c0 0D       		.uleb128 0xd
 1229 00c1 00       		.byte	0
 1230 00c2 03       		.uleb128 0x3
 1231 00c3 08       		.uleb128 0x8
 1232 00c4 3A       		.uleb128 0x3a
 1233 00c5 0B       		.uleb128 0xb
 1234 00c6 3B       		.uleb128 0x3b
 1235 00c7 0B       		.uleb128 0xb
 1236 00c8 49       		.uleb128 0x49
 1237 00c9 13       		.uleb128 0x13
 1238 00ca 38       		.uleb128 0x38
 1239 00cb 0B       		.uleb128 0xb
 1240 00cc 00       		.byte	0
 1241 00cd 00       		.byte	0
 1242 00ce 13       		.uleb128 0x13
 1243 00cf 2E       		.uleb128 0x2e
 1244 00d0 01       		.byte	0x1
 1245 00d1 3F       		.uleb128 0x3f
 1246 00d2 19       		.uleb128 0x19
 1247 00d3 03       		.uleb128 0x3
 1248 00d4 0E       		.uleb128 0xe
 1249 00d5 3A       		.uleb128 0x3a
 1250 00d6 0B       		.uleb128 0xb
 1251 00d7 3B       		.uleb128 0x3b
 1252 00d8 05       		.uleb128 0x5
 1253 00d9 27       		.uleb128 0x27
 1254 00da 19       		.uleb128 0x19
 1255 00db 49       		.uleb128 0x49
 1256 00dc 13       		.uleb128 0x13
 1257 00dd 20       		.uleb128 0x20
 1258 00de 0B       		.uleb128 0xb
 1259 00df 01       		.uleb128 0x1
 1260 00e0 13       		.uleb128 0x13
 1261 00e1 00       		.byte	0
 1262 00e2 00       		.byte	0
 1263 00e3 14       		.uleb128 0x14
 1264 00e4 05       		.uleb128 0x5
 1265 00e5 00       		.byte	0
 1266 00e6 03       		.uleb128 0x3
 1267 00e7 0E       		.uleb128 0xe
 1268 00e8 3A       		.uleb128 0x3a
 1269 00e9 0B       		.uleb128 0xb
 1270 00ea 3B       		.uleb128 0x3b
 1271 00eb 05       		.uleb128 0x5
ARM GAS  C:\Users\91819\AppData\Local\Temp\ccxpdD0n.s 			page 31


 1272 00ec 49       		.uleb128 0x49
 1273 00ed 13       		.uleb128 0x13
 1274 00ee 00       		.byte	0
 1275 00ef 00       		.byte	0
 1276 00f0 15       		.uleb128 0x15
 1277 00f1 34       		.uleb128 0x34
 1278 00f2 00       		.byte	0
 1279 00f3 03       		.uleb128 0x3
 1280 00f4 08       		.uleb128 0x8
 1281 00f5 3A       		.uleb128 0x3a
 1282 00f6 0B       		.uleb128 0xb
 1283 00f7 3B       		.uleb128 0x3b
 1284 00f8 05       		.uleb128 0x5
 1285 00f9 49       		.uleb128 0x49
 1286 00fa 13       		.uleb128 0x13
 1287 00fb 00       		.byte	0
 1288 00fc 00       		.byte	0
 1289 00fd 16       		.uleb128 0x16
 1290 00fe 34       		.uleb128 0x34
 1291 00ff 00       		.byte	0
 1292 0100 03       		.uleb128 0x3
 1293 0101 0E       		.uleb128 0xe
 1294 0102 3A       		.uleb128 0x3a
 1295 0103 0B       		.uleb128 0xb
 1296 0104 3B       		.uleb128 0x3b
 1297 0105 05       		.uleb128 0x5
 1298 0106 49       		.uleb128 0x49
 1299 0107 13       		.uleb128 0x13
 1300 0108 00       		.byte	0
 1301 0109 00       		.byte	0
 1302 010a 17       		.uleb128 0x17
 1303 010b 0B       		.uleb128 0xb
 1304 010c 01       		.byte	0x1
 1305 010d 00       		.byte	0
 1306 010e 00       		.byte	0
 1307 010f 18       		.uleb128 0x18
 1308 0110 2E       		.uleb128 0x2e
 1309 0111 01       		.byte	0x1
 1310 0112 3F       		.uleb128 0x3f
 1311 0113 19       		.uleb128 0x19
 1312 0114 03       		.uleb128 0x3
 1313 0115 0E       		.uleb128 0xe
 1314 0116 3A       		.uleb128 0x3a
 1315 0117 0B       		.uleb128 0xb
 1316 0118 3B       		.uleb128 0x3b
 1317 0119 0B       		.uleb128 0xb
 1318 011a 27       		.uleb128 0x27
 1319 011b 19       		.uleb128 0x19
 1320 011c 11       		.uleb128 0x11
 1321 011d 01       		.uleb128 0x1
 1322 011e 12       		.uleb128 0x12
 1323 011f 06       		.uleb128 0x6
 1324 0120 40       		.uleb128 0x40
 1325 0121 18       		.uleb128 0x18
 1326 0122 9642     		.uleb128 0x2116
 1327 0124 19       		.uleb128 0x19
 1328 0125 01       		.uleb128 0x1
ARM GAS  C:\Users\91819\AppData\Local\Temp\ccxpdD0n.s 			page 32


 1329 0126 13       		.uleb128 0x13
 1330 0127 00       		.byte	0
 1331 0128 00       		.byte	0
 1332 0129 19       		.uleb128 0x19
 1333 012a 05       		.uleb128 0x5
 1334 012b 00       		.byte	0
 1335 012c 03       		.uleb128 0x3
 1336 012d 08       		.uleb128 0x8
 1337 012e 3A       		.uleb128 0x3a
 1338 012f 0B       		.uleb128 0xb
 1339 0130 3B       		.uleb128 0x3b
 1340 0131 0B       		.uleb128 0xb
 1341 0132 49       		.uleb128 0x49
 1342 0133 13       		.uleb128 0x13
 1343 0134 02       		.uleb128 0x2
 1344 0135 17       		.uleb128 0x17
 1345 0136 00       		.byte	0
 1346 0137 00       		.byte	0
 1347 0138 1A       		.uleb128 0x1a
 1348 0139 34       		.uleb128 0x34
 1349 013a 00       		.byte	0
 1350 013b 03       		.uleb128 0x3
 1351 013c 0E       		.uleb128 0xe
 1352 013d 3A       		.uleb128 0x3a
 1353 013e 0B       		.uleb128 0xb
 1354 013f 3B       		.uleb128 0x3b
 1355 0140 0B       		.uleb128 0xb
 1356 0141 49       		.uleb128 0x49
 1357 0142 13       		.uleb128 0x13
 1358 0143 00       		.byte	0
 1359 0144 00       		.byte	0
 1360 0145 1B       		.uleb128 0x1b
 1361 0146 34       		.uleb128 0x34
 1362 0147 00       		.byte	0
 1363 0148 03       		.uleb128 0x3
 1364 0149 0E       		.uleb128 0xe
 1365 014a 3A       		.uleb128 0x3a
 1366 014b 0B       		.uleb128 0xb
 1367 014c 3B       		.uleb128 0x3b
 1368 014d 0B       		.uleb128 0xb
 1369 014e 49       		.uleb128 0x49
 1370 014f 13       		.uleb128 0x13
 1371 0150 02       		.uleb128 0x2
 1372 0151 17       		.uleb128 0x17
 1373 0152 00       		.byte	0
 1374 0153 00       		.byte	0
 1375 0154 1C       		.uleb128 0x1c
 1376 0155 1D       		.uleb128 0x1d
 1377 0156 01       		.byte	0x1
 1378 0157 31       		.uleb128 0x31
 1379 0158 13       		.uleb128 0x13
 1380 0159 11       		.uleb128 0x11
 1381 015a 01       		.uleb128 0x1
 1382 015b 12       		.uleb128 0x12
 1383 015c 06       		.uleb128 0x6
 1384 015d 58       		.uleb128 0x58
 1385 015e 0B       		.uleb128 0xb
ARM GAS  C:\Users\91819\AppData\Local\Temp\ccxpdD0n.s 			page 33


 1386 015f 59       		.uleb128 0x59
 1387 0160 0B       		.uleb128 0xb
 1388 0161 01       		.uleb128 0x1
 1389 0162 13       		.uleb128 0x13
 1390 0163 00       		.byte	0
 1391 0164 00       		.byte	0
 1392 0165 1D       		.uleb128 0x1d
 1393 0166 05       		.uleb128 0x5
 1394 0167 00       		.byte	0
 1395 0168 31       		.uleb128 0x31
 1396 0169 13       		.uleb128 0x13
 1397 016a 00       		.byte	0
 1398 016b 00       		.byte	0
 1399 016c 1E       		.uleb128 0x1e
 1400 016d 0B       		.uleb128 0xb
 1401 016e 01       		.byte	0x1
 1402 016f 11       		.uleb128 0x11
 1403 0170 01       		.uleb128 0x1
 1404 0171 12       		.uleb128 0x12
 1405 0172 06       		.uleb128 0x6
 1406 0173 00       		.byte	0
 1407 0174 00       		.byte	0
 1408 0175 1F       		.uleb128 0x1f
 1409 0176 34       		.uleb128 0x34
 1410 0177 00       		.byte	0
 1411 0178 31       		.uleb128 0x31
 1412 0179 13       		.uleb128 0x13
 1413 017a 1C       		.uleb128 0x1c
 1414 017b 0B       		.uleb128 0xb
 1415 017c 00       		.byte	0
 1416 017d 00       		.byte	0
 1417 017e 20       		.uleb128 0x20
 1418 017f 34       		.uleb128 0x34
 1419 0180 00       		.byte	0
 1420 0181 31       		.uleb128 0x31
 1421 0182 13       		.uleb128 0x13
 1422 0183 02       		.uleb128 0x2
 1423 0184 17       		.uleb128 0x17
 1424 0185 00       		.byte	0
 1425 0186 00       		.byte	0
 1426 0187 21       		.uleb128 0x21
 1427 0188 898201   		.uleb128 0x4109
 1428 018b 00       		.byte	0
 1429 018c 11       		.uleb128 0x11
 1430 018d 01       		.uleb128 0x1
 1431 018e 31       		.uleb128 0x31
 1432 018f 13       		.uleb128 0x13
 1433 0190 00       		.byte	0
 1434 0191 00       		.byte	0
 1435 0192 22       		.uleb128 0x22
 1436 0193 898201   		.uleb128 0x4109
 1437 0196 01       		.byte	0x1
 1438 0197 11       		.uleb128 0x11
 1439 0198 01       		.uleb128 0x1
 1440 0199 31       		.uleb128 0x31
 1441 019a 13       		.uleb128 0x13
 1442 019b 00       		.byte	0
ARM GAS  C:\Users\91819\AppData\Local\Temp\ccxpdD0n.s 			page 34


 1443 019c 00       		.byte	0
 1444 019d 23       		.uleb128 0x23
 1445 019e 8A8201   		.uleb128 0x410a
 1446 01a1 00       		.byte	0
 1447 01a2 02       		.uleb128 0x2
 1448 01a3 18       		.uleb128 0x18
 1449 01a4 9142     		.uleb128 0x2111
 1450 01a6 18       		.uleb128 0x18
 1451 01a7 00       		.byte	0
 1452 01a8 00       		.byte	0
 1453 01a9 24       		.uleb128 0x24
 1454 01aa 34       		.uleb128 0x34
 1455 01ab 00       		.byte	0
 1456 01ac 03       		.uleb128 0x3
 1457 01ad 0E       		.uleb128 0xe
 1458 01ae 3A       		.uleb128 0x3a
 1459 01af 0B       		.uleb128 0xb
 1460 01b0 3B       		.uleb128 0x3b
 1461 01b1 0B       		.uleb128 0xb
 1462 01b2 49       		.uleb128 0x49
 1463 01b3 13       		.uleb128 0x13
 1464 01b4 3F       		.uleb128 0x3f
 1465 01b5 19       		.uleb128 0x19
 1466 01b6 3C       		.uleb128 0x3c
 1467 01b7 19       		.uleb128 0x19
 1468 01b8 00       		.byte	0
 1469 01b9 00       		.byte	0
 1470 01ba 25       		.uleb128 0x25
 1471 01bb 34       		.uleb128 0x34
 1472 01bc 00       		.byte	0
 1473 01bd 03       		.uleb128 0x3
 1474 01be 0E       		.uleb128 0xe
 1475 01bf 3A       		.uleb128 0x3a
 1476 01c0 0B       		.uleb128 0xb
 1477 01c1 3B       		.uleb128 0x3b
 1478 01c2 05       		.uleb128 0x5
 1479 01c3 49       		.uleb128 0x49
 1480 01c4 13       		.uleb128 0x13
 1481 01c5 3F       		.uleb128 0x3f
 1482 01c6 19       		.uleb128 0x19
 1483 01c7 3C       		.uleb128 0x3c
 1484 01c8 19       		.uleb128 0x19
 1485 01c9 00       		.byte	0
 1486 01ca 00       		.byte	0
 1487 01cb 26       		.uleb128 0x26
 1488 01cc 35       		.uleb128 0x35
 1489 01cd 00       		.byte	0
 1490 01ce 49       		.uleb128 0x49
 1491 01cf 13       		.uleb128 0x13
 1492 01d0 00       		.byte	0
 1493 01d1 00       		.byte	0
 1494 01d2 27       		.uleb128 0x27
 1495 01d3 2E       		.uleb128 0x2e
 1496 01d4 00       		.byte	0
 1497 01d5 3F       		.uleb128 0x3f
 1498 01d6 19       		.uleb128 0x19
 1499 01d7 3C       		.uleb128 0x3c
ARM GAS  C:\Users\91819\AppData\Local\Temp\ccxpdD0n.s 			page 35


 1500 01d8 19       		.uleb128 0x19
 1501 01d9 6E       		.uleb128 0x6e
 1502 01da 0E       		.uleb128 0xe
 1503 01db 03       		.uleb128 0x3
 1504 01dc 0E       		.uleb128 0xe
 1505 01dd 3A       		.uleb128 0x3a
 1506 01de 0B       		.uleb128 0xb
 1507 01df 3B       		.uleb128 0x3b
 1508 01e0 05       		.uleb128 0x5
 1509 01e1 00       		.byte	0
 1510 01e2 00       		.byte	0
 1511 01e3 28       		.uleb128 0x28
 1512 01e4 2E       		.uleb128 0x2e
 1513 01e5 00       		.byte	0
 1514 01e6 3F       		.uleb128 0x3f
 1515 01e7 19       		.uleb128 0x19
 1516 01e8 3C       		.uleb128 0x3c
 1517 01e9 19       		.uleb128 0x19
 1518 01ea 6E       		.uleb128 0x6e
 1519 01eb 0E       		.uleb128 0xe
 1520 01ec 03       		.uleb128 0x3
 1521 01ed 0E       		.uleb128 0xe
 1522 01ee 3A       		.uleb128 0x3a
 1523 01ef 0B       		.uleb128 0xb
 1524 01f0 3B       		.uleb128 0x3b
 1525 01f1 0B       		.uleb128 0xb
 1526 01f2 00       		.byte	0
 1527 01f3 00       		.byte	0
 1528 01f4 00       		.byte	0
 1529              		.section	.debug_loc,"",%progbits
 1530              	.Ldebug_loc0:
 1531              	.LLST0:
 1532 0000 00000000 		.4byte	.LVL0
 1533 0004 2A000000 		.4byte	.LVL7
 1534 0008 0100     		.2byte	0x1
 1535 000a 50       		.byte	0x50
 1536 000b 2A000000 		.4byte	.LVL7
 1537 000f 38000000 		.4byte	.LVL10
 1538 0013 0400     		.2byte	0x4
 1539 0015 F3       		.byte	0xf3
 1540 0016 01       		.uleb128 0x1
 1541 0017 50       		.byte	0x50
 1542 0018 9F       		.byte	0x9f
 1543 0019 38000000 		.4byte	.LVL10
 1544 001d 3A000000 		.4byte	.LVL11
 1545 0021 0100     		.2byte	0x1
 1546 0023 50       		.byte	0x50
 1547 0024 3A000000 		.4byte	.LVL11
 1548 0028 64000000 		.4byte	.LFE140
 1549 002c 0400     		.2byte	0x4
 1550 002e F3       		.byte	0xf3
 1551 002f 01       		.uleb128 0x1
 1552 0030 50       		.byte	0x50
 1553 0031 9F       		.byte	0x9f
 1554 0032 00000000 		.4byte	0
 1555 0036 00000000 		.4byte	0
 1556              	.LLST1:
ARM GAS  C:\Users\91819\AppData\Local\Temp\ccxpdD0n.s 			page 36


 1557 003a 16000000 		.4byte	.LVL4
 1558 003e 1A000000 		.4byte	.LVL5
 1559 0042 0100     		.2byte	0x1
 1560 0044 51       		.byte	0x51
 1561 0045 00000000 		.4byte	0
 1562 0049 00000000 		.4byte	0
 1563              	.LLST2:
 1564 004d 12000000 		.4byte	.LVL3
 1565 0051 2A000000 		.4byte	.LVL7
 1566 0055 0200     		.2byte	0x2
 1567 0057 30       		.byte	0x30
 1568 0058 9F       		.byte	0x9f
 1569 0059 2A000000 		.4byte	.LVL7
 1570 005d 38000000 		.4byte	.LVL10
 1571 0061 0100     		.2byte	0x1
 1572 0063 54       		.byte	0x54
 1573 0064 38000000 		.4byte	.LVL10
 1574 0068 3A000000 		.4byte	.LVL11
 1575 006c 0200     		.2byte	0x2
 1576 006e 30       		.byte	0x30
 1577 006f 9F       		.byte	0x9f
 1578 0070 3A000000 		.4byte	.LVL11
 1579 0074 44000000 		.4byte	.LVL12
 1580 0078 0100     		.2byte	0x1
 1581 007a 54       		.byte	0x54
 1582 007b 00000000 		.4byte	0
 1583 007f 00000000 		.4byte	0
 1584              	.LLST3:
 1585 0083 22000000 		.4byte	.LVL6
 1586 0087 44000000 		.4byte	.LVL12
 1587 008b 0100     		.2byte	0x1
 1588 008d 55       		.byte	0x55
 1589 008e 00000000 		.4byte	0
 1590 0092 00000000 		.4byte	0
 1591              	.LLST4:
 1592 0096 2A000000 		.4byte	.LVL7
 1593 009a 33000000 		.4byte	.LVL8-1
 1594 009e 0700     		.2byte	0x7
 1595 00a0 74       		.byte	0x74
 1596 00a1 00       		.sleb128 0
 1597 00a2 32       		.byte	0x32
 1598 00a3 24       		.byte	0x24
 1599 00a4 75       		.byte	0x75
 1600 00a5 00       		.sleb128 0
 1601 00a6 22       		.byte	0x22
 1602 00a7 00000000 		.4byte	0
 1603 00ab 00000000 		.4byte	0
 1604              	.LLST5:
 1605 00af 44000000 		.4byte	.LVL12
 1606 00b3 54000000 		.4byte	.LVL13
 1607 00b7 0300     		.2byte	0x3
 1608 00b9 09       		.byte	0x9
 1609 00ba FF       		.byte	0xff
 1610 00bb 9F       		.byte	0x9f
 1611 00bc 00000000 		.4byte	0
 1612 00c0 00000000 		.4byte	0
 1613              		.section	.debug_aranges,"",%progbits
ARM GAS  C:\Users\91819\AppData\Local\Temp\ccxpdD0n.s 			page 37


 1614 0000 1C000000 		.4byte	0x1c
 1615 0004 0200     		.2byte	0x2
 1616 0006 00000000 		.4byte	.Ldebug_info0
 1617 000a 04       		.byte	0x4
 1618 000b 00       		.byte	0
 1619 000c 0000     		.2byte	0
 1620 000e 0000     		.2byte	0
 1621 0010 00000000 		.4byte	.LFB140
 1622 0014 64000000 		.4byte	.LFE140-.LFB140
 1623 0018 00000000 		.4byte	0
 1624 001c 00000000 		.4byte	0
 1625              		.section	.debug_ranges,"",%progbits
 1626              	.Ldebug_ranges0:
 1627 0000 00000000 		.4byte	.LFB140
 1628 0004 64000000 		.4byte	.LFE140
 1629 0008 00000000 		.4byte	0
 1630 000c 00000000 		.4byte	0
 1631              		.section	.debug_line,"",%progbits
 1632              	.Ldebug_line0:
 1633 0000 98030000 		.section	.debug_str,"MS",%progbits,1
 1633      02006703 
 1633      00000201 
 1633      FB0E0D00 
 1633      01010101 
 1634              	.LASF110:
 1635 0000 474E5520 		.ascii	"GNU C11 5.4.1 20160609 (release) [ARM/embedded-5-br"
 1635      43313120 
 1635      352E342E 
 1635      31203230 
 1635      31363036 
 1636 0033 616E6368 		.ascii	"anch revision 237715] -mcpu=cortex-m3 -mthumb -g -O"
 1636      20726576 
 1636      6973696F 
 1636      6E203233 
 1636      37373135 
 1637 0066 67202D66 		.ascii	"g -ffunction-sections -ffat-lto-objects\000"
 1637      66756E63 
 1637      74696F6E 
 1637      2D736563 
 1637      74696F6E 
 1638              	.LASF26:
 1639 008e 4576656E 		.ascii	"EventMaskType\000"
 1639      744D6173 
 1639      6B547970 
 1639      6500
 1640              	.LASF37:
 1641 009c 52435F45 		.ascii	"RC_ERROR_BUFFER_FULL\000"
 1641      52524F52 
 1641      5F425546 
 1641      4645525F 
 1641      46554C4C 
 1642              	.LASF74:
 1643 00b1 6F6E4572 		.ascii	"onErrorTaskCount\000"
 1643      726F7254 
 1643      61736B43 
 1643      6F756E74 
 1643      00
ARM GAS  C:\Users\91819\AppData\Local\Temp\ccxpdD0n.s 			page 38


 1644              	.LASF43:
 1645 00c2 52435F45 		.ascii	"RC_ERROR_READ_ONLY\000"
 1645      52524F52 
 1645      5F524541 
 1645      445F4F4E 
 1645      4C5900
 1646              	.LASF29:
 1647 00d5 52435F53 		.ascii	"RC_SUCCESS\000"
 1647      55434345 
 1647      535300
 1648              	.LASF66:
 1649 00e0 53435F53 		.ascii	"SC_SPEED_driverOut_t\000"
 1649      50454544 
 1649      5F647269 
 1649      7665724F 
 1649      75745F74 
 1650              	.LASF71:
 1651 00f5 65764F6E 		.ascii	"evOnError\000"
 1651      4572726F 
 1651      7200
 1652              	.LASF7:
 1653 00ff 5F5F7569 		.ascii	"__uint32_t\000"
 1653      6E743332 
 1653      5F7400
 1654              	.LASF17:
 1655 010a 63686172 		.ascii	"char\000"
 1655      00
 1656              	.LASF44:
 1657 010f 52435F45 		.ascii	"RC_ERROR_WRITE_ONLY\000"
 1657      52524F52 
 1657      5F575249 
 1657      54455F4F 
 1657      4E4C5900 
 1658              	.LASF2:
 1659 0123 73686F72 		.ascii	"short int\000"
 1659      7420696E 
 1659      7400
 1660              	.LASF18:
 1661 012d 73697A65 		.ascii	"size_t\000"
 1661      5F7400
 1662              	.LASF95:
 1663 0134 5254455F 		.ascii	"RTE_SC_BRAKELIGHT_set\000"
 1663      53435F42 
 1663      52414B45 
 1663      4C494748 
 1663      545F7365 
 1664              	.LASF27:
 1665 014a 73697A65 		.ascii	"sizetype\000"
 1665      74797065 
 1665      00
 1666              	.LASF55:
 1667 0153 52435F74 		.ascii	"RC_t\000"
 1667      00
 1668              	.LASF113:
 1669 0158 4252414B 		.ascii	"BRAKELIGHT_setBrakeLight_run\000"
 1669      454C4947 
 1669      48545F73 
ARM GAS  C:\Users\91819\AppData\Local\Temp\ccxpdD0n.s 			page 39


 1669      65744272 
 1669      616B654C 
 1670              	.LASF67:
 1671 0175 6D795370 		.ascii	"mySpeed\000"
 1671      65656400 
 1672              	.LASF98:
 1673 017d 7461736B 		.ascii	"task\000"
 1673      00
 1674              	.LASF92:
 1675 0182 5254455F 		.ascii	"RTE_SC_SPEED_get\000"
 1675      53435F53 
 1675      50454544 
 1675      5F676574 
 1675      00
 1676              	.LASF32:
 1677 0193 52435F45 		.ascii	"RC_ERROR_ZERO\000"
 1677      52524F52 
 1677      5F5A4552 
 1677      4F00
 1678              	.LASF23:
 1679 01a1 45455F46 		.ascii	"EE_FREG\000"
 1679      52454700 
 1680              	.LASF46:
 1681 01a9 52435F45 		.ascii	"RC_ERROR_READ_FAILS\000"
 1681      52524F52 
 1681      5F524541 
 1681      445F4641 
 1681      494C5300 
 1682              	.LASF111:
 1683 01bd 736F7572 		.ascii	"source\\asw\\swc_brakelight.c\000"
 1683      63655C61 
 1683      73775C73 
 1683      77635F62 
 1683      72616B65 
 1684              	.LASF88:
 1685 01d9 53435F42 		.ascii	"SC_BRAKELIGHT_cfg_s\000"
 1685      52414B45 
 1685      4C494748 
 1685      545F6366 
 1685      675F7300 
 1686              	.LASF21:
 1687 01ed 45455F55 		.ascii	"EE_UINT32\000"
 1687      494E5433 
 1687      3200
 1688              	.LASF89:
 1689 01f7 53435F42 		.ascii	"SC_BRAKELIGHT_cfg_t\000"
 1689      52414B45 
 1689      4C494748 
 1689      545F6366 
 1689      675F7400 
 1690              	.LASF112:
 1691 020b 433A5C55 		.ascii	"C:\\Users\\91819\\Documents\\HDA_Sem2\\EAA\\Assignm"
 1691      73657273 
 1691      5C393138 
 1691      31395C44 
 1691      6F63756D 
 1692 0238 656E7473 		.ascii	"ents\\Assignment1_RTE\\autosar_01.cydsn (2)\\autosa"
ARM GAS  C:\Users\91819\AppData\Local\Temp\ccxpdD0n.s 			page 40


 1692      5C417373 
 1692      69676E6D 
 1692      656E7431 
 1692      5F525445 
 1693 0268 725F3031 		.ascii	"r_01.cydsn\000"
 1693      2E637964 
 1693      736E00
 1694              	.LASF24:
 1695 0273 45455F54 		.ascii	"EE_TID\000"
 1695      494400
 1696              	.LASF81:
 1697 027a 76616C75 		.ascii	"value\000"
 1697      6500
 1698              	.LASF64:
 1699 0280 53435F53 		.ascii	"SC_SPEED_data_t\000"
 1699      50454544 
 1699      5F646174 
 1699      615F7400 
 1700              	.LASF52:
 1701 0290 52435F45 		.ascii	"RC_ERROR_INVALID_STATE\000"
 1701      52524F52 
 1701      5F494E56 
 1701      414C4944 
 1701      5F535441 
 1702              	.LASF79:
 1703 02a7 53435F53 		.ascii	"SC_SPEED_cfg_s\000"
 1703      50454544 
 1703      5F636667 
 1703      5F7300
 1704              	.LASF78:
 1705 02b6 53435F53 		.ascii	"SC_SPEED_cfg_t\000"
 1705      50454544 
 1705      5F636667 
 1705      5F7400
 1706              	.LASF77:
 1707 02c5 7265736F 		.ascii	"resource\000"
 1707      75726365 
 1707      00
 1708              	.LASF104:
 1709 02ce 45455F49 		.ascii	"EE_IRQ_nesting_level\000"
 1709      52515F6E 
 1709      65737469 
 1709      6E675F6C 
 1709      6576656C 
 1710              	.LASF90:
 1711 02e3 53435F42 		.ascii	"SC_BRAKELIGHT_s\000"
 1711      52414B45 
 1711      4C494748 
 1711      545F7300 
 1712              	.LASF91:
 1713 02f3 53435F42 		.ascii	"SC_BRAKELIGHT_t\000"
 1713      52414B45 
 1713      4C494748 
 1713      545F7400 
 1714              	.LASF34:
 1715 0303 52435F45 		.ascii	"RC_ERROR_RANGE\000"
 1715      52524F52 
ARM GAS  C:\Users\91819\AppData\Local\Temp\ccxpdD0n.s 			page 41


 1715      5F52414E 
 1715      474500
 1716              	.LASF15:
 1717 0312 666C6F61 		.ascii	"float\000"
 1717      7400
 1718              	.LASF87:
 1719 0318 53435F42 		.ascii	"SC_BRAKELIGHT_driverOut_t\000"
 1719      52414B45 
 1719      4C494748 
 1719      545F6472 
 1719      69766572 
 1720              	.LASF106:
 1721 0332 534F5F53 		.ascii	"SO_SPEED_signal\000"
 1721      50454544 
 1721      5F736967 
 1721      6E616C00 
 1722              	.LASF54:
 1723 0342 52435F45 		.ascii	"RC_ERROR_NOT_IMPLEMENTED\000"
 1723      52524F52 
 1723      5F4E4F54 
 1723      5F494D50 
 1723      4C454D45 
 1724              	.LASF9:
 1725 035b 6C6F6E67 		.ascii	"long long int\000"
 1725      206C6F6E 
 1725      6720696E 
 1725      7400
 1726              	.LASF101:
 1727 0369 45455F6F 		.ascii	"EE_oo_IRQ_suspend_status\000"
 1727      6F5F4952 
 1727      515F7375 
 1727      7370656E 
 1727      645F7374 
 1728              	.LASF48:
 1729 0382 52435F45 		.ascii	"RC_ERROR_NOT_MATCH\000"
 1729      52524F52 
 1729      5F4E4F54 
 1729      5F4D4154 
 1729      434800
 1730              	.LASF53:
 1731 0395 52435F45 		.ascii	"RC_ERROR_UNKNOWN\000"
 1731      52524F52 
 1731      5F554E4B 
 1731      4E4F574E 
 1731      00
 1732              	.LASF63:
 1733 03a6 5254455F 		.ascii	"RTE_signalStatus_t\000"
 1733      7369676E 
 1733      616C5374 
 1733      61747573 
 1733      5F7400
 1734              	.LASF6:
 1735 03b9 6C6F6E67 		.ascii	"long int\000"
 1735      20696E74 
 1735      00
 1736              	.LASF36:
 1737 03c2 52435F45 		.ascii	"RC_ERROR_UNDERRUN\000"
ARM GAS  C:\Users\91819\AppData\Local\Temp\ccxpdD0n.s 			page 42


 1737      52524F52 
 1737      5F554E44 
 1737      45525255 
 1737      4E00
 1738              	.LASF39:
 1739 03d4 52435F45 		.ascii	"RC_ERROR_BUSY\000"
 1739      52524F52 
 1739      5F425553 
 1739      5900
 1740              	.LASF59:
 1741 03e2 5254455F 		.ascii	"RTE_SIGNALSTATUS_STARTUP\000"
 1741      5349474E 
 1741      414C5354 
 1741      41545553 
 1741      5F535441 
 1742              	.LASF109:
 1743 03fb 57445F41 		.ascii	"WD_Alive\000"
 1743      6C697665 
 1743      00
 1744              	.LASF45:
 1745 0404 52435F45 		.ascii	"RC_ERROR_INVALID\000"
 1745      52524F52 
 1745      5F494E56 
 1745      414C4944 
 1745      00
 1746              	.LASF103:
 1747 0415 45455F73 		.ascii	"EE_std_endcycle_next_tid\000"
 1747      74645F65 
 1747      6E646379 
 1747      636C655F 
 1747      6E657874 
 1748              	.LASF50:
 1749 042e 52435F45 		.ascii	"RC_ERROR_BAD_DATA\000"
 1749      52524F52 
 1749      5F424144 
 1749      5F444154 
 1749      4100
 1750              	.LASF28:
 1751 0440 626F6F6C 		.ascii	"boolean_t\000"
 1751      65616E5F 
 1751      7400
 1752              	.LASF69:
 1753 044a 6F757444 		.ascii	"outDriver\000"
 1753      72697665 
 1753      7200
 1754              	.LASF97:
 1755 0454 70546173 		.ascii	"pTaskArray\000"
 1755      6B417272 
 1755      617900
 1756              	.LASF19:
 1757 045f 6C6F6E67 		.ascii	"long double\000"
 1757      20646F75 
 1757      626C6500 
 1758              	.LASF96:
 1759 046b 7461736B 		.ascii	"taskNum\000"
 1759      4E756D00 
 1760              	.LASF25:
ARM GAS  C:\Users\91819\AppData\Local\Temp\ccxpdD0n.s 			page 43


 1761 0473 5461736B 		.ascii	"TaskType\000"
 1761      54797065 
 1761      00
 1762              	.LASF1:
 1763 047c 756E7369 		.ascii	"unsigned char\000"
 1763      676E6564 
 1763      20636861 
 1763      7200
 1764              	.LASF86:
 1765 048a 53435F42 		.ascii	"SC_BRAKELIGHT_driverIn_t\000"
 1765      52414B45 
 1765      4C494748 
 1765      545F6472 
 1765      69766572 
 1766              	.LASF0:
 1767 04a3 7369676E 		.ascii	"signed char\000"
 1767      65642063 
 1767      68617200 
 1768              	.LASF10:
 1769 04af 6C6F6E67 		.ascii	"long long unsigned int\000"
 1769      206C6F6E 
 1769      6720756E 
 1769      7369676E 
 1769      65642069 
 1770              	.LASF14:
 1771 04c6 75696E74 		.ascii	"uint32_t\000"
 1771      33325F74 
 1771      00
 1772              	.LASF11:
 1773 04cf 756E7369 		.ascii	"unsigned int\000"
 1773      676E6564 
 1773      20696E74 
 1773      00
 1774              	.LASF41:
 1775 04dc 52435F45 		.ascii	"RC_ERROR_OPEN\000"
 1775      52524F52 
 1775      5F4F5045 
 1775      4E00
 1776              	.LASF31:
 1777 04ea 52435F45 		.ascii	"RC_ERROR_NULL\000"
 1777      52524F52 
 1777      5F4E554C 
 1777      4C00
 1778              	.LASF38:
 1779 04f8 52435F45 		.ascii	"RC_ERROR_BUFFER_EMTPY\000"
 1779      52524F52 
 1779      5F425546 
 1779      4645525F 
 1779      454D5450 
 1780              	.LASF20:
 1781 050e 45455F49 		.ascii	"EE_INT32\000"
 1781      4E543332 
 1781      00
 1782              	.LASF83:
 1783 0517 70536967 		.ascii	"pSigCfg\000"
 1783      43666700 
 1784              	.LASF85:
ARM GAS  C:\Users\91819\AppData\Local\Temp\ccxpdD0n.s 			page 44


 1785 051f 53435F42 		.ascii	"SC_BRAKELIGHT_data_t\000"
 1785      52414B45 
 1785      4C494748 
 1785      545F6461 
 1785      74615F74 
 1786              	.LASF70:
 1787 0534 65764F6E 		.ascii	"evOnUpdate\000"
 1787      55706461 
 1787      746500
 1788              	.LASF82:
 1789 053f 73746174 		.ascii	"status\000"
 1789      757300
 1790              	.LASF76:
 1791 0546 7265736F 		.ascii	"resourceActive\000"
 1791      75726365 
 1791      41637469 
 1791      766500
 1792              	.LASF94:
 1793 0555 7369676E 		.ascii	"signal\000"
 1793      616C00
 1794              	.LASF62:
 1795 055c 5254455F 		.ascii	"RTE_SIGNALSTATUS_INVALID\000"
 1795      5349474E 
 1795      414C5354 
 1795      41545553 
 1795      5F494E56 
 1796              	.LASF47:
 1797 0575 52435F45 		.ascii	"RC_ERROR_WRITE_FAILS\000"
 1797      52524F52 
 1797      5F575249 
 1797      54455F46 
 1797      41494C53 
 1798              	.LASF13:
 1799 058a 696E7433 		.ascii	"int32_t\000"
 1799      325F7400 
 1800              	.LASF3:
 1801 0592 73686F72 		.ascii	"short unsigned int\000"
 1801      7420756E 
 1801      7369676E 
 1801      65642069 
 1801      6E7400
 1802              	.LASF114:
 1803 05a5 6272616B 		.ascii	"brakeValue\000"
 1803      6556616C 
 1803      756500
 1804              	.LASF49:
 1805 05b0 52435F45 		.ascii	"RC_ERROR_BAD_PARAM\000"
 1805      52524F52 
 1805      5F424144 
 1805      5F504152 
 1805      414D00
 1806              	.LASF75:
 1807 05c3 6F6E4572 		.ascii	"onErrorTasks\000"
 1807      726F7254 
 1807      61736B73 
 1807      00
 1808              	.LASF72:
ARM GAS  C:\Users\91819\AppData\Local\Temp\ccxpdD0n.s 			page 45


 1809 05d0 6F6E5570 		.ascii	"onUpdateTaskCount\000"
 1809      64617465 
 1809      5461736B 
 1809      436F756E 
 1809      7400
 1810              	.LASF93:
 1811 05e2 5254455F 		.ascii	"RTE_SC_BRAKELIGHT_pushPort\000"
 1811      53435F42 
 1811      52414B45 
 1811      4C494748 
 1811      545F7075 
 1812              	.LASF102:
 1813 05fd 45455F41 		.ascii	"EE_ApplicationMode\000"
 1813      70706C69 
 1813      63617469 
 1813      6F6E4D6F 
 1813      646500
 1814              	.LASF8:
 1815 0610 6C6F6E67 		.ascii	"long unsigned int\000"
 1815      20756E73 
 1815      69676E65 
 1815      6420696E 
 1815      7400
 1816              	.LASF73:
 1817 0622 6F6E5570 		.ascii	"onUpdateTasks\000"
 1817      64617465 
 1817      5461736B 
 1817      7300
 1818              	.LASF107:
 1819 0630 534F5F42 		.ascii	"SO_BRAKELIGHT_signal\000"
 1819      52414B45 
 1819      4C494748 
 1819      545F7369 
 1819      676E616C 
 1820              	.LASF99:
 1821 0645 656E6769 		.ascii	"engineValue\000"
 1821      6E655661 
 1821      6C756500 
 1822              	.LASF42:
 1823 0651 52435F45 		.ascii	"RC_ERROR_CHECKSUM\000"
 1823      52524F52 
 1823      5F434845 
 1823      434B5355 
 1823      4D00
 1824              	.LASF22:
 1825 0663 45455F55 		.ascii	"EE_UREG\000"
 1825      52454700 
 1826              	.LASF35:
 1827 066b 52435F45 		.ascii	"RC_ERROR_OVERRUN\000"
 1827      52524F52 
 1827      5F4F5645 
 1827      5252554E 
 1827      00
 1828              	.LASF5:
 1829 067c 5F5F696E 		.ascii	"__int32_t\000"
 1829      7433325F 
 1829      7400
ARM GAS  C:\Users\91819\AppData\Local\Temp\ccxpdD0n.s 			page 46


 1830              	.LASF12:
 1831 0686 75696E74 		.ascii	"uint8_t\000"
 1831      385F7400 
 1832              	.LASF57:
 1833 068e 5254455F 		.ascii	"RTE_event\000"
 1833      6576656E 
 1833      7400
 1834              	.LASF65:
 1835 0698 53435F53 		.ascii	"SC_SPEED_driverIn_t\000"
 1835      50454544 
 1835      5F647269 
 1835      76657249 
 1835      6E5F7400 
 1836              	.LASF80:
 1837 06ac 53435F53 		.ascii	"SC_SPEED_s\000"
 1837      50454544 
 1837      5F7300
 1838              	.LASF51:
 1839 06b7 52435F45 		.ascii	"RC_ERROR_CANCELED\000"
 1839      52524F52 
 1839      5F43414E 
 1839      43454C45 
 1839      4400
 1840              	.LASF84:
 1841 06c9 53435F53 		.ascii	"SC_SPEED_t\000"
 1841      50454544 
 1841      5F7400
 1842              	.LASF58:
 1843 06d4 5265736F 		.ascii	"ResourceType\000"
 1843      75726365 
 1843      54797065 
 1843      00
 1844              	.LASF16:
 1845 06e1 646F7562 		.ascii	"double\000"
 1845      6C6500
 1846              	.LASF61:
 1847 06e8 5254455F 		.ascii	"RTE_SIGNALSTATUS_VALID\000"
 1847      5349474E 
 1847      414C5354 
 1847      41545553 
 1847      5F56414C 
 1848              	.LASF108:
 1849 06ff 45455F6F 		.ascii	"EE_oo_SetEvent\000"
 1849      6F5F5365 
 1849      74457665 
 1849      6E7400
 1850              	.LASF68:
 1851 070e 696E4472 		.ascii	"inDriver\000"
 1851      69766572 
 1851      00
 1852              	.LASF105:
 1853 0717 49544D5F 		.ascii	"ITM_RxBuffer\000"
 1853      52784275 
 1853      66666572 
 1853      00
 1854              	.LASF30:
 1855 0724 52435F45 		.ascii	"RC_ERROR\000"
ARM GAS  C:\Users\91819\AppData\Local\Temp\ccxpdD0n.s 			page 47


 1855      52524F52 
 1855      00
 1856              	.LASF33:
 1857 072d 52435F45 		.ascii	"RC_ERROR_MEMORY\000"
 1857      52524F52 
 1857      5F4D454D 
 1857      4F525900 
 1858              	.LASF100:
 1859 073d 45455F6F 		.ascii	"EE_oo_IRQ_disable_count\000"
 1859      6F5F4952 
 1859      515F6469 
 1859      7361626C 
 1859      655F636F 
 1860              	.LASF56:
 1861 0755 5461736B 		.ascii	"TaskTypeArray\000"
 1861      54797065 
 1861      41727261 
 1861      7900
 1862              	.LASF4:
 1863 0763 5F5F7569 		.ascii	"__uint8_t\000"
 1863      6E74385F 
 1863      7400
 1864              	.LASF60:
 1865 076d 5254455F 		.ascii	"RTE_SIGNALSTATUS_INITIALIZED\000"
 1865      5349474E 
 1865      414C5354 
 1865      41545553 
 1865      5F494E49 
 1866              	.LASF40:
 1867 078a 52435F45 		.ascii	"RC_ERROR_TIME_OUT\000"
 1867      52524F52 
 1867      5F54494D 
 1867      455F4F55 
 1867      5400
 1868              		.ident	"GCC: (GNU Tools for ARM Embedded Processors) 5.4.1 20160609 (release) [ARM/embedded-5-bran
