ARM GAS  C:\Users\91819\AppData\Local\Temp\cchrdayx.s 			page 1


   1              		.syntax unified
   2              		.cpu cortex-m3
   3              		.fpu softvfp
   4              		.eabi_attribute 20, 1
   5              		.eabi_attribute 21, 1
   6              		.eabi_attribute 23, 3
   7              		.eabi_attribute 24, 1
   8              		.eabi_attribute 25, 1
   9              		.eabi_attribute 26, 1
  10              		.eabi_attribute 30, 1
  11              		.eabi_attribute 34, 1
  12              		.eabi_attribute 18, 4
  13              		.thumb
  14              		.syntax unified
  15              		.file	"swc_control.c"
  16              		.text
  17              	.Ltext0:
  18              		.cfi_sections	.debug_frame
  19              		.section	.text.CONTROL_calcControl_run,"ax",%progbits
  20              		.align	2
  21              		.global	CONTROL_calcControl_run
  22              		.thumb
  23              		.thumb_func
  24              		.type	CONTROL_calcControl_run, %function
  25              	CONTROL_calcControl_run:
  26              	.LFB140:
  27              		.file 1 "source\\asw\\swc_control.c"
   1:source\asw/swc_control.c **** 
   2:source\asw/swc_control.c **** 
   3:source\asw/swc_control.c **** /*
   4:source\asw/swc_control.c ****  * Filename: swc_control.c
   5:source\asw/swc_control.c ****  *
   6:source\asw/swc_control.c ****  * Author: Autogenerated by H-DA RTE Generator, (c) Prof. Fromm
   7:source\asw/swc_control.c ****  */
   8:source\asw/swc_control.c **** 
   9:source\asw/swc_control.c **** #include "project.h"
  10:source\asw/swc_control.c **** #include "global.h"
  11:source\asw/swc_control.c **** #include "rte.h"
  12:source\asw/swc_control.c **** #include "rte_types.h"
  13:source\asw/swc_control.c **** #include "swc_control.h"
  14:source\asw/swc_control.c **** #include "watchdog.h"
  15:source\asw/swc_control.c **** 
  16:source\asw/swc_control.c **** 
  17:source\asw/swc_control.c **** 
  18:source\asw/swc_control.c **** /* USER CODE START SWC_CONTROL_INCLUDE */
  19:source\asw/swc_control.c **** 
  20:source\asw/swc_control.c **** /* USER CODE END SWC_CONTROL_INCLUDE */
  21:source\asw/swc_control.c **** 
  22:source\asw/swc_control.c **** 
  23:source\asw/swc_control.c **** #include "sp_common.h"
  24:source\asw/swc_control.c **** 
  25:source\asw/swc_control.c **** /* USER CODE START SWC_CONTROL_USERDEFINITIONS */
  26:source\asw/swc_control.c **** 
  27:source\asw/swc_control.c **** /* USER CODE END SWC_CONTROL_USERDEFINITIONS */
  28:source\asw/swc_control.c **** 
  29:source\asw/swc_control.c **** 
  30:source\asw/swc_control.c **** 
ARM GAS  C:\Users\91819\AppData\Local\Temp\cchrdayx.s 			page 2


  31:source\asw/swc_control.c **** /*
  32:source\asw/swc_control.c **** * component: swc_control
  33:source\asw/swc_control.c **** * cycletime: 100
  34:source\asw/swc_control.c **** * description: Runnable
  35:source\asw/swc_control.c **** * events: ev_joystick_onData
  36:source\asw/swc_control.c **** * name: CONTROL_calcControl_run
  37:source\asw/swc_control.c **** * shortname: calcControl
  38:source\asw/swc_control.c **** * signalIN: so_joystick
  39:source\asw/swc_control.c **** * signalOUT: so_speed
  40:source\asw/swc_control.c **** * task: tsk_control
  41:source\asw/swc_control.c **** */
  42:source\asw/swc_control.c **** void CONTROL_calcControl_run(RTE_event ev){
  28              		.loc 1 42 0
  29              		.cfi_startproc
  30              		@ args = 0, pretend = 0, frame = 8
  31              		@ frame_needed = 0, uses_anonymous_args = 0
  32              	.LVL0:
  33 0000 30B5     		push	{r4, r5, lr}
  34              		.cfi_def_cfa_offset 12
  35              		.cfi_offset 4, -12
  36              		.cfi_offset 5, -8
  37              		.cfi_offset 14, -4
  38 0002 83B0     		sub	sp, sp, #12
  39              		.cfi_def_cfa_offset 24
  40              	.LVL1:
  41              	.LBB7:
  42              	.LBB8:
  43              		.file 2 ".\\source\\rte/sc_joystick.h"
   1:.\source\rte/sc_joystick.h **** 
   2:.\source\rte/sc_joystick.h **** 
   3:.\source\rte/sc_joystick.h **** /**
   4:.\source\rte/sc_joystick.h **** *  file    SC_JOYSTICK_signal.h
   5:.\source\rte/sc_joystick.h **** *
   6:.\source\rte/sc_joystick.h **** *  brief   signal base class for signal sc_joystick
   7:.\source\rte/sc_joystick.h **** *
   8:.\source\rte/sc_joystick.h **** *  author  Autogenerated, Peter Fromm       <peter.fromm@h-da.de>
   9:.\source\rte/sc_joystick.h **** *
  10:.\source\rte/sc_joystick.h **** *
  11:.\source\rte/sc_joystick.h **** */
  12:.\source\rte/sc_joystick.h **** 
  13:.\source\rte/sc_joystick.h **** /*
  14:.\source\rte/sc_joystick.h **** * description: Signalclass
  15:.\source\rte/sc_joystick.h **** * name: sc_joystick
  16:.\source\rte/sc_joystick.h **** * shortname: joystick
  17:.\source\rte/sc_joystick.h **** */
  18:.\source\rte/sc_joystick.h **** 
  19:.\source\rte/sc_joystick.h **** #ifndef SC_JOYSTICK_SIGNAL_H_INCLUDED
  20:.\source\rte/sc_joystick.h **** #define SC_JOYSTICK_SIGNAL_H_INCLUDED
  21:.\source\rte/sc_joystick.h **** 
  22:.\source\rte/sc_joystick.h **** /*================================================[ public includes  ]=============================
  23:.\source\rte/sc_joystick.h **** #include "global.h"
  24:.\source\rte/sc_joystick.h **** #include "project.h"
  25:.\source\rte/sc_joystick.h **** #include "rte.h"
  26:.\source\rte/sc_joystick.h **** #include "rte_types.h"
  27:.\source\rte/sc_joystick.h **** 
  28:.\source\rte/sc_joystick.h **** #include "sc_joystick_type.h"
  29:.\source\rte/sc_joystick.h **** 
ARM GAS  C:\Users\91819\AppData\Local\Temp\cchrdayx.s 			page 3


  30:.\source\rte/sc_joystick.h **** 
  31:.\source\rte/sc_joystick.h **** /**************************************************************************************************
  32:.\source\rte/sc_joystick.h **** /* The driver API block																						*/
  33:.\source\rte/sc_joystick.h **** /**************************************************************************************************
  34:.\source\rte/sc_joystick.h ****                                                                                                    
  35:.\source\rte/sc_joystick.h **** /**
  36:.\source\rte/sc_joystick.h ****  *  Definition of function types for driver interfaces.
  37:.\source\rte/sc_joystick.h ****  *  I-Port
  38:.\source\rte/sc_joystick.h ****  */
  39:.\source\rte/sc_joystick.h **** typedef RC_t (*SC_JOYSTICK_driverIn_t)(SC_JOYSTICK_data_t * const);
  40:.\source\rte/sc_joystick.h **** 
  41:.\source\rte/sc_joystick.h **** /**
  42:.\source\rte/sc_joystick.h ****  *  Definition of function types for driver interfaces.
  43:.\source\rte/sc_joystick.h ****  *  O-Port
  44:.\source\rte/sc_joystick.h ****  */
  45:.\source\rte/sc_joystick.h **** typedef RC_t (*SC_JOYSTICK_driverOut_t)( const SC_JOYSTICK_data_t * const);
  46:.\source\rte/sc_joystick.h **** 
  47:.\source\rte/sc_joystick.h **** 
  48:.\source\rte/sc_joystick.h **** /**************************************************************************************************
  49:.\source\rte/sc_joystick.h **** /* The signal configuration API block																				*/
  50:.\source\rte/sc_joystick.h **** /**************************************************************************************************
  51:.\source\rte/sc_joystick.h **** 
  52:.\source\rte/sc_joystick.h **** /**
  53:.\source\rte/sc_joystick.h ****  * Instances of the struct SC_JOYSTICK_cfg_t represent the signal object configuration.
  54:.\source\rte/sc_joystick.h ****  */
  55:.\source\rte/sc_joystick.h **** struct SC_JOYSTICK_cfg_s
  56:.\source\rte/sc_joystick.h **** {
  57:.\source\rte/sc_joystick.h ****     /**
  58:.\source\rte/sc_joystick.h ****      * Function pointer to the input driver
  59:.\source\rte/sc_joystick.h ****      */
  60:.\source\rte/sc_joystick.h ****     SC_JOYSTICK_driverIn_t const inDriver;
  61:.\source\rte/sc_joystick.h **** 
  62:.\source\rte/sc_joystick.h ****     /**
  63:.\source\rte/sc_joystick.h ****      * Function pointer to the output driver table
  64:.\source\rte/sc_joystick.h ****      */
  65:.\source\rte/sc_joystick.h ****    SC_JOYSTICK_driverOut_t const outDriver;
  66:.\source\rte/sc_joystick.h ****    
  67:.\source\rte/sc_joystick.h ****     /**
  68:.\source\rte/sc_joystick.h ****      * Event onUpdate
  69:.\source\rte/sc_joystick.h ****      */
  70:.\source\rte/sc_joystick.h ****     EventMaskType const evOnUpdate;
  71:.\source\rte/sc_joystick.h ****     
  72:.\source\rte/sc_joystick.h ****     
  73:.\source\rte/sc_joystick.h ****     /**
  74:.\source\rte/sc_joystick.h ****      * Event onError
  75:.\source\rte/sc_joystick.h ****      */
  76:.\source\rte/sc_joystick.h ****     EventMaskType const evOnError;
  77:.\source\rte/sc_joystick.h ****     
  78:.\source\rte/sc_joystick.h ****     /**
  79:.\source\rte/sc_joystick.h ****      * Task Count onUpdate
  80:.\source\rte/sc_joystick.h ****      */
  81:.\source\rte/sc_joystick.h ****     size_t const onUpdateTaskCount;
  82:.\source\rte/sc_joystick.h **** 
  83:.\source\rte/sc_joystick.h ****     /**
  84:.\source\rte/sc_joystick.h ****      * Task List onUpdate
  85:.\source\rte/sc_joystick.h ****      */
  86:.\source\rte/sc_joystick.h ****     TaskTypeArray* const onUpdateTasks;
ARM GAS  C:\Users\91819\AppData\Local\Temp\cchrdayx.s 			page 4


  87:.\source\rte/sc_joystick.h ****     
  88:.\source\rte/sc_joystick.h ****     /**
  89:.\source\rte/sc_joystick.h ****      * Task Count onError
  90:.\source\rte/sc_joystick.h ****      */
  91:.\source\rte/sc_joystick.h ****     size_t const onErrorTaskCount;
  92:.\source\rte/sc_joystick.h **** 
  93:.\source\rte/sc_joystick.h ****     /**
  94:.\source\rte/sc_joystick.h ****      * Task List onError
  95:.\source\rte/sc_joystick.h ****      */
  96:.\source\rte/sc_joystick.h ****     TaskTypeArray* const onErrorTasks;
  97:.\source\rte/sc_joystick.h **** 	
  98:.\source\rte/sc_joystick.h **** 	
  99:.\source\rte/sc_joystick.h **** 	/**
 100:.\source\rte/sc_joystick.h **** 	 * Ressourse is active? We need an additional boolean as a ressource value 0 is valid.
 101:.\source\rte/sc_joystick.h **** 	 */
 102:.\source\rte/sc_joystick.h **** 	 boolean_t const resourceActive;
 103:.\source\rte/sc_joystick.h **** 	 
 104:.\source\rte/sc_joystick.h **** 	/**
 105:.\source\rte/sc_joystick.h **** 	 * Ressourse 
 106:.\source\rte/sc_joystick.h **** 	 */
 107:.\source\rte/sc_joystick.h **** 	 ResourceType const resource;
 108:.\source\rte/sc_joystick.h **** 
 109:.\source\rte/sc_joystick.h **** };                                                                                                 
 110:.\source\rte/sc_joystick.h **** typedef const struct SC_JOYSTICK_cfg_s SC_JOYSTICK_cfg_t;
 111:.\source\rte/sc_joystick.h ****                               
 112:.\source\rte/sc_joystick.h **** /**************************************************************************************************
 113:.\source\rte/sc_joystick.h **** /* The data interface block																							*/
 114:.\source\rte/sc_joystick.h **** /**************************************************************************************************
 115:.\source\rte/sc_joystick.h **** 
 116:.\source\rte/sc_joystick.h ****                                                                                                    
 117:.\source\rte/sc_joystick.h **** 							  
 118:.\source\rte/sc_joystick.h **** /**
 119:.\source\rte/sc_joystick.h ****  * Instances of the struct SC_JOYSTICK_t represent the signal objects.
 120:.\source\rte/sc_joystick.h ****  * A signal object contains the current application value 'value' as well as relevant meta data.
 121:.\source\rte/sc_joystick.h ****  */
 122:.\source\rte/sc_joystick.h **** struct SC_JOYSTICK_s
 123:.\source\rte/sc_joystick.h **** {                                                                                                  
 124:.\source\rte/sc_joystick.h **** 
 125:.\source\rte/sc_joystick.h **** 	/**
 126:.\source\rte/sc_joystick.h **** 	 * Data buffer for the application value
 127:.\source\rte/sc_joystick.h **** 	 */
 128:.\source\rte/sc_joystick.h ****     SC_JOYSTICK_data_t value;
 129:.\source\rte/sc_joystick.h **** 
 130:.\source\rte/sc_joystick.h ****     /**
 131:.\source\rte/sc_joystick.h ****      * Current signal status
 132:.\source\rte/sc_joystick.h ****      */
 133:.\source\rte/sc_joystick.h ****     RTE_signalStatus_t status;
 134:.\source\rte/sc_joystick.h **** 
 135:.\source\rte/sc_joystick.h ****     /**
 136:.\source\rte/sc_joystick.h ****      * Current age of the signal (in calling cycles)
 137:.\source\rte/sc_joystick.h ****      */
 138:.\source\rte/sc_joystick.h ****     uint32_t age;
 139:.\source\rte/sc_joystick.h **** 
 140:.\source\rte/sc_joystick.h ****     /**
 141:.\source\rte/sc_joystick.h ****      * Pointer to the signal configuration
 142:.\source\rte/sc_joystick.h ****      */
 143:.\source\rte/sc_joystick.h **** 	const SC_JOYSTICK_cfg_t * const    pSigCfg;
ARM GAS  C:\Users\91819\AppData\Local\Temp\cchrdayx.s 			page 5


 144:.\source\rte/sc_joystick.h **** 
 145:.\source\rte/sc_joystick.h **** };                                                                                                 
 146:.\source\rte/sc_joystick.h **** typedef struct SC_JOYSTICK_s SC_JOYSTICK_t;
 147:.\source\rte/sc_joystick.h **** 
 148:.\source\rte/sc_joystick.h **** /**************************************************************************************************
 149:.\source\rte/sc_joystick.h **** /* Signal initialisation   																							*/
 150:.\source\rte/sc_joystick.h **** /**************************************************************************************************
 151:.\source\rte/sc_joystick.h **** 
 152:.\source\rte/sc_joystick.h **** /**
 153:.\source\rte/sc_joystick.h ****  * Initializes a signal instance with a passed init value.
 154:.\source\rte/sc_joystick.h ****  * Depending on the configured conversion or scaling function the raw_value will be calculated.
 155:.\source\rte/sc_joystick.h ****  * Signal status will change from RTE_SIGNALSTATUS_STARTUP to RTE_SIGNALSTATUS_INITIALIZED.
 156:.\source\rte/sc_joystick.h ****  *
 157:.\source\rte/sc_joystick.h ****  * @param  SC_JOYSTICK_t * const signal: Pointer to the signal object which will be initialised
 158:.\source\rte/sc_joystick.h ****  * @param const sc_joystick_data_t * const value: Pointer to initial value of the application data
 159:.\source\rte/sc_joystick.h ****  * @return RC_t: standard return code, currently only RC_SUCCESS
 160:.\source\rte/sc_joystick.h ****  *
 161:.\source\rte/sc_joystick.h ****  **/
 162:.\source\rte/sc_joystick.h **** inline RC_t RTE_SC_JOYSTICK_init( SC_JOYSTICK_t * const signal, const SC_JOYSTICK_data_t * const va
 163:.\source\rte/sc_joystick.h **** {                                                                                                  
 164:.\source\rte/sc_joystick.h **** 
 165:.\source\rte/sc_joystick.h ****    RC_t ret = RC_SUCCESS;
 166:.\source\rte/sc_joystick.h **** 
 167:.\source\rte/sc_joystick.h ****    //Set value and raw value
 168:.\source\rte/sc_joystick.h ****    signal->value  = *value;
 169:.\source\rte/sc_joystick.h ****    signal->age    = 0;
 170:.\source\rte/sc_joystick.h ****    signal->status = RTE_SIGNALSTATUS_INITIALIZED;
 171:.\source\rte/sc_joystick.h **** 
 172:.\source\rte/sc_joystick.h ****    return ret;
 173:.\source\rte/sc_joystick.h **** }
 174:.\source\rte/sc_joystick.h **** 
 175:.\source\rte/sc_joystick.h **** /**************************************************************************************************
 176:.\source\rte/sc_joystick.h **** /* Status and timeout control																						*/
 177:.\source\rte/sc_joystick.h **** /**************************************************************************************************
 178:.\source\rte/sc_joystick.h **** 
 179:.\source\rte/sc_joystick.h **** /**
 180:.\source\rte/sc_joystick.h ****  *  Returns the current signal status of the passed signal instance.
 181:.\source\rte/sc_joystick.h ****  *
 182:.\source\rte/sc_joystick.h ****  * @param  SC_JOYSTICK_t * const signal: Pointer to the signal object
 183:.\source\rte/sc_joystick.h ****  * @return  sig_status_t: The current signal status
 184:.\source\rte/sc_joystick.h ****  *
 185:.\source\rte/sc_joystick.h ****  **/
 186:.\source\rte/sc_joystick.h **** inline RTE_signalStatus_t RTE_SC_JOYSTICK_getStatus( const SC_JOYSTICK_t * const signal )
 187:.\source\rte/sc_joystick.h **** {
 188:.\source\rte/sc_joystick.h ****    return signal->status;
 189:.\source\rte/sc_joystick.h **** }
 190:.\source\rte/sc_joystick.h **** 
 191:.\source\rte/sc_joystick.h **** 
 192:.\source\rte/sc_joystick.h **** /**
 193:.\source\rte/sc_joystick.h ****  *  Sets a new signal status of the passed signal instance by passing the new status.
 194:.\source\rte/sc_joystick.h ****  *
 195:.\source\rte/sc_joystick.h ****  * @param  SC_JOYSTICK_t * const signal: Pointer to the signal object
 196:.\source\rte/sc_joystick.h ****  * @param  const sig_status_t status: New signal status
 197:.\source\rte/sc_joystick.h ****  * @return RC_t: standard return code, currently only RC_SUCCESS
 198:.\source\rte/sc_joystick.h ****  *
 199:.\source\rte/sc_joystick.h ****  */
 200:.\source\rte/sc_joystick.h **** inline RC_t RTE_SC_JOYSTICK_setStatus( SC_JOYSTICK_t * const signal, const RTE_signalStatus_t statu
ARM GAS  C:\Users\91819\AppData\Local\Temp\cchrdayx.s 			page 6


 201:.\source\rte/sc_joystick.h **** {
 202:.\source\rte/sc_joystick.h ****    signal->status = status;
 203:.\source\rte/sc_joystick.h ****    size_t taskNum=0;
 204:.\source\rte/sc_joystick.h ****    
 205:.\source\rte/sc_joystick.h ****    //Fire error events in case of invalid state
 206:.\source\rte/sc_joystick.h ****    if (signal->status == RTE_SIGNALSTATUS_INVALID)
 207:.\source\rte/sc_joystick.h ****    {
 208:.\source\rte/sc_joystick.h **** 	    //Pointer to the Taskarray, containing the tasks receiving the onUpdate events
 209:.\source\rte/sc_joystick.h **** 		TaskTypeArray* pTaskArray = signal->pSigCfg->onErrorTasks;
 210:.\source\rte/sc_joystick.h **** 
 211:.\source\rte/sc_joystick.h **** 		if (NULL!=signal->pSigCfg->evOnError && NULL != pTaskArray){
 212:.\source\rte/sc_joystick.h **** 			for( taskNum=0 ; taskNum < signal->pSigCfg->onErrorTaskCount ;taskNum++){
 213:.\source\rte/sc_joystick.h **** 				TaskType task = (*pTaskArray)[taskNum];
 214:.\source\rte/sc_joystick.h **** 				SetEvent( task, signal->pSigCfg->evOnError);
 215:.\source\rte/sc_joystick.h **** 			}
 216:.\source\rte/sc_joystick.h **** 		}
 217:.\source\rte/sc_joystick.h ****    }
 218:.\source\rte/sc_joystick.h ****    
 219:.\source\rte/sc_joystick.h ****    return RC_SUCCESS;
 220:.\source\rte/sc_joystick.h **** }
 221:.\source\rte/sc_joystick.h **** 
 222:.\source\rte/sc_joystick.h **** 
 223:.\source\rte/sc_joystick.h **** /**
 224:.\source\rte/sc_joystick.h ****  * Returns the count of refreshing trials (refresh, set or set_raw) that failed.
 225:.\source\rte/sc_joystick.h ****  * Prerquisite: The signal is refreshed cyclically
 226:.\source\rte/sc_joystick.h ****  *
 227:.\source\rte/sc_joystick.h ****  * @param  SC_JOYSTICK_t * const signal: Pointer to the signal object
 228:.\source\rte/sc_joystick.h ****  * @return uint32_t: Number of cycles since the signal has been updated for the last time
 229:.\source\rte/sc_joystick.h ****  */
 230:.\source\rte/sc_joystick.h **** inline uint32_t RTE_SC_JOYSTICK_getAge( const SC_JOYSTICK_t * const signal )
 231:.\source\rte/sc_joystick.h **** {
 232:.\source\rte/sc_joystick.h ****    return signal->age;
 233:.\source\rte/sc_joystick.h **** }
 234:.\source\rte/sc_joystick.h **** 
 235:.\source\rte/sc_joystick.h **** /**
 236:.\source\rte/sc_joystick.h ****  * Should be called by application or driver if no new value can be provided.
 237:.\source\rte/sc_joystick.h ****  * @param  SC_JOYSTICK_t * const signal: Pointer to the signal object
 238:.\source\rte/sc_joystick.h ****  * @param uint32_t increment: incrementvalue, typically in [ms]
 239:.\source\rte/sc_joystick.h ****  * @return void
 240:.\source\rte/sc_joystick.h ****  */
 241:.\source\rte/sc_joystick.h **** inline void RTE_SC_JOYSTICK_incAge(  SC_JOYSTICK_t * const signal , uint32_t increment)
 242:.\source\rte/sc_joystick.h **** {
 243:.\source\rte/sc_joystick.h **** 	   //Hack....
 244:.\source\rte/sc_joystick.h **** 	   if ( 0xFFFF0000 > (signal->age + increment) )
 245:.\source\rte/sc_joystick.h **** 	   {
 246:.\source\rte/sc_joystick.h **** 	      signal->age += increment;
 247:.\source\rte/sc_joystick.h **** 	   }
 248:.\source\rte/sc_joystick.h **** }
 249:.\source\rte/sc_joystick.h **** 
 250:.\source\rte/sc_joystick.h **** 
 251:.\source\rte/sc_joystick.h **** /**************************************************************************************************
 252:.\source\rte/sc_joystick.h **** /* Application Data read/write Interface																			*/
 253:.\source\rte/sc_joystick.h **** /**************************************************************************************************
 254:.\source\rte/sc_joystick.h **** 
 255:.\source\rte/sc_joystick.h **** /**
 256:.\source\rte/sc_joystick.h ****  * Returns the current application value of the passed signal instance.
 257:.\source\rte/sc_joystick.h ****  *
ARM GAS  C:\Users\91819\AppData\Local\Temp\cchrdayx.s 			page 7


 258:.\source\rte/sc_joystick.h ****  * @param  SC_JOYSTICK_t * const signal: Pointer to the signal object
 259:.\source\rte/sc_joystick.h ****  * @return sc_joystick_data_t: current value of the application data buffer
 260:.\source\rte/sc_joystick.h ****  *
 261:.\source\rte/sc_joystick.h ****  **/
 262:.\source\rte/sc_joystick.h **** inline SC_JOYSTICK_data_t RTE_SC_JOYSTICK_get( const SC_JOYSTICK_t * const signal )
 263:.\source\rte/sc_joystick.h **** {               
 264:.\source\rte/sc_joystick.h ****    //Todo: Critical region cannot be protected using return values																						
 265:.\source\rte/sc_joystick.h ****    return signal->value;                                                                           
  44              		.loc 2 265 0
  45 0004 154B     		ldr	r3, .L9
  46 0006 1B88     		ldrh	r3, [r3]
  47 0008 ADF80430 		strh	r3, [sp, #4]	@ movhi
  48 000c ADF80030 		strh	r3, [sp]	@ movhi
  49              	.LVL2:
  50              	.LBE8:
  51              	.LBE7:
  43:source\asw/swc_control.c **** 	
  44:source\asw/swc_control.c **** 	/* USER CODE START CONTROL_calcControl_run */
  45:source\asw/swc_control.c ****     SC_JOYSTICK_data_t controlValue = RTE_SC_JOYSTICK_get(&SO_JOYSTICK_signal);
  46:source\asw/swc_control.c ****     
  47:source\asw/swc_control.c ****     SC_SPEED_data_t speedDouble;
  48:source\asw/swc_control.c ****     if(controlValue.y > 4)
  52              		.loc 1 48 0
  53 0010 43F30723 		sbfx	r3, r3, #8, #8
  54 0014 042B     		cmp	r3, #4
  55 0016 01DD     		ble	.L2
  49:source\asw/swc_control.c ****     {        
  50:source\asw/swc_control.c ****         speedDouble.mySpeed = (2*controlValue.y); 
  56              		.loc 1 50 0
  57 0018 5B00     		lsls	r3, r3, #1
  58              	.LVL3:
  59 001a 01E0     		b	.L3
  60              	.L2:
  51:source\asw/swc_control.c ****     }        
  52:source\asw/swc_control.c ****     else
  53:source\asw/swc_control.c ****     {
  54:source\asw/swc_control.c ****         speedDouble.mySpeed = 4;  
  61              		.loc 1 54 0
  62 001c 4FF00403 		mov	r3, #4
  63              	.L3:
  64              	.LVL4:
  65              	.LBB9:
  66              	.LBB10:
  67              		.file 3 ".\\source\\rte/sc_speed.h"
   1:.\source\rte/sc_speed.h **** 
   2:.\source\rte/sc_speed.h **** 
   3:.\source\rte/sc_speed.h **** /**
   4:.\source\rte/sc_speed.h **** *  file    SC_SPEED_signal.h
   5:.\source\rte/sc_speed.h **** *
   6:.\source\rte/sc_speed.h **** *  brief   signal base class for signal sc_speed
   7:.\source\rte/sc_speed.h **** *
   8:.\source\rte/sc_speed.h **** *  author  Autogenerated, Peter Fromm       <peter.fromm@h-da.de>
   9:.\source\rte/sc_speed.h **** *
  10:.\source\rte/sc_speed.h **** *
  11:.\source\rte/sc_speed.h **** */
  12:.\source\rte/sc_speed.h **** 
  13:.\source\rte/sc_speed.h **** /*
ARM GAS  C:\Users\91819\AppData\Local\Temp\cchrdayx.s 			page 8


  14:.\source\rte/sc_speed.h **** * description: Signalclass
  15:.\source\rte/sc_speed.h **** * name: sc_speed
  16:.\source\rte/sc_speed.h **** * shortname: speed
  17:.\source\rte/sc_speed.h **** */
  18:.\source\rte/sc_speed.h **** 
  19:.\source\rte/sc_speed.h **** #ifndef SC_SPEED_SIGNAL_H_INCLUDED
  20:.\source\rte/sc_speed.h **** #define SC_SPEED_SIGNAL_H_INCLUDED
  21:.\source\rte/sc_speed.h **** 
  22:.\source\rte/sc_speed.h **** /*================================================[ public includes  ]=============================
  23:.\source\rte/sc_speed.h **** #include "global.h"
  24:.\source\rte/sc_speed.h **** #include "project.h"
  25:.\source\rte/sc_speed.h **** #include "rte.h"
  26:.\source\rte/sc_speed.h **** #include "rte_types.h"
  27:.\source\rte/sc_speed.h **** 
  28:.\source\rte/sc_speed.h **** #include "sc_speed_type.h"
  29:.\source\rte/sc_speed.h **** 
  30:.\source\rte/sc_speed.h **** 
  31:.\source\rte/sc_speed.h **** /**************************************************************************************************
  32:.\source\rte/sc_speed.h **** /* The driver API block																						*/
  33:.\source\rte/sc_speed.h **** /**************************************************************************************************
  34:.\source\rte/sc_speed.h ****                                                                                                    
  35:.\source\rte/sc_speed.h **** /**
  36:.\source\rte/sc_speed.h ****  *  Definition of function types for driver interfaces.
  37:.\source\rte/sc_speed.h ****  *  I-Port
  38:.\source\rte/sc_speed.h ****  */
  39:.\source\rte/sc_speed.h **** typedef RC_t (*SC_SPEED_driverIn_t)(SC_SPEED_data_t * const);
  40:.\source\rte/sc_speed.h **** 
  41:.\source\rte/sc_speed.h **** /**
  42:.\source\rte/sc_speed.h ****  *  Definition of function types for driver interfaces.
  43:.\source\rte/sc_speed.h ****  *  O-Port
  44:.\source\rte/sc_speed.h ****  */
  45:.\source\rte/sc_speed.h **** typedef RC_t (*SC_SPEED_driverOut_t)( const SC_SPEED_data_t * const);
  46:.\source\rte/sc_speed.h **** 
  47:.\source\rte/sc_speed.h **** 
  48:.\source\rte/sc_speed.h **** /**************************************************************************************************
  49:.\source\rte/sc_speed.h **** /* The signal configuration API block																				*/
  50:.\source\rte/sc_speed.h **** /**************************************************************************************************
  51:.\source\rte/sc_speed.h **** 
  52:.\source\rte/sc_speed.h **** /**
  53:.\source\rte/sc_speed.h ****  * Instances of the struct SC_SPEED_cfg_t represent the signal object configuration.
  54:.\source\rte/sc_speed.h ****  */
  55:.\source\rte/sc_speed.h **** struct SC_SPEED_cfg_s
  56:.\source\rte/sc_speed.h **** {
  57:.\source\rte/sc_speed.h ****     /**
  58:.\source\rte/sc_speed.h ****      * Function pointer to the input driver
  59:.\source\rte/sc_speed.h ****      */
  60:.\source\rte/sc_speed.h ****     SC_SPEED_driverIn_t const inDriver;
  61:.\source\rte/sc_speed.h **** 
  62:.\source\rte/sc_speed.h ****     /**
  63:.\source\rte/sc_speed.h ****      * Function pointer to the output driver table
  64:.\source\rte/sc_speed.h ****      */
  65:.\source\rte/sc_speed.h ****    SC_SPEED_driverOut_t const outDriver;
  66:.\source\rte/sc_speed.h ****    
  67:.\source\rte/sc_speed.h ****     /**
  68:.\source\rte/sc_speed.h ****      * Event onUpdate
  69:.\source\rte/sc_speed.h ****      */
  70:.\source\rte/sc_speed.h ****     EventMaskType const evOnUpdate;
ARM GAS  C:\Users\91819\AppData\Local\Temp\cchrdayx.s 			page 9


  71:.\source\rte/sc_speed.h ****     
  72:.\source\rte/sc_speed.h ****     
  73:.\source\rte/sc_speed.h ****     /**
  74:.\source\rte/sc_speed.h ****      * Event onError
  75:.\source\rte/sc_speed.h ****      */
  76:.\source\rte/sc_speed.h ****     EventMaskType const evOnError;
  77:.\source\rte/sc_speed.h ****     
  78:.\source\rte/sc_speed.h ****     /**
  79:.\source\rte/sc_speed.h ****      * Task Count onUpdate
  80:.\source\rte/sc_speed.h ****      */
  81:.\source\rte/sc_speed.h ****     size_t const onUpdateTaskCount;
  82:.\source\rte/sc_speed.h **** 
  83:.\source\rte/sc_speed.h ****     /**
  84:.\source\rte/sc_speed.h ****      * Task List onUpdate
  85:.\source\rte/sc_speed.h ****      */
  86:.\source\rte/sc_speed.h ****     TaskTypeArray* const onUpdateTasks;
  87:.\source\rte/sc_speed.h ****     
  88:.\source\rte/sc_speed.h ****     /**
  89:.\source\rte/sc_speed.h ****      * Task Count onError
  90:.\source\rte/sc_speed.h ****      */
  91:.\source\rte/sc_speed.h ****     size_t const onErrorTaskCount;
  92:.\source\rte/sc_speed.h **** 
  93:.\source\rte/sc_speed.h ****     /**
  94:.\source\rte/sc_speed.h ****      * Task List onError
  95:.\source\rte/sc_speed.h ****      */
  96:.\source\rte/sc_speed.h ****     TaskTypeArray* const onErrorTasks;
  97:.\source\rte/sc_speed.h **** 	
  98:.\source\rte/sc_speed.h **** 	
  99:.\source\rte/sc_speed.h **** 	/**
 100:.\source\rte/sc_speed.h **** 	 * Ressourse is active? We need an additional boolean as a ressource value 0 is valid.
 101:.\source\rte/sc_speed.h **** 	 */
 102:.\source\rte/sc_speed.h **** 	 boolean_t const resourceActive;
 103:.\source\rte/sc_speed.h **** 	 
 104:.\source\rte/sc_speed.h **** 	/**
 105:.\source\rte/sc_speed.h **** 	 * Ressourse 
 106:.\source\rte/sc_speed.h **** 	 */
 107:.\source\rte/sc_speed.h **** 	 ResourceType const resource;
 108:.\source\rte/sc_speed.h **** 
 109:.\source\rte/sc_speed.h **** };                                                                                                 
 110:.\source\rte/sc_speed.h **** typedef const struct SC_SPEED_cfg_s SC_SPEED_cfg_t;
 111:.\source\rte/sc_speed.h ****                               
 112:.\source\rte/sc_speed.h **** /**************************************************************************************************
 113:.\source\rte/sc_speed.h **** /* The data interface block																							*/
 114:.\source\rte/sc_speed.h **** /**************************************************************************************************
 115:.\source\rte/sc_speed.h **** 
 116:.\source\rte/sc_speed.h ****                                                                                                    
 117:.\source\rte/sc_speed.h **** 							  
 118:.\source\rte/sc_speed.h **** /**
 119:.\source\rte/sc_speed.h ****  * Instances of the struct SC_SPEED_t represent the signal objects.
 120:.\source\rte/sc_speed.h ****  * A signal object contains the current application value 'value' as well as relevant meta data.
 121:.\source\rte/sc_speed.h ****  */
 122:.\source\rte/sc_speed.h **** struct SC_SPEED_s
 123:.\source\rte/sc_speed.h **** {                                                                                                  
 124:.\source\rte/sc_speed.h **** 
 125:.\source\rte/sc_speed.h **** 	/**
 126:.\source\rte/sc_speed.h **** 	 * Data buffer for the application value
 127:.\source\rte/sc_speed.h **** 	 */
ARM GAS  C:\Users\91819\AppData\Local\Temp\cchrdayx.s 			page 10


 128:.\source\rte/sc_speed.h ****     SC_SPEED_data_t value;
 129:.\source\rte/sc_speed.h **** 
 130:.\source\rte/sc_speed.h ****     /**
 131:.\source\rte/sc_speed.h ****      * Current signal status
 132:.\source\rte/sc_speed.h ****      */
 133:.\source\rte/sc_speed.h ****     RTE_signalStatus_t status;
 134:.\source\rte/sc_speed.h **** 
 135:.\source\rte/sc_speed.h ****     /**
 136:.\source\rte/sc_speed.h ****      * Current age of the signal (in calling cycles)
 137:.\source\rte/sc_speed.h ****      */
 138:.\source\rte/sc_speed.h ****     uint32_t age;
 139:.\source\rte/sc_speed.h **** 
 140:.\source\rte/sc_speed.h ****     /**
 141:.\source\rte/sc_speed.h ****      * Pointer to the signal configuration
 142:.\source\rte/sc_speed.h ****      */
 143:.\source\rte/sc_speed.h **** 	const SC_SPEED_cfg_t * const    pSigCfg;
 144:.\source\rte/sc_speed.h **** 
 145:.\source\rte/sc_speed.h **** };                                                                                                 
 146:.\source\rte/sc_speed.h **** typedef struct SC_SPEED_s SC_SPEED_t;
 147:.\source\rte/sc_speed.h **** 
 148:.\source\rte/sc_speed.h **** /**************************************************************************************************
 149:.\source\rte/sc_speed.h **** /* Signal initialisation   																							*/
 150:.\source\rte/sc_speed.h **** /**************************************************************************************************
 151:.\source\rte/sc_speed.h **** 
 152:.\source\rte/sc_speed.h **** /**
 153:.\source\rte/sc_speed.h ****  * Initializes a signal instance with a passed init value.
 154:.\source\rte/sc_speed.h ****  * Depending on the configured conversion or scaling function the raw_value will be calculated.
 155:.\source\rte/sc_speed.h ****  * Signal status will change from RTE_SIGNALSTATUS_STARTUP to RTE_SIGNALSTATUS_INITIALIZED.
 156:.\source\rte/sc_speed.h ****  *
 157:.\source\rte/sc_speed.h ****  * @param  SC_SPEED_t * const signal: Pointer to the signal object which will be initialised
 158:.\source\rte/sc_speed.h ****  * @param const sc_speed_data_t * const value: Pointer to initial value of the application data
 159:.\source\rte/sc_speed.h ****  * @return RC_t: standard return code, currently only RC_SUCCESS
 160:.\source\rte/sc_speed.h ****  *
 161:.\source\rte/sc_speed.h ****  **/
 162:.\source\rte/sc_speed.h **** inline RC_t RTE_SC_SPEED_init( SC_SPEED_t * const signal, const SC_SPEED_data_t * const value )
 163:.\source\rte/sc_speed.h **** {                                                                                                  
 164:.\source\rte/sc_speed.h **** 
 165:.\source\rte/sc_speed.h ****    RC_t ret = RC_SUCCESS;
 166:.\source\rte/sc_speed.h **** 
 167:.\source\rte/sc_speed.h ****    //Set value and raw value
 168:.\source\rte/sc_speed.h ****    signal->value  = *value;
 169:.\source\rte/sc_speed.h ****    signal->age    = 0;
 170:.\source\rte/sc_speed.h ****    signal->status = RTE_SIGNALSTATUS_INITIALIZED;
 171:.\source\rte/sc_speed.h **** 
 172:.\source\rte/sc_speed.h ****    return ret;
 173:.\source\rte/sc_speed.h **** }
 174:.\source\rte/sc_speed.h **** 
 175:.\source\rte/sc_speed.h **** /**************************************************************************************************
 176:.\source\rte/sc_speed.h **** /* Status and timeout control																						*/
 177:.\source\rte/sc_speed.h **** /**************************************************************************************************
 178:.\source\rte/sc_speed.h **** 
 179:.\source\rte/sc_speed.h **** /**
 180:.\source\rte/sc_speed.h ****  *  Returns the current signal status of the passed signal instance.
 181:.\source\rte/sc_speed.h ****  *
 182:.\source\rte/sc_speed.h ****  * @param  SC_SPEED_t * const signal: Pointer to the signal object
 183:.\source\rte/sc_speed.h ****  * @return  sig_status_t: The current signal status
 184:.\source\rte/sc_speed.h ****  *
ARM GAS  C:\Users\91819\AppData\Local\Temp\cchrdayx.s 			page 11


 185:.\source\rte/sc_speed.h ****  **/
 186:.\source\rte/sc_speed.h **** inline RTE_signalStatus_t RTE_SC_SPEED_getStatus( const SC_SPEED_t * const signal )
 187:.\source\rte/sc_speed.h **** {
 188:.\source\rte/sc_speed.h ****    return signal->status;
 189:.\source\rte/sc_speed.h **** }
 190:.\source\rte/sc_speed.h **** 
 191:.\source\rte/sc_speed.h **** 
 192:.\source\rte/sc_speed.h **** /**
 193:.\source\rte/sc_speed.h ****  *  Sets a new signal status of the passed signal instance by passing the new status.
 194:.\source\rte/sc_speed.h ****  *
 195:.\source\rte/sc_speed.h ****  * @param  SC_SPEED_t * const signal: Pointer to the signal object
 196:.\source\rte/sc_speed.h ****  * @param  const sig_status_t status: New signal status
 197:.\source\rte/sc_speed.h ****  * @return RC_t: standard return code, currently only RC_SUCCESS
 198:.\source\rte/sc_speed.h ****  *
 199:.\source\rte/sc_speed.h ****  */
 200:.\source\rte/sc_speed.h **** inline RC_t RTE_SC_SPEED_setStatus( SC_SPEED_t * const signal, const RTE_signalStatus_t status )
 201:.\source\rte/sc_speed.h **** {
 202:.\source\rte/sc_speed.h ****    signal->status = status;
 203:.\source\rte/sc_speed.h ****    size_t taskNum=0;
 204:.\source\rte/sc_speed.h ****    
 205:.\source\rte/sc_speed.h ****    //Fire error events in case of invalid state
 206:.\source\rte/sc_speed.h ****    if (signal->status == RTE_SIGNALSTATUS_INVALID)
 207:.\source\rte/sc_speed.h ****    {
 208:.\source\rte/sc_speed.h **** 	    //Pointer to the Taskarray, containing the tasks receiving the onUpdate events
 209:.\source\rte/sc_speed.h **** 		TaskTypeArray* pTaskArray = signal->pSigCfg->onErrorTasks;
 210:.\source\rte/sc_speed.h **** 
 211:.\source\rte/sc_speed.h **** 		if (NULL!=signal->pSigCfg->evOnError && NULL != pTaskArray){
 212:.\source\rte/sc_speed.h **** 			for( taskNum=0 ; taskNum < signal->pSigCfg->onErrorTaskCount ;taskNum++){
 213:.\source\rte/sc_speed.h **** 				TaskType task = (*pTaskArray)[taskNum];
 214:.\source\rte/sc_speed.h **** 				SetEvent( task, signal->pSigCfg->evOnError);
 215:.\source\rte/sc_speed.h **** 			}
 216:.\source\rte/sc_speed.h **** 		}
 217:.\source\rte/sc_speed.h ****    }
 218:.\source\rte/sc_speed.h ****    
 219:.\source\rte/sc_speed.h ****    return RC_SUCCESS;
 220:.\source\rte/sc_speed.h **** }
 221:.\source\rte/sc_speed.h **** 
 222:.\source\rte/sc_speed.h **** 
 223:.\source\rte/sc_speed.h **** /**
 224:.\source\rte/sc_speed.h ****  * Returns the count of refreshing trials (refresh, set or set_raw) that failed.
 225:.\source\rte/sc_speed.h ****  * Prerquisite: The signal is refreshed cyclically
 226:.\source\rte/sc_speed.h ****  *
 227:.\source\rte/sc_speed.h ****  * @param  SC_SPEED_t * const signal: Pointer to the signal object
 228:.\source\rte/sc_speed.h ****  * @return uint32_t: Number of cycles since the signal has been updated for the last time
 229:.\source\rte/sc_speed.h ****  */
 230:.\source\rte/sc_speed.h **** inline uint32_t RTE_SC_SPEED_getAge( const SC_SPEED_t * const signal )
 231:.\source\rte/sc_speed.h **** {
 232:.\source\rte/sc_speed.h ****    return signal->age;
 233:.\source\rte/sc_speed.h **** }
 234:.\source\rte/sc_speed.h **** 
 235:.\source\rte/sc_speed.h **** /**
 236:.\source\rte/sc_speed.h ****  * Should be called by application or driver if no new value can be provided.
 237:.\source\rte/sc_speed.h ****  * @param  SC_SPEED_t * const signal: Pointer to the signal object
 238:.\source\rte/sc_speed.h ****  * @param uint32_t increment: incrementvalue, typically in [ms]
 239:.\source\rte/sc_speed.h ****  * @return void
 240:.\source\rte/sc_speed.h ****  */
 241:.\source\rte/sc_speed.h **** inline void RTE_SC_SPEED_incAge(  SC_SPEED_t * const signal , uint32_t increment)
ARM GAS  C:\Users\91819\AppData\Local\Temp\cchrdayx.s 			page 12


 242:.\source\rte/sc_speed.h **** {
 243:.\source\rte/sc_speed.h **** 	   //Hack....
 244:.\source\rte/sc_speed.h **** 	   if ( 0xFFFF0000 > (signal->age + increment) )
 245:.\source\rte/sc_speed.h **** 	   {
 246:.\source\rte/sc_speed.h **** 	      signal->age += increment;
 247:.\source\rte/sc_speed.h **** 	   }
 248:.\source\rte/sc_speed.h **** }
 249:.\source\rte/sc_speed.h **** 
 250:.\source\rte/sc_speed.h **** 
 251:.\source\rte/sc_speed.h **** /**************************************************************************************************
 252:.\source\rte/sc_speed.h **** /* Application Data read/write Interface																			*/
 253:.\source\rte/sc_speed.h **** /**************************************************************************************************
 254:.\source\rte/sc_speed.h **** 
 255:.\source\rte/sc_speed.h **** /**
 256:.\source\rte/sc_speed.h ****  * Returns the current application value of the passed signal instance.
 257:.\source\rte/sc_speed.h ****  *
 258:.\source\rte/sc_speed.h ****  * @param  SC_SPEED_t * const signal: Pointer to the signal object
 259:.\source\rte/sc_speed.h ****  * @return sc_speed_data_t: current value of the application data buffer
 260:.\source\rte/sc_speed.h ****  *
 261:.\source\rte/sc_speed.h ****  **/
 262:.\source\rte/sc_speed.h **** inline SC_SPEED_data_t RTE_SC_SPEED_get( const SC_SPEED_t * const signal )
 263:.\source\rte/sc_speed.h **** {               
 264:.\source\rte/sc_speed.h ****    //Todo: Critical region cannot be protected using return values																						
 265:.\source\rte/sc_speed.h ****    return signal->value;                                                                           
 266:.\source\rte/sc_speed.h **** }                                                                                                  
 267:.\source\rte/sc_speed.h ****                                                                                                    
 268:.\source\rte/sc_speed.h **** /**
 269:.\source\rte/sc_speed.h ****  * Returns the current application value of the passed signal instance threadsafe.
 270:.\source\rte/sc_speed.h ****  *
 271:.\source\rte/sc_speed.h ****  * @param  SC_SPEED_t * const signal: Pointer to the signal object
 272:.\source\rte/sc_speed.h ****  * @param  SC_SPEED_data_t* data: Pointer to the return data Pointer to the signal object
 273:.\source\rte/sc_speed.h ****  * @return RC_SUCCESS
 274:.\source\rte/sc_speed.h ****  *
 275:.\source\rte/sc_speed.h ****  **/
 276:.\source\rte/sc_speed.h **** inline RC_t RTE_SC_SPEED_getThreadSafe( const SC_SPEED_t * const signal, SC_SPEED_data_t * const da
 277:.\source\rte/sc_speed.h **** {    
 278:.\source\rte/sc_speed.h ****    if (TRUE == signal->pSigCfg->resourceActive) GetResource(signal->pSigCfg->resource);
 279:.\source\rte/sc_speed.h ****    *data = signal->value;
 280:.\source\rte/sc_speed.h ****    if (TRUE == signal->pSigCfg->resourceActive) ReleaseResource(signal->pSigCfg->resource);        
 281:.\source\rte/sc_speed.h **** 
 282:.\source\rte/sc_speed.h ****    return RC_SUCCESS;                                                                   
 283:.\source\rte/sc_speed.h ****    
 284:.\source\rte/sc_speed.h **** }                                                                                                  
 285:.\source\rte/sc_speed.h ****                                                                                                    
 286:.\source\rte/sc_speed.h **** /**
 287:.\source\rte/sc_speed.h ****  * Sets a new application value to the passed signal instance by passing the new value.
 288:.\source\rte/sc_speed.h ****  * The corresponding driver raw value will be calculated immediately by using the default conversio
 289:.\source\rte/sc_speed.h ****  * signal specific scaling function.
 290:.\source\rte/sc_speed.h ****  * The signal age will be set to 0 and the new status will be 'RTE_SIGNALSTATUS_VALID'.
 291:.\source\rte/sc_speed.h ****  *
 292:.\source\rte/sc_speed.h ****  * @param  SC_SPEED_t * const signal: Pointer to the signal object
 293:.\source\rte/sc_speed.h ****  * @param  sc_speed_data_t const value: value for the application data buffer
 294:.\source\rte/sc_speed.h ****  * @return RC_t: standard return code, currently only RC_SUCCESS
 295:.\source\rte/sc_speed.h ****  *
 296:.\source\rte/sc_speed.h ****  **/
 297:.\source\rte/sc_speed.h **** inline RC_t RTE_SC_SPEED_set(SC_SPEED_t * const signal, const SC_SPEED_data_t value  )
 298:.\source\rte/sc_speed.h **** {
ARM GAS  C:\Users\91819\AppData\Local\Temp\cchrdayx.s 			page 13


 299:.\source\rte/sc_speed.h **** 
 300:.\source\rte/sc_speed.h ****    RC_t ret = RC_SUCCESS;
 301:.\source\rte/sc_speed.h ****    size_t taskNum=0;
 302:.\source\rte/sc_speed.h **** 
 303:.\source\rte/sc_speed.h **** 
 304:.\source\rte/sc_speed.h ****    if (TRUE == signal->pSigCfg->resourceActive) GetResource(signal->pSigCfg->resource);
  68              		.loc 3 304 0
  69 0020 0F4A     		ldr	r2, .L9+4
  70 0022 9168     		ldr	r1, [r2, #8]
  71              	.LVL5:
 305:.\source\rte/sc_speed.h ****    signal->value  = value;
  72              		.loc 3 305 0
  73 0024 1370     		strb	r3, [r2]
 306:.\source\rte/sc_speed.h ****    signal->age    = 0;
  74              		.loc 3 306 0
  75 0026 0023     		movs	r3, #0
  76              	.LVL6:
  77 0028 5360     		str	r3, [r2, #4]
 307:.\source\rte/sc_speed.h ****    signal->status = RTE_SIGNALSTATUS_VALID;
  78              		.loc 3 307 0
  79 002a 0223     		movs	r3, #2
  80 002c 5370     		strb	r3, [r2, #1]
 308:.\source\rte/sc_speed.h ****    if (TRUE == signal->pSigCfg->resourceActive) ReleaseResource(signal->pSigCfg->resource);
 309:.\source\rte/sc_speed.h **** 
 310:.\source\rte/sc_speed.h ****    //Pointer to the Taskarray, containing the tasks receiving the onUpdate events
 311:.\source\rte/sc_speed.h ****    TaskTypeArray* pTaskArray = signal->pSigCfg->onUpdateTasks;
  81              		.loc 3 311 0
  82 002e 4D69     		ldr	r5, [r1, #20]
  83              	.LVL7:
 312:.\source\rte/sc_speed.h **** 
 313:.\source\rte/sc_speed.h ****    if (NULL!=signal->pSigCfg->evOnUpdate && NULL != pTaskArray){
  84              		.loc 3 313 0
  85 0030 8B68     		ldr	r3, [r1, #8]
  86 0032 73B1     		cbz	r3, .L4
  87 0034 3DB9     		cbnz	r5, .L7
  88 0036 0CE0     		b	.L4
  89              	.LVL8:
  90              	.L6:
  91              	.LBB11:
 314:.\source\rte/sc_speed.h ****       for( taskNum=0 ; taskNum < signal->pSigCfg->onUpdateTaskCount ;taskNum++){
 315:.\source\rte/sc_speed.h **** 		  
 316:.\source\rte/sc_speed.h ****           TaskType task = (*pTaskArray)[taskNum];
 317:.\source\rte/sc_speed.h **** 	      SetEvent( task, signal->pSigCfg->evOnUpdate);
  92              		.loc 3 317 0
  93 0038 9968     		ldr	r1, [r3, #8]
  94 003a 55F82400 		ldr	r0, [r5, r4, lsl #2]
  95 003e FFF7FEFF 		bl	EE_oo_SetEvent
  96              	.LVL9:
  97              	.LBE11:
 314:.\source\rte/sc_speed.h ****       for( taskNum=0 ; taskNum < signal->pSigCfg->onUpdateTaskCount ;taskNum++){
  98              		.loc 3 314 0
  99 0042 0134     		adds	r4, r4, #1
 100              	.LVL10:
 101 0044 00E0     		b	.L5
 102              	.LVL11:
 103              	.L7:
 313:.\source\rte/sc_speed.h ****       for( taskNum=0 ; taskNum < signal->pSigCfg->onUpdateTaskCount ;taskNum++){
ARM GAS  C:\Users\91819\AppData\Local\Temp\cchrdayx.s 			page 14


 104              		.loc 3 313 0
 105 0046 0024     		movs	r4, #0
 106              	.LVL12:
 107              	.L5:
 314:.\source\rte/sc_speed.h ****       for( taskNum=0 ; taskNum < signal->pSigCfg->onUpdateTaskCount ;taskNum++){
 108              		.loc 3 314 0
 109 0048 054B     		ldr	r3, .L9+4
 110 004a 9B68     		ldr	r3, [r3, #8]
 111 004c 1A69     		ldr	r2, [r3, #16]
 112 004e 9442     		cmp	r4, r2
 113 0050 F2D3     		bcc	.L6
 114              	.LVL13:
 115              	.L4:
 116              	.LBE10:
 117              	.LBE9:
  55:source\asw/swc_control.c ****     }
  56:source\asw/swc_control.c ****     
  57:source\asw/swc_control.c ****     RTE_SC_SPEED_set(&SO_SPEED_signal, speedDouble );
  58:source\asw/swc_control.c ****     
  59:source\asw/swc_control.c ****      WD_Alive(1);
 118              		.loc 1 59 0
 119 0052 0120     		movs	r0, #1
 120 0054 FFF7FEFF 		bl	WD_Alive
 121              	.LVL14:
  60:source\asw/swc_control.c ****     
  61:source\asw/swc_control.c ****     /* USER CODE END CONTROL_calcControl_run */
  62:source\asw/swc_control.c **** }
 122              		.loc 1 62 0
 123 0058 03B0     		add	sp, sp, #12
 124              		.cfi_def_cfa_offset 12
 125              		@ sp needed
 126 005a 30BD     		pop	{r4, r5, pc}
 127              	.L10:
 128              		.align	2
 129              	.L9:
 130 005c 00000000 		.word	SO_JOYSTICK_signal
 131 0060 00000000 		.word	SO_SPEED_signal
 132              		.cfi_endproc
 133              	.LFE140:
 134              		.size	CONTROL_calcControl_run, .-CONTROL_calcControl_run
 135              		.text
 136              	.Letext0:
 137              		.file 4 "c:\\program files (x86)\\cypress\\psoc creator\\4.4\\psoc creator\\import\\gnu\\arm\\5.4.
 138              		.file 5 "c:\\program files (x86)\\cypress\\psoc creator\\4.4\\psoc creator\\import\\gnu\\arm\\5.4.
 139              		.file 6 "c:\\program files (x86)\\cypress\\psoc creator\\4.4\\psoc creator\\import\\gnu\\arm\\5.4.
 140              		.file 7 "Generated_Source\\PSoC5/ErikaOS_1_common_ee_types.inc"
 141              		.file 8 "Generated_Source\\PSoC5/ErikaOS_1_cortex_mx_ee_cpu.inc"
 142              		.file 9 "Generated_Source\\PSoC5/ErikaOS_1_ee_oo_common.inc"
 143              		.file 10 ".\\source\\bsw/global.h"
 144              		.file 11 ".\\source\\rte/rte_types.h"
 145              		.file 12 ".\\source\\rte/rte.h"
 146              		.file 13 ".\\source\\rte/sc_joystick_type.h"
 147              		.file 14 ".\\source\\rte/sc_speed_type.h"
 148              		.file 15 "Generated_Source\\PSoC5/ErikaOS_1_ee_oo_intfunc.inc"
 149              		.file 16 "Generated_Source\\PSoC5/ErikaOS_1_cortex_mx_ee_context.inc"
 150              		.file 17 "Generated_Source\\PSoC5/ErikaOS_1_common_ee_primitives.inc"
 151              		.file 18 "Generated_Source\\PSoC5/core_cm3.h"
ARM GAS  C:\Users\91819\AppData\Local\Temp\cchrdayx.s 			page 15


 152              		.file 19 ".\\source\\rte/sp_common.h"
 153              		.file 20 "Generated_Source\\PSoC5/ErikaOS_1_ee_oo_kernel.inc"
 154              		.file 21 ".\\source\\bsw/watchdog.h"
 155              		.section	.debug_info,"",%progbits
 156              	.Ldebug_info0:
 157 0000 1D070000 		.4byte	0x71d
 158 0004 0400     		.2byte	0x4
 159 0006 00000000 		.4byte	.Ldebug_abbrev0
 160 000a 04       		.byte	0x4
 161 000b 01       		.uleb128 0x1
 162 000c 00000000 		.4byte	.LASF111
 163 0010 0C       		.byte	0xc
 164 0011 EB030000 		.4byte	.LASF112
 165 0015 0E020000 		.4byte	.LASF113
 166 0019 00000000 		.4byte	.Ldebug_ranges0+0
 167 001d 00000000 		.4byte	0
 168 0021 00000000 		.4byte	.Ldebug_line0
 169 0025 02       		.uleb128 0x2
 170 0026 01       		.byte	0x1
 171 0027 06       		.byte	0x6
 172 0028 A8040000 		.4byte	.LASF0
 173 002c 03       		.uleb128 0x3
 174 002d 4D070000 		.4byte	.LASF4
 175 0031 04       		.byte	0x4
 176 0032 1D       		.byte	0x1d
 177 0033 37000000 		.4byte	0x37
 178 0037 02       		.uleb128 0x2
 179 0038 01       		.byte	0x1
 180 0039 08       		.byte	0x8
 181 003a 87040000 		.4byte	.LASF1
 182 003e 02       		.uleb128 0x2
 183 003f 02       		.byte	0x2
 184 0040 05       		.byte	0x5
 185 0041 2E010000 		.4byte	.LASF2
 186 0045 02       		.uleb128 0x2
 187 0046 02       		.byte	0x2
 188 0047 07       		.byte	0x7
 189 0048 9F050000 		.4byte	.LASF3
 190 004c 03       		.uleb128 0x3
 191 004d 41060000 		.4byte	.LASF5
 192 0051 04       		.byte	0x4
 193 0052 3F       		.byte	0x3f
 194 0053 57000000 		.4byte	0x57
 195 0057 02       		.uleb128 0x2
 196 0058 04       		.byte	0x4
 197 0059 05       		.byte	0x5
 198 005a D0030000 		.4byte	.LASF6
 199 005e 03       		.uleb128 0x3
 200 005f F6000000 		.4byte	.LASF7
 201 0063 04       		.byte	0x4
 202 0064 41       		.byte	0x41
 203 0065 69000000 		.4byte	0x69
 204 0069 02       		.uleb128 0x2
 205 006a 04       		.byte	0x4
 206 006b 07       		.byte	0x7
 207 006c EF040000 		.4byte	.LASF8
 208 0070 02       		.uleb128 0x2
ARM GAS  C:\Users\91819\AppData\Local\Temp\cchrdayx.s 			page 16


 209 0071 08       		.byte	0x8
 210 0072 05       		.byte	0x5
 211 0073 61030000 		.4byte	.LASF9
 212 0077 02       		.uleb128 0x2
 213 0078 08       		.byte	0x8
 214 0079 07       		.byte	0x7
 215 007a B4040000 		.4byte	.LASF10
 216 007e 04       		.uleb128 0x4
 217 007f 04       		.byte	0x4
 218 0080 05       		.byte	0x5
 219 0081 696E7400 		.ascii	"int\000"
 220 0085 02       		.uleb128 0x2
 221 0086 04       		.byte	0x4
 222 0087 07       		.byte	0x7
 223 0088 D4040000 		.4byte	.LASF11
 224 008c 03       		.uleb128 0x3
 225 008d 4B060000 		.4byte	.LASF12
 226 0091 05       		.byte	0x5
 227 0092 18       		.byte	0x18
 228 0093 2C000000 		.4byte	0x2c
 229 0097 03       		.uleb128 0x3
 230 0098 97050000 		.4byte	.LASF13
 231 009c 05       		.byte	0x5
 232 009d 2C       		.byte	0x2c
 233 009e 4C000000 		.4byte	0x4c
 234 00a2 03       		.uleb128 0x3
 235 00a3 CB040000 		.4byte	.LASF14
 236 00a7 05       		.byte	0x5
 237 00a8 30       		.byte	0x30
 238 00a9 5E000000 		.4byte	0x5e
 239 00ad 02       		.uleb128 0x2
 240 00ae 04       		.byte	0x4
 241 00af 04       		.byte	0x4
 242 00b0 32030000 		.4byte	.LASF15
 243 00b4 02       		.uleb128 0x2
 244 00b5 08       		.byte	0x8
 245 00b6 04       		.byte	0x4
 246 00b7 B3060000 		.4byte	.LASF16
 247 00bb 02       		.uleb128 0x2
 248 00bc 01       		.byte	0x1
 249 00bd 08       		.byte	0x8
 250 00be 01010000 		.4byte	.LASF17
 251 00c2 03       		.uleb128 0x3
 252 00c3 38010000 		.4byte	.LASF18
 253 00c7 06       		.byte	0x6
 254 00c8 D8       		.byte	0xd8
 255 00c9 85000000 		.4byte	0x85
 256 00cd 02       		.uleb128 0x2
 257 00ce 08       		.byte	0x8
 258 00cf 04       		.byte	0x4
 259 00d0 6A040000 		.4byte	.LASF19
 260 00d4 03       		.uleb128 0x3
 261 00d5 25050000 		.4byte	.LASF20
 262 00d9 07       		.byte	0x7
 263 00da 53       		.byte	0x53
 264 00db 7E000000 		.4byte	0x7e
 265 00df 03       		.uleb128 0x3
ARM GAS  C:\Users\91819\AppData\Local\Temp\cchrdayx.s 			page 17


 266 00e0 F3010000 		.4byte	.LASF21
 267 00e4 07       		.byte	0x7
 268 00e5 54       		.byte	0x54
 269 00e6 85000000 		.4byte	0x85
 270 00ea 03       		.uleb128 0x3
 271 00eb 28060000 		.4byte	.LASF22
 272 00ef 08       		.byte	0x8
 273 00f0 4D       		.byte	0x4d
 274 00f1 DF000000 		.4byte	0xdf
 275 00f5 03       		.uleb128 0x3
 276 00f6 A7010000 		.4byte	.LASF23
 277 00fa 08       		.byte	0x8
 278 00fb 4F       		.byte	0x4f
 279 00fc DF000000 		.4byte	0xdf
 280 0100 03       		.uleb128 0x3
 281 0101 76020000 		.4byte	.LASF24
 282 0105 08       		.byte	0x8
 283 0106 78       		.byte	0x78
 284 0107 D4000000 		.4byte	0xd4
 285 010b 05       		.uleb128 0x5
 286 010c 7E040000 		.4byte	.LASF25
 287 0110 09       		.byte	0x9
 288 0111 F701     		.2byte	0x1f7
 289 0113 00010000 		.4byte	0x100
 290 0117 05       		.uleb128 0x5
 291 0118 AB000000 		.4byte	.LASF26
 292 011c 09       		.byte	0x9
 293 011d 2C02     		.2byte	0x22c
 294 011f EA000000 		.4byte	0xea
 295 0123 02       		.uleb128 0x2
 296 0124 04       		.byte	0x4
 297 0125 07       		.byte	0x7
 298 0126 54010000 		.4byte	.LASF27
 299 012a 03       		.uleb128 0x3
 300 012b 57070000 		.4byte	.LASF28
 301 012f 0A       		.byte	0xa
 302 0130 90       		.byte	0x90
 303 0131 25000000 		.4byte	0x25
 304 0135 03       		.uleb128 0x3
 305 0136 4B040000 		.4byte	.LASF29
 306 013a 0A       		.byte	0xa
 307 013b 9C       		.byte	0x9c
 308 013c 37000000 		.4byte	0x37
 309 0140 06       		.uleb128 0x6
 310 0141 01       		.byte	0x1
 311 0142 25000000 		.4byte	0x25
 312 0146 0A       		.byte	0xa
 313 0147 CF       		.byte	0xcf
 314 0148 E9010000 		.4byte	0x1e9
 315 014c 07       		.uleb128 0x7
 316 014d CC000000 		.4byte	.LASF30
 317 0151 00       		.byte	0
 318 0152 08       		.uleb128 0x8
 319 0153 0E070000 		.4byte	.LASF31
 320 0157 7F       		.sleb128 -1
 321 0158 08       		.uleb128 0x8
 322 0159 01050000 		.4byte	.LASF32
ARM GAS  C:\Users\91819\AppData\Local\Temp\cchrdayx.s 			page 18


 323 015d 7E       		.sleb128 -2
 324 015e 08       		.uleb128 0x8
 325 015f 99010000 		.4byte	.LASF33
 326 0163 7D       		.sleb128 -3
 327 0164 08       		.uleb128 0x8
 328 0165 17070000 		.4byte	.LASF34
 329 0169 7C       		.sleb128 -4
 330 016a 08       		.uleb128 0x8
 331 016b 23030000 		.4byte	.LASF35
 332 016f 7B       		.sleb128 -5
 333 0170 08       		.uleb128 0x8
 334 0171 30060000 		.4byte	.LASF36
 335 0175 7A       		.sleb128 -6
 336 0176 08       		.uleb128 0x8
 337 0177 D9030000 		.4byte	.LASF37
 338 017b 79       		.sleb128 -7
 339 017c 08       		.uleb128 0x8
 340 017d 82050000 		.4byte	.LASF38
 341 0181 78       		.sleb128 -8
 342 0182 08       		.uleb128 0x8
 343 0183 0F050000 		.4byte	.LASF39
 344 0187 77       		.sleb128 -9
 345 0188 08       		.uleb128 0x8
 346 0189 04040000 		.4byte	.LASF40
 347 018d 76       		.sleb128 -10
 348 018e 08       		.uleb128 0x8
 349 018f 5F070000 		.4byte	.LASF41
 350 0193 75       		.sleb128 -11
 351 0194 08       		.uleb128 0x8
 352 0195 E1040000 		.4byte	.LASF42
 353 0199 74       		.sleb128 -12
 354 019a 08       		.uleb128 0x8
 355 019b 16060000 		.4byte	.LASF43
 356 019f 73       		.sleb128 -13
 357 01a0 08       		.uleb128 0x8
 358 01a1 B9000000 		.4byte	.LASF44
 359 01a5 72       		.sleb128 -14
 360 01a6 08       		.uleb128 0x8
 361 01a7 06010000 		.4byte	.LASF45
 362 01ab 71       		.sleb128 -15
 363 01ac 08       		.uleb128 0x8
 364 01ad 28040000 		.4byte	.LASF46
 365 01b1 70       		.sleb128 -16
 366 01b2 08       		.uleb128 0x8
 367 01b3 AF010000 		.4byte	.LASF47
 368 01b7 6F       		.sleb128 -17
 369 01b8 08       		.uleb128 0x8
 370 01b9 3F010000 		.4byte	.LASF48
 371 01bd 6E       		.sleb128 -18
 372 01be 08       		.uleb128 0x8
 373 01bf AC030000 		.4byte	.LASF49
 374 01c3 6D       		.sleb128 -19
 375 01c4 08       		.uleb128 0x8
 376 01c5 B2050000 		.4byte	.LASF50
 377 01c9 6C       		.sleb128 -20
 378 01ca 08       		.uleb128 0x8
 379 01cb 39040000 		.4byte	.LASF51
ARM GAS  C:\Users\91819\AppData\Local\Temp\cchrdayx.s 			page 19


 380 01cf 6B       		.sleb128 -21
 381 01d0 08       		.uleb128 0x8
 382 01d1 89060000 		.4byte	.LASF52
 383 01d5 6A       		.sleb128 -22
 384 01d6 08       		.uleb128 0x8
 385 01d7 93020000 		.4byte	.LASF53
 386 01db 69       		.sleb128 -23
 387 01dc 08       		.uleb128 0x8
 388 01dd BF030000 		.4byte	.LASF54
 389 01e1 68       		.sleb128 -24
 390 01e2 08       		.uleb128 0x8
 391 01e3 48030000 		.4byte	.LASF55
 392 01e7 67       		.sleb128 -25
 393 01e8 00       		.byte	0
 394 01e9 03       		.uleb128 0x3
 395 01ea 5D010000 		.4byte	.LASF56
 396 01ee 0A       		.byte	0xa
 397 01ef EA       		.byte	0xea
 398 01f0 40010000 		.4byte	0x140
 399 01f4 03       		.uleb128 0x3
 400 01f5 3F070000 		.4byte	.LASF57
 401 01f9 0B       		.byte	0xb
 402 01fa 19       		.byte	0x19
 403 01fb FF010000 		.4byte	0x1ff
 404 01ff 09       		.uleb128 0x9
 405 0200 0B010000 		.4byte	0x10b
 406 0204 0A020000 		.4byte	0x20a
 407 0208 0A       		.uleb128 0xa
 408 0209 00       		.byte	0
 409 020a 03       		.uleb128 0x3
 410 020b 58060000 		.4byte	.LASF58
 411 020f 0B       		.byte	0xb
 412 0210 21       		.byte	0x21
 413 0211 17010000 		.4byte	0x117
 414 0215 03       		.uleb128 0x3
 415 0216 A6060000 		.4byte	.LASF59
 416 021a 0B       		.byte	0xb
 417 021b 2D       		.byte	0x2d
 418 021c A2000000 		.4byte	0xa2
 419 0220 06       		.uleb128 0x6
 420 0221 01       		.byte	0x1
 421 0222 37000000 		.4byte	0x37
 422 0226 0C       		.byte	0xc
 423 0227 59       		.byte	0x59
 424 0228 45020000 		.4byte	0x245
 425 022c 07       		.uleb128 0x7
 426 022d DA010000 		.4byte	.LASF60
 427 0231 00       		.byte	0
 428 0232 07       		.uleb128 0x7
 429 0233 8E000000 		.4byte	.LASF61
 430 0237 01       		.byte	0x1
 431 0238 07       		.uleb128 0x7
 432 0239 BA060000 		.4byte	.LASF62
 433 023d 02       		.byte	0x2
 434 023e 07       		.uleb128 0x7
 435 023f 69050000 		.4byte	.LASF63
 436 0243 03       		.byte	0x3
ARM GAS  C:\Users\91819\AppData\Local\Temp\cchrdayx.s 			page 20


 437 0244 00       		.byte	0
 438 0245 03       		.uleb128 0x3
 439 0246 86010000 		.4byte	.LASF64
 440 024a 0C       		.byte	0xc
 441 024b 5E       		.byte	0x5e
 442 024c 20020000 		.4byte	0x220
 443 0250 0B       		.uleb128 0xb
 444 0251 02       		.byte	0x2
 445 0252 0D       		.byte	0xd
 446 0253 1F       		.byte	0x1f
 447 0254 6D020000 		.4byte	0x26d
 448 0258 0C       		.uleb128 0xc
 449 0259 7800     		.ascii	"x\000"
 450 025b 0D       		.byte	0xd
 451 025c 21       		.byte	0x21
 452 025d 2A010000 		.4byte	0x12a
 453 0261 00       		.byte	0
 454 0262 0C       		.uleb128 0xc
 455 0263 7900     		.ascii	"y\000"
 456 0265 0D       		.byte	0xd
 457 0266 22       		.byte	0x22
 458 0267 2A010000 		.4byte	0x12a
 459 026b 01       		.byte	0x1
 460 026c 00       		.byte	0
 461 026d 03       		.uleb128 0x3
 462 026e 95040000 		.4byte	.LASF65
 463 0272 0D       		.byte	0xd
 464 0273 25       		.byte	0x25
 465 0274 50020000 		.4byte	0x250
 466 0278 03       		.uleb128 0x3
 467 0279 C3010000 		.4byte	.LASF66
 468 027d 02       		.byte	0x2
 469 027e 27       		.byte	0x27
 470 027f 83020000 		.4byte	0x283
 471 0283 0D       		.uleb128 0xd
 472 0284 04       		.byte	0x4
 473 0285 89020000 		.4byte	0x289
 474 0289 0E       		.uleb128 0xe
 475 028a E9010000 		.4byte	0x1e9
 476 028e 98020000 		.4byte	0x298
 477 0292 0F       		.uleb128 0xf
 478 0293 9E020000 		.4byte	0x29e
 479 0297 00       		.byte	0
 480 0298 0D       		.uleb128 0xd
 481 0299 04       		.byte	0x4
 482 029a 6D020000 		.4byte	0x26d
 483 029e 10       		.uleb128 0x10
 484 029f 98020000 		.4byte	0x298
 485 02a3 03       		.uleb128 0x3
 486 02a4 D1060000 		.4byte	.LASF67
 487 02a8 02       		.byte	0x2
 488 02a9 2D       		.byte	0x2d
 489 02aa AE020000 		.4byte	0x2ae
 490 02ae 0D       		.uleb128 0xd
 491 02af 04       		.byte	0x4
 492 02b0 B4020000 		.4byte	0x2b4
 493 02b4 0E       		.uleb128 0xe
ARM GAS  C:\Users\91819\AppData\Local\Temp\cchrdayx.s 			page 21


 494 02b5 E9010000 		.4byte	0x1e9
 495 02b9 C3020000 		.4byte	0x2c3
 496 02bd 0F       		.uleb128 0xf
 497 02be CE020000 		.4byte	0x2ce
 498 02c2 00       		.byte	0
 499 02c3 0D       		.uleb128 0xd
 500 02c4 04       		.byte	0x4
 501 02c5 C9020000 		.4byte	0x2c9
 502 02c9 10       		.uleb128 0x10
 503 02ca 6D020000 		.4byte	0x26d
 504 02ce 10       		.uleb128 0x10
 505 02cf C3020000 		.4byte	0x2c3
 506 02d3 11       		.uleb128 0x11
 507 02d4 88030000 		.4byte	.LASF79
 508 02d8 28       		.byte	0x28
 509 02d9 02       		.byte	0x2
 510 02da 37       		.byte	0x37
 511 02db 58030000 		.4byte	0x358
 512 02df 12       		.uleb128 0x12
 513 02e0 F8060000 		.4byte	.LASF68
 514 02e4 02       		.byte	0x2
 515 02e5 3C       		.byte	0x3c
 516 02e6 58030000 		.4byte	0x358
 517 02ea 00       		.byte	0
 518 02eb 12       		.uleb128 0x12
 519 02ec 55040000 		.4byte	.LASF69
 520 02f0 02       		.byte	0x2
 521 02f1 41       		.byte	0x41
 522 02f2 5D030000 		.4byte	0x35d
 523 02f6 04       		.byte	0x4
 524 02f7 12       		.uleb128 0x12
 525 02f8 36050000 		.4byte	.LASF70
 526 02fc 02       		.byte	0x2
 527 02fd 46       		.byte	0x46
 528 02fe 62030000 		.4byte	0x362
 529 0302 08       		.byte	0x8
 530 0303 12       		.uleb128 0x12
 531 0304 EC000000 		.4byte	.LASF71
 532 0308 02       		.byte	0x2
 533 0309 4C       		.byte	0x4c
 534 030a 62030000 		.4byte	0x362
 535 030e 0C       		.byte	0xc
 536 030f 12       		.uleb128 0x12
 537 0310 D2050000 		.4byte	.LASF72
 538 0314 02       		.byte	0x2
 539 0315 51       		.byte	0x51
 540 0316 67030000 		.4byte	0x367
 541 031a 10       		.byte	0x10
 542 031b 12       		.uleb128 0x12
 543 031c 08060000 		.4byte	.LASF73
 544 0320 02       		.byte	0x2
 545 0321 56       		.byte	0x56
 546 0322 72030000 		.4byte	0x372
 547 0326 14       		.byte	0x14
 548 0327 12       		.uleb128 0x12
 549 0328 FD010000 		.4byte	.LASF74
 550 032c 02       		.byte	0x2
ARM GAS  C:\Users\91819\AppData\Local\Temp\cchrdayx.s 			page 22


 551 032d 5B       		.byte	0x5b
 552 032e 67030000 		.4byte	0x367
 553 0332 18       		.byte	0x18
 554 0333 12       		.uleb128 0x12
 555 0334 C5050000 		.4byte	.LASF75
 556 0338 02       		.byte	0x2
 557 0339 60       		.byte	0x60
 558 033a 72030000 		.4byte	0x372
 559 033e 1C       		.byte	0x1c
 560 033f 12       		.uleb128 0x12
 561 0340 53050000 		.4byte	.LASF76
 562 0344 02       		.byte	0x2
 563 0345 66       		.byte	0x66
 564 0346 77030000 		.4byte	0x377
 565 034a 20       		.byte	0x20
 566 034b 12       		.uleb128 0x12
 567 034c C8020000 		.4byte	.LASF77
 568 0350 02       		.byte	0x2
 569 0351 6B       		.byte	0x6b
 570 0352 7C030000 		.4byte	0x37c
 571 0356 24       		.byte	0x24
 572 0357 00       		.byte	0
 573 0358 10       		.uleb128 0x10
 574 0359 78020000 		.4byte	0x278
 575 035d 10       		.uleb128 0x10
 576 035e A3020000 		.4byte	0x2a3
 577 0362 10       		.uleb128 0x10
 578 0363 17010000 		.4byte	0x117
 579 0367 10       		.uleb128 0x10
 580 0368 C2000000 		.4byte	0xc2
 581 036c 0D       		.uleb128 0xd
 582 036d 04       		.byte	0x4
 583 036e F4010000 		.4byte	0x1f4
 584 0372 10       		.uleb128 0x10
 585 0373 6C030000 		.4byte	0x36c
 586 0377 10       		.uleb128 0x10
 587 0378 35010000 		.4byte	0x135
 588 037c 10       		.uleb128 0x10
 589 037d 15020000 		.4byte	0x215
 590 0381 03       		.uleb128 0x3
 591 0382 9A030000 		.4byte	.LASF78
 592 0386 02       		.byte	0x2
 593 0387 6E       		.byte	0x6e
 594 0388 8C030000 		.4byte	0x38c
 595 038c 10       		.uleb128 0x10
 596 038d D3020000 		.4byte	0x2d3
 597 0391 11       		.uleb128 0x11
 598 0392 6A010000 		.4byte	.LASF80
 599 0396 0C       		.byte	0xc
 600 0397 02       		.byte	0x2
 601 0398 7A       		.byte	0x7a
 602 0399 CE030000 		.4byte	0x3ce
 603 039d 12       		.uleb128 0x12
 604 039e 7D020000 		.4byte	.LASF81
 605 03a2 02       		.byte	0x2
 606 03a3 80       		.byte	0x80
 607 03a4 6D020000 		.4byte	0x26d
ARM GAS  C:\Users\91819\AppData\Local\Temp\cchrdayx.s 			page 23


 608 03a8 00       		.byte	0
 609 03a9 12       		.uleb128 0x12
 610 03aa 4C050000 		.4byte	.LASF82
 611 03ae 02       		.byte	0x2
 612 03af 85       		.byte	0x85
 613 03b0 45020000 		.4byte	0x245
 614 03b4 02       		.byte	0x2
 615 03b5 0C       		.uleb128 0xc
 616 03b6 61676500 		.ascii	"age\000"
 617 03ba 02       		.byte	0x2
 618 03bb 8A       		.byte	0x8a
 619 03bc A2000000 		.4byte	0xa2
 620 03c0 04       		.byte	0x4
 621 03c1 12       		.uleb128 0x12
 622 03c2 2E050000 		.4byte	.LASF83
 623 03c6 02       		.byte	0x2
 624 03c7 8F       		.byte	0x8f
 625 03c8 D4030000 		.4byte	0x3d4
 626 03cc 08       		.byte	0x8
 627 03cd 00       		.byte	0
 628 03ce 0D       		.uleb128 0xd
 629 03cf 04       		.byte	0x4
 630 03d0 81030000 		.4byte	0x381
 631 03d4 10       		.uleb128 0x10
 632 03d5 CE030000 		.4byte	0x3ce
 633 03d9 03       		.uleb128 0x3
 634 03da 78010000 		.4byte	.LASF84
 635 03de 02       		.byte	0x2
 636 03df 92       		.byte	0x92
 637 03e0 91030000 		.4byte	0x391
 638 03e4 0B       		.uleb128 0xb
 639 03e5 01       		.byte	0x1
 640 03e6 0E       		.byte	0xe
 641 03e7 1F       		.byte	0x1f
 642 03e8 F9030000 		.4byte	0x3f9
 643 03ec 12       		.uleb128 0x12
 644 03ed 62010000 		.4byte	.LASF85
 645 03f1 0E       		.byte	0xe
 646 03f2 21       		.byte	0x21
 647 03f3 8C000000 		.4byte	0x8c
 648 03f7 00       		.byte	0
 649 03f8 00       		.byte	0
 650 03f9 03       		.uleb128 0x3
 651 03fa 83020000 		.4byte	.LASF86
 652 03fe 0E       		.byte	0xe
 653 03ff 24       		.byte	0x24
 654 0400 E4030000 		.4byte	0x3e4
 655 0404 03       		.uleb128 0x3
 656 0405 62060000 		.4byte	.LASF87
 657 0409 03       		.byte	0x3
 658 040a 27       		.byte	0x27
 659 040b 0F040000 		.4byte	0x40f
 660 040f 0D       		.uleb128 0xd
 661 0410 04       		.byte	0x4
 662 0411 15040000 		.4byte	0x415
 663 0415 0E       		.uleb128 0xe
 664 0416 E9010000 		.4byte	0x1e9
ARM GAS  C:\Users\91819\AppData\Local\Temp\cchrdayx.s 			page 24


 665 041a 24040000 		.4byte	0x424
 666 041e 0F       		.uleb128 0xf
 667 041f 2A040000 		.4byte	0x42a
 668 0423 00       		.byte	0
 669 0424 0D       		.uleb128 0xd
 670 0425 04       		.byte	0x4
 671 0426 F9030000 		.4byte	0x3f9
 672 042a 10       		.uleb128 0x10
 673 042b 24040000 		.4byte	0x424
 674 042f 03       		.uleb128 0x3
 675 0430 D7000000 		.4byte	.LASF88
 676 0434 03       		.byte	0x3
 677 0435 2D       		.byte	0x2d
 678 0436 3A040000 		.4byte	0x43a
 679 043a 0D       		.uleb128 0xd
 680 043b 04       		.byte	0x4
 681 043c 40040000 		.4byte	0x440
 682 0440 0E       		.uleb128 0xe
 683 0441 E9010000 		.4byte	0x1e9
 684 0445 4F040000 		.4byte	0x44f
 685 0449 0F       		.uleb128 0xf
 686 044a 5A040000 		.4byte	0x45a
 687 044e 00       		.byte	0
 688 044f 0D       		.uleb128 0xd
 689 0450 04       		.byte	0x4
 690 0451 55040000 		.4byte	0x455
 691 0455 10       		.uleb128 0x10
 692 0456 F9030000 		.4byte	0x3f9
 693 045a 10       		.uleb128 0x10
 694 045b 4F040000 		.4byte	0x44f
 695 045f 11       		.uleb128 0x11
 696 0460 AA020000 		.4byte	.LASF89
 697 0464 28       		.byte	0x28
 698 0465 03       		.byte	0x3
 699 0466 37       		.byte	0x37
 700 0467 E4040000 		.4byte	0x4e4
 701 046b 12       		.uleb128 0x12
 702 046c F8060000 		.4byte	.LASF68
 703 0470 03       		.byte	0x3
 704 0471 3C       		.byte	0x3c
 705 0472 E4040000 		.4byte	0x4e4
 706 0476 00       		.byte	0
 707 0477 12       		.uleb128 0x12
 708 0478 55040000 		.4byte	.LASF69
 709 047c 03       		.byte	0x3
 710 047d 41       		.byte	0x41
 711 047e E9040000 		.4byte	0x4e9
 712 0482 04       		.byte	0x4
 713 0483 12       		.uleb128 0x12
 714 0484 36050000 		.4byte	.LASF70
 715 0488 03       		.byte	0x3
 716 0489 46       		.byte	0x46
 717 048a 62030000 		.4byte	0x362
 718 048e 08       		.byte	0x8
 719 048f 12       		.uleb128 0x12
 720 0490 EC000000 		.4byte	.LASF71
 721 0494 03       		.byte	0x3
ARM GAS  C:\Users\91819\AppData\Local\Temp\cchrdayx.s 			page 25


 722 0495 4C       		.byte	0x4c
 723 0496 62030000 		.4byte	0x362
 724 049a 0C       		.byte	0xc
 725 049b 12       		.uleb128 0x12
 726 049c D2050000 		.4byte	.LASF72
 727 04a0 03       		.byte	0x3
 728 04a1 51       		.byte	0x51
 729 04a2 67030000 		.4byte	0x367
 730 04a6 10       		.byte	0x10
 731 04a7 12       		.uleb128 0x12
 732 04a8 08060000 		.4byte	.LASF73
 733 04ac 03       		.byte	0x3
 734 04ad 56       		.byte	0x56
 735 04ae 72030000 		.4byte	0x372
 736 04b2 14       		.byte	0x14
 737 04b3 12       		.uleb128 0x12
 738 04b4 FD010000 		.4byte	.LASF74
 739 04b8 03       		.byte	0x3
 740 04b9 5B       		.byte	0x5b
 741 04ba 67030000 		.4byte	0x367
 742 04be 18       		.byte	0x18
 743 04bf 12       		.uleb128 0x12
 744 04c0 C5050000 		.4byte	.LASF75
 745 04c4 03       		.byte	0x3
 746 04c5 60       		.byte	0x60
 747 04c6 72030000 		.4byte	0x372
 748 04ca 1C       		.byte	0x1c
 749 04cb 12       		.uleb128 0x12
 750 04cc 53050000 		.4byte	.LASF76
 751 04d0 03       		.byte	0x3
 752 04d1 66       		.byte	0x66
 753 04d2 77030000 		.4byte	0x377
 754 04d6 20       		.byte	0x20
 755 04d7 12       		.uleb128 0x12
 756 04d8 C8020000 		.4byte	.LASF77
 757 04dc 03       		.byte	0x3
 758 04dd 6B       		.byte	0x6b
 759 04de 7C030000 		.4byte	0x37c
 760 04e2 24       		.byte	0x24
 761 04e3 00       		.byte	0
 762 04e4 10       		.uleb128 0x10
 763 04e5 04040000 		.4byte	0x404
 764 04e9 10       		.uleb128 0x10
 765 04ea 2F040000 		.4byte	0x42f
 766 04ee 03       		.uleb128 0x3
 767 04ef B9020000 		.4byte	.LASF90
 768 04f3 03       		.byte	0x3
 769 04f4 6E       		.byte	0x6e
 770 04f5 F9040000 		.4byte	0x4f9
 771 04f9 10       		.uleb128 0x10
 772 04fa 5F040000 		.4byte	0x45f
 773 04fe 11       		.uleb128 0x11
 774 04ff 41050000 		.4byte	.LASF91
 775 0503 0C       		.byte	0xc
 776 0504 03       		.byte	0x3
 777 0505 7A       		.byte	0x7a
 778 0506 3B050000 		.4byte	0x53b
ARM GAS  C:\Users\91819\AppData\Local\Temp\cchrdayx.s 			page 26


 779 050a 12       		.uleb128 0x12
 780 050b 7D020000 		.4byte	.LASF81
 781 050f 03       		.byte	0x3
 782 0510 80       		.byte	0x80
 783 0511 F9030000 		.4byte	0x3f9
 784 0515 00       		.byte	0
 785 0516 12       		.uleb128 0x12
 786 0517 4C050000 		.4byte	.LASF82
 787 051b 03       		.byte	0x3
 788 051c 85       		.byte	0x85
 789 051d 45020000 		.4byte	0x245
 790 0521 01       		.byte	0x1
 791 0522 0C       		.uleb128 0xc
 792 0523 61676500 		.ascii	"age\000"
 793 0527 03       		.byte	0x3
 794 0528 8A       		.byte	0x8a
 795 0529 A2000000 		.4byte	0xa2
 796 052d 04       		.byte	0x4
 797 052e 12       		.uleb128 0x12
 798 052f 2E050000 		.4byte	.LASF83
 799 0533 03       		.byte	0x3
 800 0534 8F       		.byte	0x8f
 801 0535 41050000 		.4byte	0x541
 802 0539 08       		.byte	0x8
 803 053a 00       		.byte	0
 804 053b 0D       		.uleb128 0xd
 805 053c 04       		.byte	0x4
 806 053d EE040000 		.4byte	0x4ee
 807 0541 10       		.uleb128 0x10
 808 0542 3B050000 		.4byte	0x53b
 809 0546 03       		.uleb128 0x3
 810 0547 9B060000 		.4byte	.LASF92
 811 054b 03       		.byte	0x3
 812 054c 92       		.byte	0x92
 813 054d FE040000 		.4byte	0x4fe
 814 0551 13       		.uleb128 0x13
 815 0552 1A010000 		.4byte	.LASF93
 816 0556 02       		.byte	0x2
 817 0557 0601     		.2byte	0x106
 818 0559 6D020000 		.4byte	0x26d
 819 055d 03       		.byte	0x3
 820 055e 6F050000 		.4byte	0x56f
 821 0562 14       		.uleb128 0x14
 822 0563 62050000 		.4byte	.LASF95
 823 0567 02       		.byte	0x2
 824 0568 0601     		.2byte	0x106
 825 056a 7A050000 		.4byte	0x57a
 826 056e 00       		.byte	0
 827 056f 0D       		.uleb128 0xd
 828 0570 04       		.byte	0x4
 829 0571 75050000 		.4byte	0x575
 830 0575 10       		.uleb128 0x10
 831 0576 D9030000 		.4byte	0x3d9
 832 057a 10       		.uleb128 0x10
 833 057b 6F050000 		.4byte	0x56f
 834 057f 13       		.uleb128 0x13
 835 0580 F7050000 		.4byte	.LASF94
ARM GAS  C:\Users\91819\AppData\Local\Temp\cchrdayx.s 			page 27


 836 0584 03       		.byte	0x3
 837 0585 2901     		.2byte	0x129
 838 0587 E9010000 		.4byte	0x1e9
 839 058b 03       		.byte	0x3
 840 058c DB050000 		.4byte	0x5db
 841 0590 14       		.uleb128 0x14
 842 0591 62050000 		.4byte	.LASF95
 843 0595 03       		.byte	0x3
 844 0596 2901     		.2byte	0x129
 845 0598 E1050000 		.4byte	0x5e1
 846 059c 14       		.uleb128 0x14
 847 059d 7D020000 		.4byte	.LASF81
 848 05a1 03       		.byte	0x3
 849 05a2 2901     		.2byte	0x129
 850 05a4 55040000 		.4byte	0x455
 851 05a8 15       		.uleb128 0x15
 852 05a9 72657400 		.ascii	"ret\000"
 853 05ad 03       		.byte	0x3
 854 05ae 2C01     		.2byte	0x12c
 855 05b0 E9010000 		.4byte	0x1e9
 856 05b4 16       		.uleb128 0x16
 857 05b5 76040000 		.4byte	.LASF96
 858 05b9 03       		.byte	0x3
 859 05ba 2D01     		.2byte	0x12d
 860 05bc C2000000 		.4byte	0xc2
 861 05c0 16       		.uleb128 0x16
 862 05c1 5F040000 		.4byte	.LASF97
 863 05c5 03       		.byte	0x3
 864 05c6 3701     		.2byte	0x137
 865 05c8 6C030000 		.4byte	0x36c
 866 05cc 17       		.uleb128 0x17
 867 05cd 16       		.uleb128 0x16
 868 05ce 53060000 		.4byte	.LASF98
 869 05d2 03       		.byte	0x3
 870 05d3 3C01     		.2byte	0x13c
 871 05d5 0B010000 		.4byte	0x10b
 872 05d9 00       		.byte	0
 873 05da 00       		.byte	0
 874 05db 0D       		.uleb128 0xd
 875 05dc 04       		.byte	0x4
 876 05dd 46050000 		.4byte	0x546
 877 05e1 10       		.uleb128 0x10
 878 05e2 DB050000 		.4byte	0x5db
 879 05e6 18       		.uleb128 0x18
 880 05e7 E6020000 		.4byte	.LASF114
 881 05eb 01       		.byte	0x1
 882 05ec 2A       		.byte	0x2a
 883 05ed 00000000 		.4byte	.LFB140
 884 05f1 64000000 		.4byte	.LFE140-.LFB140
 885 05f5 01       		.uleb128 0x1
 886 05f6 9C       		.byte	0x9c
 887 05f7 AB060000 		.4byte	0x6ab
 888 05fb 19       		.uleb128 0x19
 889 05fc 657600   		.ascii	"ev\000"
 890 05ff 01       		.byte	0x1
 891 0600 2A       		.byte	0x2a
 892 0601 0A020000 		.4byte	0x20a
ARM GAS  C:\Users\91819\AppData\Local\Temp\cchrdayx.s 			page 28


 893 0605 00000000 		.4byte	.LLST0
 894 0609 1A       		.uleb128 0x1a
 895 060a 12040000 		.4byte	.LASF99
 896 060e 01       		.byte	0x1
 897 060f 2D       		.byte	0x2d
 898 0610 6D020000 		.4byte	0x26d
 899 0614 02       		.uleb128 0x2
 900 0615 91       		.byte	0x91
 901 0616 68       		.sleb128 -24
 902 0617 1B       		.uleb128 0x1b
 903 0618 FE020000 		.4byte	.LASF100
 904 061c 01       		.byte	0x1
 905 061d 2F       		.byte	0x2f
 906 061e F9030000 		.4byte	0x3f9
 907 0622 3A000000 		.4byte	.LLST1
 908 0626 1C       		.uleb128 0x1c
 909 0627 51050000 		.4byte	0x551
 910 062b 04000000 		.4byte	.LBB7
 911 062f 0C000000 		.4byte	.LBE7-.LBB7
 912 0633 01       		.byte	0x1
 913 0634 2D       		.byte	0x2d
 914 0635 3F060000 		.4byte	0x63f
 915 0639 1D       		.uleb128 0x1d
 916 063a 62050000 		.4byte	0x562
 917 063e 00       		.byte	0
 918 063f 1C       		.uleb128 0x1c
 919 0640 7F050000 		.4byte	0x57f
 920 0644 20000000 		.4byte	.LBB9
 921 0648 32000000 		.4byte	.LBE9-.LBB9
 922 064c 01       		.byte	0x1
 923 064d 39       		.byte	0x39
 924 064e 9B060000 		.4byte	0x69b
 925 0652 1D       		.uleb128 0x1d
 926 0653 9C050000 		.4byte	0x59c
 927 0657 1D       		.uleb128 0x1d
 928 0658 90050000 		.4byte	0x590
 929 065c 1E       		.uleb128 0x1e
 930 065d 20000000 		.4byte	.LBB10
 931 0661 32000000 		.4byte	.LBE10-.LBB10
 932 0665 1F       		.uleb128 0x1f
 933 0666 A8050000 		.4byte	0x5a8
 934 066a 00       		.byte	0
 935 066b 20       		.uleb128 0x20
 936 066c B4050000 		.4byte	0x5b4
 937 0670 4D000000 		.4byte	.LLST2
 938 0674 20       		.uleb128 0x20
 939 0675 C0050000 		.4byte	0x5c0
 940 0679 83000000 		.4byte	.LLST3
 941 067d 1E       		.uleb128 0x1e
 942 067e 38000000 		.4byte	.LBB11
 943 0682 0A000000 		.4byte	.LBE11-.LBB11
 944 0686 20       		.uleb128 0x20
 945 0687 CD050000 		.4byte	0x5cd
 946 068b 96000000 		.4byte	.LLST4
 947 068f 21       		.uleb128 0x21
 948 0690 42000000 		.4byte	.LVL9
 949 0694 09070000 		.4byte	0x709
ARM GAS  C:\Users\91819\AppData\Local\Temp\cchrdayx.s 			page 29


 950 0698 00       		.byte	0
 951 0699 00       		.byte	0
 952 069a 00       		.byte	0
 953 069b 22       		.uleb128 0x22
 954 069c 58000000 		.4byte	.LVL14
 955 06a0 15070000 		.4byte	0x715
 956 06a4 23       		.uleb128 0x23
 957 06a5 01       		.uleb128 0x1
 958 06a6 50       		.byte	0x50
 959 06a7 01       		.uleb128 0x1
 960 06a8 31       		.byte	0x31
 961 06a9 00       		.byte	0
 962 06aa 00       		.byte	0
 963 06ab 24       		.uleb128 0x24
 964 06ac 27070000 		.4byte	.LASF101
 965 06b0 0F       		.byte	0xf
 966 06b1 40       		.byte	0x40
 967 06b2 EA000000 		.4byte	0xea
 968 06b6 24       		.uleb128 0x24
 969 06b7 6F030000 		.4byte	.LASF102
 970 06bb 0F       		.byte	0xf
 971 06bc 47       		.byte	0x47
 972 06bd F5000000 		.4byte	0xf5
 973 06c1 24       		.uleb128 0x24
 974 06c2 E4050000 		.4byte	.LASF103
 975 06c6 0F       		.byte	0xf
 976 06c7 4A       		.byte	0x4a
 977 06c8 EA000000 		.4byte	0xea
 978 06cc 24       		.uleb128 0x24
 979 06cd 0A030000 		.4byte	.LASF104
 980 06d1 10       		.byte	0x10
 981 06d2 48       		.byte	0x48
 982 06d3 00010000 		.4byte	0x100
 983 06d7 24       		.uleb128 0x24
 984 06d8 D1020000 		.4byte	.LASF105
 985 06dc 11       		.byte	0x11
 986 06dd 44       		.byte	0x44
 987 06de EA000000 		.4byte	0xea
 988 06e2 25       		.uleb128 0x25
 989 06e3 01070000 		.4byte	.LASF106
 990 06e7 12       		.byte	0x12
 991 06e8 1207     		.2byte	0x712
 992 06ea EE060000 		.4byte	0x6ee
 993 06ee 26       		.uleb128 0x26
 994 06ef 97000000 		.4byte	0x97
 995 06f3 24       		.uleb128 0x24
 996 06f4 76060000 		.4byte	.LASF107
 997 06f8 13       		.byte	0x13
 998 06f9 28       		.byte	0x28
 999 06fa D9030000 		.4byte	0x3d9
 1000 06fe 24       		.uleb128 0x24
 1001 06ff 38030000 		.4byte	.LASF108
 1002 0703 13       		.byte	0x13
 1003 0704 37       		.byte	0x37
 1004 0705 46050000 		.4byte	0x546
 1005 0709 27       		.uleb128 0x27
 1006 070a E9060000 		.4byte	.LASF109
ARM GAS  C:\Users\91819\AppData\Local\Temp\cchrdayx.s 			page 30


 1007 070e E9060000 		.4byte	.LASF109
 1008 0712 14       		.byte	0x14
 1009 0713 4A01     		.2byte	0x14a
 1010 0715 28       		.uleb128 0x28
 1011 0716 1F040000 		.4byte	.LASF110
 1012 071a 1F040000 		.4byte	.LASF110
 1013 071e 15       		.byte	0x15
 1014 071f 30       		.byte	0x30
 1015 0720 00       		.byte	0
 1016              		.section	.debug_abbrev,"",%progbits
 1017              	.Ldebug_abbrev0:
 1018 0000 01       		.uleb128 0x1
 1019 0001 11       		.uleb128 0x11
 1020 0002 01       		.byte	0x1
 1021 0003 25       		.uleb128 0x25
 1022 0004 0E       		.uleb128 0xe
 1023 0005 13       		.uleb128 0x13
 1024 0006 0B       		.uleb128 0xb
 1025 0007 03       		.uleb128 0x3
 1026 0008 0E       		.uleb128 0xe
 1027 0009 1B       		.uleb128 0x1b
 1028 000a 0E       		.uleb128 0xe
 1029 000b 55       		.uleb128 0x55
 1030 000c 17       		.uleb128 0x17
 1031 000d 11       		.uleb128 0x11
 1032 000e 01       		.uleb128 0x1
 1033 000f 10       		.uleb128 0x10
 1034 0010 17       		.uleb128 0x17
 1035 0011 00       		.byte	0
 1036 0012 00       		.byte	0
 1037 0013 02       		.uleb128 0x2
 1038 0014 24       		.uleb128 0x24
 1039 0015 00       		.byte	0
 1040 0016 0B       		.uleb128 0xb
 1041 0017 0B       		.uleb128 0xb
 1042 0018 3E       		.uleb128 0x3e
 1043 0019 0B       		.uleb128 0xb
 1044 001a 03       		.uleb128 0x3
 1045 001b 0E       		.uleb128 0xe
 1046 001c 00       		.byte	0
 1047 001d 00       		.byte	0
 1048 001e 03       		.uleb128 0x3
 1049 001f 16       		.uleb128 0x16
 1050 0020 00       		.byte	0
 1051 0021 03       		.uleb128 0x3
 1052 0022 0E       		.uleb128 0xe
 1053 0023 3A       		.uleb128 0x3a
 1054 0024 0B       		.uleb128 0xb
 1055 0025 3B       		.uleb128 0x3b
 1056 0026 0B       		.uleb128 0xb
 1057 0027 49       		.uleb128 0x49
 1058 0028 13       		.uleb128 0x13
 1059 0029 00       		.byte	0
 1060 002a 00       		.byte	0
 1061 002b 04       		.uleb128 0x4
 1062 002c 24       		.uleb128 0x24
 1063 002d 00       		.byte	0
ARM GAS  C:\Users\91819\AppData\Local\Temp\cchrdayx.s 			page 31


 1064 002e 0B       		.uleb128 0xb
 1065 002f 0B       		.uleb128 0xb
 1066 0030 3E       		.uleb128 0x3e
 1067 0031 0B       		.uleb128 0xb
 1068 0032 03       		.uleb128 0x3
 1069 0033 08       		.uleb128 0x8
 1070 0034 00       		.byte	0
 1071 0035 00       		.byte	0
 1072 0036 05       		.uleb128 0x5
 1073 0037 16       		.uleb128 0x16
 1074 0038 00       		.byte	0
 1075 0039 03       		.uleb128 0x3
 1076 003a 0E       		.uleb128 0xe
 1077 003b 3A       		.uleb128 0x3a
 1078 003c 0B       		.uleb128 0xb
 1079 003d 3B       		.uleb128 0x3b
 1080 003e 05       		.uleb128 0x5
 1081 003f 49       		.uleb128 0x49
 1082 0040 13       		.uleb128 0x13
 1083 0041 00       		.byte	0
 1084 0042 00       		.byte	0
 1085 0043 06       		.uleb128 0x6
 1086 0044 04       		.uleb128 0x4
 1087 0045 01       		.byte	0x1
 1088 0046 0B       		.uleb128 0xb
 1089 0047 0B       		.uleb128 0xb
 1090 0048 49       		.uleb128 0x49
 1091 0049 13       		.uleb128 0x13
 1092 004a 3A       		.uleb128 0x3a
 1093 004b 0B       		.uleb128 0xb
 1094 004c 3B       		.uleb128 0x3b
 1095 004d 0B       		.uleb128 0xb
 1096 004e 01       		.uleb128 0x1
 1097 004f 13       		.uleb128 0x13
 1098 0050 00       		.byte	0
 1099 0051 00       		.byte	0
 1100 0052 07       		.uleb128 0x7
 1101 0053 28       		.uleb128 0x28
 1102 0054 00       		.byte	0
 1103 0055 03       		.uleb128 0x3
 1104 0056 0E       		.uleb128 0xe
 1105 0057 1C       		.uleb128 0x1c
 1106 0058 0B       		.uleb128 0xb
 1107 0059 00       		.byte	0
 1108 005a 00       		.byte	0
 1109 005b 08       		.uleb128 0x8
 1110 005c 28       		.uleb128 0x28
 1111 005d 00       		.byte	0
 1112 005e 03       		.uleb128 0x3
 1113 005f 0E       		.uleb128 0xe
 1114 0060 1C       		.uleb128 0x1c
 1115 0061 0D       		.uleb128 0xd
 1116 0062 00       		.byte	0
 1117 0063 00       		.byte	0
 1118 0064 09       		.uleb128 0x9
 1119 0065 01       		.uleb128 0x1
 1120 0066 01       		.byte	0x1
ARM GAS  C:\Users\91819\AppData\Local\Temp\cchrdayx.s 			page 32


 1121 0067 49       		.uleb128 0x49
 1122 0068 13       		.uleb128 0x13
 1123 0069 01       		.uleb128 0x1
 1124 006a 13       		.uleb128 0x13
 1125 006b 00       		.byte	0
 1126 006c 00       		.byte	0
 1127 006d 0A       		.uleb128 0xa
 1128 006e 21       		.uleb128 0x21
 1129 006f 00       		.byte	0
 1130 0070 00       		.byte	0
 1131 0071 00       		.byte	0
 1132 0072 0B       		.uleb128 0xb
 1133 0073 13       		.uleb128 0x13
 1134 0074 01       		.byte	0x1
 1135 0075 0B       		.uleb128 0xb
 1136 0076 0B       		.uleb128 0xb
 1137 0077 3A       		.uleb128 0x3a
 1138 0078 0B       		.uleb128 0xb
 1139 0079 3B       		.uleb128 0x3b
 1140 007a 0B       		.uleb128 0xb
 1141 007b 01       		.uleb128 0x1
 1142 007c 13       		.uleb128 0x13
 1143 007d 00       		.byte	0
 1144 007e 00       		.byte	0
 1145 007f 0C       		.uleb128 0xc
 1146 0080 0D       		.uleb128 0xd
 1147 0081 00       		.byte	0
 1148 0082 03       		.uleb128 0x3
 1149 0083 08       		.uleb128 0x8
 1150 0084 3A       		.uleb128 0x3a
 1151 0085 0B       		.uleb128 0xb
 1152 0086 3B       		.uleb128 0x3b
 1153 0087 0B       		.uleb128 0xb
 1154 0088 49       		.uleb128 0x49
 1155 0089 13       		.uleb128 0x13
 1156 008a 38       		.uleb128 0x38
 1157 008b 0B       		.uleb128 0xb
 1158 008c 00       		.byte	0
 1159 008d 00       		.byte	0
 1160 008e 0D       		.uleb128 0xd
 1161 008f 0F       		.uleb128 0xf
 1162 0090 00       		.byte	0
 1163 0091 0B       		.uleb128 0xb
 1164 0092 0B       		.uleb128 0xb
 1165 0093 49       		.uleb128 0x49
 1166 0094 13       		.uleb128 0x13
 1167 0095 00       		.byte	0
 1168 0096 00       		.byte	0
 1169 0097 0E       		.uleb128 0xe
 1170 0098 15       		.uleb128 0x15
 1171 0099 01       		.byte	0x1
 1172 009a 27       		.uleb128 0x27
 1173 009b 19       		.uleb128 0x19
 1174 009c 49       		.uleb128 0x49
 1175 009d 13       		.uleb128 0x13
 1176 009e 01       		.uleb128 0x1
 1177 009f 13       		.uleb128 0x13
ARM GAS  C:\Users\91819\AppData\Local\Temp\cchrdayx.s 			page 33


 1178 00a0 00       		.byte	0
 1179 00a1 00       		.byte	0
 1180 00a2 0F       		.uleb128 0xf
 1181 00a3 05       		.uleb128 0x5
 1182 00a4 00       		.byte	0
 1183 00a5 49       		.uleb128 0x49
 1184 00a6 13       		.uleb128 0x13
 1185 00a7 00       		.byte	0
 1186 00a8 00       		.byte	0
 1187 00a9 10       		.uleb128 0x10
 1188 00aa 26       		.uleb128 0x26
 1189 00ab 00       		.byte	0
 1190 00ac 49       		.uleb128 0x49
 1191 00ad 13       		.uleb128 0x13
 1192 00ae 00       		.byte	0
 1193 00af 00       		.byte	0
 1194 00b0 11       		.uleb128 0x11
 1195 00b1 13       		.uleb128 0x13
 1196 00b2 01       		.byte	0x1
 1197 00b3 03       		.uleb128 0x3
 1198 00b4 0E       		.uleb128 0xe
 1199 00b5 0B       		.uleb128 0xb
 1200 00b6 0B       		.uleb128 0xb
 1201 00b7 3A       		.uleb128 0x3a
 1202 00b8 0B       		.uleb128 0xb
 1203 00b9 3B       		.uleb128 0x3b
 1204 00ba 0B       		.uleb128 0xb
 1205 00bb 01       		.uleb128 0x1
 1206 00bc 13       		.uleb128 0x13
 1207 00bd 00       		.byte	0
 1208 00be 00       		.byte	0
 1209 00bf 12       		.uleb128 0x12
 1210 00c0 0D       		.uleb128 0xd
 1211 00c1 00       		.byte	0
 1212 00c2 03       		.uleb128 0x3
 1213 00c3 0E       		.uleb128 0xe
 1214 00c4 3A       		.uleb128 0x3a
 1215 00c5 0B       		.uleb128 0xb
 1216 00c6 3B       		.uleb128 0x3b
 1217 00c7 0B       		.uleb128 0xb
 1218 00c8 49       		.uleb128 0x49
 1219 00c9 13       		.uleb128 0x13
 1220 00ca 38       		.uleb128 0x38
 1221 00cb 0B       		.uleb128 0xb
 1222 00cc 00       		.byte	0
 1223 00cd 00       		.byte	0
 1224 00ce 13       		.uleb128 0x13
 1225 00cf 2E       		.uleb128 0x2e
 1226 00d0 01       		.byte	0x1
 1227 00d1 3F       		.uleb128 0x3f
 1228 00d2 19       		.uleb128 0x19
 1229 00d3 03       		.uleb128 0x3
 1230 00d4 0E       		.uleb128 0xe
 1231 00d5 3A       		.uleb128 0x3a
 1232 00d6 0B       		.uleb128 0xb
 1233 00d7 3B       		.uleb128 0x3b
 1234 00d8 05       		.uleb128 0x5
ARM GAS  C:\Users\91819\AppData\Local\Temp\cchrdayx.s 			page 34


 1235 00d9 27       		.uleb128 0x27
 1236 00da 19       		.uleb128 0x19
 1237 00db 49       		.uleb128 0x49
 1238 00dc 13       		.uleb128 0x13
 1239 00dd 20       		.uleb128 0x20
 1240 00de 0B       		.uleb128 0xb
 1241 00df 01       		.uleb128 0x1
 1242 00e0 13       		.uleb128 0x13
 1243 00e1 00       		.byte	0
 1244 00e2 00       		.byte	0
 1245 00e3 14       		.uleb128 0x14
 1246 00e4 05       		.uleb128 0x5
 1247 00e5 00       		.byte	0
 1248 00e6 03       		.uleb128 0x3
 1249 00e7 0E       		.uleb128 0xe
 1250 00e8 3A       		.uleb128 0x3a
 1251 00e9 0B       		.uleb128 0xb
 1252 00ea 3B       		.uleb128 0x3b
 1253 00eb 05       		.uleb128 0x5
 1254 00ec 49       		.uleb128 0x49
 1255 00ed 13       		.uleb128 0x13
 1256 00ee 00       		.byte	0
 1257 00ef 00       		.byte	0
 1258 00f0 15       		.uleb128 0x15
 1259 00f1 34       		.uleb128 0x34
 1260 00f2 00       		.byte	0
 1261 00f3 03       		.uleb128 0x3
 1262 00f4 08       		.uleb128 0x8
 1263 00f5 3A       		.uleb128 0x3a
 1264 00f6 0B       		.uleb128 0xb
 1265 00f7 3B       		.uleb128 0x3b
 1266 00f8 05       		.uleb128 0x5
 1267 00f9 49       		.uleb128 0x49
 1268 00fa 13       		.uleb128 0x13
 1269 00fb 00       		.byte	0
 1270 00fc 00       		.byte	0
 1271 00fd 16       		.uleb128 0x16
 1272 00fe 34       		.uleb128 0x34
 1273 00ff 00       		.byte	0
 1274 0100 03       		.uleb128 0x3
 1275 0101 0E       		.uleb128 0xe
 1276 0102 3A       		.uleb128 0x3a
 1277 0103 0B       		.uleb128 0xb
 1278 0104 3B       		.uleb128 0x3b
 1279 0105 05       		.uleb128 0x5
 1280 0106 49       		.uleb128 0x49
 1281 0107 13       		.uleb128 0x13
 1282 0108 00       		.byte	0
 1283 0109 00       		.byte	0
 1284 010a 17       		.uleb128 0x17
 1285 010b 0B       		.uleb128 0xb
 1286 010c 01       		.byte	0x1
 1287 010d 00       		.byte	0
 1288 010e 00       		.byte	0
 1289 010f 18       		.uleb128 0x18
 1290 0110 2E       		.uleb128 0x2e
 1291 0111 01       		.byte	0x1
ARM GAS  C:\Users\91819\AppData\Local\Temp\cchrdayx.s 			page 35


 1292 0112 3F       		.uleb128 0x3f
 1293 0113 19       		.uleb128 0x19
 1294 0114 03       		.uleb128 0x3
 1295 0115 0E       		.uleb128 0xe
 1296 0116 3A       		.uleb128 0x3a
 1297 0117 0B       		.uleb128 0xb
 1298 0118 3B       		.uleb128 0x3b
 1299 0119 0B       		.uleb128 0xb
 1300 011a 27       		.uleb128 0x27
 1301 011b 19       		.uleb128 0x19
 1302 011c 11       		.uleb128 0x11
 1303 011d 01       		.uleb128 0x1
 1304 011e 12       		.uleb128 0x12
 1305 011f 06       		.uleb128 0x6
 1306 0120 40       		.uleb128 0x40
 1307 0121 18       		.uleb128 0x18
 1308 0122 9742     		.uleb128 0x2117
 1309 0124 19       		.uleb128 0x19
 1310 0125 01       		.uleb128 0x1
 1311 0126 13       		.uleb128 0x13
 1312 0127 00       		.byte	0
 1313 0128 00       		.byte	0
 1314 0129 19       		.uleb128 0x19
 1315 012a 05       		.uleb128 0x5
 1316 012b 00       		.byte	0
 1317 012c 03       		.uleb128 0x3
 1318 012d 08       		.uleb128 0x8
 1319 012e 3A       		.uleb128 0x3a
 1320 012f 0B       		.uleb128 0xb
 1321 0130 3B       		.uleb128 0x3b
 1322 0131 0B       		.uleb128 0xb
 1323 0132 49       		.uleb128 0x49
 1324 0133 13       		.uleb128 0x13
 1325 0134 02       		.uleb128 0x2
 1326 0135 17       		.uleb128 0x17
 1327 0136 00       		.byte	0
 1328 0137 00       		.byte	0
 1329 0138 1A       		.uleb128 0x1a
 1330 0139 34       		.uleb128 0x34
 1331 013a 00       		.byte	0
 1332 013b 03       		.uleb128 0x3
 1333 013c 0E       		.uleb128 0xe
 1334 013d 3A       		.uleb128 0x3a
 1335 013e 0B       		.uleb128 0xb
 1336 013f 3B       		.uleb128 0x3b
 1337 0140 0B       		.uleb128 0xb
 1338 0141 49       		.uleb128 0x49
 1339 0142 13       		.uleb128 0x13
 1340 0143 02       		.uleb128 0x2
 1341 0144 18       		.uleb128 0x18
 1342 0145 00       		.byte	0
 1343 0146 00       		.byte	0
 1344 0147 1B       		.uleb128 0x1b
 1345 0148 34       		.uleb128 0x34
 1346 0149 00       		.byte	0
 1347 014a 03       		.uleb128 0x3
 1348 014b 0E       		.uleb128 0xe
ARM GAS  C:\Users\91819\AppData\Local\Temp\cchrdayx.s 			page 36


 1349 014c 3A       		.uleb128 0x3a
 1350 014d 0B       		.uleb128 0xb
 1351 014e 3B       		.uleb128 0x3b
 1352 014f 0B       		.uleb128 0xb
 1353 0150 49       		.uleb128 0x49
 1354 0151 13       		.uleb128 0x13
 1355 0152 02       		.uleb128 0x2
 1356 0153 17       		.uleb128 0x17
 1357 0154 00       		.byte	0
 1358 0155 00       		.byte	0
 1359 0156 1C       		.uleb128 0x1c
 1360 0157 1D       		.uleb128 0x1d
 1361 0158 01       		.byte	0x1
 1362 0159 31       		.uleb128 0x31
 1363 015a 13       		.uleb128 0x13
 1364 015b 11       		.uleb128 0x11
 1365 015c 01       		.uleb128 0x1
 1366 015d 12       		.uleb128 0x12
 1367 015e 06       		.uleb128 0x6
 1368 015f 58       		.uleb128 0x58
 1369 0160 0B       		.uleb128 0xb
 1370 0161 59       		.uleb128 0x59
 1371 0162 0B       		.uleb128 0xb
 1372 0163 01       		.uleb128 0x1
 1373 0164 13       		.uleb128 0x13
 1374 0165 00       		.byte	0
 1375 0166 00       		.byte	0
 1376 0167 1D       		.uleb128 0x1d
 1377 0168 05       		.uleb128 0x5
 1378 0169 00       		.byte	0
 1379 016a 31       		.uleb128 0x31
 1380 016b 13       		.uleb128 0x13
 1381 016c 00       		.byte	0
 1382 016d 00       		.byte	0
 1383 016e 1E       		.uleb128 0x1e
 1384 016f 0B       		.uleb128 0xb
 1385 0170 01       		.byte	0x1
 1386 0171 11       		.uleb128 0x11
 1387 0172 01       		.uleb128 0x1
 1388 0173 12       		.uleb128 0x12
 1389 0174 06       		.uleb128 0x6
 1390 0175 00       		.byte	0
 1391 0176 00       		.byte	0
 1392 0177 1F       		.uleb128 0x1f
 1393 0178 34       		.uleb128 0x34
 1394 0179 00       		.byte	0
 1395 017a 31       		.uleb128 0x31
 1396 017b 13       		.uleb128 0x13
 1397 017c 1C       		.uleb128 0x1c
 1398 017d 0B       		.uleb128 0xb
 1399 017e 00       		.byte	0
 1400 017f 00       		.byte	0
 1401 0180 20       		.uleb128 0x20
 1402 0181 34       		.uleb128 0x34
 1403 0182 00       		.byte	0
 1404 0183 31       		.uleb128 0x31
 1405 0184 13       		.uleb128 0x13
ARM GAS  C:\Users\91819\AppData\Local\Temp\cchrdayx.s 			page 37


 1406 0185 02       		.uleb128 0x2
 1407 0186 17       		.uleb128 0x17
 1408 0187 00       		.byte	0
 1409 0188 00       		.byte	0
 1410 0189 21       		.uleb128 0x21
 1411 018a 898201   		.uleb128 0x4109
 1412 018d 00       		.byte	0
 1413 018e 11       		.uleb128 0x11
 1414 018f 01       		.uleb128 0x1
 1415 0190 31       		.uleb128 0x31
 1416 0191 13       		.uleb128 0x13
 1417 0192 00       		.byte	0
 1418 0193 00       		.byte	0
 1419 0194 22       		.uleb128 0x22
 1420 0195 898201   		.uleb128 0x4109
 1421 0198 01       		.byte	0x1
 1422 0199 11       		.uleb128 0x11
 1423 019a 01       		.uleb128 0x1
 1424 019b 31       		.uleb128 0x31
 1425 019c 13       		.uleb128 0x13
 1426 019d 00       		.byte	0
 1427 019e 00       		.byte	0
 1428 019f 23       		.uleb128 0x23
 1429 01a0 8A8201   		.uleb128 0x410a
 1430 01a3 00       		.byte	0
 1431 01a4 02       		.uleb128 0x2
 1432 01a5 18       		.uleb128 0x18
 1433 01a6 9142     		.uleb128 0x2111
 1434 01a8 18       		.uleb128 0x18
 1435 01a9 00       		.byte	0
 1436 01aa 00       		.byte	0
 1437 01ab 24       		.uleb128 0x24
 1438 01ac 34       		.uleb128 0x34
 1439 01ad 00       		.byte	0
 1440 01ae 03       		.uleb128 0x3
 1441 01af 0E       		.uleb128 0xe
 1442 01b0 3A       		.uleb128 0x3a
 1443 01b1 0B       		.uleb128 0xb
 1444 01b2 3B       		.uleb128 0x3b
 1445 01b3 0B       		.uleb128 0xb
 1446 01b4 49       		.uleb128 0x49
 1447 01b5 13       		.uleb128 0x13
 1448 01b6 3F       		.uleb128 0x3f
 1449 01b7 19       		.uleb128 0x19
 1450 01b8 3C       		.uleb128 0x3c
 1451 01b9 19       		.uleb128 0x19
 1452 01ba 00       		.byte	0
 1453 01bb 00       		.byte	0
 1454 01bc 25       		.uleb128 0x25
 1455 01bd 34       		.uleb128 0x34
 1456 01be 00       		.byte	0
 1457 01bf 03       		.uleb128 0x3
 1458 01c0 0E       		.uleb128 0xe
 1459 01c1 3A       		.uleb128 0x3a
 1460 01c2 0B       		.uleb128 0xb
 1461 01c3 3B       		.uleb128 0x3b
 1462 01c4 05       		.uleb128 0x5
ARM GAS  C:\Users\91819\AppData\Local\Temp\cchrdayx.s 			page 38


 1463 01c5 49       		.uleb128 0x49
 1464 01c6 13       		.uleb128 0x13
 1465 01c7 3F       		.uleb128 0x3f
 1466 01c8 19       		.uleb128 0x19
 1467 01c9 3C       		.uleb128 0x3c
 1468 01ca 19       		.uleb128 0x19
 1469 01cb 00       		.byte	0
 1470 01cc 00       		.byte	0
 1471 01cd 26       		.uleb128 0x26
 1472 01ce 35       		.uleb128 0x35
 1473 01cf 00       		.byte	0
 1474 01d0 49       		.uleb128 0x49
 1475 01d1 13       		.uleb128 0x13
 1476 01d2 00       		.byte	0
 1477 01d3 00       		.byte	0
 1478 01d4 27       		.uleb128 0x27
 1479 01d5 2E       		.uleb128 0x2e
 1480 01d6 00       		.byte	0
 1481 01d7 3F       		.uleb128 0x3f
 1482 01d8 19       		.uleb128 0x19
 1483 01d9 3C       		.uleb128 0x3c
 1484 01da 19       		.uleb128 0x19
 1485 01db 6E       		.uleb128 0x6e
 1486 01dc 0E       		.uleb128 0xe
 1487 01dd 03       		.uleb128 0x3
 1488 01de 0E       		.uleb128 0xe
 1489 01df 3A       		.uleb128 0x3a
 1490 01e0 0B       		.uleb128 0xb
 1491 01e1 3B       		.uleb128 0x3b
 1492 01e2 05       		.uleb128 0x5
 1493 01e3 00       		.byte	0
 1494 01e4 00       		.byte	0
 1495 01e5 28       		.uleb128 0x28
 1496 01e6 2E       		.uleb128 0x2e
 1497 01e7 00       		.byte	0
 1498 01e8 3F       		.uleb128 0x3f
 1499 01e9 19       		.uleb128 0x19
 1500 01ea 3C       		.uleb128 0x3c
 1501 01eb 19       		.uleb128 0x19
 1502 01ec 6E       		.uleb128 0x6e
 1503 01ed 0E       		.uleb128 0xe
 1504 01ee 03       		.uleb128 0x3
 1505 01ef 0E       		.uleb128 0xe
 1506 01f0 3A       		.uleb128 0x3a
 1507 01f1 0B       		.uleb128 0xb
 1508 01f2 3B       		.uleb128 0x3b
 1509 01f3 0B       		.uleb128 0xb
 1510 01f4 00       		.byte	0
 1511 01f5 00       		.byte	0
 1512 01f6 00       		.byte	0
 1513              		.section	.debug_loc,"",%progbits
 1514              	.Ldebug_loc0:
 1515              	.LLST0:
 1516 0000 00000000 		.4byte	.LVL0
 1517 0004 38000000 		.4byte	.LVL8
 1518 0008 0100     		.2byte	0x1
 1519 000a 50       		.byte	0x50
ARM GAS  C:\Users\91819\AppData\Local\Temp\cchrdayx.s 			page 39


 1520 000b 38000000 		.4byte	.LVL8
 1521 000f 46000000 		.4byte	.LVL11
 1522 0013 0400     		.2byte	0x4
 1523 0015 F3       		.byte	0xf3
 1524 0016 01       		.uleb128 0x1
 1525 0017 50       		.byte	0x50
 1526 0018 9F       		.byte	0x9f
 1527 0019 46000000 		.4byte	.LVL11
 1528 001d 48000000 		.4byte	.LVL12
 1529 0021 0100     		.2byte	0x1
 1530 0023 50       		.byte	0x50
 1531 0024 48000000 		.4byte	.LVL12
 1532 0028 64000000 		.4byte	.LFE140
 1533 002c 0400     		.2byte	0x4
 1534 002e F3       		.byte	0xf3
 1535 002f 01       		.uleb128 0x1
 1536 0030 50       		.byte	0x50
 1537 0031 9F       		.byte	0x9f
 1538 0032 00000000 		.4byte	0
 1539 0036 00000000 		.4byte	0
 1540              	.LLST1:
 1541 003a 24000000 		.4byte	.LVL5
 1542 003e 28000000 		.4byte	.LVL6
 1543 0042 0100     		.2byte	0x1
 1544 0044 53       		.byte	0x53
 1545 0045 00000000 		.4byte	0
 1546 0049 00000000 		.4byte	0
 1547              	.LLST2:
 1548 004d 20000000 		.4byte	.LVL4
 1549 0051 38000000 		.4byte	.LVL8
 1550 0055 0200     		.2byte	0x2
 1551 0057 30       		.byte	0x30
 1552 0058 9F       		.byte	0x9f
 1553 0059 38000000 		.4byte	.LVL8
 1554 005d 46000000 		.4byte	.LVL11
 1555 0061 0100     		.2byte	0x1
 1556 0063 54       		.byte	0x54
 1557 0064 46000000 		.4byte	.LVL11
 1558 0068 48000000 		.4byte	.LVL12
 1559 006c 0200     		.2byte	0x2
 1560 006e 30       		.byte	0x30
 1561 006f 9F       		.byte	0x9f
 1562 0070 48000000 		.4byte	.LVL12
 1563 0074 52000000 		.4byte	.LVL13
 1564 0078 0100     		.2byte	0x1
 1565 007a 54       		.byte	0x54
 1566 007b 00000000 		.4byte	0
 1567 007f 00000000 		.4byte	0
 1568              	.LLST3:
 1569 0083 30000000 		.4byte	.LVL7
 1570 0087 52000000 		.4byte	.LVL13
 1571 008b 0100     		.2byte	0x1
 1572 008d 55       		.byte	0x55
 1573 008e 00000000 		.4byte	0
 1574 0092 00000000 		.4byte	0
 1575              	.LLST4:
 1576 0096 38000000 		.4byte	.LVL8
ARM GAS  C:\Users\91819\AppData\Local\Temp\cchrdayx.s 			page 40


 1577 009a 41000000 		.4byte	.LVL9-1
 1578 009e 0700     		.2byte	0x7
 1579 00a0 74       		.byte	0x74
 1580 00a1 00       		.sleb128 0
 1581 00a2 32       		.byte	0x32
 1582 00a3 24       		.byte	0x24
 1583 00a4 75       		.byte	0x75
 1584 00a5 00       		.sleb128 0
 1585 00a6 22       		.byte	0x22
 1586 00a7 00000000 		.4byte	0
 1587 00ab 00000000 		.4byte	0
 1588              		.section	.debug_aranges,"",%progbits
 1589 0000 1C000000 		.4byte	0x1c
 1590 0004 0200     		.2byte	0x2
 1591 0006 00000000 		.4byte	.Ldebug_info0
 1592 000a 04       		.byte	0x4
 1593 000b 00       		.byte	0
 1594 000c 0000     		.2byte	0
 1595 000e 0000     		.2byte	0
 1596 0010 00000000 		.4byte	.LFB140
 1597 0014 64000000 		.4byte	.LFE140-.LFB140
 1598 0018 00000000 		.4byte	0
 1599 001c 00000000 		.4byte	0
 1600              		.section	.debug_ranges,"",%progbits
 1601              	.Ldebug_ranges0:
 1602 0000 00000000 		.4byte	.LFB140
 1603 0004 64000000 		.4byte	.LFE140
 1604 0008 00000000 		.4byte	0
 1605 000c 00000000 		.4byte	0
 1606              		.section	.debug_line,"",%progbits
 1607              	.Ldebug_line0:
 1608 0000 99030000 		.section	.debug_str,"MS",%progbits,1
 1608      02006003 
 1608      00000201 
 1608      FB0E0D00 
 1608      01010101 
 1609              	.LASF111:
 1610 0000 474E5520 		.ascii	"GNU C11 5.4.1 20160609 (release) [ARM/embedded-5-br"
 1610      43313120 
 1610      352E342E 
 1610      31203230 
 1610      31363036 
 1611 0033 616E6368 		.ascii	"anch revision 237715] -mcpu=cortex-m3 -mthumb -g -O"
 1611      20726576 
 1611      6973696F 
 1611      6E203233 
 1611      37373135 
 1612 0066 67202D66 		.ascii	"g -ffunction-sections -ffat-lto-objects\000"
 1612      66756E63 
 1612      74696F6E 
 1612      2D736563 
 1612      74696F6E 
 1613              	.LASF61:
 1614 008e 5254455F 		.ascii	"RTE_SIGNALSTATUS_INITIALIZED\000"
 1614      5349474E 
 1614      414C5354 
 1614      41545553 
ARM GAS  C:\Users\91819\AppData\Local\Temp\cchrdayx.s 			page 41


 1614      5F494E49 
 1615              	.LASF26:
 1616 00ab 4576656E 		.ascii	"EventMaskType\000"
 1616      744D6173 
 1616      6B547970 
 1616      6500
 1617              	.LASF44:
 1618 00b9 52435F45 		.ascii	"RC_ERROR_READ_ONLY\000"
 1618      52524F52 
 1618      5F524541 
 1618      445F4F4E 
 1618      4C5900
 1619              	.LASF30:
 1620 00cc 52435F53 		.ascii	"RC_SUCCESS\000"
 1620      55434345 
 1620      535300
 1621              	.LASF88:
 1622 00d7 53435F53 		.ascii	"SC_SPEED_driverOut_t\000"
 1622      50454544 
 1622      5F647269 
 1622      7665724F 
 1622      75745F74 
 1623              	.LASF71:
 1624 00ec 65764F6E 		.ascii	"evOnError\000"
 1624      4572726F 
 1624      7200
 1625              	.LASF7:
 1626 00f6 5F5F7569 		.ascii	"__uint32_t\000"
 1626      6E743332 
 1626      5F7400
 1627              	.LASF17:
 1628 0101 63686172 		.ascii	"char\000"
 1628      00
 1629              	.LASF45:
 1630 0106 52435F45 		.ascii	"RC_ERROR_WRITE_ONLY\000"
 1630      52524F52 
 1630      5F575249 
 1630      54455F4F 
 1630      4E4C5900 
 1631              	.LASF93:
 1632 011a 5254455F 		.ascii	"RTE_SC_JOYSTICK_get\000"
 1632      53435F4A 
 1632      4F595354 
 1632      49434B5F 
 1632      67657400 
 1633              	.LASF2:
 1634 012e 73686F72 		.ascii	"short int\000"
 1634      7420696E 
 1634      7400
 1635              	.LASF18:
 1636 0138 73697A65 		.ascii	"size_t\000"
 1636      5F7400
 1637              	.LASF48:
 1638 013f 52435F45 		.ascii	"RC_ERROR_WRITE_FAILS\000"
 1638      52524F52 
 1638      5F575249 
 1638      54455F46 
ARM GAS  C:\Users\91819\AppData\Local\Temp\cchrdayx.s 			page 42


 1638      41494C53 
 1639              	.LASF27:
 1640 0154 73697A65 		.ascii	"sizetype\000"
 1640      74797065 
 1640      00
 1641              	.LASF56:
 1642 015d 52435F74 		.ascii	"RC_t\000"
 1642      00
 1643              	.LASF85:
 1644 0162 6D795370 		.ascii	"mySpeed\000"
 1644      65656400 
 1645              	.LASF80:
 1646 016a 53435F4A 		.ascii	"SC_JOYSTICK_s\000"
 1646      4F595354 
 1646      49434B5F 
 1646      7300
 1647              	.LASF84:
 1648 0178 53435F4A 		.ascii	"SC_JOYSTICK_t\000"
 1648      4F595354 
 1648      49434B5F 
 1648      7400
 1649              	.LASF64:
 1650 0186 5254455F 		.ascii	"RTE_signalStatus_t\000"
 1650      7369676E 
 1650      616C5374 
 1650      61747573 
 1650      5F7400
 1651              	.LASF33:
 1652 0199 52435F45 		.ascii	"RC_ERROR_ZERO\000"
 1652      52524F52 
 1652      5F5A4552 
 1652      4F00
 1653              	.LASF23:
 1654 01a7 45455F46 		.ascii	"EE_FREG\000"
 1654      52454700 
 1655              	.LASF47:
 1656 01af 52435F45 		.ascii	"RC_ERROR_READ_FAILS\000"
 1656      52524F52 
 1656      5F524541 
 1656      445F4641 
 1656      494C5300 
 1657              	.LASF66:
 1658 01c3 53435F4A 		.ascii	"SC_JOYSTICK_driverIn_t\000"
 1658      4F595354 
 1658      49434B5F 
 1658      64726976 
 1658      6572496E 
 1659              	.LASF60:
 1660 01da 5254455F 		.ascii	"RTE_SIGNALSTATUS_STARTUP\000"
 1660      5349474E 
 1660      414C5354 
 1660      41545553 
 1660      5F535441 
 1661              	.LASF21:
 1662 01f3 45455F55 		.ascii	"EE_UINT32\000"
 1662      494E5433 
 1662      3200
ARM GAS  C:\Users\91819\AppData\Local\Temp\cchrdayx.s 			page 43


 1663              	.LASF74:
 1664 01fd 6F6E4572 		.ascii	"onErrorTaskCount\000"
 1664      726F7254 
 1664      61736B43 
 1664      6F756E74 
 1664      00
 1665              	.LASF113:
 1666 020e 433A5C55 		.ascii	"C:\\Users\\91819\\Documents\\HDA_Sem2\\EAA\\Assignm"
 1666      73657273 
 1666      5C393138 
 1666      31395C44 
 1666      6F63756D 
 1667 023b 656E7473 		.ascii	"ents\\Assignment1_RTE\\autosar_01.cydsn (2)\\autosa"
 1667      5C417373 
 1667      69676E6D 
 1667      656E7431 
 1667      5F525445 
 1668 026b 725F3031 		.ascii	"r_01.cydsn\000"
 1668      2E637964 
 1668      736E00
 1669              	.LASF24:
 1670 0276 45455F54 		.ascii	"EE_TID\000"
 1670      494400
 1671              	.LASF81:
 1672 027d 76616C75 		.ascii	"value\000"
 1672      6500
 1673              	.LASF86:
 1674 0283 53435F53 		.ascii	"SC_SPEED_data_t\000"
 1674      50454544 
 1674      5F646174 
 1674      615F7400 
 1675              	.LASF53:
 1676 0293 52435F45 		.ascii	"RC_ERROR_INVALID_STATE\000"
 1676      52524F52 
 1676      5F494E56 
 1676      414C4944 
 1676      5F535441 
 1677              	.LASF89:
 1678 02aa 53435F53 		.ascii	"SC_SPEED_cfg_s\000"
 1678      50454544 
 1678      5F636667 
 1678      5F7300
 1679              	.LASF90:
 1680 02b9 53435F53 		.ascii	"SC_SPEED_cfg_t\000"
 1680      50454544 
 1680      5F636667 
 1680      5F7400
 1681              	.LASF77:
 1682 02c8 7265736F 		.ascii	"resource\000"
 1682      75726365 
 1682      00
 1683              	.LASF105:
 1684 02d1 45455F49 		.ascii	"EE_IRQ_nesting_level\000"
 1684      52515F6E 
 1684      65737469 
 1684      6E675F6C 
 1684      6576656C 
ARM GAS  C:\Users\91819\AppData\Local\Temp\cchrdayx.s 			page 44


 1685              	.LASF114:
 1686 02e6 434F4E54 		.ascii	"CONTROL_calcControl_run\000"
 1686      524F4C5F 
 1686      63616C63 
 1686      436F6E74 
 1686      726F6C5F 
 1687              	.LASF100:
 1688 02fe 73706565 		.ascii	"speedDouble\000"
 1688      64446F75 
 1688      626C6500 
 1689              	.LASF104:
 1690 030a 45455F73 		.ascii	"EE_std_endcycle_next_tid\000"
 1690      74645F65 
 1690      6E646379 
 1690      636C655F 
 1690      6E657874 
 1691              	.LASF35:
 1692 0323 52435F45 		.ascii	"RC_ERROR_RANGE\000"
 1692      52524F52 
 1692      5F52414E 
 1692      474500
 1693              	.LASF15:
 1694 0332 666C6F61 		.ascii	"float\000"
 1694      7400
 1695              	.LASF108:
 1696 0338 534F5F53 		.ascii	"SO_SPEED_signal\000"
 1696      50454544 
 1696      5F736967 
 1696      6E616C00 
 1697              	.LASF55:
 1698 0348 52435F45 		.ascii	"RC_ERROR_NOT_IMPLEMENTED\000"
 1698      52524F52 
 1698      5F4E4F54 
 1698      5F494D50 
 1698      4C454D45 
 1699              	.LASF9:
 1700 0361 6C6F6E67 		.ascii	"long long int\000"
 1700      206C6F6E 
 1700      6720696E 
 1700      7400
 1701              	.LASF102:
 1702 036f 45455F6F 		.ascii	"EE_oo_IRQ_suspend_status\000"
 1702      6F5F4952 
 1702      515F7375 
 1702      7370656E 
 1702      645F7374 
 1703              	.LASF79:
 1704 0388 53435F4A 		.ascii	"SC_JOYSTICK_cfg_s\000"
 1704      4F595354 
 1704      49434B5F 
 1704      6366675F 
 1704      7300
 1705              	.LASF78:
 1706 039a 53435F4A 		.ascii	"SC_JOYSTICK_cfg_t\000"
 1706      4F595354 
 1706      49434B5F 
 1706      6366675F 
ARM GAS  C:\Users\91819\AppData\Local\Temp\cchrdayx.s 			page 45


 1706      7400
 1707              	.LASF49:
 1708 03ac 52435F45 		.ascii	"RC_ERROR_NOT_MATCH\000"
 1708      52524F52 
 1708      5F4E4F54 
 1708      5F4D4154 
 1708      434800
 1709              	.LASF54:
 1710 03bf 52435F45 		.ascii	"RC_ERROR_UNKNOWN\000"
 1710      52524F52 
 1710      5F554E4B 
 1710      4E4F574E 
 1710      00
 1711              	.LASF6:
 1712 03d0 6C6F6E67 		.ascii	"long int\000"
 1712      20696E74 
 1712      00
 1713              	.LASF37:
 1714 03d9 52435F45 		.ascii	"RC_ERROR_UNDERRUN\000"
 1714      52524F52 
 1714      5F554E44 
 1714      45525255 
 1714      4E00
 1715              	.LASF112:
 1716 03eb 736F7572 		.ascii	"source\\asw\\swc_control.c\000"
 1716      63655C61 
 1716      73775C73 
 1716      77635F63 
 1716      6F6E7472 
 1717              	.LASF40:
 1718 0404 52435F45 		.ascii	"RC_ERROR_BUSY\000"
 1718      52524F52 
 1718      5F425553 
 1718      5900
 1719              	.LASF99:
 1720 0412 636F6E74 		.ascii	"controlValue\000"
 1720      726F6C56 
 1720      616C7565 
 1720      00
 1721              	.LASF110:
 1722 041f 57445F41 		.ascii	"WD_Alive\000"
 1722      6C697665 
 1722      00
 1723              	.LASF46:
 1724 0428 52435F45 		.ascii	"RC_ERROR_INVALID\000"
 1724      52524F52 
 1724      5F494E56 
 1724      414C4944 
 1724      00
 1725              	.LASF51:
 1726 0439 52435F45 		.ascii	"RC_ERROR_BAD_DATA\000"
 1726      52524F52 
 1726      5F424144 
 1726      5F444154 
 1726      4100
 1727              	.LASF29:
 1728 044b 626F6F6C 		.ascii	"boolean_t\000"
ARM GAS  C:\Users\91819\AppData\Local\Temp\cchrdayx.s 			page 46


 1728      65616E5F 
 1728      7400
 1729              	.LASF69:
 1730 0455 6F757444 		.ascii	"outDriver\000"
 1730      72697665 
 1730      7200
 1731              	.LASF97:
 1732 045f 70546173 		.ascii	"pTaskArray\000"
 1732      6B417272 
 1732      617900
 1733              	.LASF19:
 1734 046a 6C6F6E67 		.ascii	"long double\000"
 1734      20646F75 
 1734      626C6500 
 1735              	.LASF96:
 1736 0476 7461736B 		.ascii	"taskNum\000"
 1736      4E756D00 
 1737              	.LASF25:
 1738 047e 5461736B 		.ascii	"TaskType\000"
 1738      54797065 
 1738      00
 1739              	.LASF1:
 1740 0487 756E7369 		.ascii	"unsigned char\000"
 1740      676E6564 
 1740      20636861 
 1740      7200
 1741              	.LASF65:
 1742 0495 53435F4A 		.ascii	"SC_JOYSTICK_data_t\000"
 1742      4F595354 
 1742      49434B5F 
 1742      64617461 
 1742      5F7400
 1743              	.LASF0:
 1744 04a8 7369676E 		.ascii	"signed char\000"
 1744      65642063 
 1744      68617200 
 1745              	.LASF10:
 1746 04b4 6C6F6E67 		.ascii	"long long unsigned int\000"
 1746      206C6F6E 
 1746      6720756E 
 1746      7369676E 
 1746      65642069 
 1747              	.LASF14:
 1748 04cb 75696E74 		.ascii	"uint32_t\000"
 1748      33325F74 
 1748      00
 1749              	.LASF11:
 1750 04d4 756E7369 		.ascii	"unsigned int\000"
 1750      676E6564 
 1750      20696E74 
 1750      00
 1751              	.LASF42:
 1752 04e1 52435F45 		.ascii	"RC_ERROR_OPEN\000"
 1752      52524F52 
 1752      5F4F5045 
 1752      4E00
 1753              	.LASF8:
ARM GAS  C:\Users\91819\AppData\Local\Temp\cchrdayx.s 			page 47


 1754 04ef 6C6F6E67 		.ascii	"long unsigned int\000"
 1754      20756E73 
 1754      69676E65 
 1754      6420696E 
 1754      7400
 1755              	.LASF32:
 1756 0501 52435F45 		.ascii	"RC_ERROR_NULL\000"
 1756      52524F52 
 1756      5F4E554C 
 1756      4C00
 1757              	.LASF39:
 1758 050f 52435F45 		.ascii	"RC_ERROR_BUFFER_EMTPY\000"
 1758      52524F52 
 1758      5F425546 
 1758      4645525F 
 1758      454D5450 
 1759              	.LASF20:
 1760 0525 45455F49 		.ascii	"EE_INT32\000"
 1760      4E543332 
 1760      00
 1761              	.LASF83:
 1762 052e 70536967 		.ascii	"pSigCfg\000"
 1762      43666700 
 1763              	.LASF70:
 1764 0536 65764F6E 		.ascii	"evOnUpdate\000"
 1764      55706461 
 1764      746500
 1765              	.LASF91:
 1766 0541 53435F53 		.ascii	"SC_SPEED_s\000"
 1766      50454544 
 1766      5F7300
 1767              	.LASF82:
 1768 054c 73746174 		.ascii	"status\000"
 1768      757300
 1769              	.LASF76:
 1770 0553 7265736F 		.ascii	"resourceActive\000"
 1770      75726365 
 1770      41637469 
 1770      766500
 1771              	.LASF95:
 1772 0562 7369676E 		.ascii	"signal\000"
 1772      616C00
 1773              	.LASF63:
 1774 0569 5254455F 		.ascii	"RTE_SIGNALSTATUS_INVALID\000"
 1774      5349474E 
 1774      414C5354 
 1774      41545553 
 1774      5F494E56 
 1775              	.LASF38:
 1776 0582 52435F45 		.ascii	"RC_ERROR_BUFFER_FULL\000"
 1776      52524F52 
 1776      5F425546 
 1776      4645525F 
 1776      46554C4C 
 1777              	.LASF13:
 1778 0597 696E7433 		.ascii	"int32_t\000"
 1778      325F7400 
ARM GAS  C:\Users\91819\AppData\Local\Temp\cchrdayx.s 			page 48


 1779              	.LASF3:
 1780 059f 73686F72 		.ascii	"short unsigned int\000"
 1780      7420756E 
 1780      7369676E 
 1780      65642069 
 1780      6E7400
 1781              	.LASF50:
 1782 05b2 52435F45 		.ascii	"RC_ERROR_BAD_PARAM\000"
 1782      52524F52 
 1782      5F424144 
 1782      5F504152 
 1782      414D00
 1783              	.LASF75:
 1784 05c5 6F6E4572 		.ascii	"onErrorTasks\000"
 1784      726F7254 
 1784      61736B73 
 1784      00
 1785              	.LASF72:
 1786 05d2 6F6E5570 		.ascii	"onUpdateTaskCount\000"
 1786      64617465 
 1786      5461736B 
 1786      436F756E 
 1786      7400
 1787              	.LASF103:
 1788 05e4 45455F41 		.ascii	"EE_ApplicationMode\000"
 1788      70706C69 
 1788      63617469 
 1788      6F6E4D6F 
 1788      646500
 1789              	.LASF94:
 1790 05f7 5254455F 		.ascii	"RTE_SC_SPEED_set\000"
 1790      53435F53 
 1790      50454544 
 1790      5F736574 
 1790      00
 1791              	.LASF73:
 1792 0608 6F6E5570 		.ascii	"onUpdateTasks\000"
 1792      64617465 
 1792      5461736B 
 1792      7300
 1793              	.LASF43:
 1794 0616 52435F45 		.ascii	"RC_ERROR_CHECKSUM\000"
 1794      52524F52 
 1794      5F434845 
 1794      434B5355 
 1794      4D00
 1795              	.LASF22:
 1796 0628 45455F55 		.ascii	"EE_UREG\000"
 1796      52454700 
 1797              	.LASF36:
 1798 0630 52435F45 		.ascii	"RC_ERROR_OVERRUN\000"
 1798      52524F52 
 1798      5F4F5645 
 1798      5252554E 
 1798      00
 1799              	.LASF5:
 1800 0641 5F5F696E 		.ascii	"__int32_t\000"
ARM GAS  C:\Users\91819\AppData\Local\Temp\cchrdayx.s 			page 49


 1800      7433325F 
 1800      7400
 1801              	.LASF12:
 1802 064b 75696E74 		.ascii	"uint8_t\000"
 1802      385F7400 
 1803              	.LASF98:
 1804 0653 7461736B 		.ascii	"task\000"
 1804      00
 1805              	.LASF58:
 1806 0658 5254455F 		.ascii	"RTE_event\000"
 1806      6576656E 
 1806      7400
 1807              	.LASF87:
 1808 0662 53435F53 		.ascii	"SC_SPEED_driverIn_t\000"
 1808      50454544 
 1808      5F647269 
 1808      76657249 
 1808      6E5F7400 
 1809              	.LASF107:
 1810 0676 534F5F4A 		.ascii	"SO_JOYSTICK_signal\000"
 1810      4F595354 
 1810      49434B5F 
 1810      7369676E 
 1810      616C00
 1811              	.LASF52:
 1812 0689 52435F45 		.ascii	"RC_ERROR_CANCELED\000"
 1812      52524F52 
 1812      5F43414E 
 1812      43454C45 
 1812      4400
 1813              	.LASF92:
 1814 069b 53435F53 		.ascii	"SC_SPEED_t\000"
 1814      50454544 
 1814      5F7400
 1815              	.LASF59:
 1816 06a6 5265736F 		.ascii	"ResourceType\000"
 1816      75726365 
 1816      54797065 
 1816      00
 1817              	.LASF16:
 1818 06b3 646F7562 		.ascii	"double\000"
 1818      6C6500
 1819              	.LASF62:
 1820 06ba 5254455F 		.ascii	"RTE_SIGNALSTATUS_VALID\000"
 1820      5349474E 
 1820      414C5354 
 1820      41545553 
 1820      5F56414C 
 1821              	.LASF67:
 1822 06d1 53435F4A 		.ascii	"SC_JOYSTICK_driverOut_t\000"
 1822      4F595354 
 1822      49434B5F 
 1822      64726976 
 1822      65724F75 
 1823              	.LASF109:
 1824 06e9 45455F6F 		.ascii	"EE_oo_SetEvent\000"
 1824      6F5F5365 
ARM GAS  C:\Users\91819\AppData\Local\Temp\cchrdayx.s 			page 50


 1824      74457665 
 1824      6E7400
 1825              	.LASF68:
 1826 06f8 696E4472 		.ascii	"inDriver\000"
 1826      69766572 
 1826      00
 1827              	.LASF106:
 1828 0701 49544D5F 		.ascii	"ITM_RxBuffer\000"
 1828      52784275 
 1828      66666572 
 1828      00
 1829              	.LASF31:
 1830 070e 52435F45 		.ascii	"RC_ERROR\000"
 1830      52524F52 
 1830      00
 1831              	.LASF34:
 1832 0717 52435F45 		.ascii	"RC_ERROR_MEMORY\000"
 1832      52524F52 
 1832      5F4D454D 
 1832      4F525900 
 1833              	.LASF101:
 1834 0727 45455F6F 		.ascii	"EE_oo_IRQ_disable_count\000"
 1834      6F5F4952 
 1834      515F6469 
 1834      7361626C 
 1834      655F636F 
 1835              	.LASF57:
 1836 073f 5461736B 		.ascii	"TaskTypeArray\000"
 1836      54797065 
 1836      41727261 
 1836      7900
 1837              	.LASF4:
 1838 074d 5F5F7569 		.ascii	"__uint8_t\000"
 1838      6E74385F 
 1838      7400
 1839              	.LASF28:
 1840 0757 73696E74 		.ascii	"sint8_t\000"
 1840      385F7400 
 1841              	.LASF41:
 1842 075f 52435F45 		.ascii	"RC_ERROR_TIME_OUT\000"
 1842      52524F52 
 1842      5F54494D 
 1842      455F4F55 
 1842      5400
 1843              		.ident	"GCC: (GNU Tools for ARM Embedded Processors) 5.4.1 20160609 (release) [ARM/embedded-5-bran
