ARM GAS  C:\Users\91819\AppData\Local\Temp\ccy28JmR.s 			page 1


   1              		.syntax unified
   2              		.cpu cortex-m3
   3              		.fpu softvfp
   4              		.eabi_attribute 20, 1
   5              		.eabi_attribute 21, 1
   6              		.eabi_attribute 23, 3
   7              		.eabi_attribute 24, 1
   8              		.eabi_attribute 25, 1
   9              		.eabi_attribute 26, 1
  10              		.eabi_attribute 30, 1
  11              		.eabi_attribute 34, 1
  12              		.eabi_attribute 18, 4
  13              		.thumb
  14              		.syntax unified
  15              		.file	"tft.c"
  16              		.text
  17              	.Ltext0:
  18              		.cfi_sections	.debug_frame
  19              		.section	.text.charBounds,"ax",%progbits
  20              		.align	2
  21              		.thumb
  22              		.thumb_func
  23              		.type	charBounds, %function
  24              	charBounds:
  25              	.LFB18:
  26              		.file 1 "source\\bsw\\tft\\tft.c"
   1:source\bsw\tft/tft.c **** /**
   2:source\bsw\tft/tft.c ****  * \file	TFT.c
   3:source\bsw\tft/tft.c ****  * \author	Limor Fried 	Adafruit Industries
   4:source\bsw\tft/tft.c ****  * \author	Thomas Barth 	Hochschule Darmstadt - thomas.barth@h-da.de
   5:source\bsw\tft/tft.c ****  * \date 	08.08.2017
   6:source\bsw\tft/tft.c ****  * \version	0.1
   7:source\bsw\tft/tft.c ****  *
   8:source\bsw\tft/tft.c ****  * \copyright Copyright ©2017
   9:source\bsw\tft/tft.c ****  * Department of electrical engineering and information technology, Hochschule Darmstadt - Universi
  10:source\bsw\tft/tft.c ****  * Permission to use, copy, modify, and distribute this software and its documentation for educatio
  11:source\bsw\tft/tft.c ****  * (unless permitted by h_da) and official h_da projects, is hereby granted for enrolled students o
  12:source\bsw\tft/tft.c ****  * this paragraph and the following paragraph appear in all copies, modifications, and distribution
  13:source\bsw\tft/tft.c ****  * Contact Prof.Dr.-Ing. Peter Fromm, peter.fromm@h-da.de, Birkenweg 8 64295 Darmstadt - GERMANY fo
  14:source\bsw\tft/tft.c ****  *
  15:source\bsw\tft/tft.c ****  * \warning This software is a PROTOTYPE version and is not designed or intended for use in product
  16:source\bsw\tft/tft.c ****  * The user represents and warrants that it will NOT use or redistribute the Software for such purp
  17:source\bsw\tft/tft.c ****  * This prototype is for research purposes only. This software is provided "AS IS," without a warra
  18:source\bsw\tft/tft.c ****  */
  19:source\bsw\tft/tft.c **** 
  20:source\bsw\tft/tft.c **** #include "tft.h"
  21:source\bsw\tft/tft.c **** #include "ST7735.h"
  22:source\bsw\tft/tft.c **** #include "glcdfont.h"
  23:source\bsw\tft/tft.c **** //#include "math_helper.h"
  24:source\bsw\tft/tft.c **** //#include "logging.h"
  25:source\bsw\tft/tft.c **** 
  26:source\bsw\tft/tft.c **** //-------------------------------------[Definitions]
  27:source\bsw\tft/tft.c **** 
  28:source\bsw\tft/tft.c **** /** 
  29:source\bsw\tft/tft.c **** * \brief API glue for the SPI module
  30:source\bsw\tft/tft.c **** */
  31:source\bsw\tft/tft.c **** #define MODULE_SPI(x)       PPCAT(CFG_TFT_SPI_MODULE, x)
ARM GAS  C:\Users\91819\AppData\Local\Temp\ccy28JmR.s 			page 2


  32:source\bsw\tft/tft.c **** 
  33:source\bsw\tft/tft.c **** /** 
  34:source\bsw\tft/tft.c **** * \brief API glue for the backlight PWM module
  35:source\bsw\tft/tft.c **** */
  36:source\bsw\tft/tft.c **** #define MODULE_PWM(x)       PPCAT(CFG_TFT_LED_MODULE, x)
  37:source\bsw\tft/tft.c **** 
  38:source\bsw\tft/tft.c **** // API glue for the Pins
  39:source\bsw\tft/tft.c **** #define MODULE_DC(x)        PPCAT(CFG_TFT_DC_PIN, x)      
  40:source\bsw\tft/tft.c **** #define MODULE_RES(x)       PPCAT(CFG_TFT_RES_PIN, x)  
  41:source\bsw\tft/tft.c **** #define TFT_DC_LOW          MODULE_DC(Write)(0)     /**< \brief Macro to set the DC(A0) pin LOW*/
  42:source\bsw\tft/tft.c **** #define TFT_DC_HIGH         MODULE_DC(Write)(1)     /**< \brief Macro to set the DC(A0) pin HIGH*/
  43:source\bsw\tft/tft.c **** #define TFT_RES_LOW         MODULE_RES(Write)(0)    /**< \brief Macro to set the Reset pin LOW*/
  44:source\bsw\tft/tft.c **** #define TFT_RES_HIGH        MODULE_RES(Write)(1)    /**< \brief Macro to set the Reset pin HIGH*/
  45:source\bsw\tft/tft.c **** 
  46:source\bsw\tft/tft.c **** /** 
  47:source\bsw\tft/tft.c **** * \brief swap 2 int 16 values
  48:source\bsw\tft/tft.c **** */
  49:source\bsw\tft/tft.c **** #ifndef _swap_int16_t
  50:source\bsw\tft/tft.c **** #define _swap_int16_t(a, b) { int16_t t = a; a = b; b = t; }
  51:source\bsw\tft/tft.c **** #endif
  52:source\bsw\tft/tft.c **** 
  53:source\bsw\tft/tft.c **** // The code comes from an AVR. Those are macros to overcome that strange PROGMEM read stuff
  54:source\bsw\tft/tft.c **** #ifndef pgm_read_byte
  55:source\bsw\tft/tft.c ****  #define pgm_read_byte(addr) (*(const unsigned char *)(addr))
  56:source\bsw\tft/tft.c **** #endif
  57:source\bsw\tft/tft.c **** #ifndef pgm_read_word
  58:source\bsw\tft/tft.c ****  #define pgm_read_word(addr) (*(const unsigned short *)(addr))
  59:source\bsw\tft/tft.c **** #endif
  60:source\bsw\tft/tft.c **** #ifndef pgm_read_dword
  61:source\bsw\tft/tft.c ****  #define pgm_read_dword(addr) (*(const unsigned long *)(addr))
  62:source\bsw\tft/tft.c **** #endif
  63:source\bsw\tft/tft.c **** 
  64:source\bsw\tft/tft.c **** // Pointers are a peculiar case...typically 16-bit on AVR boards,
  65:source\bsw\tft/tft.c **** // 32 bits elsewhere.  Try to accommodate both...
  66:source\bsw\tft/tft.c **** #if !defined(__INT_MAX__) || (__INT_MAX__ > 0xFFFF)
  67:source\bsw\tft/tft.c ****  #define pgm_read_pointer(addr) ((void *)pgm_read_dword(addr))
  68:source\bsw\tft/tft.c **** #else
  69:source\bsw\tft/tft.c ****  #define pgm_read_pointer(addr) ((void *)pgm_read_word(addr))
  70:source\bsw\tft/tft.c **** #endif
  71:source\bsw\tft/tft.c **** 
  72:source\bsw\tft/tft.c **** #define TFT_write_cmd(x)            TFT_send(TFT_CMD,x)
  73:source\bsw\tft/tft.c **** #define TFT_write_data(x)           TFT_send(TFT_DATA,x)
  74:source\bsw\tft/tft.c **** #define TFT_write_stream(x)         TFT_send(TFT_STREAM,x)
  75:source\bsw\tft/tft.c **** 
  76:source\bsw\tft/tft.c **** //-------------------------------------[types]
  77:source\bsw\tft/tft.c **** /**
  78:source\bsw\tft/tft.c **** * \brief Data send to the TFT is either DATA or COMMAND data.
  79:source\bsw\tft/tft.c **** */
  80:source\bsw\tft/tft.c **** typedef enum{
  81:source\bsw\tft/tft.c ****     TFT_CMD,                        /**< Payload is command. */
  82:source\bsw\tft/tft.c ****     TFT_DATA,                       /**< Payload is data */
  83:source\bsw\tft/tft.c ****     TFT_STREAM                      /**< D/C has already been set */
  84:source\bsw\tft/tft.c **** }TFT_payload_t;
  85:source\bsw\tft/tft.c **** 
  86:source\bsw\tft/tft.c **** /**
  87:source\bsw\tft/tft.c **** * \brief Outgoing data to the tft
  88:source\bsw\tft/tft.c **** */
ARM GAS  C:\Users\91819\AppData\Local\Temp\ccy28JmR.s 			page 3


  89:source\bsw\tft/tft.c **** typedef struct{
  90:source\bsw\tft/tft.c ****     TFT_payload_t   DC;             /**< Determines if this is a a command (#TFT_CMD) or data (#TFT
  91:source\bsw\tft/tft.c ****     uint8_t         payload;
  92:source\bsw\tft/tft.c **** }TFT_data_t;
  93:source\bsw\tft/tft.c **** 
  94:source\bsw\tft/tft.c **** typedef struct {
  95:source\bsw\tft/tft.c ****     uint16_t    read;
  96:source\bsw\tft/tft.c ****     uint16_t    write;
  97:source\bsw\tft/tft.c ****     uint16_t    fill;
  98:source\bsw\tft/tft.c ****     TFT_data_t  buffer[CFG_TFT_RB_OUT_SZ];
  99:source\bsw\tft/tft.c **** }TFT_RB_out_t;
 100:source\bsw\tft/tft.c **** 
 101:source\bsw\tft/tft.c **** 
 102:source\bsw\tft/tft.c **** //-------------------------------------[local variables]
 103:source\bsw\tft/tft.c **** 
 104:source\bsw\tft/tft.c **** static const char* TAG="TFT";
 105:source\bsw\tft/tft.c **** 
 106:source\bsw\tft/tft.c **** static uint8_t  colstart;           /**< \brief Column (RAM) start*/
 107:source\bsw\tft/tft.c **** static uint8_t  rowstart;           /**< \brief Row (RAM) start*/
 108:source\bsw\tft/tft.c **** static uint8_t  xstart;             /**< \brief x position start*/
 109:source\bsw\tft/tft.c **** static uint8_t  ystart;             /**< \brief y position start*/
 110:source\bsw\tft/tft.c **** 
 111:source\bsw\tft/tft.c **** static uint8_t  textsize;           /**< \brief current text size*/
 112:source\bsw\tft/tft.c **** static uint8_t  rotation;           /**< \brief current orientation/rotation*/
 113:source\bsw\tft/tft.c **** 
 114:source\bsw\tft/tft.c **** static int16_t  _width;             /**< \brief Display width as modified by current rotation*/
 115:source\bsw\tft/tft.c **** static uint16_t _height;            /**< \brief Display heigth as modified by current rotation*/ 
 116:source\bsw\tft/tft.c **** static uint16_t cursor_x;           /**< \brief Cursor X position*/
 117:source\bsw\tft/tft.c **** static uint16_t cursor_y;           /**< \brief Cursor Y position*/
 118:source\bsw\tft/tft.c **** static TFT_color_t color;              /**< \brief Current foreground color*/
 119:source\bsw\tft/tft.c **** static TFT_color_t bgcolor;            /**< \brief Current background color*/
 120:source\bsw\tft/tft.c **** 
 121:source\bsw\tft/tft.c **** static boolean_t wrap;              /**< \brief If set, 'wrap' text at right edge of display*/ 
 122:source\bsw\tft/tft.c ****     
 123:source\bsw\tft/tft.c **** static GFXfont *gfxFont;            /**< \brief Current Font*/ 
 124:source\bsw\tft/tft.c **** 
 125:source\bsw\tft/tft.c **** static TFT_RB_out_t TFT_RB_out;     /**< \brief Ringbuffer for SPI communication*/
 126:source\bsw\tft/tft.c ****     
 127:source\bsw\tft/tft.c **** //-------------------------------------[local function prototypes]
 128:source\bsw\tft/tft.c **** 
 129:source\bsw\tft/tft.c **** static void setAddrWindow(uint8_t x0, uint8_t y0, uint8_t x1, uint8_t y1);
 130:source\bsw\tft/tft.c **** static void charBounds(char c, int16_t *x, int16_t *y,  int16_t *minx, int16_t *miny, int16_t *maxx
 131:source\bsw\tft/tft.c **** static void TFT_drawCircleHelper(int16_t x0, int16_t y0, int16_t r, uint8_t cornername, TFT_color_t
 132:source\bsw\tft/tft.c **** static void TFT_fillCircleHelper(int16_t x0, int16_t y0, int16_t r, uint8_t cornername, int16_t del
 133:source\bsw\tft/tft.c **** 
 134:source\bsw\tft/tft.c **** static RC_t TFT_send(TFT_payload_t type, uint8_t payload);
 135:source\bsw\tft/tft.c **** //-------------------------------------[Implementation]
 136:source\bsw\tft/tft.c **** 
 137:source\bsw\tft/tft.c **** //----------------- Ringbuffer
 138:source\bsw\tft/tft.c **** 
 139:source\bsw\tft/tft.c **** void __TFT_SPI_TX_ISR(void){
 140:source\bsw\tft/tft.c ****     
 141:source\bsw\tft/tft.c ****     //check if we have data waiting
 142:source\bsw\tft/tft.c ****     if(TFT_RB_out.fill==0)
 143:source\bsw\tft/tft.c ****         return;
 144:source\bsw\tft/tft.c ****     
 145:source\bsw\tft/tft.c ****     //get the next frame to be send
ARM GAS  C:\Users\91819\AppData\Local\Temp\ccy28JmR.s 			page 4


 146:source\bsw\tft/tft.c ****     TFT_data_t* p_next_frame=&TFT_RB_out.buffer[TFT_RB_out.read++];
 147:source\bsw\tft/tft.c ****     
 148:source\bsw\tft/tft.c ****     //adjust read index and fill level
 149:source\bsw\tft/tft.c ****     TFT_RB_out.read%=CFG_TFT_RB_OUT_SZ;
 150:source\bsw\tft/tft.c ****     TFT_RB_out.fill--;
 151:source\bsw\tft/tft.c ****     
 152:source\bsw\tft/tft.c ****     //check payload type
 153:source\bsw\tft/tft.c ****     switch(p_next_frame->DC){
 154:source\bsw\tft/tft.c ****         case TFT_CMD:
 155:source\bsw\tft/tft.c ****             TFT_DC_LOW;
 156:source\bsw\tft/tft.c ****             break;
 157:source\bsw\tft/tft.c ****         
 158:source\bsw\tft/tft.c ****         case TFT_DATA:
 159:source\bsw\tft/tft.c ****             TFT_DC_HIGH;
 160:source\bsw\tft/tft.c ****             break;
 161:source\bsw\tft/tft.c ****         default:
 162:source\bsw\tft/tft.c ****         break;
 163:source\bsw\tft/tft.c ****     }
 164:source\bsw\tft/tft.c **** 
 165:source\bsw\tft/tft.c ****     MODULE_SPI(WriteTxData)(p_next_frame->payload);    
 166:source\bsw\tft/tft.c **** }
 167:source\bsw\tft/tft.c **** 
 168:source\bsw\tft/tft.c **** RC_t TFT_send(TFT_payload_t type, uint8_t payload){
 169:source\bsw\tft/tft.c **** 
 170:source\bsw\tft/tft.c ****     //check if buffer is full
 171:source\bsw\tft/tft.c ****     if(TFT_RB_out.fill>=CFG_TFT_RB_OUT_SZ){
 172:source\bsw\tft/tft.c ****         //TODO: fire event or DET STOP
 173:source\bsw\tft/tft.c ****         LOG_E(TAG,"Buffer overflow");
 174:source\bsw\tft/tft.c ****         return RC_ERROR_BUFFER_FULL;
 175:source\bsw\tft/tft.c ****     }
 176:source\bsw\tft/tft.c ****     
 177:source\bsw\tft/tft.c ****     //add frame to buffer
 178:source\bsw\tft/tft.c ****     TFT_RB_out.buffer[TFT_RB_out.write++]=(TFT_data_t){type,payload};
 179:source\bsw\tft/tft.c **** 
 180:source\bsw\tft/tft.c ****     //adjust write index and fill level
 181:source\bsw\tft/tft.c ****     TFT_RB_out.write%=CFG_TFT_RB_OUT_SZ;
 182:source\bsw\tft/tft.c ****     TFT_RB_out.fill++;
 183:source\bsw\tft/tft.c ****     
 184:source\bsw\tft/tft.c ****     //check if this is the only entry in the ringbuffer and trigger the ISR
 185:source\bsw\tft/tft.c ****     if(TFT_RB_out.fill==1)
 186:source\bsw\tft/tft.c ****         __TFT_SPI_TX_ISR();
 187:source\bsw\tft/tft.c **** 
 188:source\bsw\tft/tft.c ****     return RC_SUCCESS;
 189:source\bsw\tft/tft.c **** }
 190:source\bsw\tft/tft.c **** 
 191:source\bsw\tft/tft.c **** 
 192:source\bsw\tft/tft.c **** //----------------- CTRL
 193:source\bsw\tft/tft.c **** void TFT_init(){
 194:source\bsw\tft/tft.c ****     
 195:source\bsw\tft/tft.c ****     //init local vars
 196:source\bsw\tft/tft.c ****     _width    = CFG_TFT_WIDTH;
 197:source\bsw\tft/tft.c ****     _height   = CFG_TFT_HEIGHT;
 198:source\bsw\tft/tft.c ****     rotation=0;
 199:source\bsw\tft/tft.c ****     cursor_x=0;
 200:source\bsw\tft/tft.c ****     cursor_y=0;
 201:source\bsw\tft/tft.c ****     textsize=1;
 202:source\bsw\tft/tft.c ****     color=CFG_TFT_COLOR_TEXT;
ARM GAS  C:\Users\91819\AppData\Local\Temp\ccy28JmR.s 			page 5


 203:source\bsw\tft/tft.c ****     bgcolor=CFG_TFT_COLOR_TEXTBG;
 204:source\bsw\tft/tft.c ****     wrap=TRUE;
 205:source\bsw\tft/tft.c ****     gfxFont=NULL;
 206:source\bsw\tft/tft.c ****     ystart = xstart = colstart  = rowstart = 0;
 207:source\bsw\tft/tft.c ****     
 208:source\bsw\tft/tft.c ****     //init ringbuffer
 209:source\bsw\tft/tft.c ****     TFT_RB_out.read=0;
 210:source\bsw\tft/tft.c ****     TFT_RB_out.write=0;
 211:source\bsw\tft/tft.c ****     TFT_RB_out.fill=0;
 212:source\bsw\tft/tft.c ****     
 213:source\bsw\tft/tft.c ****     //Start SPI Interface
 214:source\bsw\tft/tft.c ****     MODULE_SPI(Start)();
 215:source\bsw\tft/tft.c ****     
 216:source\bsw\tft/tft.c ****     //Perform Hardware reset
 217:source\bsw\tft/tft.c ****     TFT_RES_HIGH;
 218:source\bsw\tft/tft.c ****     CFG_TFT_DELAY_MS(100);
 219:source\bsw\tft/tft.c ****     TFT_RES_LOW;
 220:source\bsw\tft/tft.c **** 	CFG_TFT_DELAY_MS(100);
 221:source\bsw\tft/tft.c **** 	TFT_RES_HIGH;
 222:source\bsw\tft/tft.c **** 	CFG_TFT_DELAY_MS(20);
 223:source\bsw\tft/tft.c ****     
 224:source\bsw\tft/tft.c ****     //Software reset
 225:source\bsw\tft/tft.c ****     TFT_write_cmd(ST7735_SWRESET);
 226:source\bsw\tft/tft.c ****     CFG_TFT_DELAY_MS(50);
 227:source\bsw\tft/tft.c ****     
 228:source\bsw\tft/tft.c ****     //sleep out
 229:source\bsw\tft/tft.c ****     TFT_write_cmd(ST7735_SLPOUT);    //Sleep out
 230:source\bsw\tft/tft.c **** 	CFG_TFT_DELAY_MS(120);              //Delay 120ms
 231:source\bsw\tft/tft.c ****     
 232:source\bsw\tft/tft.c ****     //send init commands
 233:source\bsw\tft/tft.c ****     uint8_t* addr=(uint8_t*)SST35S_init_seq;    
 234:source\bsw\tft/tft.c ****     uint8_t  numCommands, numArgs;
 235:source\bsw\tft/tft.c ****     numCommands = *(addr++);        // Number of commands to follow
 236:source\bsw\tft/tft.c ****     while(numCommands--) {          // For each command...
 237:source\bsw\tft/tft.c ****         TFT_write_cmd(*(addr++));    // Read, issue command
 238:source\bsw\tft/tft.c ****         numArgs  = *(addr++);       // Number of args to follow
 239:source\bsw\tft/tft.c ****         while(numArgs--) {          // For each argument...
 240:source\bsw\tft/tft.c ****           TFT_write_data(*(addr++));     // Read, issue argument
 241:source\bsw\tft/tft.c ****         }
 242:source\bsw\tft/tft.c ****     }
 243:source\bsw\tft/tft.c ****     
 244:source\bsw\tft/tft.c ****     //set roation
 245:source\bsw\tft/tft.c ****     TFT_setRotation(CFG_TFT_ORIENTATION);
 246:source\bsw\tft/tft.c ****     
 247:source\bsw\tft/tft.c ****     //init RAM
 248:source\bsw\tft/tft.c ****     TFT_fillScreen(BLACK);
 249:source\bsw\tft/tft.c ****     
 250:source\bsw\tft/tft.c ****     //activate backlight
 251:source\bsw\tft/tft.c ****     MODULE_PWM(Start)();
 252:source\bsw\tft/tft.c ****     MODULE_PWM(WriteCompare)(CFG_TFT_BACKLIGHT);
 253:source\bsw\tft/tft.c **** }
 254:source\bsw\tft/tft.c **** 
 255:source\bsw\tft/tft.c **** void TFT_setBacklight(uint8_t b){
 256:source\bsw\tft/tft.c ****     if(b>100)
 257:source\bsw\tft/tft.c ****         b=100;
 258:source\bsw\tft/tft.c ****     MODULE_PWM(WriteCompare)(b);
 259:source\bsw\tft/tft.c **** }
ARM GAS  C:\Users\91819\AppData\Local\Temp\ccy28JmR.s 			page 6


 260:source\bsw\tft/tft.c **** 
 261:source\bsw\tft/tft.c **** uint8_t TFT_getBacklight(){
 262:source\bsw\tft/tft.c ****     return MODULE_PWM(ReadCompare)();
 263:source\bsw\tft/tft.c **** };
 264:source\bsw\tft/tft.c **** 
 265:source\bsw\tft/tft.c **** void setAddrWindow(uint8_t x0, uint8_t y0, uint8_t x1, uint8_t y1) {
 266:source\bsw\tft/tft.c **** 
 267:source\bsw\tft/tft.c ****     TFT_write_cmd(ST7735_CASET);   // Column addr set
 268:source\bsw\tft/tft.c ****     TFT_write_data(0x00);
 269:source\bsw\tft/tft.c ****     TFT_write_data(x0+xstart);         // XSTART 
 270:source\bsw\tft/tft.c ****     TFT_write_data(0x00);
 271:source\bsw\tft/tft.c ****     TFT_write_data(x1+xstart);         // XEND
 272:source\bsw\tft/tft.c **** 
 273:source\bsw\tft/tft.c ****     TFT_write_cmd(ST7735_RASET);   // Row addr set
 274:source\bsw\tft/tft.c ****     TFT_write_data(0x00);
 275:source\bsw\tft/tft.c ****     TFT_write_data(y0+ystart);         // YSTART
 276:source\bsw\tft/tft.c ****     TFT_write_data(0x00);
 277:source\bsw\tft/tft.c ****     TFT_write_data(y1+ystart);         // YEND
 278:source\bsw\tft/tft.c **** 
 279:source\bsw\tft/tft.c ****     TFT_write_cmd(ST7735_RAMWR);   // write to RAM
 280:source\bsw\tft/tft.c **** }
 281:source\bsw\tft/tft.c **** 
 282:source\bsw\tft/tft.c **** void TFT_setRotation(TFT_rotation_t m) {
 283:source\bsw\tft/tft.c **** 
 284:source\bsw\tft/tft.c ****     //Memory data access control entry
 285:source\bsw\tft/tft.c ****     TFT_write_cmd(ST7735_MADCTL);
 286:source\bsw\tft/tft.c ****     rotation = m % 4; // can't be higher than 3
 287:source\bsw\tft/tft.c ****     switch (rotation) {
 288:source\bsw\tft/tft.c ****         case 0:
 289:source\bsw\tft/tft.c ****             TFT_write_data(ST7735_MADCTL_MX | ST7735_MADCTL_MY | ST7735_MADCTL_RGB);
 290:source\bsw\tft/tft.c ****             _height = CFG_TFT_HEIGHT;
 291:source\bsw\tft/tft.c ****             _width  = CFG_TFT_WIDTH;
 292:source\bsw\tft/tft.c ****             xstart = colstart;
 293:source\bsw\tft/tft.c ****             ystart = rowstart;
 294:source\bsw\tft/tft.c ****             break;
 295:source\bsw\tft/tft.c ****         case 1:
 296:source\bsw\tft/tft.c ****             TFT_write_data(ST7735_MADCTL_MY | ST7735_MADCTL_MV | ST7735_MADCTL_RGB);
 297:source\bsw\tft/tft.c ****             _width = CFG_TFT_HEIGHT;
 298:source\bsw\tft/tft.c ****             _height = CFG_TFT_WIDTH;
 299:source\bsw\tft/tft.c ****             ystart = colstart;
 300:source\bsw\tft/tft.c ****             xstart = rowstart;
 301:source\bsw\tft/tft.c ****             break;
 302:source\bsw\tft/tft.c ****         case 2:
 303:source\bsw\tft/tft.c ****             TFT_write_data(ST7735_MADCTL_BGR);
 304:source\bsw\tft/tft.c ****             _height = CFG_TFT_HEIGHT;
 305:source\bsw\tft/tft.c ****             _width  = CFG_TFT_WIDTH;
 306:source\bsw\tft/tft.c ****             xstart = colstart;
 307:source\bsw\tft/tft.c ****             ystart = rowstart;
 308:source\bsw\tft/tft.c ****             break;
 309:source\bsw\tft/tft.c ****         case 3:
 310:source\bsw\tft/tft.c ****             TFT_write_data(ST7735_MADCTL_MX | ST7735_MADCTL_MV | ST7735_MADCTL_RGB);
 311:source\bsw\tft/tft.c ****             _width = CFG_TFT_HEIGHT;
 312:source\bsw\tft/tft.c ****             _height = CFG_TFT_WIDTH;
 313:source\bsw\tft/tft.c ****             ystart = colstart;
 314:source\bsw\tft/tft.c ****             xstart = rowstart;
 315:source\bsw\tft/tft.c ****             break;
 316:source\bsw\tft/tft.c ****     }
ARM GAS  C:\Users\91819\AppData\Local\Temp\ccy28JmR.s 			page 7


 317:source\bsw\tft/tft.c **** }
 318:source\bsw\tft/tft.c **** 
 319:source\bsw\tft/tft.c **** //----------------- USR CTRL
 320:source\bsw\tft/tft.c **** 
 321:source\bsw\tft/tft.c **** void TFT_setCursor(int16_t x, int16_t y) {
 322:source\bsw\tft/tft.c ****     cursor_x = x;
 323:source\bsw\tft/tft.c ****     cursor_y = y;
 324:source\bsw\tft/tft.c **** }
 325:source\bsw\tft/tft.c **** 
 326:source\bsw\tft/tft.c **** void TFT_setTextColor(uint16_t c){
 327:source\bsw\tft/tft.c ****     color   = c;
 328:source\bsw\tft/tft.c **** }
 329:source\bsw\tft/tft.c **** 
 330:source\bsw\tft/tft.c **** void TFT_setcolor(uint16_t c) {
 331:source\bsw\tft/tft.c ****     // For 'transparent' background, we'll set the bg
 332:source\bsw\tft/tft.c ****     // to the same as fg instead of using a flag
 333:source\bsw\tft/tft.c ****     color = bgcolor = c;
 334:source\bsw\tft/tft.c **** }
 335:source\bsw\tft/tft.c **** 
 336:source\bsw\tft/tft.c **** void TFT_setColors(uint16_t c, uint16_t b) {
 337:source\bsw\tft/tft.c ****     color   = c;
 338:source\bsw\tft/tft.c ****     bgcolor = b;
 339:source\bsw\tft/tft.c **** }
 340:source\bsw\tft/tft.c **** 
 341:source\bsw\tft/tft.c **** 
 342:source\bsw\tft/tft.c **** TFT_color_t TFT_getFGcolor(void){return color;};
 343:source\bsw\tft/tft.c **** 
 344:source\bsw\tft/tft.c **** TFT_color_t TFT_getBGcolor(void){return bgcolor;};
 345:source\bsw\tft/tft.c **** 
 346:source\bsw\tft/tft.c **** 
 347:source\bsw\tft/tft.c **** void TFT_setTextWrap(boolean_t w) {
 348:source\bsw\tft/tft.c ****     wrap = w;
 349:source\bsw\tft/tft.c **** }
 350:source\bsw\tft/tft.c **** 
 351:source\bsw\tft/tft.c **** void TFT_setTextSize(uint8_t s) {
 352:source\bsw\tft/tft.c ****     textsize = (s > 0) ? s : 1;
 353:source\bsw\tft/tft.c **** }
 354:source\bsw\tft/tft.c **** 
 355:source\bsw\tft/tft.c **** void TFT_setFont(const GFXfont *f) {
 356:source\bsw\tft/tft.c ****     if(f) {            // Font struct pointer passed in?
 357:source\bsw\tft/tft.c ****         if(!gfxFont) { // And no current font struct?
 358:source\bsw\tft/tft.c ****             // Switching from classic to new font behavior.
 359:source\bsw\tft/tft.c ****             // Move cursor pos down 6 pixels so it's on baseline.
 360:source\bsw\tft/tft.c ****             cursor_y += 6;
 361:source\bsw\tft/tft.c ****         }
 362:source\bsw\tft/tft.c ****     } else if(gfxFont) { // NULL passed.  Current font struct defined?
 363:source\bsw\tft/tft.c ****         // Switching from new to classic font behavior.
 364:source\bsw\tft/tft.c ****         // Move cursor pos up 6 pixels so it's at top-left of char.
 365:source\bsw\tft/tft.c ****         cursor_y -= 6;
 366:source\bsw\tft/tft.c ****     }
 367:source\bsw\tft/tft.c ****     gfxFont = (GFXfont *)f;
 368:source\bsw\tft/tft.c **** }
 369:source\bsw\tft/tft.c **** 
 370:source\bsw\tft/tft.c **** // Pass string and a cursor position, returns UL corner and W,H.
 371:source\bsw\tft/tft.c **** void TFT_getTextBounds(char *str, int16_t x, int16_t y, int16_t *x1, int16_t *y1, uint16_t *w, uint
 372:source\bsw\tft/tft.c ****     uint8_t c; // Current character
 373:source\bsw\tft/tft.c **** 
ARM GAS  C:\Users\91819\AppData\Local\Temp\ccy28JmR.s 			page 8


 374:source\bsw\tft/tft.c ****     *x1 = x;
 375:source\bsw\tft/tft.c ****     *y1 = y;
 376:source\bsw\tft/tft.c ****     *w  = *h = 0;
 377:source\bsw\tft/tft.c **** 
 378:source\bsw\tft/tft.c ****     int16_t minx = _width, miny = _height, maxx = -1, maxy = -1;
 379:source\bsw\tft/tft.c **** 
 380:source\bsw\tft/tft.c ****     while((c = *str++))
 381:source\bsw\tft/tft.c ****         charBounds(c, &x, &y, &minx, &miny, &maxx, &maxy);
 382:source\bsw\tft/tft.c **** 
 383:source\bsw\tft/tft.c ****     if(maxx >= minx) {
 384:source\bsw\tft/tft.c ****         *x1 = minx;
 385:source\bsw\tft/tft.c ****         *w  = maxx - minx + 1;
 386:source\bsw\tft/tft.c ****     }
 387:source\bsw\tft/tft.c ****     if(maxy >= miny) {
 388:source\bsw\tft/tft.c ****         *y1 = miny;
 389:source\bsw\tft/tft.c ****         *h  = maxy - miny + 1;
 390:source\bsw\tft/tft.c ****     }
 391:source\bsw\tft/tft.c **** }
 392:source\bsw\tft/tft.c **** 
 393:source\bsw\tft/tft.c **** void charBounds(char c, int16_t *x, int16_t *y,  int16_t *minx, int16_t *miny, int16_t *maxx, int16
  27              		.loc 1 393 0
  28              		.cfi_startproc
  29              		@ args = 12, pretend = 0, frame = 0
  30              		@ frame_needed = 0, uses_anonymous_args = 0
  31              	.LVL0:
  32 0000 2DE9F047 		push	{r4, r5, r6, r7, r8, r9, r10, lr}
  33              		.cfi_def_cfa_offset 32
  34              		.cfi_offset 4, -32
  35              		.cfi_offset 5, -28
  36              		.cfi_offset 6, -24
  37              		.cfi_offset 7, -20
  38              		.cfi_offset 8, -16
  39              		.cfi_offset 9, -12
  40              		.cfi_offset 10, -8
  41              		.cfi_offset 14, -4
 394:source\bsw\tft/tft.c **** 
 395:source\bsw\tft/tft.c ****     if(gfxFont) {
  42              		.loc 1 395 0
  43 0004 6C4C     		ldr	r4, .L17
  44 0006 2468     		ldr	r4, [r4]
  45 0008 002C     		cmp	r4, #0
  46 000a 7DD0     		beq	.L2
 396:source\bsw\tft/tft.c **** 
 397:source\bsw\tft/tft.c ****         if(c == '\n') { // Newline?
  47              		.loc 1 397 0
  48 000c 0A28     		cmp	r0, #10
  49 000e 0AD1     		bne	.L3
 398:source\bsw\tft/tft.c ****             *x  = 0;    // Reset x to zero, advance y by one line
  50              		.loc 1 398 0
  51 0010 0023     		movs	r3, #0
  52              	.LVL1:
  53 0012 0B80     		strh	r3, [r1]	@ movhi
 399:source\bsw\tft/tft.c ****             *y += textsize * (uint8_t)pgm_read_byte(&gfxFont->yAdvance);
  54              		.loc 1 399 0
  55 0014 A17A     		ldrb	r1, [r4, #10]	@ zero_extendqisi2
  56              	.LVL2:
  57 0016 684B     		ldr	r3, .L17
ARM GAS  C:\Users\91819\AppData\Local\Temp\ccy28JmR.s 			page 9


  58 0018 1879     		ldrb	r0, [r3, #4]	@ zero_extendqisi2
  59              	.LVL3:
  60 001a 1388     		ldrh	r3, [r2]
  61 001c 00FB0133 		mla	r3, r0, r1, r3
  62 0020 1380     		strh	r3, [r2]	@ movhi
  63 0022 BDE8F087 		pop	{r4, r5, r6, r7, r8, r9, r10, pc}
  64              	.LVL4:
  65              	.L3:
 400:source\bsw\tft/tft.c ****         } else if(c != '\r') { // Not a carriage return; is normal char
  66              		.loc 1 400 0
  67 0026 0D28     		cmp	r0, #13
  68 0028 00F0C380 		beq	.L1
  69              	.LBB2:
 401:source\bsw\tft/tft.c ****             uint8_t first = pgm_read_byte(&gfxFont->first),
  70              		.loc 1 401 0
  71 002c 257A     		ldrb	r5, [r4, #8]	@ zero_extendqisi2
  72              	.LVL5:
 402:source\bsw\tft/tft.c ****                     last  = pgm_read_byte(&gfxFont->last);
  73              		.loc 1 402 0
  74 002e 667A     		ldrb	r6, [r4, #9]	@ zero_extendqisi2
  75              	.LVL6:
 403:source\bsw\tft/tft.c ****             if((c >= first) && (c <= last)) { // Char present in this font?
  76              		.loc 1 403 0
  77 0030 A842     		cmp	r0, r5
  78 0032 C0F0BE80 		bcc	.L1
  79              		.loc 1 403 0 is_stmt 0 discriminator 1
  80 0036 B042     		cmp	r0, r6
  81 0038 00F2BB80 		bhi	.L1
  82              	.LBB3:
 404:source\bsw\tft/tft.c ****                 GFXglyph *glyph = &(((GFXglyph *)pgm_read_pointer(
 405:source\bsw\tft/tft.c ****                   &gfxFont->glyph))[c - first]);
  83              		.loc 1 405 0 is_stmt 1
  84 003c 401B     		subs	r0, r0, r5
  85              	.LVL7:
  86 003e 6568     		ldr	r5, [r4, #4]
  87              	.LVL8:
  88 0040 05EBC000 		add	r0, r5, r0, lsl #3
  89              	.LVL9:
 406:source\bsw\tft/tft.c ****                 uint8_t gw = pgm_read_byte(&glyph->width),
  90              		.loc 1 406 0
  91 0044 8578     		ldrb	r5, [r0, #2]	@ zero_extendqisi2
  92              	.LVL10:
 407:source\bsw\tft/tft.c ****                         gh = pgm_read_byte(&glyph->height),
  93              		.loc 1 407 0
  94 0046 C678     		ldrb	r6, [r0, #3]	@ zero_extendqisi2
  95              	.LVL11:
 408:source\bsw\tft/tft.c ****                         xa = pgm_read_byte(&glyph->xAdvance);
  96              		.loc 1 408 0
  97 0048 90F804E0 		ldrb	lr, [r0, #4]	@ zero_extendqisi2
  98              	.LVL12:
 409:source\bsw\tft/tft.c ****                 int8_t  xo = pgm_read_byte(&glyph->xOffset),
  99              		.loc 1 409 0
 100 004c 90F90570 		ldrsb	r7, [r0, #5]
 101              	.LVL13:
 410:source\bsw\tft/tft.c ****                         yo = pgm_read_byte(&glyph->yOffset);
 102              		.loc 1 410 0
 103 0050 90F90600 		ldrsb	r0, [r0, #6]
ARM GAS  C:\Users\91819\AppData\Local\Temp\ccy28JmR.s 			page 10


 104              	.LVL14:
 411:source\bsw\tft/tft.c ****                 if(wrap && ((*x+(((int16_t)xo+gw)*textsize)) > _width)) {
 105              		.loc 1 411 0
 106 0054 DFF860C1 		ldr	ip, .L17
 107 0058 9CF805C0 		ldrb	ip, [ip, #5]	@ zero_extendqisi2
 108 005c BCF1000F 		cmp	ip, #0
 109 0060 18D0     		beq	.L5
 110              		.loc 1 411 0 is_stmt 0 discriminator 1
 111 0062 B1F900A0 		ldrsh	r10, [r1]
 112 0066 07EB050C 		add	ip, r7, r5
 113 006a DFF84C81 		ldr	r8, .L17
 114 006e 98F80490 		ldrb	r9, [r8, #4]	@ zero_extendqisi2
 115 0072 0CFB09AC 		mla	ip, ip, r9, r10
 116 0076 B8F90680 		ldrsh	r8, [r8, #6]
 117 007a C445     		cmp	ip, r8
 118 007c 0ADD     		ble	.L5
 412:source\bsw\tft/tft.c ****                     *x  = 0; // Reset x to zero, advance y by one line
 119              		.loc 1 412 0 is_stmt 1
 120 007e 4FF0000C 		mov	ip, #0
 121 0082 A1F800C0 		strh	ip, [r1]	@ movhi
 122              	.LVL15:
 413:source\bsw\tft/tft.c ****                     *y += textsize * (uint8_t)pgm_read_byte(&gfxFont->yAdvance);
 123              		.loc 1 413 0
 124 0086 A47A     		ldrb	r4, [r4, #10]	@ zero_extendqisi2
 125 0088 B2F800C0 		ldrh	ip, [r2]
 126 008c 09FB04C9 		mla	r9, r9, r4, ip
 127 0090 A2F80090 		strh	r9, [r2]	@ movhi
 128              	.L5:
 129              	.LVL16:
 414:source\bsw\tft/tft.c ****                 }
 415:source\bsw\tft/tft.c ****                 int16_t ts = (int16_t)textsize,
 416:source\bsw\tft/tft.c ****                         x1 = *x + xo * ts,
 130              		.loc 1 416 0
 131 0094 B1F900C0 		ldrsh	ip, [r1]
 132 0098 474C     		ldr	r4, .L17
 133 009a 2479     		ldrb	r4, [r4, #4]	@ zero_extendqisi2
 134 009c 07FB04C7 		mla	r7, r7, r4, ip
 135              	.LVL17:
 136 00a0 BFB2     		uxth	r7, r7
 137 00a2 0FFA87FC 		sxth	ip, r7
 138              	.LVL18:
 417:source\bsw\tft/tft.c ****                         y1 = *y + yo * ts,
 139              		.loc 1 417 0
 140 00a6 B2F90020 		ldrsh	r2, [r2]
 141              	.LVL19:
 142 00aa 00FB0420 		mla	r0, r0, r4, r2
 143              	.LVL20:
 144 00ae 80B2     		uxth	r0, r0
 145 00b0 0FFA80F8 		sxth	r8, r0
 146              	.LVL21:
 418:source\bsw\tft/tft.c ****                         x2 = x1 + gw * ts - 1,
 147              		.loc 1 418 0
 148 00b4 05FB0472 		mla	r2, r5, r4, r7
 149 00b8 013A     		subs	r2, r2, #1
 150 00ba 12B2     		sxth	r2, r2
 151              	.LVL22:
 419:source\bsw\tft/tft.c ****                         y2 = y1 + gh * ts - 1;
ARM GAS  C:\Users\91819\AppData\Local\Temp\ccy28JmR.s 			page 11


 152              		.loc 1 419 0
 153 00bc 06FB0400 		mla	r0, r6, r4, r0
 154 00c0 0138     		subs	r0, r0, #1
 155 00c2 00B2     		sxth	r0, r0
 156              	.LVL23:
 420:source\bsw\tft/tft.c ****                 if(x1 < *minx) *minx = x1;
 157              		.loc 1 420 0
 158 00c4 B3F90050 		ldrsh	r5, [r3]
 159              	.LVL24:
 160 00c8 AC45     		cmp	ip, r5
 161 00ca 01DA     		bge	.L6
 162              		.loc 1 420 0 is_stmt 0 discriminator 1
 163 00cc A3F800C0 		strh	ip, [r3]	@ movhi
 164              	.L6:
 421:source\bsw\tft/tft.c ****                 if(y1 < *miny) *miny = y1;
 165              		.loc 1 421 0 is_stmt 1
 166 00d0 089B     		ldr	r3, [sp, #32]
 167              	.LVL25:
 168 00d2 B3F90030 		ldrsh	r3, [r3]
 169 00d6 9845     		cmp	r8, r3
 170 00d8 02DA     		bge	.L7
 171              		.loc 1 421 0 is_stmt 0 discriminator 1
 172 00da 089B     		ldr	r3, [sp, #32]
 173 00dc A3F80080 		strh	r8, [r3]	@ movhi
 174              	.L7:
 422:source\bsw\tft/tft.c ****                 if(x2 > *maxx) *maxx = x2;
 175              		.loc 1 422 0 is_stmt 1
 176 00e0 099B     		ldr	r3, [sp, #36]
 177 00e2 B3F90030 		ldrsh	r3, [r3]
 178 00e6 9A42     		cmp	r2, r3
 179 00e8 01DD     		ble	.L8
 180              		.loc 1 422 0 is_stmt 0 discriminator 1
 181 00ea 099B     		ldr	r3, [sp, #36]
 182 00ec 1A80     		strh	r2, [r3]	@ movhi
 183              	.L8:
 423:source\bsw\tft/tft.c ****                 if(y2 > *maxy) *maxy = y2;
 184              		.loc 1 423 0 is_stmt 1
 185 00ee 0A9B     		ldr	r3, [sp, #40]
 186 00f0 B3F90030 		ldrsh	r3, [r3]
 187 00f4 9842     		cmp	r0, r3
 188 00f6 01DD     		ble	.L9
 189              		.loc 1 423 0 is_stmt 0 discriminator 1
 190 00f8 0A9B     		ldr	r3, [sp, #40]
 191 00fa 1880     		strh	r0, [r3]	@ movhi
 192              	.L9:
 424:source\bsw\tft/tft.c ****                 *x += xa * ts;
 193              		.loc 1 424 0 is_stmt 1
 194 00fc 0B88     		ldrh	r3, [r1]
 195 00fe 0EFB0434 		mla	r4, lr, r4, r3
 196 0102 0C80     		strh	r4, [r1]	@ movhi
 197 0104 BDE8F087 		pop	{r4, r5, r6, r7, r8, r9, r10, pc}
 198              	.LVL26:
 199              	.L2:
 200              	.LBE3:
 201              	.LBE2:
 425:source\bsw\tft/tft.c ****             }
 426:source\bsw\tft/tft.c ****         }
ARM GAS  C:\Users\91819\AppData\Local\Temp\ccy28JmR.s 			page 12


 427:source\bsw\tft/tft.c **** 
 428:source\bsw\tft/tft.c ****     } else { // Default font
 429:source\bsw\tft/tft.c **** 
 430:source\bsw\tft/tft.c ****         if(c == '\n') {                     // Newline?
 202              		.loc 1 430 0
 203 0108 0A28     		cmp	r0, #10
 204 010a 09D1     		bne	.L10
 431:source\bsw\tft/tft.c ****             *x  = 0;                        // Reset x to zero,
 205              		.loc 1 431 0
 206 010c 0023     		movs	r3, #0
 207              	.LVL27:
 208 010e 0B80     		strh	r3, [r1]	@ movhi
 432:source\bsw\tft/tft.c ****             *y += textsize * 8;             // advance y one line
 209              		.loc 1 432 0
 210 0110 294B     		ldr	r3, .L17
 211 0112 1979     		ldrb	r1, [r3, #4]	@ zero_extendqisi2
 212              	.LVL28:
 213 0114 1388     		ldrh	r3, [r2]
 214 0116 03EBC103 		add	r3, r3, r1, lsl #3
 215 011a 1380     		strh	r3, [r2]	@ movhi
 216 011c BDE8F087 		pop	{r4, r5, r6, r7, r8, r9, r10, pc}
 217              	.LVL29:
 218              	.L10:
 433:source\bsw\tft/tft.c ****             // min/max x/y unchaged -- that waits for next 'normal' character
 434:source\bsw\tft/tft.c ****         } else if(c != '\r') {  // Normal char; ignore carriage returns
 219              		.loc 1 434 0
 220 0120 0D28     		cmp	r0, #13
 221 0122 46D0     		beq	.L1
 222              	.LBB4:
 435:source\bsw\tft/tft.c ****             if(wrap && ((*x + textsize * 6) > _width)) { // Off right?
 223              		.loc 1 435 0
 224 0124 2448     		ldr	r0, .L17
 225              	.LVL30:
 226 0126 4079     		ldrb	r0, [r0, #5]	@ zero_extendqisi2
 227 0128 88B1     		cbz	r0, .L11
 228              		.loc 1 435 0 is_stmt 0 discriminator 1
 229 012a B1F90070 		ldrsh	r7, [r1]
 230 012e 224D     		ldr	r5, .L17
 231 0130 2C79     		ldrb	r4, [r5, #4]	@ zero_extendqisi2
 232 0132 04EB4406 		add	r6, r4, r4, lsl #1
 233 0136 7000     		lsls	r0, r6, #1
 234 0138 3844     		add	r0, r0, r7
 235 013a B5F90650 		ldrsh	r5, [r5, #6]
 236 013e A842     		cmp	r0, r5
 237 0140 05DD     		ble	.L11
 436:source\bsw\tft/tft.c ****                 *x  = 0;                    // Reset x to zero,
 238              		.loc 1 436 0 is_stmt 1
 239 0142 0020     		movs	r0, #0
 240 0144 0880     		strh	r0, [r1]	@ movhi
 437:source\bsw\tft/tft.c ****                 *y += textsize * 8;         // advance y one line
 241              		.loc 1 437 0
 242 0146 1088     		ldrh	r0, [r2]
 243 0148 00EBC404 		add	r4, r0, r4, lsl #3
 244 014c 1480     		strh	r4, [r2]	@ movhi
 245              	.L11:
 438:source\bsw\tft/tft.c ****             }
 439:source\bsw\tft/tft.c ****             int x2 = *x + textsize * 6 - 1, // Lower-right pixel of char
ARM GAS  C:\Users\91819\AppData\Local\Temp\ccy28JmR.s 			page 13


 246              		.loc 1 439 0
 247 014e B1F90060 		ldrsh	r6, [r1]
 248 0152 1948     		ldr	r0, .L17
 249 0154 0079     		ldrb	r0, [r0, #4]	@ zero_extendqisi2
 250 0156 00EB4005 		add	r5, r0, r0, lsl #1
 251 015a 6C00     		lsls	r4, r5, #1
 252 015c 3444     		add	r4, r4, r6
 253 015e 013C     		subs	r4, r4, #1
 254              	.LVL31:
 440:source\bsw\tft/tft.c ****                 y2 = *y + textsize * 8 - 1;
 255              		.loc 1 440 0
 256 0160 B2F90050 		ldrsh	r5, [r2]
 257 0164 05EBC005 		add	r5, r5, r0, lsl #3
 258 0168 013D     		subs	r5, r5, #1
 259              	.LVL32:
 441:source\bsw\tft/tft.c ****             if(x2 > *maxx) *maxx = x2;      // Track max x, y
 260              		.loc 1 441 0
 261 016a 099E     		ldr	r6, [sp, #36]
 262 016c B6F90060 		ldrsh	r6, [r6]
 263 0170 B442     		cmp	r4, r6
 264 0172 01DD     		ble	.L12
 265              		.loc 1 441 0 is_stmt 0 discriminator 1
 266 0174 099E     		ldr	r6, [sp, #36]
 267 0176 3480     		strh	r4, [r6]	@ movhi
 268              	.L12:
 442:source\bsw\tft/tft.c ****             if(y2 > *maxy) *maxy = y2;
 269              		.loc 1 442 0 is_stmt 1
 270 0178 0A9C     		ldr	r4, [sp, #40]
 271              	.LVL33:
 272 017a B4F90040 		ldrsh	r4, [r4]
 273 017e A542     		cmp	r5, r4
 274 0180 01DD     		ble	.L13
 275              		.loc 1 442 0 is_stmt 0 discriminator 1
 276 0182 0A9C     		ldr	r4, [sp, #40]
 277 0184 2580     		strh	r5, [r4]	@ movhi
 278              	.L13:
 443:source\bsw\tft/tft.c ****             if(*x < *minx) *minx = *x;      // Track min x, y
 279              		.loc 1 443 0 is_stmt 1
 280 0186 B1F90040 		ldrsh	r4, [r1]
 281 018a B3F90050 		ldrsh	r5, [r3]
 282              	.LVL34:
 283 018e AC42     		cmp	r4, r5
 284 0190 00DA     		bge	.L14
 285              		.loc 1 443 0 is_stmt 0 discriminator 1
 286 0192 1C80     		strh	r4, [r3]	@ movhi
 287              	.L14:
 444:source\bsw\tft/tft.c ****             if(*y < *miny) *miny = *y;
 288              		.loc 1 444 0 is_stmt 1
 289 0194 B2F90030 		ldrsh	r3, [r2]
 290              	.LVL35:
 291 0198 089A     		ldr	r2, [sp, #32]
 292              	.LVL36:
 293 019a B2F90020 		ldrsh	r2, [r2]
 294 019e 9342     		cmp	r3, r2
 295 01a0 01DA     		bge	.L15
 296              		.loc 1 444 0 is_stmt 0 discriminator 1
 297 01a2 089A     		ldr	r2, [sp, #32]
ARM GAS  C:\Users\91819\AppData\Local\Temp\ccy28JmR.s 			page 14


 298 01a4 1380     		strh	r3, [r2]	@ movhi
 299              	.L15:
 445:source\bsw\tft/tft.c ****             *x += textsize * 6;             // Advance x one char
 300              		.loc 1 445 0 is_stmt 1
 301 01a6 00EB4000 		add	r0, r0, r0, lsl #1
 302 01aa 4200     		lsls	r2, r0, #1
 303 01ac 0B88     		ldrh	r3, [r1]
 304 01ae 1344     		add	r3, r3, r2
 305 01b0 0B80     		strh	r3, [r1]	@ movhi
 306              	.L1:
 307 01b2 BDE8F087 		pop	{r4, r5, r6, r7, r8, r9, r10, pc}
 308              	.LVL37:
 309              	.L18:
 310 01b6 00BF     		.align	2
 311              	.L17:
 312 01b8 00000000 		.word	.LANCHOR0
 313              	.LBE4:
 314              		.cfi_endproc
 315              	.LFE18:
 316              		.size	charBounds, .-charBounds
 317              		.section	.text.__TFT_SPI_TX_ISR,"ax",%progbits
 318              		.align	2
 319              		.global	__TFT_SPI_TX_ISR
 320              		.thumb
 321              		.thumb_func
 322              		.type	__TFT_SPI_TX_ISR, %function
 323              	__TFT_SPI_TX_ISR:
 324              	.LFB1:
 139:source\bsw\tft/tft.c ****     
 325              		.loc 1 139 0
 326              		.cfi_startproc
 327              		@ args = 0, pretend = 0, frame = 0
 328              		@ frame_needed = 0, uses_anonymous_args = 0
 329 0000 38B5     		push	{r3, r4, r5, lr}
 330              		.cfi_def_cfa_offset 16
 331              		.cfi_offset 3, -16
 332              		.cfi_offset 4, -12
 333              		.cfi_offset 5, -8
 334              		.cfi_offset 14, -4
 142:source\bsw\tft/tft.c ****         return;
 335              		.loc 1 142 0
 336 0002 134B     		ldr	r3, .L25
 337 0004 9889     		ldrh	r0, [r3, #12]
 338 0006 08B3     		cbz	r0, .L19
 146:source\bsw\tft/tft.c ****     
 339              		.loc 1 146 0
 340 0008 1946     		mov	r1, r3
 341 000a 1C89     		ldrh	r4, [r3, #8]
 342 000c 631C     		adds	r3, r4, #1
 343 000e 9BB2     		uxth	r3, r3
 344              	.LVL38:
 149:source\bsw\tft/tft.c ****     TFT_RB_out.fill--;
 345              		.loc 1 149 0
 346 0010 104A     		ldr	r2, .L25+4
 347 0012 A2FB0352 		umull	r5, r2, r2, r3
 348 0016 5209     		lsrs	r2, r2, #5
 349 0018 6425     		movs	r5, #100
ARM GAS  C:\Users\91819\AppData\Local\Temp\ccy28JmR.s 			page 15


 350 001a 05FB1233 		mls	r3, r5, r2, r3
 351 001e 0B81     		strh	r3, [r1, #8]	@ movhi
 150:source\bsw\tft/tft.c ****     
 352              		.loc 1 150 0
 353 0020 0138     		subs	r0, r0, #1
 354 0022 8881     		strh	r0, [r1, #12]	@ movhi
 153:source\bsw\tft/tft.c ****         case TFT_CMD:
 355              		.loc 1 153 0
 356 0024 01EB4401 		add	r1, r1, r4, lsl #1
 357 0028 8B7B     		ldrb	r3, [r1, #14]	@ zero_extendqisi2
 358 002a 13B1     		cbz	r3, .L22
 359 002c 012B     		cmp	r3, #1
 360 002e 04D0     		beq	.L23
 361 0030 06E0     		b	.L21
 362              	.L22:
 363              	.LBB5:
 155:source\bsw\tft/tft.c ****             break;
 364              		.loc 1 155 0
 365 0032 0020     		movs	r0, #0
 366 0034 FFF7FEFF 		bl	TFT_DC_Write
 367              	.LVL39:
 156:source\bsw\tft/tft.c ****         
 368              		.loc 1 156 0
 369 0038 02E0     		b	.L21
 370              	.L23:
 159:source\bsw\tft/tft.c ****             break;
 371              		.loc 1 159 0
 372 003a 0120     		movs	r0, #1
 373 003c FFF7FEFF 		bl	TFT_DC_Write
 374              	.LVL40:
 375              	.L21:
 376              	.LBE5:
 165:source\bsw\tft/tft.c **** }
 377              		.loc 1 165 0
 378 0040 034B     		ldr	r3, .L25
 379 0042 03EB4404 		add	r4, r3, r4, lsl #1
 380              	.LVL41:
 381 0046 E07B     		ldrb	r0, [r4, #15]	@ zero_extendqisi2
 382 0048 FFF7FEFF 		bl	TFT_SPI_WriteTxData
 383              	.LVL42:
 384              	.L19:
 385 004c 38BD     		pop	{r3, r4, r5, pc}
 386              	.L26:
 387 004e 00BF     		.align	2
 388              	.L25:
 389 0050 00000000 		.word	.LANCHOR0
 390 0054 1F85EB51 		.word	1374389535
 391              		.cfi_endproc
 392              	.LFE1:
 393              		.size	__TFT_SPI_TX_ISR, .-__TFT_SPI_TX_ISR
 394              		.section	.text.TFT_send,"ax",%progbits
 395              		.align	2
 396              		.thumb
 397              		.thumb_func
 398              		.type	TFT_send, %function
 399              	TFT_send:
 400              	.LFB2:
ARM GAS  C:\Users\91819\AppData\Local\Temp\ccy28JmR.s 			page 16


 168:source\bsw\tft/tft.c **** 
 401              		.loc 1 168 0
 402              		.cfi_startproc
 403              		@ args = 0, pretend = 0, frame = 0
 404              		@ frame_needed = 0, uses_anonymous_args = 0
 405              	.LVL43:
 406 0000 38B5     		push	{r3, r4, r5, lr}
 407              		.cfi_def_cfa_offset 16
 408              		.cfi_offset 3, -16
 409              		.cfi_offset 4, -12
 410              		.cfi_offset 5, -8
 411              		.cfi_offset 14, -4
 171:source\bsw\tft/tft.c ****         //TODO: fire event or DET STOP
 412              		.loc 1 171 0
 413 0002 134B     		ldr	r3, .L32
 414 0004 9B89     		ldrh	r3, [r3, #12]
 415 0006 632B     		cmp	r3, #99
 416 0008 06D9     		bls	.L28
 417              	.LBB6:
 173:source\bsw\tft/tft.c ****         return RC_ERROR_BUFFER_FULL;
 418              		.loc 1 173 0
 419 000a 1249     		ldr	r1, .L32+4
 420              	.LVL44:
 421 000c 1248     		ldr	r0, .L32+8
 422              	.LVL45:
 423 000e FFF7FEFF 		bl	LOG_E
 424              	.LVL46:
 174:source\bsw\tft/tft.c ****     }
 425              		.loc 1 174 0
 426 0012 6FF00700 		mvn	r0, #7
 427 0016 38BD     		pop	{r3, r4, r5, pc}
 428              	.LVL47:
 429              	.L28:
 430              	.LBE6:
 178:source\bsw\tft/tft.c **** 
 431              		.loc 1 178 0
 432 0018 0D4D     		ldr	r5, .L32
 433 001a 6C89     		ldrh	r4, [r5, #10]
 434 001c 621C     		adds	r2, r4, #1
 435 001e 92B2     		uxth	r2, r2
 436 0020 05EB4404 		add	r4, r5, r4, lsl #1
 437 0024 A073     		strb	r0, [r4, #14]
 438 0026 E173     		strb	r1, [r4, #15]
 181:source\bsw\tft/tft.c ****     TFT_RB_out.fill++;
 439              		.loc 1 181 0
 440 0028 0C49     		ldr	r1, .L32+12
 441              	.LVL48:
 442 002a A1FB0201 		umull	r0, r1, r1, r2
 443              	.LVL49:
 444 002e 4909     		lsrs	r1, r1, #5
 445 0030 6420     		movs	r0, #100
 446 0032 00FB1122 		mls	r2, r0, r1, r2
 447 0036 6A81     		strh	r2, [r5, #10]	@ movhi
 182:source\bsw\tft/tft.c ****     
 448              		.loc 1 182 0
 449 0038 0133     		adds	r3, r3, #1
 450 003a 9BB2     		uxth	r3, r3
ARM GAS  C:\Users\91819\AppData\Local\Temp\ccy28JmR.s 			page 17


 451 003c AB81     		strh	r3, [r5, #12]	@ movhi
 185:source\bsw\tft/tft.c ****         __TFT_SPI_TX_ISR();
 452              		.loc 1 185 0
 453 003e 012B     		cmp	r3, #1
 454 0040 03D1     		bne	.L30
 186:source\bsw\tft/tft.c **** 
 455              		.loc 1 186 0
 456 0042 FFF7FEFF 		bl	__TFT_SPI_TX_ISR
 457              	.LVL50:
 188:source\bsw\tft/tft.c **** }
 458              		.loc 1 188 0
 459 0046 0020     		movs	r0, #0
 460 0048 38BD     		pop	{r3, r4, r5, pc}
 461              	.LVL51:
 462              	.L30:
 463 004a 0020     		movs	r0, #0
 189:source\bsw\tft/tft.c **** 
 464              		.loc 1 189 0
 465 004c 38BD     		pop	{r3, r4, r5, pc}
 466              	.LVL52:
 467              	.L33:
 468 004e 00BF     		.align	2
 469              	.L32:
 470 0050 00000000 		.word	.LANCHOR0
 471 0054 00000000 		.word	.LC0
 472 0058 10000000 		.word	.LC1
 473 005c 1F85EB51 		.word	1374389535
 474              		.cfi_endproc
 475              	.LFE2:
 476              		.size	TFT_send, .-TFT_send
 477              		.section	.text.setAddrWindow,"ax",%progbits
 478              		.align	2
 479              		.thumb
 480              		.thumb_func
 481              		.type	setAddrWindow, %function
 482              	setAddrWindow:
 483              	.LFB6:
 265:source\bsw\tft/tft.c **** 
 484              		.loc 1 265 0
 485              		.cfi_startproc
 486              		@ args = 0, pretend = 0, frame = 0
 487              		@ frame_needed = 0, uses_anonymous_args = 0
 488              	.LVL53:
 489 0000 2DE9F041 		push	{r4, r5, r6, r7, r8, lr}
 490              		.cfi_def_cfa_offset 24
 491              		.cfi_offset 4, -24
 492              		.cfi_offset 5, -20
 493              		.cfi_offset 6, -16
 494              		.cfi_offset 7, -12
 495              		.cfi_offset 8, -8
 496              		.cfi_offset 14, -4
 497 0004 8046     		mov	r8, r0
 498 0006 0E46     		mov	r6, r1
 499 0008 1746     		mov	r7, r2
 500 000a 1D46     		mov	r5, r3
 267:source\bsw\tft/tft.c ****     TFT_write_data(0x00);
 501              		.loc 1 267 0
ARM GAS  C:\Users\91819\AppData\Local\Temp\ccy28JmR.s 			page 18


 502 000c 2A21     		movs	r1, #42
 503              	.LVL54:
 504 000e 0020     		movs	r0, #0
 505              	.LVL55:
 506 0010 FFF7FEFF 		bl	TFT_send
 507              	.LVL56:
 268:source\bsw\tft/tft.c ****     TFT_write_data(x0+xstart);         // XSTART 
 508              		.loc 1 268 0
 509 0014 0021     		movs	r1, #0
 510 0016 0120     		movs	r0, #1
 511 0018 FFF7FEFF 		bl	TFT_send
 512              	.LVL57:
 269:source\bsw\tft/tft.c ****     TFT_write_data(0x00);
 513              		.loc 1 269 0
 514 001c 194C     		ldr	r4, .L36
 515 001e 94F8D610 		ldrb	r1, [r4, #214]	@ zero_extendqisi2
 516 0022 4144     		add	r1, r1, r8
 517 0024 C9B2     		uxtb	r1, r1
 518 0026 0120     		movs	r0, #1
 519 0028 FFF7FEFF 		bl	TFT_send
 520              	.LVL58:
 270:source\bsw\tft/tft.c ****     TFT_write_data(x1+xstart);         // XEND
 521              		.loc 1 270 0
 522 002c 0021     		movs	r1, #0
 523 002e 0120     		movs	r0, #1
 524 0030 FFF7FEFF 		bl	TFT_send
 525              	.LVL59:
 271:source\bsw\tft/tft.c **** 
 526              		.loc 1 271 0
 527 0034 94F8D610 		ldrb	r1, [r4, #214]	@ zero_extendqisi2
 528 0038 3944     		add	r1, r1, r7
 529 003a C9B2     		uxtb	r1, r1
 530 003c 0120     		movs	r0, #1
 531 003e FFF7FEFF 		bl	TFT_send
 532              	.LVL60:
 273:source\bsw\tft/tft.c ****     TFT_write_data(0x00);
 533              		.loc 1 273 0
 534 0042 2B21     		movs	r1, #43
 535 0044 0020     		movs	r0, #0
 536 0046 FFF7FEFF 		bl	TFT_send
 537              	.LVL61:
 274:source\bsw\tft/tft.c ****     TFT_write_data(y0+ystart);         // YSTART
 538              		.loc 1 274 0
 539 004a 0021     		movs	r1, #0
 540 004c 0120     		movs	r0, #1
 541 004e FFF7FEFF 		bl	TFT_send
 542              	.LVL62:
 275:source\bsw\tft/tft.c ****     TFT_write_data(0x00);
 543              		.loc 1 275 0
 544 0052 94F8D710 		ldrb	r1, [r4, #215]	@ zero_extendqisi2
 545 0056 3144     		add	r1, r1, r6
 546 0058 C9B2     		uxtb	r1, r1
 547 005a 0120     		movs	r0, #1
 548 005c FFF7FEFF 		bl	TFT_send
 549              	.LVL63:
 276:source\bsw\tft/tft.c ****     TFT_write_data(y1+ystart);         // YEND
 550              		.loc 1 276 0
ARM GAS  C:\Users\91819\AppData\Local\Temp\ccy28JmR.s 			page 19


 551 0060 0021     		movs	r1, #0
 552 0062 0120     		movs	r0, #1
 553 0064 FFF7FEFF 		bl	TFT_send
 554              	.LVL64:
 277:source\bsw\tft/tft.c **** 
 555              		.loc 1 277 0
 556 0068 94F8D710 		ldrb	r1, [r4, #215]	@ zero_extendqisi2
 557 006c 2944     		add	r1, r1, r5
 558 006e C9B2     		uxtb	r1, r1
 559 0070 0120     		movs	r0, #1
 560 0072 FFF7FEFF 		bl	TFT_send
 561              	.LVL65:
 279:source\bsw\tft/tft.c **** }
 562              		.loc 1 279 0
 563 0076 2C21     		movs	r1, #44
 564 0078 0020     		movs	r0, #0
 565 007a FFF7FEFF 		bl	TFT_send
 566              	.LVL66:
 567 007e BDE8F081 		pop	{r4, r5, r6, r7, r8, pc}
 568              	.L37:
 569 0082 00BF     		.align	2
 570              	.L36:
 571 0084 00000000 		.word	.LANCHOR0
 572              		.cfi_endproc
 573              	.LFE6:
 574              		.size	setAddrWindow, .-setAddrWindow
 575              		.section	.text.TFT_setBacklight,"ax",%progbits
 576              		.align	2
 577              		.global	TFT_setBacklight
 578              		.thumb
 579              		.thumb_func
 580              		.type	TFT_setBacklight, %function
 581              	TFT_setBacklight:
 582              	.LFB4:
 255:source\bsw\tft/tft.c ****     if(b>100)
 583              		.loc 1 255 0
 584              		.cfi_startproc
 585              		@ args = 0, pretend = 0, frame = 0
 586              		@ frame_needed = 0, uses_anonymous_args = 0
 587              	.LVL67:
 588 0000 08B5     		push	{r3, lr}
 589              		.cfi_def_cfa_offset 8
 590              		.cfi_offset 3, -8
 591              		.cfi_offset 14, -4
 256:source\bsw\tft/tft.c ****         b=100;
 592              		.loc 1 256 0
 593 0002 6428     		cmp	r0, #100
 594 0004 00D9     		bls	.L39
 257:source\bsw\tft/tft.c ****     MODULE_PWM(WriteCompare)(b);
 595              		.loc 1 257 0
 596 0006 6420     		movs	r0, #100
 597              	.LVL68:
 598              	.L39:
 258:source\bsw\tft/tft.c **** }
 599              		.loc 1 258 0
 600 0008 FFF7FEFF 		bl	TFT_BackLight_WriteCompare
 601              	.LVL69:
ARM GAS  C:\Users\91819\AppData\Local\Temp\ccy28JmR.s 			page 20


 602 000c 08BD     		pop	{r3, pc}
 603              		.cfi_endproc
 604              	.LFE4:
 605              		.size	TFT_setBacklight, .-TFT_setBacklight
 606 000e 00BF     		.section	.text.TFT_getBacklight,"ax",%progbits
 607              		.align	2
 608              		.global	TFT_getBacklight
 609              		.thumb
 610              		.thumb_func
 611              		.type	TFT_getBacklight, %function
 612              	TFT_getBacklight:
 613              	.LFB5:
 261:source\bsw\tft/tft.c ****     return MODULE_PWM(ReadCompare)();
 614              		.loc 1 261 0
 615              		.cfi_startproc
 616              		@ args = 0, pretend = 0, frame = 0
 617              		@ frame_needed = 0, uses_anonymous_args = 0
 618 0000 08B5     		push	{r3, lr}
 619              		.cfi_def_cfa_offset 8
 620              		.cfi_offset 3, -8
 621              		.cfi_offset 14, -4
 262:source\bsw\tft/tft.c **** };
 622              		.loc 1 262 0
 623 0002 FFF7FEFF 		bl	TFT_BackLight_ReadCompare
 624              	.LVL70:
 263:source\bsw\tft/tft.c **** 
 625              		.loc 1 263 0
 626 0006 C0B2     		uxtb	r0, r0
 627 0008 08BD     		pop	{r3, pc}
 628              		.cfi_endproc
 629              	.LFE5:
 630              		.size	TFT_getBacklight, .-TFT_getBacklight
 631              		.section	.text.TFT_setRotation,"ax",%progbits
 632              		.align	2
 633              		.global	TFT_setRotation
 634              		.thumb
 635              		.thumb_func
 636              		.type	TFT_setRotation, %function
 637              	TFT_setRotation:
 638              	.LFB7:
 282:source\bsw\tft/tft.c **** 
 639              		.loc 1 282 0
 640              		.cfi_startproc
 641              		@ args = 0, pretend = 0, frame = 0
 642              		@ frame_needed = 0, uses_anonymous_args = 0
 643              	.LVL71:
 644 0000 10B5     		push	{r4, lr}
 645              		.cfi_def_cfa_offset 8
 646              		.cfi_offset 4, -8
 647              		.cfi_offset 14, -4
 648 0002 0446     		mov	r4, r0
 285:source\bsw\tft/tft.c ****     rotation = m % 4; // can't be higher than 3
 649              		.loc 1 285 0
 650 0004 3621     		movs	r1, #54
 651 0006 0020     		movs	r0, #0
 652              	.LVL72:
 653 0008 FFF7FEFF 		bl	TFT_send
ARM GAS  C:\Users\91819\AppData\Local\Temp\ccy28JmR.s 			page 21


 654              	.LVL73:
 286:source\bsw\tft/tft.c ****     switch (rotation) {
 655              		.loc 1 286 0
 656 000c 04F00300 		and	r0, r4, #3
 657 0010 2A4B     		ldr	r3, .L52
 658 0012 83F8D800 		strb	r0, [r3, #216]
 287:source\bsw\tft/tft.c ****         case 0:
 659              		.loc 1 287 0
 660 0016 0328     		cmp	r0, #3
 661 0018 4ED8     		bhi	.L44
 662 001a DFE800F0 		tbb	[pc, r0]
 663              	.L47:
 664 001e 02       		.byte	(.L46-.L47)/2
 665 001f 15       		.byte	(.L48-.L47)/2
 666 0020 28       		.byte	(.L49-.L47)/2
 667 0021 3B       		.byte	(.L50-.L47)/2
 668              		.p2align 1
 669              	.L46:
 289:source\bsw\tft/tft.c ****             _height = CFG_TFT_HEIGHT;
 670              		.loc 1 289 0
 671 0022 C221     		movs	r1, #194
 672 0024 0120     		movs	r0, #1
 673 0026 FFF7FEFF 		bl	TFT_send
 674              	.LVL74:
 290:source\bsw\tft/tft.c ****             _width  = CFG_TFT_WIDTH;
 675              		.loc 1 290 0
 676 002a 244B     		ldr	r3, .L52
 677 002c A022     		movs	r2, #160
 678 002e A3F8DA20 		strh	r2, [r3, #218]	@ movhi
 291:source\bsw\tft/tft.c ****             xstart = colstart;
 679              		.loc 1 291 0
 680 0032 8022     		movs	r2, #128
 681 0034 DA80     		strh	r2, [r3, #6]	@ movhi
 292:source\bsw\tft/tft.c ****             ystart = rowstart;
 682              		.loc 1 292 0
 683 0036 93F8DC20 		ldrb	r2, [r3, #220]	@ zero_extendqisi2
 684 003a 83F8D620 		strb	r2, [r3, #214]
 293:source\bsw\tft/tft.c ****             break;
 685              		.loc 1 293 0
 686 003e 93F8DD20 		ldrb	r2, [r3, #221]	@ zero_extendqisi2
 687 0042 83F8D720 		strb	r2, [r3, #215]
 294:source\bsw\tft/tft.c ****         case 1:
 688              		.loc 1 294 0
 689 0046 10BD     		pop	{r4, pc}
 690              	.L48:
 296:source\bsw\tft/tft.c ****             _width = CFG_TFT_HEIGHT;
 691              		.loc 1 296 0
 692 0048 A221     		movs	r1, #162
 693 004a 0120     		movs	r0, #1
 694 004c FFF7FEFF 		bl	TFT_send
 695              	.LVL75:
 297:source\bsw\tft/tft.c ****             _height = CFG_TFT_WIDTH;
 696              		.loc 1 297 0
 697 0050 1A4B     		ldr	r3, .L52
 698 0052 A022     		movs	r2, #160
 699 0054 DA80     		strh	r2, [r3, #6]	@ movhi
 298:source\bsw\tft/tft.c ****             ystart = colstart;
ARM GAS  C:\Users\91819\AppData\Local\Temp\ccy28JmR.s 			page 22


 700              		.loc 1 298 0
 701 0056 8022     		movs	r2, #128
 702 0058 A3F8DA20 		strh	r2, [r3, #218]	@ movhi
 299:source\bsw\tft/tft.c ****             xstart = rowstart;
 703              		.loc 1 299 0
 704 005c 93F8DC20 		ldrb	r2, [r3, #220]	@ zero_extendqisi2
 705 0060 83F8D720 		strb	r2, [r3, #215]
 300:source\bsw\tft/tft.c ****             break;
 706              		.loc 1 300 0
 707 0064 93F8DD20 		ldrb	r2, [r3, #221]	@ zero_extendqisi2
 708 0068 83F8D620 		strb	r2, [r3, #214]
 301:source\bsw\tft/tft.c ****         case 2:
 709              		.loc 1 301 0
 710 006c 10BD     		pop	{r4, pc}
 711              	.L49:
 303:source\bsw\tft/tft.c ****             _height = CFG_TFT_HEIGHT;
 712              		.loc 1 303 0
 713 006e 0821     		movs	r1, #8
 714 0070 0120     		movs	r0, #1
 715 0072 FFF7FEFF 		bl	TFT_send
 716              	.LVL76:
 304:source\bsw\tft/tft.c ****             _width  = CFG_TFT_WIDTH;
 717              		.loc 1 304 0
 718 0076 114B     		ldr	r3, .L52
 719 0078 A022     		movs	r2, #160
 720 007a A3F8DA20 		strh	r2, [r3, #218]	@ movhi
 305:source\bsw\tft/tft.c ****             xstart = colstart;
 721              		.loc 1 305 0
 722 007e 8022     		movs	r2, #128
 723 0080 DA80     		strh	r2, [r3, #6]	@ movhi
 306:source\bsw\tft/tft.c ****             ystart = rowstart;
 724              		.loc 1 306 0
 725 0082 93F8DC20 		ldrb	r2, [r3, #220]	@ zero_extendqisi2
 726 0086 83F8D620 		strb	r2, [r3, #214]
 307:source\bsw\tft/tft.c ****             break;
 727              		.loc 1 307 0
 728 008a 93F8DD20 		ldrb	r2, [r3, #221]	@ zero_extendqisi2
 729 008e 83F8D720 		strb	r2, [r3, #215]
 308:source\bsw\tft/tft.c ****         case 3:
 730              		.loc 1 308 0
 731 0092 10BD     		pop	{r4, pc}
 732              	.L50:
 310:source\bsw\tft/tft.c ****             _width = CFG_TFT_HEIGHT;
 733              		.loc 1 310 0
 734 0094 6221     		movs	r1, #98
 735 0096 0120     		movs	r0, #1
 736 0098 FFF7FEFF 		bl	TFT_send
 737              	.LVL77:
 311:source\bsw\tft/tft.c ****             _height = CFG_TFT_WIDTH;
 738              		.loc 1 311 0
 739 009c 074B     		ldr	r3, .L52
 740 009e A022     		movs	r2, #160
 741 00a0 DA80     		strh	r2, [r3, #6]	@ movhi
 312:source\bsw\tft/tft.c ****             ystart = colstart;
 742              		.loc 1 312 0
 743 00a2 8022     		movs	r2, #128
 744 00a4 A3F8DA20 		strh	r2, [r3, #218]	@ movhi
ARM GAS  C:\Users\91819\AppData\Local\Temp\ccy28JmR.s 			page 23


 313:source\bsw\tft/tft.c ****             xstart = rowstart;
 745              		.loc 1 313 0
 746 00a8 93F8DC20 		ldrb	r2, [r3, #220]	@ zero_extendqisi2
 747 00ac 83F8D720 		strb	r2, [r3, #215]
 314:source\bsw\tft/tft.c ****             break;
 748              		.loc 1 314 0
 749 00b0 93F8DD20 		ldrb	r2, [r3, #221]	@ zero_extendqisi2
 750 00b4 83F8D620 		strb	r2, [r3, #214]
 751              	.L44:
 752 00b8 10BD     		pop	{r4, pc}
 753              	.L53:
 754 00ba 00BF     		.align	2
 755              	.L52:
 756 00bc 00000000 		.word	.LANCHOR0
 757              		.cfi_endproc
 758              	.LFE7:
 759              		.size	TFT_setRotation, .-TFT_setRotation
 760              		.section	.text.TFT_setCursor,"ax",%progbits
 761              		.align	2
 762              		.global	TFT_setCursor
 763              		.thumb
 764              		.thumb_func
 765              		.type	TFT_setCursor, %function
 766              	TFT_setCursor:
 767              	.LFB8:
 321:source\bsw\tft/tft.c ****     cursor_x = x;
 768              		.loc 1 321 0
 769              		.cfi_startproc
 770              		@ args = 0, pretend = 0, frame = 0
 771              		@ frame_needed = 0, uses_anonymous_args = 0
 772              		@ link register save eliminated.
 773              	.LVL78:
 322:source\bsw\tft/tft.c ****     cursor_y = y;
 774              		.loc 1 322 0
 775 0000 024B     		ldr	r3, .L55
 776 0002 A3F8DE00 		strh	r0, [r3, #222]	@ movhi
 323:source\bsw\tft/tft.c **** }
 777              		.loc 1 323 0
 778 0006 A3F8E010 		strh	r1, [r3, #224]	@ movhi
 779 000a 7047     		bx	lr
 780              	.L56:
 781              		.align	2
 782              	.L55:
 783 000c 00000000 		.word	.LANCHOR0
 784              		.cfi_endproc
 785              	.LFE8:
 786              		.size	TFT_setCursor, .-TFT_setCursor
 787              		.section	.text.TFT_setTextColor,"ax",%progbits
 788              		.align	2
 789              		.global	TFT_setTextColor
 790              		.thumb
 791              		.thumb_func
 792              		.type	TFT_setTextColor, %function
 793              	TFT_setTextColor:
 794              	.LFB9:
 326:source\bsw\tft/tft.c ****     color   = c;
 795              		.loc 1 326 0
ARM GAS  C:\Users\91819\AppData\Local\Temp\ccy28JmR.s 			page 24


 796              		.cfi_startproc
 797              		@ args = 0, pretend = 0, frame = 0
 798              		@ frame_needed = 0, uses_anonymous_args = 0
 799              		@ link register save eliminated.
 800              	.LVL79:
 327:source\bsw\tft/tft.c **** }
 801              		.loc 1 327 0
 802 0000 014B     		ldr	r3, .L58
 803 0002 A3F8E200 		strh	r0, [r3, #226]	@ movhi
 804 0006 7047     		bx	lr
 805              	.L59:
 806              		.align	2
 807              	.L58:
 808 0008 00000000 		.word	.LANCHOR0
 809              		.cfi_endproc
 810              	.LFE9:
 811              		.size	TFT_setTextColor, .-TFT_setTextColor
 812              		.section	.text.TFT_setcolor,"ax",%progbits
 813              		.align	2
 814              		.global	TFT_setcolor
 815              		.thumb
 816              		.thumb_func
 817              		.type	TFT_setcolor, %function
 818              	TFT_setcolor:
 819              	.LFB10:
 330:source\bsw\tft/tft.c ****     // For 'transparent' background, we'll set the bg
 820              		.loc 1 330 0
 821              		.cfi_startproc
 822              		@ args = 0, pretend = 0, frame = 0
 823              		@ frame_needed = 0, uses_anonymous_args = 0
 824              		@ link register save eliminated.
 825              	.LVL80:
 333:source\bsw\tft/tft.c **** }
 826              		.loc 1 333 0
 827 0000 024B     		ldr	r3, .L61
 828 0002 A3F8E400 		strh	r0, [r3, #228]	@ movhi
 829 0006 A3F8E200 		strh	r0, [r3, #226]	@ movhi
 830 000a 7047     		bx	lr
 831              	.L62:
 832              		.align	2
 833              	.L61:
 834 000c 00000000 		.word	.LANCHOR0
 835              		.cfi_endproc
 836              	.LFE10:
 837              		.size	TFT_setcolor, .-TFT_setcolor
 838              		.section	.text.TFT_setColors,"ax",%progbits
 839              		.align	2
 840              		.global	TFT_setColors
 841              		.thumb
 842              		.thumb_func
 843              		.type	TFT_setColors, %function
 844              	TFT_setColors:
 845              	.LFB11:
 336:source\bsw\tft/tft.c ****     color   = c;
 846              		.loc 1 336 0
 847              		.cfi_startproc
 848              		@ args = 0, pretend = 0, frame = 0
ARM GAS  C:\Users\91819\AppData\Local\Temp\ccy28JmR.s 			page 25


 849              		@ frame_needed = 0, uses_anonymous_args = 0
 850              		@ link register save eliminated.
 851              	.LVL81:
 337:source\bsw\tft/tft.c ****     bgcolor = b;
 852              		.loc 1 337 0
 853 0000 024B     		ldr	r3, .L64
 854 0002 A3F8E200 		strh	r0, [r3, #226]	@ movhi
 338:source\bsw\tft/tft.c **** }
 855              		.loc 1 338 0
 856 0006 A3F8E410 		strh	r1, [r3, #228]	@ movhi
 857 000a 7047     		bx	lr
 858              	.L65:
 859              		.align	2
 860              	.L64:
 861 000c 00000000 		.word	.LANCHOR0
 862              		.cfi_endproc
 863              	.LFE11:
 864              		.size	TFT_setColors, .-TFT_setColors
 865              		.section	.text.TFT_getFGcolor,"ax",%progbits
 866              		.align	2
 867              		.global	TFT_getFGcolor
 868              		.thumb
 869              		.thumb_func
 870              		.type	TFT_getFGcolor, %function
 871              	TFT_getFGcolor:
 872              	.LFB12:
 342:source\bsw\tft/tft.c **** 
 873              		.loc 1 342 0
 874              		.cfi_startproc
 875              		@ args = 0, pretend = 0, frame = 0
 876              		@ frame_needed = 0, uses_anonymous_args = 0
 877              		@ link register save eliminated.
 342:source\bsw\tft/tft.c **** 
 878              		.loc 1 342 0
 879 0000 014B     		ldr	r3, .L67
 880 0002 B3F8E200 		ldrh	r0, [r3, #226]
 881 0006 7047     		bx	lr
 882              	.L68:
 883              		.align	2
 884              	.L67:
 885 0008 00000000 		.word	.LANCHOR0
 886              		.cfi_endproc
 887              	.LFE12:
 888              		.size	TFT_getFGcolor, .-TFT_getFGcolor
 889              		.section	.text.TFT_getBGcolor,"ax",%progbits
 890              		.align	2
 891              		.global	TFT_getBGcolor
 892              		.thumb
 893              		.thumb_func
 894              		.type	TFT_getBGcolor, %function
 895              	TFT_getBGcolor:
 896              	.LFB13:
 344:source\bsw\tft/tft.c **** 
 897              		.loc 1 344 0
 898              		.cfi_startproc
 899              		@ args = 0, pretend = 0, frame = 0
 900              		@ frame_needed = 0, uses_anonymous_args = 0
ARM GAS  C:\Users\91819\AppData\Local\Temp\ccy28JmR.s 			page 26


 901              		@ link register save eliminated.
 344:source\bsw\tft/tft.c **** 
 902              		.loc 1 344 0
 903 0000 014B     		ldr	r3, .L70
 904 0002 B3F8E400 		ldrh	r0, [r3, #228]
 905 0006 7047     		bx	lr
 906              	.L71:
 907              		.align	2
 908              	.L70:
 909 0008 00000000 		.word	.LANCHOR0
 910              		.cfi_endproc
 911              	.LFE13:
 912              		.size	TFT_getBGcolor, .-TFT_getBGcolor
 913              		.section	.text.TFT_setTextWrap,"ax",%progbits
 914              		.align	2
 915              		.global	TFT_setTextWrap
 916              		.thumb
 917              		.thumb_func
 918              		.type	TFT_setTextWrap, %function
 919              	TFT_setTextWrap:
 920              	.LFB14:
 347:source\bsw\tft/tft.c ****     wrap = w;
 921              		.loc 1 347 0
 922              		.cfi_startproc
 923              		@ args = 0, pretend = 0, frame = 0
 924              		@ frame_needed = 0, uses_anonymous_args = 0
 925              		@ link register save eliminated.
 926              	.LVL82:
 348:source\bsw\tft/tft.c **** }
 927              		.loc 1 348 0
 928 0000 014B     		ldr	r3, .L73
 929 0002 5871     		strb	r0, [r3, #5]
 930 0004 7047     		bx	lr
 931              	.L74:
 932 0006 00BF     		.align	2
 933              	.L73:
 934 0008 00000000 		.word	.LANCHOR0
 935              		.cfi_endproc
 936              	.LFE14:
 937              		.size	TFT_setTextWrap, .-TFT_setTextWrap
 938              		.section	.text.TFT_setTextSize,"ax",%progbits
 939              		.align	2
 940              		.global	TFT_setTextSize
 941              		.thumb
 942              		.thumb_func
 943              		.type	TFT_setTextSize, %function
 944              	TFT_setTextSize:
 945              	.LFB15:
 351:source\bsw\tft/tft.c ****     textsize = (s > 0) ? s : 1;
 946              		.loc 1 351 0
 947              		.cfi_startproc
 948              		@ args = 0, pretend = 0, frame = 0
 949              		@ frame_needed = 0, uses_anonymous_args = 0
 950              		@ link register save eliminated.
 951              	.LVL83:
 352:source\bsw\tft/tft.c **** }
 952              		.loc 1 352 0
ARM GAS  C:\Users\91819\AppData\Local\Temp\ccy28JmR.s 			page 27


 953 0000 08B9     		cbnz	r0, .L77
 954 0002 0120     		movs	r0, #1
 955              	.LVL84:
 956 0004 FFE7     		b	.L76
 957              	.LVL85:
 958              	.L77:
 959              	.L76:
 352:source\bsw\tft/tft.c **** }
 960              		.loc 1 352 0 is_stmt 0 discriminator 4
 961 0006 014B     		ldr	r3, .L78
 962 0008 1871     		strb	r0, [r3, #4]
 963 000a 7047     		bx	lr
 964              	.L79:
 965              		.align	2
 966              	.L78:
 967 000c 00000000 		.word	.LANCHOR0
 968              		.cfi_endproc
 969              	.LFE15:
 970              		.size	TFT_setTextSize, .-TFT_setTextSize
 971              		.section	.text.TFT_setFont,"ax",%progbits
 972              		.align	2
 973              		.global	TFT_setFont
 974              		.thumb
 975              		.thumb_func
 976              		.type	TFT_setFont, %function
 977              	TFT_setFont:
 978              	.LFB16:
 355:source\bsw\tft/tft.c ****     if(f) {            // Font struct pointer passed in?
 979              		.loc 1 355 0 is_stmt 1
 980              		.cfi_startproc
 981              		@ args = 0, pretend = 0, frame = 0
 982              		@ frame_needed = 0, uses_anonymous_args = 0
 983              		@ link register save eliminated.
 984              	.LVL86:
 356:source\bsw\tft/tft.c ****         if(!gfxFont) { // And no current font struct?
 985              		.loc 1 356 0
 986 0000 0246     		mov	r2, r0
 987 0002 48B1     		cbz	r0, .L81
 357:source\bsw\tft/tft.c ****             // Switching from classic to new font behavior.
 988              		.loc 1 357 0
 989 0004 0A4B     		ldr	r3, .L83
 990 0006 1B68     		ldr	r3, [r3]
 991 0008 7BB9     		cbnz	r3, .L82
 360:source\bsw\tft/tft.c ****         }
 992              		.loc 1 360 0
 993 000a 0949     		ldr	r1, .L83
 994 000c B1F8E030 		ldrh	r3, [r1, #224]
 995 0010 0633     		adds	r3, r3, #6
 996 0012 A1F8E030 		strh	r3, [r1, #224]	@ movhi
 997 0016 08E0     		b	.L82
 998              	.L81:
 362:source\bsw\tft/tft.c ****         // Switching from new to classic font behavior.
 999              		.loc 1 362 0
 1000 0018 054B     		ldr	r3, .L83
 1001 001a 1B68     		ldr	r3, [r3]
 1002 001c 2BB1     		cbz	r3, .L82
 365:source\bsw\tft/tft.c ****     }
ARM GAS  C:\Users\91819\AppData\Local\Temp\ccy28JmR.s 			page 28


 1003              		.loc 1 365 0
 1004 001e 0449     		ldr	r1, .L83
 1005 0020 B1F8E030 		ldrh	r3, [r1, #224]
 1006 0024 063B     		subs	r3, r3, #6
 1007 0026 A1F8E030 		strh	r3, [r1, #224]	@ movhi
 1008              	.L82:
 367:source\bsw\tft/tft.c **** }
 1009              		.loc 1 367 0
 1010 002a 014B     		ldr	r3, .L83
 1011 002c 1A60     		str	r2, [r3]
 1012 002e 7047     		bx	lr
 1013              	.L84:
 1014              		.align	2
 1015              	.L83:
 1016 0030 00000000 		.word	.LANCHOR0
 1017              		.cfi_endproc
 1018              	.LFE16:
 1019              		.size	TFT_setFont, .-TFT_setFont
 1020              		.section	.text.TFT_getTextBounds,"ax",%progbits
 1021              		.align	2
 1022              		.global	TFT_getTextBounds
 1023              		.thumb
 1024              		.thumb_func
 1025              		.type	TFT_getTextBounds, %function
 1026              	TFT_getTextBounds:
 1027              	.LFB17:
 371:source\bsw\tft/tft.c ****     uint8_t c; // Current character
 1028              		.loc 1 371 0
 1029              		.cfi_startproc
 1030              		@ args = 12, pretend = 0, frame = 16
 1031              		@ frame_needed = 0, uses_anonymous_args = 0
 1032              	.LVL87:
 1033 0000 2DE9F041 		push	{r4, r5, r6, r7, r8, lr}
 1034              		.cfi_def_cfa_offset 24
 1035              		.cfi_offset 4, -24
 1036              		.cfi_offset 5, -20
 1037              		.cfi_offset 6, -16
 1038              		.cfi_offset 7, -12
 1039              		.cfi_offset 8, -8
 1040              		.cfi_offset 14, -4
 1041 0004 88B0     		sub	sp, sp, #32
 1042              		.cfi_def_cfa_offset 56
 1043 0006 9846     		mov	r8, r3
 1044 0008 0E9E     		ldr	r6, [sp, #56]
 1045 000a 0F9F     		ldr	r7, [sp, #60]
 1046 000c 109D     		ldr	r5, [sp, #64]
 1047 000e ADF81610 		strh	r1, [sp, #22]	@ movhi
 1048 0012 ADF81420 		strh	r2, [sp, #20]	@ movhi
 374:source\bsw\tft/tft.c ****     *y1 = y;
 1049              		.loc 1 374 0
 1050 0016 1980     		strh	r1, [r3]	@ movhi
 375:source\bsw\tft/tft.c ****     *w  = *h = 0;
 1051              		.loc 1 375 0
 1052 0018 3280     		strh	r2, [r6]	@ movhi
 376:source\bsw\tft/tft.c **** 
 1053              		.loc 1 376 0
 1054 001a 0023     		movs	r3, #0
ARM GAS  C:\Users\91819\AppData\Local\Temp\ccy28JmR.s 			page 29


 1055              	.LVL88:
 1056 001c 2B80     		strh	r3, [r5]	@ movhi
 1057 001e 3B80     		strh	r3, [r7]	@ movhi
 378:source\bsw\tft/tft.c **** 
 1058              		.loc 1 378 0
 1059 0020 204B     		ldr	r3, .L91
 1060 0022 DA88     		ldrh	r2, [r3, #6]
 1061              	.LVL89:
 1062 0024 ADF81E20 		strh	r2, [sp, #30]	@ movhi
 1063 0028 B3F8DA30 		ldrh	r3, [r3, #218]
 1064 002c ADF81C30 		strh	r3, [sp, #28]	@ movhi
 1065 0030 4FF6FF73 		movw	r3, #65535
 1066 0034 ADF81A30 		strh	r3, [sp, #26]	@ movhi
 1067 0038 ADF81830 		strh	r3, [sp, #24]	@ movhi
 380:source\bsw\tft/tft.c ****         charBounds(c, &x, &y, &minx, &miny, &maxx, &maxy);
 1068              		.loc 1 380 0
 1069 003c 0EE0     		b	.L86
 1070              	.LVL90:
 1071              	.L87:
 381:source\bsw\tft/tft.c **** 
 1072              		.loc 1 381 0
 1073 003e 06AB     		add	r3, sp, #24
 1074 0040 0293     		str	r3, [sp, #8]
 1075 0042 0DF11A03 		add	r3, sp, #26
 1076 0046 0193     		str	r3, [sp, #4]
 1077 0048 07AB     		add	r3, sp, #28
 1078 004a 0093     		str	r3, [sp]
 1079 004c 0DF11E03 		add	r3, sp, #30
 1080 0050 05AA     		add	r2, sp, #20
 1081 0052 0DF11601 		add	r1, sp, #22
 1082 0056 FFF7FEFF 		bl	charBounds
 1083              	.LVL91:
 380:source\bsw\tft/tft.c ****         charBounds(c, &x, &y, &minx, &miny, &maxx, &maxy);
 1084              		.loc 1 380 0
 1085 005a 2046     		mov	r0, r4
 1086              	.LVL92:
 1087              	.L86:
 1088 005c 441C     		adds	r4, r0, #1
 1089              	.LVL93:
 1090 005e 0078     		ldrb	r0, [r0]	@ zero_extendqisi2
 1091              	.LVL94:
 1092 0060 0028     		cmp	r0, #0
 1093 0062 ECD1     		bne	.L87
 383:source\bsw\tft/tft.c ****         *x1 = minx;
 1094              		.loc 1 383 0
 1095 0064 BDF91A20 		ldrsh	r2, [sp, #26]
 1096 0068 BDF91E30 		ldrsh	r3, [sp, #30]
 1097 006c 9A42     		cmp	r2, r3
 1098 006e 08DB     		blt	.L88
 384:source\bsw\tft/tft.c ****         *w  = maxx - minx + 1;
 1099              		.loc 1 384 0
 1100 0070 A8F80030 		strh	r3, [r8]	@ movhi
 385:source\bsw\tft/tft.c ****     }
 1101              		.loc 1 385 0
 1102 0074 BDF81A30 		ldrh	r3, [sp, #26]
 1103 0078 BDF81E20 		ldrh	r2, [sp, #30]
 1104 007c 9B1A     		subs	r3, r3, r2
ARM GAS  C:\Users\91819\AppData\Local\Temp\ccy28JmR.s 			page 30


 1105 007e 0133     		adds	r3, r3, #1
 1106 0080 3B80     		strh	r3, [r7]	@ movhi
 1107              	.L88:
 387:source\bsw\tft/tft.c ****         *y1 = miny;
 1108              		.loc 1 387 0
 1109 0082 BDF91820 		ldrsh	r2, [sp, #24]
 1110 0086 BDF91C30 		ldrsh	r3, [sp, #28]
 1111 008a 9A42     		cmp	r2, r3
 1112 008c 07DB     		blt	.L85
 388:source\bsw\tft/tft.c ****         *h  = maxy - miny + 1;
 1113              		.loc 1 388 0
 1114 008e 3380     		strh	r3, [r6]	@ movhi
 389:source\bsw\tft/tft.c ****     }
 1115              		.loc 1 389 0
 1116 0090 BDF81830 		ldrh	r3, [sp, #24]
 1117 0094 BDF81C20 		ldrh	r2, [sp, #28]
 1118 0098 9B1A     		subs	r3, r3, r2
 1119 009a 0133     		adds	r3, r3, #1
 1120 009c 2B80     		strh	r3, [r5]	@ movhi
 1121              	.L85:
 391:source\bsw\tft/tft.c **** 
 1122              		.loc 1 391 0
 1123 009e 08B0     		add	sp, sp, #32
 1124              		.cfi_def_cfa_offset 24
 1125              		@ sp needed
 1126 00a0 BDE8F081 		pop	{r4, r5, r6, r7, r8, pc}
 1127              	.LVL95:
 1128              	.L92:
 1129              		.align	2
 1130              	.L91:
 1131 00a4 00000000 		.word	.LANCHOR0
 1132              		.cfi_endproc
 1133              	.LFE17:
 1134              		.size	TFT_getTextBounds, .-TFT_getTextBounds
 1135              		.section	.text.TFT_fillRect,"ax",%progbits
 1136              		.align	2
 1137              		.global	TFT_fillRect
 1138              		.thumb
 1139              		.thumb_func
 1140              		.type	TFT_fillRect, %function
 1141              	TFT_fillRect:
 1142              	.LFB24:
 446:source\bsw\tft/tft.c ****         }
 447:source\bsw\tft/tft.c ****     }
 448:source\bsw\tft/tft.c **** }
 449:source\bsw\tft/tft.c ****         
 450:source\bsw\tft/tft.c **** //----------------- USER FCT
 451:source\bsw\tft/tft.c **** 
 452:source\bsw\tft/tft.c **** void TFT_print(char* txt){
 453:source\bsw\tft/tft.c ****     while(*(txt)!=0){
 454:source\bsw\tft/tft.c ****         TFT_write(*(txt++));
 455:source\bsw\tft/tft.c ****     }
 456:source\bsw\tft/tft.c **** }
 457:source\bsw\tft/tft.c **** 
 458:source\bsw\tft/tft.c **** void TFT_println(char* txt){
 459:source\bsw\tft/tft.c ****     while(*(txt)!=0){
 460:source\bsw\tft/tft.c ****         TFT_write(*(txt++));
ARM GAS  C:\Users\91819\AppData\Local\Temp\ccy28JmR.s 			page 31


 461:source\bsw\tft/tft.c ****     }
 462:source\bsw\tft/tft.c ****     TFT_write('\n');
 463:source\bsw\tft/tft.c **** }
 464:source\bsw\tft/tft.c **** 
 465:source\bsw\tft/tft.c **** void TFT_write(uint8_t c) {
 466:source\bsw\tft/tft.c **** 
 467:source\bsw\tft/tft.c ****     if(!gfxFont) {                              // 'Classic' built-in font
 468:source\bsw\tft/tft.c **** 
 469:source\bsw\tft/tft.c ****         if(c == '\n') {                         // Newline?
 470:source\bsw\tft/tft.c ****             cursor_x  = 0;                      // Reset x to zero,
 471:source\bsw\tft/tft.c ****             cursor_y += textsize * 8;           // advance y one line
 472:source\bsw\tft/tft.c ****         } else if(c != '\r') {                  // Ignore carriage returns
 473:source\bsw\tft/tft.c ****             if(wrap && ((cursor_x + textsize * 6) > _width)) { // Off right?
 474:source\bsw\tft/tft.c ****                 cursor_x  = 0;                  // Reset x to zero,
 475:source\bsw\tft/tft.c ****                 cursor_y += textsize * 8;       // advance y one line
 476:source\bsw\tft/tft.c ****             }
 477:source\bsw\tft/tft.c ****             TFT_drawChar(cursor_x, cursor_y, c, color, bgcolor, textsize);
 478:source\bsw\tft/tft.c ****             cursor_x += textsize * 6;          // Advance x one char
 479:source\bsw\tft/tft.c ****         }
 480:source\bsw\tft/tft.c **** 
 481:source\bsw\tft/tft.c ****     } else { // Custom font
 482:source\bsw\tft/tft.c **** 
 483:source\bsw\tft/tft.c ****         if(c == '\n') {
 484:source\bsw\tft/tft.c ****             cursor_x  = 0;
 485:source\bsw\tft/tft.c ****             cursor_y += (int16_t)textsize *
 486:source\bsw\tft/tft.c ****                         (uint8_t)pgm_read_byte(&gfxFont->yAdvance);
 487:source\bsw\tft/tft.c ****         } else if(c != '\r') {
 488:source\bsw\tft/tft.c ****             uint8_t first = pgm_read_byte(&gfxFont->first);
 489:source\bsw\tft/tft.c ****             if((c >= first) && (c <= (uint8_t)pgm_read_byte(&gfxFont->last))) {
 490:source\bsw\tft/tft.c ****                 GFXglyph *glyph = &(((GFXglyph *)pgm_read_pointer(
 491:source\bsw\tft/tft.c ****                   &gfxFont->glyph))[c - first]);
 492:source\bsw\tft/tft.c ****                 uint8_t   w     = pgm_read_byte(&glyph->width),
 493:source\bsw\tft/tft.c ****                           h     = pgm_read_byte(&glyph->height);
 494:source\bsw\tft/tft.c ****                 if((w > 0) && (h > 0)) { // Is there an associated bitmap?
 495:source\bsw\tft/tft.c ****                     int16_t xo = (int8_t)pgm_read_byte(&glyph->xOffset); // sic
 496:source\bsw\tft/tft.c ****                     if(wrap && ((cursor_x + textsize * (xo + w)) > _width)) {
 497:source\bsw\tft/tft.c ****                         cursor_x  = 0;
 498:source\bsw\tft/tft.c ****                         cursor_y += (int16_t)textsize *
 499:source\bsw\tft/tft.c ****                           (uint8_t)pgm_read_byte(&gfxFont->yAdvance);
 500:source\bsw\tft/tft.c ****                     }
 501:source\bsw\tft/tft.c ****                     TFT_drawChar(cursor_x, cursor_y, c, color, bgcolor, textsize);
 502:source\bsw\tft/tft.c ****                 }
 503:source\bsw\tft/tft.c ****                 cursor_x += (uint8_t)pgm_read_byte(&glyph->xAdvance) * (int16_t)textsize;
 504:source\bsw\tft/tft.c ****             }
 505:source\bsw\tft/tft.c ****         }
 506:source\bsw\tft/tft.c **** 
 507:source\bsw\tft/tft.c ****     }
 508:source\bsw\tft/tft.c **** }
 509:source\bsw\tft/tft.c **** 
 510:source\bsw\tft/tft.c **** void TFT_fillScreen(TFT_color_t color) {
 511:source\bsw\tft/tft.c ****   TFT_fillRect(0, 0,  _width, _height, color);
 512:source\bsw\tft/tft.c **** }
 513:source\bsw\tft/tft.c **** 
 514:source\bsw\tft/tft.c **** void TFT_clearScreen(void){TFT_fillScreen(TFT_getBGcolor());};
 515:source\bsw\tft/tft.c **** 
 516:source\bsw\tft/tft.c **** void TFT_fillRect(int16_t x, int16_t y, int16_t w, int16_t h, TFT_color_t color) {
 1143              		.loc 1 516 0
ARM GAS  C:\Users\91819\AppData\Local\Temp\ccy28JmR.s 			page 32


 1144              		.cfi_startproc
 1145              		@ args = 4, pretend = 0, frame = 0
 1146              		@ frame_needed = 0, uses_anonymous_args = 0
 1147              	.LVL96:
 1148 0000 2DE9F041 		push	{r4, r5, r6, r7, r8, lr}
 1149              		.cfi_def_cfa_offset 24
 1150              		.cfi_offset 4, -24
 1151              		.cfi_offset 5, -20
 1152              		.cfi_offset 6, -16
 1153              		.cfi_offset 7, -12
 1154              		.cfi_offset 8, -8
 1155              		.cfi_offset 14, -4
 1156 0004 1F46     		mov	r7, r3
 1157 0006 BDF81850 		ldrh	r5, [sp, #24]
 517:source\bsw\tft/tft.c ****     
 518:source\bsw\tft/tft.c ****     // rudimentary clipping (drawChar w/big text requires this)
 519:source\bsw\tft/tft.c ****     if((x >= _width) || (y >= _height)) return;
 1158              		.loc 1 519 0
 1159 000a 1F4B     		ldr	r3, .L102
 1160              	.LVL97:
 1161 000c B3F90630 		ldrsh	r3, [r3, #6]
 1162 0010 8342     		cmp	r3, r0
 1163 0012 36DD     		ble	.L93
 1164 0014 9046     		mov	r8, r2
 1165              		.loc 1 519 0 is_stmt 0 discriminator 1
 1166 0016 1C4A     		ldr	r2, .L102
 1167              	.LVL98:
 1168 0018 B2F8DA20 		ldrh	r2, [r2, #218]
 1169 001c 9142     		cmp	r1, r2
 1170 001e 30DA     		bge	.L93
 520:source\bsw\tft/tft.c ****     
 521:source\bsw\tft/tft.c ****     if((x + w - 1) >= _width)  w = _width  - x;
 1171              		.loc 1 521 0 is_stmt 1
 1172 0020 00EB0804 		add	r4, r0, r8
 1173 0024 013C     		subs	r4, r4, #1
 1174 0026 9C42     		cmp	r4, r3
 1175 0028 02DB     		blt	.L95
 1176              		.loc 1 521 0 is_stmt 0 discriminator 1
 1177 002a 1B1A     		subs	r3, r3, r0
 1178 002c 0FFA83F8 		sxth	r8, r3
 1179              	.LVL99:
 1180              	.L95:
 522:source\bsw\tft/tft.c ****     if((y + h - 1) >= _height) h = _height - y;
 1181              		.loc 1 522 0 is_stmt 1
 1182 0030 7B18     		adds	r3, r7, r1
 1183 0032 013B     		subs	r3, r3, #1
 1184 0034 9A42     		cmp	r2, r3
 1185 0036 01DC     		bgt	.L96
 1186              		.loc 1 522 0 is_stmt 0 discriminator 1
 1187 0038 571A     		subs	r7, r2, r1
 1188 003a 3FB2     		sxth	r7, r7
 1189              	.LVL100:
 1190              	.L96:
 523:source\bsw\tft/tft.c ****     
 524:source\bsw\tft/tft.c ****     setAddrWindow(x, y, x+w-1, y+h-1);
 1191              		.loc 1 524 0 is_stmt 1
 1192 003c C0B2     		uxtb	r0, r0
ARM GAS  C:\Users\91819\AppData\Local\Temp\ccy28JmR.s 			page 33


 1193              	.LVL101:
 1194 003e C9B2     		uxtb	r1, r1
 1195              	.LVL102:
 1196 0040 CB19     		adds	r3, r1, r7
 1197 0042 013B     		subs	r3, r3, #1
 1198 0044 00EB0802 		add	r2, r0, r8
 1199 0048 013A     		subs	r2, r2, #1
 1200 004a DBB2     		uxtb	r3, r3
 1201 004c D2B2     		uxtb	r2, r2
 1202 004e FFF7FEFF 		bl	setAddrWindow
 1203              	.LVL103:
 525:source\bsw\tft/tft.c **** 
 526:source\bsw\tft/tft.c ****     uint8_t hi = color >> 8, lo = color;
 1204              		.loc 1 526 0
 1205 0052 2E0A     		lsrs	r6, r5, #8
 1206              	.LVL104:
 1207 0054 EDB2     		uxtb	r5, r5
 1208              	.LVL105:
 527:source\bsw\tft/tft.c ****     
 528:source\bsw\tft/tft.c ****     TFT_DC_HIGH;
 1209              		.loc 1 528 0
 1210 0056 0120     		movs	r0, #1
 1211 0058 FFF7FEFF 		bl	TFT_DC_Write
 1212              	.LVL106:
 529:source\bsw\tft/tft.c ****     for(y=h; y>0; y--) {
 1213              		.loc 1 529 0
 1214 005c 0FE0     		b	.L97
 1215              	.LVL107:
 1216              	.L98:
 530:source\bsw\tft/tft.c ****         for(x=w; x>0; x--) {
 531:source\bsw\tft/tft.c ****           TFT_write_stream(hi);
 1217              		.loc 1 531 0 discriminator 3
 1218 005e 3146     		mov	r1, r6
 1219 0060 0220     		movs	r0, #2
 1220 0062 FFF7FEFF 		bl	TFT_send
 1221              	.LVL108:
 532:source\bsw\tft/tft.c ****           TFT_write_stream(lo);
 1222              		.loc 1 532 0 discriminator 3
 1223 0066 2946     		mov	r1, r5
 1224 0068 0220     		movs	r0, #2
 1225 006a FFF7FEFF 		bl	TFT_send
 1226              	.LVL109:
 530:source\bsw\tft/tft.c ****         for(x=w; x>0; x--) {
 1227              		.loc 1 530 0 discriminator 3
 1228 006e 013C     		subs	r4, r4, #1
 1229              	.LVL110:
 1230 0070 24B2     		sxth	r4, r4
 1231              	.LVL111:
 1232 0072 00E0     		b	.L99
 1233              	.LVL112:
 1234              	.L100:
 1235 0074 4446     		mov	r4, r8
 1236              	.L99:
 1237              	.LVL113:
 530:source\bsw\tft/tft.c ****         for(x=w; x>0; x--) {
 1238              		.loc 1 530 0 is_stmt 0 discriminator 1
 1239 0076 002C     		cmp	r4, #0
ARM GAS  C:\Users\91819\AppData\Local\Temp\ccy28JmR.s 			page 34


 1240 0078 F1DC     		bgt	.L98
 529:source\bsw\tft/tft.c ****     for(y=h; y>0; y--) {
 1241              		.loc 1 529 0 is_stmt 1 discriminator 2
 1242 007a 013F     		subs	r7, r7, #1
 1243              	.LVL114:
 1244 007c 3FB2     		sxth	r7, r7
 1245              	.LVL115:
 1246              	.L97:
 529:source\bsw\tft/tft.c ****     for(y=h; y>0; y--) {
 1247              		.loc 1 529 0 is_stmt 0 discriminator 1
 1248 007e 002F     		cmp	r7, #0
 1249 0080 F8DC     		bgt	.L100
 1250              	.LVL116:
 1251              	.L93:
 1252 0082 BDE8F081 		pop	{r4, r5, r6, r7, r8, pc}
 1253              	.LVL117:
 1254              	.L103:
 1255 0086 00BF     		.align	2
 1256              	.L102:
 1257 0088 00000000 		.word	.LANCHOR0
 1258              		.cfi_endproc
 1259              	.LFE24:
 1260              		.size	TFT_fillRect, .-TFT_fillRect
 1261              		.section	.text.TFT_fillScreen,"ax",%progbits
 1262              		.align	2
 1263              		.global	TFT_fillScreen
 1264              		.thumb
 1265              		.thumb_func
 1266              		.type	TFT_fillScreen, %function
 1267              	TFT_fillScreen:
 1268              	.LFB22:
 510:source\bsw\tft/tft.c ****   TFT_fillRect(0, 0,  _width, _height, color);
 1269              		.loc 1 510 0 is_stmt 1
 1270              		.cfi_startproc
 1271              		@ args = 0, pretend = 0, frame = 0
 1272              		@ frame_needed = 0, uses_anonymous_args = 0
 1273              	.LVL118:
 1274 0000 00B5     		push	{lr}
 1275              		.cfi_def_cfa_offset 4
 1276              		.cfi_offset 14, -4
 1277 0002 83B0     		sub	sp, sp, #12
 1278              		.cfi_def_cfa_offset 16
 511:source\bsw\tft/tft.c **** }
 1279              		.loc 1 511 0
 1280 0004 064A     		ldr	r2, .L106
 1281 0006 B2F9DA30 		ldrsh	r3, [r2, #218]
 1282 000a B2F90620 		ldrsh	r2, [r2, #6]
 1283 000e 0090     		str	r0, [sp]
 1284 0010 0021     		movs	r1, #0
 1285 0012 0846     		mov	r0, r1
 1286              	.LVL119:
 1287 0014 FFF7FEFF 		bl	TFT_fillRect
 1288              	.LVL120:
 512:source\bsw\tft/tft.c **** 
 1289              		.loc 1 512 0
 1290 0018 03B0     		add	sp, sp, #12
 1291              		.cfi_def_cfa_offset 4
ARM GAS  C:\Users\91819\AppData\Local\Temp\ccy28JmR.s 			page 35


 1292              		@ sp needed
 1293 001a 5DF804FB 		ldr	pc, [sp], #4
 1294              	.L107:
 1295 001e 00BF     		.align	2
 1296              	.L106:
 1297 0020 00000000 		.word	.LANCHOR0
 1298              		.cfi_endproc
 1299              	.LFE22:
 1300              		.size	TFT_fillScreen, .-TFT_fillScreen
 1301              		.section	.text.TFT_init,"ax",%progbits
 1302              		.align	2
 1303              		.global	TFT_init
 1304              		.thumb
 1305              		.thumb_func
 1306              		.type	TFT_init, %function
 1307              	TFT_init:
 1308              	.LFB3:
 193:source\bsw\tft/tft.c ****     
 1309              		.loc 1 193 0
 1310              		.cfi_startproc
 1311              		@ args = 0, pretend = 0, frame = 0
 1312              		@ frame_needed = 0, uses_anonymous_args = 0
 1313 0000 F8B5     		push	{r3, r4, r5, r6, r7, lr}
 1314              		.cfi_def_cfa_offset 24
 1315              		.cfi_offset 3, -24
 1316              		.cfi_offset 4, -20
 1317              		.cfi_offset 5, -16
 1318              		.cfi_offset 6, -12
 1319              		.cfi_offset 7, -8
 1320              		.cfi_offset 14, -4
 196:source\bsw\tft/tft.c ****     _height   = CFG_TFT_HEIGHT;
 1321              		.loc 1 196 0
 1322 0002 364B     		ldr	r3, .L114
 1323 0004 8022     		movs	r2, #128
 1324 0006 DA80     		strh	r2, [r3, #6]	@ movhi
 197:source\bsw\tft/tft.c ****     rotation=0;
 1325              		.loc 1 197 0
 1326 0008 A022     		movs	r2, #160
 1327 000a A3F8DA20 		strh	r2, [r3, #218]	@ movhi
 198:source\bsw\tft/tft.c ****     cursor_x=0;
 1328              		.loc 1 198 0
 1329 000e 0024     		movs	r4, #0
 1330 0010 83F8D840 		strb	r4, [r3, #216]
 199:source\bsw\tft/tft.c ****     cursor_y=0;
 1331              		.loc 1 199 0
 1332 0014 A3F8DE40 		strh	r4, [r3, #222]	@ movhi
 200:source\bsw\tft/tft.c ****     textsize=1;
 1333              		.loc 1 200 0
 1334 0018 A3F8E040 		strh	r4, [r3, #224]	@ movhi
 201:source\bsw\tft/tft.c ****     color=CFG_TFT_COLOR_TEXT;
 1335              		.loc 1 201 0
 1336 001c 0125     		movs	r5, #1
 1337 001e 1D71     		strb	r5, [r3, #4]
 202:source\bsw\tft/tft.c ****     bgcolor=CFG_TFT_COLOR_TEXTBG;
 1338              		.loc 1 202 0
 1339 0020 4FF6FF72 		movw	r2, #65535
 1340 0024 A3F8E220 		strh	r2, [r3, #226]	@ movhi
ARM GAS  C:\Users\91819\AppData\Local\Temp\ccy28JmR.s 			page 36


 203:source\bsw\tft/tft.c ****     wrap=TRUE;
 1341              		.loc 1 203 0
 1342 0028 A3F8E440 		strh	r4, [r3, #228]	@ movhi
 204:source\bsw\tft/tft.c ****     gfxFont=NULL;
 1343              		.loc 1 204 0
 1344 002c 5D71     		strb	r5, [r3, #5]
 205:source\bsw\tft/tft.c ****     ystart = xstart = colstart  = rowstart = 0;
 1345              		.loc 1 205 0
 1346 002e 1C60     		str	r4, [r3]
 206:source\bsw\tft/tft.c ****     
 1347              		.loc 1 206 0
 1348 0030 83F8DD40 		strb	r4, [r3, #221]
 1349 0034 83F8DC40 		strb	r4, [r3, #220]
 1350 0038 83F8D640 		strb	r4, [r3, #214]
 1351 003c 83F8D740 		strb	r4, [r3, #215]
 209:source\bsw\tft/tft.c ****     TFT_RB_out.write=0;
 1352              		.loc 1 209 0
 1353 0040 1C81     		strh	r4, [r3, #8]	@ movhi
 210:source\bsw\tft/tft.c ****     TFT_RB_out.fill=0;
 1354              		.loc 1 210 0
 1355 0042 5C81     		strh	r4, [r3, #10]	@ movhi
 211:source\bsw\tft/tft.c ****     
 1356              		.loc 1 211 0
 1357 0044 9C81     		strh	r4, [r3, #12]	@ movhi
 214:source\bsw\tft/tft.c ****     
 1358              		.loc 1 214 0
 1359 0046 FFF7FEFF 		bl	TFT_SPI_Start
 1360              	.LVL121:
 217:source\bsw\tft/tft.c ****     CFG_TFT_DELAY_MS(100);
 1361              		.loc 1 217 0
 1362 004a 2846     		mov	r0, r5
 1363 004c FFF7FEFF 		bl	TFT_RES_Write
 1364              	.LVL122:
 218:source\bsw\tft/tft.c ****     TFT_RES_LOW;
 1365              		.loc 1 218 0
 1366 0050 6420     		movs	r0, #100
 1367 0052 FFF7FEFF 		bl	CyDelay
 1368              	.LVL123:
 219:source\bsw\tft/tft.c **** 	CFG_TFT_DELAY_MS(100);
 1369              		.loc 1 219 0
 1370 0056 2046     		mov	r0, r4
 1371 0058 FFF7FEFF 		bl	TFT_RES_Write
 1372              	.LVL124:
 220:source\bsw\tft/tft.c **** 	TFT_RES_HIGH;
 1373              		.loc 1 220 0
 1374 005c 6420     		movs	r0, #100
 1375 005e FFF7FEFF 		bl	CyDelay
 1376              	.LVL125:
 221:source\bsw\tft/tft.c **** 	CFG_TFT_DELAY_MS(20);
 1377              		.loc 1 221 0
 1378 0062 2846     		mov	r0, r5
 1379 0064 FFF7FEFF 		bl	TFT_RES_Write
 1380              	.LVL126:
 222:source\bsw\tft/tft.c ****     
 1381              		.loc 1 222 0
 1382 0068 1420     		movs	r0, #20
 1383 006a FFF7FEFF 		bl	CyDelay
ARM GAS  C:\Users\91819\AppData\Local\Temp\ccy28JmR.s 			page 37


 1384              	.LVL127:
 225:source\bsw\tft/tft.c ****     CFG_TFT_DELAY_MS(50);
 1385              		.loc 1 225 0
 1386 006e 2946     		mov	r1, r5
 1387 0070 2046     		mov	r0, r4
 1388 0072 FFF7FEFF 		bl	TFT_send
 1389              	.LVL128:
 226:source\bsw\tft/tft.c ****     
 1390              		.loc 1 226 0
 1391 0076 3220     		movs	r0, #50
 1392 0078 FFF7FEFF 		bl	CyDelay
 1393              	.LVL129:
 229:source\bsw\tft/tft.c **** 	CFG_TFT_DELAY_MS(120);              //Delay 120ms
 1394              		.loc 1 229 0
 1395 007c 1121     		movs	r1, #17
 1396 007e 2046     		mov	r0, r4
 1397 0080 FFF7FEFF 		bl	TFT_send
 1398              	.LVL130:
 230:source\bsw\tft/tft.c ****     
 1399              		.loc 1 230 0
 1400 0084 7820     		movs	r0, #120
 1401 0086 FFF7FEFF 		bl	CyDelay
 1402              	.LVL131:
 235:source\bsw\tft/tft.c ****     while(numCommands--) {          // For each command...
 1403              		.loc 1 235 0
 1404 008a 0F22     		movs	r2, #15
 1405 008c 144D     		ldr	r5, .L114+4
 236:source\bsw\tft/tft.c ****         TFT_write_cmd(*(addr++));    // Read, issue command
 1406              		.loc 1 236 0
 1407 008e 14E0     		b	.L109
 1408              	.LVL132:
 1409              	.L112:
 237:source\bsw\tft/tft.c ****         numArgs  = *(addr++);       // Number of args to follow
 1410              		.loc 1 237 0
 1411 0090 2C46     		mov	r4, r5
 1412 0092 14F8021B 		ldrb	r1, [r4], #2	@ zero_extendqisi2
 1413 0096 0020     		movs	r0, #0
 1414 0098 FFF7FEFF 		bl	TFT_send
 1415              	.LVL133:
 238:source\bsw\tft/tft.c ****         while(numArgs--) {          // For each argument...
 1416              		.loc 1 238 0
 1417 009c 6A78     		ldrb	r2, [r5, #1]	@ zero_extendqisi2
 1418              	.LVL134:
 1419 009e 2546     		mov	r5, r4
 239:source\bsw\tft/tft.c ****           TFT_write_data(*(addr++));     // Read, issue argument
 1420              		.loc 1 239 0
 1421 00a0 06E0     		b	.L110
 1422              	.LVL135:
 1423              	.L111:
 240:source\bsw\tft/tft.c ****         }
 1424              		.loc 1 240 0
 1425 00a2 6E1C     		adds	r6, r5, #1
 1426              	.LVL136:
 1427 00a4 2978     		ldrb	r1, [r5]	@ zero_extendqisi2
 1428 00a6 0120     		movs	r0, #1
 1429 00a8 FFF7FEFF 		bl	TFT_send
 1430              	.LVL137:
ARM GAS  C:\Users\91819\AppData\Local\Temp\ccy28JmR.s 			page 38


 239:source\bsw\tft/tft.c ****           TFT_write_data(*(addr++));     // Read, issue argument
 1431              		.loc 1 239 0
 1432 00ac 2246     		mov	r2, r4
 240:source\bsw\tft/tft.c ****         }
 1433              		.loc 1 240 0
 1434 00ae 3546     		mov	r5, r6
 1435              	.LVL138:
 1436              	.L110:
 239:source\bsw\tft/tft.c ****           TFT_write_data(*(addr++));     // Read, issue argument
 1437              		.loc 1 239 0
 1438 00b0 531E     		subs	r3, r2, #1
 1439 00b2 DCB2     		uxtb	r4, r3
 1440              	.LVL139:
 1441 00b4 002A     		cmp	r2, #0
 1442 00b6 F4D1     		bne	.L111
 236:source\bsw\tft/tft.c ****         TFT_write_cmd(*(addr++));    // Read, issue command
 1443              		.loc 1 236 0
 1444 00b8 3A46     		mov	r2, r7
 1445              	.LVL140:
 1446              	.L109:
 1447 00ba 531E     		subs	r3, r2, #1
 1448 00bc DFB2     		uxtb	r7, r3
 1449              	.LVL141:
 1450 00be 002A     		cmp	r2, #0
 1451 00c0 E6D1     		bne	.L112
 245:source\bsw\tft/tft.c ****     
 1452              		.loc 1 245 0
 1453 00c2 0220     		movs	r0, #2
 1454 00c4 FFF7FEFF 		bl	TFT_setRotation
 1455              	.LVL142:
 248:source\bsw\tft/tft.c ****     
 1456              		.loc 1 248 0
 1457 00c8 0020     		movs	r0, #0
 1458 00ca FFF7FEFF 		bl	TFT_fillScreen
 1459              	.LVL143:
 251:source\bsw\tft/tft.c ****     MODULE_PWM(WriteCompare)(CFG_TFT_BACKLIGHT);
 1460              		.loc 1 251 0
 1461 00ce FFF7FEFF 		bl	TFT_BackLight_Start
 1462              	.LVL144:
 252:source\bsw\tft/tft.c **** }
 1463              		.loc 1 252 0
 1464 00d2 6420     		movs	r0, #100
 1465 00d4 FFF7FEFF 		bl	TFT_BackLight_WriteCompare
 1466              	.LVL145:
 1467 00d8 F8BD     		pop	{r3, r4, r5, r6, r7, pc}
 1468              	.LVL146:
 1469              	.L115:
 1470 00da 00BF     		.align	2
 1471              	.L114:
 1472 00dc 00000000 		.word	.LANCHOR0
 1473 00e0 01000000 		.word	.LANCHOR1+1
 1474              		.cfi_endproc
 1475              	.LFE3:
 1476              		.size	TFT_init, .-TFT_init
 1477              		.section	.text.TFT_clearScreen,"ax",%progbits
 1478              		.align	2
 1479              		.global	TFT_clearScreen
ARM GAS  C:\Users\91819\AppData\Local\Temp\ccy28JmR.s 			page 39


 1480              		.thumb
 1481              		.thumb_func
 1482              		.type	TFT_clearScreen, %function
 1483              	TFT_clearScreen:
 1484              	.LFB23:
 514:source\bsw\tft/tft.c **** 
 1485              		.loc 1 514 0
 1486              		.cfi_startproc
 1487              		@ args = 0, pretend = 0, frame = 0
 1488              		@ frame_needed = 0, uses_anonymous_args = 0
 1489 0000 08B5     		push	{r3, lr}
 1490              		.cfi_def_cfa_offset 8
 1491              		.cfi_offset 3, -8
 1492              		.cfi_offset 14, -4
 514:source\bsw\tft/tft.c **** 
 1493              		.loc 1 514 0
 1494 0002 FFF7FEFF 		bl	TFT_getBGcolor
 1495              	.LVL147:
 1496 0006 FFF7FEFF 		bl	TFT_fillScreen
 1497              	.LVL148:
 1498 000a 08BD     		pop	{r3, pc}
 1499              		.cfi_endproc
 1500              	.LFE23:
 1501              		.size	TFT_clearScreen, .-TFT_clearScreen
 1502              		.section	.text.TFT_drawPixel,"ax",%progbits
 1503              		.align	2
 1504              		.global	TFT_drawPixel
 1505              		.thumb
 1506              		.thumb_func
 1507              		.type	TFT_drawPixel, %function
 1508              	TFT_drawPixel:
 1509              	.LFB25:
 533:source\bsw\tft/tft.c ****         }
 534:source\bsw\tft/tft.c ****     }
 535:source\bsw\tft/tft.c **** }
 536:source\bsw\tft/tft.c **** 
 537:source\bsw\tft/tft.c **** void TFT_drawPixel(int16_t x, int16_t y, TFT_color_t color) {
 1510              		.loc 1 537 0
 1511              		.cfi_startproc
 1512              		@ args = 0, pretend = 0, frame = 0
 1513              		@ frame_needed = 0, uses_anonymous_args = 0
 1514              	.LVL149:
 538:source\bsw\tft/tft.c **** 
 539:source\bsw\tft/tft.c ****     if((x < 0) ||(x >= _width) || (y < 0) || (y >= _height)) return;
 1515              		.loc 1 539 0
 1516 0000 0028     		cmp	r0, #0
 1517              	.LVL150:
 1518 0002 21DB     		blt	.L121
 1519              		.loc 1 539 0 is_stmt 0 discriminator 1
 1520 0004 114B     		ldr	r3, .L122
 1521 0006 B3F90630 		ldrsh	r3, [r3, #6]
 1522 000a 9842     		cmp	r0, r3
 1523 000c 1CDA     		bge	.L121
 1524              		.loc 1 539 0 discriminator 2
 1525 000e 0029     		cmp	r1, #0
 1526 0010 1ADB     		blt	.L121
 1527              		.loc 1 539 0 discriminator 3
ARM GAS  C:\Users\91819\AppData\Local\Temp\ccy28JmR.s 			page 40


 1528 0012 0E4B     		ldr	r3, .L122
 1529 0014 B3F8DA30 		ldrh	r3, [r3, #218]
 1530 0018 9942     		cmp	r1, r3
 1531 001a 15DA     		bge	.L121
 537:source\bsw\tft/tft.c **** 
 1532              		.loc 1 537 0 is_stmt 1
 1533 001c 10B5     		push	{r4, lr}
 1534              		.cfi_def_cfa_offset 8
 1535              		.cfi_offset 4, -8
 1536              		.cfi_offset 14, -4
 1537 001e 1446     		mov	r4, r2
 540:source\bsw\tft/tft.c ****     setAddrWindow(x,y,x+1,y+1);
 1538              		.loc 1 540 0
 1539 0020 C0B2     		uxtb	r0, r0
 1540 0022 C9B2     		uxtb	r1, r1
 1541              	.LVL151:
 1542 0024 4B1C     		adds	r3, r1, #1
 1543 0026 421C     		adds	r2, r0, #1
 1544              	.LVL152:
 1545 0028 DBB2     		uxtb	r3, r3
 1546 002a D2B2     		uxtb	r2, r2
 1547 002c FFF7FEFF 		bl	setAddrWindow
 1548              	.LVL153:
 541:source\bsw\tft/tft.c **** 
 542:source\bsw\tft/tft.c ****     TFT_DC_HIGH;
 1549              		.loc 1 542 0
 1550 0030 0120     		movs	r0, #1
 1551 0032 FFF7FEFF 		bl	TFT_DC_Write
 1552              	.LVL154:
 543:source\bsw\tft/tft.c ****     TFT_write_stream(color >> 8);
 1553              		.loc 1 543 0
 1554 0036 210A     		lsrs	r1, r4, #8
 1555 0038 0220     		movs	r0, #2
 1556 003a FFF7FEFF 		bl	TFT_send
 1557              	.LVL155:
 544:source\bsw\tft/tft.c ****     TFT_write_stream(color);
 1558              		.loc 1 544 0
 1559 003e E1B2     		uxtb	r1, r4
 1560 0040 0220     		movs	r0, #2
 1561 0042 FFF7FEFF 		bl	TFT_send
 1562              	.LVL156:
 1563 0046 10BD     		pop	{r4, pc}
 1564              	.LVL157:
 1565              	.L121:
 1566              		.cfi_def_cfa_offset 0
 1567              		.cfi_restore 4
 1568              		.cfi_restore 14
 1569 0048 7047     		bx	lr
 1570              	.L123:
 1571 004a 00BF     		.align	2
 1572              	.L122:
 1573 004c 00000000 		.word	.LANCHOR0
 1574              		.cfi_endproc
 1575              	.LFE25:
 1576              		.size	TFT_drawPixel, .-TFT_drawPixel
 1577              		.section	.text.TFT_drawCircleHelper,"ax",%progbits
 1578              		.align	2
ARM GAS  C:\Users\91819\AppData\Local\Temp\ccy28JmR.s 			page 41


 1579              		.thumb
 1580              		.thumb_func
 1581              		.type	TFT_drawCircleHelper, %function
 1582              	TFT_drawCircleHelper:
 1583              	.LFB31:
 545:source\bsw\tft/tft.c **** 
 546:source\bsw\tft/tft.c **** }
 547:source\bsw\tft/tft.c **** 
 548:source\bsw\tft/tft.c **** void TFT_fastVLine(int16_t x, int16_t y, int16_t h, TFT_color_t color) {
 549:source\bsw\tft/tft.c **** 
 550:source\bsw\tft/tft.c ****   // Rudimentary clipping
 551:source\bsw\tft/tft.c ****   if((x >= _width) || (y >= _height)) return;
 552:source\bsw\tft/tft.c ****   if((y+h-1) >= _height) h = _height-y;
 553:source\bsw\tft/tft.c ****   setAddrWindow(x, y, x, y+h-1);
 554:source\bsw\tft/tft.c **** 
 555:source\bsw\tft/tft.c ****   uint8_t hi = color >> 8, lo = color;
 556:source\bsw\tft/tft.c ****     
 557:source\bsw\tft/tft.c ****   TFT_DC_HIGH;
 558:source\bsw\tft/tft.c ****   while (h--) {
 559:source\bsw\tft/tft.c ****     TFT_write_stream(hi);
 560:source\bsw\tft/tft.c ****     TFT_write_stream(lo);
 561:source\bsw\tft/tft.c ****   }
 562:source\bsw\tft/tft.c **** }
 563:source\bsw\tft/tft.c **** 
 564:source\bsw\tft/tft.c **** void TFT_fastHLine(int16_t x, int16_t y, int16_t w,  TFT_color_t color) {
 565:source\bsw\tft/tft.c **** 
 566:source\bsw\tft/tft.c ****     // Rudimentary clipping
 567:source\bsw\tft/tft.c ****     if((x >= _width) || (y >= _height)) return;
 568:source\bsw\tft/tft.c ****     if((x+w-1) >= _width)  w = _width-x;
 569:source\bsw\tft/tft.c ****     setAddrWindow(x, y, x+w-1, y);
 570:source\bsw\tft/tft.c **** 
 571:source\bsw\tft/tft.c ****     uint8_t hi = color >> 8, lo = color;
 572:source\bsw\tft/tft.c **** 
 573:source\bsw\tft/tft.c ****     TFT_DC_HIGH;
 574:source\bsw\tft/tft.c **** 
 575:source\bsw\tft/tft.c ****     while (w--) {
 576:source\bsw\tft/tft.c ****         TFT_write_stream(hi);
 577:source\bsw\tft/tft.c ****         TFT_write_stream(lo);
 578:source\bsw\tft/tft.c ****     }
 579:source\bsw\tft/tft.c **** }
 580:source\bsw\tft/tft.c **** 
 581:source\bsw\tft/tft.c **** // Bresenham's algorithm - thx wikpedia
 582:source\bsw\tft/tft.c **** void TFT_writeLine(int16_t x0, int16_t y0, int16_t x1, int16_t y1,  TFT_color_t color) {
 583:source\bsw\tft/tft.c ****     int16_t steep = _abs(y1 - y0) > _abs(x1 - x0);
 584:source\bsw\tft/tft.c ****     if (steep) {
 585:source\bsw\tft/tft.c ****         _swap_int16_t(x0, y0);
 586:source\bsw\tft/tft.c ****         _swap_int16_t(x1, y1);
 587:source\bsw\tft/tft.c ****     }
 588:source\bsw\tft/tft.c **** 
 589:source\bsw\tft/tft.c ****     if (x0 > x1) {
 590:source\bsw\tft/tft.c ****         _swap_int16_t(x0, x1);
 591:source\bsw\tft/tft.c ****         _swap_int16_t(y0, y1);
 592:source\bsw\tft/tft.c ****     }
 593:source\bsw\tft/tft.c **** 
 594:source\bsw\tft/tft.c ****     int16_t dx, dy;
 595:source\bsw\tft/tft.c ****     dx = x1 - x0;
 596:source\bsw\tft/tft.c ****     dy = _abs(y1 - y0);
ARM GAS  C:\Users\91819\AppData\Local\Temp\ccy28JmR.s 			page 42


 597:source\bsw\tft/tft.c **** 
 598:source\bsw\tft/tft.c ****     int16_t err = dx / 2;
 599:source\bsw\tft/tft.c ****     int16_t ystep;
 600:source\bsw\tft/tft.c **** 
 601:source\bsw\tft/tft.c ****     if (y0 < y1) {
 602:source\bsw\tft/tft.c ****         ystep = 1;
 603:source\bsw\tft/tft.c ****     } else {
 604:source\bsw\tft/tft.c ****         ystep = -1;
 605:source\bsw\tft/tft.c ****     }
 606:source\bsw\tft/tft.c **** 
 607:source\bsw\tft/tft.c ****     for (; x0<=x1; x0++) {
 608:source\bsw\tft/tft.c ****         if (steep) {
 609:source\bsw\tft/tft.c ****             TFT_drawPixel(y0, x0, color);
 610:source\bsw\tft/tft.c ****         } else {
 611:source\bsw\tft/tft.c ****             TFT_drawPixel(x0, y0, color);
 612:source\bsw\tft/tft.c ****         }
 613:source\bsw\tft/tft.c ****         err -= dy;
 614:source\bsw\tft/tft.c ****         if (err < 0) {
 615:source\bsw\tft/tft.c ****             y0 += ystep;
 616:source\bsw\tft/tft.c ****             err += dx;
 617:source\bsw\tft/tft.c ****         }
 618:source\bsw\tft/tft.c ****     }
 619:source\bsw\tft/tft.c **** }
 620:source\bsw\tft/tft.c **** 
 621:source\bsw\tft/tft.c **** void TFT_invertDisplay(boolean_t i) {
 622:source\bsw\tft/tft.c ****   TFT_write_cmd(i ? ST7735_INVON : ST7735_INVOFF);
 623:source\bsw\tft/tft.c **** }
 624:source\bsw\tft/tft.c **** 
 625:source\bsw\tft/tft.c **** // Draw a circle outline
 626:source\bsw\tft/tft.c **** void TFT_drawCircle(int16_t x0, int16_t y0, int16_t r, TFT_color_t color) {
 627:source\bsw\tft/tft.c ****     int16_t f = 1 - r;
 628:source\bsw\tft/tft.c ****     int16_t ddF_x = 1;
 629:source\bsw\tft/tft.c ****     int16_t ddF_y = -2 * r;
 630:source\bsw\tft/tft.c ****     int16_t x = 0;
 631:source\bsw\tft/tft.c ****     int16_t y = r;
 632:source\bsw\tft/tft.c **** 
 633:source\bsw\tft/tft.c ****     TFT_drawPixel(x0  , y0+r, color);
 634:source\bsw\tft/tft.c ****     TFT_drawPixel(x0  , y0-r, color);
 635:source\bsw\tft/tft.c ****     TFT_drawPixel(x0+r, y0  , color);
 636:source\bsw\tft/tft.c ****     TFT_drawPixel(x0-r, y0  , color);
 637:source\bsw\tft/tft.c **** 
 638:source\bsw\tft/tft.c ****     while (x<y) {
 639:source\bsw\tft/tft.c ****         if (f >= 0) {
 640:source\bsw\tft/tft.c ****             y--;
 641:source\bsw\tft/tft.c ****             ddF_y += 2;
 642:source\bsw\tft/tft.c ****             f += ddF_y;
 643:source\bsw\tft/tft.c ****         }
 644:source\bsw\tft/tft.c ****         x++;
 645:source\bsw\tft/tft.c ****         ddF_x += 2;
 646:source\bsw\tft/tft.c ****         f += ddF_x;
 647:source\bsw\tft/tft.c **** 
 648:source\bsw\tft/tft.c ****         TFT_drawPixel(x0 + x, y0 + y, color);
 649:source\bsw\tft/tft.c ****         TFT_drawPixel(x0 - x, y0 + y, color);
 650:source\bsw\tft/tft.c ****         TFT_drawPixel(x0 + x, y0 - y, color);
 651:source\bsw\tft/tft.c ****         TFT_drawPixel(x0 - x, y0 - y, color);
 652:source\bsw\tft/tft.c ****         TFT_drawPixel(x0 + y, y0 + x, color);
 653:source\bsw\tft/tft.c ****         TFT_drawPixel(x0 - y, y0 + x, color);
ARM GAS  C:\Users\91819\AppData\Local\Temp\ccy28JmR.s 			page 43


 654:source\bsw\tft/tft.c ****         TFT_drawPixel(x0 + y, y0 - x, color);
 655:source\bsw\tft/tft.c ****         TFT_drawPixel(x0 - y, y0 - x, color);
 656:source\bsw\tft/tft.c ****     }
 657:source\bsw\tft/tft.c **** 
 658:source\bsw\tft/tft.c **** }
 659:source\bsw\tft/tft.c **** 
 660:source\bsw\tft/tft.c **** void TFT_drawCircleHelper( int16_t x0, int16_t y0, int16_t r, uint8_t cornername, TFT_color_t color
 1584              		.loc 1 660 0
 1585              		.cfi_startproc
 1586              		@ args = 4, pretend = 0, frame = 24
 1587              		@ frame_needed = 0, uses_anonymous_args = 0
 1588              	.LVL158:
 1589 0000 2DE9F04F 		push	{r4, r5, r6, r7, r8, r9, r10, fp, lr}
 1590              		.cfi_def_cfa_offset 36
 1591              		.cfi_offset 4, -36
 1592              		.cfi_offset 5, -32
 1593              		.cfi_offset 6, -28
 1594              		.cfi_offset 7, -24
 1595              		.cfi_offset 8, -20
 1596              		.cfi_offset 9, -16
 1597              		.cfi_offset 10, -12
 1598              		.cfi_offset 11, -8
 1599              		.cfi_offset 14, -4
 1600 0004 87B0     		sub	sp, sp, #28
 1601              		.cfi_def_cfa_offset 64
 1602 0006 0490     		str	r0, [sp, #16]
 1603 0008 0591     		str	r1, [sp, #20]
 1604 000a 1746     		mov	r7, r2
 1605 000c 9946     		mov	r9, r3
 1606 000e BDF84030 		ldrh	r3, [sp, #64]
 1607              	.LVL159:
 1608 0012 0193     		str	r3, [sp, #4]
 661:source\bsw\tft/tft.c ****     int16_t f     = 1 - r;
 1609              		.loc 1 661 0
 1610 0014 93B2     		uxth	r3, r2
 1611 0016 C3F10104 		rsb	r4, r3, #1
 1612 001a 24B2     		sxth	r4, r4
 1613              	.LVL160:
 662:source\bsw\tft/tft.c ****     int16_t ddF_x = 1;
 663:source\bsw\tft/tft.c ****     int16_t ddF_y = -2 * r;
 1614              		.loc 1 663 0
 1615 001c C3EBC333 		rsb	r3, r3, r3, lsl #15
 1616 0020 5A00     		lsls	r2, r3, #1
 1617              	.LVL161:
 1618 0022 13B2     		sxth	r3, r2
 1619 0024 0393     		str	r3, [sp, #12]
 1620              	.LVL162:
 664:source\bsw\tft/tft.c ****     int16_t x     = 0;
 1621              		.loc 1 664 0
 1622 0026 4FF00008 		mov	r8, #0
 662:source\bsw\tft/tft.c ****     int16_t ddF_x = 1;
 1623              		.loc 1 662 0
 1624 002a 0123     		movs	r3, #1
 1625 002c 0293     		str	r3, [sp, #8]
 665:source\bsw\tft/tft.c ****     int16_t y     = r;
 666:source\bsw\tft/tft.c **** 
 667:source\bsw\tft/tft.c ****     while (x<y) {
ARM GAS  C:\Users\91819\AppData\Local\Temp\ccy28JmR.s 			page 44


 1626              		.loc 1 667 0
 1627 002e 7FE0     		b	.L125
 1628              	.LVL163:
 1629              	.L131:
 668:source\bsw\tft/tft.c ****         if (f >= 0) {
 1630              		.loc 1 668 0
 1631 0030 002C     		cmp	r4, #0
 1632 0032 08DB     		blt	.L126
 669:source\bsw\tft/tft.c ****             y--;
 1633              		.loc 1 669 0
 1634 0034 013F     		subs	r7, r7, #1
 1635              	.LVL164:
 1636 0036 3FB2     		sxth	r7, r7
 1637              	.LVL165:
 670:source\bsw\tft/tft.c ****             ddF_y += 2;
 1638              		.loc 1 670 0
 1639 0038 039B     		ldr	r3, [sp, #12]
 1640 003a 0233     		adds	r3, r3, #2
 1641 003c 9BB2     		uxth	r3, r3
 1642 003e 1AB2     		sxth	r2, r3
 1643 0040 0392     		str	r2, [sp, #12]
 1644              	.LVL166:
 671:source\bsw\tft/tft.c ****             f     += ddF_y;
 1645              		.loc 1 671 0
 1646 0042 1C44     		add	r4, r4, r3
 1647              	.LVL167:
 1648 0044 24B2     		sxth	r4, r4
 1649              	.LVL168:
 1650              	.L126:
 672:source\bsw\tft/tft.c ****         }
 673:source\bsw\tft/tft.c ****         x++;
 1651              		.loc 1 673 0
 1652 0046 08F10108 		add	r8, r8, #1
 1653              	.LVL169:
 1654 004a 1FFA88F5 		uxth	r5, r8
 1655 004e 0FFA85F8 		sxth	r8, r5
 1656              	.LVL170:
 674:source\bsw\tft/tft.c ****         ddF_x += 2;
 1657              		.loc 1 674 0
 1658 0052 029B     		ldr	r3, [sp, #8]
 1659 0054 0233     		adds	r3, r3, #2
 1660 0056 9BB2     		uxth	r3, r3
 1661 0058 1AB2     		sxth	r2, r3
 1662 005a 0292     		str	r2, [sp, #8]
 1663              	.LVL171:
 675:source\bsw\tft/tft.c ****         f     += ddF_x;
 1664              		.loc 1 675 0
 1665 005c 1C44     		add	r4, r4, r3
 1666              	.LVL172:
 1667 005e 24B2     		sxth	r4, r4
 1668              	.LVL173:
 676:source\bsw\tft/tft.c ****         if (cornername & 0x4) {
 1669              		.loc 1 676 0
 1670 0060 19F0040F 		tst	r9, #4
 1671 0064 16D0     		beq	.L127
 677:source\bsw\tft/tft.c ****             TFT_drawPixel(x0 + x, y0 + y, color);
 1672              		.loc 1 677 0
ARM GAS  C:\Users\91819\AppData\Local\Temp\ccy28JmR.s 			page 45


 1673 0066 BDF810B0 		ldrh	fp, [sp, #16]
 1674 006a BDF81460 		ldrh	r6, [sp, #20]
 1675 006e 1FFA87FA 		uxth	r10, r7
 1676 0072 06EB0A01 		add	r1, r6, r10
 1677 0076 05EB0B00 		add	r0, r5, fp
 1678 007a 019A     		ldr	r2, [sp, #4]
 1679 007c 09B2     		sxth	r1, r1
 1680 007e 00B2     		sxth	r0, r0
 1681 0080 FFF7FEFF 		bl	TFT_drawPixel
 1682              	.LVL174:
 678:source\bsw\tft/tft.c ****             TFT_drawPixel(x0 + y, y0 + x, color);
 1683              		.loc 1 678 0
 1684 0084 A919     		adds	r1, r5, r6
 1685 0086 0BEB0A00 		add	r0, fp, r10
 1686 008a 019A     		ldr	r2, [sp, #4]
 1687 008c 09B2     		sxth	r1, r1
 1688 008e 00B2     		sxth	r0, r0
 1689 0090 FFF7FEFF 		bl	TFT_drawPixel
 1690              	.LVL175:
 1691              	.L127:
 679:source\bsw\tft/tft.c ****         }
 680:source\bsw\tft/tft.c ****         if (cornername & 0x2) {
 1692              		.loc 1 680 0
 1693 0094 19F0020F 		tst	r9, #2
 1694 0098 16D0     		beq	.L128
 681:source\bsw\tft/tft.c ****             TFT_drawPixel(x0 + x, y0 - y, color);
 1695              		.loc 1 681 0
 1696 009a BDF810B0 		ldrh	fp, [sp, #16]
 1697 009e BDF81460 		ldrh	r6, [sp, #20]
 1698 00a2 1FFA87FA 		uxth	r10, r7
 1699 00a6 CAEB0601 		rsb	r1, r10, r6
 1700 00aa 05EB0B00 		add	r0, r5, fp
 1701 00ae 019A     		ldr	r2, [sp, #4]
 1702 00b0 09B2     		sxth	r1, r1
 1703 00b2 00B2     		sxth	r0, r0
 1704 00b4 FFF7FEFF 		bl	TFT_drawPixel
 1705              	.LVL176:
 682:source\bsw\tft/tft.c ****             TFT_drawPixel(x0 + y, y0 - x, color);
 1706              		.loc 1 682 0
 1707 00b8 711B     		subs	r1, r6, r5
 1708 00ba 0BEB0A00 		add	r0, fp, r10
 1709 00be 019A     		ldr	r2, [sp, #4]
 1710 00c0 09B2     		sxth	r1, r1
 1711 00c2 00B2     		sxth	r0, r0
 1712 00c4 FFF7FEFF 		bl	TFT_drawPixel
 1713              	.LVL177:
 1714              	.L128:
 683:source\bsw\tft/tft.c ****         }
 684:source\bsw\tft/tft.c ****         if (cornername & 0x8) {
 1715              		.loc 1 684 0
 1716 00c8 19F0080F 		tst	r9, #8
 1717 00cc 16D0     		beq	.L129
 685:source\bsw\tft/tft.c ****             TFT_drawPixel(x0 - y, y0 + x, color);
 1718              		.loc 1 685 0
 1719 00ce BDF81060 		ldrh	r6, [sp, #16]
 1720 00d2 1FFA87FB 		uxth	fp, r7
 1721 00d6 BDF814A0 		ldrh	r10, [sp, #20]
ARM GAS  C:\Users\91819\AppData\Local\Temp\ccy28JmR.s 			page 46


 1722 00da 05EB0A01 		add	r1, r5, r10
 1723 00de CBEB0600 		rsb	r0, fp, r6
 1724 00e2 019A     		ldr	r2, [sp, #4]
 1725 00e4 09B2     		sxth	r1, r1
 1726 00e6 00B2     		sxth	r0, r0
 1727 00e8 FFF7FEFF 		bl	TFT_drawPixel
 1728              	.LVL178:
 686:source\bsw\tft/tft.c ****             TFT_drawPixel(x0 - x, y0 + y, color);
 1729              		.loc 1 686 0
 1730 00ec 0BEB0A01 		add	r1, fp, r10
 1731 00f0 701B     		subs	r0, r6, r5
 1732 00f2 019A     		ldr	r2, [sp, #4]
 1733 00f4 09B2     		sxth	r1, r1
 1734 00f6 00B2     		sxth	r0, r0
 1735 00f8 FFF7FEFF 		bl	TFT_drawPixel
 1736              	.LVL179:
 1737              	.L129:
 687:source\bsw\tft/tft.c ****         }
 688:source\bsw\tft/tft.c ****         if (cornername & 0x1) {
 1738              		.loc 1 688 0
 1739 00fc 19F0010F 		tst	r9, #1
 1740 0100 16D0     		beq	.L125
 689:source\bsw\tft/tft.c ****             TFT_drawPixel(x0 - y, y0 - x, color);
 1741              		.loc 1 689 0
 1742 0102 BDF81060 		ldrh	r6, [sp, #16]
 1743 0106 1FFA87FB 		uxth	fp, r7
 1744 010a BDF814A0 		ldrh	r10, [sp, #20]
 1745 010e C5EB0A01 		rsb	r1, r5, r10
 1746 0112 CBEB0600 		rsb	r0, fp, r6
 1747 0116 019A     		ldr	r2, [sp, #4]
 1748 0118 09B2     		sxth	r1, r1
 1749 011a 00B2     		sxth	r0, r0
 1750 011c FFF7FEFF 		bl	TFT_drawPixel
 1751              	.LVL180:
 690:source\bsw\tft/tft.c ****             TFT_drawPixel(x0 - x, y0 - y, color);
 1752              		.loc 1 690 0
 1753 0120 CBEB0A01 		rsb	r1, fp, r10
 1754 0124 701B     		subs	r0, r6, r5
 1755 0126 019A     		ldr	r2, [sp, #4]
 1756 0128 09B2     		sxth	r1, r1
 1757 012a 00B2     		sxth	r0, r0
 1758 012c FFF7FEFF 		bl	TFT_drawPixel
 1759              	.LVL181:
 1760              	.L125:
 667:source\bsw\tft/tft.c ****         if (f >= 0) {
 1761              		.loc 1 667 0
 1762 0130 B845     		cmp	r8, r7
 1763 0132 FFF67DAF 		blt	.L131
 691:source\bsw\tft/tft.c ****         }
 692:source\bsw\tft/tft.c ****     }
 693:source\bsw\tft/tft.c **** }
 1764              		.loc 1 693 0
 1765 0136 07B0     		add	sp, sp, #28
 1766              		.cfi_def_cfa_offset 36
 1767              		@ sp needed
 1768 0138 BDE8F08F 		pop	{r4, r5, r6, r7, r8, r9, r10, fp, pc}
 1769              		.cfi_endproc
ARM GAS  C:\Users\91819\AppData\Local\Temp\ccy28JmR.s 			page 47


 1770              	.LFE31:
 1771              		.size	TFT_drawCircleHelper, .-TFT_drawCircleHelper
 1772              		.section	.text.TFT_fastVLine,"ax",%progbits
 1773              		.align	2
 1774              		.global	TFT_fastVLine
 1775              		.thumb
 1776              		.thumb_func
 1777              		.type	TFT_fastVLine, %function
 1778              	TFT_fastVLine:
 1779              	.LFB26:
 548:source\bsw\tft/tft.c **** 
 1780              		.loc 1 548 0
 1781              		.cfi_startproc
 1782              		@ args = 0, pretend = 0, frame = 0
 1783              		@ frame_needed = 0, uses_anonymous_args = 0
 1784              	.LVL182:
 1785 0000 F8B5     		push	{r3, r4, r5, r6, r7, lr}
 1786              		.cfi_def_cfa_offset 24
 1787              		.cfi_offset 3, -24
 1788              		.cfi_offset 4, -20
 1789              		.cfi_offset 5, -16
 1790              		.cfi_offset 6, -12
 1791              		.cfi_offset 7, -8
 1792              		.cfi_offset 14, -4
 1793 0002 1E46     		mov	r6, r3
 551:source\bsw\tft/tft.c ****   if((y+h-1) >= _height) h = _height-y;
 1794              		.loc 1 551 0
 1795 0004 164B     		ldr	r3, .L139
 1796              	.LVL183:
 1797 0006 B3F90630 		ldrsh	r3, [r3, #6]
 1798 000a 8342     		cmp	r3, r0
 1799 000c 26DD     		ble	.L133
 1800 000e 1546     		mov	r5, r2
 551:source\bsw\tft/tft.c ****   if((y+h-1) >= _height) h = _height-y;
 1801              		.loc 1 551 0 is_stmt 0 discriminator 1
 1802 0010 134B     		ldr	r3, .L139
 1803 0012 B3F8DA30 		ldrh	r3, [r3, #218]
 1804 0016 9942     		cmp	r1, r3
 1805 0018 20DA     		bge	.L133
 552:source\bsw\tft/tft.c ****   setAddrWindow(x, y, x, y+h-1);
 1806              		.loc 1 552 0 is_stmt 1
 1807 001a 0A44     		add	r2, r2, r1
 1808              	.LVL184:
 1809 001c 013A     		subs	r2, r2, #1
 1810 001e 9342     		cmp	r3, r2
 1811 0020 01DC     		bgt	.L135
 552:source\bsw\tft/tft.c ****   setAddrWindow(x, y, x, y+h-1);
 1812              		.loc 1 552 0 is_stmt 0 discriminator 1
 1813 0022 5D1A     		subs	r5, r3, r1
 1814 0024 2DB2     		sxth	r5, r5
 1815              	.LVL185:
 1816              	.L135:
 553:source\bsw\tft/tft.c **** 
 1817              		.loc 1 553 0 is_stmt 1
 1818 0026 C0B2     		uxtb	r0, r0
 1819              	.LVL186:
 1820 0028 C9B2     		uxtb	r1, r1
ARM GAS  C:\Users\91819\AppData\Local\Temp\ccy28JmR.s 			page 48


 1821              	.LVL187:
 1822 002a 4B19     		adds	r3, r1, r5
 1823 002c 013B     		subs	r3, r3, #1
 1824 002e DBB2     		uxtb	r3, r3
 1825 0030 0246     		mov	r2, r0
 1826 0032 FFF7FEFF 		bl	setAddrWindow
 1827              	.LVL188:
 555:source\bsw\tft/tft.c ****     
 1828              		.loc 1 555 0
 1829 0036 370A     		lsrs	r7, r6, #8
 1830              	.LVL189:
 1831 0038 F6B2     		uxtb	r6, r6
 1832              	.LVL190:
 557:source\bsw\tft/tft.c ****   while (h--) {
 1833              		.loc 1 557 0
 1834 003a 0120     		movs	r0, #1
 1835 003c FFF7FEFF 		bl	TFT_DC_Write
 1836              	.LVL191:
 558:source\bsw\tft/tft.c ****     TFT_write_stream(hi);
 1837              		.loc 1 558 0
 1838 0040 08E0     		b	.L136
 1839              	.LVL192:
 1840              	.L137:
 559:source\bsw\tft/tft.c ****     TFT_write_stream(lo);
 1841              		.loc 1 559 0
 1842 0042 3946     		mov	r1, r7
 1843 0044 0220     		movs	r0, #2
 1844 0046 FFF7FEFF 		bl	TFT_send
 1845              	.LVL193:
 560:source\bsw\tft/tft.c ****   }
 1846              		.loc 1 560 0
 1847 004a 3146     		mov	r1, r6
 1848 004c 0220     		movs	r0, #2
 1849 004e FFF7FEFF 		bl	TFT_send
 1850              	.LVL194:
 558:source\bsw\tft/tft.c ****     TFT_write_stream(hi);
 1851              		.loc 1 558 0
 1852 0052 2546     		mov	r5, r4
 1853              	.LVL195:
 1854              	.L136:
 1855 0054 6A1E     		subs	r2, r5, #1
 1856 0056 14B2     		sxth	r4, r2
 1857              	.LVL196:
 1858 0058 002D     		cmp	r5, #0
 1859 005a F2D1     		bne	.L137
 1860              	.LVL197:
 1861              	.L133:
 1862 005c F8BD     		pop	{r3, r4, r5, r6, r7, pc}
 1863              	.L140:
 1864 005e 00BF     		.align	2
 1865              	.L139:
 1866 0060 00000000 		.word	.LANCHOR0
 1867              		.cfi_endproc
 1868              	.LFE26:
 1869              		.size	TFT_fastVLine, .-TFT_fastVLine
 1870              		.section	.text.TFT_fillCircleHelper,"ax",%progbits
 1871              		.align	2
ARM GAS  C:\Users\91819\AppData\Local\Temp\ccy28JmR.s 			page 49


 1872              		.thumb
 1873              		.thumb_func
 1874              		.type	TFT_fillCircleHelper, %function
 1875              	TFT_fillCircleHelper:
 1876              	.LFB33:
 694:source\bsw\tft/tft.c **** 
 695:source\bsw\tft/tft.c **** void TFT_fillCircle(int16_t x0, int16_t y0, int16_t r, TFT_color_t color) {
 696:source\bsw\tft/tft.c **** 
 697:source\bsw\tft/tft.c ****     TFT_fastVLine(x0, y0-r, 2*r+1, color);
 698:source\bsw\tft/tft.c ****     TFT_fillCircleHelper(x0, y0, r, 3, 0, color);
 699:source\bsw\tft/tft.c **** }
 700:source\bsw\tft/tft.c **** 
 701:source\bsw\tft/tft.c **** // Used to do circles and roundrects
 702:source\bsw\tft/tft.c **** void TFT_fillCircleHelper(int16_t x0, int16_t y0, int16_t r, uint8_t cornername, int16_t delta, TFT
 1877              		.loc 1 702 0
 1878              		.cfi_startproc
 1879              		@ args = 8, pretend = 0, frame = 32
 1880              		@ frame_needed = 0, uses_anonymous_args = 0
 1881              	.LVL198:
 1882 0000 2DE9F04F 		push	{r4, r5, r6, r7, r8, r9, r10, fp, lr}
 1883              		.cfi_def_cfa_offset 36
 1884              		.cfi_offset 4, -36
 1885              		.cfi_offset 5, -32
 1886              		.cfi_offset 6, -28
 1887              		.cfi_offset 7, -24
 1888              		.cfi_offset 8, -20
 1889              		.cfi_offset 9, -16
 1890              		.cfi_offset 10, -12
 1891              		.cfi_offset 11, -8
 1892              		.cfi_offset 14, -4
 1893 0004 89B0     		sub	sp, sp, #36
 1894              		.cfi_def_cfa_offset 72
 1895 0006 0390     		str	r0, [sp, #12]
 1896 0008 0491     		str	r1, [sp, #16]
 1897 000a 9046     		mov	r8, r2
 1898 000c 9A46     		mov	r10, r3
 1899 000e BDF94830 		ldrsh	r3, [sp, #72]
 1900              	.LVL199:
 1901 0012 0593     		str	r3, [sp, #20]
 1902 0014 BDF84C30 		ldrh	r3, [sp, #76]
 1903 0018 0293     		str	r3, [sp, #8]
 703:source\bsw\tft/tft.c **** 
 704:source\bsw\tft/tft.c ****     int16_t f     = 1 - r;
 1904              		.loc 1 704 0
 1905 001a 93B2     		uxth	r3, r2
 1906 001c C3F10104 		rsb	r4, r3, #1
 1907 0020 24B2     		sxth	r4, r4
 1908              	.LVL200:
 705:source\bsw\tft/tft.c ****     int16_t ddF_x = 1;
 706:source\bsw\tft/tft.c ****     int16_t ddF_y = -2 * r;
 1909              		.loc 1 706 0
 1910 0022 C3EBC333 		rsb	r3, r3, r3, lsl #15
 1911 0026 5A00     		lsls	r2, r3, #1
 1912              	.LVL201:
 1913 0028 13B2     		sxth	r3, r2
 1914 002a 0193     		str	r3, [sp, #4]
 1915              	.LVL202:
ARM GAS  C:\Users\91819\AppData\Local\Temp\ccy28JmR.s 			page 50


 707:source\bsw\tft/tft.c ****     int16_t x     = 0;
 1916              		.loc 1 707 0
 1917 002c 0027     		movs	r7, #0
 705:source\bsw\tft/tft.c ****     int16_t ddF_x = 1;
 1918              		.loc 1 705 0
 1919 002e 4FF0010B 		mov	fp, #1
 708:source\bsw\tft/tft.c ****     int16_t y     = r;
 709:source\bsw\tft/tft.c **** 
 710:source\bsw\tft/tft.c ****     while (x<y) {
 1920              		.loc 1 710 0
 1921 0032 63E0     		b	.L142
 1922              	.LVL203:
 1923              	.L146:
 711:source\bsw\tft/tft.c ****         if (f >= 0) {
 1924              		.loc 1 711 0
 1925 0034 002C     		cmp	r4, #0
 1926 0036 0ADB     		blt	.L143
 712:source\bsw\tft/tft.c ****             y--;
 1927              		.loc 1 712 0
 1928 0038 08F1FF38 		add	r8, r8, #-1
 1929              	.LVL204:
 1930 003c 0FFA88F8 		sxth	r8, r8
 1931              	.LVL205:
 713:source\bsw\tft/tft.c ****             ddF_y += 2;
 1932              		.loc 1 713 0
 1933 0040 019B     		ldr	r3, [sp, #4]
 1934 0042 0233     		adds	r3, r3, #2
 1935 0044 9BB2     		uxth	r3, r3
 1936 0046 1AB2     		sxth	r2, r3
 1937 0048 0192     		str	r2, [sp, #4]
 1938              	.LVL206:
 714:source\bsw\tft/tft.c ****             f     += ddF_y;
 1939              		.loc 1 714 0
 1940 004a 1C44     		add	r4, r4, r3
 1941              	.LVL207:
 1942 004c 24B2     		sxth	r4, r4
 1943              	.LVL208:
 1944              	.L143:
 715:source\bsw\tft/tft.c ****         }
 716:source\bsw\tft/tft.c ****         x++;
 1945              		.loc 1 716 0
 1946 004e 0137     		adds	r7, r7, #1
 1947              	.LVL209:
 1948 0050 BDB2     		uxth	r5, r7
 1949 0052 2FB2     		sxth	r7, r5
 1950              	.LVL210:
 717:source\bsw\tft/tft.c ****         ddF_x += 2;
 1951              		.loc 1 717 0
 1952 0054 0BF1020B 		add	fp, fp, #2
 1953              	.LVL211:
 1954 0058 1FFA8BF3 		uxth	r3, fp
 1955 005c 0FFA83FB 		sxth	fp, r3
 1956              	.LVL212:
 718:source\bsw\tft/tft.c ****         f     += ddF_x;
 1957              		.loc 1 718 0
 1958 0060 1C44     		add	r4, r4, r3
 1959              	.LVL213:
ARM GAS  C:\Users\91819\AppData\Local\Temp\ccy28JmR.s 			page 51


 1960 0062 24B2     		sxth	r4, r4
 1961              	.LVL214:
 719:source\bsw\tft/tft.c **** 
 720:source\bsw\tft/tft.c ****         if (cornername & 0x1) {
 1962              		.loc 1 720 0
 1963 0064 1AF0010F 		tst	r10, #1
 1964 0068 21D0     		beq	.L144
 721:source\bsw\tft/tft.c ****             TFT_fastVLine(x0+x, y0-y, 2*y+1+delta, color);
 1965              		.loc 1 721 0
 1966 006a BDF80C00 		ldrh	r0, [sp, #12]
 1967 006e BDF81010 		ldrh	r1, [sp, #16]
 1968 0072 1FFA88F6 		uxth	r6, r8
 1969 0076 BDF81490 		ldrh	r9, [sp, #20]
 1970 007a 09EB4602 		add	r2, r9, r6, lsl #1
 1971 007e 0132     		adds	r2, r2, #1
 1972 0080 0791     		str	r1, [sp, #28]
 1973 0082 891B     		subs	r1, r1, r6
 1974 0084 0690     		str	r0, [sp, #24]
 1975 0086 2818     		adds	r0, r5, r0
 1976 0088 029B     		ldr	r3, [sp, #8]
 1977 008a 12B2     		sxth	r2, r2
 1978 008c 09B2     		sxth	r1, r1
 1979 008e 00B2     		sxth	r0, r0
 1980 0090 FFF7FEFF 		bl	TFT_fastVLine
 1981              	.LVL215:
 722:source\bsw\tft/tft.c ****             TFT_fastVLine(x0+y, y0-x, 2*x+1+delta, color);
 1982              		.loc 1 722 0
 1983 0094 09EB4502 		add	r2, r9, r5, lsl #1
 1984 0098 0132     		adds	r2, r2, #1
 1985 009a 0799     		ldr	r1, [sp, #28]
 1986 009c 491B     		subs	r1, r1, r5
 1987 009e 0698     		ldr	r0, [sp, #24]
 1988 00a0 3044     		add	r0, r0, r6
 1989 00a2 029B     		ldr	r3, [sp, #8]
 1990 00a4 12B2     		sxth	r2, r2
 1991 00a6 09B2     		sxth	r1, r1
 1992 00a8 00B2     		sxth	r0, r0
 1993 00aa FFF7FEFF 		bl	TFT_fastVLine
 1994              	.LVL216:
 1995              	.L144:
 723:source\bsw\tft/tft.c ****         }
 724:source\bsw\tft/tft.c ****         if (cornername & 0x2) {
 1996              		.loc 1 724 0
 1997 00ae 1AF0020F 		tst	r10, #2
 1998 00b2 23D0     		beq	.L142
 725:source\bsw\tft/tft.c ****             TFT_fastVLine(x0-x, y0-y, 2*y+1+delta, color);
 1999              		.loc 1 725 0
 2000 00b4 BDF80C60 		ldrh	r6, [sp, #12]
 2001 00b8 BDF81010 		ldrh	r1, [sp, #16]
 2002 00bc 1FFA88F0 		uxth	r0, r8
 2003 00c0 BDF81430 		ldrh	r3, [sp, #20]
 2004 00c4 8146     		mov	r9, r0
 2005 00c6 0793     		str	r3, [sp, #28]
 2006 00c8 03EB4002 		add	r2, r3, r0, lsl #1
 2007 00cc 0132     		adds	r2, r2, #1
 2008 00ce 0691     		str	r1, [sp, #24]
 2009 00d0 091A     		subs	r1, r1, r0
ARM GAS  C:\Users\91819\AppData\Local\Temp\ccy28JmR.s 			page 52


 2010 00d2 701B     		subs	r0, r6, r5
 2011 00d4 029B     		ldr	r3, [sp, #8]
 2012 00d6 12B2     		sxth	r2, r2
 2013 00d8 09B2     		sxth	r1, r1
 2014 00da 00B2     		sxth	r0, r0
 2015 00dc FFF7FEFF 		bl	TFT_fastVLine
 2016              	.LVL217:
 726:source\bsw\tft/tft.c ****             TFT_fastVLine(x0-y, y0-x, 2*x+1+delta, color);
 2017              		.loc 1 726 0
 2018 00e0 079A     		ldr	r2, [sp, #28]
 2019 00e2 02EB4502 		add	r2, r2, r5, lsl #1
 2020 00e6 0132     		adds	r2, r2, #1
 2021 00e8 0699     		ldr	r1, [sp, #24]
 2022 00ea 491B     		subs	r1, r1, r5
 2023 00ec C9EB0600 		rsb	r0, r9, r6
 2024 00f0 029B     		ldr	r3, [sp, #8]
 2025 00f2 12B2     		sxth	r2, r2
 2026 00f4 09B2     		sxth	r1, r1
 2027 00f6 00B2     		sxth	r0, r0
 2028 00f8 FFF7FEFF 		bl	TFT_fastVLine
 2029              	.LVL218:
 2030              	.L142:
 710:source\bsw\tft/tft.c ****         if (f >= 0) {
 2031              		.loc 1 710 0
 2032 00fc 4745     		cmp	r7, r8
 2033 00fe 99DB     		blt	.L146
 727:source\bsw\tft/tft.c ****         }
 728:source\bsw\tft/tft.c ****     }
 729:source\bsw\tft/tft.c **** }
 2034              		.loc 1 729 0
 2035 0100 09B0     		add	sp, sp, #36
 2036              		.cfi_def_cfa_offset 36
 2037              		@ sp needed
 2038 0102 BDE8F08F 		pop	{r4, r5, r6, r7, r8, r9, r10, fp, pc}
 2039              		.cfi_endproc
 2040              	.LFE33:
 2041              		.size	TFT_fillCircleHelper, .-TFT_fillCircleHelper
 2042 0106 00BF     		.section	.text.TFT_fastHLine,"ax",%progbits
 2043              		.align	2
 2044              		.global	TFT_fastHLine
 2045              		.thumb
 2046              		.thumb_func
 2047              		.type	TFT_fastHLine, %function
 2048              	TFT_fastHLine:
 2049              	.LFB27:
 564:source\bsw\tft/tft.c **** 
 2050              		.loc 1 564 0
 2051              		.cfi_startproc
 2052              		@ args = 0, pretend = 0, frame = 0
 2053              		@ frame_needed = 0, uses_anonymous_args = 0
 2054              	.LVL219:
 2055 0000 F8B5     		push	{r3, r4, r5, r6, r7, lr}
 2056              		.cfi_def_cfa_offset 24
 2057              		.cfi_offset 3, -24
 2058              		.cfi_offset 4, -20
 2059              		.cfi_offset 5, -16
 2060              		.cfi_offset 6, -12
ARM GAS  C:\Users\91819\AppData\Local\Temp\ccy28JmR.s 			page 53


 2061              		.cfi_offset 7, -8
 2062              		.cfi_offset 14, -4
 2063 0002 1E46     		mov	r6, r3
 567:source\bsw\tft/tft.c ****     if((x+w-1) >= _width)  w = _width-x;
 2064              		.loc 1 567 0
 2065 0004 164B     		ldr	r3, .L154
 2066              	.LVL220:
 2067 0006 B3F90630 		ldrsh	r3, [r3, #6]
 2068 000a 8342     		cmp	r3, r0
 2069 000c 26DD     		ble	.L148
 2070 000e 1546     		mov	r5, r2
 567:source\bsw\tft/tft.c ****     if((x+w-1) >= _width)  w = _width-x;
 2071              		.loc 1 567 0 is_stmt 0 discriminator 1
 2072 0010 134A     		ldr	r2, .L154
 2073              	.LVL221:
 2074 0012 B2F8DA20 		ldrh	r2, [r2, #218]
 2075 0016 9142     		cmp	r1, r2
 2076 0018 20DA     		bge	.L148
 568:source\bsw\tft/tft.c ****     setAddrWindow(x, y, x+w-1, y);
 2077              		.loc 1 568 0 is_stmt 1
 2078 001a 4219     		adds	r2, r0, r5
 2079 001c 013A     		subs	r2, r2, #1
 2080 001e 9A42     		cmp	r2, r3
 2081 0020 01DB     		blt	.L150
 568:source\bsw\tft/tft.c ****     setAddrWindow(x, y, x+w-1, y);
 2082              		.loc 1 568 0 is_stmt 0 discriminator 1
 2083 0022 1D1A     		subs	r5, r3, r0
 2084 0024 2DB2     		sxth	r5, r5
 2085              	.LVL222:
 2086              	.L150:
 569:source\bsw\tft/tft.c **** 
 2087              		.loc 1 569 0 is_stmt 1
 2088 0026 C0B2     		uxtb	r0, r0
 2089              	.LVL223:
 2090 0028 C9B2     		uxtb	r1, r1
 2091              	.LVL224:
 2092 002a 4219     		adds	r2, r0, r5
 2093 002c 013A     		subs	r2, r2, #1
 2094 002e 0B46     		mov	r3, r1
 2095 0030 D2B2     		uxtb	r2, r2
 2096 0032 FFF7FEFF 		bl	setAddrWindow
 2097              	.LVL225:
 571:source\bsw\tft/tft.c **** 
 2098              		.loc 1 571 0
 2099 0036 370A     		lsrs	r7, r6, #8
 2100              	.LVL226:
 2101 0038 F6B2     		uxtb	r6, r6
 2102              	.LVL227:
 573:source\bsw\tft/tft.c **** 
 2103              		.loc 1 573 0
 2104 003a 0120     		movs	r0, #1
 2105 003c FFF7FEFF 		bl	TFT_DC_Write
 2106              	.LVL228:
 575:source\bsw\tft/tft.c ****         TFT_write_stream(hi);
 2107              		.loc 1 575 0
 2108 0040 08E0     		b	.L151
 2109              	.LVL229:
ARM GAS  C:\Users\91819\AppData\Local\Temp\ccy28JmR.s 			page 54


 2110              	.L152:
 576:source\bsw\tft/tft.c ****         TFT_write_stream(lo);
 2111              		.loc 1 576 0
 2112 0042 3946     		mov	r1, r7
 2113 0044 0220     		movs	r0, #2
 2114 0046 FFF7FEFF 		bl	TFT_send
 2115              	.LVL230:
 577:source\bsw\tft/tft.c ****     }
 2116              		.loc 1 577 0
 2117 004a 3146     		mov	r1, r6
 2118 004c 0220     		movs	r0, #2
 2119 004e FFF7FEFF 		bl	TFT_send
 2120              	.LVL231:
 575:source\bsw\tft/tft.c ****         TFT_write_stream(hi);
 2121              		.loc 1 575 0
 2122 0052 2546     		mov	r5, r4
 2123              	.LVL232:
 2124              	.L151:
 2125 0054 6A1E     		subs	r2, r5, #1
 2126 0056 14B2     		sxth	r4, r2
 2127              	.LVL233:
 2128 0058 002D     		cmp	r5, #0
 2129 005a F2D1     		bne	.L152
 2130              	.LVL234:
 2131              	.L148:
 2132 005c F8BD     		pop	{r3, r4, r5, r6, r7, pc}
 2133              	.L155:
 2134 005e 00BF     		.align	2
 2135              	.L154:
 2136 0060 00000000 		.word	.LANCHOR0
 2137              		.cfi_endproc
 2138              	.LFE27:
 2139              		.size	TFT_fastHLine, .-TFT_fastHLine
 2140              		.section	.text.TFT_writeLine,"ax",%progbits
 2141              		.align	2
 2142              		.global	TFT_writeLine
 2143              		.thumb
 2144              		.thumb_func
 2145              		.type	TFT_writeLine, %function
 2146              	TFT_writeLine:
 2147              	.LFB28:
 582:source\bsw\tft/tft.c ****     int16_t steep = _abs(y1 - y0) > _abs(x1 - x0);
 2148              		.loc 1 582 0
 2149              		.cfi_startproc
 2150              		@ args = 4, pretend = 0, frame = 8
 2151              		@ frame_needed = 0, uses_anonymous_args = 0
 2152              	.LVL235:
 2153 0000 2DE9F04F 		push	{r4, r5, r6, r7, r8, r9, r10, fp, lr}
 2154              		.cfi_def_cfa_offset 36
 2155              		.cfi_offset 4, -36
 2156              		.cfi_offset 5, -32
 2157              		.cfi_offset 6, -28
 2158              		.cfi_offset 7, -24
 2159              		.cfi_offset 8, -20
 2160              		.cfi_offset 9, -16
 2161              		.cfi_offset 10, -12
 2162              		.cfi_offset 11, -8
ARM GAS  C:\Users\91819\AppData\Local\Temp\ccy28JmR.s 			page 55


 2163              		.cfi_offset 14, -4
 2164 0004 83B0     		sub	sp, sp, #12
 2165              		.cfi_def_cfa_offset 48
 2166 0006 0546     		mov	r5, r0
 2167 0008 0E46     		mov	r6, r1
 2168 000a 1746     		mov	r7, r2
 2169 000c 9B46     		mov	fp, r3
 2170 000e BDF83030 		ldrh	r3, [sp, #48]
 2171              	.LVL236:
 2172 0012 0093     		str	r3, [sp]
 583:source\bsw\tft/tft.c ****     if (steep) {
 2173              		.loc 1 583 0
 2174 0014 C1EB0B00 		rsb	r0, r1, fp
 2175              	.LVL237:
 2176 0018 FFF7FEFF 		bl	_abs
 2177              	.LVL238:
 2178 001c 8046     		mov	r8, r0
 2179 001e 781B     		subs	r0, r7, r5
 2180 0020 FFF7FEFF 		bl	_abs
 2181              	.LVL239:
 2182 0024 8146     		mov	r9, r0
 2183              	.LVL240:
 584:source\bsw\tft/tft.c ****         _swap_int16_t(x0, y0);
 2184              		.loc 1 584 0
 2185 0026 8045     		cmp	r8, r0
 2186 0028 05DD     		ble	.L157
 2187 002a 3B46     		mov	r3, r7
 2188              	.LBB7:
 586:source\bsw\tft/tft.c ****     }
 2189              		.loc 1 586 0
 2190 002c 5F46     		mov	r7, fp
 2191 002e 9B46     		mov	fp, r3
 2192              	.LBE7:
 2193 0030 2B46     		mov	r3, r5
 2194              	.LBB8:
 585:source\bsw\tft/tft.c ****         _swap_int16_t(x1, y1);
 2195              		.loc 1 585 0
 2196 0032 3546     		mov	r5, r6
 2197 0034 1E46     		mov	r6, r3
 2198              	.L157:
 2199              	.LVL241:
 2200              	.LBE8:
 589:source\bsw\tft/tft.c ****         _swap_int16_t(x0, x1);
 2201              		.loc 1 589 0
 2202 0036 BD42     		cmp	r5, r7
 2203 0038 05DD     		ble	.L158
 2204 003a 3346     		mov	r3, r6
 2205              	.LBB9:
 591:source\bsw\tft/tft.c ****     }
 2206              		.loc 1 591 0
 2207 003c 5E46     		mov	r6, fp
 2208              	.LVL242:
 2209 003e 9B46     		mov	fp, r3
 2210              	.LVL243:
 2211              	.LBE9:
 2212 0040 2B46     		mov	r3, r5
 2213              	.LBB10:
ARM GAS  C:\Users\91819\AppData\Local\Temp\ccy28JmR.s 			page 56


 590:source\bsw\tft/tft.c ****         _swap_int16_t(y0, y1);
 2214              		.loc 1 590 0
 2215 0042 3D46     		mov	r5, r7
 2216              	.LVL244:
 2217 0044 1F46     		mov	r7, r3
 2218              	.LVL245:
 2219              	.L158:
 2220              	.LBE10:
 595:source\bsw\tft/tft.c ****     dy = _abs(y1 - y0);
 2221              		.loc 1 595 0
 2222 0046 7B1B     		subs	r3, r7, r5
 2223 0048 9BB2     		uxth	r3, r3
 2224 004a 0193     		str	r3, [sp, #4]
 2225 004c 1CB2     		sxth	r4, r3
 2226              	.LVL246:
 596:source\bsw\tft/tft.c **** 
 2227              		.loc 1 596 0
 2228 004e C6EB0B00 		rsb	r0, r6, fp
 2229              	.LVL247:
 2230 0052 FFF7FEFF 		bl	_abs
 2231              	.LVL248:
 2232 0056 8246     		mov	r10, r0
 2233              	.LVL249:
 598:source\bsw\tft/tft.c ****     int16_t ystep;
 2234              		.loc 1 598 0
 2235 0058 04EBD474 		add	r4, r4, r4, lsr #31
 2236              	.LVL250:
 2237 005c 6410     		asrs	r4, r4, #1
 2238              	.LVL251:
 601:source\bsw\tft/tft.c ****         ystep = 1;
 2239              		.loc 1 601 0
 2240 005e 5E45     		cmp	r6, fp
 2241 0060 02DA     		bge	.L167
 602:source\bsw\tft/tft.c ****     } else {
 2242              		.loc 1 602 0
 2243 0062 4FF0010B 		mov	fp, #1
 2244              	.LVL252:
 2245 0066 1CE0     		b	.L160
 2246              	.LVL253:
 2247              	.L167:
 604:source\bsw\tft/tft.c ****     }
 2248              		.loc 1 604 0
 2249 0068 4FF0FF3B 		mov	fp, #-1
 2250              	.LVL254:
 2251 006c 19E0     		b	.L160
 2252              	.LVL255:
 2253              	.L164:
 608:source\bsw\tft/tft.c ****             TFT_drawPixel(y0, x0, color);
 2254              		.loc 1 608 0
 2255 006e C845     		cmp	r8, r9
 2256 0070 05DD     		ble	.L161
 609:source\bsw\tft/tft.c ****         } else {
 2257              		.loc 1 609 0
 2258 0072 009A     		ldr	r2, [sp]
 2259 0074 2946     		mov	r1, r5
 2260 0076 3046     		mov	r0, r6
 2261 0078 FFF7FEFF 		bl	TFT_drawPixel
ARM GAS  C:\Users\91819\AppData\Local\Temp\ccy28JmR.s 			page 57


 2262              	.LVL256:
 2263 007c 04E0     		b	.L162
 2264              	.L161:
 611:source\bsw\tft/tft.c ****         }
 2265              		.loc 1 611 0
 2266 007e 009A     		ldr	r2, [sp]
 2267 0080 3146     		mov	r1, r6
 2268 0082 2846     		mov	r0, r5
 2269 0084 FFF7FEFF 		bl	TFT_drawPixel
 2270              	.LVL257:
 2271              	.L162:
 613:source\bsw\tft/tft.c ****         if (err < 0) {
 2272              		.loc 1 613 0
 2273 0088 CAEB0404 		rsb	r4, r10, r4
 2274              	.LVL258:
 2275 008c A3B2     		uxth	r3, r4
 2276 008e 1CB2     		sxth	r4, r3
 2277              	.LVL259:
 614:source\bsw\tft/tft.c ****             y0 += ystep;
 2278              		.loc 1 614 0
 2279 0090 002C     		cmp	r4, #0
 2280 0092 04DA     		bge	.L163
 615:source\bsw\tft/tft.c ****             err += dx;
 2281              		.loc 1 615 0
 2282 0094 5E44     		add	r6, r6, fp
 2283              	.LVL260:
 2284 0096 36B2     		sxth	r6, r6
 2285              	.LVL261:
 616:source\bsw\tft/tft.c ****         }
 2286              		.loc 1 616 0
 2287 0098 019A     		ldr	r2, [sp, #4]
 2288 009a D418     		adds	r4, r2, r3
 2289              	.LVL262:
 2290 009c 24B2     		sxth	r4, r4
 2291              	.LVL263:
 2292              	.L163:
 607:source\bsw\tft/tft.c ****         if (steep) {
 2293              		.loc 1 607 0
 2294 009e 0135     		adds	r5, r5, #1
 2295              	.LVL264:
 2296 00a0 2DB2     		sxth	r5, r5
 2297              	.LVL265:
 2298              	.L160:
 607:source\bsw\tft/tft.c ****         if (steep) {
 2299              		.loc 1 607 0 is_stmt 0 discriminator 1
 2300 00a2 BD42     		cmp	r5, r7
 2301 00a4 E3DD     		ble	.L164
 619:source\bsw\tft/tft.c **** 
 2302              		.loc 1 619 0 is_stmt 1
 2303 00a6 03B0     		add	sp, sp, #12
 2304              		.cfi_def_cfa_offset 36
 2305              		@ sp needed
 2306 00a8 BDE8F08F 		pop	{r4, r5, r6, r7, r8, r9, r10, fp, pc}
 2307              		.cfi_endproc
 2308              	.LFE28:
 2309              		.size	TFT_writeLine, .-TFT_writeLine
 2310              		.section	.text.TFT_invertDisplay,"ax",%progbits
ARM GAS  C:\Users\91819\AppData\Local\Temp\ccy28JmR.s 			page 58


 2311              		.align	2
 2312              		.global	TFT_invertDisplay
 2313              		.thumb
 2314              		.thumb_func
 2315              		.type	TFT_invertDisplay, %function
 2316              	TFT_invertDisplay:
 2317              	.LFB29:
 621:source\bsw\tft/tft.c ****   TFT_write_cmd(i ? ST7735_INVON : ST7735_INVOFF);
 2318              		.loc 1 621 0
 2319              		.cfi_startproc
 2320              		@ args = 0, pretend = 0, frame = 0
 2321              		@ frame_needed = 0, uses_anonymous_args = 0
 2322              	.LVL266:
 2323 0000 08B5     		push	{r3, lr}
 2324              		.cfi_def_cfa_offset 8
 2325              		.cfi_offset 3, -8
 2326              		.cfi_offset 14, -4
 622:source\bsw\tft/tft.c **** }
 2327              		.loc 1 622 0
 2328 0002 08B1     		cbz	r0, .L171
 2329 0004 2121     		movs	r1, #33
 2330 0006 00E0     		b	.L170
 2331              	.L171:
 2332 0008 2021     		movs	r1, #32
 2333              	.L170:
 622:source\bsw\tft/tft.c **** }
 2334              		.loc 1 622 0 is_stmt 0 discriminator 4
 2335 000a 0020     		movs	r0, #0
 2336              	.LVL267:
 2337 000c FFF7FEFF 		bl	TFT_send
 2338              	.LVL268:
 2339 0010 08BD     		pop	{r3, pc}
 2340              		.cfi_endproc
 2341              	.LFE29:
 2342              		.size	TFT_invertDisplay, .-TFT_invertDisplay
 2343 0012 00BF     		.section	.text.TFT_drawCircle,"ax",%progbits
 2344              		.align	2
 2345              		.global	TFT_drawCircle
 2346              		.thumb
 2347              		.thumb_func
 2348              		.type	TFT_drawCircle, %function
 2349              	TFT_drawCircle:
 2350              	.LFB30:
 626:source\bsw\tft/tft.c ****     int16_t f = 1 - r;
 2351              		.loc 1 626 0 is_stmt 1
 2352              		.cfi_startproc
 2353              		@ args = 0, pretend = 0, frame = 24
 2354              		@ frame_needed = 0, uses_anonymous_args = 0
 2355              	.LVL269:
 2356 0000 2DE9F04F 		push	{r4, r5, r6, r7, r8, r9, r10, fp, lr}
 2357              		.cfi_def_cfa_offset 36
 2358              		.cfi_offset 4, -36
 2359              		.cfi_offset 5, -32
 2360              		.cfi_offset 6, -28
 2361              		.cfi_offset 7, -24
 2362              		.cfi_offset 8, -20
 2363              		.cfi_offset 9, -16
ARM GAS  C:\Users\91819\AppData\Local\Temp\ccy28JmR.s 			page 59


 2364              		.cfi_offset 10, -12
 2365              		.cfi_offset 11, -8
 2366              		.cfi_offset 14, -4
 2367 0004 87B0     		sub	sp, sp, #28
 2368              		.cfi_def_cfa_offset 64
 2369 0006 8246     		mov	r10, r0
 2370 0008 0E46     		mov	r6, r1
 2371 000a 0292     		str	r2, [sp, #8]
 2372 000c 1F46     		mov	r7, r3
 2373 000e 0193     		str	r3, [sp, #4]
 627:source\bsw\tft/tft.c ****     int16_t ddF_x = 1;
 2374              		.loc 1 627 0
 2375 0010 95B2     		uxth	r5, r2
 2376 0012 C5F10104 		rsb	r4, r5, #1
 2377 0016 24B2     		sxth	r4, r4
 2378              	.LVL270:
 629:source\bsw\tft/tft.c ****     int16_t x = 0;
 2379              		.loc 1 629 0
 2380 0018 C5EBC532 		rsb	r2, r5, r5, lsl #15
 2381              	.LVL271:
 2382 001c 5300     		lsls	r3, r2, #1
 2383              	.LVL272:
 2384 001e 1AB2     		sxth	r2, r3
 2385 0020 0592     		str	r2, [sp, #20]
 2386              	.LVL273:
 633:source\bsw\tft/tft.c ****     TFT_drawPixel(x0  , y0-r, color);
 2387              		.loc 1 633 0
 2388 0022 1FFA81FB 		uxth	fp, r1
 2389 0026 05EB0B01 		add	r1, r5, fp
 2390              	.LVL274:
 2391 002a 3A46     		mov	r2, r7
 2392 002c 09B2     		sxth	r1, r1
 2393 002e FFF7FEFF 		bl	TFT_drawPixel
 2394              	.LVL275:
 634:source\bsw\tft/tft.c ****     TFT_drawPixel(x0+r, y0  , color);
 2395              		.loc 1 634 0
 2396 0032 C5EB0B01 		rsb	r1, r5, fp
 2397 0036 3A46     		mov	r2, r7
 2398 0038 09B2     		sxth	r1, r1
 2399 003a 5046     		mov	r0, r10
 2400 003c FFF7FEFF 		bl	TFT_drawPixel
 2401              	.LVL276:
 635:source\bsw\tft/tft.c ****     TFT_drawPixel(x0-r, y0  , color);
 2402              		.loc 1 635 0
 2403 0040 1FFA8AFA 		uxth	r10, r10
 2404 0044 05EB0A00 		add	r0, r5, r10
 2405 0048 3A46     		mov	r2, r7
 2406 004a 3146     		mov	r1, r6
 2407 004c 00B2     		sxth	r0, r0
 2408 004e FFF7FEFF 		bl	TFT_drawPixel
 2409              	.LVL277:
 636:source\bsw\tft/tft.c **** 
 2410              		.loc 1 636 0
 2411 0052 C5EB0A00 		rsb	r0, r5, r10
 2412 0056 3A46     		mov	r2, r7
 2413 0058 3146     		mov	r1, r6
 2414 005a 00B2     		sxth	r0, r0
ARM GAS  C:\Users\91819\AppData\Local\Temp\ccy28JmR.s 			page 60


 2415 005c FFF7FEFF 		bl	TFT_drawPixel
 2416              	.LVL278:
 630:source\bsw\tft/tft.c ****     int16_t y = r;
 2417              		.loc 1 630 0
 2418 0060 4FF00009 		mov	r9, #0
 628:source\bsw\tft/tft.c ****     int16_t ddF_y = -2 * r;
 2419              		.loc 1 628 0
 2420 0064 0123     		movs	r3, #1
 2421 0066 0393     		str	r3, [sp, #12]
 638:source\bsw\tft/tft.c ****         if (f >= 0) {
 2422              		.loc 1 638 0
 2423 0068 60E0     		b	.L174
 2424              	.LVL279:
 2425              	.L176:
 639:source\bsw\tft/tft.c ****             y--;
 2426              		.loc 1 639 0
 2427 006a 002C     		cmp	r4, #0
 2428 006c 0ADB     		blt	.L175
 640:source\bsw\tft/tft.c ****             ddF_y += 2;
 2429              		.loc 1 640 0
 2430 006e 029B     		ldr	r3, [sp, #8]
 2431 0070 013B     		subs	r3, r3, #1
 2432 0072 1BB2     		sxth	r3, r3
 2433 0074 0293     		str	r3, [sp, #8]
 2434              	.LVL280:
 641:source\bsw\tft/tft.c ****             f += ddF_y;
 2435              		.loc 1 641 0
 2436 0076 059B     		ldr	r3, [sp, #20]
 2437 0078 0233     		adds	r3, r3, #2
 2438 007a 9BB2     		uxth	r3, r3
 2439 007c 1AB2     		sxth	r2, r3
 2440 007e 0592     		str	r2, [sp, #20]
 2441              	.LVL281:
 642:source\bsw\tft/tft.c ****         }
 2442              		.loc 1 642 0
 2443 0080 1C44     		add	r4, r4, r3
 2444              	.LVL282:
 2445 0082 24B2     		sxth	r4, r4
 2446              	.LVL283:
 2447              	.L175:
 644:source\bsw\tft/tft.c ****         ddF_x += 2;
 2448              		.loc 1 644 0
 2449 0084 09F10105 		add	r5, r9, #1
 2450 0088 ADB2     		uxth	r5, r5
 2451 008a 0FFA85F9 		sxth	r9, r5
 2452              	.LVL284:
 645:source\bsw\tft/tft.c ****         f += ddF_x;
 2453              		.loc 1 645 0
 2454 008e 039B     		ldr	r3, [sp, #12]
 2455 0090 0233     		adds	r3, r3, #2
 2456 0092 9BB2     		uxth	r3, r3
 2457 0094 1AB2     		sxth	r2, r3
 2458 0096 0392     		str	r2, [sp, #12]
 2459              	.LVL285:
 646:source\bsw\tft/tft.c **** 
 2460              		.loc 1 646 0
 2461 0098 1C44     		add	r4, r4, r3
ARM GAS  C:\Users\91819\AppData\Local\Temp\ccy28JmR.s 			page 61


 2462              	.LVL286:
 2463 009a 24B2     		sxth	r4, r4
 2464              	.LVL287:
 648:source\bsw\tft/tft.c ****         TFT_drawPixel(x0 - x, y0 + y, color);
 2465              		.loc 1 648 0
 2466 009c 0AEB0503 		add	r3, r10, r5
 2467 00a0 1BB2     		sxth	r3, r3
 2468 00a2 BDF80860 		ldrh	r6, [sp, #8]
 2469 00a6 0BEB0608 		add	r8, fp, r6
 2470 00aa 0FFA88F8 		sxth	r8, r8
 2471 00ae 019A     		ldr	r2, [sp, #4]
 2472 00b0 4146     		mov	r1, r8
 2473 00b2 0493     		str	r3, [sp, #16]
 2474 00b4 1846     		mov	r0, r3
 2475 00b6 FFF7FEFF 		bl	TFT_drawPixel
 2476              	.LVL288:
 649:source\bsw\tft/tft.c ****         TFT_drawPixel(x0 + x, y0 - y, color);
 2477              		.loc 1 649 0
 2478 00ba C5EB0A07 		rsb	r7, r5, r10
 2479 00be 3FB2     		sxth	r7, r7
 2480 00c0 019A     		ldr	r2, [sp, #4]
 2481 00c2 4146     		mov	r1, r8
 2482 00c4 3846     		mov	r0, r7
 2483 00c6 FFF7FEFF 		bl	TFT_drawPixel
 2484              	.LVL289:
 650:source\bsw\tft/tft.c ****         TFT_drawPixel(x0 - x, y0 - y, color);
 2485              		.loc 1 650 0
 2486 00ca C6EB0B08 		rsb	r8, r6, fp
 2487 00ce 0FFA88F8 		sxth	r8, r8
 2488 00d2 019A     		ldr	r2, [sp, #4]
 2489 00d4 4146     		mov	r1, r8
 2490 00d6 0498     		ldr	r0, [sp, #16]
 2491 00d8 FFF7FEFF 		bl	TFT_drawPixel
 2492              	.LVL290:
 651:source\bsw\tft/tft.c ****         TFT_drawPixel(x0 + y, y0 + x, color);
 2493              		.loc 1 651 0
 2494 00dc 019A     		ldr	r2, [sp, #4]
 2495 00de 4146     		mov	r1, r8
 2496 00e0 3846     		mov	r0, r7
 2497 00e2 FFF7FEFF 		bl	TFT_drawPixel
 2498              	.LVL291:
 652:source\bsw\tft/tft.c ****         TFT_drawPixel(x0 - y, y0 + x, color);
 2499              		.loc 1 652 0
 2500 00e6 0AEB0607 		add	r7, r10, r6
 2501 00ea 3FB2     		sxth	r7, r7
 2502 00ec 0BEB0508 		add	r8, fp, r5
 2503 00f0 0FFA88F8 		sxth	r8, r8
 2504 00f4 019A     		ldr	r2, [sp, #4]
 2505 00f6 4146     		mov	r1, r8
 2506 00f8 3846     		mov	r0, r7
 2507 00fa FFF7FEFF 		bl	TFT_drawPixel
 2508              	.LVL292:
 653:source\bsw\tft/tft.c ****         TFT_drawPixel(x0 + y, y0 - x, color);
 2509              		.loc 1 653 0
 2510 00fe C6EB0A06 		rsb	r6, r6, r10
 2511 0102 36B2     		sxth	r6, r6
 2512 0104 019A     		ldr	r2, [sp, #4]
ARM GAS  C:\Users\91819\AppData\Local\Temp\ccy28JmR.s 			page 62


 2513 0106 4146     		mov	r1, r8
 2514 0108 3046     		mov	r0, r6
 2515 010a FFF7FEFF 		bl	TFT_drawPixel
 2516              	.LVL293:
 654:source\bsw\tft/tft.c ****         TFT_drawPixel(x0 - y, y0 - x, color);
 2517              		.loc 1 654 0
 2518 010e C5EB0B05 		rsb	r5, r5, fp
 2519 0112 2DB2     		sxth	r5, r5
 2520 0114 DDF80480 		ldr	r8, [sp, #4]
 2521 0118 4246     		mov	r2, r8
 2522 011a 2946     		mov	r1, r5
 2523 011c 3846     		mov	r0, r7
 2524 011e FFF7FEFF 		bl	TFT_drawPixel
 2525              	.LVL294:
 655:source\bsw\tft/tft.c ****     }
 2526              		.loc 1 655 0
 2527 0122 4246     		mov	r2, r8
 2528 0124 2946     		mov	r1, r5
 2529 0126 3046     		mov	r0, r6
 2530 0128 FFF7FEFF 		bl	TFT_drawPixel
 2531              	.LVL295:
 2532              	.L174:
 638:source\bsw\tft/tft.c ****         if (f >= 0) {
 2533              		.loc 1 638 0
 2534 012c 029B     		ldr	r3, [sp, #8]
 2535 012e 9945     		cmp	r9, r3
 2536 0130 9BDB     		blt	.L176
 658:source\bsw\tft/tft.c **** 
 2537              		.loc 1 658 0
 2538 0132 07B0     		add	sp, sp, #28
 2539              		.cfi_def_cfa_offset 36
 2540              		@ sp needed
 2541 0134 BDE8F08F 		pop	{r4, r5, r6, r7, r8, r9, r10, fp, pc}
 2542              		.cfi_endproc
 2543              	.LFE30:
 2544              		.size	TFT_drawCircle, .-TFT_drawCircle
 2545              		.section	.text.TFT_fillCircle,"ax",%progbits
 2546              		.align	2
 2547              		.global	TFT_fillCircle
 2548              		.thumb
 2549              		.thumb_func
 2550              		.type	TFT_fillCircle, %function
 2551              	TFT_fillCircle:
 2552              	.LFB32:
 695:source\bsw\tft/tft.c **** 
 2553              		.loc 1 695 0
 2554              		.cfi_startproc
 2555              		@ args = 0, pretend = 0, frame = 0
 2556              		@ frame_needed = 0, uses_anonymous_args = 0
 2557              	.LVL296:
 2558 0000 F0B5     		push	{r4, r5, r6, r7, lr}
 2559              		.cfi_def_cfa_offset 20
 2560              		.cfi_offset 4, -20
 2561              		.cfi_offset 5, -16
 2562              		.cfi_offset 6, -12
 2563              		.cfi_offset 7, -8
 2564              		.cfi_offset 14, -4
ARM GAS  C:\Users\91819\AppData\Local\Temp\ccy28JmR.s 			page 63


 2565 0002 83B0     		sub	sp, sp, #12
 2566              		.cfi_def_cfa_offset 32
 2567 0004 0646     		mov	r6, r0
 2568 0006 0C46     		mov	r4, r1
 2569 0008 1546     		mov	r5, r2
 2570 000a 1F46     		mov	r7, r3
 697:source\bsw\tft/tft.c ****     TFT_fillCircleHelper(x0, y0, r, 3, 0, color);
 2571              		.loc 1 697 0
 2572 000c 91B2     		uxth	r1, r2
 2573              	.LVL297:
 2574 000e 4A00     		lsls	r2, r1, #1
 2575              	.LVL298:
 2576 0010 0132     		adds	r2, r2, #1
 2577 0012 611A     		subs	r1, r4, r1
 2578              	.LVL299:
 2579 0014 12B2     		sxth	r2, r2
 2580 0016 09B2     		sxth	r1, r1
 2581 0018 FFF7FEFF 		bl	TFT_fastVLine
 2582              	.LVL300:
 698:source\bsw\tft/tft.c **** }
 2583              		.loc 1 698 0
 2584 001c 0197     		str	r7, [sp, #4]
 2585 001e 0023     		movs	r3, #0
 2586 0020 0093     		str	r3, [sp]
 2587 0022 0323     		movs	r3, #3
 2588 0024 2A46     		mov	r2, r5
 2589 0026 2146     		mov	r1, r4
 2590 0028 3046     		mov	r0, r6
 2591 002a FFF7FEFF 		bl	TFT_fillCircleHelper
 2592              	.LVL301:
 699:source\bsw\tft/tft.c **** 
 2593              		.loc 1 699 0
 2594 002e 03B0     		add	sp, sp, #12
 2595              		.cfi_def_cfa_offset 20
 2596              		@ sp needed
 2597 0030 F0BD     		pop	{r4, r5, r6, r7, pc}
 2598              		.cfi_endproc
 2599              	.LFE32:
 2600              		.size	TFT_fillCircle, .-TFT_fillCircle
 2601 0032 00BF     		.section	.text.TFT_drawTriangle,"ax",%progbits
 2602              		.align	2
 2603              		.global	TFT_drawTriangle
 2604              		.thumb
 2605              		.thumb_func
 2606              		.type	TFT_drawTriangle, %function
 2607              	TFT_drawTriangle:
 2608              	.LFB34:
 730:source\bsw\tft/tft.c **** 
 731:source\bsw\tft/tft.c **** // Draw a triangle
 732:source\bsw\tft/tft.c **** void TFT_drawTriangle(int16_t x0, int16_t y0, int16_t x1, int16_t y1, int16_t x2, int16_t y2, TFT_c
 2609              		.loc 1 732 0
 2610              		.cfi_startproc
 2611              		@ args = 12, pretend = 0, frame = 0
 2612              		@ frame_needed = 0, uses_anonymous_args = 0
 2613              	.LVL302:
 2614 0000 2DE9F047 		push	{r4, r5, r6, r7, r8, r9, r10, lr}
 2615              		.cfi_def_cfa_offset 32
ARM GAS  C:\Users\91819\AppData\Local\Temp\ccy28JmR.s 			page 64


 2616              		.cfi_offset 4, -32
 2617              		.cfi_offset 5, -28
 2618              		.cfi_offset 6, -24
 2619              		.cfi_offset 7, -20
 2620              		.cfi_offset 8, -16
 2621              		.cfi_offset 9, -12
 2622              		.cfi_offset 10, -8
 2623              		.cfi_offset 14, -4
 2624 0004 82B0     		sub	sp, sp, #8
 2625              		.cfi_def_cfa_offset 40
 2626 0006 0746     		mov	r7, r0
 2627 0008 8846     		mov	r8, r1
 2628 000a 9146     		mov	r9, r2
 2629 000c 9A46     		mov	r10, r3
 2630 000e BDF92850 		ldrsh	r5, [sp, #40]
 2631 0012 BDF92C60 		ldrsh	r6, [sp, #44]
 2632 0016 BDF83040 		ldrh	r4, [sp, #48]
 733:source\bsw\tft/tft.c ****     TFT_writeLine(x0, y0, x1, y1, color);
 2633              		.loc 1 733 0
 2634 001a 0094     		str	r4, [sp]
 2635 001c FFF7FEFF 		bl	TFT_writeLine
 2636              	.LVL303:
 734:source\bsw\tft/tft.c ****     TFT_writeLine(x1, y1, x2, y2, color);
 2637              		.loc 1 734 0
 2638 0020 0094     		str	r4, [sp]
 2639 0022 3346     		mov	r3, r6
 2640 0024 2A46     		mov	r2, r5
 2641 0026 5146     		mov	r1, r10
 2642 0028 4846     		mov	r0, r9
 2643 002a FFF7FEFF 		bl	TFT_writeLine
 2644              	.LVL304:
 735:source\bsw\tft/tft.c ****     TFT_writeLine(x2, y2, x0, y0, color);
 2645              		.loc 1 735 0
 2646 002e 0094     		str	r4, [sp]
 2647 0030 4346     		mov	r3, r8
 2648 0032 3A46     		mov	r2, r7
 2649 0034 3146     		mov	r1, r6
 2650 0036 2846     		mov	r0, r5
 2651 0038 FFF7FEFF 		bl	TFT_writeLine
 2652              	.LVL305:
 736:source\bsw\tft/tft.c **** }
 2653              		.loc 1 736 0
 2654 003c 02B0     		add	sp, sp, #8
 2655              		.cfi_def_cfa_offset 32
 2656              		@ sp needed
 2657 003e BDE8F087 		pop	{r4, r5, r6, r7, r8, r9, r10, pc}
 2658              		.cfi_endproc
 2659              	.LFE34:
 2660              		.size	TFT_drawTriangle, .-TFT_drawTriangle
 2661 0042 00BF     		.section	.text.TFT_fillTriangle,"ax",%progbits
 2662              		.align	2
 2663              		.global	TFT_fillTriangle
 2664              		.thumb
 2665              		.thumb_func
 2666              		.type	TFT_fillTriangle, %function
 2667              	TFT_fillTriangle:
 2668              	.LFB35:
ARM GAS  C:\Users\91819\AppData\Local\Temp\ccy28JmR.s 			page 65


 737:source\bsw\tft/tft.c **** 
 738:source\bsw\tft/tft.c **** // Fill a triangle
 739:source\bsw\tft/tft.c **** void TFT_fillTriangle(int16_t x0, int16_t y0, int16_t x1, int16_t y1, int16_t x2, int16_t y2, TFT_c
 2669              		.loc 1 739 0
 2670              		.cfi_startproc
 2671              		@ args = 12, pretend = 0, frame = 32
 2672              		@ frame_needed = 0, uses_anonymous_args = 0
 2673              	.LVL306:
 2674 0000 2DE9F04F 		push	{r4, r5, r6, r7, r8, r9, r10, fp, lr}
 2675              		.cfi_def_cfa_offset 36
 2676              		.cfi_offset 4, -36
 2677              		.cfi_offset 5, -32
 2678              		.cfi_offset 6, -28
 2679              		.cfi_offset 7, -24
 2680              		.cfi_offset 8, -20
 2681              		.cfi_offset 9, -16
 2682              		.cfi_offset 10, -12
 2683              		.cfi_offset 11, -8
 2684              		.cfi_offset 14, -4
 2685 0004 89B0     		sub	sp, sp, #36
 2686              		.cfi_def_cfa_offset 72
 2687 0006 0C46     		mov	r4, r1
 2688 0008 0491     		str	r1, [sp, #16]
 2689 000a 1E46     		mov	r6, r3
 2690 000c 0593     		str	r3, [sp, #20]
 2691 000e BDF94850 		ldrsh	r5, [sp, #72]
 2692 0012 BDF94C90 		ldrsh	r9, [sp, #76]
 2693 0016 BDF85070 		ldrh	r7, [sp, #80]
 2694 001a 0097     		str	r7, [sp]
 740:source\bsw\tft/tft.c **** 
 741:source\bsw\tft/tft.c ****     int16_t a, b, y, last;
 742:source\bsw\tft/tft.c **** 
 743:source\bsw\tft/tft.c ****     // Sort coordinates by Y order (y2 >= y1 >= y0)
 744:source\bsw\tft/tft.c ****     if (y0 > y1) {
 2695              		.loc 1 744 0
 2696 001c 9942     		cmp	r1, r3
 2697 001e 04DD     		ble	.L183
 2698              	.LBB11:
 745:source\bsw\tft/tft.c ****         _swap_int16_t(y0, y1); _swap_int16_t(x0, x1);
 2699              		.loc 1 745 0
 2700 0020 0496     		str	r6, [sp, #16]
 2701 0022 0594     		str	r4, [sp, #20]
 2702              	.LBE11:
 2703 0024 0346     		mov	r3, r0
 2704              	.LVL307:
 2705              	.LBB12:
 2706 0026 1046     		mov	r0, r2
 2707              	.LVL308:
 2708 0028 1A46     		mov	r2, r3
 2709              	.LVL309:
 2710              	.L183:
 2711              	.LBE12:
 746:source\bsw\tft/tft.c ****     }
 747:source\bsw\tft/tft.c ****     if (y1 > y2) {
 2712              		.loc 1 747 0
 2713 002a 059B     		ldr	r3, [sp, #20]
 2714 002c 4B45     		cmp	r3, r9
ARM GAS  C:\Users\91819\AppData\Local\Temp\ccy28JmR.s 			page 66


 2715 002e 05DD     		ble	.L184
 2716              	.LBB13:
 748:source\bsw\tft/tft.c ****         _swap_int16_t(y2, y1); _swap_int16_t(x2, x1);
 2717              		.loc 1 748 0
 2718 0030 CDF81490 		str	r9, [sp, #20]
 2719              	.LVL310:
 2720 0034 9946     		mov	r9, r3
 2721              	.LBE13:
 2722 0036 1346     		mov	r3, r2
 2723              	.LBB14:
 2724 0038 2A46     		mov	r2, r5
 2725              	.LVL311:
 2726 003a 1D46     		mov	r5, r3
 2727              	.L184:
 2728              	.LVL312:
 2729              	.LBE14:
 749:source\bsw\tft/tft.c ****     }
 750:source\bsw\tft/tft.c ****     if (y0 > y1) {
 2730              		.loc 1 750 0
 2731 003c 049B     		ldr	r3, [sp, #16]
 2732 003e 059E     		ldr	r6, [sp, #20]
 2733 0040 B342     		cmp	r3, r6
 2734 0042 04DD     		ble	.L185
 2735              	.LBB15:
 751:source\bsw\tft/tft.c ****         _swap_int16_t(y0, y1); _swap_int16_t(x0, x1);
 2736              		.loc 1 751 0
 2737 0044 0496     		str	r6, [sp, #16]
 2738              	.LVL313:
 2739 0046 0593     		str	r3, [sp, #20]
 2740              	.LVL314:
 2741              	.LBE15:
 2742 0048 0346     		mov	r3, r0
 2743              	.LBB16:
 2744 004a 1046     		mov	r0, r2
 2745              	.LVL315:
 2746 004c 1A46     		mov	r2, r3
 2747              	.LVL316:
 2748              	.L185:
 2749              	.LBE16:
 752:source\bsw\tft/tft.c ****     }
 753:source\bsw\tft/tft.c **** 
 754:source\bsw\tft/tft.c ****     if(y0 == y2) { // Handle awkward all-on-same-line case as its own thing
 2750              		.loc 1 754 0
 2751 004e 049B     		ldr	r3, [sp, #16]
 2752 0050 4B45     		cmp	r3, r9
 2753 0052 18D1     		bne	.L186
 2754              	.LVL317:
 755:source\bsw\tft/tft.c ****         a = b = x0;
 756:source\bsw\tft/tft.c ****         if(x1 < a)      a = x1;
 2755              		.loc 1 756 0
 2756 0054 9042     		cmp	r0, r2
 2757 0056 05DC     		bgt	.L187
 757:source\bsw\tft/tft.c ****         else if(x1 > b) b = x1;
 2758              		.loc 1 757 0
 2759 0058 01DB     		blt	.L200
 755:source\bsw\tft/tft.c ****         a = b = x0;
 2760              		.loc 1 755 0
ARM GAS  C:\Users\91819\AppData\Local\Temp\ccy28JmR.s 			page 67


 2761 005a 0246     		mov	r2, r0
 2762              	.LVL318:
 2763 005c 02E0     		b	.L187
 2764              	.LVL319:
 2765              	.L200:
 2766 005e 1346     		mov	r3, r2
 2767 0060 0246     		mov	r2, r0
 2768              	.LVL320:
 2769              		.loc 1 757 0
 2770 0062 1846     		mov	r0, r3
 2771              	.LVL321:
 2772              	.L187:
 758:source\bsw\tft/tft.c ****         if(x2 < a)      a = x2;
 2773              		.loc 1 758 0
 2774 0064 9542     		cmp	r5, r2
 2775 0066 05DB     		blt	.L188
 759:source\bsw\tft/tft.c ****         else if(x2 > b) b = x2;
 2776              		.loc 1 759 0
 2777 0068 8542     		cmp	r5, r0
 2778 006a 01DC     		bgt	.L201
 2779 006c 1546     		mov	r5, r2
 2780              	.LVL322:
 2781 006e 01E0     		b	.L188
 2782              	.LVL323:
 2783              	.L201:
 2784 0070 2846     		mov	r0, r5
 2785              	.LVL324:
 2786 0072 1546     		mov	r5, r2
 2787              	.LVL325:
 2788              	.L188:
 760:source\bsw\tft/tft.c ****         TFT_fastHLine(a, y0, b-a+1, color);
 2789              		.loc 1 760 0
 2790 0074 401B     		subs	r0, r0, r5
 2791              	.LVL326:
 2792 0076 421C     		adds	r2, r0, #1
 2793 0078 009B     		ldr	r3, [sp]
 2794 007a 12B2     		sxth	r2, r2
 2795 007c 0499     		ldr	r1, [sp, #16]
 2796 007e 2846     		mov	r0, r5
 2797 0080 FFF7FEFF 		bl	TFT_fastHLine
 2798              	.LVL327:
 761:source\bsw\tft/tft.c ****         return;
 2799              		.loc 1 761 0
 2800 0084 74E0     		b	.L182
 2801              	.LVL328:
 2802              	.L186:
 762:source\bsw\tft/tft.c ****     }
 763:source\bsw\tft/tft.c **** 
 764:source\bsw\tft/tft.c ****     int16_t
 765:source\bsw\tft/tft.c ****     dx01 = x1 - x0,
 2803              		.loc 1 765 0
 2804 0086 93B2     		uxth	r3, r2
 2805 0088 1A46     		mov	r2, r3
 2806 008a 0193     		str	r3, [sp, #4]
 2807 008c 87B2     		uxth	r7, r0
 2808 008e DB1B     		subs	r3, r3, r7
 2809 0090 1BB2     		sxth	r3, r3
ARM GAS  C:\Users\91819\AppData\Local\Temp\ccy28JmR.s 			page 68


 2810 0092 0293     		str	r3, [sp, #8]
 2811              	.LVL329:
 766:source\bsw\tft/tft.c ****     dy01 = y1 - y0,
 2812              		.loc 1 766 0
 2813 0094 0599     		ldr	r1, [sp, #20]
 2814 0096 1FFA81FB 		uxth	fp, r1
 2815 009a BDF81080 		ldrh	r8, [sp, #16]
 2816 009e C8EB0B03 		rsb	r3, r8, fp
 2817 00a2 1BB2     		sxth	r3, r3
 2818 00a4 1846     		mov	r0, r3
 2819              	.LVL330:
 767:source\bsw\tft/tft.c ****     dx02 = x2 - x0,
 2820              		.loc 1 767 0
 2821 00a6 ADB2     		uxth	r5, r5
 2822 00a8 EE1B     		subs	r6, r5, r7
 2823 00aa 36B2     		sxth	r6, r6
 2824              	.LVL331:
 768:source\bsw\tft/tft.c ****     dy02 = y2 - y0,
 2825              		.loc 1 768 0
 2826 00ac 1FFA89F3 		uxth	r3, r9
 2827 00b0 C8EB0308 		rsb	r8, r8, r3
 2828 00b4 0FFA88F8 		sxth	r8, r8
 2829              	.LVL332:
 769:source\bsw\tft/tft.c ****     dx12 = x2 - x1,
 2830              		.loc 1 769 0
 2831 00b8 AD1A     		subs	r5, r5, r2
 2832              	.LVL333:
 2833 00ba 2AB2     		sxth	r2, r5
 2834              	.LVL334:
 2835 00bc 0692     		str	r2, [sp, #24]
 2836              	.LVL335:
 770:source\bsw\tft/tft.c ****     dy12 = y2 - y1;
 2837              		.loc 1 770 0
 2838 00be CBEB0303 		rsb	r3, fp, r3
 2839 00c2 1BB2     		sxth	r3, r3
 2840 00c4 0393     		str	r3, [sp, #12]
 2841              	.LVL336:
 771:source\bsw\tft/tft.c ****     int32_t
 772:source\bsw\tft/tft.c ****     sa   = 0,
 773:source\bsw\tft/tft.c ****     sb   = 0;
 774:source\bsw\tft/tft.c **** 
 775:source\bsw\tft/tft.c ****     // For upper part of triangle, find scanline crossings for segments
 776:source\bsw\tft/tft.c ****     // 0-1 and 0-2.  If y1=y2 (flat-bottomed triangle), the scanline y1
 777:source\bsw\tft/tft.c ****     // is included here (and second loop will be skipped, avoiding a /0
 778:source\bsw\tft/tft.c ****     // error there), otherwise scanline y1 is skipped here and handled
 779:source\bsw\tft/tft.c ****     // in the second loop...which also avoids a /0 error here if y0=y1
 780:source\bsw\tft/tft.c ****     // (flat-topped triangle).
 781:source\bsw\tft/tft.c ****     if(y1 == y2) last = y1;   // Include y1 scanline
 2842              		.loc 1 781 0
 2843 00c6 4945     		cmp	r1, r9
 2844 00c8 04D0     		beq	.L202
 782:source\bsw\tft/tft.c ****     else         last = y1-1; // Skip it
 2845              		.loc 1 782 0
 2846 00ca 0BF1FF3B 		add	fp, fp, #-1
 2847 00ce 0FFA8BFB 		sxth	fp, fp
 2848              	.LVL337:
 2849 00d2 01E0     		b	.L190
ARM GAS  C:\Users\91819\AppData\Local\Temp\ccy28JmR.s 			page 69


 2850              	.LVL338:
 2851              	.L202:
 781:source\bsw\tft/tft.c ****     else         last = y1-1; // Skip it
 2852              		.loc 1 781 0
 2853 00d4 DDF814B0 		ldr	fp, [sp, #20]
 2854              	.L190:
 2855              	.LVL339:
 783:source\bsw\tft/tft.c **** 
 784:source\bsw\tft/tft.c ****     for(y=y0; y<=last; y++) {
 2856              		.loc 1 784 0
 2857 00d8 049C     		ldr	r4, [sp, #16]
 773:source\bsw\tft/tft.c **** 
 2858              		.loc 1 773 0
 2859 00da 0025     		movs	r5, #0
 772:source\bsw\tft/tft.c ****     sb   = 0;
 2860              		.loc 1 772 0
 2861 00dc AA46     		mov	r10, r5
 2862 00de CDF81C90 		str	r9, [sp, #28]
 2863 00e2 8146     		mov	r9, r0
 2864              	.LVL340:
 2865              		.loc 1 784 0
 2866 00e4 18E0     		b	.L191
 2867              	.LVL341:
 2868              	.L193:
 785:source\bsw\tft/tft.c ****         a   = x0 + sa / dy01;
 2869              		.loc 1 785 0
 2870 00e6 9AFBF9F2 		sdiv	r2, r10, r9
 2871 00ea 3A44     		add	r2, r2, r7
 2872 00ec 12B2     		sxth	r2, r2
 2873              	.LVL342:
 786:source\bsw\tft/tft.c ****         b   = x0 + sb / dy02;
 2874              		.loc 1 786 0
 2875 00ee 95FBF8F0 		sdiv	r0, r5, r8
 2876 00f2 3844     		add	r0, r0, r7
 2877 00f4 00B2     		sxth	r0, r0
 2878              	.LVL343:
 787:source\bsw\tft/tft.c ****         sa += dx01;
 2879              		.loc 1 787 0
 2880 00f6 029B     		ldr	r3, [sp, #8]
 2881 00f8 9A44     		add	r10, r10, r3
 2882              	.LVL344:
 788:source\bsw\tft/tft.c ****         sb += dx02;
 2883              		.loc 1 788 0
 2884 00fa 3544     		add	r5, r5, r6
 2885              	.LVL345:
 789:source\bsw\tft/tft.c ****         /* longhand:
 790:source\bsw\tft/tft.c ****         a = x0 + (x1 - x0) * (y - y0) / (y1 - y0);
 791:source\bsw\tft/tft.c ****         b = x0 + (x2 - x0) * (y - y0) / (y2 - y0);
 792:source\bsw\tft/tft.c ****         */
 793:source\bsw\tft/tft.c ****         if(a > b) _swap_int16_t(a,b);
 2886              		.loc 1 793 0
 2887 00fc 8242     		cmp	r2, r0
 2888 00fe 02DC     		bgt	.L192
 2889 0100 0346     		mov	r3, r0
 785:source\bsw\tft/tft.c ****         b   = x0 + sb / dy02;
 2890              		.loc 1 785 0
 2891 0102 1046     		mov	r0, r2
ARM GAS  C:\Users\91819\AppData\Local\Temp\ccy28JmR.s 			page 70


 2892              	.LVL346:
 786:source\bsw\tft/tft.c ****         sa += dx01;
 2893              		.loc 1 786 0
 2894 0104 1A46     		mov	r2, r3
 2895              	.LVL347:
 2896              	.L192:
 794:source\bsw\tft/tft.c ****         TFT_fastHLine(a, y, b-a+1, color);
 2897              		.loc 1 794 0 discriminator 2
 2898 0106 121A     		subs	r2, r2, r0
 2899              	.LVL348:
 2900 0108 0132     		adds	r2, r2, #1
 2901 010a 009B     		ldr	r3, [sp]
 2902 010c 12B2     		sxth	r2, r2
 2903 010e 2146     		mov	r1, r4
 2904 0110 FFF7FEFF 		bl	TFT_fastHLine
 2905              	.LVL349:
 784:source\bsw\tft/tft.c ****         a   = x0 + sa / dy01;
 2906              		.loc 1 784 0 discriminator 2
 2907 0114 0134     		adds	r4, r4, #1
 2908              	.LVL350:
 2909 0116 24B2     		sxth	r4, r4
 2910              	.LVL351:
 2911              	.L191:
 784:source\bsw\tft/tft.c ****         a   = x0 + sa / dy01;
 2912              		.loc 1 784 0 is_stmt 0 discriminator 1
 2913 0118 5C45     		cmp	r4, fp
 2914 011a E4DD     		ble	.L193
 2915 011c DDF81C90 		ldr	r9, [sp, #28]
 2916              	.LVL352:
 795:source\bsw\tft/tft.c ****     }
 796:source\bsw\tft/tft.c **** 
 797:source\bsw\tft/tft.c ****     // For lower part of triangle, find scanline crossings for segments
 798:source\bsw\tft/tft.c ****     // 0-2 and 1-2.  This loop is skipped if y1=y2.
 799:source\bsw\tft/tft.c ****     sa = dx12 * (y - y1);
 2917              		.loc 1 799 0 is_stmt 1
 2918 0120 069A     		ldr	r2, [sp, #24]
 2919 0122 9346     		mov	fp, r2
 2920              	.LVL353:
 2921 0124 059B     		ldr	r3, [sp, #20]
 2922 0126 E51A     		subs	r5, r4, r3
 2923              	.LVL354:
 2924 0128 05FB02F5 		mul	r5, r5, r2
 2925              	.LVL355:
 800:source\bsw\tft/tft.c ****     sb = dx02 * (y - y0);
 2926              		.loc 1 800 0
 2927 012c B246     		mov	r10, r6
 2928 012e 049B     		ldr	r3, [sp, #16]
 2929 0130 E31A     		subs	r3, r4, r3
 2930 0132 03FB06F6 		mul	r6, r3, r6
 2931              	.LVL356:
 801:source\bsw\tft/tft.c ****     for(; y<=y2; y++) {
 2932              		.loc 1 801 0
 2933 0136 19E0     		b	.L194
 2934              	.L196:
 802:source\bsw\tft/tft.c ****         a   = x1 + sa / dy12;
 2935              		.loc 1 802 0
 2936 0138 039B     		ldr	r3, [sp, #12]
ARM GAS  C:\Users\91819\AppData\Local\Temp\ccy28JmR.s 			page 71


 2937 013a 95FBF3F2 		sdiv	r2, r5, r3
 2938 013e 019B     		ldr	r3, [sp, #4]
 2939 0140 1A44     		add	r2, r2, r3
 2940 0142 12B2     		sxth	r2, r2
 2941              	.LVL357:
 803:source\bsw\tft/tft.c ****         b   = x0 + sb / dy02;
 2942              		.loc 1 803 0
 2943 0144 96FBF8F0 		sdiv	r0, r6, r8
 2944 0148 3844     		add	r0, r0, r7
 2945 014a 00B2     		sxth	r0, r0
 2946              	.LVL358:
 804:source\bsw\tft/tft.c ****         sa += dx12;
 2947              		.loc 1 804 0
 2948 014c 5D44     		add	r5, r5, fp
 2949              	.LVL359:
 805:source\bsw\tft/tft.c ****         sb += dx02;
 2950              		.loc 1 805 0
 2951 014e 5644     		add	r6, r6, r10
 2952              	.LVL360:
 806:source\bsw\tft/tft.c ****         /* longhand:
 807:source\bsw\tft/tft.c ****         a = x1 + (x2 - x1) * (y - y1) / (y2 - y1);
 808:source\bsw\tft/tft.c ****         b = x0 + (x2 - x0) * (y - y0) / (y2 - y0);
 809:source\bsw\tft/tft.c ****         */
 810:source\bsw\tft/tft.c ****         if(a > b) _swap_int16_t(a,b);
 2953              		.loc 1 810 0
 2954 0150 8242     		cmp	r2, r0
 2955 0152 02DC     		bgt	.L195
 2956 0154 0346     		mov	r3, r0
 802:source\bsw\tft/tft.c ****         b   = x0 + sb / dy02;
 2957              		.loc 1 802 0
 2958 0156 1046     		mov	r0, r2
 2959              	.LVL361:
 803:source\bsw\tft/tft.c ****         sa += dx12;
 2960              		.loc 1 803 0
 2961 0158 1A46     		mov	r2, r3
 2962              	.LVL362:
 2963              	.L195:
 811:source\bsw\tft/tft.c ****         TFT_fastHLine(a, y, b-a+1, color);
 2964              		.loc 1 811 0
 2965 015a 121A     		subs	r2, r2, r0
 2966              	.LVL363:
 2967 015c 0132     		adds	r2, r2, #1
 2968 015e 009B     		ldr	r3, [sp]
 2969 0160 12B2     		sxth	r2, r2
 2970 0162 2146     		mov	r1, r4
 2971 0164 FFF7FEFF 		bl	TFT_fastHLine
 2972              	.LVL364:
 801:source\bsw\tft/tft.c ****         a   = x1 + sa / dy12;
 2973              		.loc 1 801 0
 2974 0168 0134     		adds	r4, r4, #1
 2975              	.LVL365:
 2976 016a 24B2     		sxth	r4, r4
 2977              	.LVL366:
 2978              	.L194:
 801:source\bsw\tft/tft.c ****         a   = x1 + sa / dy12;
 2979              		.loc 1 801 0 is_stmt 0 discriminator 1
 2980 016c A145     		cmp	r9, r4
ARM GAS  C:\Users\91819\AppData\Local\Temp\ccy28JmR.s 			page 72


 2981 016e E3DA     		bge	.L196
 2982              	.LVL367:
 2983              	.L182:
 812:source\bsw\tft/tft.c ****     }
 813:source\bsw\tft/tft.c **** }
 2984              		.loc 1 813 0 is_stmt 1
 2985 0170 09B0     		add	sp, sp, #36
 2986              		.cfi_def_cfa_offset 36
 2987              		@ sp needed
 2988 0172 BDE8F08F 		pop	{r4, r5, r6, r7, r8, r9, r10, fp, pc}
 2989              		.cfi_endproc
 2990              	.LFE35:
 2991              		.size	TFT_fillTriangle, .-TFT_fillTriangle
 2992 0176 00BF     		.section	.text.TFT_drawRoundRect,"ax",%progbits
 2993              		.align	2
 2994              		.global	TFT_drawRoundRect
 2995              		.thumb
 2996              		.thumb_func
 2997              		.type	TFT_drawRoundRect, %function
 2998              	TFT_drawRoundRect:
 2999              	.LFB36:
 814:source\bsw\tft/tft.c **** 
 815:source\bsw\tft/tft.c **** // Draw a rounded rectangle
 816:source\bsw\tft/tft.c **** void TFT_drawRoundRect(int16_t x, int16_t y, int16_t w, int16_t h, int16_t r, TFT_color_t color) {
 3000              		.loc 1 816 0
 3001              		.cfi_startproc
 3002              		@ args = 8, pretend = 0, frame = 16
 3003              		@ frame_needed = 0, uses_anonymous_args = 0
 3004              	.LVL368:
 3005 0000 2DE9F04F 		push	{r4, r5, r6, r7, r8, r9, r10, fp, lr}
 3006              		.cfi_def_cfa_offset 36
 3007              		.cfi_offset 4, -36
 3008              		.cfi_offset 5, -32
 3009              		.cfi_offset 6, -28
 3010              		.cfi_offset 7, -24
 3011              		.cfi_offset 8, -20
 3012              		.cfi_offset 9, -16
 3013              		.cfi_offset 10, -12
 3014              		.cfi_offset 11, -8
 3015              		.cfi_offset 14, -4
 3016 0004 87B0     		sub	sp, sp, #28
 3017              		.cfi_def_cfa_offset 64
 3018 0006 0E46     		mov	r6, r1
 3019 0008 1F46     		mov	r7, r3
 3020 000a BDF94030 		ldrsh	r3, [sp, #64]
 3021              	.LVL369:
 3022 000e BDF84480 		ldrh	r8, [sp, #68]
 817:source\bsw\tft/tft.c ****     // smarter version
 818:source\bsw\tft/tft.c ****     TFT_fastHLine(x+r  , y    , w-2*r, color); // Top
 3023              		.loc 1 818 0
 3024 0012 0390     		str	r0, [sp, #12]
 3025 0014 BDF80CB0 		ldrh	fp, [sp, #12]
 3026 0018 0493     		str	r3, [sp, #16]
 3027 001a BDF81090 		ldrh	r9, [sp, #16]
 3028 001e 0BEB0903 		add	r3, fp, r9
 3029 0022 1CB2     		sxth	r4, r3
 3030 0024 2546     		mov	r5, r4
ARM GAS  C:\Users\91819\AppData\Local\Temp\ccy28JmR.s 			page 73


 3031 0026 94B2     		uxth	r4, r2
 3032 0028 4FEA490A 		lsl	r10, r9, #1
 3033 002c 1FFA8AFA 		uxth	r10, r10
 3034 0030 CAEB0403 		rsb	r3, r10, r4
 3035 0034 1AB2     		sxth	r2, r3
 3036              	.LVL370:
 3037 0036 4346     		mov	r3, r8
 3038 0038 0592     		str	r2, [sp, #20]
 3039 003a 0295     		str	r5, [sp, #8]
 3040 003c 2846     		mov	r0, r5
 3041              	.LVL371:
 3042 003e FFF7FEFF 		bl	TFT_fastHLine
 3043              	.LVL372:
 819:source\bsw\tft/tft.c ****     TFT_fastHLine(x+r  , y+h-1, w-2*r, color); // Bottom
 3044              		.loc 1 819 0
 3045 0042 B6B2     		uxth	r6, r6
 3046 0044 BFB2     		uxth	r7, r7
 3047 0046 F519     		adds	r5, r6, r7
 3048 0048 ADB2     		uxth	r5, r5
 3049 004a 691E     		subs	r1, r5, #1
 3050 004c 4346     		mov	r3, r8
 3051 004e 059A     		ldr	r2, [sp, #20]
 3052 0050 09B2     		sxth	r1, r1
 3053 0052 0298     		ldr	r0, [sp, #8]
 3054 0054 FFF7FEFF 		bl	TFT_fastHLine
 3055              	.LVL373:
 820:source\bsw\tft/tft.c ****     TFT_fastVLine(x    , y+r  , h-2*r, color); // Left
 3056              		.loc 1 820 0
 3057 0058 4E44     		add	r6, r6, r9
 3058 005a 36B2     		sxth	r6, r6
 3059 005c CAEB0707 		rsb	r7, r10, r7
 3060 0060 3FB2     		sxth	r7, r7
 3061 0062 4346     		mov	r3, r8
 3062 0064 3A46     		mov	r2, r7
 3063 0066 3146     		mov	r1, r6
 3064 0068 0398     		ldr	r0, [sp, #12]
 3065 006a FFF7FEFF 		bl	TFT_fastVLine
 3066              	.LVL374:
 821:source\bsw\tft/tft.c ****     TFT_fastVLine(x+w-1, y+r  , h-2*r, color); // Right
 3067              		.loc 1 821 0
 3068 006e 5C44     		add	r4, r4, fp
 3069              	.LVL375:
 3070 0070 A4B2     		uxth	r4, r4
 3071 0072 601E     		subs	r0, r4, #1
 3072 0074 4346     		mov	r3, r8
 3073 0076 3A46     		mov	r2, r7
 3074 0078 3146     		mov	r1, r6
 3075 007a 00B2     		sxth	r0, r0
 3076 007c FFF7FEFF 		bl	TFT_fastVLine
 3077              	.LVL376:
 822:source\bsw\tft/tft.c ****     // draw four corners
 823:source\bsw\tft/tft.c ****     TFT_drawCircleHelper(x+r    , y+r    , r, 1, color);
 3078              		.loc 1 823 0
 3079 0080 CDF80080 		str	r8, [sp]
 3080 0084 0123     		movs	r3, #1
 3081 0086 049F     		ldr	r7, [sp, #16]
 3082 0088 3A46     		mov	r2, r7
ARM GAS  C:\Users\91819\AppData\Local\Temp\ccy28JmR.s 			page 74


 3083 008a 3146     		mov	r1, r6
 3084 008c DDF808A0 		ldr	r10, [sp, #8]
 3085 0090 5046     		mov	r0, r10
 3086 0092 FFF7FEFF 		bl	TFT_drawCircleHelper
 3087              	.LVL377:
 824:source\bsw\tft/tft.c ****     TFT_drawCircleHelper(x+w-r-1, y+r    , r, 2, color);
 3088              		.loc 1 824 0
 3089 0096 C9EB0404 		rsb	r4, r9, r4
 3090 009a 013C     		subs	r4, r4, #1
 3091 009c 24B2     		sxth	r4, r4
 3092 009e CDF80080 		str	r8, [sp]
 3093 00a2 0223     		movs	r3, #2
 3094 00a4 3A46     		mov	r2, r7
 3095 00a6 3146     		mov	r1, r6
 3096 00a8 2046     		mov	r0, r4
 3097 00aa FFF7FEFF 		bl	TFT_drawCircleHelper
 3098              	.LVL378:
 825:source\bsw\tft/tft.c ****     TFT_drawCircleHelper(x+w-r-1, y+h-r-1, r, 4, color);
 3099              		.loc 1 825 0
 3100 00ae C9EB0505 		rsb	r5, r9, r5
 3101 00b2 013D     		subs	r5, r5, #1
 3102 00b4 2DB2     		sxth	r5, r5
 3103 00b6 CDF80080 		str	r8, [sp]
 3104 00ba 0423     		movs	r3, #4
 3105 00bc 3A46     		mov	r2, r7
 3106 00be 2946     		mov	r1, r5
 3107 00c0 2046     		mov	r0, r4
 3108 00c2 FFF7FEFF 		bl	TFT_drawCircleHelper
 3109              	.LVL379:
 826:source\bsw\tft/tft.c ****     TFT_drawCircleHelper(x+r    , y+h-r-1, r, 8, color);
 3110              		.loc 1 826 0
 3111 00c6 CDF80080 		str	r8, [sp]
 3112 00ca 0823     		movs	r3, #8
 3113 00cc 3A46     		mov	r2, r7
 3114 00ce 2946     		mov	r1, r5
 3115 00d0 5046     		mov	r0, r10
 3116 00d2 FFF7FEFF 		bl	TFT_drawCircleHelper
 3117              	.LVL380:
 827:source\bsw\tft/tft.c **** 
 828:source\bsw\tft/tft.c **** }
 3118              		.loc 1 828 0
 3119 00d6 07B0     		add	sp, sp, #28
 3120              		.cfi_def_cfa_offset 36
 3121              		@ sp needed
 3122 00d8 BDE8F08F 		pop	{r4, r5, r6, r7, r8, r9, r10, fp, pc}
 3123              		.cfi_endproc
 3124              	.LFE36:
 3125              		.size	TFT_drawRoundRect, .-TFT_drawRoundRect
 3126              		.section	.text.TFT_fillRoundRect,"ax",%progbits
 3127              		.align	2
 3128              		.global	TFT_fillRoundRect
 3129              		.thumb
 3130              		.thumb_func
 3131              		.type	TFT_fillRoundRect, %function
 3132              	TFT_fillRoundRect:
 3133              	.LFB37:
 829:source\bsw\tft/tft.c **** 
ARM GAS  C:\Users\91819\AppData\Local\Temp\ccy28JmR.s 			page 75


 830:source\bsw\tft/tft.c **** // Fill a rounded rectangle
 831:source\bsw\tft/tft.c **** void TFT_fillRoundRect(int16_t x, int16_t y, int16_t w, int16_t h, int16_t r, TFT_color_t color) {
 3134              		.loc 1 831 0
 3135              		.cfi_startproc
 3136              		@ args = 8, pretend = 0, frame = 8
 3137              		@ frame_needed = 0, uses_anonymous_args = 0
 3138              	.LVL381:
 3139 0000 2DE9F04F 		push	{r4, r5, r6, r7, r8, r9, r10, fp, lr}
 3140              		.cfi_def_cfa_offset 36
 3141              		.cfi_offset 4, -36
 3142              		.cfi_offset 5, -32
 3143              		.cfi_offset 6, -28
 3144              		.cfi_offset 7, -24
 3145              		.cfi_offset 8, -20
 3146              		.cfi_offset 9, -16
 3147              		.cfi_offset 10, -12
 3148              		.cfi_offset 11, -8
 3149              		.cfi_offset 14, -4
 3150 0004 85B0     		sub	sp, sp, #20
 3151              		.cfi_def_cfa_offset 56
 3152 0006 0D46     		mov	r5, r1
 3153 0008 0393     		str	r3, [sp, #12]
 3154 000a BDF93890 		ldrsh	r9, [sp, #56]
 3155 000e BDF83CA0 		ldrh	r10, [sp, #60]
 832:source\bsw\tft/tft.c ****     // smarter version
 833:source\bsw\tft/tft.c **** 
 834:source\bsw\tft/tft.c ****     TFT_fillRect(x+r, y, w-2*r, h, color);
 3156              		.loc 1 834 0
 3157 0012 1FFA80FB 		uxth	fp, r0
 3158 0016 1FFA89F7 		uxth	r7, r9
 3159 001a 0BEB0706 		add	r6, fp, r7
 3160 001e 36B2     		sxth	r6, r6
 3161 0020 94B2     		uxth	r4, r2
 3162 0022 4FEA4708 		lsl	r8, r7, #1
 3163 0026 1FFA88F8 		uxth	r8, r8
 3164 002a C8EB0402 		rsb	r2, r8, r4
 3165              	.LVL382:
 3166 002e CDF800A0 		str	r10, [sp]
 3167 0032 12B2     		sxth	r2, r2
 3168 0034 3046     		mov	r0, r6
 3169              	.LVL383:
 3170 0036 FFF7FEFF 		bl	TFT_fillRect
 3171              	.LVL384:
 835:source\bsw\tft/tft.c **** 
 836:source\bsw\tft/tft.c ****     // draw four corners
 837:source\bsw\tft/tft.c ****     TFT_fillCircleHelper(x+w-r-1, y+r, r, 1, h-2*r-1, color);
 3172              		.loc 1 837 0
 3173 003a 3D44     		add	r5, r5, r7
 3174 003c 2DB2     		sxth	r5, r5
 3175 003e 039B     		ldr	r3, [sp, #12]
 3176 0040 C8EB0308 		rsb	r8, r8, r3
 3177 0044 08F1FF38 		add	r8, r8, #-1
 3178 0048 0FFA88F8 		sxth	r8, r8
 3179 004c 0BEB0400 		add	r0, fp, r4
 3180 0050 C01B     		subs	r0, r0, r7
 3181 0052 0138     		subs	r0, r0, #1
 3182 0054 CDF804A0 		str	r10, [sp, #4]
ARM GAS  C:\Users\91819\AppData\Local\Temp\ccy28JmR.s 			page 76


 3183 0058 CDF80080 		str	r8, [sp]
 3184 005c 0123     		movs	r3, #1
 3185 005e 4A46     		mov	r2, r9
 3186 0060 2946     		mov	r1, r5
 3187 0062 00B2     		sxth	r0, r0
 3188 0064 FFF7FEFF 		bl	TFT_fillCircleHelper
 3189              	.LVL385:
 838:source\bsw\tft/tft.c ****     TFT_fillCircleHelper(x+r    , y+r, r, 2, h-2*r-1, color);
 3190              		.loc 1 838 0
 3191 0068 CDF804A0 		str	r10, [sp, #4]
 3192 006c CDF80080 		str	r8, [sp]
 3193 0070 0223     		movs	r3, #2
 3194 0072 4A46     		mov	r2, r9
 3195 0074 2946     		mov	r1, r5
 3196 0076 3046     		mov	r0, r6
 3197 0078 FFF7FEFF 		bl	TFT_fillCircleHelper
 3198              	.LVL386:
 839:source\bsw\tft/tft.c **** 
 840:source\bsw\tft/tft.c **** }
 3199              		.loc 1 840 0
 3200 007c 05B0     		add	sp, sp, #20
 3201              		.cfi_def_cfa_offset 36
 3202              		@ sp needed
 3203 007e BDE8F08F 		pop	{r4, r5, r6, r7, r8, r9, r10, fp, pc}
 3204              		.cfi_endproc
 3205              	.LFE37:
 3206              		.size	TFT_fillRoundRect, .-TFT_fillRoundRect
 3207 0082 00BF     		.section	.text.TFT_drawRect,"ax",%progbits
 3208              		.align	2
 3209              		.global	TFT_drawRect
 3210              		.thumb
 3211              		.thumb_func
 3212              		.type	TFT_drawRect, %function
 3213              	TFT_drawRect:
 3214              	.LFB38:
 841:source\bsw\tft/tft.c **** 
 842:source\bsw\tft/tft.c **** // Draw a rectangle
 843:source\bsw\tft/tft.c **** void TFT_drawRect(int16_t x, int16_t y, int16_t w, int16_t h,  TFT_color_t color) {
 3215              		.loc 1 843 0
 3216              		.cfi_startproc
 3217              		@ args = 4, pretend = 0, frame = 0
 3218              		@ frame_needed = 0, uses_anonymous_args = 0
 3219              	.LVL387:
 3220 0000 2DE9F041 		push	{r4, r5, r6, r7, r8, lr}
 3221              		.cfi_def_cfa_offset 24
 3222              		.cfi_offset 4, -24
 3223              		.cfi_offset 5, -20
 3224              		.cfi_offset 6, -16
 3225              		.cfi_offset 7, -12
 3226              		.cfi_offset 8, -8
 3227              		.cfi_offset 14, -4
 3228 0004 8046     		mov	r8, r0
 3229 0006 0E46     		mov	r6, r1
 3230 0008 1446     		mov	r4, r2
 3231 000a 1F46     		mov	r7, r3
 3232 000c BDF81850 		ldrh	r5, [sp, #24]
 844:source\bsw\tft/tft.c ****     TFT_fastHLine(x, y, w, color);
ARM GAS  C:\Users\91819\AppData\Local\Temp\ccy28JmR.s 			page 77


 3233              		.loc 1 844 0
 3234 0010 2B46     		mov	r3, r5
 3235              	.LVL388:
 3236 0012 FFF7FEFF 		bl	TFT_fastHLine
 3237              	.LVL389:
 845:source\bsw\tft/tft.c ****     TFT_fastHLine(x, y+h-1, w, color);
 3238              		.loc 1 845 0
 3239 0016 F119     		adds	r1, r6, r7
 3240 0018 0139     		subs	r1, r1, #1
 3241 001a 2B46     		mov	r3, r5
 3242 001c 2246     		mov	r2, r4
 3243 001e 09B2     		sxth	r1, r1
 3244 0020 4046     		mov	r0, r8
 3245 0022 FFF7FEFF 		bl	TFT_fastHLine
 3246              	.LVL390:
 846:source\bsw\tft/tft.c ****     TFT_fastVLine(x, y, h, color);
 3247              		.loc 1 846 0
 3248 0026 2B46     		mov	r3, r5
 3249 0028 3A46     		mov	r2, r7
 3250 002a 3146     		mov	r1, r6
 3251 002c 4046     		mov	r0, r8
 3252 002e FFF7FEFF 		bl	TFT_fastVLine
 3253              	.LVL391:
 847:source\bsw\tft/tft.c ****     TFT_fastVLine(x+w-1, y, h, color);
 3254              		.loc 1 847 0
 3255 0032 08EB0400 		add	r0, r8, r4
 3256 0036 0138     		subs	r0, r0, #1
 3257 0038 2B46     		mov	r3, r5
 3258 003a 3A46     		mov	r2, r7
 3259 003c 3146     		mov	r1, r6
 3260 003e 00B2     		sxth	r0, r0
 3261 0040 FFF7FEFF 		bl	TFT_fastVLine
 3262              	.LVL392:
 3263 0044 BDE8F081 		pop	{r4, r5, r6, r7, r8, pc}
 3264              		.cfi_endproc
 3265              	.LFE38:
 3266              		.size	TFT_drawRect, .-TFT_drawRect
 3267              		.section	.text.TFT_drawChar,"ax",%progbits
 3268              		.align	2
 3269              		.global	TFT_drawChar
 3270              		.thumb
 3271              		.thumb_func
 3272              		.type	TFT_drawChar, %function
 3273              	TFT_drawChar:
 3274              	.LFB39:
 848:source\bsw\tft/tft.c **** }
 849:source\bsw\tft/tft.c **** 
 850:source\bsw\tft/tft.c **** // Draw a character
 851:source\bsw\tft/tft.c **** void TFT_drawChar(int16_t x, int16_t y, unsigned char c,  TFT_color_t color, TFT_color_t bg, uint8_
 3275              		.loc 1 851 0
 3276              		.cfi_startproc
 3277              		@ args = 8, pretend = 0, frame = 32
 3278              		@ frame_needed = 0, uses_anonymous_args = 0
 3279              	.LVL393:
 3280 0000 2DE9F04F 		push	{r4, r5, r6, r7, r8, r9, r10, fp, lr}
 3281              		.cfi_def_cfa_offset 36
 3282              		.cfi_offset 4, -36
ARM GAS  C:\Users\91819\AppData\Local\Temp\ccy28JmR.s 			page 78


 3283              		.cfi_offset 5, -32
 3284              		.cfi_offset 6, -28
 3285              		.cfi_offset 7, -24
 3286              		.cfi_offset 8, -20
 3287              		.cfi_offset 9, -16
 3288              		.cfi_offset 10, -12
 3289              		.cfi_offset 11, -8
 3290              		.cfi_offset 14, -4
 3291 0004 8BB0     		sub	sp, sp, #44
 3292              		.cfi_def_cfa_offset 80
 3293 0006 0290     		str	r0, [sp, #8]
 3294 0008 0391     		str	r1, [sp, #12]
 3295 000a 1546     		mov	r5, r2
 3296 000c 0493     		str	r3, [sp, #16]
 3297 000e BDF85070 		ldrh	r7, [sp, #80]
 3298 0012 9DF854A0 		ldrb	r10, [sp, #84]	@ zero_extendqisi2
 852:source\bsw\tft/tft.c **** 
 853:source\bsw\tft/tft.c ****     if(!gfxFont) { // 'Classic' built-in font
 3299              		.loc 1 853 0
 3300 0016 7F4B     		ldr	r3, .L232
 3301              	.LVL394:
 3302 0018 1A68     		ldr	r2, [r3]
 3303              	.LVL395:
 3304 001a 002A     		cmp	r2, #0
 3305 001c 40F09080 		bne	.L211
 854:source\bsw\tft/tft.c **** 
 855:source\bsw\tft/tft.c ****         if((x >= _width)            || // Clip right
 3306              		.loc 1 855 0
 3307 0020 B3F90630 		ldrsh	r3, [r3, #6]
 3308 0024 0146     		mov	r1, r0
 3309              	.LVL396:
 3310 0026 8342     		cmp	r3, r0
 3311 0028 40F3F180 		ble	.L210
 856:source\bsw\tft/tft.c ****            (y >= _height)           || // Clip bottom
 3312              		.loc 1 856 0 discriminator 1
 3313 002c 794B     		ldr	r3, .L232
 3314 002e B3F8DA30 		ldrh	r3, [r3, #218]
 855:source\bsw\tft/tft.c ****            (y >= _height)           || // Clip bottom
 3315              		.loc 1 855 0 discriminator 1
 3316 0032 0398     		ldr	r0, [sp, #12]
 3317              	.LVL397:
 3318 0034 9842     		cmp	r0, r3
 3319 0036 80F2EA80 		bge	.L210
 857:source\bsw\tft/tft.c ****            ((x + 6 * size - 1) < 0) || // Clip left
 3320              		.loc 1 857 0
 3321 003a 0AEB4A02 		add	r2, r10, r10, lsl #1
 3322 003e 5300     		lsls	r3, r2, #1
 3323 0040 0B44     		add	r3, r3, r1
 856:source\bsw\tft/tft.c ****            (y >= _height)           || // Clip bottom
 3324              		.loc 1 856 0
 3325 0042 012B     		cmp	r3, #1
 3326 0044 00F1E380 		bmi	.L210
 858:source\bsw\tft/tft.c ****            ((y + 8 * size - 1) < 0))   // Clip top
 3327              		.loc 1 858 0
 3328 0048 00EBCA03 		add	r3, r0, r10, lsl #3
 857:source\bsw\tft/tft.c ****            ((x + 6 * size - 1) < 0) || // Clip left
 3329              		.loc 1 857 0
ARM GAS  C:\Users\91819\AppData\Local\Temp\ccy28JmR.s 			page 79


 3330 004c 012B     		cmp	r3, #1
 3331 004e 00F1DE80 		bmi	.L210
 3332 0052 4FF00008 		mov	r8, #0
 3333 0056 8946     		mov	r9, r1
 3334 0058 8346     		mov	fp, r0
 3335 005a 0595     		str	r5, [sp, #20]
 3336 005c 049E     		ldr	r6, [sp, #16]
 3337 005e 4EE0     		b	.L213
 3338              	.LVL398:
 3339              	.L220:
 3340              	.LBB17:
 3341              	.LBB18:
 859:source\bsw\tft/tft.c ****             return;
 860:source\bsw\tft/tft.c **** 
 861:source\bsw\tft/tft.c ****         for(int8_t i=0; i<5; i++ ) { // Char bitmap = 5 columns
 862:source\bsw\tft/tft.c ****             uint8_t line = pgm_read_byte(&font[c * 5 + i]);
 3342              		.loc 1 862 0
 3343 0060 059B     		ldr	r3, [sp, #20]
 3344 0062 03EB8303 		add	r3, r3, r3, lsl #2
 3345 0066 4344     		add	r3, r3, r8
 3346 0068 6B4A     		ldr	r2, .L232+4
 3347 006a 1344     		add	r3, r3, r2
 3348 006c 93F85850 		ldrb	r5, [r3, #88]	@ zero_extendqisi2
 3349              	.LVL399:
 3350              	.LBB19:
 863:source\bsw\tft/tft.c ****             for(int8_t j=0; j<8; j++, line >>= 1) {
 3351              		.loc 1 863 0
 3352 0070 0024     		movs	r4, #0
 3353 0072 3EE0     		b	.L214
 3354              	.LVL400:
 3355              	.L219:
 864:source\bsw\tft/tft.c ****                 if(line & 1) {
 3356              		.loc 1 864 0
 3357 0074 15F0010F 		tst	r5, #1
 3358 0078 1BD0     		beq	.L215
 865:source\bsw\tft/tft.c ****                     if(size == 1)
 3359              		.loc 1 865 0
 3360 007a BAF1010F 		cmp	r10, #1
 3361 007e 09D1     		bne	.L216
 866:source\bsw\tft/tft.c ****                         TFT_drawPixel(x+i, y+j, color);
 3362              		.loc 1 866 0
 3363 0080 04EB0B01 		add	r1, r4, fp
 3364 0084 08EB0900 		add	r0, r8, r9
 3365 0088 3246     		mov	r2, r6
 3366 008a 09B2     		sxth	r1, r1
 3367 008c 00B2     		sxth	r0, r0
 3368 008e FFF7FEFF 		bl	TFT_drawPixel
 3369              	.LVL401:
 3370 0092 2BE0     		b	.L217
 3371              	.L216:
 867:source\bsw\tft/tft.c ****                     else
 868:source\bsw\tft/tft.c ****                         TFT_fillRect(x+i*size, y+j*size, size, size, color);
 3372              		.loc 1 868 0
 3373 0094 1FFA8AF0 		uxth	r0, r10
 3374 0098 0FFA8AF2 		sxth	r2, r10
 3375 009c 04FB00B1 		mla	r1, r4, r0, fp
 3376 00a0 08FB0090 		mla	r0, r8, r0, r9
ARM GAS  C:\Users\91819\AppData\Local\Temp\ccy28JmR.s 			page 80


 3377 00a4 0096     		str	r6, [sp]
 3378 00a6 1346     		mov	r3, r2
 3379 00a8 09B2     		sxth	r1, r1
 3380 00aa 00B2     		sxth	r0, r0
 3381 00ac FFF7FEFF 		bl	TFT_fillRect
 3382              	.LVL402:
 3383 00b0 1CE0     		b	.L217
 3384              	.L215:
 869:source\bsw\tft/tft.c ****                 } else if(bg != color) {
 3385              		.loc 1 869 0
 3386 00b2 BE42     		cmp	r6, r7
 3387 00b4 1AD0     		beq	.L217
 870:source\bsw\tft/tft.c ****                     if(size == 1)
 3388              		.loc 1 870 0
 3389 00b6 BAF1010F 		cmp	r10, #1
 3390 00ba 09D1     		bne	.L218
 871:source\bsw\tft/tft.c ****                         TFT_drawPixel(x+i, y+j, bg);
 3391              		.loc 1 871 0
 3392 00bc 04EB0B01 		add	r1, r4, fp
 3393 00c0 08EB0900 		add	r0, r8, r9
 3394 00c4 3A46     		mov	r2, r7
 3395 00c6 09B2     		sxth	r1, r1
 3396 00c8 00B2     		sxth	r0, r0
 3397 00ca FFF7FEFF 		bl	TFT_drawPixel
 3398              	.LVL403:
 3399 00ce 0DE0     		b	.L217
 3400              	.L218:
 872:source\bsw\tft/tft.c ****                     else
 873:source\bsw\tft/tft.c ****                         TFT_fillRect(x+i*size, y+j*size, size, size, bg);
 3401              		.loc 1 873 0
 3402 00d0 1FFA8AF0 		uxth	r0, r10
 3403 00d4 0FFA8AF2 		sxth	r2, r10
 3404 00d8 04FB00B1 		mla	r1, r4, r0, fp
 3405 00dc 08FB0090 		mla	r0, r8, r0, r9
 3406 00e0 0097     		str	r7, [sp]
 3407 00e2 1346     		mov	r3, r2
 3408 00e4 09B2     		sxth	r1, r1
 3409 00e6 00B2     		sxth	r0, r0
 3410 00e8 FFF7FEFF 		bl	TFT_fillRect
 3411              	.LVL404:
 3412              	.L217:
 863:source\bsw\tft/tft.c ****                 if(line & 1) {
 3413              		.loc 1 863 0 discriminator 2
 3414 00ec 0134     		adds	r4, r4, #1
 3415              	.LVL405:
 3416 00ee 64B2     		sxtb	r4, r4
 3417              	.LVL406:
 3418 00f0 6D08     		lsrs	r5, r5, #1
 3419              	.LVL407:
 3420              	.L214:
 863:source\bsw\tft/tft.c ****                 if(line & 1) {
 3421              		.loc 1 863 0 is_stmt 0 discriminator 1
 3422 00f2 072C     		cmp	r4, #7
 3423 00f4 BEDD     		ble	.L219
 3424              	.LBE19:
 3425              	.LBE18:
 861:source\bsw\tft/tft.c ****             uint8_t line = pgm_read_byte(&font[c * 5 + i]);
ARM GAS  C:\Users\91819\AppData\Local\Temp\ccy28JmR.s 			page 81


 3426              		.loc 1 861 0 is_stmt 1 discriminator 2
 3427 00f6 08F10108 		add	r8, r8, #1
 3428              	.LVL408:
 3429 00fa 4FFA88F8 		sxtb	r8, r8
 3430              	.LVL409:
 3431              	.L213:
 861:source\bsw\tft/tft.c ****             uint8_t line = pgm_read_byte(&font[c * 5 + i]);
 3432              		.loc 1 861 0 is_stmt 0 discriminator 1
 3433 00fe B8F1040F 		cmp	r8, #4
 3434 0102 ADDD     		ble	.L220
 3435              	.LBE17:
 874:source\bsw\tft/tft.c ****                 }
 875:source\bsw\tft/tft.c ****             }
 876:source\bsw\tft/tft.c ****         }
 877:source\bsw\tft/tft.c ****         if(bg != color) { // If opaque, draw vertical line for last column
 3436              		.loc 1 877 0 is_stmt 1
 3437 0104 049B     		ldr	r3, [sp, #16]
 3438 0106 BB42     		cmp	r3, r7
 3439 0108 00F08180 		beq	.L210
 878:source\bsw\tft/tft.c ****             if(size == 1) TFT_fastVLine(x+5, y, 8, bg);
 3440              		.loc 1 878 0
 3441 010c BAF1010F 		cmp	r10, #1
 3442 0110 08D1     		bne	.L221
 3443              		.loc 1 878 0 is_stmt 0 discriminator 1
 3444 0112 0298     		ldr	r0, [sp, #8]
 3445 0114 0530     		adds	r0, r0, #5
 3446 0116 3B46     		mov	r3, r7
 3447 0118 0822     		movs	r2, #8
 3448 011a 0399     		ldr	r1, [sp, #12]
 3449 011c 00B2     		sxth	r0, r0
 3450 011e FFF7FEFF 		bl	TFT_fastVLine
 3451              	.LVL410:
 3452 0122 74E0     		b	.L210
 3453              	.L221:
 879:source\bsw\tft/tft.c ****             else          TFT_fillRect(x+5*size, y, size, 8*size, bg);
 3454              		.loc 1 879 0 is_stmt 1
 3455 0124 1FFA8AF3 		uxth	r3, r10
 3456 0128 03EB8300 		add	r0, r3, r3, lsl #2
 3457 012c 029A     		ldr	r2, [sp, #8]
 3458 012e 1044     		add	r0, r0, r2
 3459 0130 0097     		str	r7, [sp]
 3460 0132 DB00     		lsls	r3, r3, #3
 3461 0134 5246     		mov	r2, r10
 3462 0136 0399     		ldr	r1, [sp, #12]
 3463 0138 00B2     		sxth	r0, r0
 3464 013a FFF7FEFF 		bl	TFT_fillRect
 3465              	.LVL411:
 3466 013e 66E0     		b	.L210
 3467              	.LVL412:
 3468              	.L211:
 3469              	.LBB20:
 880:source\bsw\tft/tft.c ****         }
 881:source\bsw\tft/tft.c **** 
 882:source\bsw\tft/tft.c ****     } else { // Custom font
 883:source\bsw\tft/tft.c **** 
 884:source\bsw\tft/tft.c ****         // Character is assumed previously filtered by write() to eliminate
 885:source\bsw\tft/tft.c ****         // newlines, returns, non-printable characters, etc.  Calling
ARM GAS  C:\Users\91819\AppData\Local\Temp\ccy28JmR.s 			page 82


 886:source\bsw\tft/tft.c ****         // drawChar() directly with 'bad' characters of font may cause mayhem!
 887:source\bsw\tft/tft.c **** 
 888:source\bsw\tft/tft.c ****         c -= (uint8_t)pgm_read_byte(&gfxFont->first);
 3470              		.loc 1 888 0
 3471 0140 137A     		ldrb	r3, [r2, #8]	@ zero_extendqisi2
 3472 0142 EB1A     		subs	r3, r5, r3
 3473 0144 DBB2     		uxtb	r3, r3
 3474              	.LVL413:
 889:source\bsw\tft/tft.c ****         GFXglyph *glyph  = &(((GFXglyph *)pgm_read_pointer(&gfxFont->glyph))[c]);
 3475              		.loc 1 889 0
 3476 0146 5068     		ldr	r0, [r2, #4]
 3477              	.LVL414:
 3478 0148 00EBC301 		add	r1, r0, r3, lsl #3
 3479              	.LVL415:
 890:source\bsw\tft/tft.c ****         uint8_t  *bitmap = (uint8_t *)pgm_read_pointer(&gfxFont->bitmap);
 3480              		.loc 1 890 0
 3481 014c D2F800B0 		ldr	fp, [r2]
 3482              	.LVL416:
 891:source\bsw\tft/tft.c **** 
 892:source\bsw\tft/tft.c ****         uint16_t bo = pgm_read_word(&glyph->bitmapOffset);
 3483              		.loc 1 892 0
 3484 0150 30F83370 		ldrh	r7, [r0, r3, lsl #3]
 3485              	.LVL417:
 893:source\bsw\tft/tft.c ****         uint8_t  w  = pgm_read_byte(&glyph->width),
 3486              		.loc 1 893 0
 3487 0154 91F80280 		ldrb	r8, [r1, #2]	@ zero_extendqisi2
 3488              	.LVL418:
 894:source\bsw\tft/tft.c ****                  h  = pgm_read_byte(&glyph->height);
 3489              		.loc 1 894 0
 3490 0158 CB78     		ldrb	r3, [r1, #3]	@ zero_extendqisi2
 3491              	.LVL419:
 3492 015a 0793     		str	r3, [sp, #28]
 3493              	.LVL420:
 895:source\bsw\tft/tft.c ****         int8_t   xo = pgm_read_byte(&glyph->xOffset),
 3494              		.loc 1 895 0
 3495 015c 91F90530 		ldrsb	r3, [r1, #5]
 3496 0160 0893     		str	r3, [sp, #32]
 3497              	.LVL421:
 896:source\bsw\tft/tft.c ****                  yo = pgm_read_byte(&glyph->yOffset);
 3498              		.loc 1 896 0
 3499 0162 91F90620 		ldrsb	r2, [r1, #6]
 3500              	.LVL422:
 3501 0166 0992     		str	r2, [sp, #36]
 3502              	.LVL423:
 897:source\bsw\tft/tft.c ****         uint8_t  xx, yy, bits = 0, bit = 0;
 898:source\bsw\tft/tft.c ****         int16_t  xo16 = 0, yo16 = 0;
 899:source\bsw\tft/tft.c **** 
 900:source\bsw\tft/tft.c ****         if(size > 1) {
 3503              		.loc 1 900 0
 3504 0168 BAF1010F 		cmp	r10, #1
 3505 016c 04D9     		bls	.L229
 901:source\bsw\tft/tft.c ****             xo16 = xo;
 3506              		.loc 1 901 0
 3507 016e 1BB2     		sxth	r3, r3
 3508              	.LVL424:
 3509 0170 0593     		str	r3, [sp, #20]
 3510              	.LVL425:
ARM GAS  C:\Users\91819\AppData\Local\Temp\ccy28JmR.s 			page 83


 902:source\bsw\tft/tft.c ****             yo16 = yo;
 3511              		.loc 1 902 0
 3512 0172 13B2     		sxth	r3, r2
 3513 0174 0693     		str	r3, [sp, #24]
 3514              	.LVL426:
 3515 0176 02E0     		b	.L222
 3516              	.LVL427:
 3517              	.L229:
 898:source\bsw\tft/tft.c **** 
 3518              		.loc 1 898 0
 3519 0178 0023     		movs	r3, #0
 3520              	.LVL428:
 3521 017a 0693     		str	r3, [sp, #24]
 3522 017c 0593     		str	r3, [sp, #20]
 3523              	.LVL429:
 3524              	.L222:
 897:source\bsw\tft/tft.c ****         int16_t  xo16 = 0, yo16 = 0;
 3525              		.loc 1 897 0
 3526 017e 0023     		movs	r3, #0
 3527 0180 1C46     		mov	r4, r3
 903:source\bsw\tft/tft.c ****         }
 904:source\bsw\tft/tft.c **** 
 905:source\bsw\tft/tft.c ****         // Todo: Add character clipping here
 906:source\bsw\tft/tft.c **** 
 907:source\bsw\tft/tft.c ****         // NOTE: THERE IS NO 'BACKGROUND' COLOR OPTION ON CUSTOM FONTS.
 908:source\bsw\tft/tft.c ****         // THIS IS ON PURPOSE AND BY DESIGN.  The background color feature
 909:source\bsw\tft/tft.c ****         // has typically been used with the 'classic' font to overwrite old
 910:source\bsw\tft/tft.c ****         // screen contents with new data.  This ONLY works because the
 911:source\bsw\tft/tft.c ****         // characters are a uniform size; it's not a sensible thing to do with
 912:source\bsw\tft/tft.c ****         // proportionally-spaced fonts with glyphs of varying sizes (and that
 913:source\bsw\tft/tft.c ****         // may overlap).  To replace previously-drawn text when using a custom
 914:source\bsw\tft/tft.c ****         // font, use the getTextBounds() function to determine the smallest
 915:source\bsw\tft/tft.c ****         // rectangle encompassing a string, erase the area with fillRect(),
 916:source\bsw\tft/tft.c ****         // then draw new text.  This WILL infortunately 'blink' the text, but
 917:source\bsw\tft/tft.c ****         // is unavoidable.  Drawing 'background' pixels will NOT fix this,
 918:source\bsw\tft/tft.c ****         // only creates a new set of problems.  Have an idea to work around
 919:source\bsw\tft/tft.c ****         // this (a canvas object type for MCUs that can afford the RAM and
 920:source\bsw\tft/tft.c ****         // displays supporting setAddrWindow() and pushColors()), but haven't
 921:source\bsw\tft/tft.c ****         // implemented this yet.
 922:source\bsw\tft/tft.c ****         for(yy=0; yy<h; yy++) {
 3528              		.loc 1 922 0
 3529 0182 9946     		mov	r9, r3
 3530 0184 40E0     		b	.L223
 3531              	.LVL430:
 3532              	.L227:
 923:source\bsw\tft/tft.c ****             for(xx=0; xx<w; xx++) {
 924:source\bsw\tft/tft.c ****                 if(!(bit++ & 7)) {
 3533              		.loc 1 924 0
 3534 0186 5E1C     		adds	r6, r3, #1
 3535 0188 F6B2     		uxtb	r6, r6
 3536              	.LVL431:
 3537 018a 13F0070F 		tst	r3, #7
 3538 018e 03D1     		bne	.L224
 925:source\bsw\tft/tft.c ****                     bits = pgm_read_byte(&bitmap[bo++]);
 3539              		.loc 1 925 0
 3540 0190 7B1C     		adds	r3, r7, #1
 3541              	.LVL432:
ARM GAS  C:\Users\91819\AppData\Local\Temp\ccy28JmR.s 			page 84


 3542 0192 1BF80740 		ldrb	r4, [fp, r7]	@ zero_extendqisi2
 3543              	.LVL433:
 3544 0196 9FB2     		uxth	r7, r3
 3545              	.LVL434:
 3546              	.L224:
 926:source\bsw\tft/tft.c ****                 }
 927:source\bsw\tft/tft.c ****                 if(bits & 0x80) {
 3547              		.loc 1 927 0
 3548 0198 14F0800F 		tst	r4, #128
 3549 019c 27D0     		beq	.L225
 928:source\bsw\tft/tft.c ****                     if(size == 1) {
 3550              		.loc 1 928 0
 3551 019e BAF1010F 		cmp	r10, #1
 3552 01a2 0DD1     		bne	.L226
 929:source\bsw\tft/tft.c ****                         TFT_drawPixel(x+xo+xx, y+yo+yy, color);
 3553              		.loc 1 929 0
 3554 01a4 099B     		ldr	r3, [sp, #36]
 3555 01a6 039A     		ldr	r2, [sp, #12]
 3556 01a8 9918     		adds	r1, r3, r2
 3557 01aa 4944     		add	r1, r1, r9
 3558 01ac 089B     		ldr	r3, [sp, #32]
 3559 01ae 029A     		ldr	r2, [sp, #8]
 3560 01b0 9818     		adds	r0, r3, r2
 3561 01b2 2844     		add	r0, r0, r5
 3562 01b4 049A     		ldr	r2, [sp, #16]
 3563 01b6 09B2     		sxth	r1, r1
 3564 01b8 00B2     		sxth	r0, r0
 3565 01ba FFF7FEFF 		bl	TFT_drawPixel
 3566              	.LVL435:
 3567 01be 16E0     		b	.L225
 3568              	.L226:
 930:source\bsw\tft/tft.c ****                     } else {
 931:source\bsw\tft/tft.c ****                         TFT_fillRect(x+(xo16+xx)*size, y+(yo16+yy)*size,
 3569              		.loc 1 931 0
 3570 01c0 059B     		ldr	r3, [sp, #20]
 3571 01c2 5819     		adds	r0, r3, r5
 3572 01c4 1FFA8AF3 		uxth	r3, r10
 3573 01c8 069A     		ldr	r2, [sp, #24]
 3574 01ca 02EB0901 		add	r1, r2, r9
 3575 01ce 0FFA8AFE 		sxth	lr, r10
 3576 01d2 039A     		ldr	r2, [sp, #12]
 3577 01d4 01FB0321 		mla	r1, r1, r3, r2
 3578 01d8 029A     		ldr	r2, [sp, #8]
 3579 01da 00FB0320 		mla	r0, r0, r3, r2
 3580 01de 049B     		ldr	r3, [sp, #16]
 3581 01e0 0093     		str	r3, [sp]
 3582 01e2 7246     		mov	r2, lr
 3583 01e4 7346     		mov	r3, lr
 3584 01e6 09B2     		sxth	r1, r1
 3585 01e8 00B2     		sxth	r0, r0
 3586 01ea FFF7FEFF 		bl	TFT_fillRect
 3587              	.LVL436:
 3588              	.L225:
 932:source\bsw\tft/tft.c ****                           size, size, color);
 933:source\bsw\tft/tft.c ****                     }
 934:source\bsw\tft/tft.c ****                 }
 935:source\bsw\tft/tft.c ****                 bits <<= 1;
ARM GAS  C:\Users\91819\AppData\Local\Temp\ccy28JmR.s 			page 85


 3589              		.loc 1 935 0 discriminator 2
 3590 01ee 6400     		lsls	r4, r4, #1
 3591              	.LVL437:
 3592 01f0 E4B2     		uxtb	r4, r4
 3593              	.LVL438:
 923:source\bsw\tft/tft.c ****                 if(!(bit++ & 7)) {
 3594              		.loc 1 923 0 discriminator 2
 3595 01f2 0135     		adds	r5, r5, #1
 3596              	.LVL439:
 3597 01f4 EDB2     		uxtb	r5, r5
 3598              	.LVL440:
 924:source\bsw\tft/tft.c ****                     bits = pgm_read_byte(&bitmap[bo++]);
 3599              		.loc 1 924 0 discriminator 2
 3600 01f6 3346     		mov	r3, r6
 3601 01f8 00E0     		b	.L228
 3602              	.LVL441:
 3603              	.L230:
 3604 01fa 0025     		movs	r5, #0
 3605              	.LVL442:
 3606              	.L228:
 923:source\bsw\tft/tft.c ****                 if(!(bit++ & 7)) {
 3607              		.loc 1 923 0 discriminator 1
 3608 01fc 4545     		cmp	r5, r8
 3609 01fe C2D3     		bcc	.L227
 922:source\bsw\tft/tft.c ****             for(xx=0; xx<w; xx++) {
 3610              		.loc 1 922 0 discriminator 2
 3611 0200 09F10109 		add	r9, r9, #1
 3612              	.LVL443:
 3613 0204 5FFA89F9 		uxtb	r9, r9
 3614              	.LVL444:
 3615              	.L223:
 922:source\bsw\tft/tft.c ****             for(xx=0; xx<w; xx++) {
 3616              		.loc 1 922 0 is_stmt 0 discriminator 1
 3617 0208 079A     		ldr	r2, [sp, #28]
 3618 020a 9145     		cmp	r9, r2
 3619 020c F5D3     		bcc	.L230
 3620              	.LVL445:
 3621              	.L210:
 3622              	.LBE20:
 936:source\bsw\tft/tft.c ****             }
 937:source\bsw\tft/tft.c ****         }
 938:source\bsw\tft/tft.c **** 
 939:source\bsw\tft/tft.c ****     } // End classic vs custom font
 940:source\bsw\tft/tft.c **** }
 3623              		.loc 1 940 0 is_stmt 1
 3624 020e 0BB0     		add	sp, sp, #44
 3625              		.cfi_def_cfa_offset 36
 3626              		@ sp needed
 3627 0210 BDE8F08F 		pop	{r4, r5, r6, r7, r8, r9, r10, fp, pc}
 3628              	.LVL446:
 3629              	.L233:
 3630              		.align	2
 3631              	.L232:
 3632 0214 00000000 		.word	.LANCHOR0
 3633 0218 00000000 		.word	.LANCHOR1
 3634              		.cfi_endproc
 3635              	.LFE39:
ARM GAS  C:\Users\91819\AppData\Local\Temp\ccy28JmR.s 			page 86


 3636              		.size	TFT_drawChar, .-TFT_drawChar
 3637              		.section	.text.TFT_write,"ax",%progbits
 3638              		.align	2
 3639              		.global	TFT_write
 3640              		.thumb
 3641              		.thumb_func
 3642              		.type	TFT_write, %function
 3643              	TFT_write:
 3644              	.LFB21:
 465:source\bsw\tft/tft.c **** 
 3645              		.loc 1 465 0
 3646              		.cfi_startproc
 3647              		@ args = 0, pretend = 0, frame = 0
 3648              		@ frame_needed = 0, uses_anonymous_args = 0
 3649              	.LVL447:
 3650 0000 70B5     		push	{r4, r5, r6, lr}
 3651              		.cfi_def_cfa_offset 16
 3652              		.cfi_offset 4, -16
 3653              		.cfi_offset 5, -12
 3654              		.cfi_offset 6, -8
 3655              		.cfi_offset 14, -4
 3656 0002 82B0     		sub	sp, sp, #8
 3657              		.cfi_def_cfa_offset 24
 467:source\bsw\tft/tft.c **** 
 3658              		.loc 1 467 0
 3659 0004 4E4B     		ldr	r3, .L243
 3660 0006 1B68     		ldr	r3, [r3]
 3661 0008 002B     		cmp	r3, #0
 3662 000a 43D1     		bne	.L235
 469:source\bsw\tft/tft.c ****             cursor_x  = 0;                      // Reset x to zero,
 3663              		.loc 1 469 0
 3664 000c 0A28     		cmp	r0, #10
 3665 000e 0BD1     		bne	.L236
 470:source\bsw\tft/tft.c ****             cursor_y += textsize * 8;           // advance y one line
 3666              		.loc 1 470 0
 3667 0010 4B4B     		ldr	r3, .L243
 3668 0012 0022     		movs	r2, #0
 3669 0014 A3F8DE20 		strh	r2, [r3, #222]	@ movhi
 471:source\bsw\tft/tft.c ****         } else if(c != '\r') {                  // Ignore carriage returns
 3670              		.loc 1 471 0
 3671 0018 1979     		ldrb	r1, [r3, #4]	@ zero_extendqisi2
 3672 001a B3F8E020 		ldrh	r2, [r3, #224]
 3673 001e 02EBC102 		add	r2, r2, r1, lsl #3
 3674 0022 A3F8E020 		strh	r2, [r3, #224]	@ movhi
 3675 0026 88E0     		b	.L234
 3676              	.L236:
 472:source\bsw\tft/tft.c ****             if(wrap && ((cursor_x + textsize * 6) > _width)) { // Off right?
 3677              		.loc 1 472 0
 3678 0028 0D28     		cmp	r0, #13
 3679 002a 00F08680 		beq	.L234
 473:source\bsw\tft/tft.c ****                 cursor_x  = 0;                  // Reset x to zero,
 3680              		.loc 1 473 0
 3681 002e 444B     		ldr	r3, .L243
 3682 0030 5B79     		ldrb	r3, [r3, #5]	@ zero_extendqisi2
 3683 0032 ABB1     		cbz	r3, .L238
 473:source\bsw\tft/tft.c ****                 cursor_x  = 0;                  // Reset x to zero,
 3684              		.loc 1 473 0 is_stmt 0 discriminator 1
ARM GAS  C:\Users\91819\AppData\Local\Temp\ccy28JmR.s 			page 87


 3685 0034 424A     		ldr	r2, .L243
 3686 0036 1179     		ldrb	r1, [r2, #4]	@ zero_extendqisi2
 3687 0038 01EB4104 		add	r4, r1, r1, lsl #1
 3688 003c 6300     		lsls	r3, r4, #1
 3689 003e B2F8DE40 		ldrh	r4, [r2, #222]
 3690 0042 2344     		add	r3, r3, r4
 3691 0044 B2F90620 		ldrsh	r2, [r2, #6]
 3692 0048 9342     		cmp	r3, r2
 3693 004a 09DD     		ble	.L238
 474:source\bsw\tft/tft.c ****                 cursor_y += textsize * 8;       // advance y one line
 3694              		.loc 1 474 0 is_stmt 1
 3695 004c 3C4B     		ldr	r3, .L243
 3696 004e 0022     		movs	r2, #0
 3697 0050 A3F8DE20 		strh	r2, [r3, #222]	@ movhi
 475:source\bsw\tft/tft.c ****             }
 3698              		.loc 1 475 0
 3699 0054 B3F8E020 		ldrh	r2, [r3, #224]
 3700 0058 02EBC101 		add	r1, r2, r1, lsl #3
 3701 005c A3F8E010 		strh	r1, [r3, #224]	@ movhi
 3702              	.L238:
 477:source\bsw\tft/tft.c ****             cursor_x += textsize * 6;          // Advance x one char
 3703              		.loc 1 477 0
 3704 0060 374C     		ldr	r4, .L243
 3705 0062 B4F8E230 		ldrh	r3, [r4, #226]
 3706 0066 B4F9E010 		ldrsh	r1, [r4, #224]
 3707 006a B4F9DE50 		ldrsh	r5, [r4, #222]
 3708 006e 2279     		ldrb	r2, [r4, #4]	@ zero_extendqisi2
 3709 0070 0192     		str	r2, [sp, #4]
 3710 0072 B4F8E420 		ldrh	r2, [r4, #228]
 3711 0076 0092     		str	r2, [sp]
 3712 0078 0246     		mov	r2, r0
 3713 007a 2846     		mov	r0, r5
 3714              	.LVL448:
 3715 007c FFF7FEFF 		bl	TFT_drawChar
 3716              	.LVL449:
 478:source\bsw\tft/tft.c ****         }
 3717              		.loc 1 478 0
 3718 0080 2379     		ldrb	r3, [r4, #4]	@ zero_extendqisi2
 3719 0082 03EB4303 		add	r3, r3, r3, lsl #1
 3720 0086 5A00     		lsls	r2, r3, #1
 3721 0088 B4F8DE30 		ldrh	r3, [r4, #222]
 3722 008c 1344     		add	r3, r3, r2
 3723 008e A4F8DE30 		strh	r3, [r4, #222]	@ movhi
 3724 0092 52E0     		b	.L234
 3725              	.LVL450:
 3726              	.L235:
 483:source\bsw\tft/tft.c ****             cursor_x  = 0;
 3727              		.loc 1 483 0
 3728 0094 0A28     		cmp	r0, #10
 3729 0096 0CD1     		bne	.L239
 484:source\bsw\tft/tft.c ****             cursor_y += (int16_t)textsize *
 3730              		.loc 1 484 0
 3731 0098 294A     		ldr	r2, .L243
 3732 009a 0021     		movs	r1, #0
 3733 009c A2F8DE10 		strh	r1, [r2, #222]	@ movhi
 486:source\bsw\tft/tft.c ****         } else if(c != '\r') {
 3734              		.loc 1 486 0
ARM GAS  C:\Users\91819\AppData\Local\Temp\ccy28JmR.s 			page 88


 3735 00a0 997A     		ldrb	r1, [r3, #10]	@ zero_extendqisi2
 485:source\bsw\tft/tft.c ****                         (uint8_t)pgm_read_byte(&gfxFont->yAdvance);
 3736              		.loc 1 485 0
 3737 00a2 1079     		ldrb	r0, [r2, #4]	@ zero_extendqisi2
 3738              	.LVL451:
 3739 00a4 B2F8E030 		ldrh	r3, [r2, #224]
 3740 00a8 00FB0133 		mla	r3, r0, r1, r3
 3741 00ac A2F8E030 		strh	r3, [r2, #224]	@ movhi
 3742 00b0 43E0     		b	.L234
 3743              	.LVL452:
 3744              	.L239:
 487:source\bsw\tft/tft.c ****             uint8_t first = pgm_read_byte(&gfxFont->first);
 3745              		.loc 1 487 0
 3746 00b2 0D28     		cmp	r0, #13
 3747 00b4 41D0     		beq	.L234
 3748              	.LBB21:
 488:source\bsw\tft/tft.c ****             if((c >= first) && (c <= (uint8_t)pgm_read_byte(&gfxFont->last))) {
 3749              		.loc 1 488 0
 3750 00b6 1A7A     		ldrb	r2, [r3, #8]	@ zero_extendqisi2
 3751              	.LVL453:
 489:source\bsw\tft/tft.c ****                 GFXglyph *glyph = &(((GFXglyph *)pgm_read_pointer(
 3752              		.loc 1 489 0
 3753 00b8 9042     		cmp	r0, r2
 3754 00ba 3ED3     		bcc	.L234
 489:source\bsw\tft/tft.c ****                 GFXglyph *glyph = &(((GFXglyph *)pgm_read_pointer(
 3755              		.loc 1 489 0 is_stmt 0 discriminator 1
 3756 00bc 597A     		ldrb	r1, [r3, #9]	@ zero_extendqisi2
 3757 00be 8842     		cmp	r0, r1
 3758 00c0 3BD8     		bhi	.L234
 3759              	.LBB22:
 491:source\bsw\tft/tft.c ****                 uint8_t   w     = pgm_read_byte(&glyph->width),
 3760              		.loc 1 491 0 is_stmt 1
 3761 00c2 821A     		subs	r2, r0, r2
 3762              	.LVL454:
 3763 00c4 5C68     		ldr	r4, [r3, #4]
 3764 00c6 04EBC204 		add	r4, r4, r2, lsl #3
 3765              	.LVL455:
 492:source\bsw\tft/tft.c ****                           h     = pgm_read_byte(&glyph->height);
 3766              		.loc 1 492 0
 3767 00ca A278     		ldrb	r2, [r4, #2]	@ zero_extendqisi2
 3768              	.LVL456:
 493:source\bsw\tft/tft.c ****                 if((w > 0) && (h > 0)) { // Is there an associated bitmap?
 3769              		.loc 1 493 0
 3770 00cc E178     		ldrb	r1, [r4, #3]	@ zero_extendqisi2
 3771              	.LVL457:
 494:source\bsw\tft/tft.c ****                     int16_t xo = (int8_t)pgm_read_byte(&glyph->xOffset); // sic
 3772              		.loc 1 494 0
 3773 00ce 5AB3     		cbz	r2, .L240
 494:source\bsw\tft/tft.c ****                     int16_t xo = (int8_t)pgm_read_byte(&glyph->xOffset); // sic
 3774              		.loc 1 494 0 is_stmt 0 discriminator 1
 3775 00d0 51B3     		cbz	r1, .L240
 3776              	.LBB23:
 495:source\bsw\tft/tft.c ****                     if(wrap && ((cursor_x + textsize * (xo + w)) > _width)) {
 3777              		.loc 1 495 0 is_stmt 1
 3778 00d2 94F90550 		ldrsb	r5, [r4, #5]
 3779              	.LVL458:
 496:source\bsw\tft/tft.c ****                         cursor_x  = 0;
ARM GAS  C:\Users\91819\AppData\Local\Temp\ccy28JmR.s 			page 89


 3780              		.loc 1 496 0
 3781 00d6 1A49     		ldr	r1, .L243
 3782              	.LVL459:
 3783 00d8 4979     		ldrb	r1, [r1, #5]	@ zero_extendqisi2
 3784 00da A9B1     		cbz	r1, .L241
 496:source\bsw\tft/tft.c ****                         cursor_x  = 0;
 3785              		.loc 1 496 0 is_stmt 0 discriminator 1
 3786 00dc 1849     		ldr	r1, .L243
 3787 00de 0E79     		ldrb	r6, [r1, #4]	@ zero_extendqisi2
 3788 00e0 2A44     		add	r2, r2, r5
 3789              	.LVL460:
 3790 00e2 B1F8DE50 		ldrh	r5, [r1, #222]
 3791              	.LVL461:
 3792 00e6 02FB0652 		mla	r2, r2, r6, r5
 3793 00ea B1F90610 		ldrsh	r1, [r1, #6]
 3794 00ee 8A42     		cmp	r2, r1
 3795 00f0 0ADD     		ble	.L241
 497:source\bsw\tft/tft.c ****                         cursor_y += (int16_t)textsize *
 3796              		.loc 1 497 0 is_stmt 1
 3797 00f2 134A     		ldr	r2, .L243
 3798 00f4 0021     		movs	r1, #0
 3799 00f6 A2F8DE10 		strh	r1, [r2, #222]	@ movhi
 499:source\bsw\tft/tft.c ****                     }
 3800              		.loc 1 499 0
 3801 00fa 9B7A     		ldrb	r3, [r3, #10]	@ zero_extendqisi2
 3802              	.LVL462:
 498:source\bsw\tft/tft.c ****                           (uint8_t)pgm_read_byte(&gfxFont->yAdvance);
 3803              		.loc 1 498 0
 3804 00fc B2F8E010 		ldrh	r1, [r2, #224]
 3805 0100 06FB0316 		mla	r6, r6, r3, r1
 3806 0104 A2F8E060 		strh	r6, [r2, #224]	@ movhi
 3807              	.L241:
 501:source\bsw\tft/tft.c ****                 }
 3808              		.loc 1 501 0
 3809 0108 0D4A     		ldr	r2, .L243
 3810 010a B2F8E230 		ldrh	r3, [r2, #226]
 3811 010e B2F9E010 		ldrsh	r1, [r2, #224]
 3812 0112 B2F9DE50 		ldrsh	r5, [r2, #222]
 3813 0116 1679     		ldrb	r6, [r2, #4]	@ zero_extendqisi2
 3814 0118 0196     		str	r6, [sp, #4]
 3815              	.LVL463:
 3816 011a B2F8E420 		ldrh	r2, [r2, #228]
 3817 011e 0092     		str	r2, [sp]
 3818 0120 0246     		mov	r2, r0
 3819 0122 2846     		mov	r0, r5
 3820              	.LVL464:
 3821 0124 FFF7FEFF 		bl	TFT_drawChar
 3822              	.LVL465:
 3823              	.L240:
 3824              	.LBE23:
 503:source\bsw\tft/tft.c ****             }
 3825              		.loc 1 503 0
 3826 0128 2179     		ldrb	r1, [r4, #4]	@ zero_extendqisi2
 3827 012a 054B     		ldr	r3, .L243
 3828 012c 1879     		ldrb	r0, [r3, #4]	@ zero_extendqisi2
 3829 012e B3F8DE20 		ldrh	r2, [r3, #222]
 3830 0132 00FB0122 		mla	r2, r0, r1, r2
ARM GAS  C:\Users\91819\AppData\Local\Temp\ccy28JmR.s 			page 90


 3831 0136 A3F8DE20 		strh	r2, [r3, #222]	@ movhi
 3832              	.LVL466:
 3833              	.L234:
 3834              	.LBE22:
 3835              	.LBE21:
 508:source\bsw\tft/tft.c **** 
 3836              		.loc 1 508 0
 3837 013a 02B0     		add	sp, sp, #8
 3838              		.cfi_def_cfa_offset 16
 3839              		@ sp needed
 3840 013c 70BD     		pop	{r4, r5, r6, pc}
 3841              	.L244:
 3842 013e 00BF     		.align	2
 3843              	.L243:
 3844 0140 00000000 		.word	.LANCHOR0
 3845              		.cfi_endproc
 3846              	.LFE21:
 3847              		.size	TFT_write, .-TFT_write
 3848              		.section	.text.TFT_print,"ax",%progbits
 3849              		.align	2
 3850              		.global	TFT_print
 3851              		.thumb
 3852              		.thumb_func
 3853              		.type	TFT_print, %function
 3854              	TFT_print:
 3855              	.LFB19:
 452:source\bsw\tft/tft.c ****     while(*(txt)!=0){
 3856              		.loc 1 452 0
 3857              		.cfi_startproc
 3858              		@ args = 0, pretend = 0, frame = 0
 3859              		@ frame_needed = 0, uses_anonymous_args = 0
 3860              	.LVL467:
 3861 0000 10B5     		push	{r4, lr}
 3862              		.cfi_def_cfa_offset 8
 3863              		.cfi_offset 4, -8
 3864              		.cfi_offset 14, -4
 3865 0002 0446     		mov	r4, r0
 453:source\bsw\tft/tft.c ****         TFT_write(*(txt++));
 3866              		.loc 1 453 0
 3867 0004 02E0     		b	.L246
 3868              	.LVL468:
 3869              	.L247:
 454:source\bsw\tft/tft.c ****     }
 3870              		.loc 1 454 0
 3871 0006 0134     		adds	r4, r4, #1
 3872              	.LVL469:
 3873 0008 FFF7FEFF 		bl	TFT_write
 3874              	.LVL470:
 3875              	.L246:
 453:source\bsw\tft/tft.c ****         TFT_write(*(txt++));
 3876              		.loc 1 453 0
 3877 000c 2078     		ldrb	r0, [r4]	@ zero_extendqisi2
 3878 000e 0028     		cmp	r0, #0
 3879 0010 F9D1     		bne	.L247
 456:source\bsw\tft/tft.c **** 
 3880              		.loc 1 456 0
 3881 0012 10BD     		pop	{r4, pc}
ARM GAS  C:\Users\91819\AppData\Local\Temp\ccy28JmR.s 			page 91


 3882              		.cfi_endproc
 3883              	.LFE19:
 3884              		.size	TFT_print, .-TFT_print
 3885              		.section	.text.TFT_println,"ax",%progbits
 3886              		.align	2
 3887              		.global	TFT_println
 3888              		.thumb
 3889              		.thumb_func
 3890              		.type	TFT_println, %function
 3891              	TFT_println:
 3892              	.LFB20:
 458:source\bsw\tft/tft.c ****     while(*(txt)!=0){
 3893              		.loc 1 458 0
 3894              		.cfi_startproc
 3895              		@ args = 0, pretend = 0, frame = 0
 3896              		@ frame_needed = 0, uses_anonymous_args = 0
 3897              	.LVL471:
 3898 0000 10B5     		push	{r4, lr}
 3899              		.cfi_def_cfa_offset 8
 3900              		.cfi_offset 4, -8
 3901              		.cfi_offset 14, -4
 3902 0002 0446     		mov	r4, r0
 459:source\bsw\tft/tft.c ****         TFT_write(*(txt++));
 3903              		.loc 1 459 0
 3904 0004 02E0     		b	.L250
 3905              	.LVL472:
 3906              	.L251:
 460:source\bsw\tft/tft.c ****     }
 3907              		.loc 1 460 0
 3908 0006 0134     		adds	r4, r4, #1
 3909              	.LVL473:
 3910 0008 FFF7FEFF 		bl	TFT_write
 3911              	.LVL474:
 3912              	.L250:
 459:source\bsw\tft/tft.c ****         TFT_write(*(txt++));
 3913              		.loc 1 459 0
 3914 000c 2078     		ldrb	r0, [r4]	@ zero_extendqisi2
 3915 000e 0028     		cmp	r0, #0
 3916 0010 F9D1     		bne	.L251
 462:source\bsw\tft/tft.c **** }
 3917              		.loc 1 462 0
 3918 0012 0A20     		movs	r0, #10
 3919 0014 FFF7FEFF 		bl	TFT_write
 3920              	.LVL475:
 3921 0018 10BD     		pop	{r4, pc}
 3922              		.cfi_endproc
 3923              	.LFE20:
 3924              		.size	TFT_println, .-TFT_println
 3925 001a 00BF     		.section	.text.TFT_width,"ax",%progbits
 3926              		.align	2
 3927              		.global	TFT_width
 3928              		.thumb
 3929              		.thumb_func
 3930              		.type	TFT_width, %function
 3931              	TFT_width:
 3932              	.LFB40:
 941:source\bsw\tft/tft.c **** 
ARM GAS  C:\Users\91819\AppData\Local\Temp\ccy28JmR.s 			page 92


 942:source\bsw\tft/tft.c **** int16_t TFT_width(void){
 3933              		.loc 1 942 0
 3934              		.cfi_startproc
 3935              		@ args = 0, pretend = 0, frame = 0
 3936              		@ frame_needed = 0, uses_anonymous_args = 0
 3937              		@ link register save eliminated.
 943:source\bsw\tft/tft.c ****     return _width;
 944:source\bsw\tft/tft.c **** }
 3938              		.loc 1 944 0
 3939 0000 014B     		ldr	r3, .L254
 3940 0002 B3F90600 		ldrsh	r0, [r3, #6]
 3941 0006 7047     		bx	lr
 3942              	.L255:
 3943              		.align	2
 3944              	.L254:
 3945 0008 00000000 		.word	.LANCHOR0
 3946              		.cfi_endproc
 3947              	.LFE40:
 3948              		.size	TFT_width, .-TFT_width
 3949              		.section	.text.TFT_height,"ax",%progbits
 3950              		.align	2
 3951              		.global	TFT_height
 3952              		.thumb
 3953              		.thumb_func
 3954              		.type	TFT_height, %function
 3955              	TFT_height:
 3956              	.LFB41:
 945:source\bsw\tft/tft.c **** 
 946:source\bsw\tft/tft.c **** int16_t TFT_height(void) {
 3957              		.loc 1 946 0
 3958              		.cfi_startproc
 3959              		@ args = 0, pretend = 0, frame = 0
 3960              		@ frame_needed = 0, uses_anonymous_args = 0
 3961              		@ link register save eliminated.
 947:source\bsw\tft/tft.c ****     return _height;
 948:source\bsw\tft/tft.c **** }
 3962              		.loc 1 948 0
 3963 0000 014B     		ldr	r3, .L257
 3964 0002 B3F9DA00 		ldrsh	r0, [r3, #218]
 3965 0006 7047     		bx	lr
 3966              	.L258:
 3967              		.align	2
 3968              	.L257:
 3969 0008 00000000 		.word	.LANCHOR0
 3970              		.cfi_endproc
 3971              	.LFE41:
 3972              		.size	TFT_height, .-TFT_height
 3973              		.section	.text.TFT_getRotation,"ax",%progbits
 3974              		.align	2
 3975              		.global	TFT_getRotation
 3976              		.thumb
 3977              		.thumb_func
 3978              		.type	TFT_getRotation, %function
 3979              	TFT_getRotation:
 3980              	.LFB42:
 949:source\bsw\tft/tft.c **** 
 950:source\bsw\tft/tft.c **** TFT_rotation_t TFT_getRotation(void){
ARM GAS  C:\Users\91819\AppData\Local\Temp\ccy28JmR.s 			page 93


 3981              		.loc 1 950 0
 3982              		.cfi_startproc
 3983              		@ args = 0, pretend = 0, frame = 0
 3984              		@ frame_needed = 0, uses_anonymous_args = 0
 3985              		@ link register save eliminated.
 951:source\bsw\tft/tft.c ****     return rotation;
 952:source\bsw\tft/tft.c **** }
 3986              		.loc 1 952 0
 3987 0000 014B     		ldr	r3, .L260
 3988 0002 93F8D800 		ldrb	r0, [r3, #216]	@ zero_extendqisi2
 3989 0006 7047     		bx	lr
 3990              	.L261:
 3991              		.align	2
 3992              	.L260:
 3993 0008 00000000 		.word	.LANCHOR0
 3994              		.cfi_endproc
 3995              	.LFE42:
 3996              		.size	TFT_getRotation, .-TFT_getRotation
 3997              		.section	.text.TFT_getCursorX,"ax",%progbits
 3998              		.align	2
 3999              		.global	TFT_getCursorX
 4000              		.thumb
 4001              		.thumb_func
 4002              		.type	TFT_getCursorX, %function
 4003              	TFT_getCursorX:
 4004              	.LFB43:
 953:source\bsw\tft/tft.c **** 
 954:source\bsw\tft/tft.c **** int16_t TFT_getCursorX(void){
 4005              		.loc 1 954 0
 4006              		.cfi_startproc
 4007              		@ args = 0, pretend = 0, frame = 0
 4008              		@ frame_needed = 0, uses_anonymous_args = 0
 4009              		@ link register save eliminated.
 955:source\bsw\tft/tft.c ****     return cursor_x;
 956:source\bsw\tft/tft.c **** }
 4010              		.loc 1 956 0
 4011 0000 014B     		ldr	r3, .L263
 4012 0002 B3F9DE00 		ldrsh	r0, [r3, #222]
 4013 0006 7047     		bx	lr
 4014              	.L264:
 4015              		.align	2
 4016              	.L263:
 4017 0008 00000000 		.word	.LANCHOR0
 4018              		.cfi_endproc
 4019              	.LFE43:
 4020              		.size	TFT_getCursorX, .-TFT_getCursorX
 4021              		.section	.text.TFT_getCursorY,"ax",%progbits
 4022              		.align	2
 4023              		.global	TFT_getCursorY
 4024              		.thumb
 4025              		.thumb_func
 4026              		.type	TFT_getCursorY, %function
 4027              	TFT_getCursorY:
 4028              	.LFB44:
 957:source\bsw\tft/tft.c **** 
 958:source\bsw\tft/tft.c **** int16_t TFT_getCursorY(void) {
 4029              		.loc 1 958 0
ARM GAS  C:\Users\91819\AppData\Local\Temp\ccy28JmR.s 			page 94


 4030              		.cfi_startproc
 4031              		@ args = 0, pretend = 0, frame = 0
 4032              		@ frame_needed = 0, uses_anonymous_args = 0
 4033              		@ link register save eliminated.
 959:source\bsw\tft/tft.c ****     return cursor_y;
 960:source\bsw\tft/tft.c **** }
 4034              		.loc 1 960 0
 4035 0000 014B     		ldr	r3, .L266
 4036 0002 B3F9E000 		ldrsh	r0, [r3, #224]
 4037 0006 7047     		bx	lr
 4038              	.L267:
 4039              		.align	2
 4040              	.L266:
 4041 0008 00000000 		.word	.LANCHOR0
 4042              		.cfi_endproc
 4043              	.LFE44:
 4044              		.size	TFT_getCursorY, .-TFT_getCursorY
 4045              		.section	.rodata
 4046              		.align	2
 4047              		.set	.LANCHOR1,. + 0
 4048              		.type	SST35S_init_seq, %object
 4049              		.size	SST35S_init_seq, 88
 4050              	SST35S_init_seq:
 4051 0000 0F       		.byte	15
 4052 0001 B1       		.byte	-79
 4053 0002 03       		.byte	3
 4054 0003 05       		.byte	5
 4055 0004 3C       		.byte	60
 4056 0005 3C       		.byte	60
 4057 0006 B2       		.byte	-78
 4058 0007 03       		.byte	3
 4059 0008 05       		.byte	5
 4060 0009 3C       		.byte	60
 4061 000a 3C       		.byte	60
 4062 000b B3       		.byte	-77
 4063 000c 06       		.byte	6
 4064 000d 05       		.byte	5
 4065 000e 3C       		.byte	60
 4066 000f 3C       		.byte	60
 4067 0010 05       		.byte	5
 4068 0011 3C       		.byte	60
 4069 0012 3C       		.byte	60
 4070 0013 B4       		.byte	-76
 4071 0014 01       		.byte	1
 4072 0015 03       		.byte	3
 4073 0016 C0       		.byte	-64
 4074 0017 03       		.byte	3
 4075 0018 28       		.byte	40
 4076 0019 08       		.byte	8
 4077 001a 04       		.byte	4
 4078 001b C1       		.byte	-63
 4079 001c 01       		.byte	1
 4080 001d C0       		.byte	-64
 4081 001e C2       		.byte	-62
 4082 001f 02       		.byte	2
 4083 0020 0D       		.byte	13
 4084 0021 00       		.byte	0
ARM GAS  C:\Users\91819\AppData\Local\Temp\ccy28JmR.s 			page 95


 4085 0022 C3       		.byte	-61
 4086 0023 02       		.byte	2
 4087 0024 8D       		.byte	-115
 4088 0025 2A       		.byte	42
 4089 0026 C4       		.byte	-60
 4090 0027 02       		.byte	2
 4091 0028 8D       		.byte	-115
 4092 0029 EE       		.byte	-18
 4093 002a C5       		.byte	-59
 4094 002b 01       		.byte	1
 4095 002c 1A       		.byte	26
 4096 002d 36       		.byte	54
 4097 002e 01       		.byte	1
 4098 002f C0       		.byte	-64
 4099 0030 E0       		.byte	-32
 4100 0031 10       		.byte	16
 4101 0032 04       		.byte	4
 4102 0033 22       		.byte	34
 4103 0034 07       		.byte	7
 4104 0035 0A       		.byte	10
 4105 0036 2E       		.byte	46
 4106 0037 30       		.byte	48
 4107 0038 25       		.byte	37
 4108 0039 2A       		.byte	42
 4109 003a 28       		.byte	40
 4110 003b 26       		.byte	38
 4111 003c 2E       		.byte	46
 4112 003d 3A       		.byte	58
 4113 003e 00       		.byte	0
 4114 003f 01       		.byte	1
 4115 0040 03       		.byte	3
 4116 0041 13       		.byte	19
 4117 0042 E1       		.byte	-31
 4118 0043 0F       		.byte	15
 4119 0044 16       		.byte	22
 4120 0045 06       		.byte	6
 4121 0046 0D       		.byte	13
 4122 0047 2D       		.byte	45
 4123 0048 26       		.byte	38
 4124 0049 23       		.byte	35
 4125 004a 27       		.byte	39
 4126 004b 27       		.byte	39
 4127 004c 25       		.byte	37
 4128 004d 2D       		.byte	45
 4129 004e 3B       		.byte	59
 4130 004f 00       		.byte	0
 4131 0050 01       		.byte	1
 4132 0051 04       		.byte	4
 4133 0052 13       		.byte	19
 4134 0053 3A       		.byte	58
 4135 0054 01       		.byte	1
 4136 0055 05       		.byte	5
 4137 0056 29       		.byte	41
 4138 0057 00       		.byte	0
 4139              		.type	font, %object
 4140              		.size	font, 1280
 4141              	font:
ARM GAS  C:\Users\91819\AppData\Local\Temp\ccy28JmR.s 			page 96


 4142 0058 00       		.byte	0
 4143 0059 00       		.byte	0
 4144 005a 00       		.byte	0
 4145 005b 00       		.byte	0
 4146 005c 00       		.byte	0
 4147 005d 3E       		.byte	62
 4148 005e 5B       		.byte	91
 4149 005f 4F       		.byte	79
 4150 0060 5B       		.byte	91
 4151 0061 3E       		.byte	62
 4152 0062 3E       		.byte	62
 4153 0063 6B       		.byte	107
 4154 0064 4F       		.byte	79
 4155 0065 6B       		.byte	107
 4156 0066 3E       		.byte	62
 4157 0067 1C       		.byte	28
 4158 0068 3E       		.byte	62
 4159 0069 7C       		.byte	124
 4160 006a 3E       		.byte	62
 4161 006b 1C       		.byte	28
 4162 006c 18       		.byte	24
 4163 006d 3C       		.byte	60
 4164 006e 7E       		.byte	126
 4165 006f 3C       		.byte	60
 4166 0070 18       		.byte	24
 4167 0071 1C       		.byte	28
 4168 0072 57       		.byte	87
 4169 0073 7D       		.byte	125
 4170 0074 57       		.byte	87
 4171 0075 1C       		.byte	28
 4172 0076 1C       		.byte	28
 4173 0077 5E       		.byte	94
 4174 0078 7F       		.byte	127
 4175 0079 5E       		.byte	94
 4176 007a 1C       		.byte	28
 4177 007b 00       		.byte	0
 4178 007c 18       		.byte	24
 4179 007d 3C       		.byte	60
 4180 007e 18       		.byte	24
 4181 007f 00       		.byte	0
 4182 0080 FF       		.byte	-1
 4183 0081 E7       		.byte	-25
 4184 0082 C3       		.byte	-61
 4185 0083 E7       		.byte	-25
 4186 0084 FF       		.byte	-1
 4187 0085 00       		.byte	0
 4188 0086 18       		.byte	24
 4189 0087 24       		.byte	36
 4190 0088 18       		.byte	24
 4191 0089 00       		.byte	0
 4192 008a FF       		.byte	-1
 4193 008b E7       		.byte	-25
 4194 008c DB       		.byte	-37
 4195 008d E7       		.byte	-25
 4196 008e FF       		.byte	-1
 4197 008f 30       		.byte	48
 4198 0090 48       		.byte	72
ARM GAS  C:\Users\91819\AppData\Local\Temp\ccy28JmR.s 			page 97


 4199 0091 3A       		.byte	58
 4200 0092 06       		.byte	6
 4201 0093 0E       		.byte	14
 4202 0094 26       		.byte	38
 4203 0095 29       		.byte	41
 4204 0096 79       		.byte	121
 4205 0097 29       		.byte	41
 4206 0098 26       		.byte	38
 4207 0099 40       		.byte	64
 4208 009a 7F       		.byte	127
 4209 009b 05       		.byte	5
 4210 009c 05       		.byte	5
 4211 009d 07       		.byte	7
 4212 009e 40       		.byte	64
 4213 009f 7F       		.byte	127
 4214 00a0 05       		.byte	5
 4215 00a1 25       		.byte	37
 4216 00a2 3F       		.byte	63
 4217 00a3 5A       		.byte	90
 4218 00a4 3C       		.byte	60
 4219 00a5 E7       		.byte	-25
 4220 00a6 3C       		.byte	60
 4221 00a7 5A       		.byte	90
 4222 00a8 7F       		.byte	127
 4223 00a9 3E       		.byte	62
 4224 00aa 1C       		.byte	28
 4225 00ab 1C       		.byte	28
 4226 00ac 08       		.byte	8
 4227 00ad 08       		.byte	8
 4228 00ae 1C       		.byte	28
 4229 00af 1C       		.byte	28
 4230 00b0 3E       		.byte	62
 4231 00b1 7F       		.byte	127
 4232 00b2 14       		.byte	20
 4233 00b3 22       		.byte	34
 4234 00b4 7F       		.byte	127
 4235 00b5 22       		.byte	34
 4236 00b6 14       		.byte	20
 4237 00b7 5F       		.byte	95
 4238 00b8 5F       		.byte	95
 4239 00b9 00       		.byte	0
 4240 00ba 5F       		.byte	95
 4241 00bb 5F       		.byte	95
 4242 00bc 06       		.byte	6
 4243 00bd 09       		.byte	9
 4244 00be 7F       		.byte	127
 4245 00bf 01       		.byte	1
 4246 00c0 7F       		.byte	127
 4247 00c1 00       		.byte	0
 4248 00c2 66       		.byte	102
 4249 00c3 89       		.byte	-119
 4250 00c4 95       		.byte	-107
 4251 00c5 6A       		.byte	106
 4252 00c6 60       		.byte	96
 4253 00c7 60       		.byte	96
 4254 00c8 60       		.byte	96
 4255 00c9 60       		.byte	96
ARM GAS  C:\Users\91819\AppData\Local\Temp\ccy28JmR.s 			page 98


 4256 00ca 60       		.byte	96
 4257 00cb 94       		.byte	-108
 4258 00cc A2       		.byte	-94
 4259 00cd FF       		.byte	-1
 4260 00ce A2       		.byte	-94
 4261 00cf 94       		.byte	-108
 4262 00d0 08       		.byte	8
 4263 00d1 04       		.byte	4
 4264 00d2 7E       		.byte	126
 4265 00d3 04       		.byte	4
 4266 00d4 08       		.byte	8
 4267 00d5 10       		.byte	16
 4268 00d6 20       		.byte	32
 4269 00d7 7E       		.byte	126
 4270 00d8 20       		.byte	32
 4271 00d9 10       		.byte	16
 4272 00da 08       		.byte	8
 4273 00db 08       		.byte	8
 4274 00dc 2A       		.byte	42
 4275 00dd 1C       		.byte	28
 4276 00de 08       		.byte	8
 4277 00df 08       		.byte	8
 4278 00e0 1C       		.byte	28
 4279 00e1 2A       		.byte	42
 4280 00e2 08       		.byte	8
 4281 00e3 08       		.byte	8
 4282 00e4 1E       		.byte	30
 4283 00e5 10       		.byte	16
 4284 00e6 10       		.byte	16
 4285 00e7 10       		.byte	16
 4286 00e8 10       		.byte	16
 4287 00e9 0C       		.byte	12
 4288 00ea 1E       		.byte	30
 4289 00eb 0C       		.byte	12
 4290 00ec 1E       		.byte	30
 4291 00ed 0C       		.byte	12
 4292 00ee 30       		.byte	48
 4293 00ef 38       		.byte	56
 4294 00f0 3E       		.byte	62
 4295 00f1 38       		.byte	56
 4296 00f2 30       		.byte	48
 4297 00f3 06       		.byte	6
 4298 00f4 0E       		.byte	14
 4299 00f5 3E       		.byte	62
 4300 00f6 0E       		.byte	14
 4301 00f7 06       		.byte	6
 4302 00f8 00       		.byte	0
 4303 00f9 00       		.byte	0
 4304 00fa 00       		.byte	0
 4305 00fb 00       		.byte	0
 4306 00fc 00       		.byte	0
 4307 00fd 00       		.byte	0
 4308 00fe 00       		.byte	0
 4309 00ff 5F       		.byte	95
 4310 0100 00       		.byte	0
 4311 0101 00       		.byte	0
 4312 0102 00       		.byte	0
ARM GAS  C:\Users\91819\AppData\Local\Temp\ccy28JmR.s 			page 99


 4313 0103 07       		.byte	7
 4314 0104 00       		.byte	0
 4315 0105 07       		.byte	7
 4316 0106 00       		.byte	0
 4317 0107 14       		.byte	20
 4318 0108 7F       		.byte	127
 4319 0109 14       		.byte	20
 4320 010a 7F       		.byte	127
 4321 010b 14       		.byte	20
 4322 010c 24       		.byte	36
 4323 010d 2A       		.byte	42
 4324 010e 7F       		.byte	127
 4325 010f 2A       		.byte	42
 4326 0110 12       		.byte	18
 4327 0111 23       		.byte	35
 4328 0112 13       		.byte	19
 4329 0113 08       		.byte	8
 4330 0114 64       		.byte	100
 4331 0115 62       		.byte	98
 4332 0116 36       		.byte	54
 4333 0117 49       		.byte	73
 4334 0118 56       		.byte	86
 4335 0119 20       		.byte	32
 4336 011a 50       		.byte	80
 4337 011b 00       		.byte	0
 4338 011c 08       		.byte	8
 4339 011d 07       		.byte	7
 4340 011e 03       		.byte	3
 4341 011f 00       		.byte	0
 4342 0120 00       		.byte	0
 4343 0121 1C       		.byte	28
 4344 0122 22       		.byte	34
 4345 0123 41       		.byte	65
 4346 0124 00       		.byte	0
 4347 0125 00       		.byte	0
 4348 0126 41       		.byte	65
 4349 0127 22       		.byte	34
 4350 0128 1C       		.byte	28
 4351 0129 00       		.byte	0
 4352 012a 2A       		.byte	42
 4353 012b 1C       		.byte	28
 4354 012c 7F       		.byte	127
 4355 012d 1C       		.byte	28
 4356 012e 2A       		.byte	42
 4357 012f 08       		.byte	8
 4358 0130 08       		.byte	8
 4359 0131 3E       		.byte	62
 4360 0132 08       		.byte	8
 4361 0133 08       		.byte	8
 4362 0134 00       		.byte	0
 4363 0135 80       		.byte	-128
 4364 0136 70       		.byte	112
 4365 0137 30       		.byte	48
 4366 0138 00       		.byte	0
 4367 0139 08       		.byte	8
 4368 013a 08       		.byte	8
 4369 013b 08       		.byte	8
ARM GAS  C:\Users\91819\AppData\Local\Temp\ccy28JmR.s 			page 100


 4370 013c 08       		.byte	8
 4371 013d 08       		.byte	8
 4372 013e 00       		.byte	0
 4373 013f 00       		.byte	0
 4374 0140 60       		.byte	96
 4375 0141 60       		.byte	96
 4376 0142 00       		.byte	0
 4377 0143 20       		.byte	32
 4378 0144 10       		.byte	16
 4379 0145 08       		.byte	8
 4380 0146 04       		.byte	4
 4381 0147 02       		.byte	2
 4382 0148 3E       		.byte	62
 4383 0149 51       		.byte	81
 4384 014a 49       		.byte	73
 4385 014b 45       		.byte	69
 4386 014c 3E       		.byte	62
 4387 014d 00       		.byte	0
 4388 014e 42       		.byte	66
 4389 014f 7F       		.byte	127
 4390 0150 40       		.byte	64
 4391 0151 00       		.byte	0
 4392 0152 72       		.byte	114
 4393 0153 49       		.byte	73
 4394 0154 49       		.byte	73
 4395 0155 49       		.byte	73
 4396 0156 46       		.byte	70
 4397 0157 21       		.byte	33
 4398 0158 41       		.byte	65
 4399 0159 49       		.byte	73
 4400 015a 4D       		.byte	77
 4401 015b 33       		.byte	51
 4402 015c 18       		.byte	24
 4403 015d 14       		.byte	20
 4404 015e 12       		.byte	18
 4405 015f 7F       		.byte	127
 4406 0160 10       		.byte	16
 4407 0161 27       		.byte	39
 4408 0162 45       		.byte	69
 4409 0163 45       		.byte	69
 4410 0164 45       		.byte	69
 4411 0165 39       		.byte	57
 4412 0166 3C       		.byte	60
 4413 0167 4A       		.byte	74
 4414 0168 49       		.byte	73
 4415 0169 49       		.byte	73
 4416 016a 31       		.byte	49
 4417 016b 41       		.byte	65
 4418 016c 21       		.byte	33
 4419 016d 11       		.byte	17
 4420 016e 09       		.byte	9
 4421 016f 07       		.byte	7
 4422 0170 36       		.byte	54
 4423 0171 49       		.byte	73
 4424 0172 49       		.byte	73
 4425 0173 49       		.byte	73
 4426 0174 36       		.byte	54
ARM GAS  C:\Users\91819\AppData\Local\Temp\ccy28JmR.s 			page 101


 4427 0175 46       		.byte	70
 4428 0176 49       		.byte	73
 4429 0177 49       		.byte	73
 4430 0178 29       		.byte	41
 4431 0179 1E       		.byte	30
 4432 017a 00       		.byte	0
 4433 017b 00       		.byte	0
 4434 017c 14       		.byte	20
 4435 017d 00       		.byte	0
 4436 017e 00       		.byte	0
 4437 017f 00       		.byte	0
 4438 0180 40       		.byte	64
 4439 0181 34       		.byte	52
 4440 0182 00       		.byte	0
 4441 0183 00       		.byte	0
 4442 0184 00       		.byte	0
 4443 0185 08       		.byte	8
 4444 0186 14       		.byte	20
 4445 0187 22       		.byte	34
 4446 0188 41       		.byte	65
 4447 0189 14       		.byte	20
 4448 018a 14       		.byte	20
 4449 018b 14       		.byte	20
 4450 018c 14       		.byte	20
 4451 018d 14       		.byte	20
 4452 018e 00       		.byte	0
 4453 018f 41       		.byte	65
 4454 0190 22       		.byte	34
 4455 0191 14       		.byte	20
 4456 0192 08       		.byte	8
 4457 0193 02       		.byte	2
 4458 0194 01       		.byte	1
 4459 0195 59       		.byte	89
 4460 0196 09       		.byte	9
 4461 0197 06       		.byte	6
 4462 0198 3E       		.byte	62
 4463 0199 41       		.byte	65
 4464 019a 5D       		.byte	93
 4465 019b 59       		.byte	89
 4466 019c 4E       		.byte	78
 4467 019d 7C       		.byte	124
 4468 019e 12       		.byte	18
 4469 019f 11       		.byte	17
 4470 01a0 12       		.byte	18
 4471 01a1 7C       		.byte	124
 4472 01a2 7F       		.byte	127
 4473 01a3 49       		.byte	73
 4474 01a4 49       		.byte	73
 4475 01a5 49       		.byte	73
 4476 01a6 36       		.byte	54
 4477 01a7 3E       		.byte	62
 4478 01a8 41       		.byte	65
 4479 01a9 41       		.byte	65
 4480 01aa 41       		.byte	65
 4481 01ab 22       		.byte	34
 4482 01ac 7F       		.byte	127
 4483 01ad 41       		.byte	65
ARM GAS  C:\Users\91819\AppData\Local\Temp\ccy28JmR.s 			page 102


 4484 01ae 41       		.byte	65
 4485 01af 41       		.byte	65
 4486 01b0 3E       		.byte	62
 4487 01b1 7F       		.byte	127
 4488 01b2 49       		.byte	73
 4489 01b3 49       		.byte	73
 4490 01b4 49       		.byte	73
 4491 01b5 41       		.byte	65
 4492 01b6 7F       		.byte	127
 4493 01b7 09       		.byte	9
 4494 01b8 09       		.byte	9
 4495 01b9 09       		.byte	9
 4496 01ba 01       		.byte	1
 4497 01bb 3E       		.byte	62
 4498 01bc 41       		.byte	65
 4499 01bd 41       		.byte	65
 4500 01be 51       		.byte	81
 4501 01bf 73       		.byte	115
 4502 01c0 7F       		.byte	127
 4503 01c1 08       		.byte	8
 4504 01c2 08       		.byte	8
 4505 01c3 08       		.byte	8
 4506 01c4 7F       		.byte	127
 4507 01c5 00       		.byte	0
 4508 01c6 41       		.byte	65
 4509 01c7 7F       		.byte	127
 4510 01c8 41       		.byte	65
 4511 01c9 00       		.byte	0
 4512 01ca 20       		.byte	32
 4513 01cb 40       		.byte	64
 4514 01cc 41       		.byte	65
 4515 01cd 3F       		.byte	63
 4516 01ce 01       		.byte	1
 4517 01cf 7F       		.byte	127
 4518 01d0 08       		.byte	8
 4519 01d1 14       		.byte	20
 4520 01d2 22       		.byte	34
 4521 01d3 41       		.byte	65
 4522 01d4 7F       		.byte	127
 4523 01d5 40       		.byte	64
 4524 01d6 40       		.byte	64
 4525 01d7 40       		.byte	64
 4526 01d8 40       		.byte	64
 4527 01d9 7F       		.byte	127
 4528 01da 02       		.byte	2
 4529 01db 1C       		.byte	28
 4530 01dc 02       		.byte	2
 4531 01dd 7F       		.byte	127
 4532 01de 7F       		.byte	127
 4533 01df 04       		.byte	4
 4534 01e0 08       		.byte	8
 4535 01e1 10       		.byte	16
 4536 01e2 7F       		.byte	127
 4537 01e3 3E       		.byte	62
 4538 01e4 41       		.byte	65
 4539 01e5 41       		.byte	65
 4540 01e6 41       		.byte	65
ARM GAS  C:\Users\91819\AppData\Local\Temp\ccy28JmR.s 			page 103


 4541 01e7 3E       		.byte	62
 4542 01e8 7F       		.byte	127
 4543 01e9 09       		.byte	9
 4544 01ea 09       		.byte	9
 4545 01eb 09       		.byte	9
 4546 01ec 06       		.byte	6
 4547 01ed 3E       		.byte	62
 4548 01ee 41       		.byte	65
 4549 01ef 51       		.byte	81
 4550 01f0 21       		.byte	33
 4551 01f1 5E       		.byte	94
 4552 01f2 7F       		.byte	127
 4553 01f3 09       		.byte	9
 4554 01f4 19       		.byte	25
 4555 01f5 29       		.byte	41
 4556 01f6 46       		.byte	70
 4557 01f7 26       		.byte	38
 4558 01f8 49       		.byte	73
 4559 01f9 49       		.byte	73
 4560 01fa 49       		.byte	73
 4561 01fb 32       		.byte	50
 4562 01fc 03       		.byte	3
 4563 01fd 01       		.byte	1
 4564 01fe 7F       		.byte	127
 4565 01ff 01       		.byte	1
 4566 0200 03       		.byte	3
 4567 0201 3F       		.byte	63
 4568 0202 40       		.byte	64
 4569 0203 40       		.byte	64
 4570 0204 40       		.byte	64
 4571 0205 3F       		.byte	63
 4572 0206 1F       		.byte	31
 4573 0207 20       		.byte	32
 4574 0208 40       		.byte	64
 4575 0209 20       		.byte	32
 4576 020a 1F       		.byte	31
 4577 020b 3F       		.byte	63
 4578 020c 40       		.byte	64
 4579 020d 38       		.byte	56
 4580 020e 40       		.byte	64
 4581 020f 3F       		.byte	63
 4582 0210 63       		.byte	99
 4583 0211 14       		.byte	20
 4584 0212 08       		.byte	8
 4585 0213 14       		.byte	20
 4586 0214 63       		.byte	99
 4587 0215 03       		.byte	3
 4588 0216 04       		.byte	4
 4589 0217 78       		.byte	120
 4590 0218 04       		.byte	4
 4591 0219 03       		.byte	3
 4592 021a 61       		.byte	97
 4593 021b 59       		.byte	89
 4594 021c 49       		.byte	73
 4595 021d 4D       		.byte	77
 4596 021e 43       		.byte	67
 4597 021f 00       		.byte	0
ARM GAS  C:\Users\91819\AppData\Local\Temp\ccy28JmR.s 			page 104


 4598 0220 7F       		.byte	127
 4599 0221 41       		.byte	65
 4600 0222 41       		.byte	65
 4601 0223 41       		.byte	65
 4602 0224 02       		.byte	2
 4603 0225 04       		.byte	4
 4604 0226 08       		.byte	8
 4605 0227 10       		.byte	16
 4606 0228 20       		.byte	32
 4607 0229 00       		.byte	0
 4608 022a 41       		.byte	65
 4609 022b 41       		.byte	65
 4610 022c 41       		.byte	65
 4611 022d 7F       		.byte	127
 4612 022e 04       		.byte	4
 4613 022f 02       		.byte	2
 4614 0230 01       		.byte	1
 4615 0231 02       		.byte	2
 4616 0232 04       		.byte	4
 4617 0233 40       		.byte	64
 4618 0234 40       		.byte	64
 4619 0235 40       		.byte	64
 4620 0236 40       		.byte	64
 4621 0237 40       		.byte	64
 4622 0238 00       		.byte	0
 4623 0239 03       		.byte	3
 4624 023a 07       		.byte	7
 4625 023b 08       		.byte	8
 4626 023c 00       		.byte	0
 4627 023d 20       		.byte	32
 4628 023e 54       		.byte	84
 4629 023f 54       		.byte	84
 4630 0240 78       		.byte	120
 4631 0241 40       		.byte	64
 4632 0242 7F       		.byte	127
 4633 0243 28       		.byte	40
 4634 0244 44       		.byte	68
 4635 0245 44       		.byte	68
 4636 0246 38       		.byte	56
 4637 0247 38       		.byte	56
 4638 0248 44       		.byte	68
 4639 0249 44       		.byte	68
 4640 024a 44       		.byte	68
 4641 024b 28       		.byte	40
 4642 024c 38       		.byte	56
 4643 024d 44       		.byte	68
 4644 024e 44       		.byte	68
 4645 024f 28       		.byte	40
 4646 0250 7F       		.byte	127
 4647 0251 38       		.byte	56
 4648 0252 54       		.byte	84
 4649 0253 54       		.byte	84
 4650 0254 54       		.byte	84
 4651 0255 18       		.byte	24
 4652 0256 00       		.byte	0
 4653 0257 08       		.byte	8
 4654 0258 7E       		.byte	126
ARM GAS  C:\Users\91819\AppData\Local\Temp\ccy28JmR.s 			page 105


 4655 0259 09       		.byte	9
 4656 025a 02       		.byte	2
 4657 025b 18       		.byte	24
 4658 025c A4       		.byte	-92
 4659 025d A4       		.byte	-92
 4660 025e 9C       		.byte	-100
 4661 025f 78       		.byte	120
 4662 0260 7F       		.byte	127
 4663 0261 08       		.byte	8
 4664 0262 04       		.byte	4
 4665 0263 04       		.byte	4
 4666 0264 78       		.byte	120
 4667 0265 00       		.byte	0
 4668 0266 44       		.byte	68
 4669 0267 7D       		.byte	125
 4670 0268 40       		.byte	64
 4671 0269 00       		.byte	0
 4672 026a 20       		.byte	32
 4673 026b 40       		.byte	64
 4674 026c 40       		.byte	64
 4675 026d 3D       		.byte	61
 4676 026e 00       		.byte	0
 4677 026f 7F       		.byte	127
 4678 0270 10       		.byte	16
 4679 0271 28       		.byte	40
 4680 0272 44       		.byte	68
 4681 0273 00       		.byte	0
 4682 0274 00       		.byte	0
 4683 0275 41       		.byte	65
 4684 0276 7F       		.byte	127
 4685 0277 40       		.byte	64
 4686 0278 00       		.byte	0
 4687 0279 7C       		.byte	124
 4688 027a 04       		.byte	4
 4689 027b 78       		.byte	120
 4690 027c 04       		.byte	4
 4691 027d 78       		.byte	120
 4692 027e 7C       		.byte	124
 4693 027f 08       		.byte	8
 4694 0280 04       		.byte	4
 4695 0281 04       		.byte	4
 4696 0282 78       		.byte	120
 4697 0283 38       		.byte	56
 4698 0284 44       		.byte	68
 4699 0285 44       		.byte	68
 4700 0286 44       		.byte	68
 4701 0287 38       		.byte	56
 4702 0288 FC       		.byte	-4
 4703 0289 18       		.byte	24
 4704 028a 24       		.byte	36
 4705 028b 24       		.byte	36
 4706 028c 18       		.byte	24
 4707 028d 18       		.byte	24
 4708 028e 24       		.byte	36
 4709 028f 24       		.byte	36
 4710 0290 18       		.byte	24
 4711 0291 FC       		.byte	-4
ARM GAS  C:\Users\91819\AppData\Local\Temp\ccy28JmR.s 			page 106


 4712 0292 7C       		.byte	124
 4713 0293 08       		.byte	8
 4714 0294 04       		.byte	4
 4715 0295 04       		.byte	4
 4716 0296 08       		.byte	8
 4717 0297 48       		.byte	72
 4718 0298 54       		.byte	84
 4719 0299 54       		.byte	84
 4720 029a 54       		.byte	84
 4721 029b 24       		.byte	36
 4722 029c 04       		.byte	4
 4723 029d 04       		.byte	4
 4724 029e 3F       		.byte	63
 4725 029f 44       		.byte	68
 4726 02a0 24       		.byte	36
 4727 02a1 3C       		.byte	60
 4728 02a2 40       		.byte	64
 4729 02a3 40       		.byte	64
 4730 02a4 20       		.byte	32
 4731 02a5 7C       		.byte	124
 4732 02a6 1C       		.byte	28
 4733 02a7 20       		.byte	32
 4734 02a8 40       		.byte	64
 4735 02a9 20       		.byte	32
 4736 02aa 1C       		.byte	28
 4737 02ab 3C       		.byte	60
 4738 02ac 40       		.byte	64
 4739 02ad 30       		.byte	48
 4740 02ae 40       		.byte	64
 4741 02af 3C       		.byte	60
 4742 02b0 44       		.byte	68
 4743 02b1 28       		.byte	40
 4744 02b2 10       		.byte	16
 4745 02b3 28       		.byte	40
 4746 02b4 44       		.byte	68
 4747 02b5 4C       		.byte	76
 4748 02b6 90       		.byte	-112
 4749 02b7 90       		.byte	-112
 4750 02b8 90       		.byte	-112
 4751 02b9 7C       		.byte	124
 4752 02ba 44       		.byte	68
 4753 02bb 64       		.byte	100
 4754 02bc 54       		.byte	84
 4755 02bd 4C       		.byte	76
 4756 02be 44       		.byte	68
 4757 02bf 00       		.byte	0
 4758 02c0 08       		.byte	8
 4759 02c1 36       		.byte	54
 4760 02c2 41       		.byte	65
 4761 02c3 00       		.byte	0
 4762 02c4 00       		.byte	0
 4763 02c5 00       		.byte	0
 4764 02c6 77       		.byte	119
 4765 02c7 00       		.byte	0
 4766 02c8 00       		.byte	0
 4767 02c9 00       		.byte	0
 4768 02ca 41       		.byte	65
ARM GAS  C:\Users\91819\AppData\Local\Temp\ccy28JmR.s 			page 107


 4769 02cb 36       		.byte	54
 4770 02cc 08       		.byte	8
 4771 02cd 00       		.byte	0
 4772 02ce 02       		.byte	2
 4773 02cf 01       		.byte	1
 4774 02d0 02       		.byte	2
 4775 02d1 04       		.byte	4
 4776 02d2 02       		.byte	2
 4777 02d3 3C       		.byte	60
 4778 02d4 26       		.byte	38
 4779 02d5 23       		.byte	35
 4780 02d6 26       		.byte	38
 4781 02d7 3C       		.byte	60
 4782 02d8 1E       		.byte	30
 4783 02d9 A1       		.byte	-95
 4784 02da A1       		.byte	-95
 4785 02db 61       		.byte	97
 4786 02dc 12       		.byte	18
 4787 02dd 3A       		.byte	58
 4788 02de 40       		.byte	64
 4789 02df 40       		.byte	64
 4790 02e0 20       		.byte	32
 4791 02e1 7A       		.byte	122
 4792 02e2 38       		.byte	56
 4793 02e3 54       		.byte	84
 4794 02e4 54       		.byte	84
 4795 02e5 55       		.byte	85
 4796 02e6 59       		.byte	89
 4797 02e7 21       		.byte	33
 4798 02e8 55       		.byte	85
 4799 02e9 55       		.byte	85
 4800 02ea 79       		.byte	121
 4801 02eb 41       		.byte	65
 4802 02ec 22       		.byte	34
 4803 02ed 54       		.byte	84
 4804 02ee 54       		.byte	84
 4805 02ef 78       		.byte	120
 4806 02f0 42       		.byte	66
 4807 02f1 21       		.byte	33
 4808 02f2 55       		.byte	85
 4809 02f3 54       		.byte	84
 4810 02f4 78       		.byte	120
 4811 02f5 40       		.byte	64
 4812 02f6 20       		.byte	32
 4813 02f7 54       		.byte	84
 4814 02f8 55       		.byte	85
 4815 02f9 79       		.byte	121
 4816 02fa 40       		.byte	64
 4817 02fb 0C       		.byte	12
 4818 02fc 1E       		.byte	30
 4819 02fd 52       		.byte	82
 4820 02fe 72       		.byte	114
 4821 02ff 12       		.byte	18
 4822 0300 39       		.byte	57
 4823 0301 55       		.byte	85
 4824 0302 55       		.byte	85
 4825 0303 55       		.byte	85
ARM GAS  C:\Users\91819\AppData\Local\Temp\ccy28JmR.s 			page 108


 4826 0304 59       		.byte	89
 4827 0305 39       		.byte	57
 4828 0306 54       		.byte	84
 4829 0307 54       		.byte	84
 4830 0308 54       		.byte	84
 4831 0309 59       		.byte	89
 4832 030a 39       		.byte	57
 4833 030b 55       		.byte	85
 4834 030c 54       		.byte	84
 4835 030d 54       		.byte	84
 4836 030e 58       		.byte	88
 4837 030f 00       		.byte	0
 4838 0310 00       		.byte	0
 4839 0311 45       		.byte	69
 4840 0312 7C       		.byte	124
 4841 0313 41       		.byte	65
 4842 0314 00       		.byte	0
 4843 0315 02       		.byte	2
 4844 0316 45       		.byte	69
 4845 0317 7D       		.byte	125
 4846 0318 42       		.byte	66
 4847 0319 00       		.byte	0
 4848 031a 01       		.byte	1
 4849 031b 45       		.byte	69
 4850 031c 7C       		.byte	124
 4851 031d 40       		.byte	64
 4852 031e 7D       		.byte	125
 4853 031f 12       		.byte	18
 4854 0320 11       		.byte	17
 4855 0321 12       		.byte	18
 4856 0322 7D       		.byte	125
 4857 0323 F0       		.byte	-16
 4858 0324 28       		.byte	40
 4859 0325 25       		.byte	37
 4860 0326 28       		.byte	40
 4861 0327 F0       		.byte	-16
 4862 0328 7C       		.byte	124
 4863 0329 54       		.byte	84
 4864 032a 55       		.byte	85
 4865 032b 45       		.byte	69
 4866 032c 00       		.byte	0
 4867 032d 20       		.byte	32
 4868 032e 54       		.byte	84
 4869 032f 54       		.byte	84
 4870 0330 7C       		.byte	124
 4871 0331 54       		.byte	84
 4872 0332 7C       		.byte	124
 4873 0333 0A       		.byte	10
 4874 0334 09       		.byte	9
 4875 0335 7F       		.byte	127
 4876 0336 49       		.byte	73
 4877 0337 32       		.byte	50
 4878 0338 49       		.byte	73
 4879 0339 49       		.byte	73
 4880 033a 49       		.byte	73
 4881 033b 32       		.byte	50
 4882 033c 3A       		.byte	58
ARM GAS  C:\Users\91819\AppData\Local\Temp\ccy28JmR.s 			page 109


 4883 033d 44       		.byte	68
 4884 033e 44       		.byte	68
 4885 033f 44       		.byte	68
 4886 0340 3A       		.byte	58
 4887 0341 32       		.byte	50
 4888 0342 4A       		.byte	74
 4889 0343 48       		.byte	72
 4890 0344 48       		.byte	72
 4891 0345 30       		.byte	48
 4892 0346 3A       		.byte	58
 4893 0347 41       		.byte	65
 4894 0348 41       		.byte	65
 4895 0349 21       		.byte	33
 4896 034a 7A       		.byte	122
 4897 034b 3A       		.byte	58
 4898 034c 42       		.byte	66
 4899 034d 40       		.byte	64
 4900 034e 20       		.byte	32
 4901 034f 78       		.byte	120
 4902 0350 00       		.byte	0
 4903 0351 9D       		.byte	-99
 4904 0352 A0       		.byte	-96
 4905 0353 A0       		.byte	-96
 4906 0354 7D       		.byte	125
 4907 0355 3D       		.byte	61
 4908 0356 42       		.byte	66
 4909 0357 42       		.byte	66
 4910 0358 42       		.byte	66
 4911 0359 3D       		.byte	61
 4912 035a 3D       		.byte	61
 4913 035b 40       		.byte	64
 4914 035c 40       		.byte	64
 4915 035d 40       		.byte	64
 4916 035e 3D       		.byte	61
 4917 035f 3C       		.byte	60
 4918 0360 24       		.byte	36
 4919 0361 FF       		.byte	-1
 4920 0362 24       		.byte	36
 4921 0363 24       		.byte	36
 4922 0364 48       		.byte	72
 4923 0365 7E       		.byte	126
 4924 0366 49       		.byte	73
 4925 0367 43       		.byte	67
 4926 0368 66       		.byte	102
 4927 0369 2B       		.byte	43
 4928 036a 2F       		.byte	47
 4929 036b FC       		.byte	-4
 4930 036c 2F       		.byte	47
 4931 036d 2B       		.byte	43
 4932 036e FF       		.byte	-1
 4933 036f 09       		.byte	9
 4934 0370 29       		.byte	41
 4935 0371 F6       		.byte	-10
 4936 0372 20       		.byte	32
 4937 0373 C0       		.byte	-64
 4938 0374 88       		.byte	-120
 4939 0375 7E       		.byte	126
ARM GAS  C:\Users\91819\AppData\Local\Temp\ccy28JmR.s 			page 110


 4940 0376 09       		.byte	9
 4941 0377 03       		.byte	3
 4942 0378 20       		.byte	32
 4943 0379 54       		.byte	84
 4944 037a 54       		.byte	84
 4945 037b 79       		.byte	121
 4946 037c 41       		.byte	65
 4947 037d 00       		.byte	0
 4948 037e 00       		.byte	0
 4949 037f 44       		.byte	68
 4950 0380 7D       		.byte	125
 4951 0381 41       		.byte	65
 4952 0382 30       		.byte	48
 4953 0383 48       		.byte	72
 4954 0384 48       		.byte	72
 4955 0385 4A       		.byte	74
 4956 0386 32       		.byte	50
 4957 0387 38       		.byte	56
 4958 0388 40       		.byte	64
 4959 0389 40       		.byte	64
 4960 038a 22       		.byte	34
 4961 038b 7A       		.byte	122
 4962 038c 00       		.byte	0
 4963 038d 7A       		.byte	122
 4964 038e 0A       		.byte	10
 4965 038f 0A       		.byte	10
 4966 0390 72       		.byte	114
 4967 0391 7D       		.byte	125
 4968 0392 0D       		.byte	13
 4969 0393 19       		.byte	25
 4970 0394 31       		.byte	49
 4971 0395 7D       		.byte	125
 4972 0396 26       		.byte	38
 4973 0397 29       		.byte	41
 4974 0398 29       		.byte	41
 4975 0399 2F       		.byte	47
 4976 039a 28       		.byte	40
 4977 039b 26       		.byte	38
 4978 039c 29       		.byte	41
 4979 039d 29       		.byte	41
 4980 039e 29       		.byte	41
 4981 039f 26       		.byte	38
 4982 03a0 30       		.byte	48
 4983 03a1 48       		.byte	72
 4984 03a2 4D       		.byte	77
 4985 03a3 40       		.byte	64
 4986 03a4 20       		.byte	32
 4987 03a5 38       		.byte	56
 4988 03a6 08       		.byte	8
 4989 03a7 08       		.byte	8
 4990 03a8 08       		.byte	8
 4991 03a9 08       		.byte	8
 4992 03aa 08       		.byte	8
 4993 03ab 08       		.byte	8
 4994 03ac 08       		.byte	8
 4995 03ad 08       		.byte	8
 4996 03ae 38       		.byte	56
ARM GAS  C:\Users\91819\AppData\Local\Temp\ccy28JmR.s 			page 111


 4997 03af 2F       		.byte	47
 4998 03b0 10       		.byte	16
 4999 03b1 C8       		.byte	-56
 5000 03b2 AC       		.byte	-84
 5001 03b3 BA       		.byte	-70
 5002 03b4 2F       		.byte	47
 5003 03b5 10       		.byte	16
 5004 03b6 28       		.byte	40
 5005 03b7 34       		.byte	52
 5006 03b8 FA       		.byte	-6
 5007 03b9 00       		.byte	0
 5008 03ba 00       		.byte	0
 5009 03bb 7B       		.byte	123
 5010 03bc 00       		.byte	0
 5011 03bd 00       		.byte	0
 5012 03be 08       		.byte	8
 5013 03bf 14       		.byte	20
 5014 03c0 2A       		.byte	42
 5015 03c1 14       		.byte	20
 5016 03c2 22       		.byte	34
 5017 03c3 22       		.byte	34
 5018 03c4 14       		.byte	20
 5019 03c5 2A       		.byte	42
 5020 03c6 14       		.byte	20
 5021 03c7 08       		.byte	8
 5022 03c8 55       		.byte	85
 5023 03c9 00       		.byte	0
 5024 03ca 55       		.byte	85
 5025 03cb 00       		.byte	0
 5026 03cc 55       		.byte	85
 5027 03cd AA       		.byte	-86
 5028 03ce 55       		.byte	85
 5029 03cf AA       		.byte	-86
 5030 03d0 55       		.byte	85
 5031 03d1 AA       		.byte	-86
 5032 03d2 FF       		.byte	-1
 5033 03d3 55       		.byte	85
 5034 03d4 FF       		.byte	-1
 5035 03d5 55       		.byte	85
 5036 03d6 FF       		.byte	-1
 5037 03d7 00       		.byte	0
 5038 03d8 00       		.byte	0
 5039 03d9 00       		.byte	0
 5040 03da FF       		.byte	-1
 5041 03db 00       		.byte	0
 5042 03dc 10       		.byte	16
 5043 03dd 10       		.byte	16
 5044 03de 10       		.byte	16
 5045 03df FF       		.byte	-1
 5046 03e0 00       		.byte	0
 5047 03e1 14       		.byte	20
 5048 03e2 14       		.byte	20
 5049 03e3 14       		.byte	20
 5050 03e4 FF       		.byte	-1
 5051 03e5 00       		.byte	0
 5052 03e6 10       		.byte	16
 5053 03e7 10       		.byte	16
ARM GAS  C:\Users\91819\AppData\Local\Temp\ccy28JmR.s 			page 112


 5054 03e8 FF       		.byte	-1
 5055 03e9 00       		.byte	0
 5056 03ea FF       		.byte	-1
 5057 03eb 10       		.byte	16
 5058 03ec 10       		.byte	16
 5059 03ed F0       		.byte	-16
 5060 03ee 10       		.byte	16
 5061 03ef F0       		.byte	-16
 5062 03f0 14       		.byte	20
 5063 03f1 14       		.byte	20
 5064 03f2 14       		.byte	20
 5065 03f3 FC       		.byte	-4
 5066 03f4 00       		.byte	0
 5067 03f5 14       		.byte	20
 5068 03f6 14       		.byte	20
 5069 03f7 F7       		.byte	-9
 5070 03f8 00       		.byte	0
 5071 03f9 FF       		.byte	-1
 5072 03fa 00       		.byte	0
 5073 03fb 00       		.byte	0
 5074 03fc FF       		.byte	-1
 5075 03fd 00       		.byte	0
 5076 03fe FF       		.byte	-1
 5077 03ff 14       		.byte	20
 5078 0400 14       		.byte	20
 5079 0401 F4       		.byte	-12
 5080 0402 04       		.byte	4
 5081 0403 FC       		.byte	-4
 5082 0404 14       		.byte	20
 5083 0405 14       		.byte	20
 5084 0406 17       		.byte	23
 5085 0407 10       		.byte	16
 5086 0408 1F       		.byte	31
 5087 0409 10       		.byte	16
 5088 040a 10       		.byte	16
 5089 040b 1F       		.byte	31
 5090 040c 10       		.byte	16
 5091 040d 1F       		.byte	31
 5092 040e 14       		.byte	20
 5093 040f 14       		.byte	20
 5094 0410 14       		.byte	20
 5095 0411 1F       		.byte	31
 5096 0412 00       		.byte	0
 5097 0413 10       		.byte	16
 5098 0414 10       		.byte	16
 5099 0415 10       		.byte	16
 5100 0416 F0       		.byte	-16
 5101 0417 00       		.byte	0
 5102 0418 00       		.byte	0
 5103 0419 00       		.byte	0
 5104 041a 00       		.byte	0
 5105 041b 1F       		.byte	31
 5106 041c 10       		.byte	16
 5107 041d 10       		.byte	16
 5108 041e 10       		.byte	16
 5109 041f 10       		.byte	16
 5110 0420 1F       		.byte	31
ARM GAS  C:\Users\91819\AppData\Local\Temp\ccy28JmR.s 			page 113


 5111 0421 10       		.byte	16
 5112 0422 10       		.byte	16
 5113 0423 10       		.byte	16
 5114 0424 10       		.byte	16
 5115 0425 F0       		.byte	-16
 5116 0426 10       		.byte	16
 5117 0427 00       		.byte	0
 5118 0428 00       		.byte	0
 5119 0429 00       		.byte	0
 5120 042a FF       		.byte	-1
 5121 042b 10       		.byte	16
 5122 042c 10       		.byte	16
 5123 042d 10       		.byte	16
 5124 042e 10       		.byte	16
 5125 042f 10       		.byte	16
 5126 0430 10       		.byte	16
 5127 0431 10       		.byte	16
 5128 0432 10       		.byte	16
 5129 0433 10       		.byte	16
 5130 0434 FF       		.byte	-1
 5131 0435 10       		.byte	16
 5132 0436 00       		.byte	0
 5133 0437 00       		.byte	0
 5134 0438 00       		.byte	0
 5135 0439 FF       		.byte	-1
 5136 043a 14       		.byte	20
 5137 043b 00       		.byte	0
 5138 043c 00       		.byte	0
 5139 043d FF       		.byte	-1
 5140 043e 00       		.byte	0
 5141 043f FF       		.byte	-1
 5142 0440 00       		.byte	0
 5143 0441 00       		.byte	0
 5144 0442 1F       		.byte	31
 5145 0443 10       		.byte	16
 5146 0444 17       		.byte	23
 5147 0445 00       		.byte	0
 5148 0446 00       		.byte	0
 5149 0447 FC       		.byte	-4
 5150 0448 04       		.byte	4
 5151 0449 F4       		.byte	-12
 5152 044a 14       		.byte	20
 5153 044b 14       		.byte	20
 5154 044c 17       		.byte	23
 5155 044d 10       		.byte	16
 5156 044e 17       		.byte	23
 5157 044f 14       		.byte	20
 5158 0450 14       		.byte	20
 5159 0451 F4       		.byte	-12
 5160 0452 04       		.byte	4
 5161 0453 F4       		.byte	-12
 5162 0454 00       		.byte	0
 5163 0455 00       		.byte	0
 5164 0456 FF       		.byte	-1
 5165 0457 00       		.byte	0
 5166 0458 F7       		.byte	-9
 5167 0459 14       		.byte	20
ARM GAS  C:\Users\91819\AppData\Local\Temp\ccy28JmR.s 			page 114


 5168 045a 14       		.byte	20
 5169 045b 14       		.byte	20
 5170 045c 14       		.byte	20
 5171 045d 14       		.byte	20
 5172 045e 14       		.byte	20
 5173 045f 14       		.byte	20
 5174 0460 F7       		.byte	-9
 5175 0461 00       		.byte	0
 5176 0462 F7       		.byte	-9
 5177 0463 14       		.byte	20
 5178 0464 14       		.byte	20
 5179 0465 14       		.byte	20
 5180 0466 17       		.byte	23
 5181 0467 14       		.byte	20
 5182 0468 10       		.byte	16
 5183 0469 10       		.byte	16
 5184 046a 1F       		.byte	31
 5185 046b 10       		.byte	16
 5186 046c 1F       		.byte	31
 5187 046d 14       		.byte	20
 5188 046e 14       		.byte	20
 5189 046f 14       		.byte	20
 5190 0470 F4       		.byte	-12
 5191 0471 14       		.byte	20
 5192 0472 10       		.byte	16
 5193 0473 10       		.byte	16
 5194 0474 F0       		.byte	-16
 5195 0475 10       		.byte	16
 5196 0476 F0       		.byte	-16
 5197 0477 00       		.byte	0
 5198 0478 00       		.byte	0
 5199 0479 1F       		.byte	31
 5200 047a 10       		.byte	16
 5201 047b 1F       		.byte	31
 5202 047c 00       		.byte	0
 5203 047d 00       		.byte	0
 5204 047e 00       		.byte	0
 5205 047f 1F       		.byte	31
 5206 0480 14       		.byte	20
 5207 0481 00       		.byte	0
 5208 0482 00       		.byte	0
 5209 0483 00       		.byte	0
 5210 0484 FC       		.byte	-4
 5211 0485 14       		.byte	20
 5212 0486 00       		.byte	0
 5213 0487 00       		.byte	0
 5214 0488 F0       		.byte	-16
 5215 0489 10       		.byte	16
 5216 048a F0       		.byte	-16
 5217 048b 10       		.byte	16
 5218 048c 10       		.byte	16
 5219 048d FF       		.byte	-1
 5220 048e 10       		.byte	16
 5221 048f FF       		.byte	-1
 5222 0490 14       		.byte	20
 5223 0491 14       		.byte	20
 5224 0492 14       		.byte	20
ARM GAS  C:\Users\91819\AppData\Local\Temp\ccy28JmR.s 			page 115


 5225 0493 FF       		.byte	-1
 5226 0494 14       		.byte	20
 5227 0495 10       		.byte	16
 5228 0496 10       		.byte	16
 5229 0497 10       		.byte	16
 5230 0498 1F       		.byte	31
 5231 0499 00       		.byte	0
 5232 049a 00       		.byte	0
 5233 049b 00       		.byte	0
 5234 049c 00       		.byte	0
 5235 049d F0       		.byte	-16
 5236 049e 10       		.byte	16
 5237 049f FF       		.byte	-1
 5238 04a0 FF       		.byte	-1
 5239 04a1 FF       		.byte	-1
 5240 04a2 FF       		.byte	-1
 5241 04a3 FF       		.byte	-1
 5242 04a4 F0       		.byte	-16
 5243 04a5 F0       		.byte	-16
 5244 04a6 F0       		.byte	-16
 5245 04a7 F0       		.byte	-16
 5246 04a8 F0       		.byte	-16
 5247 04a9 FF       		.byte	-1
 5248 04aa FF       		.byte	-1
 5249 04ab FF       		.byte	-1
 5250 04ac 00       		.byte	0
 5251 04ad 00       		.byte	0
 5252 04ae 00       		.byte	0
 5253 04af 00       		.byte	0
 5254 04b0 00       		.byte	0
 5255 04b1 FF       		.byte	-1
 5256 04b2 FF       		.byte	-1
 5257 04b3 0F       		.byte	15
 5258 04b4 0F       		.byte	15
 5259 04b5 0F       		.byte	15
 5260 04b6 0F       		.byte	15
 5261 04b7 0F       		.byte	15
 5262 04b8 38       		.byte	56
 5263 04b9 44       		.byte	68
 5264 04ba 44       		.byte	68
 5265 04bb 38       		.byte	56
 5266 04bc 44       		.byte	68
 5267 04bd FC       		.byte	-4
 5268 04be 4A       		.byte	74
 5269 04bf 4A       		.byte	74
 5270 04c0 4A       		.byte	74
 5271 04c1 34       		.byte	52
 5272 04c2 7E       		.byte	126
 5273 04c3 02       		.byte	2
 5274 04c4 02       		.byte	2
 5275 04c5 06       		.byte	6
 5276 04c6 06       		.byte	6
 5277 04c7 02       		.byte	2
 5278 04c8 7E       		.byte	126
 5279 04c9 02       		.byte	2
 5280 04ca 7E       		.byte	126
 5281 04cb 02       		.byte	2
ARM GAS  C:\Users\91819\AppData\Local\Temp\ccy28JmR.s 			page 116


 5282 04cc 63       		.byte	99
 5283 04cd 55       		.byte	85
 5284 04ce 49       		.byte	73
 5285 04cf 41       		.byte	65
 5286 04d0 63       		.byte	99
 5287 04d1 38       		.byte	56
 5288 04d2 44       		.byte	68
 5289 04d3 44       		.byte	68
 5290 04d4 3C       		.byte	60
 5291 04d5 04       		.byte	4
 5292 04d6 40       		.byte	64
 5293 04d7 7E       		.byte	126
 5294 04d8 20       		.byte	32
 5295 04d9 1E       		.byte	30
 5296 04da 20       		.byte	32
 5297 04db 06       		.byte	6
 5298 04dc 02       		.byte	2
 5299 04dd 7E       		.byte	126
 5300 04de 02       		.byte	2
 5301 04df 02       		.byte	2
 5302 04e0 99       		.byte	-103
 5303 04e1 A5       		.byte	-91
 5304 04e2 E7       		.byte	-25
 5305 04e3 A5       		.byte	-91
 5306 04e4 99       		.byte	-103
 5307 04e5 1C       		.byte	28
 5308 04e6 2A       		.byte	42
 5309 04e7 49       		.byte	73
 5310 04e8 2A       		.byte	42
 5311 04e9 1C       		.byte	28
 5312 04ea 4C       		.byte	76
 5313 04eb 72       		.byte	114
 5314 04ec 01       		.byte	1
 5315 04ed 72       		.byte	114
 5316 04ee 4C       		.byte	76
 5317 04ef 30       		.byte	48
 5318 04f0 4A       		.byte	74
 5319 04f1 4D       		.byte	77
 5320 04f2 4D       		.byte	77
 5321 04f3 30       		.byte	48
 5322 04f4 30       		.byte	48
 5323 04f5 48       		.byte	72
 5324 04f6 78       		.byte	120
 5325 04f7 48       		.byte	72
 5326 04f8 30       		.byte	48
 5327 04f9 BC       		.byte	-68
 5328 04fa 62       		.byte	98
 5329 04fb 5A       		.byte	90
 5330 04fc 46       		.byte	70
 5331 04fd 3D       		.byte	61
 5332 04fe 3E       		.byte	62
 5333 04ff 49       		.byte	73
 5334 0500 49       		.byte	73
 5335 0501 49       		.byte	73
 5336 0502 00       		.byte	0
 5337 0503 7E       		.byte	126
 5338 0504 01       		.byte	1
ARM GAS  C:\Users\91819\AppData\Local\Temp\ccy28JmR.s 			page 117


 5339 0505 01       		.byte	1
 5340 0506 01       		.byte	1
 5341 0507 7E       		.byte	126
 5342 0508 2A       		.byte	42
 5343 0509 2A       		.byte	42
 5344 050a 2A       		.byte	42
 5345 050b 2A       		.byte	42
 5346 050c 2A       		.byte	42
 5347 050d 44       		.byte	68
 5348 050e 44       		.byte	68
 5349 050f 5F       		.byte	95
 5350 0510 44       		.byte	68
 5351 0511 44       		.byte	68
 5352 0512 40       		.byte	64
 5353 0513 51       		.byte	81
 5354 0514 4A       		.byte	74
 5355 0515 44       		.byte	68
 5356 0516 40       		.byte	64
 5357 0517 40       		.byte	64
 5358 0518 44       		.byte	68
 5359 0519 4A       		.byte	74
 5360 051a 51       		.byte	81
 5361 051b 40       		.byte	64
 5362 051c 00       		.byte	0
 5363 051d 00       		.byte	0
 5364 051e FF       		.byte	-1
 5365 051f 01       		.byte	1
 5366 0520 03       		.byte	3
 5367 0521 E0       		.byte	-32
 5368 0522 80       		.byte	-128
 5369 0523 FF       		.byte	-1
 5370 0524 00       		.byte	0
 5371 0525 00       		.byte	0
 5372 0526 08       		.byte	8
 5373 0527 08       		.byte	8
 5374 0528 6B       		.byte	107
 5375 0529 6B       		.byte	107
 5376 052a 08       		.byte	8
 5377 052b 36       		.byte	54
 5378 052c 12       		.byte	18
 5379 052d 36       		.byte	54
 5380 052e 24       		.byte	36
 5381 052f 36       		.byte	54
 5382 0530 06       		.byte	6
 5383 0531 0F       		.byte	15
 5384 0532 09       		.byte	9
 5385 0533 0F       		.byte	15
 5386 0534 06       		.byte	6
 5387 0535 00       		.byte	0
 5388 0536 00       		.byte	0
 5389 0537 18       		.byte	24
 5390 0538 18       		.byte	24
 5391 0539 00       		.byte	0
 5392 053a 00       		.byte	0
 5393 053b 00       		.byte	0
 5394 053c 10       		.byte	16
 5395 053d 10       		.byte	16
ARM GAS  C:\Users\91819\AppData\Local\Temp\ccy28JmR.s 			page 118


 5396 053e 00       		.byte	0
 5397 053f 30       		.byte	48
 5398 0540 40       		.byte	64
 5399 0541 FF       		.byte	-1
 5400 0542 01       		.byte	1
 5401 0543 01       		.byte	1
 5402 0544 00       		.byte	0
 5403 0545 1F       		.byte	31
 5404 0546 01       		.byte	1
 5405 0547 01       		.byte	1
 5406 0548 1E       		.byte	30
 5407 0549 00       		.byte	0
 5408 054a 19       		.byte	25
 5409 054b 1D       		.byte	29
 5410 054c 17       		.byte	23
 5411 054d 12       		.byte	18
 5412 054e 00       		.byte	0
 5413 054f 3C       		.byte	60
 5414 0550 3C       		.byte	60
 5415 0551 3C       		.byte	60
 5416 0552 3C       		.byte	60
 5417 0553 00       		.byte	0
 5418 0554 00       		.byte	0
 5419 0555 00       		.byte	0
 5420 0556 00       		.byte	0
 5421 0557 00       		.byte	0
 5422              		.section	.rodata.str1.4,"aMS",%progbits,1
 5423              		.align	2
 5424              	.LC0:
 5425 0000 42756666 		.ascii	"Buffer overflow\000"
 5425      6572206F 
 5425      76657266 
 5425      6C6F7700 
 5426              	.LC1:
 5427 0010 54465400 		.ascii	"TFT\000"
 5428              		.bss
 5429              		.align	2
 5430              		.set	.LANCHOR0,. + 0
 5431              		.type	gfxFont, %object
 5432              		.size	gfxFont, 4
 5433              	gfxFont:
 5434 0000 00000000 		.space	4
 5435              		.type	textsize, %object
 5436              		.size	textsize, 1
 5437              	textsize:
 5438 0004 00       		.space	1
 5439              		.type	wrap, %object
 5440              		.size	wrap, 1
 5441              	wrap:
 5442 0005 00       		.space	1
 5443              		.type	_width, %object
 5444              		.size	_width, 2
 5445              	_width:
 5446 0006 0000     		.space	2
 5447              		.type	TFT_RB_out, %object
 5448              		.size	TFT_RB_out, 206
 5449              	TFT_RB_out:
ARM GAS  C:\Users\91819\AppData\Local\Temp\ccy28JmR.s 			page 119


 5450 0008 00000000 		.space	206
 5450      00000000 
 5450      00000000 
 5450      00000000 
 5450      00000000 
 5451              		.type	xstart, %object
 5452              		.size	xstart, 1
 5453              	xstart:
 5454 00d6 00       		.space	1
 5455              		.type	ystart, %object
 5456              		.size	ystart, 1
 5457              	ystart:
 5458 00d7 00       		.space	1
 5459              		.type	rotation, %object
 5460              		.size	rotation, 1
 5461              	rotation:
 5462 00d8 00       		.space	1
 5463 00d9 00       		.space	1
 5464              		.type	_height, %object
 5465              		.size	_height, 2
 5466              	_height:
 5467 00da 0000     		.space	2
 5468              		.type	colstart, %object
 5469              		.size	colstart, 1
 5470              	colstart:
 5471 00dc 00       		.space	1
 5472              		.type	rowstart, %object
 5473              		.size	rowstart, 1
 5474              	rowstart:
 5475 00dd 00       		.space	1
 5476              		.type	cursor_x, %object
 5477              		.size	cursor_x, 2
 5478              	cursor_x:
 5479 00de 0000     		.space	2
 5480              		.type	cursor_y, %object
 5481              		.size	cursor_y, 2
 5482              	cursor_y:
 5483 00e0 0000     		.space	2
 5484              		.type	color, %object
 5485              		.size	color, 2
 5486              	color:
 5487 00e2 0000     		.space	2
 5488              		.type	bgcolor, %object
 5489              		.size	bgcolor, 2
 5490              	bgcolor:
 5491 00e4 0000     		.space	2
 5492              		.text
 5493              	.Letext0:
 5494              		.file 2 ".\\source\\bsw/global.h"
 5495              		.file 3 "c:\\program files (x86)\\cypress\\psoc creator\\4.4\\psoc creator\\import\\gnu\\arm\\5.4.
 5496              		.file 4 "c:\\program files (x86)\\cypress\\psoc creator\\4.4\\psoc creator\\import\\gnu\\arm\\5.4.
 5497              		.file 5 "source\\bsw\\tft\\tft.h"
 5498              		.file 6 "source\\bsw\\tft\\ST7735.h"
 5499              		.file 7 ".\\source\\bsw\\tft\\fonts/glcdfont.h"
 5500              		.section	.debug_info,"",%progbits
 5501              	.Ldebug_info0:
 5502 0000 6F270000 		.4byte	0x276f
ARM GAS  C:\Users\91819\AppData\Local\Temp\ccy28JmR.s 			page 120


 5503 0004 0400     		.2byte	0x4
 5504 0006 00000000 		.4byte	.Ldebug_abbrev0
 5505 000a 04       		.byte	0x4
 5506 000b 01       		.uleb128 0x1
 5507 000c B9030000 		.4byte	.LASF239
 5508 0010 0C       		.byte	0xc
 5509 0011 4B070000 		.4byte	.LASF240
 5510 0015 7D010000 		.4byte	.LASF241
 5511 0019 00000000 		.4byte	.Ldebug_ranges0+0
 5512 001d 00000000 		.4byte	0
 5513 0021 00000000 		.4byte	.Ldebug_line0
 5514 0025 02       		.uleb128 0x2
 5515 0026 01       		.byte	0x1
 5516 0027 06       		.byte	0x6
 5517 0028 500B0000 		.4byte	.LASF0
 5518 002c 03       		.uleb128 0x3
 5519 002d DD050000 		.4byte	.LASF3
 5520 0031 02       		.byte	0x2
 5521 0032 91       		.byte	0x91
 5522 0033 37000000 		.4byte	0x37
 5523 0037 02       		.uleb128 0x2
 5524 0038 01       		.byte	0x1
 5525 0039 08       		.byte	0x8
 5526 003a 350A0000 		.4byte	.LASF1
 5527 003e 02       		.uleb128 0x2
 5528 003f 02       		.byte	0x2
 5529 0040 05       		.byte	0x5
 5530 0041 10080000 		.4byte	.LASF2
 5531 0045 03       		.uleb128 0x3
 5532 0046 AF070000 		.4byte	.LASF4
 5533 004a 02       		.byte	0x2
 5534 004b 93       		.byte	0x93
 5535 004c 50000000 		.4byte	0x50
 5536 0050 02       		.uleb128 0x2
 5537 0051 02       		.byte	0x2
 5538 0052 07       		.byte	0x7
 5539 0053 6F0B0000 		.4byte	.LASF5
 5540 0057 02       		.uleb128 0x2
 5541 0058 04       		.byte	0x4
 5542 0059 05       		.byte	0x5
 5543 005a 35080000 		.4byte	.LASF6
 5544 005e 02       		.uleb128 0x2
 5545 005f 04       		.byte	0x4
 5546 0060 07       		.byte	0x7
 5547 0061 91090000 		.4byte	.LASF7
 5548 0065 02       		.uleb128 0x2
 5549 0066 04       		.byte	0x4
 5550 0067 04       		.byte	0x4
 5551 0068 C0020000 		.4byte	.LASF8
 5552 006c 02       		.uleb128 0x2
 5553 006d 08       		.byte	0x8
 5554 006e 04       		.byte	0x4
 5555 006f 8C0B0000 		.4byte	.LASF9
 5556 0073 02       		.uleb128 0x2
 5557 0074 08       		.byte	0x8
 5558 0075 05       		.byte	0x5
 5559 0076 2C060000 		.4byte	.LASF10
ARM GAS  C:\Users\91819\AppData\Local\Temp\ccy28JmR.s 			page 121


 5560 007a 02       		.uleb128 0x2
 5561 007b 08       		.byte	0x8
 5562 007c 07       		.byte	0x7
 5563 007d 0E030000 		.4byte	.LASF11
 5564 0081 03       		.uleb128 0x3
 5565 0082 8F050000 		.4byte	.LASF12
 5566 0086 02       		.byte	0x2
 5567 0087 9C       		.byte	0x9c
 5568 0088 37000000 		.4byte	0x37
 5569 008c 02       		.uleb128 0x2
 5570 008d 01       		.byte	0x1
 5571 008e 08       		.byte	0x8
 5572 008f 43050000 		.4byte	.LASF13
 5573 0093 04       		.uleb128 0x4
 5574 0094 04       		.byte	0x4
 5575 0095 99000000 		.4byte	0x99
 5576 0099 05       		.uleb128 0x5
 5577 009a 8C000000 		.4byte	0x8c
 5578 009e 06       		.uleb128 0x6
 5579 009f 01       		.byte	0x1
 5580 00a0 25000000 		.4byte	0x25
 5581 00a4 02       		.byte	0x2
 5582 00a5 CF       		.byte	0xcf
 5583 00a6 47010000 		.4byte	0x147
 5584 00aa 07       		.uleb128 0x7
 5585 00ab 48050000 		.4byte	.LASF14
 5586 00af 00       		.byte	0
 5587 00b0 08       		.uleb128 0x8
 5588 00b1 6F020000 		.4byte	.LASF15
 5589 00b5 7F       		.sleb128 -1
 5590 00b6 08       		.uleb128 0x8
 5591 00b7 14010000 		.4byte	.LASF16
 5592 00bb 7E       		.sleb128 -2
 5593 00bc 08       		.uleb128 0x8
 5594 00bd CD000000 		.4byte	.LASF17
 5595 00c1 7D       		.sleb128 -3
 5596 00c2 08       		.uleb128 0x8
 5597 00c3 D1060000 		.4byte	.LASF18
 5598 00c7 7C       		.sleb128 -4
 5599 00c8 08       		.uleb128 0x8
 5600 00c9 070C0000 		.4byte	.LASF19
 5601 00cd 7B       		.sleb128 -5
 5602 00ce 08       		.uleb128 0x8
 5603 00cf 180A0000 		.4byte	.LASF20
 5604 00d3 7A       		.sleb128 -6
 5605 00d4 08       		.uleb128 0x8
 5606 00d5 AB060000 		.4byte	.LASF21
 5607 00d9 79       		.sleb128 -7
 5608 00da 08       		.uleb128 0x8
 5609 00db 75070000 		.4byte	.LASF22
 5610 00df 78       		.sleb128 -8
 5611 00e0 08       		.uleb128 0x8
 5612 00e1 5A0A0000 		.4byte	.LASF23
 5613 00e5 77       		.sleb128 -9
 5614 00e6 08       		.uleb128 0x8
 5615 00e7 EF070000 		.4byte	.LASF24
 5616 00eb 76       		.sleb128 -10
ARM GAS  C:\Users\91819\AppData\Local\Temp\ccy28JmR.s 			page 122


 5617 00ec 08       		.uleb128 0x8
 5618 00ed 22010000 		.4byte	.LASF25
 5619 00f1 75       		.sleb128 -11
 5620 00f2 08       		.uleb128 0x8
 5621 00f3 00030000 		.4byte	.LASF26
 5622 00f7 74       		.sleb128 -12
 5623 00f8 08       		.uleb128 0x8
 5624 00f9 7C040000 		.4byte	.LASF27
 5625 00fd 73       		.sleb128 -13
 5626 00fe 08       		.uleb128 0x8
 5627 00ff DC070000 		.4byte	.LASF28
 5628 0103 72       		.sleb128 -14
 5629 0104 08       		.uleb128 0x8
 5630 0105 59000000 		.4byte	.LASF29
 5631 0109 71       		.sleb128 -15
 5632 010a 08       		.uleb128 0x8
 5633 010b F6080000 		.4byte	.LASF30
 5634 010f 70       		.sleb128 -16
 5635 0110 08       		.uleb128 0x8
 5636 0111 4E090000 		.4byte	.LASF31
 5637 0115 6F       		.sleb128 -17
 5638 0116 08       		.uleb128 0x8
 5639 0117 78020000 		.4byte	.LASF32
 5640 011b 6E       		.sleb128 -18
 5641 011c 08       		.uleb128 0x8
 5642 011d 28000000 		.4byte	.LASF33
 5643 0121 6D       		.sleb128 -19
 5644 0122 08       		.uleb128 0x8
 5645 0123 FD070000 		.4byte	.LASF34
 5646 0127 6C       		.sleb128 -20
 5647 0128 08       		.uleb128 0x8
 5648 0129 C1050000 		.4byte	.LASF35
 5649 012d 6B       		.sleb128 -21
 5650 012e 08       		.uleb128 0x8
 5651 012f 46060000 		.4byte	.LASF36
 5652 0133 6A       		.sleb128 -22
 5653 0134 08       		.uleb128 0x8
 5654 0135 34010000 		.4byte	.LASF37
 5655 0139 69       		.sleb128 -23
 5656 013a 08       		.uleb128 0x8
 5657 013b 9C0A0000 		.4byte	.LASF38
 5658 013f 68       		.sleb128 -24
 5659 0140 08       		.uleb128 0x8
 5660 0141 44080000 		.4byte	.LASF39
 5661 0145 67       		.sleb128 -25
 5662 0146 00       		.byte	0
 5663 0147 03       		.uleb128 0x3
 5664 0148 AA090000 		.4byte	.LASF40
 5665 014c 02       		.byte	0x2
 5666 014d EA       		.byte	0xea
 5667 014e 9E000000 		.4byte	0x9e
 5668 0152 03       		.uleb128 0x3
 5669 0153 42070000 		.4byte	.LASF41
 5670 0157 03       		.byte	0x3
 5671 0158 1B       		.byte	0x1b
 5672 0159 25000000 		.4byte	0x25
 5673 015d 03       		.uleb128 0x3
ARM GAS  C:\Users\91819\AppData\Local\Temp\ccy28JmR.s 			page 123


 5674 015e 8B060000 		.4byte	.LASF42
 5675 0162 03       		.byte	0x3
 5676 0163 29       		.byte	0x29
 5677 0164 3E000000 		.4byte	0x3e
 5678 0168 03       		.uleb128 0x3
 5679 0169 FC000000 		.4byte	.LASF43
 5680 016d 03       		.byte	0x3
 5681 016e 3F       		.byte	0x3f
 5682 016f 57000000 		.4byte	0x57
 5683 0173 09       		.uleb128 0x9
 5684 0174 04       		.byte	0x4
 5685 0175 05       		.byte	0x5
 5686 0176 696E7400 		.ascii	"int\000"
 5687 017a 02       		.uleb128 0x2
 5688 017b 04       		.byte	0x4
 5689 017c 07       		.byte	0x7
 5690 017d C0000000 		.4byte	.LASF44
 5691 0181 02       		.uleb128 0x2
 5692 0182 08       		.byte	0x8
 5693 0183 04       		.byte	0x4
 5694 0184 99070000 		.4byte	.LASF45
 5695 0188 02       		.uleb128 0x2
 5696 0189 04       		.byte	0x4
 5697 018a 07       		.byte	0x7
 5698 018b 88090000 		.4byte	.LASF46
 5699 018f 04       		.uleb128 0x4
 5700 0190 04       		.byte	0x4
 5701 0191 8C000000 		.4byte	0x8c
 5702 0195 03       		.uleb128 0x3
 5703 0196 68020000 		.4byte	.LASF47
 5704 019a 04       		.byte	0x4
 5705 019b 14       		.byte	0x14
 5706 019c 52010000 		.4byte	0x152
 5707 01a0 03       		.uleb128 0x3
 5708 01a1 F8020000 		.4byte	.LASF48
 5709 01a5 04       		.byte	0x4
 5710 01a6 20       		.byte	0x20
 5711 01a7 5D010000 		.4byte	0x15d
 5712 01ab 03       		.uleb128 0x3
 5713 01ac AF090000 		.4byte	.LASF49
 5714 01b0 04       		.byte	0x4
 5715 01b1 2C       		.byte	0x2c
 5716 01b2 68010000 		.4byte	0x168
 5717 01b6 03       		.uleb128 0x3
 5718 01b7 290A0000 		.4byte	.LASF50
 5719 01bb 05       		.byte	0x5
 5720 01bc 38       		.byte	0x38
 5721 01bd 45000000 		.4byte	0x45
 5722 01c1 0A       		.uleb128 0xa
 5723 01c2 08       		.byte	0x8
 5724 01c3 05       		.byte	0x5
 5725 01c4 3D       		.byte	0x3d
 5726 01c5 12020000 		.4byte	0x212
 5727 01c9 0B       		.uleb128 0xb
 5728 01ca 61040000 		.4byte	.LASF51
 5729 01ce 05       		.byte	0x5
 5730 01cf 3E       		.byte	0x3e
ARM GAS  C:\Users\91819\AppData\Local\Temp\ccy28JmR.s 			page 124


 5731 01d0 45000000 		.4byte	0x45
 5732 01d4 00       		.byte	0
 5733 01d5 0B       		.uleb128 0xb
 5734 01d6 76040000 		.4byte	.LASF52
 5735 01da 05       		.byte	0x5
 5736 01db 3F       		.byte	0x3f
 5737 01dc 2C000000 		.4byte	0x2c
 5738 01e0 02       		.byte	0x2
 5739 01e1 0B       		.uleb128 0xb
 5740 01e2 24070000 		.4byte	.LASF53
 5741 01e6 05       		.byte	0x5
 5742 01e7 3F       		.byte	0x3f
 5743 01e8 2C000000 		.4byte	0x2c
 5744 01ec 03       		.byte	0x3
 5745 01ed 0B       		.uleb128 0xb
 5746 01ee 2E0B0000 		.4byte	.LASF54
 5747 01f2 05       		.byte	0x5
 5748 01f3 40       		.byte	0x40
 5749 01f4 2C000000 		.4byte	0x2c
 5750 01f8 04       		.byte	0x4
 5751 01f9 0B       		.uleb128 0xb
 5752 01fa 3C0B0000 		.4byte	.LASF55
 5753 01fe 05       		.byte	0x5
 5754 01ff 41       		.byte	0x41
 5755 0200 95010000 		.4byte	0x195
 5756 0204 05       		.byte	0x5
 5757 0205 0B       		.uleb128 0xb
 5758 0206 E5050000 		.4byte	.LASF56
 5759 020a 05       		.byte	0x5
 5760 020b 41       		.byte	0x41
 5761 020c 95010000 		.4byte	0x195
 5762 0210 06       		.byte	0x6
 5763 0211 00       		.byte	0
 5764 0212 03       		.uleb128 0x3
 5765 0213 71050000 		.4byte	.LASF57
 5766 0217 05       		.byte	0x5
 5767 0218 42       		.byte	0x42
 5768 0219 C1010000 		.4byte	0x1c1
 5769 021d 0A       		.uleb128 0xa
 5770 021e 0C       		.byte	0xc
 5771 021f 05       		.byte	0x5
 5772 0220 47       		.byte	0x47
 5773 0221 62020000 		.4byte	0x262
 5774 0225 0B       		.uleb128 0xb
 5775 0226 430A0000 		.4byte	.LASF58
 5776 022a 05       		.byte	0x5
 5777 022b 48       		.byte	0x48
 5778 022c 62020000 		.4byte	0x262
 5779 0230 00       		.byte	0
 5780 0231 0B       		.uleb128 0xb
 5781 0232 DE090000 		.4byte	.LASF59
 5782 0236 05       		.byte	0x5
 5783 0237 49       		.byte	0x49
 5784 0238 68020000 		.4byte	0x268
 5785 023c 04       		.byte	0x4
 5786 023d 0B       		.uleb128 0xb
 5787 023e F6040000 		.4byte	.LASF60
ARM GAS  C:\Users\91819\AppData\Local\Temp\ccy28JmR.s 			page 125


 5788 0242 05       		.byte	0x5
 5789 0243 4A       		.byte	0x4a
 5790 0244 2C000000 		.4byte	0x2c
 5791 0248 08       		.byte	0x8
 5792 0249 0B       		.uleb128 0xb
 5793 024a 00000000 		.4byte	.LASF61
 5794 024e 05       		.byte	0x5
 5795 024f 4A       		.byte	0x4a
 5796 0250 2C000000 		.4byte	0x2c
 5797 0254 09       		.byte	0x9
 5798 0255 0B       		.uleb128 0xb
 5799 0256 7F030000 		.4byte	.LASF62
 5800 025a 05       		.byte	0x5
 5801 025b 4B       		.byte	0x4b
 5802 025c 2C000000 		.4byte	0x2c
 5803 0260 0A       		.byte	0xa
 5804 0261 00       		.byte	0
 5805 0262 04       		.uleb128 0x4
 5806 0263 04       		.byte	0x4
 5807 0264 2C000000 		.4byte	0x2c
 5808 0268 04       		.uleb128 0x4
 5809 0269 04       		.byte	0x4
 5810 026a 12020000 		.4byte	0x212
 5811 026e 03       		.uleb128 0x3
 5812 026f 3B000000 		.4byte	.LASF63
 5813 0273 05       		.byte	0x5
 5814 0274 4C       		.byte	0x4c
 5815 0275 1D020000 		.4byte	0x21d
 5816 0279 06       		.uleb128 0x6
 5817 027a 01       		.byte	0x1
 5818 027b 37000000 		.4byte	0x37
 5819 027f 05       		.byte	0x5
 5820 0280 51       		.byte	0x51
 5821 0281 9E020000 		.4byte	0x29e
 5822 0285 07       		.uleb128 0x7
 5823 0286 58060000 		.4byte	.LASF64
 5824 028a 00       		.byte	0
 5825 028b 07       		.uleb128 0x7
 5826 028c A3050000 		.4byte	.LASF65
 5827 0290 01       		.byte	0x1
 5828 0291 07       		.uleb128 0x7
 5829 0292 B60A0000 		.4byte	.LASF66
 5830 0296 02       		.byte	0x2
 5831 0297 07       		.uleb128 0x7
 5832 0298 5C020000 		.4byte	.LASF67
 5833 029c 03       		.byte	0x3
 5834 029d 00       		.byte	0
 5835 029e 03       		.uleb128 0x3
 5836 029f 4D020000 		.4byte	.LASF68
 5837 02a3 05       		.byte	0x5
 5838 02a4 56       		.byte	0x56
 5839 02a5 79020000 		.4byte	0x279
 5840 02a9 06       		.uleb128 0x6
 5841 02aa 02       		.byte	0x2
 5842 02ab 50000000 		.4byte	0x50
 5843 02af 05       		.byte	0x5
 5844 02b0 5C       		.byte	0x5c
ARM GAS  C:\Users\91819\AppData\Local\Temp\ccy28JmR.s 			page 126


 5845 02b1 47030000 		.4byte	0x347
 5846 02b5 0C       		.uleb128 0xc
 5847 02b6 3E080000 		.4byte	.LASF69
 5848 02ba FFFF     		.2byte	0xffff
 5849 02bc 07       		.uleb128 0x7
 5850 02bd 8F000000 		.4byte	.LASF70
 5851 02c1 00       		.byte	0
 5852 02c2 0C       		.uleb128 0xc
 5853 02c3 99050000 		.4byte	.LASF71
 5854 02c7 00F8     		.2byte	0xf800
 5855 02c9 0C       		.uleb128 0xc
 5856 02ca 43090000 		.4byte	.LASF72
 5857 02ce 1FF8     		.2byte	0xf81f
 5858 02d0 0C       		.uleb128 0xc
 5859 02d1 D7070000 		.4byte	.LASF73
 5860 02d5 FF07     		.2byte	0x7ff
 5861 02d7 0C       		.uleb128 0xc
 5862 02d8 DB000000 		.4byte	.LASF74
 5863 02dc E0FF     		.2byte	0xffe0
 5864 02de 0D       		.uleb128 0xd
 5865 02df 52454400 		.ascii	"RED\000"
 5866 02e3 1F       		.byte	0x1f
 5867 02e4 0C       		.uleb128 0xc
 5868 02e5 EE040000 		.4byte	.LASF75
 5869 02e9 1FF8     		.2byte	0xf81f
 5870 02eb 0C       		.uleb128 0xc
 5871 02ec 26060000 		.4byte	.LASF76
 5872 02f0 E007     		.2byte	0x7e0
 5873 02f2 0C       		.uleb128 0xc
 5874 02f3 C20A0000 		.4byte	.LASF77
 5875 02f7 E0FF     		.2byte	0xffe0
 5876 02f9 0C       		.uleb128 0xc
 5877 02fa 1D070000 		.4byte	.LASF78
 5878 02fe FF07     		.2byte	0x7ff
 5879 0300 0C       		.uleb128 0xc
 5880 0301 25050000 		.4byte	.LASF79
 5881 0305 3D02     		.2byte	0x23d
 5882 0307 0C       		.uleb128 0xc
 5883 0308 1F050000 		.4byte	.LASF80
 5884 030c 3FE0     		.2byte	0xe03f
 5885 030e 0C       		.uleb128 0xc
 5886 030f 3E050000 		.4byte	.LASF81
 5887 0313 210C     		.2byte	0xc21
 5888 0315 0C       		.uleb128 0xc
 5889 0316 C6020000 		.4byte	.LASF82
 5890 031a 89F3     		.2byte	0xf389
 5891 031c 0C       		.uleb128 0xc
 5892 031d 2A020000 		.4byte	.LASF83
 5893 0321 BE3E     		.2byte	0x3ebe
 5894 0323 0C       		.uleb128 0xc
 5895 0324 AD0A0000 		.4byte	.LASF84
 5896 0328 2A1A     		.2byte	0x1a2a
 5897 032a 0C       		.uleb128 0xc
 5898 032b 00070000 		.4byte	.LASF85
 5899 032f 21F8     		.2byte	0xf821
 5900 0331 0C       		.uleb128 0xc
 5901 0332 47040000 		.4byte	.LASF86
ARM GAS  C:\Users\91819\AppData\Local\Temp\ccy28JmR.s 			page 127


 5902 0336 6318     		.2byte	0x1863
 5903 0338 0C       		.uleb128 0xc
 5904 0339 6B070000 		.4byte	.LASF87
 5905 033d 658A     		.2byte	0x8a65
 5906 033f 0C       		.uleb128 0xc
 5907 0340 CF040000 		.4byte	.LASF88
 5908 0344 D448     		.2byte	0x48d4
 5909 0346 00       		.byte	0
 5910 0347 06       		.uleb128 0x6
 5911 0348 01       		.byte	0x1
 5912 0349 37000000 		.4byte	0x37
 5913 034d 06       		.byte	0x6
 5914 034e 1D       		.byte	0x1d
 5915 034f 32040000 		.4byte	0x432
 5916 0353 07       		.uleb128 0x7
 5917 0354 07020000 		.4byte	.LASF89
 5918 0358 00       		.byte	0
 5919 0359 07       		.uleb128 0x7
 5920 035a 62090000 		.4byte	.LASF90
 5921 035e 01       		.byte	0x1
 5922 035f 07       		.uleb128 0x7
 5923 0360 5D080000 		.4byte	.LASF91
 5924 0364 04       		.byte	0x4
 5925 0365 07       		.uleb128 0x7
 5926 0366 12050000 		.4byte	.LASF92
 5927 036a 09       		.byte	0x9
 5928 036b 07       		.uleb128 0x7
 5929 036c 07090000 		.4byte	.LASF93
 5930 0370 10       		.byte	0x10
 5931 0371 07       		.uleb128 0x7
 5932 0372 88030000 		.4byte	.LASF94
 5933 0376 11       		.byte	0x11
 5934 0377 07       		.uleb128 0x7
 5935 0378 B3020000 		.4byte	.LASF95
 5936 037c 12       		.byte	0x12
 5937 037d 07       		.uleb128 0x7
 5938 037e C2040000 		.4byte	.LASF96
 5939 0382 13       		.byte	0x13
 5940 0383 07       		.uleb128 0x7
 5941 0384 B40B0000 		.4byte	.LASF97
 5942 0388 20       		.byte	0x20
 5943 0389 07       		.uleb128 0x7
 5944 038a 1D020000 		.4byte	.LASF98
 5945 038e 21       		.byte	0x21
 5946 038f 07       		.uleb128 0x7
 5947 0390 D6040000 		.4byte	.LASF99
 5948 0394 28       		.byte	0x28
 5949 0395 07       		.uleb128 0x7
 5950 0396 F90B0000 		.4byte	.LASF100
 5951 039a 29       		.byte	0x29
 5952 039b 07       		.uleb128 0x7
 5953 039c 5C0B0000 		.4byte	.LASF101
 5954 03a0 2A       		.byte	0x2a
 5955 03a1 07       		.uleb128 0x7
 5956 03a2 28080000 		.4byte	.LASF102
 5957 03a6 2B       		.byte	0x2b
 5958 03a7 07       		.uleb128 0x7
ARM GAS  C:\Users\91819\AppData\Local\Temp\ccy28JmR.s 			page 128


 5959 03a8 13060000 		.4byte	.LASF103
 5960 03ac 2C       		.byte	0x2c
 5961 03ad 07       		.uleb128 0x7
 5962 03ae EE010000 		.4byte	.LASF104
 5963 03b2 2E       		.byte	0x2e
 5964 03b3 07       		.uleb128 0x7
 5965 03b4 AC030000 		.4byte	.LASF105
 5966 03b8 30       		.byte	0x30
 5967 03b9 07       		.uleb128 0x7
 5968 03ba 1A000000 		.4byte	.LASF106
 5969 03be 3A       		.byte	0x3a
 5970 03bf 07       		.uleb128 0x7
 5971 03c0 A4080000 		.4byte	.LASF107
 5972 03c4 36       		.byte	0x36
 5973 03c5 07       		.uleb128 0x7
 5974 03c6 52030000 		.4byte	.LASF108
 5975 03ca B1       		.byte	0xb1
 5976 03cb 07       		.uleb128 0x7
 5977 03cc 61030000 		.4byte	.LASF109
 5978 03d0 B2       		.byte	0xb2
 5979 03d1 07       		.uleb128 0x7
 5980 03d2 70030000 		.4byte	.LASF110
 5981 03d6 B3       		.byte	0xb3
 5982 03d7 07       		.uleb128 0x7
 5983 03d8 D0010000 		.4byte	.LASF111
 5984 03dc B4       		.byte	0xb4
 5985 03dd 07       		.uleb128 0x7
 5986 03de E1060000 		.4byte	.LASF112
 5987 03e2 B6       		.byte	0xb6
 5988 03e3 07       		.uleb128 0x7
 5989 03e4 DD0A0000 		.4byte	.LASF113
 5990 03e8 C0       		.byte	0xc0
 5991 03e9 07       		.uleb128 0x7
 5992 03ea EB0A0000 		.4byte	.LASF114
 5993 03ee C1       		.byte	0xc1
 5994 03ef 07       		.uleb128 0x7
 5995 03f0 E1020000 		.4byte	.LASF115
 5996 03f4 C2       		.byte	0xc2
 5997 03f5 07       		.uleb128 0x7
 5998 03f6 F90A0000 		.4byte	.LASF116
 5999 03fa C3       		.byte	0xc3
 6000 03fb 07       		.uleb128 0x7
 6001 03fc 070B0000 		.4byte	.LASF117
 6002 0400 C4       		.byte	0xc4
 6003 0401 07       		.uleb128 0x7
 6004 0402 D20B0000 		.4byte	.LASF118
 6005 0406 C5       		.byte	0xc5
 6006 0407 07       		.uleb128 0x7
 6007 0408 8E040000 		.4byte	.LASF119
 6008 040c DA       		.byte	0xda
 6009 040d 07       		.uleb128 0x7
 6010 040e 9B040000 		.4byte	.LASF120
 6011 0412 DB       		.byte	0xdb
 6012 0413 07       		.uleb128 0x7
 6013 0414 A8040000 		.4byte	.LASF121
 6014 0418 DC       		.byte	0xdc
 6015 0419 07       		.uleb128 0x7
ARM GAS  C:\Users\91819\AppData\Local\Temp\ccy28JmR.s 			page 129


 6016 041a B5040000 		.4byte	.LASF122
 6017 041e DD       		.byte	0xdd
 6018 041f 07       		.uleb128 0x7
 6019 0420 150B0000 		.4byte	.LASF123
 6020 0424 FC       		.byte	0xfc
 6021 0425 07       		.uleb128 0x7
 6022 0426 A4020000 		.4byte	.LASF124
 6023 042a E0       		.byte	0xe0
 6024 042b 07       		.uleb128 0x7
 6025 042c E1000000 		.4byte	.LASF125
 6026 0430 E1       		.byte	0xe1
 6027 0431 00       		.byte	0
 6028 0432 06       		.uleb128 0x6
 6029 0433 01       		.byte	0x1
 6030 0434 37000000 		.4byte	0x37
 6031 0438 06       		.byte	0x6
 6032 0439 48       		.byte	0x48
 6033 043a 69040000 		.4byte	0x469
 6034 043e 07       		.uleb128 0x7
 6035 043f E5080000 		.4byte	.LASF126
 6036 0443 80       		.byte	0x80
 6037 0444 07       		.uleb128 0x7
 6038 0445 D4080000 		.4byte	.LASF127
 6039 0449 40       		.byte	0x40
 6040 044a 07       		.uleb128 0x7
 6041 044b C3080000 		.4byte	.LASF128
 6042 044f 20       		.byte	0x20
 6043 0450 07       		.uleb128 0x7
 6044 0451 93080000 		.4byte	.LASF129
 6045 0455 10       		.byte	0x10
 6046 0456 07       		.uleb128 0x7
 6047 0457 67060000 		.4byte	.LASF130
 6048 045b 08       		.byte	0x8
 6049 045c 07       		.uleb128 0x7
 6050 045d 82080000 		.4byte	.LASF131
 6051 0461 04       		.byte	0x4
 6052 0462 07       		.uleb128 0x7
 6053 0463 700A0000 		.4byte	.LASF132
 6054 0467 02       		.byte	0x2
 6055 0468 00       		.byte	0
 6056 0469 06       		.uleb128 0x6
 6057 046a 01       		.byte	0x1
 6058 046b 37000000 		.4byte	0x37
 6059 046f 01       		.byte	0x1
 6060 0470 50       		.byte	0x50
 6061 0471 88040000 		.4byte	0x488
 6062 0475 07       		.uleb128 0x7
 6063 0476 930B0000 		.4byte	.LASF133
 6064 047a 00       		.byte	0
 6065 047b 07       		.uleb128 0x7
 6066 047c E5040000 		.4byte	.LASF134
 6067 0480 01       		.byte	0x1
 6068 0481 07       		.uleb128 0x7
 6069 0482 84000000 		.4byte	.LASF135
 6070 0486 02       		.byte	0x2
 6071 0487 00       		.byte	0
 6072 0488 03       		.uleb128 0x3
ARM GAS  C:\Users\91819\AppData\Local\Temp\ccy28JmR.s 			page 130


 6073 0489 0C000000 		.4byte	.LASF136
 6074 048d 01       		.byte	0x1
 6075 048e 54       		.byte	0x54
 6076 048f 69040000 		.4byte	0x469
 6077 0493 0A       		.uleb128 0xa
 6078 0494 02       		.byte	0x2
 6079 0495 01       		.byte	0x1
 6080 0496 59       		.byte	0x59
 6081 0497 B3040000 		.4byte	0x4b3
 6082 049b 0E       		.uleb128 0xe
 6083 049c 444300   		.ascii	"DC\000"
 6084 049f 01       		.byte	0x1
 6085 04a0 5A       		.byte	0x5a
 6086 04a1 88040000 		.4byte	0x488
 6087 04a5 00       		.byte	0
 6088 04a6 0B       		.uleb128 0xb
 6089 04a7 6E040000 		.4byte	.LASF137
 6090 04ab 01       		.byte	0x1
 6091 04ac 5B       		.byte	0x5b
 6092 04ad 2C000000 		.4byte	0x2c
 6093 04b1 01       		.byte	0x1
 6094 04b2 00       		.byte	0
 6095 04b3 03       		.uleb128 0x3
 6096 04b4 60070000 		.4byte	.LASF138
 6097 04b8 01       		.byte	0x1
 6098 04b9 5C       		.byte	0x5c
 6099 04ba 93040000 		.4byte	0x493
 6100 04be 0A       		.uleb128 0xa
 6101 04bf CE       		.byte	0xce
 6102 04c0 01       		.byte	0x1
 6103 04c1 5E       		.byte	0x5e
 6104 04c2 F7040000 		.4byte	0x4f7
 6105 04c6 0B       		.uleb128 0xb
 6106 04c7 23090000 		.4byte	.LASF139
 6107 04cb 01       		.byte	0x1
 6108 04cc 5F       		.byte	0x5f
 6109 04cd 45000000 		.4byte	0x45
 6110 04d1 00       		.byte	0
 6111 04d2 0B       		.uleb128 0xb
 6112 04d3 3A060000 		.4byte	.LASF140
 6113 04d7 01       		.byte	0x1
 6114 04d8 60       		.byte	0x60
 6115 04d9 45000000 		.4byte	0x45
 6116 04dd 02       		.byte	0x2
 6117 04de 0B       		.uleb128 0xb
 6118 04df 40030000 		.4byte	.LASF141
 6119 04e3 01       		.byte	0x1
 6120 04e4 61       		.byte	0x61
 6121 04e5 45000000 		.4byte	0x45
 6122 04e9 04       		.byte	0x4
 6123 04ea 0B       		.uleb128 0xb
 6124 04eb AC000000 		.4byte	.LASF142
 6125 04ef 01       		.byte	0x1
 6126 04f0 62       		.byte	0x62
 6127 04f1 F7040000 		.4byte	0x4f7
 6128 04f5 06       		.byte	0x6
 6129 04f6 00       		.byte	0
ARM GAS  C:\Users\91819\AppData\Local\Temp\ccy28JmR.s 			page 131


 6130 04f7 0F       		.uleb128 0xf
 6131 04f8 B3040000 		.4byte	0x4b3
 6132 04fc 07050000 		.4byte	0x507
 6133 0500 10       		.uleb128 0x10
 6134 0501 88010000 		.4byte	0x188
 6135 0505 63       		.byte	0x63
 6136 0506 00       		.byte	0
 6137 0507 03       		.uleb128 0x3
 6138 0508 6D000000 		.4byte	.LASF143
 6139 050c 01       		.byte	0x1
 6140 050d 63       		.byte	0x63
 6141 050e BE040000 		.4byte	0x4be
 6142 0512 11       		.uleb128 0x11
 6143 0513 B6050000 		.4byte	.LASF153
 6144 0517 01       		.byte	0x1
 6145 0518 8901     		.2byte	0x189
 6146 051a 00000000 		.4byte	.LFB18
 6147 051e BC010000 		.4byte	.LFE18-.LFB18
 6148 0522 01       		.uleb128 0x1
 6149 0523 9C       		.byte	0x9c
 6150 0524 99060000 		.4byte	0x699
 6151 0528 12       		.uleb128 0x12
 6152 0529 6300     		.ascii	"c\000"
 6153 052b 01       		.byte	0x1
 6154 052c 8901     		.2byte	0x189
 6155 052e 8C000000 		.4byte	0x8c
 6156 0532 00000000 		.4byte	.LLST0
 6157 0536 12       		.uleb128 0x12
 6158 0537 7800     		.ascii	"x\000"
 6159 0539 01       		.byte	0x1
 6160 053a 8901     		.2byte	0x189
 6161 053c 99060000 		.4byte	0x699
 6162 0540 53000000 		.4byte	.LLST1
 6163 0544 12       		.uleb128 0x12
 6164 0545 7900     		.ascii	"y\000"
 6165 0547 01       		.byte	0x1
 6166 0548 8901     		.2byte	0x189
 6167 054a 99060000 		.4byte	0x699
 6168 054e 98000000 		.4byte	.LLST2
 6169 0552 13       		.uleb128 0x13
 6170 0553 CC0A0000 		.4byte	.LASF144
 6171 0557 01       		.byte	0x1
 6172 0558 8901     		.2byte	0x189
 6173 055a 99060000 		.4byte	0x699
 6174 055e D2000000 		.4byte	.LLST3
 6175 0562 13       		.uleb128 0x13
 6176 0563 9E050000 		.4byte	.LASF145
 6177 0567 01       		.byte	0x1
 6178 0568 8901     		.2byte	0x189
 6179 056a 99060000 		.4byte	0x699
 6180 056e 3E010000 		.4byte	.LLST4
 6181 0572 13       		.uleb128 0x13
 6182 0573 820B0000 		.4byte	.LASF146
 6183 0577 01       		.byte	0x1
 6184 0578 8901     		.2byte	0x189
 6185 057a 99060000 		.4byte	0x699
 6186 057e 6A010000 		.4byte	.LLST5
ARM GAS  C:\Users\91819\AppData\Local\Temp\ccy28JmR.s 			page 132


 6187 0582 13       		.uleb128 0x13
 6188 0583 870B0000 		.4byte	.LASF147
 6189 0587 01       		.byte	0x1
 6190 0588 8901     		.2byte	0x189
 6191 058a 99060000 		.4byte	0x699
 6192 058e 96010000 		.4byte	.LLST6
 6193 0592 14       		.uleb128 0x14
 6194 0593 2C000000 		.4byte	.LBB2
 6195 0597 DC000000 		.4byte	.LBE2-.LBB2
 6196 059b 70060000 		.4byte	0x670
 6197 059f 15       		.uleb128 0x15
 6198 05a0 F6040000 		.4byte	.LASF60
 6199 05a4 01       		.byte	0x1
 6200 05a5 9101     		.2byte	0x191
 6201 05a7 2C000000 		.4byte	0x2c
 6202 05ab C2010000 		.4byte	.LLST7
 6203 05af 15       		.uleb128 0x15
 6204 05b0 00000000 		.4byte	.LASF61
 6205 05b4 01       		.byte	0x1
 6206 05b5 9201     		.2byte	0x192
 6207 05b7 2C000000 		.4byte	0x2c
 6208 05bb E1010000 		.4byte	.LLST8
 6209 05bf 16       		.uleb128 0x16
 6210 05c0 3C000000 		.4byte	.LBB3
 6211 05c4 CC000000 		.4byte	.LBE3-.LBB3
 6212 05c8 15       		.uleb128 0x15
 6213 05c9 DE090000 		.4byte	.LASF59
 6214 05cd 01       		.byte	0x1
 6215 05ce 9401     		.2byte	0x194
 6216 05d0 68020000 		.4byte	0x268
 6217 05d4 00020000 		.4byte	.LLST9
 6218 05d8 17       		.uleb128 0x17
 6219 05d9 677700   		.ascii	"gw\000"
 6220 05dc 01       		.byte	0x1
 6221 05dd 9601     		.2byte	0x196
 6222 05df 2C000000 		.4byte	0x2c
 6223 05e3 13020000 		.4byte	.LLST10
 6224 05e7 17       		.uleb128 0x17
 6225 05e8 676800   		.ascii	"gh\000"
 6226 05eb 01       		.byte	0x1
 6227 05ec 9701     		.2byte	0x197
 6228 05ee 2C000000 		.4byte	0x2c
 6229 05f2 26020000 		.4byte	.LLST11
 6230 05f6 17       		.uleb128 0x17
 6231 05f7 786100   		.ascii	"xa\000"
 6232 05fa 01       		.byte	0x1
 6233 05fb 9801     		.2byte	0x198
 6234 05fd 2C000000 		.4byte	0x2c
 6235 0601 39020000 		.4byte	.LLST12
 6236 0605 17       		.uleb128 0x17
 6237 0606 786F00   		.ascii	"xo\000"
 6238 0609 01       		.byte	0x1
 6239 060a 9901     		.2byte	0x199
 6240 060c 95010000 		.4byte	0x195
 6241 0610 4C020000 		.4byte	.LLST13
 6242 0614 17       		.uleb128 0x17
 6243 0615 796F00   		.ascii	"yo\000"
ARM GAS  C:\Users\91819\AppData\Local\Temp\ccy28JmR.s 			page 133


 6244 0618 01       		.byte	0x1
 6245 0619 9A01     		.2byte	0x19a
 6246 061b 95010000 		.4byte	0x195
 6247 061f 5F020000 		.4byte	.LLST14
 6248 0623 17       		.uleb128 0x17
 6249 0624 747300   		.ascii	"ts\000"
 6250 0627 01       		.byte	0x1
 6251 0628 9F01     		.2byte	0x19f
 6252 062a A0010000 		.4byte	0x1a0
 6253 062e 72020000 		.4byte	.LLST15
 6254 0632 17       		.uleb128 0x17
 6255 0633 783100   		.ascii	"x1\000"
 6256 0636 01       		.byte	0x1
 6257 0637 A001     		.2byte	0x1a0
 6258 0639 A0010000 		.4byte	0x1a0
 6259 063d 8F020000 		.4byte	.LLST16
 6260 0641 17       		.uleb128 0x17
 6261 0642 793100   		.ascii	"y1\000"
 6262 0645 01       		.byte	0x1
 6263 0646 A101     		.2byte	0x1a1
 6264 0648 A0010000 		.4byte	0x1a0
 6265 064c A2020000 		.4byte	.LLST17
 6266 0650 17       		.uleb128 0x17
 6267 0651 783200   		.ascii	"x2\000"
 6268 0654 01       		.byte	0x1
 6269 0655 A201     		.2byte	0x1a2
 6270 0657 A0010000 		.4byte	0x1a0
 6271 065b B5020000 		.4byte	.LLST18
 6272 065f 17       		.uleb128 0x17
 6273 0660 793200   		.ascii	"y2\000"
 6274 0663 01       		.byte	0x1
 6275 0664 A301     		.2byte	0x1a3
 6276 0666 A0010000 		.4byte	0x1a0
 6277 066a C8020000 		.4byte	.LLST19
 6278 066e 00       		.byte	0
 6279 066f 00       		.byte	0
 6280 0670 16       		.uleb128 0x16
 6281 0671 24010000 		.4byte	.LBB4
 6282 0675 98000000 		.4byte	.LBE4-.LBB4
 6283 0679 17       		.uleb128 0x17
 6284 067a 783200   		.ascii	"x2\000"
 6285 067d 01       		.byte	0x1
 6286 067e B701     		.2byte	0x1b7
 6287 0680 73010000 		.4byte	0x173
 6288 0684 DB020000 		.4byte	.LLST20
 6289 0688 17       		.uleb128 0x17
 6290 0689 793200   		.ascii	"y2\000"
 6291 068c 01       		.byte	0x1
 6292 068d B801     		.2byte	0x1b8
 6293 068f 73010000 		.4byte	0x173
 6294 0693 EE020000 		.4byte	.LLST21
 6295 0697 00       		.byte	0
 6296 0698 00       		.byte	0
 6297 0699 04       		.uleb128 0x4
 6298 069a 04       		.byte	0x4
 6299 069b A0010000 		.4byte	0x1a0
 6300 069f 18       		.uleb128 0x18
ARM GAS  C:\Users\91819\AppData\Local\Temp\ccy28JmR.s 			page 134


 6301 06a0 C0090000 		.4byte	.LASF155
 6302 06a4 01       		.byte	0x1
 6303 06a5 8B       		.byte	0x8b
 6304 06a6 00000000 		.4byte	.LFB1
 6305 06aa 58000000 		.4byte	.LFE1-.LFB1
 6306 06ae 01       		.uleb128 0x1
 6307 06af 9C       		.byte	0x9c
 6308 06b0 1F070000 		.4byte	0x71f
 6309 06b4 19       		.uleb128 0x19
 6310 06b5 28090000 		.4byte	.LASF148
 6311 06b9 01       		.byte	0x1
 6312 06ba 92       		.byte	0x92
 6313 06bb 1F070000 		.4byte	0x71f
 6314 06bf 01030000 		.4byte	.LLST22
 6315 06c3 1A       		.uleb128 0x1a
 6316 06c4 E00B0000 		.4byte	.LASF149
 6317 06c8 01       		.byte	0x1
 6318 06c9 A5       		.byte	0xa5
 6319 06ca 73010000 		.4byte	0x173
 6320 06ce D4060000 		.4byte	0x6d4
 6321 06d2 1B       		.uleb128 0x1b
 6322 06d3 00       		.byte	0
 6323 06d4 14       		.uleb128 0x14
 6324 06d5 32000000 		.4byte	.LBB5
 6325 06d9 0E000000 		.4byte	.LBE5-.LBB5
 6326 06dd 15070000 		.4byte	0x715
 6327 06e1 1A       		.uleb128 0x1a
 6328 06e2 820A0000 		.4byte	.LASF150
 6329 06e6 01       		.byte	0x1
 6330 06e7 9B       		.byte	0x9b
 6331 06e8 73010000 		.4byte	0x173
 6332 06ec F2060000 		.4byte	0x6f2
 6333 06f0 1B       		.uleb128 0x1b
 6334 06f1 00       		.byte	0
 6335 06f2 1C       		.uleb128 0x1c
 6336 06f3 38000000 		.4byte	.LVL39
 6337 06f7 02270000 		.4byte	0x2702
 6338 06fb 05070000 		.4byte	0x705
 6339 06ff 1D       		.uleb128 0x1d
 6340 0700 01       		.uleb128 0x1
 6341 0701 50       		.byte	0x50
 6342 0702 01       		.uleb128 0x1
 6343 0703 30       		.byte	0x30
 6344 0704 00       		.byte	0
 6345 0705 1E       		.uleb128 0x1e
 6346 0706 40000000 		.4byte	.LVL40
 6347 070a 02270000 		.4byte	0x2702
 6348 070e 1D       		.uleb128 0x1d
 6349 070f 01       		.uleb128 0x1
 6350 0710 50       		.byte	0x50
 6351 0711 01       		.uleb128 0x1
 6352 0712 31       		.byte	0x31
 6353 0713 00       		.byte	0
 6354 0714 00       		.byte	0
 6355 0715 1F       		.uleb128 0x1f
 6356 0716 4C000000 		.4byte	.LVL42
 6357 071a 0D270000 		.4byte	0x270d
ARM GAS  C:\Users\91819\AppData\Local\Temp\ccy28JmR.s 			page 135


 6358 071e 00       		.byte	0
 6359 071f 04       		.uleb128 0x4
 6360 0720 04       		.byte	0x4
 6361 0721 B3040000 		.4byte	0x4b3
 6362 0725 20       		.uleb128 0x20
 6363 0726 95060000 		.4byte	.LASF242
 6364 072a 01       		.byte	0x1
 6365 072b A8       		.byte	0xa8
 6366 072c 47010000 		.4byte	0x147
 6367 0730 00000000 		.4byte	.LFB2
 6368 0734 60000000 		.4byte	.LFE2-.LFB2
 6369 0738 01       		.uleb128 0x1
 6370 0739 9C       		.byte	0x9c
 6371 073a A1070000 		.4byte	0x7a1
 6372 073e 21       		.uleb128 0x21
 6373 073f 130A0000 		.4byte	.LASF151
 6374 0743 01       		.byte	0x1
 6375 0744 A8       		.byte	0xa8
 6376 0745 88040000 		.4byte	0x488
 6377 0749 1E030000 		.4byte	.LLST23
 6378 074d 21       		.uleb128 0x21
 6379 074e 6E040000 		.4byte	.LASF137
 6380 0752 01       		.byte	0x1
 6381 0753 A8       		.byte	0xa8
 6382 0754 2C000000 		.4byte	0x2c
 6383 0758 8D030000 		.4byte	.LLST24
 6384 075c 14       		.uleb128 0x14
 6385 075d 0A000000 		.4byte	.LBB6
 6386 0761 0E000000 		.4byte	.LBE6-.LBB6
 6387 0765 97070000 		.4byte	0x797
 6388 0769 1A       		.uleb128 0x1a
 6389 076a 40060000 		.4byte	.LASF152
 6390 076e 01       		.byte	0x1
 6391 076f AD       		.byte	0xad
 6392 0770 73010000 		.4byte	0x173
 6393 0774 7A070000 		.4byte	0x77a
 6394 0778 1B       		.uleb128 0x1b
 6395 0779 00       		.byte	0
 6396 077a 1E       		.uleb128 0x1e
 6397 077b 12000000 		.4byte	.LVL46
 6398 077f 18270000 		.4byte	0x2718
 6399 0783 1D       		.uleb128 0x1d
 6400 0784 01       		.uleb128 0x1
 6401 0785 50       		.byte	0x50
 6402 0786 05       		.uleb128 0x5
 6403 0787 03       		.byte	0x3
 6404 0788 10000000 		.4byte	.LC1
 6405 078c 1D       		.uleb128 0x1d
 6406 078d 01       		.uleb128 0x1
 6407 078e 51       		.byte	0x51
 6408 078f 05       		.uleb128 0x5
 6409 0790 03       		.byte	0x3
 6410 0791 00000000 		.4byte	.LC0
 6411 0795 00       		.byte	0
 6412 0796 00       		.byte	0
 6413 0797 1F       		.uleb128 0x1f
 6414 0798 46000000 		.4byte	.LVL50
ARM GAS  C:\Users\91819\AppData\Local\Temp\ccy28JmR.s 			page 136


 6415 079c 9F060000 		.4byte	0x69f
 6416 07a0 00       		.byte	0
 6417 07a1 11       		.uleb128 0x11
 6418 07a2 6F010000 		.4byte	.LASF154
 6419 07a6 01       		.byte	0x1
 6420 07a7 0901     		.2byte	0x109
 6421 07a9 00000000 		.4byte	.LFB6
 6422 07ad 88000000 		.4byte	.LFE6-.LFB6
 6423 07b1 01       		.uleb128 0x1
 6424 07b2 9C       		.byte	0x9c
 6425 07b3 E7080000 		.4byte	0x8e7
 6426 07b7 12       		.uleb128 0x12
 6427 07b8 783000   		.ascii	"x0\000"
 6428 07bb 01       		.byte	0x1
 6429 07bc 0901     		.2byte	0x109
 6430 07be 2C000000 		.4byte	0x2c
 6431 07c2 FC030000 		.4byte	.LLST25
 6432 07c6 12       		.uleb128 0x12
 6433 07c7 793000   		.ascii	"y0\000"
 6434 07ca 01       		.byte	0x1
 6435 07cb 0901     		.2byte	0x109
 6436 07cd 2C000000 		.4byte	0x2c
 6437 07d1 1D040000 		.4byte	.LLST26
 6438 07d5 12       		.uleb128 0x12
 6439 07d6 783100   		.ascii	"x1\000"
 6440 07d9 01       		.byte	0x1
 6441 07da 0901     		.2byte	0x109
 6442 07dc 2C000000 		.4byte	0x2c
 6443 07e0 3E040000 		.4byte	.LLST27
 6444 07e4 12       		.uleb128 0x12
 6445 07e5 793100   		.ascii	"y1\000"
 6446 07e8 01       		.byte	0x1
 6447 07e9 0901     		.2byte	0x109
 6448 07eb 2C000000 		.4byte	0x2c
 6449 07ef 5F040000 		.4byte	.LLST28
 6450 07f3 1C       		.uleb128 0x1c
 6451 07f4 14000000 		.4byte	.LVL56
 6452 07f8 25070000 		.4byte	0x725
 6453 07fc 0C080000 		.4byte	0x80c
 6454 0800 1D       		.uleb128 0x1d
 6455 0801 01       		.uleb128 0x1
 6456 0802 50       		.byte	0x50
 6457 0803 01       		.uleb128 0x1
 6458 0804 30       		.byte	0x30
 6459 0805 1D       		.uleb128 0x1d
 6460 0806 01       		.uleb128 0x1
 6461 0807 51       		.byte	0x51
 6462 0808 02       		.uleb128 0x2
 6463 0809 08       		.byte	0x8
 6464 080a 2A       		.byte	0x2a
 6465 080b 00       		.byte	0
 6466 080c 1C       		.uleb128 0x1c
 6467 080d 1C000000 		.4byte	.LVL57
 6468 0811 25070000 		.4byte	0x725
 6469 0815 24080000 		.4byte	0x824
 6470 0819 1D       		.uleb128 0x1d
 6471 081a 01       		.uleb128 0x1
ARM GAS  C:\Users\91819\AppData\Local\Temp\ccy28JmR.s 			page 137


 6472 081b 50       		.byte	0x50
 6473 081c 01       		.uleb128 0x1
 6474 081d 31       		.byte	0x31
 6475 081e 1D       		.uleb128 0x1d
 6476 081f 01       		.uleb128 0x1
 6477 0820 51       		.byte	0x51
 6478 0821 01       		.uleb128 0x1
 6479 0822 30       		.byte	0x30
 6480 0823 00       		.byte	0
 6481 0824 1C       		.uleb128 0x1c
 6482 0825 2C000000 		.4byte	.LVL58
 6483 0829 25070000 		.4byte	0x725
 6484 082d 37080000 		.4byte	0x837
 6485 0831 1D       		.uleb128 0x1d
 6486 0832 01       		.uleb128 0x1
 6487 0833 50       		.byte	0x50
 6488 0834 01       		.uleb128 0x1
 6489 0835 31       		.byte	0x31
 6490 0836 00       		.byte	0
 6491 0837 1C       		.uleb128 0x1c
 6492 0838 34000000 		.4byte	.LVL59
 6493 083c 25070000 		.4byte	0x725
 6494 0840 4F080000 		.4byte	0x84f
 6495 0844 1D       		.uleb128 0x1d
 6496 0845 01       		.uleb128 0x1
 6497 0846 50       		.byte	0x50
 6498 0847 01       		.uleb128 0x1
 6499 0848 31       		.byte	0x31
 6500 0849 1D       		.uleb128 0x1d
 6501 084a 01       		.uleb128 0x1
 6502 084b 51       		.byte	0x51
 6503 084c 01       		.uleb128 0x1
 6504 084d 30       		.byte	0x30
 6505 084e 00       		.byte	0
 6506 084f 1C       		.uleb128 0x1c
 6507 0850 42000000 		.4byte	.LVL60
 6508 0854 25070000 		.4byte	0x725
 6509 0858 62080000 		.4byte	0x862
 6510 085c 1D       		.uleb128 0x1d
 6511 085d 01       		.uleb128 0x1
 6512 085e 50       		.byte	0x50
 6513 085f 01       		.uleb128 0x1
 6514 0860 31       		.byte	0x31
 6515 0861 00       		.byte	0
 6516 0862 1C       		.uleb128 0x1c
 6517 0863 4A000000 		.4byte	.LVL61
 6518 0867 25070000 		.4byte	0x725
 6519 086b 7B080000 		.4byte	0x87b
 6520 086f 1D       		.uleb128 0x1d
 6521 0870 01       		.uleb128 0x1
 6522 0871 50       		.byte	0x50
 6523 0872 01       		.uleb128 0x1
 6524 0873 30       		.byte	0x30
 6525 0874 1D       		.uleb128 0x1d
 6526 0875 01       		.uleb128 0x1
 6527 0876 51       		.byte	0x51
 6528 0877 02       		.uleb128 0x2
ARM GAS  C:\Users\91819\AppData\Local\Temp\ccy28JmR.s 			page 138


 6529 0878 08       		.byte	0x8
 6530 0879 2B       		.byte	0x2b
 6531 087a 00       		.byte	0
 6532 087b 1C       		.uleb128 0x1c
 6533 087c 52000000 		.4byte	.LVL62
 6534 0880 25070000 		.4byte	0x725
 6535 0884 93080000 		.4byte	0x893
 6536 0888 1D       		.uleb128 0x1d
 6537 0889 01       		.uleb128 0x1
 6538 088a 50       		.byte	0x50
 6539 088b 01       		.uleb128 0x1
 6540 088c 31       		.byte	0x31
 6541 088d 1D       		.uleb128 0x1d
 6542 088e 01       		.uleb128 0x1
 6543 088f 51       		.byte	0x51
 6544 0890 01       		.uleb128 0x1
 6545 0891 30       		.byte	0x30
 6546 0892 00       		.byte	0
 6547 0893 1C       		.uleb128 0x1c
 6548 0894 60000000 		.4byte	.LVL63
 6549 0898 25070000 		.4byte	0x725
 6550 089c A6080000 		.4byte	0x8a6
 6551 08a0 1D       		.uleb128 0x1d
 6552 08a1 01       		.uleb128 0x1
 6553 08a2 50       		.byte	0x50
 6554 08a3 01       		.uleb128 0x1
 6555 08a4 31       		.byte	0x31
 6556 08a5 00       		.byte	0
 6557 08a6 1C       		.uleb128 0x1c
 6558 08a7 68000000 		.4byte	.LVL64
 6559 08ab 25070000 		.4byte	0x725
 6560 08af BE080000 		.4byte	0x8be
 6561 08b3 1D       		.uleb128 0x1d
 6562 08b4 01       		.uleb128 0x1
 6563 08b5 50       		.byte	0x50
 6564 08b6 01       		.uleb128 0x1
 6565 08b7 31       		.byte	0x31
 6566 08b8 1D       		.uleb128 0x1d
 6567 08b9 01       		.uleb128 0x1
 6568 08ba 51       		.byte	0x51
 6569 08bb 01       		.uleb128 0x1
 6570 08bc 30       		.byte	0x30
 6571 08bd 00       		.byte	0
 6572 08be 1C       		.uleb128 0x1c
 6573 08bf 76000000 		.4byte	.LVL65
 6574 08c3 25070000 		.4byte	0x725
 6575 08c7 D1080000 		.4byte	0x8d1
 6576 08cb 1D       		.uleb128 0x1d
 6577 08cc 01       		.uleb128 0x1
 6578 08cd 50       		.byte	0x50
 6579 08ce 01       		.uleb128 0x1
 6580 08cf 31       		.byte	0x31
 6581 08d0 00       		.byte	0
 6582 08d1 1E       		.uleb128 0x1e
 6583 08d2 7E000000 		.4byte	.LVL66
 6584 08d6 25070000 		.4byte	0x725
 6585 08da 1D       		.uleb128 0x1d
ARM GAS  C:\Users\91819\AppData\Local\Temp\ccy28JmR.s 			page 139


 6586 08db 01       		.uleb128 0x1
 6587 08dc 50       		.byte	0x50
 6588 08dd 01       		.uleb128 0x1
 6589 08de 30       		.byte	0x30
 6590 08df 1D       		.uleb128 0x1d
 6591 08e0 01       		.uleb128 0x1
 6592 08e1 51       		.byte	0x51
 6593 08e2 02       		.uleb128 0x2
 6594 08e3 08       		.byte	0x8
 6595 08e4 2C       		.byte	0x2c
 6596 08e5 00       		.byte	0
 6597 08e6 00       		.byte	0
 6598 08e7 18       		.uleb128 0x18
 6599 08e8 01050000 		.4byte	.LASF156
 6600 08ec 01       		.byte	0x1
 6601 08ed FF       		.byte	0xff
 6602 08ee 00000000 		.4byte	.LFB4
 6603 08f2 0E000000 		.4byte	.LFE4-.LFB4
 6604 08f6 01       		.uleb128 0x1
 6605 08f7 9C       		.byte	0x9c
 6606 08f8 24090000 		.4byte	0x924
 6607 08fc 22       		.uleb128 0x22
 6608 08fd 6200     		.ascii	"b\000"
 6609 08ff 01       		.byte	0x1
 6610 0900 FF       		.byte	0xff
 6611 0901 2C000000 		.4byte	0x2c
 6612 0905 80040000 		.4byte	.LLST29
 6613 0909 1A       		.uleb128 0x1a
 6614 090a 25030000 		.4byte	.LASF157
 6615 090e 01       		.byte	0x1
 6616 090f FC       		.byte	0xfc
 6617 0910 73010000 		.4byte	0x173
 6618 0914 1A090000 		.4byte	0x91a
 6619 0918 1B       		.uleb128 0x1b
 6620 0919 00       		.byte	0
 6621 091a 1F       		.uleb128 0x1f
 6622 091b 0C000000 		.4byte	.LVL69
 6623 091f 23270000 		.4byte	0x2723
 6624 0923 00       		.byte	0
 6625 0924 23       		.uleb128 0x23
 6626 0925 4B010000 		.4byte	.LASF158
 6627 0929 01       		.byte	0x1
 6628 092a 0501     		.2byte	0x105
 6629 092c 2C000000 		.4byte	0x2c
 6630 0930 00000000 		.4byte	.LFB5
 6631 0934 0A000000 		.4byte	.LFE5-.LFB5
 6632 0938 01       		.uleb128 0x1
 6633 0939 9C       		.byte	0x9c
 6634 093a 5A090000 		.4byte	0x95a
 6635 093e 24       		.uleb128 0x24
 6636 093f F4050000 		.4byte	.LASF159
 6637 0943 01       		.byte	0x1
 6638 0944 0601     		.2byte	0x106
 6639 0946 73010000 		.4byte	0x173
 6640 094a 50090000 		.4byte	0x950
 6641 094e 1B       		.uleb128 0x1b
 6642 094f 00       		.byte	0
ARM GAS  C:\Users\91819\AppData\Local\Temp\ccy28JmR.s 			page 140


 6643 0950 1F       		.uleb128 0x1f
 6644 0951 06000000 		.4byte	.LVL70
 6645 0955 2E270000 		.4byte	0x272e
 6646 0959 00       		.byte	0
 6647 095a 25       		.uleb128 0x25
 6648 095b A40B0000 		.4byte	.LASF160
 6649 095f 01       		.byte	0x1
 6650 0960 1A01     		.2byte	0x11a
 6651 0962 00000000 		.4byte	.LFB7
 6652 0966 C0000000 		.4byte	.LFE7-.LFB7
 6653 096a 01       		.uleb128 0x1
 6654 096b 9C       		.byte	0x9c
 6655 096c F7090000 		.4byte	0x9f7
 6656 0970 12       		.uleb128 0x12
 6657 0971 6D00     		.ascii	"m\000"
 6658 0973 01       		.byte	0x1
 6659 0974 1A01     		.2byte	0x11a
 6660 0976 9E020000 		.4byte	0x29e
 6661 097a 9E040000 		.4byte	.LLST30
 6662 097e 1C       		.uleb128 0x1c
 6663 097f 0C000000 		.4byte	.LVL73
 6664 0983 25070000 		.4byte	0x725
 6665 0987 97090000 		.4byte	0x997
 6666 098b 1D       		.uleb128 0x1d
 6667 098c 01       		.uleb128 0x1
 6668 098d 50       		.byte	0x50
 6669 098e 01       		.uleb128 0x1
 6670 098f 30       		.byte	0x30
 6671 0990 1D       		.uleb128 0x1d
 6672 0991 01       		.uleb128 0x1
 6673 0992 51       		.byte	0x51
 6674 0993 02       		.uleb128 0x2
 6675 0994 08       		.byte	0x8
 6676 0995 36       		.byte	0x36
 6677 0996 00       		.byte	0
 6678 0997 1C       		.uleb128 0x1c
 6679 0998 2A000000 		.4byte	.LVL74
 6680 099c 25070000 		.4byte	0x725
 6681 09a0 B0090000 		.4byte	0x9b0
 6682 09a4 1D       		.uleb128 0x1d
 6683 09a5 01       		.uleb128 0x1
 6684 09a6 50       		.byte	0x50
 6685 09a7 01       		.uleb128 0x1
 6686 09a8 31       		.byte	0x31
 6687 09a9 1D       		.uleb128 0x1d
 6688 09aa 01       		.uleb128 0x1
 6689 09ab 51       		.byte	0x51
 6690 09ac 02       		.uleb128 0x2
 6691 09ad 09       		.byte	0x9
 6692 09ae C2       		.byte	0xc2
 6693 09af 00       		.byte	0
 6694 09b0 1C       		.uleb128 0x1c
 6695 09b1 50000000 		.4byte	.LVL75
 6696 09b5 25070000 		.4byte	0x725
 6697 09b9 C9090000 		.4byte	0x9c9
 6698 09bd 1D       		.uleb128 0x1d
 6699 09be 01       		.uleb128 0x1
ARM GAS  C:\Users\91819\AppData\Local\Temp\ccy28JmR.s 			page 141


 6700 09bf 50       		.byte	0x50
 6701 09c0 01       		.uleb128 0x1
 6702 09c1 31       		.byte	0x31
 6703 09c2 1D       		.uleb128 0x1d
 6704 09c3 01       		.uleb128 0x1
 6705 09c4 51       		.byte	0x51
 6706 09c5 02       		.uleb128 0x2
 6707 09c6 09       		.byte	0x9
 6708 09c7 A2       		.byte	0xa2
 6709 09c8 00       		.byte	0
 6710 09c9 1C       		.uleb128 0x1c
 6711 09ca 76000000 		.4byte	.LVL76
 6712 09ce 25070000 		.4byte	0x725
 6713 09d2 E1090000 		.4byte	0x9e1
 6714 09d6 1D       		.uleb128 0x1d
 6715 09d7 01       		.uleb128 0x1
 6716 09d8 50       		.byte	0x50
 6717 09d9 01       		.uleb128 0x1
 6718 09da 31       		.byte	0x31
 6719 09db 1D       		.uleb128 0x1d
 6720 09dc 01       		.uleb128 0x1
 6721 09dd 51       		.byte	0x51
 6722 09de 01       		.uleb128 0x1
 6723 09df 38       		.byte	0x38
 6724 09e0 00       		.byte	0
 6725 09e1 1E       		.uleb128 0x1e
 6726 09e2 9C000000 		.4byte	.LVL77
 6727 09e6 25070000 		.4byte	0x725
 6728 09ea 1D       		.uleb128 0x1d
 6729 09eb 01       		.uleb128 0x1
 6730 09ec 50       		.byte	0x50
 6731 09ed 01       		.uleb128 0x1
 6732 09ee 31       		.byte	0x31
 6733 09ef 1D       		.uleb128 0x1d
 6734 09f0 01       		.uleb128 0x1
 6735 09f1 51       		.byte	0x51
 6736 09f2 02       		.uleb128 0x2
 6737 09f3 08       		.byte	0x8
 6738 09f4 62       		.byte	0x62
 6739 09f5 00       		.byte	0
 6740 09f6 00       		.byte	0
 6741 09f7 25       		.uleb128 0x25
 6742 09f8 96030000 		.4byte	.LASF161
 6743 09fc 01       		.byte	0x1
 6744 09fd 4101     		.2byte	0x141
 6745 09ff 00000000 		.4byte	.LFB8
 6746 0a03 10000000 		.4byte	.LFE8-.LFB8
 6747 0a07 01       		.uleb128 0x1
 6748 0a08 9C       		.byte	0x9c
 6749 0a09 260A0000 		.4byte	0xa26
 6750 0a0d 26       		.uleb128 0x26
 6751 0a0e 7800     		.ascii	"x\000"
 6752 0a10 01       		.byte	0x1
 6753 0a11 4101     		.2byte	0x141
 6754 0a13 A0010000 		.4byte	0x1a0
 6755 0a17 01       		.uleb128 0x1
 6756 0a18 50       		.byte	0x50
ARM GAS  C:\Users\91819\AppData\Local\Temp\ccy28JmR.s 			page 142


 6757 0a19 26       		.uleb128 0x26
 6758 0a1a 7900     		.ascii	"y\000"
 6759 0a1c 01       		.byte	0x1
 6760 0a1d 4101     		.2byte	0x141
 6761 0a1f A0010000 		.4byte	0x1a0
 6762 0a23 01       		.uleb128 0x1
 6763 0a24 51       		.byte	0x51
 6764 0a25 00       		.byte	0
 6765 0a26 25       		.uleb128 0x25
 6766 0a27 B8070000 		.4byte	.LASF162
 6767 0a2b 01       		.byte	0x1
 6768 0a2c 4601     		.2byte	0x146
 6769 0a2e 00000000 		.4byte	.LFB9
 6770 0a32 0C000000 		.4byte	.LFE9-.LFB9
 6771 0a36 01       		.uleb128 0x1
 6772 0a37 9C       		.byte	0x9c
 6773 0a38 490A0000 		.4byte	0xa49
 6774 0a3c 26       		.uleb128 0x26
 6775 0a3d 6300     		.ascii	"c\000"
 6776 0a3f 01       		.byte	0x1
 6777 0a40 4601     		.2byte	0x146
 6778 0a42 45000000 		.4byte	0x45
 6779 0a46 01       		.uleb128 0x1
 6780 0a47 50       		.byte	0x50
 6781 0a48 00       		.byte	0
 6782 0a49 25       		.uleb128 0x25
 6783 0a4a D1090000 		.4byte	.LASF163
 6784 0a4e 01       		.byte	0x1
 6785 0a4f 4A01     		.2byte	0x14a
 6786 0a51 00000000 		.4byte	.LFB10
 6787 0a55 10000000 		.4byte	.LFE10-.LFB10
 6788 0a59 01       		.uleb128 0x1
 6789 0a5a 9C       		.byte	0x9c
 6790 0a5b 6C0A0000 		.4byte	0xa6c
 6791 0a5f 26       		.uleb128 0x26
 6792 0a60 6300     		.ascii	"c\000"
 6793 0a62 01       		.byte	0x1
 6794 0a63 4A01     		.2byte	0x14a
 6795 0a65 45000000 		.4byte	0x45
 6796 0a69 01       		.uleb128 0x1
 6797 0a6a 50       		.byte	0x50
 6798 0a6b 00       		.byte	0
 6799 0a6c 25       		.uleb128 0x25
 6800 0a6d 2B070000 		.4byte	.LASF164
 6801 0a71 01       		.byte	0x1
 6802 0a72 5001     		.2byte	0x150
 6803 0a74 00000000 		.4byte	.LFB11
 6804 0a78 10000000 		.4byte	.LFE11-.LFB11
 6805 0a7c 01       		.uleb128 0x1
 6806 0a7d 9C       		.byte	0x9c
 6807 0a7e 9B0A0000 		.4byte	0xa9b
 6808 0a82 26       		.uleb128 0x26
 6809 0a83 6300     		.ascii	"c\000"
 6810 0a85 01       		.byte	0x1
 6811 0a86 5001     		.2byte	0x150
 6812 0a88 45000000 		.4byte	0x45
 6813 0a8c 01       		.uleb128 0x1
ARM GAS  C:\Users\91819\AppData\Local\Temp\ccy28JmR.s 			page 143


 6814 0a8d 50       		.byte	0x50
 6815 0a8e 26       		.uleb128 0x26
 6816 0a8f 6200     		.ascii	"b\000"
 6817 0a91 01       		.byte	0x1
 6818 0a92 5001     		.2byte	0x150
 6819 0a94 45000000 		.4byte	0x45
 6820 0a98 01       		.uleb128 0x1
 6821 0a99 51       		.byte	0x51
 6822 0a9a 00       		.byte	0
 6823 0a9b 27       		.uleb128 0x27
 6824 0a9c 71090000 		.4byte	.LASF165
 6825 0aa0 01       		.byte	0x1
 6826 0aa1 5601     		.2byte	0x156
 6827 0aa3 B6010000 		.4byte	0x1b6
 6828 0aa7 00000000 		.4byte	.LFB12
 6829 0aab 0C000000 		.4byte	.LFE12-.LFB12
 6830 0aaf 01       		.uleb128 0x1
 6831 0ab0 9C       		.byte	0x9c
 6832 0ab1 27       		.uleb128 0x27
 6833 0ab2 8A070000 		.4byte	.LASF166
 6834 0ab6 01       		.byte	0x1
 6835 0ab7 5801     		.2byte	0x158
 6836 0ab9 B6010000 		.4byte	0x1b6
 6837 0abd 00000000 		.4byte	.LFB13
 6838 0ac1 0C000000 		.4byte	.LFE13-.LFB13
 6839 0ac5 01       		.uleb128 0x1
 6840 0ac6 9C       		.byte	0x9c
 6841 0ac7 25       		.uleb128 0x25
 6842 0ac8 EE090000 		.4byte	.LASF167
 6843 0acc 01       		.byte	0x1
 6844 0acd 5B01     		.2byte	0x15b
 6845 0acf 00000000 		.4byte	.LFB14
 6846 0ad3 0C000000 		.4byte	.LFE14-.LFB14
 6847 0ad7 01       		.uleb128 0x1
 6848 0ad8 9C       		.byte	0x9c
 6849 0ad9 EA0A0000 		.4byte	0xaea
 6850 0add 26       		.uleb128 0x26
 6851 0ade 7700     		.ascii	"w\000"
 6852 0ae0 01       		.byte	0x1
 6853 0ae1 5B01     		.2byte	0x15b
 6854 0ae3 81000000 		.4byte	0x81
 6855 0ae7 01       		.uleb128 0x1
 6856 0ae8 50       		.byte	0x50
 6857 0ae9 00       		.byte	0
 6858 0aea 25       		.uleb128 0x25
 6859 0aeb F0060000 		.4byte	.LASF168
 6860 0aef 01       		.byte	0x1
 6861 0af0 5F01     		.2byte	0x15f
 6862 0af2 00000000 		.4byte	.LFB15
 6863 0af6 10000000 		.4byte	.LFE15-.LFB15
 6864 0afa 01       		.uleb128 0x1
 6865 0afb 9C       		.byte	0x9c
 6866 0afc 0F0B0000 		.4byte	0xb0f
 6867 0b00 12       		.uleb128 0x12
 6868 0b01 7300     		.ascii	"s\000"
 6869 0b03 01       		.byte	0x1
 6870 0b04 5F01     		.2byte	0x15f
ARM GAS  C:\Users\91819\AppData\Local\Temp\ccy28JmR.s 			page 144


 6871 0b06 2C000000 		.4byte	0x2c
 6872 0b0a BF040000 		.4byte	.LLST31
 6873 0b0e 00       		.byte	0
 6874 0b0f 25       		.uleb128 0x25
 6875 0b10 FB010000 		.4byte	.LASF169
 6876 0b14 01       		.byte	0x1
 6877 0b15 6301     		.2byte	0x163
 6878 0b17 00000000 		.4byte	.LFB16
 6879 0b1b 34000000 		.4byte	.LFE16-.LFB16
 6880 0b1f 01       		.uleb128 0x1
 6881 0b20 9C       		.byte	0x9c
 6882 0b21 320B0000 		.4byte	0xb32
 6883 0b25 26       		.uleb128 0x26
 6884 0b26 6600     		.ascii	"f\000"
 6885 0b28 01       		.byte	0x1
 6886 0b29 6301     		.2byte	0x163
 6887 0b2b 320B0000 		.4byte	0xb32
 6888 0b2f 01       		.uleb128 0x1
 6889 0b30 50       		.byte	0x50
 6890 0b31 00       		.byte	0
 6891 0b32 04       		.uleb128 0x4
 6892 0b33 04       		.byte	0x4
 6893 0b34 380B0000 		.4byte	0xb38
 6894 0b38 05       		.uleb128 0x5
 6895 0b39 6E020000 		.4byte	0x26e
 6896 0b3d 25       		.uleb128 0x25
 6897 0b3e 9A000000 		.4byte	.LASF170
 6898 0b42 01       		.byte	0x1
 6899 0b43 7301     		.2byte	0x173
 6900 0b45 00000000 		.4byte	.LFB17
 6901 0b49 A8000000 		.4byte	.LFE17-.LFB17
 6902 0b4d 01       		.uleb128 0x1
 6903 0b4e 9C       		.byte	0x9c
 6904 0b4f 350C0000 		.4byte	0xc35
 6905 0b53 12       		.uleb128 0x12
 6906 0b54 73747200 		.ascii	"str\000"
 6907 0b58 01       		.byte	0x1
 6908 0b59 7301     		.2byte	0x173
 6909 0b5b 8F010000 		.4byte	0x18f
 6910 0b5f E0040000 		.4byte	.LLST32
 6911 0b63 12       		.uleb128 0x12
 6912 0b64 7800     		.ascii	"x\000"
 6913 0b66 01       		.byte	0x1
 6914 0b67 7301     		.2byte	0x173
 6915 0b69 A0010000 		.4byte	0x1a0
 6916 0b6d 14050000 		.4byte	.LLST33
 6917 0b71 12       		.uleb128 0x12
 6918 0b72 7900     		.ascii	"y\000"
 6919 0b74 01       		.byte	0x1
 6920 0b75 7301     		.2byte	0x173
 6921 0b77 A0010000 		.4byte	0x1a0
 6922 0b7b 35050000 		.4byte	.LLST34
 6923 0b7f 12       		.uleb128 0x12
 6924 0b80 783100   		.ascii	"x1\000"
 6925 0b83 01       		.byte	0x1
 6926 0b84 7301     		.2byte	0x173
 6927 0b86 99060000 		.4byte	0x699
ARM GAS  C:\Users\91819\AppData\Local\Temp\ccy28JmR.s 			page 145


 6928 0b8a 56050000 		.4byte	.LLST35
 6929 0b8e 12       		.uleb128 0x12
 6930 0b8f 793100   		.ascii	"y1\000"
 6931 0b92 01       		.byte	0x1
 6932 0b93 7301     		.2byte	0x173
 6933 0b95 99060000 		.4byte	0x699
 6934 0b99 82050000 		.4byte	.LLST36
 6935 0b9d 12       		.uleb128 0x12
 6936 0b9e 7700     		.ascii	"w\000"
 6937 0ba0 01       		.byte	0x1
 6938 0ba1 7301     		.2byte	0x173
 6939 0ba3 350C0000 		.4byte	0xc35
 6940 0ba7 A2050000 		.4byte	.LLST37
 6941 0bab 12       		.uleb128 0x12
 6942 0bac 6800     		.ascii	"h\000"
 6943 0bae 01       		.byte	0x1
 6944 0baf 7301     		.2byte	0x173
 6945 0bb1 350C0000 		.4byte	0xc35
 6946 0bb5 C2050000 		.4byte	.LLST38
 6947 0bb9 17       		.uleb128 0x17
 6948 0bba 6300     		.ascii	"c\000"
 6949 0bbc 01       		.byte	0x1
 6950 0bbd 7401     		.2byte	0x174
 6951 0bbf 2C000000 		.4byte	0x2c
 6952 0bc3 E2050000 		.4byte	.LLST39
 6953 0bc7 28       		.uleb128 0x28
 6954 0bc8 CC0A0000 		.4byte	.LASF144
 6955 0bcc 01       		.byte	0x1
 6956 0bcd 7A01     		.2byte	0x17a
 6957 0bcf A0010000 		.4byte	0x1a0
 6958 0bd3 02       		.uleb128 0x2
 6959 0bd4 91       		.byte	0x91
 6960 0bd5 66       		.sleb128 -26
 6961 0bd6 28       		.uleb128 0x28
 6962 0bd7 9E050000 		.4byte	.LASF145
 6963 0bdb 01       		.byte	0x1
 6964 0bdc 7A01     		.2byte	0x17a
 6965 0bde A0010000 		.4byte	0x1a0
 6966 0be2 02       		.uleb128 0x2
 6967 0be3 91       		.byte	0x91
 6968 0be4 64       		.sleb128 -28
 6969 0be5 28       		.uleb128 0x28
 6970 0be6 820B0000 		.4byte	.LASF146
 6971 0bea 01       		.byte	0x1
 6972 0beb 7A01     		.2byte	0x17a
 6973 0bed A0010000 		.4byte	0x1a0
 6974 0bf1 02       		.uleb128 0x2
 6975 0bf2 91       		.byte	0x91
 6976 0bf3 62       		.sleb128 -30
 6977 0bf4 28       		.uleb128 0x28
 6978 0bf5 870B0000 		.4byte	.LASF147
 6979 0bf9 01       		.byte	0x1
 6980 0bfa 7A01     		.2byte	0x17a
 6981 0bfc A0010000 		.4byte	0x1a0
 6982 0c00 02       		.uleb128 0x2
 6983 0c01 91       		.byte	0x91
 6984 0c02 60       		.sleb128 -32
ARM GAS  C:\Users\91819\AppData\Local\Temp\ccy28JmR.s 			page 146


 6985 0c03 1E       		.uleb128 0x1e
 6986 0c04 5A000000 		.4byte	.LVL91
 6987 0c08 12050000 		.4byte	0x512
 6988 0c0c 1D       		.uleb128 0x1d
 6989 0c0d 01       		.uleb128 0x1
 6990 0c0e 51       		.byte	0x51
 6991 0c0f 02       		.uleb128 0x2
 6992 0c10 91       		.byte	0x91
 6993 0c11 5E       		.sleb128 -34
 6994 0c12 1D       		.uleb128 0x1d
 6995 0c13 01       		.uleb128 0x1
 6996 0c14 52       		.byte	0x52
 6997 0c15 02       		.uleb128 0x2
 6998 0c16 91       		.byte	0x91
 6999 0c17 5C       		.sleb128 -36
 7000 0c18 1D       		.uleb128 0x1d
 7001 0c19 01       		.uleb128 0x1
 7002 0c1a 53       		.byte	0x53
 7003 0c1b 02       		.uleb128 0x2
 7004 0c1c 91       		.byte	0x91
 7005 0c1d 66       		.sleb128 -26
 7006 0c1e 1D       		.uleb128 0x1d
 7007 0c1f 02       		.uleb128 0x2
 7008 0c20 7D       		.byte	0x7d
 7009 0c21 00       		.sleb128 0
 7010 0c22 02       		.uleb128 0x2
 7011 0c23 91       		.byte	0x91
 7012 0c24 64       		.sleb128 -28
 7013 0c25 1D       		.uleb128 0x1d
 7014 0c26 02       		.uleb128 0x2
 7015 0c27 7D       		.byte	0x7d
 7016 0c28 04       		.sleb128 4
 7017 0c29 02       		.uleb128 0x2
 7018 0c2a 91       		.byte	0x91
 7019 0c2b 62       		.sleb128 -30
 7020 0c2c 1D       		.uleb128 0x1d
 7021 0c2d 02       		.uleb128 0x2
 7022 0c2e 7D       		.byte	0x7d
 7023 0c2f 08       		.sleb128 8
 7024 0c30 02       		.uleb128 0x2
 7025 0c31 91       		.byte	0x91
 7026 0c32 60       		.sleb128 -32
 7027 0c33 00       		.byte	0
 7028 0c34 00       		.byte	0
 7029 0c35 04       		.uleb128 0x4
 7030 0c36 04       		.byte	0x4
 7031 0c37 45000000 		.4byte	0x45
 7032 0c3b 25       		.uleb128 0x25
 7033 0c3c B3000000 		.4byte	.LASF171
 7034 0c40 01       		.byte	0x1
 7035 0c41 0402     		.2byte	0x204
 7036 0c43 00000000 		.4byte	.LFB24
 7037 0c47 8C000000 		.4byte	.LFE24-.LFB24
 7038 0c4b 01       		.uleb128 0x1
 7039 0c4c 9C       		.byte	0x9c
 7040 0c4d 130D0000 		.4byte	0xd13
 7041 0c51 12       		.uleb128 0x12
ARM GAS  C:\Users\91819\AppData\Local\Temp\ccy28JmR.s 			page 147


 7042 0c52 7800     		.ascii	"x\000"
 7043 0c54 01       		.byte	0x1
 7044 0c55 0402     		.2byte	0x204
 7045 0c57 A0010000 		.4byte	0x1a0
 7046 0c5b 00060000 		.4byte	.LLST40
 7047 0c5f 12       		.uleb128 0x12
 7048 0c60 7900     		.ascii	"y\000"
 7049 0c62 01       		.byte	0x1
 7050 0c63 0402     		.2byte	0x204
 7051 0c65 A0010000 		.4byte	0x1a0
 7052 0c69 42060000 		.4byte	.LLST41
 7053 0c6d 12       		.uleb128 0x12
 7054 0c6e 7700     		.ascii	"w\000"
 7055 0c70 01       		.byte	0x1
 7056 0c71 0402     		.2byte	0x204
 7057 0c73 A0010000 		.4byte	0x1a0
 7058 0c77 79060000 		.4byte	.LLST42
 7059 0c7b 12       		.uleb128 0x12
 7060 0c7c 6800     		.ascii	"h\000"
 7061 0c7e 01       		.byte	0x1
 7062 0c7f 0402     		.2byte	0x204
 7063 0c81 A0010000 		.4byte	0x1a0
 7064 0c85 A5060000 		.4byte	.LLST43
 7065 0c89 13       		.uleb128 0x13
 7066 0c8a 7C080000 		.4byte	.LASF172
 7067 0c8e 01       		.byte	0x1
 7068 0c8f 0402     		.2byte	0x204
 7069 0c91 B6010000 		.4byte	0x1b6
 7070 0c95 D1060000 		.4byte	.LLST44
 7071 0c99 17       		.uleb128 0x17
 7072 0c9a 686900   		.ascii	"hi\000"
 7073 0c9d 01       		.byte	0x1
 7074 0c9e 0E02     		.2byte	0x20e
 7075 0ca0 2C000000 		.4byte	0x2c
 7076 0ca4 F1060000 		.4byte	.LLST45
 7077 0ca8 17       		.uleb128 0x17
 7078 0ca9 6C6F00   		.ascii	"lo\000"
 7079 0cac 01       		.byte	0x1
 7080 0cad 0E02     		.2byte	0x20e
 7081 0caf 2C000000 		.4byte	0x2c
 7082 0cb3 04070000 		.4byte	.LLST46
 7083 0cb7 1A       		.uleb128 0x1a
 7084 0cb8 820A0000 		.4byte	.LASF150
 7085 0cbc 01       		.byte	0x1
 7086 0cbd 9B       		.byte	0x9b
 7087 0cbe 73010000 		.4byte	0x173
 7088 0cc2 C80C0000 		.4byte	0xcc8
 7089 0cc6 1B       		.uleb128 0x1b
 7090 0cc7 00       		.byte	0
 7091 0cc8 1F       		.uleb128 0x1f
 7092 0cc9 52000000 		.4byte	.LVL103
 7093 0ccd A1070000 		.4byte	0x7a1
 7094 0cd1 1C       		.uleb128 0x1c
 7095 0cd2 5C000000 		.4byte	.LVL106
 7096 0cd6 02270000 		.4byte	0x2702
 7097 0cda E40C0000 		.4byte	0xce4
 7098 0cde 1D       		.uleb128 0x1d
ARM GAS  C:\Users\91819\AppData\Local\Temp\ccy28JmR.s 			page 148


 7099 0cdf 01       		.uleb128 0x1
 7100 0ce0 50       		.byte	0x50
 7101 0ce1 01       		.uleb128 0x1
 7102 0ce2 31       		.byte	0x31
 7103 0ce3 00       		.byte	0
 7104 0ce4 1C       		.uleb128 0x1c
 7105 0ce5 66000000 		.4byte	.LVL108
 7106 0ce9 25070000 		.4byte	0x725
 7107 0ced FD0C0000 		.4byte	0xcfd
 7108 0cf1 1D       		.uleb128 0x1d
 7109 0cf2 01       		.uleb128 0x1
 7110 0cf3 50       		.byte	0x50
 7111 0cf4 01       		.uleb128 0x1
 7112 0cf5 32       		.byte	0x32
 7113 0cf6 1D       		.uleb128 0x1d
 7114 0cf7 01       		.uleb128 0x1
 7115 0cf8 51       		.byte	0x51
 7116 0cf9 02       		.uleb128 0x2
 7117 0cfa 76       		.byte	0x76
 7118 0cfb 00       		.sleb128 0
 7119 0cfc 00       		.byte	0
 7120 0cfd 1E       		.uleb128 0x1e
 7121 0cfe 6E000000 		.4byte	.LVL109
 7122 0d02 25070000 		.4byte	0x725
 7123 0d06 1D       		.uleb128 0x1d
 7124 0d07 01       		.uleb128 0x1
 7125 0d08 50       		.byte	0x50
 7126 0d09 01       		.uleb128 0x1
 7127 0d0a 32       		.byte	0x32
 7128 0d0b 1D       		.uleb128 0x1d
 7129 0d0c 01       		.uleb128 0x1
 7130 0d0d 51       		.byte	0x51
 7131 0d0e 02       		.uleb128 0x2
 7132 0d0f 75       		.byte	0x75
 7133 0d10 00       		.sleb128 0
 7134 0d11 00       		.byte	0
 7135 0d12 00       		.byte	0
 7136 0d13 25       		.uleb128 0x25
 7137 0d14 BD060000 		.4byte	.LASF173
 7138 0d18 01       		.byte	0x1
 7139 0d19 FE01     		.2byte	0x1fe
 7140 0d1b 00000000 		.4byte	.LFB22
 7141 0d1f 24000000 		.4byte	.LFE22-.LFB22
 7142 0d23 01       		.uleb128 0x1
 7143 0d24 9C       		.byte	0x9c
 7144 0d25 4E0D0000 		.4byte	0xd4e
 7145 0d29 13       		.uleb128 0x13
 7146 0d2a 7C080000 		.4byte	.LASF172
 7147 0d2e 01       		.byte	0x1
 7148 0d2f FE01     		.2byte	0x1fe
 7149 0d31 B6010000 		.4byte	0x1b6
 7150 0d35 17070000 		.4byte	.LLST47
 7151 0d39 1E       		.uleb128 0x1e
 7152 0d3a 18000000 		.4byte	.LVL120
 7153 0d3e 3B0C0000 		.4byte	0xc3b
 7154 0d42 1D       		.uleb128 0x1d
 7155 0d43 01       		.uleb128 0x1
ARM GAS  C:\Users\91819\AppData\Local\Temp\ccy28JmR.s 			page 149


 7156 0d44 50       		.byte	0x50
 7157 0d45 01       		.uleb128 0x1
 7158 0d46 30       		.byte	0x30
 7159 0d47 1D       		.uleb128 0x1d
 7160 0d48 01       		.uleb128 0x1
 7161 0d49 51       		.byte	0x51
 7162 0d4a 01       		.uleb128 0x1
 7163 0d4b 30       		.byte	0x30
 7164 0d4c 00       		.byte	0
 7165 0d4d 00       		.byte	0
 7166 0d4e 29       		.uleb128 0x29
 7167 0d4f B7090000 		.4byte	.LASF243
 7168 0d53 01       		.byte	0x1
 7169 0d54 C1       		.byte	0xc1
 7170 0d55 00000000 		.4byte	.LFB3
 7171 0d59 E4000000 		.4byte	.LFE3-.LFB3
 7172 0d5d 01       		.uleb128 0x1
 7173 0d5e 9C       		.byte	0x9c
 7174 0d5f 260F0000 		.4byte	0xf26
 7175 0d63 1A       		.uleb128 0x1a
 7176 0d64 1A080000 		.4byte	.LASF174
 7177 0d68 01       		.byte	0x1
 7178 0d69 D6       		.byte	0xd6
 7179 0d6a 73010000 		.4byte	0x173
 7180 0d6e 740D0000 		.4byte	0xd74
 7181 0d72 1B       		.uleb128 0x1b
 7182 0d73 00       		.byte	0
 7183 0d74 1A       		.uleb128 0x1a
 7184 0d75 C9070000 		.4byte	.LASF175
 7185 0d79 01       		.byte	0x1
 7186 0d7a D9       		.byte	0xd9
 7187 0d7b 73010000 		.4byte	0x173
 7188 0d7f 850D0000 		.4byte	0xd85
 7189 0d83 1B       		.uleb128 0x1b
 7190 0d84 00       		.byte	0
 7191 0d85 1A       		.uleb128 0x1a
 7192 0d86 AE050000 		.4byte	.LASF176
 7193 0d8a 01       		.byte	0x1
 7194 0d8b DA       		.byte	0xda
 7195 0d8c 73010000 		.4byte	0x173
 7196 0d90 960D0000 		.4byte	0xd96
 7197 0d94 1B       		.uleb128 0x1b
 7198 0d95 00       		.byte	0
 7199 0d96 19       		.uleb128 0x19
 7200 0d97 C70A0000 		.4byte	.LASF177
 7201 0d9b 01       		.byte	0x1
 7202 0d9c E9       		.byte	0xe9
 7203 0d9d 62020000 		.4byte	0x262
 7204 0da1 38070000 		.4byte	.LLST48
 7205 0da5 19       		.uleb128 0x19
 7206 0da6 D10A0000 		.4byte	.LASF178
 7207 0daa 01       		.byte	0x1
 7208 0dab EA       		.byte	0xea
 7209 0dac 2C000000 		.4byte	0x2c
 7210 0db0 89070000 		.4byte	.LLST49
 7211 0db4 19       		.uleb128 0x19
 7212 0db5 8D020000 		.4byte	.LASF179
ARM GAS  C:\Users\91819\AppData\Local\Temp\ccy28JmR.s 			page 150


 7213 0db9 01       		.byte	0x1
 7214 0dba EA       		.byte	0xea
 7215 0dbb 2C000000 		.4byte	0x2c
 7216 0dbf BE070000 		.4byte	.LLST50
 7217 0dc3 1A       		.uleb128 0x1a
 7218 0dc4 4D040000 		.4byte	.LASF180
 7219 0dc8 01       		.byte	0x1
 7220 0dc9 FB       		.byte	0xfb
 7221 0dca 73010000 		.4byte	0x173
 7222 0dce D40D0000 		.4byte	0xdd4
 7223 0dd2 1B       		.uleb128 0x1b
 7224 0dd3 00       		.byte	0
 7225 0dd4 1A       		.uleb128 0x1a
 7226 0dd5 25030000 		.4byte	.LASF157
 7227 0dd9 01       		.byte	0x1
 7228 0dda FC       		.byte	0xfc
 7229 0ddb 73010000 		.4byte	0x173
 7230 0ddf E50D0000 		.4byte	0xde5
 7231 0de3 1B       		.uleb128 0x1b
 7232 0de4 00       		.byte	0
 7233 0de5 1F       		.uleb128 0x1f
 7234 0de6 4A000000 		.4byte	.LVL121
 7235 0dea 3A270000 		.4byte	0x273a
 7236 0dee 1C       		.uleb128 0x1c
 7237 0def 50000000 		.4byte	.LVL122
 7238 0df3 45270000 		.4byte	0x2745
 7239 0df7 020E0000 		.4byte	0xe02
 7240 0dfb 1D       		.uleb128 0x1d
 7241 0dfc 01       		.uleb128 0x1
 7242 0dfd 50       		.byte	0x50
 7243 0dfe 02       		.uleb128 0x2
 7244 0dff 75       		.byte	0x75
 7245 0e00 00       		.sleb128 0
 7246 0e01 00       		.byte	0
 7247 0e02 1C       		.uleb128 0x1c
 7248 0e03 56000000 		.4byte	.LVL123
 7249 0e07 50270000 		.4byte	0x2750
 7250 0e0b 160E0000 		.4byte	0xe16
 7251 0e0f 1D       		.uleb128 0x1d
 7252 0e10 01       		.uleb128 0x1
 7253 0e11 50       		.byte	0x50
 7254 0e12 02       		.uleb128 0x2
 7255 0e13 08       		.byte	0x8
 7256 0e14 64       		.byte	0x64
 7257 0e15 00       		.byte	0
 7258 0e16 1C       		.uleb128 0x1c
 7259 0e17 5C000000 		.4byte	.LVL124
 7260 0e1b 45270000 		.4byte	0x2745
 7261 0e1f 2A0E0000 		.4byte	0xe2a
 7262 0e23 1D       		.uleb128 0x1d
 7263 0e24 01       		.uleb128 0x1
 7264 0e25 50       		.byte	0x50
 7265 0e26 02       		.uleb128 0x2
 7266 0e27 74       		.byte	0x74
 7267 0e28 00       		.sleb128 0
 7268 0e29 00       		.byte	0
 7269 0e2a 1C       		.uleb128 0x1c
ARM GAS  C:\Users\91819\AppData\Local\Temp\ccy28JmR.s 			page 151


 7270 0e2b 62000000 		.4byte	.LVL125
 7271 0e2f 50270000 		.4byte	0x2750
 7272 0e33 3E0E0000 		.4byte	0xe3e
 7273 0e37 1D       		.uleb128 0x1d
 7274 0e38 01       		.uleb128 0x1
 7275 0e39 50       		.byte	0x50
 7276 0e3a 02       		.uleb128 0x2
 7277 0e3b 08       		.byte	0x8
 7278 0e3c 64       		.byte	0x64
 7279 0e3d 00       		.byte	0
 7280 0e3e 1C       		.uleb128 0x1c
 7281 0e3f 68000000 		.4byte	.LVL126
 7282 0e43 45270000 		.4byte	0x2745
 7283 0e47 520E0000 		.4byte	0xe52
 7284 0e4b 1D       		.uleb128 0x1d
 7285 0e4c 01       		.uleb128 0x1
 7286 0e4d 50       		.byte	0x50
 7287 0e4e 02       		.uleb128 0x2
 7288 0e4f 75       		.byte	0x75
 7289 0e50 00       		.sleb128 0
 7290 0e51 00       		.byte	0
 7291 0e52 1C       		.uleb128 0x1c
 7292 0e53 6E000000 		.4byte	.LVL127
 7293 0e57 50270000 		.4byte	0x2750
 7294 0e5b 650E0000 		.4byte	0xe65
 7295 0e5f 1D       		.uleb128 0x1d
 7296 0e60 01       		.uleb128 0x1
 7297 0e61 50       		.byte	0x50
 7298 0e62 01       		.uleb128 0x1
 7299 0e63 44       		.byte	0x44
 7300 0e64 00       		.byte	0
 7301 0e65 1C       		.uleb128 0x1c
 7302 0e66 76000000 		.4byte	.LVL128
 7303 0e6a 25070000 		.4byte	0x725
 7304 0e6e 7F0E0000 		.4byte	0xe7f
 7305 0e72 1D       		.uleb128 0x1d
 7306 0e73 01       		.uleb128 0x1
 7307 0e74 50       		.byte	0x50
 7308 0e75 02       		.uleb128 0x2
 7309 0e76 74       		.byte	0x74
 7310 0e77 00       		.sleb128 0
 7311 0e78 1D       		.uleb128 0x1d
 7312 0e79 01       		.uleb128 0x1
 7313 0e7a 51       		.byte	0x51
 7314 0e7b 02       		.uleb128 0x2
 7315 0e7c 75       		.byte	0x75
 7316 0e7d 00       		.sleb128 0
 7317 0e7e 00       		.byte	0
 7318 0e7f 1C       		.uleb128 0x1c
 7319 0e80 7C000000 		.4byte	.LVL129
 7320 0e84 50270000 		.4byte	0x2750
 7321 0e88 930E0000 		.4byte	0xe93
 7322 0e8c 1D       		.uleb128 0x1d
 7323 0e8d 01       		.uleb128 0x1
 7324 0e8e 50       		.byte	0x50
 7325 0e8f 02       		.uleb128 0x2
 7326 0e90 08       		.byte	0x8
ARM GAS  C:\Users\91819\AppData\Local\Temp\ccy28JmR.s 			page 152


 7327 0e91 32       		.byte	0x32
 7328 0e92 00       		.byte	0
 7329 0e93 1C       		.uleb128 0x1c
 7330 0e94 84000000 		.4byte	.LVL130
 7331 0e98 25070000 		.4byte	0x725
 7332 0e9c AC0E0000 		.4byte	0xeac
 7333 0ea0 1D       		.uleb128 0x1d
 7334 0ea1 01       		.uleb128 0x1
 7335 0ea2 50       		.byte	0x50
 7336 0ea3 02       		.uleb128 0x2
 7337 0ea4 74       		.byte	0x74
 7338 0ea5 00       		.sleb128 0
 7339 0ea6 1D       		.uleb128 0x1d
 7340 0ea7 01       		.uleb128 0x1
 7341 0ea8 51       		.byte	0x51
 7342 0ea9 01       		.uleb128 0x1
 7343 0eaa 41       		.byte	0x41
 7344 0eab 00       		.byte	0
 7345 0eac 1C       		.uleb128 0x1c
 7346 0ead 8A000000 		.4byte	.LVL131
 7347 0eb1 50270000 		.4byte	0x2750
 7348 0eb5 C00E0000 		.4byte	0xec0
 7349 0eb9 1D       		.uleb128 0x1d
 7350 0eba 01       		.uleb128 0x1
 7351 0ebb 50       		.byte	0x50
 7352 0ebc 02       		.uleb128 0x2
 7353 0ebd 08       		.byte	0x8
 7354 0ebe 78       		.byte	0x78
 7355 0ebf 00       		.byte	0
 7356 0ec0 1C       		.uleb128 0x1c
 7357 0ec1 9C000000 		.4byte	.LVL133
 7358 0ec5 25070000 		.4byte	0x725
 7359 0ec9 D30E0000 		.4byte	0xed3
 7360 0ecd 1D       		.uleb128 0x1d
 7361 0ece 01       		.uleb128 0x1
 7362 0ecf 50       		.byte	0x50
 7363 0ed0 01       		.uleb128 0x1
 7364 0ed1 30       		.byte	0x30
 7365 0ed2 00       		.byte	0
 7366 0ed3 1C       		.uleb128 0x1c
 7367 0ed4 AC000000 		.4byte	.LVL137
 7368 0ed8 25070000 		.4byte	0x725
 7369 0edc E60E0000 		.4byte	0xee6
 7370 0ee0 1D       		.uleb128 0x1d
 7371 0ee1 01       		.uleb128 0x1
 7372 0ee2 50       		.byte	0x50
 7373 0ee3 01       		.uleb128 0x1
 7374 0ee4 31       		.byte	0x31
 7375 0ee5 00       		.byte	0
 7376 0ee6 1C       		.uleb128 0x1c
 7377 0ee7 C8000000 		.4byte	.LVL142
 7378 0eeb 5A090000 		.4byte	0x95a
 7379 0eef F90E0000 		.4byte	0xef9
 7380 0ef3 1D       		.uleb128 0x1d
 7381 0ef4 01       		.uleb128 0x1
 7382 0ef5 50       		.byte	0x50
 7383 0ef6 01       		.uleb128 0x1
ARM GAS  C:\Users\91819\AppData\Local\Temp\ccy28JmR.s 			page 153


 7384 0ef7 32       		.byte	0x32
 7385 0ef8 00       		.byte	0
 7386 0ef9 1C       		.uleb128 0x1c
 7387 0efa CE000000 		.4byte	.LVL143
 7388 0efe 130D0000 		.4byte	0xd13
 7389 0f02 0C0F0000 		.4byte	0xf0c
 7390 0f06 1D       		.uleb128 0x1d
 7391 0f07 01       		.uleb128 0x1
 7392 0f08 50       		.byte	0x50
 7393 0f09 01       		.uleb128 0x1
 7394 0f0a 30       		.byte	0x30
 7395 0f0b 00       		.byte	0
 7396 0f0c 1F       		.uleb128 0x1f
 7397 0f0d D2000000 		.4byte	.LVL144
 7398 0f11 5B270000 		.4byte	0x275b
 7399 0f15 1E       		.uleb128 0x1e
 7400 0f16 D8000000 		.4byte	.LVL145
 7401 0f1a 23270000 		.4byte	0x2723
 7402 0f1e 1D       		.uleb128 0x1d
 7403 0f1f 01       		.uleb128 0x1
 7404 0f20 50       		.byte	0x50
 7405 0f21 02       		.uleb128 0x2
 7406 0f22 08       		.byte	0x8
 7407 0f23 64       		.byte	0x64
 7408 0f24 00       		.byte	0
 7409 0f25 00       		.byte	0
 7410 0f26 25       		.uleb128 0x25
 7411 0f27 DE010000 		.4byte	.LASF181
 7412 0f2b 01       		.byte	0x1
 7413 0f2c 0202     		.2byte	0x202
 7414 0f2e 00000000 		.4byte	.LFB23
 7415 0f32 0C000000 		.4byte	.LFE23-.LFB23
 7416 0f36 01       		.uleb128 0x1
 7417 0f37 9C       		.byte	0x9c
 7418 0f38 4F0F0000 		.4byte	0xf4f
 7419 0f3c 1F       		.uleb128 0x1f
 7420 0f3d 06000000 		.4byte	.LVL147
 7421 0f41 B10A0000 		.4byte	0xab1
 7422 0f45 1F       		.uleb128 0x1f
 7423 0f46 0A000000 		.4byte	.LVL148
 7424 0f4a 130D0000 		.4byte	0xd13
 7425 0f4e 00       		.byte	0
 7426 0f4f 25       		.uleb128 0x25
 7427 0f50 35090000 		.4byte	.LASF182
 7428 0f54 01       		.byte	0x1
 7429 0f55 1902     		.2byte	0x219
 7430 0f57 00000000 		.4byte	.LFB25
 7431 0f5b 50000000 		.4byte	.LFE25-.LFB25
 7432 0f5f 01       		.uleb128 0x1
 7433 0f60 9C       		.byte	0x9c
 7434 0f61 07100000 		.4byte	0x1007
 7435 0f65 12       		.uleb128 0x12
 7436 0f66 7800     		.ascii	"x\000"
 7437 0f68 01       		.byte	0x1
 7438 0f69 1902     		.2byte	0x219
 7439 0f6b A0010000 		.4byte	0x1a0
 7440 0f6f F2070000 		.4byte	.LLST51
ARM GAS  C:\Users\91819\AppData\Local\Temp\ccy28JmR.s 			page 154


 7441 0f73 12       		.uleb128 0x12
 7442 0f74 7900     		.ascii	"y\000"
 7443 0f76 01       		.byte	0x1
 7444 0f77 1902     		.2byte	0x219
 7445 0f79 A0010000 		.4byte	0x1a0
 7446 0f7d 13080000 		.4byte	.LLST52
 7447 0f81 13       		.uleb128 0x13
 7448 0f82 7C080000 		.4byte	.LASF172
 7449 0f86 01       		.byte	0x1
 7450 0f87 1902     		.2byte	0x219
 7451 0f89 B6010000 		.4byte	0x1b6
 7452 0f8d 3F080000 		.4byte	.LLST53
 7453 0f91 1A       		.uleb128 0x1a
 7454 0f92 820A0000 		.4byte	.LASF150
 7455 0f96 01       		.byte	0x1
 7456 0f97 9B       		.byte	0x9b
 7457 0f98 73010000 		.4byte	0x173
 7458 0f9c A20F0000 		.4byte	0xfa2
 7459 0fa0 1B       		.uleb128 0x1b
 7460 0fa1 00       		.byte	0
 7461 0fa2 1C       		.uleb128 0x1c
 7462 0fa3 30000000 		.4byte	.LVL153
 7463 0fa7 A1070000 		.4byte	0x7a1
 7464 0fab C30F0000 		.4byte	0xfc3
 7465 0faf 1D       		.uleb128 0x1d
 7466 0fb0 01       		.uleb128 0x1
 7467 0fb1 51       		.byte	0x51
 7468 0fb2 03       		.uleb128 0x3
 7469 0fb3 F3       		.byte	0xf3
 7470 0fb4 01       		.uleb128 0x1
 7471 0fb5 51       		.byte	0x51
 7472 0fb6 1D       		.uleb128 0x1d
 7473 0fb7 01       		.uleb128 0x1
 7474 0fb8 53       		.byte	0x53
 7475 0fb9 08       		.uleb128 0x8
 7476 0fba F3       		.byte	0xf3
 7477 0fbb 01       		.uleb128 0x1
 7478 0fbc 51       		.byte	0x51
 7479 0fbd 08       		.byte	0x8
 7480 0fbe FF       		.byte	0xff
 7481 0fbf 1A       		.byte	0x1a
 7482 0fc0 23       		.byte	0x23
 7483 0fc1 01       		.uleb128 0x1
 7484 0fc2 00       		.byte	0
 7485 0fc3 1C       		.uleb128 0x1c
 7486 0fc4 36000000 		.4byte	.LVL154
 7487 0fc8 02270000 		.4byte	0x2702
 7488 0fcc D60F0000 		.4byte	0xfd6
 7489 0fd0 1D       		.uleb128 0x1d
 7490 0fd1 01       		.uleb128 0x1
 7491 0fd2 50       		.byte	0x50
 7492 0fd3 01       		.uleb128 0x1
 7493 0fd4 31       		.byte	0x31
 7494 0fd5 00       		.byte	0
 7495 0fd6 1C       		.uleb128 0x1c
 7496 0fd7 3E000000 		.4byte	.LVL155
 7497 0fdb 25070000 		.4byte	0x725
ARM GAS  C:\Users\91819\AppData\Local\Temp\ccy28JmR.s 			page 155


 7498 0fdf F10F0000 		.4byte	0xff1
 7499 0fe3 1D       		.uleb128 0x1d
 7500 0fe4 01       		.uleb128 0x1
 7501 0fe5 50       		.byte	0x50
 7502 0fe6 01       		.uleb128 0x1
 7503 0fe7 32       		.byte	0x32
 7504 0fe8 1D       		.uleb128 0x1d
 7505 0fe9 01       		.uleb128 0x1
 7506 0fea 51       		.byte	0x51
 7507 0feb 04       		.uleb128 0x4
 7508 0fec 74       		.byte	0x74
 7509 0fed 00       		.sleb128 0
 7510 0fee 38       		.byte	0x38
 7511 0fef 25       		.byte	0x25
 7512 0ff0 00       		.byte	0
 7513 0ff1 1E       		.uleb128 0x1e
 7514 0ff2 46000000 		.4byte	.LVL156
 7515 0ff6 25070000 		.4byte	0x725
 7516 0ffa 1D       		.uleb128 0x1d
 7517 0ffb 01       		.uleb128 0x1
 7518 0ffc 50       		.byte	0x50
 7519 0ffd 01       		.uleb128 0x1
 7520 0ffe 32       		.byte	0x32
 7521 0fff 1D       		.uleb128 0x1d
 7522 1000 01       		.uleb128 0x1
 7523 1001 51       		.byte	0x51
 7524 1002 02       		.uleb128 0x2
 7525 1003 74       		.byte	0x74
 7526 1004 00       		.sleb128 0
 7527 1005 00       		.byte	0
 7528 1006 00       		.byte	0
 7529 1007 11       		.uleb128 0x11
 7530 1008 7A050000 		.4byte	.LASF183
 7531 100c 01       		.byte	0x1
 7532 100d 9402     		.2byte	0x294
 7533 100f 00000000 		.4byte	.LFB31
 7534 1013 3C010000 		.4byte	.LFE31-.LFB31
 7535 1017 01       		.uleb128 0x1
 7536 1018 9C       		.byte	0x9c
 7537 1019 EE110000 		.4byte	0x11ee
 7538 101d 12       		.uleb128 0x12
 7539 101e 783000   		.ascii	"x0\000"
 7540 1021 01       		.byte	0x1
 7541 1022 9402     		.2byte	0x294
 7542 1024 A0010000 		.4byte	0x1a0
 7543 1028 6B080000 		.4byte	.LLST54
 7544 102c 12       		.uleb128 0x12
 7545 102d 793000   		.ascii	"y0\000"
 7546 1030 01       		.byte	0x1
 7547 1031 9402     		.2byte	0x294
 7548 1033 A0010000 		.4byte	0x1a0
 7549 1037 8C080000 		.4byte	.LLST55
 7550 103b 12       		.uleb128 0x12
 7551 103c 7200     		.ascii	"r\000"
 7552 103e 01       		.byte	0x1
 7553 103f 9402     		.2byte	0x294
 7554 1041 A0010000 		.4byte	0x1a0
ARM GAS  C:\Users\91819\AppData\Local\Temp\ccy28JmR.s 			page 156


 7555 1045 AD080000 		.4byte	.LLST56
 7556 1049 13       		.uleb128 0x13
 7557 104a 230B0000 		.4byte	.LASF184
 7558 104e 01       		.byte	0x1
 7559 104f 9402     		.2byte	0x294
 7560 1051 2C000000 		.4byte	0x2c
 7561 1055 CE080000 		.4byte	.LLST57
 7562 1059 2A       		.uleb128 0x2a
 7563 105a 7C080000 		.4byte	.LASF172
 7564 105e 01       		.byte	0x1
 7565 105f 9402     		.2byte	0x294
 7566 1061 B6010000 		.4byte	0x1b6
 7567 1065 02       		.uleb128 0x2
 7568 1066 91       		.byte	0x91
 7569 1067 00       		.sleb128 0
 7570 1068 17       		.uleb128 0x17
 7571 1069 6600     		.ascii	"f\000"
 7572 106b 01       		.byte	0x1
 7573 106c 9502     		.2byte	0x295
 7574 106e A0010000 		.4byte	0x1a0
 7575 1072 EF080000 		.4byte	.LLST58
 7576 1076 15       		.uleb128 0x15
 7577 1077 440B0000 		.4byte	.LASF185
 7578 107b 01       		.byte	0x1
 7579 107c 9602     		.2byte	0x296
 7580 107e A0010000 		.4byte	0x1a0
 7581 1082 18090000 		.4byte	.LLST59
 7582 1086 28       		.uleb128 0x28
 7583 1087 4A0B0000 		.4byte	.LASF186
 7584 108b 01       		.byte	0x1
 7585 108c 9702     		.2byte	0x297
 7586 108e A0010000 		.4byte	0x1a0
 7587 1092 02       		.uleb128 0x2
 7588 1093 91       		.byte	0x91
 7589 1094 4C       		.sleb128 -52
 7590 1095 17       		.uleb128 0x17
 7591 1096 7800     		.ascii	"x\000"
 7592 1098 01       		.byte	0x1
 7593 1099 9802     		.2byte	0x298
 7594 109b A0010000 		.4byte	0x1a0
 7595 109f 38090000 		.4byte	.LLST60
 7596 10a3 17       		.uleb128 0x17
 7597 10a4 7900     		.ascii	"y\000"
 7598 10a6 01       		.byte	0x1
 7599 10a7 9902     		.2byte	0x299
 7600 10a9 A0010000 		.4byte	0x1a0
 7601 10ad 62090000 		.4byte	.LLST61
 7602 10b1 1C       		.uleb128 0x1c
 7603 10b2 84000000 		.4byte	.LVL174
 7604 10b6 4F0F0000 		.4byte	0xf4f
 7605 10ba D9100000 		.4byte	0x10d9
 7606 10be 1D       		.uleb128 0x1d
 7607 10bf 01       		.uleb128 0x1
 7608 10c0 50       		.byte	0x50
 7609 10c1 05       		.uleb128 0x5
 7610 10c2 75       		.byte	0x75
 7611 10c3 00       		.sleb128 0
ARM GAS  C:\Users\91819\AppData\Local\Temp\ccy28JmR.s 			page 157


 7612 10c4 7B       		.byte	0x7b
 7613 10c5 00       		.sleb128 0
 7614 10c6 22       		.byte	0x22
 7615 10c7 1D       		.uleb128 0x1d
 7616 10c8 01       		.uleb128 0x1
 7617 10c9 51       		.byte	0x51
 7618 10ca 05       		.uleb128 0x5
 7619 10cb 76       		.byte	0x76
 7620 10cc 00       		.sleb128 0
 7621 10cd 7A       		.byte	0x7a
 7622 10ce 00       		.sleb128 0
 7623 10cf 22       		.byte	0x22
 7624 10d0 1D       		.uleb128 0x1d
 7625 10d1 01       		.uleb128 0x1
 7626 10d2 52       		.byte	0x52
 7627 10d3 04       		.uleb128 0x4
 7628 10d4 91       		.byte	0x91
 7629 10d5 44       		.sleb128 -60
 7630 10d6 94       		.byte	0x94
 7631 10d7 02       		.byte	0x2
 7632 10d8 00       		.byte	0
 7633 10d9 1C       		.uleb128 0x1c
 7634 10da 94000000 		.4byte	.LVL175
 7635 10de 4F0F0000 		.4byte	0xf4f
 7636 10e2 01110000 		.4byte	0x1101
 7637 10e6 1D       		.uleb128 0x1d
 7638 10e7 01       		.uleb128 0x1
 7639 10e8 50       		.byte	0x50
 7640 10e9 05       		.uleb128 0x5
 7641 10ea 7B       		.byte	0x7b
 7642 10eb 00       		.sleb128 0
 7643 10ec 7A       		.byte	0x7a
 7644 10ed 00       		.sleb128 0
 7645 10ee 22       		.byte	0x22
 7646 10ef 1D       		.uleb128 0x1d
 7647 10f0 01       		.uleb128 0x1
 7648 10f1 51       		.byte	0x51
 7649 10f2 05       		.uleb128 0x5
 7650 10f3 75       		.byte	0x75
 7651 10f4 00       		.sleb128 0
 7652 10f5 76       		.byte	0x76
 7653 10f6 00       		.sleb128 0
 7654 10f7 22       		.byte	0x22
 7655 10f8 1D       		.uleb128 0x1d
 7656 10f9 01       		.uleb128 0x1
 7657 10fa 52       		.byte	0x52
 7658 10fb 04       		.uleb128 0x4
 7659 10fc 91       		.byte	0x91
 7660 10fd 44       		.sleb128 -60
 7661 10fe 94       		.byte	0x94
 7662 10ff 02       		.byte	0x2
 7663 1100 00       		.byte	0
 7664 1101 1C       		.uleb128 0x1c
 7665 1102 B8000000 		.4byte	.LVL176
 7666 1106 4F0F0000 		.4byte	0xf4f
 7667 110a 29110000 		.4byte	0x1129
 7668 110e 1D       		.uleb128 0x1d
ARM GAS  C:\Users\91819\AppData\Local\Temp\ccy28JmR.s 			page 158


 7669 110f 01       		.uleb128 0x1
 7670 1110 50       		.byte	0x50
 7671 1111 05       		.uleb128 0x5
 7672 1112 75       		.byte	0x75
 7673 1113 00       		.sleb128 0
 7674 1114 7B       		.byte	0x7b
 7675 1115 00       		.sleb128 0
 7676 1116 22       		.byte	0x22
 7677 1117 1D       		.uleb128 0x1d
 7678 1118 01       		.uleb128 0x1
 7679 1119 51       		.byte	0x51
 7680 111a 05       		.uleb128 0x5
 7681 111b 76       		.byte	0x76
 7682 111c 00       		.sleb128 0
 7683 111d 7A       		.byte	0x7a
 7684 111e 00       		.sleb128 0
 7685 111f 1C       		.byte	0x1c
 7686 1120 1D       		.uleb128 0x1d
 7687 1121 01       		.uleb128 0x1
 7688 1122 52       		.byte	0x52
 7689 1123 04       		.uleb128 0x4
 7690 1124 91       		.byte	0x91
 7691 1125 44       		.sleb128 -60
 7692 1126 94       		.byte	0x94
 7693 1127 02       		.byte	0x2
 7694 1128 00       		.byte	0
 7695 1129 1C       		.uleb128 0x1c
 7696 112a C8000000 		.4byte	.LVL177
 7697 112e 4F0F0000 		.4byte	0xf4f
 7698 1132 51110000 		.4byte	0x1151
 7699 1136 1D       		.uleb128 0x1d
 7700 1137 01       		.uleb128 0x1
 7701 1138 50       		.byte	0x50
 7702 1139 05       		.uleb128 0x5
 7703 113a 7B       		.byte	0x7b
 7704 113b 00       		.sleb128 0
 7705 113c 7A       		.byte	0x7a
 7706 113d 00       		.sleb128 0
 7707 113e 22       		.byte	0x22
 7708 113f 1D       		.uleb128 0x1d
 7709 1140 01       		.uleb128 0x1
 7710 1141 51       		.byte	0x51
 7711 1142 05       		.uleb128 0x5
 7712 1143 76       		.byte	0x76
 7713 1144 00       		.sleb128 0
 7714 1145 75       		.byte	0x75
 7715 1146 00       		.sleb128 0
 7716 1147 1C       		.byte	0x1c
 7717 1148 1D       		.uleb128 0x1d
 7718 1149 01       		.uleb128 0x1
 7719 114a 52       		.byte	0x52
 7720 114b 04       		.uleb128 0x4
 7721 114c 91       		.byte	0x91
 7722 114d 44       		.sleb128 -60
 7723 114e 94       		.byte	0x94
 7724 114f 02       		.byte	0x2
 7725 1150 00       		.byte	0
ARM GAS  C:\Users\91819\AppData\Local\Temp\ccy28JmR.s 			page 159


 7726 1151 1C       		.uleb128 0x1c
 7727 1152 EC000000 		.4byte	.LVL178
 7728 1156 4F0F0000 		.4byte	0xf4f
 7729 115a 79110000 		.4byte	0x1179
 7730 115e 1D       		.uleb128 0x1d
 7731 115f 01       		.uleb128 0x1
 7732 1160 50       		.byte	0x50
 7733 1161 05       		.uleb128 0x5
 7734 1162 76       		.byte	0x76
 7735 1163 00       		.sleb128 0
 7736 1164 7B       		.byte	0x7b
 7737 1165 00       		.sleb128 0
 7738 1166 1C       		.byte	0x1c
 7739 1167 1D       		.uleb128 0x1d
 7740 1168 01       		.uleb128 0x1
 7741 1169 51       		.byte	0x51
 7742 116a 05       		.uleb128 0x5
 7743 116b 75       		.byte	0x75
 7744 116c 00       		.sleb128 0
 7745 116d 7A       		.byte	0x7a
 7746 116e 00       		.sleb128 0
 7747 116f 22       		.byte	0x22
 7748 1170 1D       		.uleb128 0x1d
 7749 1171 01       		.uleb128 0x1
 7750 1172 52       		.byte	0x52
 7751 1173 04       		.uleb128 0x4
 7752 1174 91       		.byte	0x91
 7753 1175 44       		.sleb128 -60
 7754 1176 94       		.byte	0x94
 7755 1177 02       		.byte	0x2
 7756 1178 00       		.byte	0
 7757 1179 1C       		.uleb128 0x1c
 7758 117a FC000000 		.4byte	.LVL179
 7759 117e 4F0F0000 		.4byte	0xf4f
 7760 1182 A1110000 		.4byte	0x11a1
 7761 1186 1D       		.uleb128 0x1d
 7762 1187 01       		.uleb128 0x1
 7763 1188 50       		.byte	0x50
 7764 1189 05       		.uleb128 0x5
 7765 118a 76       		.byte	0x76
 7766 118b 00       		.sleb128 0
 7767 118c 75       		.byte	0x75
 7768 118d 00       		.sleb128 0
 7769 118e 1C       		.byte	0x1c
 7770 118f 1D       		.uleb128 0x1d
 7771 1190 01       		.uleb128 0x1
 7772 1191 51       		.byte	0x51
 7773 1192 05       		.uleb128 0x5
 7774 1193 7B       		.byte	0x7b
 7775 1194 00       		.sleb128 0
 7776 1195 7A       		.byte	0x7a
 7777 1196 00       		.sleb128 0
 7778 1197 22       		.byte	0x22
 7779 1198 1D       		.uleb128 0x1d
 7780 1199 01       		.uleb128 0x1
 7781 119a 52       		.byte	0x52
 7782 119b 04       		.uleb128 0x4
ARM GAS  C:\Users\91819\AppData\Local\Temp\ccy28JmR.s 			page 160


 7783 119c 91       		.byte	0x91
 7784 119d 44       		.sleb128 -60
 7785 119e 94       		.byte	0x94
 7786 119f 02       		.byte	0x2
 7787 11a0 00       		.byte	0
 7788 11a1 1C       		.uleb128 0x1c
 7789 11a2 20010000 		.4byte	.LVL180
 7790 11a6 4F0F0000 		.4byte	0xf4f
 7791 11aa C9110000 		.4byte	0x11c9
 7792 11ae 1D       		.uleb128 0x1d
 7793 11af 01       		.uleb128 0x1
 7794 11b0 50       		.byte	0x50
 7795 11b1 05       		.uleb128 0x5
 7796 11b2 76       		.byte	0x76
 7797 11b3 00       		.sleb128 0
 7798 11b4 7B       		.byte	0x7b
 7799 11b5 00       		.sleb128 0
 7800 11b6 1C       		.byte	0x1c
 7801 11b7 1D       		.uleb128 0x1d
 7802 11b8 01       		.uleb128 0x1
 7803 11b9 51       		.byte	0x51
 7804 11ba 05       		.uleb128 0x5
 7805 11bb 7A       		.byte	0x7a
 7806 11bc 00       		.sleb128 0
 7807 11bd 75       		.byte	0x75
 7808 11be 00       		.sleb128 0
 7809 11bf 1C       		.byte	0x1c
 7810 11c0 1D       		.uleb128 0x1d
 7811 11c1 01       		.uleb128 0x1
 7812 11c2 52       		.byte	0x52
 7813 11c3 04       		.uleb128 0x4
 7814 11c4 91       		.byte	0x91
 7815 11c5 44       		.sleb128 -60
 7816 11c6 94       		.byte	0x94
 7817 11c7 02       		.byte	0x2
 7818 11c8 00       		.byte	0
 7819 11c9 1E       		.uleb128 0x1e
 7820 11ca 30010000 		.4byte	.LVL181
 7821 11ce 4F0F0000 		.4byte	0xf4f
 7822 11d2 1D       		.uleb128 0x1d
 7823 11d3 01       		.uleb128 0x1
 7824 11d4 50       		.byte	0x50
 7825 11d5 05       		.uleb128 0x5
 7826 11d6 76       		.byte	0x76
 7827 11d7 00       		.sleb128 0
 7828 11d8 75       		.byte	0x75
 7829 11d9 00       		.sleb128 0
 7830 11da 1C       		.byte	0x1c
 7831 11db 1D       		.uleb128 0x1d
 7832 11dc 01       		.uleb128 0x1
 7833 11dd 51       		.byte	0x51
 7834 11de 05       		.uleb128 0x5
 7835 11df 7A       		.byte	0x7a
 7836 11e0 00       		.sleb128 0
 7837 11e1 7B       		.byte	0x7b
 7838 11e2 00       		.sleb128 0
 7839 11e3 1C       		.byte	0x1c
ARM GAS  C:\Users\91819\AppData\Local\Temp\ccy28JmR.s 			page 161


 7840 11e4 1D       		.uleb128 0x1d
 7841 11e5 01       		.uleb128 0x1
 7842 11e6 52       		.byte	0x52
 7843 11e7 04       		.uleb128 0x4
 7844 11e8 91       		.byte	0x91
 7845 11e9 44       		.sleb128 -60
 7846 11ea 94       		.byte	0x94
 7847 11eb 02       		.byte	0x2
 7848 11ec 00       		.byte	0
 7849 11ed 00       		.byte	0
 7850 11ee 25       		.uleb128 0x25
 7851 11ef 5C010000 		.4byte	.LASF187
 7852 11f3 01       		.byte	0x1
 7853 11f4 2402     		.2byte	0x224
 7854 11f6 00000000 		.4byte	.LFB26
 7855 11fa 64000000 		.4byte	.LFE26-.LFB26
 7856 11fe 01       		.uleb128 0x1
 7857 11ff 9C       		.byte	0x9c
 7858 1200 B8120000 		.4byte	0x12b8
 7859 1204 12       		.uleb128 0x12
 7860 1205 7800     		.ascii	"x\000"
 7861 1207 01       		.byte	0x1
 7862 1208 2402     		.2byte	0x224
 7863 120a A0010000 		.4byte	0x1a0
 7864 120e 80090000 		.4byte	.LLST62
 7865 1212 12       		.uleb128 0x12
 7866 1213 7900     		.ascii	"y\000"
 7867 1215 01       		.byte	0x1
 7868 1216 2402     		.2byte	0x224
 7869 1218 A0010000 		.4byte	0x1a0
 7870 121c A1090000 		.4byte	.LLST63
 7871 1220 12       		.uleb128 0x12
 7872 1221 6800     		.ascii	"h\000"
 7873 1223 01       		.byte	0x1
 7874 1224 2402     		.2byte	0x224
 7875 1226 A0010000 		.4byte	0x1a0
 7876 122a C2090000 		.4byte	.LLST64
 7877 122e 13       		.uleb128 0x13
 7878 122f 7C080000 		.4byte	.LASF172
 7879 1233 01       		.byte	0x1
 7880 1234 2402     		.2byte	0x224
 7881 1236 B6010000 		.4byte	0x1b6
 7882 123a 0F0A0000 		.4byte	.LLST65
 7883 123e 17       		.uleb128 0x17
 7884 123f 686900   		.ascii	"hi\000"
 7885 1242 01       		.byte	0x1
 7886 1243 2B02     		.2byte	0x22b
 7887 1245 2C000000 		.4byte	0x2c
 7888 1249 300A0000 		.4byte	.LLST66
 7889 124d 17       		.uleb128 0x17
 7890 124e 6C6F00   		.ascii	"lo\000"
 7891 1251 01       		.byte	0x1
 7892 1252 2B02     		.2byte	0x22b
 7893 1254 2C000000 		.4byte	0x2c
 7894 1258 430A0000 		.4byte	.LLST67
 7895 125c 1A       		.uleb128 0x1a
 7896 125d 820A0000 		.4byte	.LASF150
ARM GAS  C:\Users\91819\AppData\Local\Temp\ccy28JmR.s 			page 162


 7897 1261 01       		.byte	0x1
 7898 1262 9B       		.byte	0x9b
 7899 1263 73010000 		.4byte	0x173
 7900 1267 6D120000 		.4byte	0x126d
 7901 126b 1B       		.uleb128 0x1b
 7902 126c 00       		.byte	0
 7903 126d 1F       		.uleb128 0x1f
 7904 126e 36000000 		.4byte	.LVL188
 7905 1272 A1070000 		.4byte	0x7a1
 7906 1276 1C       		.uleb128 0x1c
 7907 1277 40000000 		.4byte	.LVL191
 7908 127b 02270000 		.4byte	0x2702
 7909 127f 89120000 		.4byte	0x1289
 7910 1283 1D       		.uleb128 0x1d
 7911 1284 01       		.uleb128 0x1
 7912 1285 50       		.byte	0x50
 7913 1286 01       		.uleb128 0x1
 7914 1287 31       		.byte	0x31
 7915 1288 00       		.byte	0
 7916 1289 1C       		.uleb128 0x1c
 7917 128a 4A000000 		.4byte	.LVL193
 7918 128e 25070000 		.4byte	0x725
 7919 1292 A2120000 		.4byte	0x12a2
 7920 1296 1D       		.uleb128 0x1d
 7921 1297 01       		.uleb128 0x1
 7922 1298 50       		.byte	0x50
 7923 1299 01       		.uleb128 0x1
 7924 129a 32       		.byte	0x32
 7925 129b 1D       		.uleb128 0x1d
 7926 129c 01       		.uleb128 0x1
 7927 129d 51       		.byte	0x51
 7928 129e 02       		.uleb128 0x2
 7929 129f 77       		.byte	0x77
 7930 12a0 00       		.sleb128 0
 7931 12a1 00       		.byte	0
 7932 12a2 1E       		.uleb128 0x1e
 7933 12a3 52000000 		.4byte	.LVL194
 7934 12a7 25070000 		.4byte	0x725
 7935 12ab 1D       		.uleb128 0x1d
 7936 12ac 01       		.uleb128 0x1
 7937 12ad 50       		.byte	0x50
 7938 12ae 01       		.uleb128 0x1
 7939 12af 32       		.byte	0x32
 7940 12b0 1D       		.uleb128 0x1d
 7941 12b1 01       		.uleb128 0x1
 7942 12b2 51       		.byte	0x51
 7943 12b3 02       		.uleb128 0x2
 7944 12b4 76       		.byte	0x76
 7945 12b5 00       		.sleb128 0
 7946 12b6 00       		.byte	0
 7947 12b7 00       		.byte	0
 7948 12b8 11       		.uleb128 0x11
 7949 12b9 FE090000 		.4byte	.LASF188
 7950 12bd 01       		.byte	0x1
 7951 12be BE02     		.2byte	0x2be
 7952 12c0 00000000 		.4byte	.LFB33
 7953 12c4 06010000 		.4byte	.LFE33-.LFB33
ARM GAS  C:\Users\91819\AppData\Local\Temp\ccy28JmR.s 			page 163


 7954 12c8 01       		.uleb128 0x1
 7955 12c9 9C       		.byte	0x9c
 7956 12ca 4B140000 		.4byte	0x144b
 7957 12ce 12       		.uleb128 0x12
 7958 12cf 783000   		.ascii	"x0\000"
 7959 12d2 01       		.byte	0x1
 7960 12d3 BE02     		.2byte	0x2be
 7961 12d5 A0010000 		.4byte	0x1a0
 7962 12d9 560A0000 		.4byte	.LLST68
 7963 12dd 12       		.uleb128 0x12
 7964 12de 793000   		.ascii	"y0\000"
 7965 12e1 01       		.byte	0x1
 7966 12e2 BE02     		.2byte	0x2be
 7967 12e4 A0010000 		.4byte	0x1a0
 7968 12e8 770A0000 		.4byte	.LLST69
 7969 12ec 12       		.uleb128 0x12
 7970 12ed 7200     		.ascii	"r\000"
 7971 12ef 01       		.byte	0x1
 7972 12f0 BE02     		.2byte	0x2be
 7973 12f2 A0010000 		.4byte	0x1a0
 7974 12f6 980A0000 		.4byte	.LLST70
 7975 12fa 13       		.uleb128 0x13
 7976 12fb 230B0000 		.4byte	.LASF184
 7977 12ff 01       		.byte	0x1
 7978 1300 BE02     		.2byte	0x2be
 7979 1302 2C000000 		.4byte	0x2c
 7980 1306 B90A0000 		.4byte	.LLST71
 7981 130a 2A       		.uleb128 0x2a
 7982 130b 690B0000 		.4byte	.LASF189
 7983 130f 01       		.byte	0x1
 7984 1310 BE02     		.2byte	0x2be
 7985 1312 A0010000 		.4byte	0x1a0
 7986 1316 02       		.uleb128 0x2
 7987 1317 91       		.byte	0x91
 7988 1318 00       		.sleb128 0
 7989 1319 2A       		.uleb128 0x2a
 7990 131a 7C080000 		.4byte	.LASF172
 7991 131e 01       		.byte	0x1
 7992 131f BE02     		.2byte	0x2be
 7993 1321 B6010000 		.4byte	0x1b6
 7994 1325 02       		.uleb128 0x2
 7995 1326 91       		.byte	0x91
 7996 1327 04       		.sleb128 4
 7997 1328 17       		.uleb128 0x17
 7998 1329 6600     		.ascii	"f\000"
 7999 132b 01       		.byte	0x1
 8000 132c C002     		.2byte	0x2c0
 8001 132e A0010000 		.4byte	0x1a0
 8002 1332 DA0A0000 		.4byte	.LLST72
 8003 1336 15       		.uleb128 0x15
 8004 1337 440B0000 		.4byte	.LASF185
 8005 133b 01       		.byte	0x1
 8006 133c C102     		.2byte	0x2c1
 8007 133e A0010000 		.4byte	0x1a0
 8008 1342 030B0000 		.4byte	.LLST73
 8009 1346 28       		.uleb128 0x28
 8010 1347 4A0B0000 		.4byte	.LASF186
ARM GAS  C:\Users\91819\AppData\Local\Temp\ccy28JmR.s 			page 164


 8011 134b 01       		.byte	0x1
 8012 134c C202     		.2byte	0x2c2
 8013 134e A0010000 		.4byte	0x1a0
 8014 1352 03       		.uleb128 0x3
 8015 1353 91       		.byte	0x91
 8016 1354 BC7F     		.sleb128 -68
 8017 1356 17       		.uleb128 0x17
 8018 1357 7800     		.ascii	"x\000"
 8019 1359 01       		.byte	0x1
 8020 135a C302     		.2byte	0x2c3
 8021 135c A0010000 		.4byte	0x1a0
 8022 1360 2D0B0000 		.4byte	.LLST74
 8023 1364 17       		.uleb128 0x17
 8024 1365 7900     		.ascii	"y\000"
 8025 1367 01       		.byte	0x1
 8026 1368 C402     		.2byte	0x2c4
 8027 136a A0010000 		.4byte	0x1a0
 8028 136e 570B0000 		.4byte	.LLST75
 8029 1372 1C       		.uleb128 0x1c
 8030 1373 94000000 		.4byte	.LVL215
 8031 1377 EE110000 		.4byte	0x11ee
 8032 137b A9130000 		.4byte	0x13a9
 8033 137f 1D       		.uleb128 0x1d
 8034 1380 01       		.uleb128 0x1
 8035 1381 50       		.byte	0x50
 8036 1382 06       		.uleb128 0x6
 8037 1383 75       		.byte	0x75
 8038 1384 00       		.sleb128 0
 8039 1385 91       		.byte	0x91
 8040 1386 50       		.sleb128 -48
 8041 1387 06       		.byte	0x6
 8042 1388 22       		.byte	0x22
 8043 1389 1D       		.uleb128 0x1d
 8044 138a 01       		.uleb128 0x1
 8045 138b 51       		.byte	0x51
 8046 138c 06       		.uleb128 0x6
 8047 138d 91       		.byte	0x91
 8048 138e 54       		.sleb128 -44
 8049 138f 06       		.byte	0x6
 8050 1390 76       		.byte	0x76
 8051 1391 00       		.sleb128 0
 8052 1392 1C       		.byte	0x1c
 8053 1393 1D       		.uleb128 0x1d
 8054 1394 01       		.uleb128 0x1
 8055 1395 52       		.byte	0x52
 8056 1396 09       		.uleb128 0x9
 8057 1397 76       		.byte	0x76
 8058 1398 00       		.sleb128 0
 8059 1399 31       		.byte	0x31
 8060 139a 24       		.byte	0x24
 8061 139b 79       		.byte	0x79
 8062 139c 00       		.sleb128 0
 8063 139d 22       		.byte	0x22
 8064 139e 23       		.byte	0x23
 8065 139f 01       		.uleb128 0x1
 8066 13a0 1D       		.uleb128 0x1d
 8067 13a1 01       		.uleb128 0x1
ARM GAS  C:\Users\91819\AppData\Local\Temp\ccy28JmR.s 			page 165


 8068 13a2 53       		.byte	0x53
 8069 13a3 04       		.uleb128 0x4
 8070 13a4 91       		.byte	0x91
 8071 13a5 40       		.sleb128 -64
 8072 13a6 94       		.byte	0x94
 8073 13a7 02       		.byte	0x2
 8074 13a8 00       		.byte	0
 8075 13a9 1C       		.uleb128 0x1c
 8076 13aa AE000000 		.4byte	.LVL216
 8077 13ae EE110000 		.4byte	0x11ee
 8078 13b2 E0130000 		.4byte	0x13e0
 8079 13b6 1D       		.uleb128 0x1d
 8080 13b7 01       		.uleb128 0x1
 8081 13b8 50       		.byte	0x50
 8082 13b9 06       		.uleb128 0x6
 8083 13ba 91       		.byte	0x91
 8084 13bb 50       		.sleb128 -48
 8085 13bc 06       		.byte	0x6
 8086 13bd 76       		.byte	0x76
 8087 13be 00       		.sleb128 0
 8088 13bf 22       		.byte	0x22
 8089 13c0 1D       		.uleb128 0x1d
 8090 13c1 01       		.uleb128 0x1
 8091 13c2 51       		.byte	0x51
 8092 13c3 06       		.uleb128 0x6
 8093 13c4 91       		.byte	0x91
 8094 13c5 54       		.sleb128 -44
 8095 13c6 06       		.byte	0x6
 8096 13c7 75       		.byte	0x75
 8097 13c8 00       		.sleb128 0
 8098 13c9 1C       		.byte	0x1c
 8099 13ca 1D       		.uleb128 0x1d
 8100 13cb 01       		.uleb128 0x1
 8101 13cc 52       		.byte	0x52
 8102 13cd 09       		.uleb128 0x9
 8103 13ce 75       		.byte	0x75
 8104 13cf 00       		.sleb128 0
 8105 13d0 31       		.byte	0x31
 8106 13d1 24       		.byte	0x24
 8107 13d2 79       		.byte	0x79
 8108 13d3 00       		.sleb128 0
 8109 13d4 22       		.byte	0x22
 8110 13d5 23       		.byte	0x23
 8111 13d6 01       		.uleb128 0x1
 8112 13d7 1D       		.uleb128 0x1d
 8113 13d8 01       		.uleb128 0x1
 8114 13d9 53       		.byte	0x53
 8115 13da 04       		.uleb128 0x4
 8116 13db 91       		.byte	0x91
 8117 13dc 40       		.sleb128 -64
 8118 13dd 94       		.byte	0x94
 8119 13de 02       		.byte	0x2
 8120 13df 00       		.byte	0
 8121 13e0 1C       		.uleb128 0x1c
 8122 13e1 E0000000 		.4byte	.LVL217
 8123 13e5 EE110000 		.4byte	0x11ee
 8124 13e9 17140000 		.4byte	0x1417
ARM GAS  C:\Users\91819\AppData\Local\Temp\ccy28JmR.s 			page 166


 8125 13ed 1D       		.uleb128 0x1d
 8126 13ee 01       		.uleb128 0x1
 8127 13ef 50       		.byte	0x50
 8128 13f0 05       		.uleb128 0x5
 8129 13f1 76       		.byte	0x76
 8130 13f2 00       		.sleb128 0
 8131 13f3 75       		.byte	0x75
 8132 13f4 00       		.sleb128 0
 8133 13f5 1C       		.byte	0x1c
 8134 13f6 1D       		.uleb128 0x1d
 8135 13f7 01       		.uleb128 0x1
 8136 13f8 51       		.byte	0x51
 8137 13f9 06       		.uleb128 0x6
 8138 13fa 91       		.byte	0x91
 8139 13fb 50       		.sleb128 -48
 8140 13fc 06       		.byte	0x6
 8141 13fd 79       		.byte	0x79
 8142 13fe 00       		.sleb128 0
 8143 13ff 1C       		.byte	0x1c
 8144 1400 1D       		.uleb128 0x1d
 8145 1401 01       		.uleb128 0x1
 8146 1402 52       		.byte	0x52
 8147 1403 0A       		.uleb128 0xa
 8148 1404 79       		.byte	0x79
 8149 1405 00       		.sleb128 0
 8150 1406 31       		.byte	0x31
 8151 1407 24       		.byte	0x24
 8152 1408 91       		.byte	0x91
 8153 1409 54       		.sleb128 -44
 8154 140a 06       		.byte	0x6
 8155 140b 22       		.byte	0x22
 8156 140c 23       		.byte	0x23
 8157 140d 01       		.uleb128 0x1
 8158 140e 1D       		.uleb128 0x1d
 8159 140f 01       		.uleb128 0x1
 8160 1410 53       		.byte	0x53
 8161 1411 04       		.uleb128 0x4
 8162 1412 91       		.byte	0x91
 8163 1413 40       		.sleb128 -64
 8164 1414 94       		.byte	0x94
 8165 1415 02       		.byte	0x2
 8166 1416 00       		.byte	0
 8167 1417 1E       		.uleb128 0x1e
 8168 1418 FC000000 		.4byte	.LVL218
 8169 141c EE110000 		.4byte	0x11ee
 8170 1420 1D       		.uleb128 0x1d
 8171 1421 01       		.uleb128 0x1
 8172 1422 50       		.byte	0x50
 8173 1423 05       		.uleb128 0x5
 8174 1424 76       		.byte	0x76
 8175 1425 00       		.sleb128 0
 8176 1426 79       		.byte	0x79
 8177 1427 00       		.sleb128 0
 8178 1428 1C       		.byte	0x1c
 8179 1429 1D       		.uleb128 0x1d
 8180 142a 01       		.uleb128 0x1
 8181 142b 51       		.byte	0x51
ARM GAS  C:\Users\91819\AppData\Local\Temp\ccy28JmR.s 			page 167


 8182 142c 06       		.uleb128 0x6
 8183 142d 91       		.byte	0x91
 8184 142e 50       		.sleb128 -48
 8185 142f 06       		.byte	0x6
 8186 1430 75       		.byte	0x75
 8187 1431 00       		.sleb128 0
 8188 1432 1C       		.byte	0x1c
 8189 1433 1D       		.uleb128 0x1d
 8190 1434 01       		.uleb128 0x1
 8191 1435 52       		.byte	0x52
 8192 1436 0A       		.uleb128 0xa
 8193 1437 75       		.byte	0x75
 8194 1438 00       		.sleb128 0
 8195 1439 31       		.byte	0x31
 8196 143a 24       		.byte	0x24
 8197 143b 91       		.byte	0x91
 8198 143c 54       		.sleb128 -44
 8199 143d 06       		.byte	0x6
 8200 143e 22       		.byte	0x22
 8201 143f 23       		.byte	0x23
 8202 1440 01       		.uleb128 0x1
 8203 1441 1D       		.uleb128 0x1d
 8204 1442 01       		.uleb128 0x1
 8205 1443 53       		.byte	0x53
 8206 1444 04       		.uleb128 0x4
 8207 1445 91       		.byte	0x91
 8208 1446 40       		.sleb128 -64
 8209 1447 94       		.byte	0x94
 8210 1448 02       		.byte	0x2
 8211 1449 00       		.byte	0
 8212 144a 00       		.byte	0
 8213 144b 25       		.uleb128 0x25
 8214 144c 06010000 		.4byte	.LASF190
 8215 1450 01       		.byte	0x1
 8216 1451 3402     		.2byte	0x234
 8217 1453 00000000 		.4byte	.LFB27
 8218 1457 64000000 		.4byte	.LFE27-.LFB27
 8219 145b 01       		.uleb128 0x1
 8220 145c 9C       		.byte	0x9c
 8221 145d 15150000 		.4byte	0x1515
 8222 1461 12       		.uleb128 0x12
 8223 1462 7800     		.ascii	"x\000"
 8224 1464 01       		.byte	0x1
 8225 1465 3402     		.2byte	0x234
 8226 1467 A0010000 		.4byte	0x1a0
 8227 146b 750B0000 		.4byte	.LLST76
 8228 146f 12       		.uleb128 0x12
 8229 1470 7900     		.ascii	"y\000"
 8230 1472 01       		.byte	0x1
 8231 1473 3402     		.2byte	0x234
 8232 1475 A0010000 		.4byte	0x1a0
 8233 1479 960B0000 		.4byte	.LLST77
 8234 147d 12       		.uleb128 0x12
 8235 147e 7700     		.ascii	"w\000"
 8236 1480 01       		.byte	0x1
 8237 1481 3402     		.2byte	0x234
 8238 1483 A0010000 		.4byte	0x1a0
ARM GAS  C:\Users\91819\AppData\Local\Temp\ccy28JmR.s 			page 168


 8239 1487 B70B0000 		.4byte	.LLST78
 8240 148b 13       		.uleb128 0x13
 8241 148c 7C080000 		.4byte	.LASF172
 8242 1490 01       		.byte	0x1
 8243 1491 3402     		.2byte	0x234
 8244 1493 B6010000 		.4byte	0x1b6
 8245 1497 040C0000 		.4byte	.LLST79
 8246 149b 17       		.uleb128 0x17
 8247 149c 686900   		.ascii	"hi\000"
 8248 149f 01       		.byte	0x1
 8249 14a0 3B02     		.2byte	0x23b
 8250 14a2 2C000000 		.4byte	0x2c
 8251 14a6 250C0000 		.4byte	.LLST80
 8252 14aa 17       		.uleb128 0x17
 8253 14ab 6C6F00   		.ascii	"lo\000"
 8254 14ae 01       		.byte	0x1
 8255 14af 3B02     		.2byte	0x23b
 8256 14b1 2C000000 		.4byte	0x2c
 8257 14b5 380C0000 		.4byte	.LLST81
 8258 14b9 1A       		.uleb128 0x1a
 8259 14ba 820A0000 		.4byte	.LASF150
 8260 14be 01       		.byte	0x1
 8261 14bf 9B       		.byte	0x9b
 8262 14c0 73010000 		.4byte	0x173
 8263 14c4 CA140000 		.4byte	0x14ca
 8264 14c8 1B       		.uleb128 0x1b
 8265 14c9 00       		.byte	0
 8266 14ca 1F       		.uleb128 0x1f
 8267 14cb 36000000 		.4byte	.LVL225
 8268 14cf A1070000 		.4byte	0x7a1
 8269 14d3 1C       		.uleb128 0x1c
 8270 14d4 40000000 		.4byte	.LVL228
 8271 14d8 02270000 		.4byte	0x2702
 8272 14dc E6140000 		.4byte	0x14e6
 8273 14e0 1D       		.uleb128 0x1d
 8274 14e1 01       		.uleb128 0x1
 8275 14e2 50       		.byte	0x50
 8276 14e3 01       		.uleb128 0x1
 8277 14e4 31       		.byte	0x31
 8278 14e5 00       		.byte	0
 8279 14e6 1C       		.uleb128 0x1c
 8280 14e7 4A000000 		.4byte	.LVL230
 8281 14eb 25070000 		.4byte	0x725
 8282 14ef FF140000 		.4byte	0x14ff
 8283 14f3 1D       		.uleb128 0x1d
 8284 14f4 01       		.uleb128 0x1
 8285 14f5 50       		.byte	0x50
 8286 14f6 01       		.uleb128 0x1
 8287 14f7 32       		.byte	0x32
 8288 14f8 1D       		.uleb128 0x1d
 8289 14f9 01       		.uleb128 0x1
 8290 14fa 51       		.byte	0x51
 8291 14fb 02       		.uleb128 0x2
 8292 14fc 77       		.byte	0x77
 8293 14fd 00       		.sleb128 0
 8294 14fe 00       		.byte	0
 8295 14ff 1E       		.uleb128 0x1e
ARM GAS  C:\Users\91819\AppData\Local\Temp\ccy28JmR.s 			page 169


 8296 1500 52000000 		.4byte	.LVL231
 8297 1504 25070000 		.4byte	0x725
 8298 1508 1D       		.uleb128 0x1d
 8299 1509 01       		.uleb128 0x1
 8300 150a 50       		.byte	0x50
 8301 150b 01       		.uleb128 0x1
 8302 150c 32       		.byte	0x32
 8303 150d 1D       		.uleb128 0x1d
 8304 150e 01       		.uleb128 0x1
 8305 150f 51       		.byte	0x51
 8306 1510 02       		.uleb128 0x2
 8307 1511 76       		.byte	0x76
 8308 1512 00       		.sleb128 0
 8309 1513 00       		.byte	0
 8310 1514 00       		.byte	0
 8311 1515 25       		.uleb128 0x25
 8312 1516 2B050000 		.4byte	.LASF191
 8313 151a 01       		.byte	0x1
 8314 151b 4602     		.2byte	0x246
 8315 151d 00000000 		.4byte	.LFB28
 8316 1521 AC000000 		.4byte	.LFE28-.LFB28
 8317 1525 01       		.uleb128 0x1
 8318 1526 9C       		.byte	0x9c
 8319 1527 B8160000 		.4byte	0x16b8
 8320 152b 12       		.uleb128 0x12
 8321 152c 783000   		.ascii	"x0\000"
 8322 152f 01       		.byte	0x1
 8323 1530 4602     		.2byte	0x246
 8324 1532 A0010000 		.4byte	0x1a0
 8325 1536 4B0C0000 		.4byte	.LLST82
 8326 153a 12       		.uleb128 0x12
 8327 153b 793000   		.ascii	"y0\000"
 8328 153e 01       		.byte	0x1
 8329 153f 4602     		.2byte	0x246
 8330 1541 A0010000 		.4byte	0x1a0
 8331 1545 8D0C0000 		.4byte	.LLST83
 8332 1549 12       		.uleb128 0x12
 8333 154a 783100   		.ascii	"x1\000"
 8334 154d 01       		.byte	0x1
 8335 154e 4602     		.2byte	0x246
 8336 1550 A0010000 		.4byte	0x1a0
 8337 1554 CF0C0000 		.4byte	.LLST84
 8338 1558 12       		.uleb128 0x12
 8339 1559 793100   		.ascii	"y1\000"
 8340 155c 01       		.byte	0x1
 8341 155d 4602     		.2byte	0x246
 8342 155f A0010000 		.4byte	0x1a0
 8343 1563 FB0C0000 		.4byte	.LLST85
 8344 1567 2A       		.uleb128 0x2a
 8345 1568 7C080000 		.4byte	.LASF172
 8346 156c 01       		.byte	0x1
 8347 156d 4602     		.2byte	0x246
 8348 156f B6010000 		.4byte	0x1b6
 8349 1573 02       		.uleb128 0x2
 8350 1574 91       		.byte	0x91
 8351 1575 00       		.sleb128 0
 8352 1576 15       		.uleb128 0x15
ARM GAS  C:\Users\91819\AppData\Local\Temp\ccy28JmR.s 			page 170


 8353 1577 20060000 		.4byte	.LASF192
 8354 157b 01       		.byte	0x1
 8355 157c 4702     		.2byte	0x247
 8356 157e A0010000 		.4byte	0x1a0
 8357 1582 3D0D0000 		.4byte	.LLST86
 8358 1586 24       		.uleb128 0x24
 8359 1587 39050000 		.4byte	.LASF193
 8360 158b 01       		.byte	0x1
 8361 158c 4702     		.2byte	0x247
 8362 158e 73010000 		.4byte	0x173
 8363 1592 98150000 		.4byte	0x1598
 8364 1596 1B       		.uleb128 0x1b
 8365 1597 00       		.byte	0
 8366 1598 17       		.uleb128 0x17
 8367 1599 647800   		.ascii	"dx\000"
 8368 159c 01       		.byte	0x1
 8369 159d 5202     		.2byte	0x252
 8370 159f A0010000 		.4byte	0x1a0
 8371 15a3 6B0D0000 		.4byte	.LLST87
 8372 15a7 2B       		.uleb128 0x2b
 8373 15a8 647900   		.ascii	"dy\000"
 8374 15ab 01       		.byte	0x1
 8375 15ac 5202     		.2byte	0x252
 8376 15ae A0010000 		.4byte	0x1a0
 8377 15b2 01       		.uleb128 0x1
 8378 15b3 5A       		.byte	0x5a
 8379 15b4 17       		.uleb128 0x17
 8380 15b5 65727200 		.ascii	"err\000"
 8381 15b9 01       		.byte	0x1
 8382 15ba 5602     		.2byte	0x256
 8383 15bc A0010000 		.4byte	0x1a0
 8384 15c0 8A0D0000 		.4byte	.LLST88
 8385 15c4 28       		.uleb128 0x28
 8386 15c5 48090000 		.4byte	.LASF194
 8387 15c9 01       		.byte	0x1
 8388 15ca 5702     		.2byte	0x257
 8389 15cc A0010000 		.4byte	0x1a0
 8390 15d0 01       		.uleb128 0x1
 8391 15d1 5B       		.byte	0x5b
 8392 15d2 14       		.uleb128 0x14
 8393 15d3 2C000000 		.4byte	.LBB7
 8394 15d7 04000000 		.4byte	.LBE7-.LBB7
 8395 15db EA150000 		.4byte	0x15ea
 8396 15df 2C       		.uleb128 0x2c
 8397 15e0 7400     		.ascii	"t\000"
 8398 15e2 01       		.byte	0x1
 8399 15e3 4A02     		.2byte	0x24a
 8400 15e5 A0010000 		.4byte	0x1a0
 8401 15e9 00       		.byte	0
 8402 15ea 14       		.uleb128 0x14
 8403 15eb 32000000 		.4byte	.LBB8
 8404 15ef 04000000 		.4byte	.LBE8-.LBB8
 8405 15f3 02160000 		.4byte	0x1602
 8406 15f7 2C       		.uleb128 0x2c
 8407 15f8 7400     		.ascii	"t\000"
 8408 15fa 01       		.byte	0x1
 8409 15fb 4902     		.2byte	0x249
ARM GAS  C:\Users\91819\AppData\Local\Temp\ccy28JmR.s 			page 171


 8410 15fd A0010000 		.4byte	0x1a0
 8411 1601 00       		.byte	0
 8412 1602 14       		.uleb128 0x14
 8413 1603 3C000000 		.4byte	.LBB9
 8414 1607 04000000 		.4byte	.LBE9-.LBB9
 8415 160b 1A160000 		.4byte	0x161a
 8416 160f 2C       		.uleb128 0x2c
 8417 1610 7400     		.ascii	"t\000"
 8418 1612 01       		.byte	0x1
 8419 1613 4F02     		.2byte	0x24f
 8420 1615 A0010000 		.4byte	0x1a0
 8421 1619 00       		.byte	0
 8422 161a 14       		.uleb128 0x14
 8423 161b 42000000 		.4byte	.LBB10
 8424 161f 04000000 		.4byte	.LBE10-.LBB10
 8425 1623 32160000 		.4byte	0x1632
 8426 1627 2C       		.uleb128 0x2c
 8427 1628 7400     		.ascii	"t\000"
 8428 162a 01       		.byte	0x1
 8429 162b 4E02     		.2byte	0x24e
 8430 162d A0010000 		.4byte	0x1a0
 8431 1631 00       		.byte	0
 8432 1632 1C       		.uleb128 0x1c
 8433 1633 1C000000 		.4byte	.LVL238
 8434 1637 66270000 		.4byte	0x2766
 8435 163b 49160000 		.4byte	0x1649
 8436 163f 1D       		.uleb128 0x1d
 8437 1640 01       		.uleb128 0x1
 8438 1641 50       		.byte	0x50
 8439 1642 05       		.uleb128 0x5
 8440 1643 7B       		.byte	0x7b
 8441 1644 00       		.sleb128 0
 8442 1645 76       		.byte	0x76
 8443 1646 00       		.sleb128 0
 8444 1647 1C       		.byte	0x1c
 8445 1648 00       		.byte	0
 8446 1649 1C       		.uleb128 0x1c
 8447 164a 24000000 		.4byte	.LVL239
 8448 164e 66270000 		.4byte	0x2766
 8449 1652 60160000 		.4byte	0x1660
 8450 1656 1D       		.uleb128 0x1d
 8451 1657 01       		.uleb128 0x1
 8452 1658 50       		.byte	0x50
 8453 1659 05       		.uleb128 0x5
 8454 165a 77       		.byte	0x77
 8455 165b 00       		.sleb128 0
 8456 165c 75       		.byte	0x75
 8457 165d 00       		.sleb128 0
 8458 165e 1C       		.byte	0x1c
 8459 165f 00       		.byte	0
 8460 1660 1C       		.uleb128 0x1c
 8461 1661 56000000 		.4byte	.LVL248
 8462 1665 66270000 		.4byte	0x2766
 8463 1669 77160000 		.4byte	0x1677
 8464 166d 1D       		.uleb128 0x1d
 8465 166e 01       		.uleb128 0x1
 8466 166f 50       		.byte	0x50
ARM GAS  C:\Users\91819\AppData\Local\Temp\ccy28JmR.s 			page 172


 8467 1670 05       		.uleb128 0x5
 8468 1671 7B       		.byte	0x7b
 8469 1672 00       		.sleb128 0
 8470 1673 76       		.byte	0x76
 8471 1674 00       		.sleb128 0
 8472 1675 1C       		.byte	0x1c
 8473 1676 00       		.byte	0
 8474 1677 1C       		.uleb128 0x1c
 8475 1678 7C000000 		.4byte	.LVL256
 8476 167c 4F0F0000 		.4byte	0xf4f
 8477 1680 99160000 		.4byte	0x1699
 8478 1684 1D       		.uleb128 0x1d
 8479 1685 01       		.uleb128 0x1
 8480 1686 50       		.byte	0x50
 8481 1687 02       		.uleb128 0x2
 8482 1688 76       		.byte	0x76
 8483 1689 00       		.sleb128 0
 8484 168a 1D       		.uleb128 0x1d
 8485 168b 01       		.uleb128 0x1
 8486 168c 51       		.byte	0x51
 8487 168d 02       		.uleb128 0x2
 8488 168e 75       		.byte	0x75
 8489 168f 00       		.sleb128 0
 8490 1690 1D       		.uleb128 0x1d
 8491 1691 01       		.uleb128 0x1
 8492 1692 52       		.byte	0x52
 8493 1693 04       		.uleb128 0x4
 8494 1694 7D       		.byte	0x7d
 8495 1695 00       		.sleb128 0
 8496 1696 94       		.byte	0x94
 8497 1697 02       		.byte	0x2
 8498 1698 00       		.byte	0
 8499 1699 1E       		.uleb128 0x1e
 8500 169a 88000000 		.4byte	.LVL257
 8501 169e 4F0F0000 		.4byte	0xf4f
 8502 16a2 1D       		.uleb128 0x1d
 8503 16a3 01       		.uleb128 0x1
 8504 16a4 50       		.byte	0x50
 8505 16a5 02       		.uleb128 0x2
 8506 16a6 75       		.byte	0x75
 8507 16a7 00       		.sleb128 0
 8508 16a8 1D       		.uleb128 0x1d
 8509 16a9 01       		.uleb128 0x1
 8510 16aa 51       		.byte	0x51
 8511 16ab 02       		.uleb128 0x2
 8512 16ac 76       		.byte	0x76
 8513 16ad 00       		.sleb128 0
 8514 16ae 1D       		.uleb128 0x1d
 8515 16af 01       		.uleb128 0x1
 8516 16b0 52       		.byte	0x52
 8517 16b1 04       		.uleb128 0x4
 8518 16b2 7D       		.byte	0x7d
 8519 16b3 00       		.sleb128 0
 8520 16b4 94       		.byte	0x94
 8521 16b5 02       		.byte	0x2
 8522 16b6 00       		.byte	0
 8523 16b7 00       		.byte	0
ARM GAS  C:\Users\91819\AppData\Local\Temp\ccy28JmR.s 			page 173


 8524 16b8 25       		.uleb128 0x25
 8525 16b9 6A080000 		.4byte	.LASF195
 8526 16bd 01       		.byte	0x1
 8527 16be 6D02     		.2byte	0x26d
 8528 16c0 00000000 		.4byte	.LFB29
 8529 16c4 12000000 		.4byte	.LFE29-.LFB29
 8530 16c8 01       		.uleb128 0x1
 8531 16c9 9C       		.byte	0x9c
 8532 16ca EC160000 		.4byte	0x16ec
 8533 16ce 12       		.uleb128 0x12
 8534 16cf 6900     		.ascii	"i\000"
 8535 16d1 01       		.byte	0x1
 8536 16d2 6D02     		.2byte	0x26d
 8537 16d4 81000000 		.4byte	0x81
 8538 16d8 BE0D0000 		.4byte	.LLST89
 8539 16dc 1E       		.uleb128 0x1e
 8540 16dd 10000000 		.4byte	.LVL268
 8541 16e1 25070000 		.4byte	0x725
 8542 16e5 1D       		.uleb128 0x1d
 8543 16e6 01       		.uleb128 0x1
 8544 16e7 50       		.byte	0x50
 8545 16e8 01       		.uleb128 0x1
 8546 16e9 30       		.byte	0x30
 8547 16ea 00       		.byte	0
 8548 16eb 00       		.byte	0
 8549 16ec 25       		.uleb128 0x25
 8550 16ed 14090000 		.4byte	.LASF196
 8551 16f1 01       		.byte	0x1
 8552 16f2 7202     		.2byte	0x272
 8553 16f4 00000000 		.4byte	.LFB30
 8554 16f8 38010000 		.4byte	.LFE30-.LFB30
 8555 16fc 01       		.uleb128 0x1
 8556 16fd 9C       		.byte	0x9c
 8557 16fe 1F190000 		.4byte	0x191f
 8558 1702 12       		.uleb128 0x12
 8559 1703 783000   		.ascii	"x0\000"
 8560 1706 01       		.byte	0x1
 8561 1707 7202     		.2byte	0x272
 8562 1709 A0010000 		.4byte	0x1a0
 8563 170d DF0D0000 		.4byte	.LLST90
 8564 1711 12       		.uleb128 0x12
 8565 1712 793000   		.ascii	"y0\000"
 8566 1715 01       		.byte	0x1
 8567 1716 7202     		.2byte	0x272
 8568 1718 A0010000 		.4byte	0x1a0
 8569 171c 000E0000 		.4byte	.LLST91
 8570 1720 12       		.uleb128 0x12
 8571 1721 7200     		.ascii	"r\000"
 8572 1723 01       		.byte	0x1
 8573 1724 7202     		.2byte	0x272
 8574 1726 A0010000 		.4byte	0x1a0
 8575 172a 1E0E0000 		.4byte	.LLST92
 8576 172e 13       		.uleb128 0x13
 8577 172f 7C080000 		.4byte	.LASF172
 8578 1733 01       		.byte	0x1
 8579 1734 7202     		.2byte	0x272
 8580 1736 B6010000 		.4byte	0x1b6
ARM GAS  C:\Users\91819\AppData\Local\Temp\ccy28JmR.s 			page 174


 8581 173a 4A0E0000 		.4byte	.LLST93
 8582 173e 17       		.uleb128 0x17
 8583 173f 6600     		.ascii	"f\000"
 8584 1741 01       		.byte	0x1
 8585 1742 7302     		.2byte	0x273
 8586 1744 A0010000 		.4byte	0x1a0
 8587 1748 6B0E0000 		.4byte	.LLST94
 8588 174c 15       		.uleb128 0x15
 8589 174d 440B0000 		.4byte	.LASF185
 8590 1751 01       		.byte	0x1
 8591 1752 7402     		.2byte	0x274
 8592 1754 A0010000 		.4byte	0x1a0
 8593 1758 940E0000 		.4byte	.LLST95
 8594 175c 28       		.uleb128 0x28
 8595 175d 4A0B0000 		.4byte	.LASF186
 8596 1761 01       		.byte	0x1
 8597 1762 7502     		.2byte	0x275
 8598 1764 A0010000 		.4byte	0x1a0
 8599 1768 02       		.uleb128 0x2
 8600 1769 91       		.byte	0x91
 8601 176a 54       		.sleb128 -44
 8602 176b 17       		.uleb128 0x17
 8603 176c 7800     		.ascii	"x\000"
 8604 176e 01       		.byte	0x1
 8605 176f 7602     		.2byte	0x276
 8606 1771 A0010000 		.4byte	0x1a0
 8607 1775 B40E0000 		.4byte	.LLST96
 8608 1779 2B       		.uleb128 0x2b
 8609 177a 7900     		.ascii	"y\000"
 8610 177c 01       		.byte	0x1
 8611 177d 7702     		.2byte	0x277
 8612 177f A0010000 		.4byte	0x1a0
 8613 1783 02       		.uleb128 0x2
 8614 1784 91       		.byte	0x91
 8615 1785 48       		.sleb128 -56
 8616 1786 1C       		.uleb128 0x1c
 8617 1787 32000000 		.4byte	.LVL275
 8618 178b 4F0F0000 		.4byte	0xf4f
 8619 178f A9170000 		.4byte	0x17a9
 8620 1793 1D       		.uleb128 0x1d
 8621 1794 01       		.uleb128 0x1
 8622 1795 50       		.byte	0x50
 8623 1796 02       		.uleb128 0x2
 8624 1797 7A       		.byte	0x7a
 8625 1798 00       		.sleb128 0
 8626 1799 1D       		.uleb128 0x1d
 8627 179a 01       		.uleb128 0x1
 8628 179b 51       		.byte	0x51
 8629 179c 05       		.uleb128 0x5
 8630 179d 75       		.byte	0x75
 8631 179e 00       		.sleb128 0
 8632 179f 7B       		.byte	0x7b
 8633 17a0 00       		.sleb128 0
 8634 17a1 22       		.byte	0x22
 8635 17a2 1D       		.uleb128 0x1d
 8636 17a3 01       		.uleb128 0x1
 8637 17a4 52       		.byte	0x52
ARM GAS  C:\Users\91819\AppData\Local\Temp\ccy28JmR.s 			page 175


 8638 17a5 02       		.uleb128 0x2
 8639 17a6 77       		.byte	0x77
 8640 17a7 00       		.sleb128 0
 8641 17a8 00       		.byte	0
 8642 17a9 1C       		.uleb128 0x1c
 8643 17aa 40000000 		.4byte	.LVL276
 8644 17ae 4F0F0000 		.4byte	0xf4f
 8645 17b2 CC170000 		.4byte	0x17cc
 8646 17b6 1D       		.uleb128 0x1d
 8647 17b7 01       		.uleb128 0x1
 8648 17b8 50       		.byte	0x50
 8649 17b9 02       		.uleb128 0x2
 8650 17ba 7A       		.byte	0x7a
 8651 17bb 00       		.sleb128 0
 8652 17bc 1D       		.uleb128 0x1d
 8653 17bd 01       		.uleb128 0x1
 8654 17be 51       		.byte	0x51
 8655 17bf 05       		.uleb128 0x5
 8656 17c0 7B       		.byte	0x7b
 8657 17c1 00       		.sleb128 0
 8658 17c2 75       		.byte	0x75
 8659 17c3 00       		.sleb128 0
 8660 17c4 1C       		.byte	0x1c
 8661 17c5 1D       		.uleb128 0x1d
 8662 17c6 01       		.uleb128 0x1
 8663 17c7 52       		.byte	0x52
 8664 17c8 02       		.uleb128 0x2
 8665 17c9 77       		.byte	0x77
 8666 17ca 00       		.sleb128 0
 8667 17cb 00       		.byte	0
 8668 17cc 1C       		.uleb128 0x1c
 8669 17cd 52000000 		.4byte	.LVL277
 8670 17d1 4F0F0000 		.4byte	0xf4f
 8671 17d5 EF170000 		.4byte	0x17ef
 8672 17d9 1D       		.uleb128 0x1d
 8673 17da 01       		.uleb128 0x1
 8674 17db 50       		.byte	0x50
 8675 17dc 05       		.uleb128 0x5
 8676 17dd 75       		.byte	0x75
 8677 17de 00       		.sleb128 0
 8678 17df 7A       		.byte	0x7a
 8679 17e0 00       		.sleb128 0
 8680 17e1 22       		.byte	0x22
 8681 17e2 1D       		.uleb128 0x1d
 8682 17e3 01       		.uleb128 0x1
 8683 17e4 51       		.byte	0x51
 8684 17e5 02       		.uleb128 0x2
 8685 17e6 76       		.byte	0x76
 8686 17e7 00       		.sleb128 0
 8687 17e8 1D       		.uleb128 0x1d
 8688 17e9 01       		.uleb128 0x1
 8689 17ea 52       		.byte	0x52
 8690 17eb 02       		.uleb128 0x2
 8691 17ec 77       		.byte	0x77
 8692 17ed 00       		.sleb128 0
 8693 17ee 00       		.byte	0
 8694 17ef 1C       		.uleb128 0x1c
ARM GAS  C:\Users\91819\AppData\Local\Temp\ccy28JmR.s 			page 176


 8695 17f0 60000000 		.4byte	.LVL278
 8696 17f4 4F0F0000 		.4byte	0xf4f
 8697 17f8 12180000 		.4byte	0x1812
 8698 17fc 1D       		.uleb128 0x1d
 8699 17fd 01       		.uleb128 0x1
 8700 17fe 50       		.byte	0x50
 8701 17ff 05       		.uleb128 0x5
 8702 1800 7A       		.byte	0x7a
 8703 1801 00       		.sleb128 0
 8704 1802 75       		.byte	0x75
 8705 1803 00       		.sleb128 0
 8706 1804 1C       		.byte	0x1c
 8707 1805 1D       		.uleb128 0x1d
 8708 1806 01       		.uleb128 0x1
 8709 1807 51       		.byte	0x51
 8710 1808 02       		.uleb128 0x2
 8711 1809 76       		.byte	0x76
 8712 180a 00       		.sleb128 0
 8713 180b 1D       		.uleb128 0x1d
 8714 180c 01       		.uleb128 0x1
 8715 180d 52       		.byte	0x52
 8716 180e 02       		.uleb128 0x2
 8717 180f 77       		.byte	0x77
 8718 1810 00       		.sleb128 0
 8719 1811 00       		.byte	0
 8720 1812 1C       		.uleb128 0x1c
 8721 1813 BA000000 		.4byte	.LVL288
 8722 1817 4F0F0000 		.4byte	0xf4f
 8723 181b 36180000 		.4byte	0x1836
 8724 181f 1D       		.uleb128 0x1d
 8725 1820 01       		.uleb128 0x1
 8726 1821 50       		.byte	0x50
 8727 1822 04       		.uleb128 0x4
 8728 1823 91       		.byte	0x91
 8729 1824 50       		.sleb128 -48
 8730 1825 94       		.byte	0x94
 8731 1826 02       		.byte	0x2
 8732 1827 1D       		.uleb128 0x1d
 8733 1828 01       		.uleb128 0x1
 8734 1829 51       		.byte	0x51
 8735 182a 02       		.uleb128 0x2
 8736 182b 78       		.byte	0x78
 8737 182c 00       		.sleb128 0
 8738 182d 1D       		.uleb128 0x1d
 8739 182e 01       		.uleb128 0x1
 8740 182f 52       		.byte	0x52
 8741 1830 04       		.uleb128 0x4
 8742 1831 91       		.byte	0x91
 8743 1832 44       		.sleb128 -60
 8744 1833 94       		.byte	0x94
 8745 1834 02       		.byte	0x2
 8746 1835 00       		.byte	0
 8747 1836 1C       		.uleb128 0x1c
 8748 1837 CA000000 		.4byte	.LVL289
 8749 183b 4F0F0000 		.4byte	0xf4f
 8750 183f 58180000 		.4byte	0x1858
 8751 1843 1D       		.uleb128 0x1d
ARM GAS  C:\Users\91819\AppData\Local\Temp\ccy28JmR.s 			page 177


 8752 1844 01       		.uleb128 0x1
 8753 1845 50       		.byte	0x50
 8754 1846 02       		.uleb128 0x2
 8755 1847 77       		.byte	0x77
 8756 1848 00       		.sleb128 0
 8757 1849 1D       		.uleb128 0x1d
 8758 184a 01       		.uleb128 0x1
 8759 184b 51       		.byte	0x51
 8760 184c 02       		.uleb128 0x2
 8761 184d 78       		.byte	0x78
 8762 184e 00       		.sleb128 0
 8763 184f 1D       		.uleb128 0x1d
 8764 1850 01       		.uleb128 0x1
 8765 1851 52       		.byte	0x52
 8766 1852 04       		.uleb128 0x4
 8767 1853 91       		.byte	0x91
 8768 1854 44       		.sleb128 -60
 8769 1855 94       		.byte	0x94
 8770 1856 02       		.byte	0x2
 8771 1857 00       		.byte	0
 8772 1858 1C       		.uleb128 0x1c
 8773 1859 DC000000 		.4byte	.LVL290
 8774 185d 4F0F0000 		.4byte	0xf4f
 8775 1861 7C180000 		.4byte	0x187c
 8776 1865 1D       		.uleb128 0x1d
 8777 1866 01       		.uleb128 0x1
 8778 1867 50       		.byte	0x50
 8779 1868 04       		.uleb128 0x4
 8780 1869 91       		.byte	0x91
 8781 186a 50       		.sleb128 -48
 8782 186b 94       		.byte	0x94
 8783 186c 02       		.byte	0x2
 8784 186d 1D       		.uleb128 0x1d
 8785 186e 01       		.uleb128 0x1
 8786 186f 51       		.byte	0x51
 8787 1870 02       		.uleb128 0x2
 8788 1871 78       		.byte	0x78
 8789 1872 00       		.sleb128 0
 8790 1873 1D       		.uleb128 0x1d
 8791 1874 01       		.uleb128 0x1
 8792 1875 52       		.byte	0x52
 8793 1876 04       		.uleb128 0x4
 8794 1877 91       		.byte	0x91
 8795 1878 44       		.sleb128 -60
 8796 1879 94       		.byte	0x94
 8797 187a 02       		.byte	0x2
 8798 187b 00       		.byte	0
 8799 187c 1C       		.uleb128 0x1c
 8800 187d E6000000 		.4byte	.LVL291
 8801 1881 4F0F0000 		.4byte	0xf4f
 8802 1885 9E180000 		.4byte	0x189e
 8803 1889 1D       		.uleb128 0x1d
 8804 188a 01       		.uleb128 0x1
 8805 188b 50       		.byte	0x50
 8806 188c 02       		.uleb128 0x2
 8807 188d 77       		.byte	0x77
 8808 188e 00       		.sleb128 0
ARM GAS  C:\Users\91819\AppData\Local\Temp\ccy28JmR.s 			page 178


 8809 188f 1D       		.uleb128 0x1d
 8810 1890 01       		.uleb128 0x1
 8811 1891 51       		.byte	0x51
 8812 1892 02       		.uleb128 0x2
 8813 1893 78       		.byte	0x78
 8814 1894 00       		.sleb128 0
 8815 1895 1D       		.uleb128 0x1d
 8816 1896 01       		.uleb128 0x1
 8817 1897 52       		.byte	0x52
 8818 1898 04       		.uleb128 0x4
 8819 1899 91       		.byte	0x91
 8820 189a 44       		.sleb128 -60
 8821 189b 94       		.byte	0x94
 8822 189c 02       		.byte	0x2
 8823 189d 00       		.byte	0
 8824 189e 1C       		.uleb128 0x1c
 8825 189f FE000000 		.4byte	.LVL292
 8826 18a3 4F0F0000 		.4byte	0xf4f
 8827 18a7 C0180000 		.4byte	0x18c0
 8828 18ab 1D       		.uleb128 0x1d
 8829 18ac 01       		.uleb128 0x1
 8830 18ad 50       		.byte	0x50
 8831 18ae 02       		.uleb128 0x2
 8832 18af 77       		.byte	0x77
 8833 18b0 00       		.sleb128 0
 8834 18b1 1D       		.uleb128 0x1d
 8835 18b2 01       		.uleb128 0x1
 8836 18b3 51       		.byte	0x51
 8837 18b4 02       		.uleb128 0x2
 8838 18b5 78       		.byte	0x78
 8839 18b6 00       		.sleb128 0
 8840 18b7 1D       		.uleb128 0x1d
 8841 18b8 01       		.uleb128 0x1
 8842 18b9 52       		.byte	0x52
 8843 18ba 04       		.uleb128 0x4
 8844 18bb 91       		.byte	0x91
 8845 18bc 44       		.sleb128 -60
 8846 18bd 94       		.byte	0x94
 8847 18be 02       		.byte	0x2
 8848 18bf 00       		.byte	0
 8849 18c0 1C       		.uleb128 0x1c
 8850 18c1 0E010000 		.4byte	.LVL293
 8851 18c5 4F0F0000 		.4byte	0xf4f
 8852 18c9 E2180000 		.4byte	0x18e2
 8853 18cd 1D       		.uleb128 0x1d
 8854 18ce 01       		.uleb128 0x1
 8855 18cf 50       		.byte	0x50
 8856 18d0 02       		.uleb128 0x2
 8857 18d1 76       		.byte	0x76
 8858 18d2 00       		.sleb128 0
 8859 18d3 1D       		.uleb128 0x1d
 8860 18d4 01       		.uleb128 0x1
 8861 18d5 51       		.byte	0x51
 8862 18d6 02       		.uleb128 0x2
 8863 18d7 78       		.byte	0x78
 8864 18d8 00       		.sleb128 0
 8865 18d9 1D       		.uleb128 0x1d
ARM GAS  C:\Users\91819\AppData\Local\Temp\ccy28JmR.s 			page 179


 8866 18da 01       		.uleb128 0x1
 8867 18db 52       		.byte	0x52
 8868 18dc 04       		.uleb128 0x4
 8869 18dd 91       		.byte	0x91
 8870 18de 44       		.sleb128 -60
 8871 18df 94       		.byte	0x94
 8872 18e0 02       		.byte	0x2
 8873 18e1 00       		.byte	0
 8874 18e2 1C       		.uleb128 0x1c
 8875 18e3 22010000 		.4byte	.LVL294
 8876 18e7 4F0F0000 		.4byte	0xf4f
 8877 18eb 02190000 		.4byte	0x1902
 8878 18ef 1D       		.uleb128 0x1d
 8879 18f0 01       		.uleb128 0x1
 8880 18f1 50       		.byte	0x50
 8881 18f2 02       		.uleb128 0x2
 8882 18f3 77       		.byte	0x77
 8883 18f4 00       		.sleb128 0
 8884 18f5 1D       		.uleb128 0x1d
 8885 18f6 01       		.uleb128 0x1
 8886 18f7 51       		.byte	0x51
 8887 18f8 02       		.uleb128 0x2
 8888 18f9 75       		.byte	0x75
 8889 18fa 00       		.sleb128 0
 8890 18fb 1D       		.uleb128 0x1d
 8891 18fc 01       		.uleb128 0x1
 8892 18fd 52       		.byte	0x52
 8893 18fe 02       		.uleb128 0x2
 8894 18ff 78       		.byte	0x78
 8895 1900 00       		.sleb128 0
 8896 1901 00       		.byte	0
 8897 1902 1E       		.uleb128 0x1e
 8898 1903 2C010000 		.4byte	.LVL295
 8899 1907 4F0F0000 		.4byte	0xf4f
 8900 190b 1D       		.uleb128 0x1d
 8901 190c 01       		.uleb128 0x1
 8902 190d 50       		.byte	0x50
 8903 190e 02       		.uleb128 0x2
 8904 190f 76       		.byte	0x76
 8905 1910 00       		.sleb128 0
 8906 1911 1D       		.uleb128 0x1d
 8907 1912 01       		.uleb128 0x1
 8908 1913 51       		.byte	0x51
 8909 1914 02       		.uleb128 0x2
 8910 1915 75       		.byte	0x75
 8911 1916 00       		.sleb128 0
 8912 1917 1D       		.uleb128 0x1d
 8913 1918 01       		.uleb128 0x1
 8914 1919 52       		.byte	0x52
 8915 191a 02       		.uleb128 0x2
 8916 191b 78       		.byte	0x78
 8917 191c 00       		.sleb128 0
 8918 191d 00       		.byte	0
 8919 191e 00       		.byte	0
 8920 191f 25       		.uleb128 0x25
 8921 1920 95020000 		.4byte	.LASF197
 8922 1924 01       		.byte	0x1
ARM GAS  C:\Users\91819\AppData\Local\Temp\ccy28JmR.s 			page 180


 8923 1925 B702     		.2byte	0x2b7
 8924 1927 00000000 		.4byte	.LFB32
 8925 192b 32000000 		.4byte	.LFE32-.LFB32
 8926 192f 01       		.uleb128 0x1
 8927 1930 9C       		.byte	0x9c
 8928 1931 D7190000 		.4byte	0x19d7
 8929 1935 12       		.uleb128 0x12
 8930 1936 783000   		.ascii	"x0\000"
 8931 1939 01       		.byte	0x1
 8932 193a B702     		.2byte	0x2b7
 8933 193c A0010000 		.4byte	0x1a0
 8934 1940 D30E0000 		.4byte	.LLST97
 8935 1944 12       		.uleb128 0x12
 8936 1945 793000   		.ascii	"y0\000"
 8937 1948 01       		.byte	0x1
 8938 1949 B702     		.2byte	0x2b7
 8939 194b A0010000 		.4byte	0x1a0
 8940 194f F40E0000 		.4byte	.LLST98
 8941 1953 12       		.uleb128 0x12
 8942 1954 7200     		.ascii	"r\000"
 8943 1956 01       		.byte	0x1
 8944 1957 B702     		.2byte	0x2b7
 8945 1959 A0010000 		.4byte	0x1a0
 8946 195d 150F0000 		.4byte	.LLST99
 8947 1961 13       		.uleb128 0x13
 8948 1962 7C080000 		.4byte	.LASF172
 8949 1966 01       		.byte	0x1
 8950 1967 B702     		.2byte	0x2b7
 8951 1969 B6010000 		.4byte	0x1b6
 8952 196d 410F0000 		.4byte	.LLST100
 8953 1971 1C       		.uleb128 0x1c
 8954 1972 1C000000 		.4byte	.LVL300
 8955 1976 EE110000 		.4byte	0x11ee
 8956 197a A8190000 		.4byte	0x19a8
 8957 197e 1D       		.uleb128 0x1d
 8958 197f 01       		.uleb128 0x1
 8959 1980 50       		.byte	0x50
 8960 1981 02       		.uleb128 0x2
 8961 1982 76       		.byte	0x76
 8962 1983 00       		.sleb128 0
 8963 1984 1D       		.uleb128 0x1d
 8964 1985 01       		.uleb128 0x1
 8965 1986 51       		.byte	0x51
 8966 1987 0A       		.uleb128 0xa
 8967 1988 74       		.byte	0x74
 8968 1989 00       		.sleb128 0
 8969 198a F3       		.byte	0xf3
 8970 198b 01       		.uleb128 0x1
 8971 198c 52       		.byte	0x52
 8972 198d 0A       		.byte	0xa
 8973 198e FFFF     		.2byte	0xffff
 8974 1990 1A       		.byte	0x1a
 8975 1991 1C       		.byte	0x1c
 8976 1992 1D       		.uleb128 0x1d
 8977 1993 01       		.uleb128 0x1
 8978 1994 52       		.byte	0x52
 8979 1995 0B       		.uleb128 0xb
ARM GAS  C:\Users\91819\AppData\Local\Temp\ccy28JmR.s 			page 181


 8980 1996 F3       		.byte	0xf3
 8981 1997 01       		.uleb128 0x1
 8982 1998 52       		.byte	0x52
 8983 1999 0A       		.byte	0xa
 8984 199a FFFF     		.2byte	0xffff
 8985 199c 1A       		.byte	0x1a
 8986 199d 31       		.byte	0x31
 8987 199e 24       		.byte	0x24
 8988 199f 23       		.byte	0x23
 8989 19a0 01       		.uleb128 0x1
 8990 19a1 1D       		.uleb128 0x1d
 8991 19a2 01       		.uleb128 0x1
 8992 19a3 53       		.byte	0x53
 8993 19a4 02       		.uleb128 0x2
 8994 19a5 77       		.byte	0x77
 8995 19a6 00       		.sleb128 0
 8996 19a7 00       		.byte	0
 8997 19a8 1E       		.uleb128 0x1e
 8998 19a9 2E000000 		.4byte	.LVL301
 8999 19ad B8120000 		.4byte	0x12b8
 9000 19b1 1D       		.uleb128 0x1d
 9001 19b2 01       		.uleb128 0x1
 9002 19b3 50       		.byte	0x50
 9003 19b4 02       		.uleb128 0x2
 9004 19b5 76       		.byte	0x76
 9005 19b6 00       		.sleb128 0
 9006 19b7 1D       		.uleb128 0x1d
 9007 19b8 01       		.uleb128 0x1
 9008 19b9 51       		.byte	0x51
 9009 19ba 02       		.uleb128 0x2
 9010 19bb 74       		.byte	0x74
 9011 19bc 00       		.sleb128 0
 9012 19bd 1D       		.uleb128 0x1d
 9013 19be 01       		.uleb128 0x1
 9014 19bf 52       		.byte	0x52
 9015 19c0 02       		.uleb128 0x2
 9016 19c1 75       		.byte	0x75
 9017 19c2 00       		.sleb128 0
 9018 19c3 1D       		.uleb128 0x1d
 9019 19c4 01       		.uleb128 0x1
 9020 19c5 53       		.byte	0x53
 9021 19c6 01       		.uleb128 0x1
 9022 19c7 33       		.byte	0x33
 9023 19c8 1D       		.uleb128 0x1d
 9024 19c9 02       		.uleb128 0x2
 9025 19ca 7D       		.byte	0x7d
 9026 19cb 00       		.sleb128 0
 9027 19cc 01       		.uleb128 0x1
 9028 19cd 30       		.byte	0x30
 9029 19ce 1D       		.uleb128 0x1d
 9030 19cf 02       		.uleb128 0x2
 9031 19d0 7D       		.byte	0x7d
 9032 19d1 04       		.sleb128 4
 9033 19d2 02       		.uleb128 0x2
 9034 19d3 77       		.byte	0x77
 9035 19d4 00       		.sleb128 0
 9036 19d5 00       		.byte	0
ARM GAS  C:\Users\91819\AppData\Local\Temp\ccy28JmR.s 			page 182


 9037 19d6 00       		.byte	0
 9038 19d7 25       		.uleb128 0x25
 9039 19d8 48000000 		.4byte	.LASF198
 9040 19dc 01       		.byte	0x1
 9041 19dd DC02     		.2byte	0x2dc
 9042 19df 00000000 		.4byte	.LFB34
 9043 19e3 42000000 		.4byte	.LFE34-.LFB34
 9044 19e7 01       		.uleb128 0x1
 9045 19e8 9C       		.byte	0x9c
 9046 19e9 D81A0000 		.4byte	0x1ad8
 9047 19ed 12       		.uleb128 0x12
 9048 19ee 783000   		.ascii	"x0\000"
 9049 19f1 01       		.byte	0x1
 9050 19f2 DC02     		.2byte	0x2dc
 9051 19f4 A0010000 		.4byte	0x1a0
 9052 19f8 620F0000 		.4byte	.LLST101
 9053 19fc 12       		.uleb128 0x12
 9054 19fd 793000   		.ascii	"y0\000"
 9055 1a00 01       		.byte	0x1
 9056 1a01 DC02     		.2byte	0x2dc
 9057 1a03 A0010000 		.4byte	0x1a0
 9058 1a07 830F0000 		.4byte	.LLST102
 9059 1a0b 12       		.uleb128 0x12
 9060 1a0c 783100   		.ascii	"x1\000"
 9061 1a0f 01       		.byte	0x1
 9062 1a10 DC02     		.2byte	0x2dc
 9063 1a12 A0010000 		.4byte	0x1a0
 9064 1a16 A40F0000 		.4byte	.LLST103
 9065 1a1a 12       		.uleb128 0x12
 9066 1a1b 793100   		.ascii	"y1\000"
 9067 1a1e 01       		.byte	0x1
 9068 1a1f DC02     		.2byte	0x2dc
 9069 1a21 A0010000 		.4byte	0x1a0
 9070 1a25 C50F0000 		.4byte	.LLST104
 9071 1a29 26       		.uleb128 0x26
 9072 1a2a 783200   		.ascii	"x2\000"
 9073 1a2d 01       		.byte	0x1
 9074 1a2e DC02     		.2byte	0x2dc
 9075 1a30 A0010000 		.4byte	0x1a0
 9076 1a34 02       		.uleb128 0x2
 9077 1a35 91       		.byte	0x91
 9078 1a36 00       		.sleb128 0
 9079 1a37 26       		.uleb128 0x26
 9080 1a38 793200   		.ascii	"y2\000"
 9081 1a3b 01       		.byte	0x1
 9082 1a3c DC02     		.2byte	0x2dc
 9083 1a3e A0010000 		.4byte	0x1a0
 9084 1a42 02       		.uleb128 0x2
 9085 1a43 91       		.byte	0x91
 9086 1a44 04       		.sleb128 4
 9087 1a45 2A       		.uleb128 0x2a
 9088 1a46 7C080000 		.4byte	.LASF172
 9089 1a4a 01       		.byte	0x1
 9090 1a4b DC02     		.2byte	0x2dc
 9091 1a4d B6010000 		.4byte	0x1b6
 9092 1a51 02       		.uleb128 0x2
 9093 1a52 91       		.byte	0x91
ARM GAS  C:\Users\91819\AppData\Local\Temp\ccy28JmR.s 			page 183


 9094 1a53 08       		.sleb128 8
 9095 1a54 1C       		.uleb128 0x1c
 9096 1a55 20000000 		.4byte	.LVL303
 9097 1a59 15150000 		.4byte	0x1515
 9098 1a5d 811A0000 		.4byte	0x1a81
 9099 1a61 1D       		.uleb128 0x1d
 9100 1a62 01       		.uleb128 0x1
 9101 1a63 50       		.byte	0x50
 9102 1a64 02       		.uleb128 0x2
 9103 1a65 77       		.byte	0x77
 9104 1a66 00       		.sleb128 0
 9105 1a67 1D       		.uleb128 0x1d
 9106 1a68 01       		.uleb128 0x1
 9107 1a69 51       		.byte	0x51
 9108 1a6a 02       		.uleb128 0x2
 9109 1a6b 78       		.byte	0x78
 9110 1a6c 00       		.sleb128 0
 9111 1a6d 1D       		.uleb128 0x1d
 9112 1a6e 01       		.uleb128 0x1
 9113 1a6f 52       		.byte	0x52
 9114 1a70 02       		.uleb128 0x2
 9115 1a71 79       		.byte	0x79
 9116 1a72 00       		.sleb128 0
 9117 1a73 1D       		.uleb128 0x1d
 9118 1a74 01       		.uleb128 0x1
 9119 1a75 53       		.byte	0x53
 9120 1a76 02       		.uleb128 0x2
 9121 1a77 7A       		.byte	0x7a
 9122 1a78 00       		.sleb128 0
 9123 1a79 1D       		.uleb128 0x1d
 9124 1a7a 02       		.uleb128 0x2
 9125 1a7b 7D       		.byte	0x7d
 9126 1a7c 00       		.sleb128 0
 9127 1a7d 02       		.uleb128 0x2
 9128 1a7e 74       		.byte	0x74
 9129 1a7f 00       		.sleb128 0
 9130 1a80 00       		.byte	0
 9131 1a81 1C       		.uleb128 0x1c
 9132 1a82 2E000000 		.4byte	.LVL304
 9133 1a86 15150000 		.4byte	0x1515
 9134 1a8a AE1A0000 		.4byte	0x1aae
 9135 1a8e 1D       		.uleb128 0x1d
 9136 1a8f 01       		.uleb128 0x1
 9137 1a90 50       		.byte	0x50
 9138 1a91 02       		.uleb128 0x2
 9139 1a92 79       		.byte	0x79
 9140 1a93 00       		.sleb128 0
 9141 1a94 1D       		.uleb128 0x1d
 9142 1a95 01       		.uleb128 0x1
 9143 1a96 51       		.byte	0x51
 9144 1a97 02       		.uleb128 0x2
 9145 1a98 7A       		.byte	0x7a
 9146 1a99 00       		.sleb128 0
 9147 1a9a 1D       		.uleb128 0x1d
 9148 1a9b 01       		.uleb128 0x1
 9149 1a9c 52       		.byte	0x52
 9150 1a9d 02       		.uleb128 0x2
ARM GAS  C:\Users\91819\AppData\Local\Temp\ccy28JmR.s 			page 184


 9151 1a9e 75       		.byte	0x75
 9152 1a9f 00       		.sleb128 0
 9153 1aa0 1D       		.uleb128 0x1d
 9154 1aa1 01       		.uleb128 0x1
 9155 1aa2 53       		.byte	0x53
 9156 1aa3 02       		.uleb128 0x2
 9157 1aa4 76       		.byte	0x76
 9158 1aa5 00       		.sleb128 0
 9159 1aa6 1D       		.uleb128 0x1d
 9160 1aa7 02       		.uleb128 0x2
 9161 1aa8 7D       		.byte	0x7d
 9162 1aa9 00       		.sleb128 0
 9163 1aaa 02       		.uleb128 0x2
 9164 1aab 74       		.byte	0x74
 9165 1aac 00       		.sleb128 0
 9166 1aad 00       		.byte	0
 9167 1aae 1E       		.uleb128 0x1e
 9168 1aaf 3C000000 		.4byte	.LVL305
 9169 1ab3 15150000 		.4byte	0x1515
 9170 1ab7 1D       		.uleb128 0x1d
 9171 1ab8 01       		.uleb128 0x1
 9172 1ab9 50       		.byte	0x50
 9173 1aba 02       		.uleb128 0x2
 9174 1abb 75       		.byte	0x75
 9175 1abc 00       		.sleb128 0
 9176 1abd 1D       		.uleb128 0x1d
 9177 1abe 01       		.uleb128 0x1
 9178 1abf 51       		.byte	0x51
 9179 1ac0 02       		.uleb128 0x2
 9180 1ac1 76       		.byte	0x76
 9181 1ac2 00       		.sleb128 0
 9182 1ac3 1D       		.uleb128 0x1d
 9183 1ac4 01       		.uleb128 0x1
 9184 1ac5 52       		.byte	0x52
 9185 1ac6 02       		.uleb128 0x2
 9186 1ac7 77       		.byte	0x77
 9187 1ac8 00       		.sleb128 0
 9188 1ac9 1D       		.uleb128 0x1d
 9189 1aca 01       		.uleb128 0x1
 9190 1acb 53       		.byte	0x53
 9191 1acc 02       		.uleb128 0x2
 9192 1acd 78       		.byte	0x78
 9193 1ace 00       		.sleb128 0
 9194 1acf 1D       		.uleb128 0x1d
 9195 1ad0 02       		.uleb128 0x2
 9196 1ad1 7D       		.byte	0x7d
 9197 1ad2 00       		.sleb128 0
 9198 1ad3 02       		.uleb128 0x2
 9199 1ad4 74       		.byte	0x74
 9200 1ad5 00       		.sleb128 0
 9201 1ad6 00       		.byte	0
 9202 1ad7 00       		.byte	0
 9203 1ad8 25       		.uleb128 0x25
 9204 1ad9 B2080000 		.4byte	.LASF199
 9205 1add 01       		.byte	0x1
 9206 1ade E302     		.2byte	0x2e3
 9207 1ae0 00000000 		.4byte	.LFB35
ARM GAS  C:\Users\91819\AppData\Local\Temp\ccy28JmR.s 			page 185


 9208 1ae4 76010000 		.4byte	.LFE35-.LFB35
 9209 1ae8 01       		.uleb128 0x1
 9210 1ae9 9C       		.byte	0x9c
 9211 1aea F81C0000 		.4byte	0x1cf8
 9212 1aee 12       		.uleb128 0x12
 9213 1aef 783000   		.ascii	"x0\000"
 9214 1af2 01       		.byte	0x1
 9215 1af3 E302     		.2byte	0x2e3
 9216 1af5 A0010000 		.4byte	0x1a0
 9217 1af9 E60F0000 		.4byte	.LLST105
 9218 1afd 12       		.uleb128 0x12
 9219 1afe 793000   		.ascii	"y0\000"
 9220 1b01 01       		.byte	0x1
 9221 1b02 E302     		.2byte	0x2e3
 9222 1b04 A0010000 		.4byte	0x1a0
 9223 1b08 33100000 		.4byte	.LLST106
 9224 1b0c 12       		.uleb128 0x12
 9225 1b0d 783100   		.ascii	"x1\000"
 9226 1b10 01       		.byte	0x1
 9227 1b11 E302     		.2byte	0x2e3
 9228 1b13 A0010000 		.4byte	0x1a0
 9229 1b17 5E100000 		.4byte	.LLST107
 9230 1b1b 12       		.uleb128 0x12
 9231 1b1c 793100   		.ascii	"y1\000"
 9232 1b1f 01       		.byte	0x1
 9233 1b20 E302     		.2byte	0x2e3
 9234 1b22 A0010000 		.4byte	0x1a0
 9235 1b26 AA100000 		.4byte	.LLST108
 9236 1b2a 12       		.uleb128 0x12
 9237 1b2b 783200   		.ascii	"x2\000"
 9238 1b2e 01       		.byte	0x1
 9239 1b2f E302     		.2byte	0x2e3
 9240 1b31 A0010000 		.4byte	0x1a0
 9241 1b35 EF100000 		.4byte	.LLST109
 9242 1b39 12       		.uleb128 0x12
 9243 1b3a 793200   		.ascii	"y2\000"
 9244 1b3d 01       		.byte	0x1
 9245 1b3e E302     		.2byte	0x2e3
 9246 1b40 A0010000 		.4byte	0x1a0
 9247 1b44 24110000 		.4byte	.LLST110
 9248 1b48 2A       		.uleb128 0x2a
 9249 1b49 7C080000 		.4byte	.LASF172
 9250 1b4d 01       		.byte	0x1
 9251 1b4e E302     		.2byte	0x2e3
 9252 1b50 B6010000 		.4byte	0x1b6
 9253 1b54 02       		.uleb128 0x2
 9254 1b55 91       		.byte	0x91
 9255 1b56 08       		.sleb128 8
 9256 1b57 17       		.uleb128 0x17
 9257 1b58 6100     		.ascii	"a\000"
 9258 1b5a 01       		.byte	0x1
 9259 1b5b E502     		.2byte	0x2e5
 9260 1b5d A0010000 		.4byte	0x1a0
 9261 1b61 43110000 		.4byte	.LLST111
 9262 1b65 17       		.uleb128 0x17
 9263 1b66 6200     		.ascii	"b\000"
 9264 1b68 01       		.byte	0x1
ARM GAS  C:\Users\91819\AppData\Local\Temp\ccy28JmR.s 			page 186


 9265 1b69 E502     		.2byte	0x2e5
 9266 1b6b A0010000 		.4byte	0x1a0
 9267 1b6f 98110000 		.4byte	.LLST112
 9268 1b73 17       		.uleb128 0x17
 9269 1b74 7900     		.ascii	"y\000"
 9270 1b76 01       		.byte	0x1
 9271 1b77 E502     		.2byte	0x2e5
 9272 1b79 A0010000 		.4byte	0x1a0
 9273 1b7d F8110000 		.4byte	.LLST113
 9274 1b81 15       		.uleb128 0x15
 9275 1b82 00000000 		.4byte	.LASF61
 9276 1b86 01       		.byte	0x1
 9277 1b87 E502     		.2byte	0x2e5
 9278 1b89 A0010000 		.4byte	0x1a0
 9279 1b8d 2D120000 		.4byte	.LLST114
 9280 1b91 15       		.uleb128 0x15
 9281 1b92 95000000 		.4byte	.LASF200
 9282 1b96 01       		.byte	0x1
 9283 1b97 FD02     		.2byte	0x2fd
 9284 1b99 A0010000 		.4byte	0x1a0
 9285 1b9d 4B120000 		.4byte	.LLST115
 9286 1ba1 15       		.uleb128 0x15
 9287 1ba2 D3050000 		.4byte	.LASF201
 9288 1ba6 01       		.byte	0x1
 9289 1ba7 FE02     		.2byte	0x2fe
 9290 1ba9 A0010000 		.4byte	0x1a0
 9291 1bad 5F120000 		.4byte	.LLST116
 9292 1bb1 15       		.uleb128 0x15
 9293 1bb2 43000000 		.4byte	.LASF202
 9294 1bb6 01       		.byte	0x1
 9295 1bb7 FF02     		.2byte	0x2ff
 9296 1bb9 A0010000 		.4byte	0x1a0
 9297 1bbd 99120000 		.4byte	.LLST117
 9298 1bc1 15       		.uleb128 0x15
 9299 1bc2 D8050000 		.4byte	.LASF203
 9300 1bc6 01       		.byte	0x1
 9301 1bc7 0003     		.2byte	0x300
 9302 1bc9 A0010000 		.4byte	0x1a0
 9303 1bcd B7120000 		.4byte	.LLST118
 9304 1bd1 15       		.uleb128 0x15
 9305 1bd2 6A010000 		.4byte	.LASF204
 9306 1bd6 01       		.byte	0x1
 9307 1bd7 0103     		.2byte	0x301
 9308 1bd9 A0010000 		.4byte	0x1a0
 9309 1bdd CA120000 		.4byte	.LLST119
 9310 1be1 15       		.uleb128 0x15
 9311 1be2 62060000 		.4byte	.LASF205
 9312 1be6 01       		.byte	0x1
 9313 1be7 0203     		.2byte	0x302
 9314 1be9 A0010000 		.4byte	0x1a0
 9315 1bed DE120000 		.4byte	.LLST120
 9316 1bf1 17       		.uleb128 0x17
 9317 1bf2 736100   		.ascii	"sa\000"
 9318 1bf5 01       		.byte	0x1
 9319 1bf6 0403     		.2byte	0x304
 9320 1bf8 AB010000 		.4byte	0x1ab
 9321 1bfc F2120000 		.4byte	.LLST121
ARM GAS  C:\Users\91819\AppData\Local\Temp\ccy28JmR.s 			page 187


 9322 1c00 17       		.uleb128 0x17
 9323 1c01 736200   		.ascii	"sb\000"
 9324 1c04 01       		.byte	0x1
 9325 1c05 0503     		.2byte	0x305
 9326 1c07 AB010000 		.4byte	0x1ab
 9327 1c0b 1C130000 		.4byte	.LLST122
 9328 1c0f 14       		.uleb128 0x14
 9329 1c10 20000000 		.4byte	.LBB11
 9330 1c14 04000000 		.4byte	.LBE11-.LBB11
 9331 1c18 271C0000 		.4byte	0x1c27
 9332 1c1c 2C       		.uleb128 0x2c
 9333 1c1d 7400     		.ascii	"t\000"
 9334 1c1f 01       		.byte	0x1
 9335 1c20 E902     		.2byte	0x2e9
 9336 1c22 A0010000 		.4byte	0x1a0
 9337 1c26 00       		.byte	0
 9338 1c27 14       		.uleb128 0x14
 9339 1c28 26000000 		.4byte	.LBB12
 9340 1c2c 04000000 		.4byte	.LBE12-.LBB12
 9341 1c30 3F1C0000 		.4byte	0x1c3f
 9342 1c34 2C       		.uleb128 0x2c
 9343 1c35 7400     		.ascii	"t\000"
 9344 1c37 01       		.byte	0x1
 9345 1c38 E902     		.2byte	0x2e9
 9346 1c3a A0010000 		.4byte	0x1a0
 9347 1c3e 00       		.byte	0
 9348 1c3f 14       		.uleb128 0x14
 9349 1c40 30000000 		.4byte	.LBB13
 9350 1c44 06000000 		.4byte	.LBE13-.LBB13
 9351 1c48 571C0000 		.4byte	0x1c57
 9352 1c4c 2C       		.uleb128 0x2c
 9353 1c4d 7400     		.ascii	"t\000"
 9354 1c4f 01       		.byte	0x1
 9355 1c50 EC02     		.2byte	0x2ec
 9356 1c52 A0010000 		.4byte	0x1a0
 9357 1c56 00       		.byte	0
 9358 1c57 14       		.uleb128 0x14
 9359 1c58 38000000 		.4byte	.LBB14
 9360 1c5c 04000000 		.4byte	.LBE14-.LBB14
 9361 1c60 6F1C0000 		.4byte	0x1c6f
 9362 1c64 2C       		.uleb128 0x2c
 9363 1c65 7400     		.ascii	"t\000"
 9364 1c67 01       		.byte	0x1
 9365 1c68 EC02     		.2byte	0x2ec
 9366 1c6a A0010000 		.4byte	0x1a0
 9367 1c6e 00       		.byte	0
 9368 1c6f 14       		.uleb128 0x14
 9369 1c70 44000000 		.4byte	.LBB15
 9370 1c74 04000000 		.4byte	.LBE15-.LBB15
 9371 1c78 871C0000 		.4byte	0x1c87
 9372 1c7c 2C       		.uleb128 0x2c
 9373 1c7d 7400     		.ascii	"t\000"
 9374 1c7f 01       		.byte	0x1
 9375 1c80 EF02     		.2byte	0x2ef
 9376 1c82 A0010000 		.4byte	0x1a0
 9377 1c86 00       		.byte	0
 9378 1c87 14       		.uleb128 0x14
ARM GAS  C:\Users\91819\AppData\Local\Temp\ccy28JmR.s 			page 188


 9379 1c88 4A000000 		.4byte	.LBB16
 9380 1c8c 04000000 		.4byte	.LBE16-.LBB16
 9381 1c90 9F1C0000 		.4byte	0x1c9f
 9382 1c94 2C       		.uleb128 0x2c
 9383 1c95 7400     		.ascii	"t\000"
 9384 1c97 01       		.byte	0x1
 9385 1c98 EF02     		.2byte	0x2ef
 9386 1c9a A0010000 		.4byte	0x1a0
 9387 1c9e 00       		.byte	0
 9388 1c9f 1C       		.uleb128 0x1c
 9389 1ca0 84000000 		.4byte	.LVL327
 9390 1ca4 4B140000 		.4byte	0x144b
 9391 1ca8 C31C0000 		.4byte	0x1cc3
 9392 1cac 1D       		.uleb128 0x1d
 9393 1cad 01       		.uleb128 0x1
 9394 1cae 50       		.byte	0x50
 9395 1caf 02       		.uleb128 0x2
 9396 1cb0 75       		.byte	0x75
 9397 1cb1 00       		.sleb128 0
 9398 1cb2 1D       		.uleb128 0x1d
 9399 1cb3 01       		.uleb128 0x1
 9400 1cb4 51       		.byte	0x51
 9401 1cb5 04       		.uleb128 0x4
 9402 1cb6 91       		.byte	0x91
 9403 1cb7 48       		.sleb128 -56
 9404 1cb8 94       		.byte	0x94
 9405 1cb9 02       		.byte	0x2
 9406 1cba 1D       		.uleb128 0x1d
 9407 1cbb 01       		.uleb128 0x1
 9408 1cbc 53       		.byte	0x53
 9409 1cbd 04       		.uleb128 0x4
 9410 1cbe 7D       		.byte	0x7d
 9411 1cbf 00       		.sleb128 0
 9412 1cc0 94       		.byte	0x94
 9413 1cc1 02       		.byte	0x2
 9414 1cc2 00       		.byte	0
 9415 1cc3 1C       		.uleb128 0x1c
 9416 1cc4 14010000 		.4byte	.LVL349
 9417 1cc8 4B140000 		.4byte	0x144b
 9418 1ccc DF1C0000 		.4byte	0x1cdf
 9419 1cd0 1D       		.uleb128 0x1d
 9420 1cd1 01       		.uleb128 0x1
 9421 1cd2 51       		.byte	0x51
 9422 1cd3 02       		.uleb128 0x2
 9423 1cd4 74       		.byte	0x74
 9424 1cd5 00       		.sleb128 0
 9425 1cd6 1D       		.uleb128 0x1d
 9426 1cd7 01       		.uleb128 0x1
 9427 1cd8 53       		.byte	0x53
 9428 1cd9 04       		.uleb128 0x4
 9429 1cda 7D       		.byte	0x7d
 9430 1cdb 00       		.sleb128 0
 9431 1cdc 94       		.byte	0x94
 9432 1cdd 02       		.byte	0x2
 9433 1cde 00       		.byte	0
 9434 1cdf 1E       		.uleb128 0x1e
 9435 1ce0 68010000 		.4byte	.LVL364
ARM GAS  C:\Users\91819\AppData\Local\Temp\ccy28JmR.s 			page 189


 9436 1ce4 4B140000 		.4byte	0x144b
 9437 1ce8 1D       		.uleb128 0x1d
 9438 1ce9 01       		.uleb128 0x1
 9439 1cea 51       		.byte	0x51
 9440 1ceb 02       		.uleb128 0x2
 9441 1cec 74       		.byte	0x74
 9442 1ced 00       		.sleb128 0
 9443 1cee 1D       		.uleb128 0x1d
 9444 1cef 01       		.uleb128 0x1
 9445 1cf0 53       		.byte	0x53
 9446 1cf1 04       		.uleb128 0x4
 9447 1cf2 7D       		.byte	0x7d
 9448 1cf3 00       		.sleb128 0
 9449 1cf4 94       		.byte	0x94
 9450 1cf5 02       		.byte	0x2
 9451 1cf6 00       		.byte	0
 9452 1cf7 00       		.byte	0
 9453 1cf8 25       		.uleb128 0x25
 9454 1cf9 0B070000 		.4byte	.LASF206
 9455 1cfd 01       		.byte	0x1
 9456 1cfe 3003     		.2byte	0x330
 9457 1d00 00000000 		.4byte	.LFB36
 9458 1d04 DC000000 		.4byte	.LFE36-.LFB36
 9459 1d08 01       		.uleb128 0x1
 9460 1d09 9C       		.byte	0x9c
 9461 1d0a AF1E0000 		.4byte	0x1eaf
 9462 1d0e 12       		.uleb128 0x12
 9463 1d0f 7800     		.ascii	"x\000"
 9464 1d11 01       		.byte	0x1
 9465 1d12 3003     		.2byte	0x330
 9466 1d14 A0010000 		.4byte	0x1a0
 9467 1d18 46130000 		.4byte	.LLST123
 9468 1d1c 12       		.uleb128 0x12
 9469 1d1d 7900     		.ascii	"y\000"
 9470 1d1f 01       		.byte	0x1
 9471 1d20 3003     		.2byte	0x330
 9472 1d22 A0010000 		.4byte	0x1a0
 9473 1d26 67130000 		.4byte	.LLST124
 9474 1d2a 12       		.uleb128 0x12
 9475 1d2b 7700     		.ascii	"w\000"
 9476 1d2d 01       		.byte	0x1
 9477 1d2e 3003     		.2byte	0x330
 9478 1d30 A0010000 		.4byte	0x1a0
 9479 1d34 88130000 		.4byte	.LLST125
 9480 1d38 12       		.uleb128 0x12
 9481 1d39 6800     		.ascii	"h\000"
 9482 1d3b 01       		.byte	0x1
 9483 1d3c 3003     		.2byte	0x330
 9484 1d3e A0010000 		.4byte	0x1a0
 9485 1d42 B4130000 		.4byte	.LLST126
 9486 1d46 26       		.uleb128 0x26
 9487 1d47 7200     		.ascii	"r\000"
 9488 1d49 01       		.byte	0x1
 9489 1d4a 3003     		.2byte	0x330
 9490 1d4c A0010000 		.4byte	0x1a0
 9491 1d50 02       		.uleb128 0x2
 9492 1d51 91       		.byte	0x91
ARM GAS  C:\Users\91819\AppData\Local\Temp\ccy28JmR.s 			page 190


 9493 1d52 00       		.sleb128 0
 9494 1d53 2A       		.uleb128 0x2a
 9495 1d54 7C080000 		.4byte	.LASF172
 9496 1d58 01       		.byte	0x1
 9497 1d59 3003     		.2byte	0x330
 9498 1d5b B6010000 		.4byte	0x1b6
 9499 1d5f 02       		.uleb128 0x2
 9500 1d60 91       		.byte	0x91
 9501 1d61 04       		.sleb128 4
 9502 1d62 1C       		.uleb128 0x1c
 9503 1d63 42000000 		.4byte	.LVL372
 9504 1d67 4B140000 		.4byte	0x144b
 9505 1d6b 8A1D0000 		.4byte	0x1d8a
 9506 1d6f 1D       		.uleb128 0x1d
 9507 1d70 01       		.uleb128 0x1
 9508 1d71 50       		.byte	0x50
 9509 1d72 02       		.uleb128 0x2
 9510 1d73 75       		.byte	0x75
 9511 1d74 00       		.sleb128 0
 9512 1d75 1D       		.uleb128 0x1d
 9513 1d76 01       		.uleb128 0x1
 9514 1d77 51       		.byte	0x51
 9515 1d78 02       		.uleb128 0x2
 9516 1d79 76       		.byte	0x76
 9517 1d7a 00       		.sleb128 0
 9518 1d7b 1D       		.uleb128 0x1d
 9519 1d7c 01       		.uleb128 0x1
 9520 1d7d 52       		.byte	0x52
 9521 1d7e 04       		.uleb128 0x4
 9522 1d7f 91       		.byte	0x91
 9523 1d80 54       		.sleb128 -44
 9524 1d81 94       		.byte	0x94
 9525 1d82 02       		.byte	0x2
 9526 1d83 1D       		.uleb128 0x1d
 9527 1d84 01       		.uleb128 0x1
 9528 1d85 53       		.byte	0x53
 9529 1d86 02       		.uleb128 0x2
 9530 1d87 78       		.byte	0x78
 9531 1d88 00       		.sleb128 0
 9532 1d89 00       		.byte	0
 9533 1d8a 1C       		.uleb128 0x1c
 9534 1d8b 58000000 		.4byte	.LVL373
 9535 1d8f 4B140000 		.4byte	0x144b
 9536 1d93 B41D0000 		.4byte	0x1db4
 9537 1d97 1D       		.uleb128 0x1d
 9538 1d98 01       		.uleb128 0x1
 9539 1d99 50       		.byte	0x50
 9540 1d9a 04       		.uleb128 0x4
 9541 1d9b 91       		.byte	0x91
 9542 1d9c 48       		.sleb128 -56
 9543 1d9d 94       		.byte	0x94
 9544 1d9e 02       		.byte	0x2
 9545 1d9f 1D       		.uleb128 0x1d
 9546 1da0 01       		.uleb128 0x1
 9547 1da1 51       		.byte	0x51
 9548 1da2 02       		.uleb128 0x2
 9549 1da3 75       		.byte	0x75
ARM GAS  C:\Users\91819\AppData\Local\Temp\ccy28JmR.s 			page 191


 9550 1da4 7F       		.sleb128 -1
 9551 1da5 1D       		.uleb128 0x1d
 9552 1da6 01       		.uleb128 0x1
 9553 1da7 52       		.byte	0x52
 9554 1da8 04       		.uleb128 0x4
 9555 1da9 91       		.byte	0x91
 9556 1daa 54       		.sleb128 -44
 9557 1dab 94       		.byte	0x94
 9558 1dac 02       		.byte	0x2
 9559 1dad 1D       		.uleb128 0x1d
 9560 1dae 01       		.uleb128 0x1
 9561 1daf 53       		.byte	0x53
 9562 1db0 02       		.uleb128 0x2
 9563 1db1 78       		.byte	0x78
 9564 1db2 00       		.sleb128 0
 9565 1db3 00       		.byte	0
 9566 1db4 1C       		.uleb128 0x1c
 9567 1db5 6E000000 		.4byte	.LVL374
 9568 1db9 EE110000 		.4byte	0x11ee
 9569 1dbd DC1D0000 		.4byte	0x1ddc
 9570 1dc1 1D       		.uleb128 0x1d
 9571 1dc2 01       		.uleb128 0x1
 9572 1dc3 50       		.byte	0x50
 9573 1dc4 04       		.uleb128 0x4
 9574 1dc5 91       		.byte	0x91
 9575 1dc6 4C       		.sleb128 -52
 9576 1dc7 94       		.byte	0x94
 9577 1dc8 02       		.byte	0x2
 9578 1dc9 1D       		.uleb128 0x1d
 9579 1dca 01       		.uleb128 0x1
 9580 1dcb 51       		.byte	0x51
 9581 1dcc 02       		.uleb128 0x2
 9582 1dcd 76       		.byte	0x76
 9583 1dce 00       		.sleb128 0
 9584 1dcf 1D       		.uleb128 0x1d
 9585 1dd0 01       		.uleb128 0x1
 9586 1dd1 52       		.byte	0x52
 9587 1dd2 02       		.uleb128 0x2
 9588 1dd3 77       		.byte	0x77
 9589 1dd4 00       		.sleb128 0
 9590 1dd5 1D       		.uleb128 0x1d
 9591 1dd6 01       		.uleb128 0x1
 9592 1dd7 53       		.byte	0x53
 9593 1dd8 02       		.uleb128 0x2
 9594 1dd9 78       		.byte	0x78
 9595 1dda 00       		.sleb128 0
 9596 1ddb 00       		.byte	0
 9597 1ddc 1C       		.uleb128 0x1c
 9598 1ddd 80000000 		.4byte	.LVL376
 9599 1de1 EE110000 		.4byte	0x11ee
 9600 1de5 021E0000 		.4byte	0x1e02
 9601 1de9 1D       		.uleb128 0x1d
 9602 1dea 01       		.uleb128 0x1
 9603 1deb 50       		.byte	0x50
 9604 1dec 02       		.uleb128 0x2
 9605 1ded 74       		.byte	0x74
 9606 1dee 7F       		.sleb128 -1
ARM GAS  C:\Users\91819\AppData\Local\Temp\ccy28JmR.s 			page 192


 9607 1def 1D       		.uleb128 0x1d
 9608 1df0 01       		.uleb128 0x1
 9609 1df1 51       		.byte	0x51
 9610 1df2 02       		.uleb128 0x2
 9611 1df3 76       		.byte	0x76
 9612 1df4 00       		.sleb128 0
 9613 1df5 1D       		.uleb128 0x1d
 9614 1df6 01       		.uleb128 0x1
 9615 1df7 52       		.byte	0x52
 9616 1df8 02       		.uleb128 0x2
 9617 1df9 77       		.byte	0x77
 9618 1dfa 00       		.sleb128 0
 9619 1dfb 1D       		.uleb128 0x1d
 9620 1dfc 01       		.uleb128 0x1
 9621 1dfd 53       		.byte	0x53
 9622 1dfe 02       		.uleb128 0x2
 9623 1dff 78       		.byte	0x78
 9624 1e00 00       		.sleb128 0
 9625 1e01 00       		.byte	0
 9626 1e02 1C       		.uleb128 0x1c
 9627 1e03 96000000 		.4byte	.LVL377
 9628 1e07 07100000 		.4byte	0x1007
 9629 1e0b 2E1E0000 		.4byte	0x1e2e
 9630 1e0f 1D       		.uleb128 0x1d
 9631 1e10 01       		.uleb128 0x1
 9632 1e11 50       		.byte	0x50
 9633 1e12 02       		.uleb128 0x2
 9634 1e13 7A       		.byte	0x7a
 9635 1e14 00       		.sleb128 0
 9636 1e15 1D       		.uleb128 0x1d
 9637 1e16 01       		.uleb128 0x1
 9638 1e17 51       		.byte	0x51
 9639 1e18 02       		.uleb128 0x2
 9640 1e19 76       		.byte	0x76
 9641 1e1a 00       		.sleb128 0
 9642 1e1b 1D       		.uleb128 0x1d
 9643 1e1c 01       		.uleb128 0x1
 9644 1e1d 52       		.byte	0x52
 9645 1e1e 02       		.uleb128 0x2
 9646 1e1f 77       		.byte	0x77
 9647 1e20 00       		.sleb128 0
 9648 1e21 1D       		.uleb128 0x1d
 9649 1e22 01       		.uleb128 0x1
 9650 1e23 53       		.byte	0x53
 9651 1e24 01       		.uleb128 0x1
 9652 1e25 31       		.byte	0x31
 9653 1e26 1D       		.uleb128 0x1d
 9654 1e27 02       		.uleb128 0x2
 9655 1e28 7D       		.byte	0x7d
 9656 1e29 00       		.sleb128 0
 9657 1e2a 02       		.uleb128 0x2
 9658 1e2b 78       		.byte	0x78
 9659 1e2c 00       		.sleb128 0
 9660 1e2d 00       		.byte	0
 9661 1e2e 1C       		.uleb128 0x1c
 9662 1e2f AE000000 		.4byte	.LVL378
 9663 1e33 07100000 		.4byte	0x1007
ARM GAS  C:\Users\91819\AppData\Local\Temp\ccy28JmR.s 			page 193


 9664 1e37 5A1E0000 		.4byte	0x1e5a
 9665 1e3b 1D       		.uleb128 0x1d
 9666 1e3c 01       		.uleb128 0x1
 9667 1e3d 50       		.byte	0x50
 9668 1e3e 02       		.uleb128 0x2
 9669 1e3f 74       		.byte	0x74
 9670 1e40 00       		.sleb128 0
 9671 1e41 1D       		.uleb128 0x1d
 9672 1e42 01       		.uleb128 0x1
 9673 1e43 51       		.byte	0x51
 9674 1e44 02       		.uleb128 0x2
 9675 1e45 76       		.byte	0x76
 9676 1e46 00       		.sleb128 0
 9677 1e47 1D       		.uleb128 0x1d
 9678 1e48 01       		.uleb128 0x1
 9679 1e49 52       		.byte	0x52
 9680 1e4a 02       		.uleb128 0x2
 9681 1e4b 77       		.byte	0x77
 9682 1e4c 00       		.sleb128 0
 9683 1e4d 1D       		.uleb128 0x1d
 9684 1e4e 01       		.uleb128 0x1
 9685 1e4f 53       		.byte	0x53
 9686 1e50 01       		.uleb128 0x1
 9687 1e51 32       		.byte	0x32
 9688 1e52 1D       		.uleb128 0x1d
 9689 1e53 02       		.uleb128 0x2
 9690 1e54 7D       		.byte	0x7d
 9691 1e55 00       		.sleb128 0
 9692 1e56 02       		.uleb128 0x2
 9693 1e57 78       		.byte	0x78
 9694 1e58 00       		.sleb128 0
 9695 1e59 00       		.byte	0
 9696 1e5a 1C       		.uleb128 0x1c
 9697 1e5b C6000000 		.4byte	.LVL379
 9698 1e5f 07100000 		.4byte	0x1007
 9699 1e63 861E0000 		.4byte	0x1e86
 9700 1e67 1D       		.uleb128 0x1d
 9701 1e68 01       		.uleb128 0x1
 9702 1e69 50       		.byte	0x50
 9703 1e6a 02       		.uleb128 0x2
 9704 1e6b 74       		.byte	0x74
 9705 1e6c 00       		.sleb128 0
 9706 1e6d 1D       		.uleb128 0x1d
 9707 1e6e 01       		.uleb128 0x1
 9708 1e6f 51       		.byte	0x51
 9709 1e70 02       		.uleb128 0x2
 9710 1e71 75       		.byte	0x75
 9711 1e72 00       		.sleb128 0
 9712 1e73 1D       		.uleb128 0x1d
 9713 1e74 01       		.uleb128 0x1
 9714 1e75 52       		.byte	0x52
 9715 1e76 02       		.uleb128 0x2
 9716 1e77 77       		.byte	0x77
 9717 1e78 00       		.sleb128 0
 9718 1e79 1D       		.uleb128 0x1d
 9719 1e7a 01       		.uleb128 0x1
 9720 1e7b 53       		.byte	0x53
ARM GAS  C:\Users\91819\AppData\Local\Temp\ccy28JmR.s 			page 194


 9721 1e7c 01       		.uleb128 0x1
 9722 1e7d 34       		.byte	0x34
 9723 1e7e 1D       		.uleb128 0x1d
 9724 1e7f 02       		.uleb128 0x2
 9725 1e80 7D       		.byte	0x7d
 9726 1e81 00       		.sleb128 0
 9727 1e82 02       		.uleb128 0x2
 9728 1e83 78       		.byte	0x78
 9729 1e84 00       		.sleb128 0
 9730 1e85 00       		.byte	0
 9731 1e86 1E       		.uleb128 0x1e
 9732 1e87 D6000000 		.4byte	.LVL380
 9733 1e8b 07100000 		.4byte	0x1007
 9734 1e8f 1D       		.uleb128 0x1d
 9735 1e90 01       		.uleb128 0x1
 9736 1e91 50       		.byte	0x50
 9737 1e92 02       		.uleb128 0x2
 9738 1e93 7A       		.byte	0x7a
 9739 1e94 00       		.sleb128 0
 9740 1e95 1D       		.uleb128 0x1d
 9741 1e96 01       		.uleb128 0x1
 9742 1e97 51       		.byte	0x51
 9743 1e98 02       		.uleb128 0x2
 9744 1e99 75       		.byte	0x75
 9745 1e9a 00       		.sleb128 0
 9746 1e9b 1D       		.uleb128 0x1d
 9747 1e9c 01       		.uleb128 0x1
 9748 1e9d 52       		.byte	0x52
 9749 1e9e 02       		.uleb128 0x2
 9750 1e9f 77       		.byte	0x77
 9751 1ea0 00       		.sleb128 0
 9752 1ea1 1D       		.uleb128 0x1d
 9753 1ea2 01       		.uleb128 0x1
 9754 1ea3 53       		.byte	0x53
 9755 1ea4 01       		.uleb128 0x1
 9756 1ea5 38       		.byte	0x38
 9757 1ea6 1D       		.uleb128 0x1d
 9758 1ea7 02       		.uleb128 0x2
 9759 1ea8 7D       		.byte	0x7d
 9760 1ea9 00       		.sleb128 0
 9761 1eaa 02       		.uleb128 0x2
 9762 1eab 78       		.byte	0x78
 9763 1eac 00       		.sleb128 0
 9764 1ead 00       		.byte	0
 9765 1eae 00       		.byte	0
 9766 1eaf 25       		.uleb128 0x25
 9767 1eb0 79060000 		.4byte	.LASF207
 9768 1eb4 01       		.byte	0x1
 9769 1eb5 3F03     		.2byte	0x33f
 9770 1eb7 00000000 		.4byte	.LFB37
 9771 1ebb 82000000 		.4byte	.LFE37-.LFB37
 9772 1ebf 01       		.uleb128 0x1
 9773 1ec0 9C       		.byte	0x9c
 9774 1ec1 B51F0000 		.4byte	0x1fb5
 9775 1ec5 12       		.uleb128 0x12
 9776 1ec6 7800     		.ascii	"x\000"
 9777 1ec8 01       		.byte	0x1
ARM GAS  C:\Users\91819\AppData\Local\Temp\ccy28JmR.s 			page 195


 9778 1ec9 3F03     		.2byte	0x33f
 9779 1ecb A0010000 		.4byte	0x1a0
 9780 1ecf D5130000 		.4byte	.LLST127
 9781 1ed3 12       		.uleb128 0x12
 9782 1ed4 7900     		.ascii	"y\000"
 9783 1ed6 01       		.byte	0x1
 9784 1ed7 3F03     		.2byte	0x33f
 9785 1ed9 A0010000 		.4byte	0x1a0
 9786 1edd F3130000 		.4byte	.LLST128
 9787 1ee1 12       		.uleb128 0x12
 9788 1ee2 7700     		.ascii	"w\000"
 9789 1ee4 01       		.byte	0x1
 9790 1ee5 3F03     		.2byte	0x33f
 9791 1ee7 A0010000 		.4byte	0x1a0
 9792 1eeb 14140000 		.4byte	.LLST129
 9793 1eef 12       		.uleb128 0x12
 9794 1ef0 6800     		.ascii	"h\000"
 9795 1ef2 01       		.byte	0x1
 9796 1ef3 3F03     		.2byte	0x33f
 9797 1ef5 A0010000 		.4byte	0x1a0
 9798 1ef9 32140000 		.4byte	.LLST130
 9799 1efd 26       		.uleb128 0x26
 9800 1efe 7200     		.ascii	"r\000"
 9801 1f00 01       		.byte	0x1
 9802 1f01 3F03     		.2byte	0x33f
 9803 1f03 A0010000 		.4byte	0x1a0
 9804 1f07 02       		.uleb128 0x2
 9805 1f08 91       		.byte	0x91
 9806 1f09 00       		.sleb128 0
 9807 1f0a 2A       		.uleb128 0x2a
 9808 1f0b 7C080000 		.4byte	.LASF172
 9809 1f0f 01       		.byte	0x1
 9810 1f10 3F03     		.2byte	0x33f
 9811 1f12 B6010000 		.4byte	0x1b6
 9812 1f16 02       		.uleb128 0x2
 9813 1f17 91       		.byte	0x91
 9814 1f18 04       		.sleb128 4
 9815 1f19 1C       		.uleb128 0x1c
 9816 1f1a 3A000000 		.4byte	.LVL384
 9817 1f1e 3B0C0000 		.4byte	0xc3b
 9818 1f22 4B1F0000 		.4byte	0x1f4b
 9819 1f26 1D       		.uleb128 0x1d
 9820 1f27 01       		.uleb128 0x1
 9821 1f28 50       		.byte	0x50
 9822 1f29 02       		.uleb128 0x2
 9823 1f2a 76       		.byte	0x76
 9824 1f2b 00       		.sleb128 0
 9825 1f2c 1D       		.uleb128 0x1d
 9826 1f2d 01       		.uleb128 0x1
 9827 1f2e 51       		.byte	0x51
 9828 1f2f 02       		.uleb128 0x2
 9829 1f30 75       		.byte	0x75
 9830 1f31 00       		.sleb128 0
 9831 1f32 1D       		.uleb128 0x1d
 9832 1f33 01       		.uleb128 0x1
 9833 1f34 52       		.byte	0x52
 9834 1f35 05       		.uleb128 0x5
ARM GAS  C:\Users\91819\AppData\Local\Temp\ccy28JmR.s 			page 196


 9835 1f36 74       		.byte	0x74
 9836 1f37 00       		.sleb128 0
 9837 1f38 78       		.byte	0x78
 9838 1f39 00       		.sleb128 0
 9839 1f3a 1C       		.byte	0x1c
 9840 1f3b 1D       		.uleb128 0x1d
 9841 1f3c 01       		.uleb128 0x1
 9842 1f3d 53       		.byte	0x53
 9843 1f3e 04       		.uleb128 0x4
 9844 1f3f 91       		.byte	0x91
 9845 1f40 54       		.sleb128 -44
 9846 1f41 94       		.byte	0x94
 9847 1f42 02       		.byte	0x2
 9848 1f43 1D       		.uleb128 0x1d
 9849 1f44 02       		.uleb128 0x2
 9850 1f45 7D       		.byte	0x7d
 9851 1f46 00       		.sleb128 0
 9852 1f47 02       		.uleb128 0x2
 9853 1f48 7A       		.byte	0x7a
 9854 1f49 00       		.sleb128 0
 9855 1f4a 00       		.byte	0
 9856 1f4b 1C       		.uleb128 0x1c
 9857 1f4c 68000000 		.4byte	.LVL385
 9858 1f50 B8120000 		.4byte	0x12b8
 9859 1f54 851F0000 		.4byte	0x1f85
 9860 1f58 1D       		.uleb128 0x1d
 9861 1f59 01       		.uleb128 0x1
 9862 1f5a 50       		.byte	0x50
 9863 1f5b 09       		.uleb128 0x9
 9864 1f5c 77       		.byte	0x77
 9865 1f5d 00       		.sleb128 0
 9866 1f5e 20       		.byte	0x20
 9867 1f5f 74       		.byte	0x74
 9868 1f60 00       		.sleb128 0
 9869 1f61 22       		.byte	0x22
 9870 1f62 7B       		.byte	0x7b
 9871 1f63 00       		.sleb128 0
 9872 1f64 22       		.byte	0x22
 9873 1f65 1D       		.uleb128 0x1d
 9874 1f66 01       		.uleb128 0x1
 9875 1f67 51       		.byte	0x51
 9876 1f68 02       		.uleb128 0x2
 9877 1f69 75       		.byte	0x75
 9878 1f6a 00       		.sleb128 0
 9879 1f6b 1D       		.uleb128 0x1d
 9880 1f6c 01       		.uleb128 0x1
 9881 1f6d 52       		.byte	0x52
 9882 1f6e 02       		.uleb128 0x2
 9883 1f6f 79       		.byte	0x79
 9884 1f70 00       		.sleb128 0
 9885 1f71 1D       		.uleb128 0x1d
 9886 1f72 01       		.uleb128 0x1
 9887 1f73 53       		.byte	0x53
 9888 1f74 01       		.uleb128 0x1
 9889 1f75 31       		.byte	0x31
 9890 1f76 1D       		.uleb128 0x1d
 9891 1f77 02       		.uleb128 0x2
ARM GAS  C:\Users\91819\AppData\Local\Temp\ccy28JmR.s 			page 197


 9892 1f78 7D       		.byte	0x7d
 9893 1f79 00       		.sleb128 0
 9894 1f7a 02       		.uleb128 0x2
 9895 1f7b 78       		.byte	0x78
 9896 1f7c 00       		.sleb128 0
 9897 1f7d 1D       		.uleb128 0x1d
 9898 1f7e 02       		.uleb128 0x2
 9899 1f7f 7D       		.byte	0x7d
 9900 1f80 04       		.sleb128 4
 9901 1f81 02       		.uleb128 0x2
 9902 1f82 7A       		.byte	0x7a
 9903 1f83 00       		.sleb128 0
 9904 1f84 00       		.byte	0
 9905 1f85 1E       		.uleb128 0x1e
 9906 1f86 7C000000 		.4byte	.LVL386
 9907 1f8a B8120000 		.4byte	0x12b8
 9908 1f8e 1D       		.uleb128 0x1d
 9909 1f8f 01       		.uleb128 0x1
 9910 1f90 50       		.byte	0x50
 9911 1f91 02       		.uleb128 0x2
 9912 1f92 76       		.byte	0x76
 9913 1f93 00       		.sleb128 0
 9914 1f94 1D       		.uleb128 0x1d
 9915 1f95 01       		.uleb128 0x1
 9916 1f96 51       		.byte	0x51
 9917 1f97 02       		.uleb128 0x2
 9918 1f98 75       		.byte	0x75
 9919 1f99 00       		.sleb128 0
 9920 1f9a 1D       		.uleb128 0x1d
 9921 1f9b 01       		.uleb128 0x1
 9922 1f9c 52       		.byte	0x52
 9923 1f9d 02       		.uleb128 0x2
 9924 1f9e 79       		.byte	0x79
 9925 1f9f 00       		.sleb128 0
 9926 1fa0 1D       		.uleb128 0x1d
 9927 1fa1 01       		.uleb128 0x1
 9928 1fa2 53       		.byte	0x53
 9929 1fa3 01       		.uleb128 0x1
 9930 1fa4 32       		.byte	0x32
 9931 1fa5 1D       		.uleb128 0x1d
 9932 1fa6 02       		.uleb128 0x2
 9933 1fa7 7D       		.byte	0x7d
 9934 1fa8 00       		.sleb128 0
 9935 1fa9 02       		.uleb128 0x2
 9936 1faa 78       		.byte	0x78
 9937 1fab 00       		.sleb128 0
 9938 1fac 1D       		.uleb128 0x1d
 9939 1fad 02       		.uleb128 0x2
 9940 1fae 7D       		.byte	0x7d
 9941 1faf 04       		.sleb128 4
 9942 1fb0 02       		.uleb128 0x2
 9943 1fb1 7A       		.byte	0x7a
 9944 1fb2 00       		.sleb128 0
 9945 1fb3 00       		.byte	0
 9946 1fb4 00       		.byte	0
 9947 1fb5 25       		.uleb128 0x25
 9948 1fb6 8F0A0000 		.4byte	.LASF208
ARM GAS  C:\Users\91819\AppData\Local\Temp\ccy28JmR.s 			page 198


 9949 1fba 01       		.byte	0x1
 9950 1fbb 4B03     		.2byte	0x34b
 9951 1fbd 00000000 		.4byte	.LFB38
 9952 1fc1 48000000 		.4byte	.LFE38-.LFB38
 9953 1fc5 01       		.uleb128 0x1
 9954 1fc6 9C       		.byte	0x9c
 9955 1fc7 B1200000 		.4byte	0x20b1
 9956 1fcb 12       		.uleb128 0x12
 9957 1fcc 7800     		.ascii	"x\000"
 9958 1fce 01       		.byte	0x1
 9959 1fcf 4B03     		.2byte	0x34b
 9960 1fd1 A0010000 		.4byte	0x1a0
 9961 1fd5 53140000 		.4byte	.LLST131
 9962 1fd9 12       		.uleb128 0x12
 9963 1fda 7900     		.ascii	"y\000"
 9964 1fdc 01       		.byte	0x1
 9965 1fdd 4B03     		.2byte	0x34b
 9966 1fdf A0010000 		.4byte	0x1a0
 9967 1fe3 74140000 		.4byte	.LLST132
 9968 1fe7 12       		.uleb128 0x12
 9969 1fe8 7700     		.ascii	"w\000"
 9970 1fea 01       		.byte	0x1
 9971 1feb 4B03     		.2byte	0x34b
 9972 1fed A0010000 		.4byte	0x1a0
 9973 1ff1 95140000 		.4byte	.LLST133
 9974 1ff5 12       		.uleb128 0x12
 9975 1ff6 6800     		.ascii	"h\000"
 9976 1ff8 01       		.byte	0x1
 9977 1ff9 4B03     		.2byte	0x34b
 9978 1ffb A0010000 		.4byte	0x1a0
 9979 1fff B6140000 		.4byte	.LLST134
 9980 2003 2A       		.uleb128 0x2a
 9981 2004 7C080000 		.4byte	.LASF172
 9982 2008 01       		.byte	0x1
 9983 2009 4B03     		.2byte	0x34b
 9984 200b B6010000 		.4byte	0x1b6
 9985 200f 02       		.uleb128 0x2
 9986 2010 91       		.byte	0x91
 9987 2011 00       		.sleb128 0
 9988 2012 1C       		.uleb128 0x1c
 9989 2013 16000000 		.4byte	.LVL389
 9990 2017 4B140000 		.4byte	0x144b
 9991 201b 38200000 		.4byte	0x2038
 9992 201f 1D       		.uleb128 0x1d
 9993 2020 01       		.uleb128 0x1
 9994 2021 50       		.byte	0x50
 9995 2022 02       		.uleb128 0x2
 9996 2023 78       		.byte	0x78
 9997 2024 00       		.sleb128 0
 9998 2025 1D       		.uleb128 0x1d
 9999 2026 01       		.uleb128 0x1
 10000 2027 51       		.byte	0x51
 10001 2028 02       		.uleb128 0x2
 10002 2029 76       		.byte	0x76
 10003 202a 00       		.sleb128 0
 10004 202b 1D       		.uleb128 0x1d
 10005 202c 01       		.uleb128 0x1
ARM GAS  C:\Users\91819\AppData\Local\Temp\ccy28JmR.s 			page 199


 10006 202d 52       		.byte	0x52
 10007 202e 02       		.uleb128 0x2
 10008 202f 74       		.byte	0x74
 10009 2030 00       		.sleb128 0
 10010 2031 1D       		.uleb128 0x1d
 10011 2032 01       		.uleb128 0x1
 10012 2033 53       		.byte	0x53
 10013 2034 02       		.uleb128 0x2
 10014 2035 75       		.byte	0x75
 10015 2036 00       		.sleb128 0
 10016 2037 00       		.byte	0
 10017 2038 1C       		.uleb128 0x1c
 10018 2039 26000000 		.4byte	.LVL390
 10019 203d 4B140000 		.4byte	0x144b
 10020 2041 63200000 		.4byte	0x2063
 10021 2045 1D       		.uleb128 0x1d
 10022 2046 01       		.uleb128 0x1
 10023 2047 50       		.byte	0x50
 10024 2048 02       		.uleb128 0x2
 10025 2049 78       		.byte	0x78
 10026 204a 00       		.sleb128 0
 10027 204b 1D       		.uleb128 0x1d
 10028 204c 01       		.uleb128 0x1
 10029 204d 51       		.byte	0x51
 10030 204e 07       		.uleb128 0x7
 10031 204f 76       		.byte	0x76
 10032 2050 00       		.sleb128 0
 10033 2051 77       		.byte	0x77
 10034 2052 00       		.sleb128 0
 10035 2053 22       		.byte	0x22
 10036 2054 31       		.byte	0x31
 10037 2055 1C       		.byte	0x1c
 10038 2056 1D       		.uleb128 0x1d
 10039 2057 01       		.uleb128 0x1
 10040 2058 52       		.byte	0x52
 10041 2059 02       		.uleb128 0x2
 10042 205a 74       		.byte	0x74
 10043 205b 00       		.sleb128 0
 10044 205c 1D       		.uleb128 0x1d
 10045 205d 01       		.uleb128 0x1
 10046 205e 53       		.byte	0x53
 10047 205f 02       		.uleb128 0x2
 10048 2060 75       		.byte	0x75
 10049 2061 00       		.sleb128 0
 10050 2062 00       		.byte	0
 10051 2063 1C       		.uleb128 0x1c
 10052 2064 32000000 		.4byte	.LVL391
 10053 2068 EE110000 		.4byte	0x11ee
 10054 206c 89200000 		.4byte	0x2089
 10055 2070 1D       		.uleb128 0x1d
 10056 2071 01       		.uleb128 0x1
 10057 2072 50       		.byte	0x50
 10058 2073 02       		.uleb128 0x2
 10059 2074 78       		.byte	0x78
 10060 2075 00       		.sleb128 0
 10061 2076 1D       		.uleb128 0x1d
 10062 2077 01       		.uleb128 0x1
ARM GAS  C:\Users\91819\AppData\Local\Temp\ccy28JmR.s 			page 200


 10063 2078 51       		.byte	0x51
 10064 2079 02       		.uleb128 0x2
 10065 207a 76       		.byte	0x76
 10066 207b 00       		.sleb128 0
 10067 207c 1D       		.uleb128 0x1d
 10068 207d 01       		.uleb128 0x1
 10069 207e 52       		.byte	0x52
 10070 207f 02       		.uleb128 0x2
 10071 2080 77       		.byte	0x77
 10072 2081 00       		.sleb128 0
 10073 2082 1D       		.uleb128 0x1d
 10074 2083 01       		.uleb128 0x1
 10075 2084 53       		.byte	0x53
 10076 2085 02       		.uleb128 0x2
 10077 2086 75       		.byte	0x75
 10078 2087 00       		.sleb128 0
 10079 2088 00       		.byte	0
 10080 2089 1E       		.uleb128 0x1e
 10081 208a 44000000 		.4byte	.LVL392
 10082 208e EE110000 		.4byte	0x11ee
 10083 2092 1D       		.uleb128 0x1d
 10084 2093 01       		.uleb128 0x1
 10085 2094 50       		.byte	0x50
 10086 2095 07       		.uleb128 0x7
 10087 2096 74       		.byte	0x74
 10088 2097 00       		.sleb128 0
 10089 2098 78       		.byte	0x78
 10090 2099 00       		.sleb128 0
 10091 209a 22       		.byte	0x22
 10092 209b 31       		.byte	0x31
 10093 209c 1C       		.byte	0x1c
 10094 209d 1D       		.uleb128 0x1d
 10095 209e 01       		.uleb128 0x1
 10096 209f 51       		.byte	0x51
 10097 20a0 02       		.uleb128 0x2
 10098 20a1 76       		.byte	0x76
 10099 20a2 00       		.sleb128 0
 10100 20a3 1D       		.uleb128 0x1d
 10101 20a4 01       		.uleb128 0x1
 10102 20a5 52       		.byte	0x52
 10103 20a6 02       		.uleb128 0x2
 10104 20a7 77       		.byte	0x77
 10105 20a8 00       		.sleb128 0
 10106 20a9 1D       		.uleb128 0x1d
 10107 20aa 01       		.uleb128 0x1
 10108 20ab 53       		.byte	0x53
 10109 20ac 02       		.uleb128 0x2
 10110 20ad 75       		.byte	0x75
 10111 20ae 00       		.sleb128 0
 10112 20af 00       		.byte	0
 10113 20b0 00       		.byte	0
 10114 20b1 25       		.uleb128 0x25
 10115 20b2 45030000 		.4byte	.LASF209
 10116 20b6 01       		.byte	0x1
 10117 20b7 5303     		.2byte	0x353
 10118 20b9 00000000 		.4byte	.LFB39
 10119 20bd 1C020000 		.4byte	.LFE39-.LFB39
ARM GAS  C:\Users\91819\AppData\Local\Temp\ccy28JmR.s 			page 201


 10120 20c1 01       		.uleb128 0x1
 10121 20c2 9C       		.byte	0x9c
 10122 20c3 F9230000 		.4byte	0x23f9
 10123 20c7 12       		.uleb128 0x12
 10124 20c8 7800     		.ascii	"x\000"
 10125 20ca 01       		.byte	0x1
 10126 20cb 5303     		.2byte	0x353
 10127 20cd A0010000 		.4byte	0x1a0
 10128 20d1 D7140000 		.4byte	.LLST135
 10129 20d5 12       		.uleb128 0x12
 10130 20d6 7900     		.ascii	"y\000"
 10131 20d8 01       		.byte	0x1
 10132 20d9 5303     		.2byte	0x353
 10133 20db A0010000 		.4byte	0x1a0
 10134 20df 11150000 		.4byte	.LLST136
 10135 20e3 12       		.uleb128 0x12
 10136 20e4 6300     		.ascii	"c\000"
 10137 20e6 01       		.byte	0x1
 10138 20e7 5303     		.2byte	0x353
 10139 20e9 37000000 		.4byte	0x37
 10140 20ed 4B150000 		.4byte	.LLST137
 10141 20f1 13       		.uleb128 0x13
 10142 20f2 7C080000 		.4byte	.LASF172
 10143 20f6 01       		.byte	0x1
 10144 20f7 5303     		.2byte	0x353
 10145 20f9 B6010000 		.4byte	0x1b6
 10146 20fd A7150000 		.4byte	.LLST138
 10147 2101 12       		.uleb128 0x12
 10148 2102 626700   		.ascii	"bg\000"
 10149 2105 01       		.byte	0x1
 10150 2106 5303     		.2byte	0x353
 10151 2108 B6010000 		.4byte	0x1b6
 10152 210c C8150000 		.4byte	.LLST139
 10153 2110 13       		.uleb128 0x13
 10154 2111 CC060000 		.4byte	.LASF210
 10155 2115 01       		.byte	0x1
 10156 2116 5303     		.2byte	0x353
 10157 2118 2C000000 		.4byte	0x2c
 10158 211c E8150000 		.4byte	.LLST140
 10159 2120 14       		.uleb128 0x14
 10160 2121 60000000 		.4byte	.LBB17
 10161 2125 A4000000 		.4byte	.LBE17-.LBB17
 10162 2129 38220000 		.4byte	0x2238
 10163 212d 17       		.uleb128 0x17
 10164 212e 6900     		.ascii	"i\000"
 10165 2130 01       		.byte	0x1
 10166 2131 5D03     		.2byte	0x35d
 10167 2133 95010000 		.4byte	0x195
 10168 2137 08160000 		.4byte	.LLST141
 10169 213b 16       		.uleb128 0x16
 10170 213c 60000000 		.4byte	.LBB18
 10171 2140 96000000 		.4byte	.LBE18-.LBB18
 10172 2144 15       		.uleb128 0x15
 10173 2145 550A0000 		.4byte	.LASF211
 10174 2149 01       		.byte	0x1
 10175 214a 5E03     		.2byte	0x35e
 10176 214c 2C000000 		.4byte	0x2c
ARM GAS  C:\Users\91819\AppData\Local\Temp\ccy28JmR.s 			page 202


 10177 2150 26160000 		.4byte	.LLST142
 10178 2154 16       		.uleb128 0x16
 10179 2155 70000000 		.4byte	.LBB19
 10180 2159 86000000 		.4byte	.LBE19-.LBB19
 10181 215d 17       		.uleb128 0x17
 10182 215e 6A00     		.ascii	"j\000"
 10183 2160 01       		.byte	0x1
 10184 2161 5F03     		.2byte	0x35f
 10185 2163 95010000 		.4byte	0x195
 10186 2167 39160000 		.4byte	.LLST143
 10187 216b 1C       		.uleb128 0x1c
 10188 216c 92000000 		.4byte	.LVL401
 10189 2170 4F0F0000 		.4byte	0xf4f
 10190 2174 91210000 		.4byte	0x2191
 10191 2178 1D       		.uleb128 0x1d
 10192 2179 01       		.uleb128 0x1
 10193 217a 50       		.byte	0x50
 10194 217b 05       		.uleb128 0x5
 10195 217c 78       		.byte	0x78
 10196 217d 00       		.sleb128 0
 10197 217e 79       		.byte	0x79
 10198 217f 00       		.sleb128 0
 10199 2180 22       		.byte	0x22
 10200 2181 1D       		.uleb128 0x1d
 10201 2182 01       		.uleb128 0x1
 10202 2183 51       		.byte	0x51
 10203 2184 05       		.uleb128 0x5
 10204 2185 74       		.byte	0x74
 10205 2186 00       		.sleb128 0
 10206 2187 7B       		.byte	0x7b
 10207 2188 00       		.sleb128 0
 10208 2189 22       		.byte	0x22
 10209 218a 1D       		.uleb128 0x1d
 10210 218b 01       		.uleb128 0x1
 10211 218c 52       		.byte	0x52
 10212 218d 02       		.uleb128 0x2
 10213 218e 76       		.byte	0x76
 10214 218f 00       		.sleb128 0
 10215 2190 00       		.byte	0
 10216 2191 1C       		.uleb128 0x1c
 10217 2192 B0000000 		.4byte	.LVL402
 10218 2196 3B0C0000 		.4byte	0xc3b
 10219 219a D2210000 		.4byte	0x21d2
 10220 219e 1D       		.uleb128 0x1d
 10221 219f 01       		.uleb128 0x1
 10222 21a0 50       		.byte	0x50
 10223 21a1 0C       		.uleb128 0xc
 10224 21a2 7A       		.byte	0x7a
 10225 21a3 00       		.sleb128 0
 10226 21a4 0A       		.byte	0xa
 10227 21a5 FFFF     		.2byte	0xffff
 10228 21a7 1A       		.byte	0x1a
 10229 21a8 78       		.byte	0x78
 10230 21a9 00       		.sleb128 0
 10231 21aa 1E       		.byte	0x1e
 10232 21ab 79       		.byte	0x79
 10233 21ac 00       		.sleb128 0
ARM GAS  C:\Users\91819\AppData\Local\Temp\ccy28JmR.s 			page 203


 10234 21ad 22       		.byte	0x22
 10235 21ae 1D       		.uleb128 0x1d
 10236 21af 01       		.uleb128 0x1
 10237 21b0 51       		.byte	0x51
 10238 21b1 0C       		.uleb128 0xc
 10239 21b2 7A       		.byte	0x7a
 10240 21b3 00       		.sleb128 0
 10241 21b4 0A       		.byte	0xa
 10242 21b5 FFFF     		.2byte	0xffff
 10243 21b7 1A       		.byte	0x1a
 10244 21b8 74       		.byte	0x74
 10245 21b9 00       		.sleb128 0
 10246 21ba 1E       		.byte	0x1e
 10247 21bb 7B       		.byte	0x7b
 10248 21bc 00       		.sleb128 0
 10249 21bd 22       		.byte	0x22
 10250 21be 1D       		.uleb128 0x1d
 10251 21bf 01       		.uleb128 0x1
 10252 21c0 52       		.byte	0x52
 10253 21c1 02       		.uleb128 0x2
 10254 21c2 7A       		.byte	0x7a
 10255 21c3 00       		.sleb128 0
 10256 21c4 1D       		.uleb128 0x1d
 10257 21c5 01       		.uleb128 0x1
 10258 21c6 53       		.byte	0x53
 10259 21c7 02       		.uleb128 0x2
 10260 21c8 7A       		.byte	0x7a
 10261 21c9 00       		.sleb128 0
 10262 21ca 1D       		.uleb128 0x1d
 10263 21cb 02       		.uleb128 0x2
 10264 21cc 7D       		.byte	0x7d
 10265 21cd 00       		.sleb128 0
 10266 21ce 02       		.uleb128 0x2
 10267 21cf 76       		.byte	0x76
 10268 21d0 00       		.sleb128 0
 10269 21d1 00       		.byte	0
 10270 21d2 1C       		.uleb128 0x1c
 10271 21d3 CE000000 		.4byte	.LVL403
 10272 21d7 4F0F0000 		.4byte	0xf4f
 10273 21db F8210000 		.4byte	0x21f8
 10274 21df 1D       		.uleb128 0x1d
 10275 21e0 01       		.uleb128 0x1
 10276 21e1 50       		.byte	0x50
 10277 21e2 05       		.uleb128 0x5
 10278 21e3 78       		.byte	0x78
 10279 21e4 00       		.sleb128 0
 10280 21e5 79       		.byte	0x79
 10281 21e6 00       		.sleb128 0
 10282 21e7 22       		.byte	0x22
 10283 21e8 1D       		.uleb128 0x1d
 10284 21e9 01       		.uleb128 0x1
 10285 21ea 51       		.byte	0x51
 10286 21eb 05       		.uleb128 0x5
 10287 21ec 74       		.byte	0x74
 10288 21ed 00       		.sleb128 0
 10289 21ee 7B       		.byte	0x7b
 10290 21ef 00       		.sleb128 0
ARM GAS  C:\Users\91819\AppData\Local\Temp\ccy28JmR.s 			page 204


 10291 21f0 22       		.byte	0x22
 10292 21f1 1D       		.uleb128 0x1d
 10293 21f2 01       		.uleb128 0x1
 10294 21f3 52       		.byte	0x52
 10295 21f4 02       		.uleb128 0x2
 10296 21f5 77       		.byte	0x77
 10297 21f6 00       		.sleb128 0
 10298 21f7 00       		.byte	0
 10299 21f8 1E       		.uleb128 0x1e
 10300 21f9 EC000000 		.4byte	.LVL404
 10301 21fd 3B0C0000 		.4byte	0xc3b
 10302 2201 1D       		.uleb128 0x1d
 10303 2202 01       		.uleb128 0x1
 10304 2203 50       		.byte	0x50
 10305 2204 0C       		.uleb128 0xc
 10306 2205 7A       		.byte	0x7a
 10307 2206 00       		.sleb128 0
 10308 2207 0A       		.byte	0xa
 10309 2208 FFFF     		.2byte	0xffff
 10310 220a 1A       		.byte	0x1a
 10311 220b 78       		.byte	0x78
 10312 220c 00       		.sleb128 0
 10313 220d 1E       		.byte	0x1e
 10314 220e 79       		.byte	0x79
 10315 220f 00       		.sleb128 0
 10316 2210 22       		.byte	0x22
 10317 2211 1D       		.uleb128 0x1d
 10318 2212 01       		.uleb128 0x1
 10319 2213 51       		.byte	0x51
 10320 2214 0C       		.uleb128 0xc
 10321 2215 7A       		.byte	0x7a
 10322 2216 00       		.sleb128 0
 10323 2217 0A       		.byte	0xa
 10324 2218 FFFF     		.2byte	0xffff
 10325 221a 1A       		.byte	0x1a
 10326 221b 74       		.byte	0x74
 10327 221c 00       		.sleb128 0
 10328 221d 1E       		.byte	0x1e
 10329 221e 7B       		.byte	0x7b
 10330 221f 00       		.sleb128 0
 10331 2220 22       		.byte	0x22
 10332 2221 1D       		.uleb128 0x1d
 10333 2222 01       		.uleb128 0x1
 10334 2223 52       		.byte	0x52
 10335 2224 02       		.uleb128 0x2
 10336 2225 7A       		.byte	0x7a
 10337 2226 00       		.sleb128 0
 10338 2227 1D       		.uleb128 0x1d
 10339 2228 01       		.uleb128 0x1
 10340 2229 53       		.byte	0x53
 10341 222a 02       		.uleb128 0x2
 10342 222b 7A       		.byte	0x7a
 10343 222c 00       		.sleb128 0
 10344 222d 1D       		.uleb128 0x1d
 10345 222e 02       		.uleb128 0x2
 10346 222f 7D       		.byte	0x7d
 10347 2230 00       		.sleb128 0
ARM GAS  C:\Users\91819\AppData\Local\Temp\ccy28JmR.s 			page 205


 10348 2231 02       		.uleb128 0x2
 10349 2232 77       		.byte	0x77
 10350 2233 00       		.sleb128 0
 10351 2234 00       		.byte	0
 10352 2235 00       		.byte	0
 10353 2236 00       		.byte	0
 10354 2237 00       		.byte	0
 10355 2238 14       		.uleb128 0x14
 10356 2239 40010000 		.4byte	.LBB20
 10357 223d CE000000 		.4byte	.LBE20-.LBB20
 10358 2241 8C230000 		.4byte	0x238c
 10359 2245 15       		.uleb128 0x15
 10360 2246 DE090000 		.4byte	.LASF59
 10361 224a 01       		.byte	0x1
 10362 224b 7903     		.2byte	0x379
 10363 224d 68020000 		.4byte	0x268
 10364 2251 63160000 		.4byte	.LLST144
 10365 2255 15       		.uleb128 0x15
 10366 2256 430A0000 		.4byte	.LASF58
 10367 225a 01       		.byte	0x1
 10368 225b 7A03     		.2byte	0x37a
 10369 225d 62020000 		.4byte	0x262
 10370 2261 76160000 		.4byte	.LLST145
 10371 2265 17       		.uleb128 0x17
 10372 2266 626F00   		.ascii	"bo\000"
 10373 2269 01       		.byte	0x1
 10374 226a 7C03     		.2byte	0x37c
 10375 226c 45000000 		.4byte	0x45
 10376 2270 89160000 		.4byte	.LLST146
 10377 2274 17       		.uleb128 0x17
 10378 2275 7700     		.ascii	"w\000"
 10379 2277 01       		.byte	0x1
 10380 2278 7D03     		.2byte	0x37d
 10381 227a 2C000000 		.4byte	0x2c
 10382 227e B2160000 		.4byte	.LLST147
 10383 2282 17       		.uleb128 0x17
 10384 2283 6800     		.ascii	"h\000"
 10385 2285 01       		.byte	0x1
 10386 2286 7E03     		.2byte	0x37e
 10387 2288 2C000000 		.4byte	0x2c
 10388 228c C5160000 		.4byte	.LLST148
 10389 2290 17       		.uleb128 0x17
 10390 2291 786F00   		.ascii	"xo\000"
 10391 2294 01       		.byte	0x1
 10392 2295 7F03     		.2byte	0x37f
 10393 2297 95010000 		.4byte	0x195
 10394 229b D9160000 		.4byte	.LLST149
 10395 229f 17       		.uleb128 0x17
 10396 22a0 796F00   		.ascii	"yo\000"
 10397 22a3 01       		.byte	0x1
 10398 22a4 8003     		.2byte	0x380
 10399 22a6 95010000 		.4byte	0x195
 10400 22aa 0F170000 		.4byte	.LLST150
 10401 22ae 17       		.uleb128 0x17
 10402 22af 787800   		.ascii	"xx\000"
 10403 22b2 01       		.byte	0x1
 10404 22b3 8103     		.2byte	0x381
ARM GAS  C:\Users\91819\AppData\Local\Temp\ccy28JmR.s 			page 206


 10405 22b5 2C000000 		.4byte	0x2c
 10406 22b9 2E170000 		.4byte	.LLST151
 10407 22bd 17       		.uleb128 0x17
 10408 22be 797900   		.ascii	"yy\000"
 10409 22c1 01       		.byte	0x1
 10410 22c2 8103     		.2byte	0x381
 10411 22c4 2C000000 		.4byte	0x2c
 10412 22c8 57170000 		.4byte	.LLST152
 10413 22cc 15       		.uleb128 0x15
 10414 22cd 0E060000 		.4byte	.LASF212
 10415 22d1 01       		.byte	0x1
 10416 22d2 8103     		.2byte	0x381
 10417 22d4 2C000000 		.4byte	0x2c
 10418 22d8 81170000 		.4byte	.LLST153
 10419 22dc 17       		.uleb128 0x17
 10420 22dd 62697400 		.ascii	"bit\000"
 10421 22e1 01       		.byte	0x1
 10422 22e2 8103     		.2byte	0x381
 10423 22e4 2C000000 		.4byte	0x2c
 10424 22e8 AB170000 		.4byte	.LLST154
 10425 22ec 15       		.uleb128 0x15
 10426 22ed F40B0000 		.4byte	.LASF213
 10427 22f1 01       		.byte	0x1
 10428 22f2 8203     		.2byte	0x382
 10429 22f4 A0010000 		.4byte	0x1a0
 10430 22f8 E0170000 		.4byte	.LLST155
 10431 22fc 15       		.uleb128 0x15
 10432 22fd 370B0000 		.4byte	.LASF214
 10433 2301 01       		.byte	0x1
 10434 2302 8203     		.2byte	0x382
 10435 2304 A0010000 		.4byte	0x1a0
 10436 2308 18180000 		.4byte	.LLST156
 10437 230c 1C       		.uleb128 0x1c
 10438 230d BE010000 		.4byte	.LVL435
 10439 2311 4F0F0000 		.4byte	0xf4f
 10440 2315 40230000 		.4byte	0x2340
 10441 2319 1D       		.uleb128 0x1d
 10442 231a 01       		.uleb128 0x1
 10443 231b 50       		.byte	0x50
 10444 231c 0B       		.uleb128 0xb
 10445 231d 91       		.byte	0x91
 10446 231e 50       		.sleb128 -48
 10447 231f 06       		.byte	0x6
 10448 2320 75       		.byte	0x75
 10449 2321 00       		.sleb128 0
 10450 2322 22       		.byte	0x22
 10451 2323 91       		.byte	0x91
 10452 2324 B87F     		.sleb128 -72
 10453 2326 06       		.byte	0x6
 10454 2327 22       		.byte	0x22
 10455 2328 1D       		.uleb128 0x1d
 10456 2329 01       		.uleb128 0x1
 10457 232a 51       		.byte	0x51
 10458 232b 0B       		.uleb128 0xb
 10459 232c 91       		.byte	0x91
 10460 232d 54       		.sleb128 -44
 10461 232e 06       		.byte	0x6
ARM GAS  C:\Users\91819\AppData\Local\Temp\ccy28JmR.s 			page 207


 10462 232f 79       		.byte	0x79
 10463 2330 00       		.sleb128 0
 10464 2331 22       		.byte	0x22
 10465 2332 91       		.byte	0x91
 10466 2333 BC7F     		.sleb128 -68
 10467 2335 06       		.byte	0x6
 10468 2336 22       		.byte	0x22
 10469 2337 1D       		.uleb128 0x1d
 10470 2338 01       		.uleb128 0x1
 10471 2339 52       		.byte	0x52
 10472 233a 04       		.uleb128 0x4
 10473 233b 91       		.byte	0x91
 10474 233c 40       		.sleb128 -64
 10475 233d 94       		.byte	0x94
 10476 233e 02       		.byte	0x2
 10477 233f 00       		.byte	0
 10478 2340 1E       		.uleb128 0x1e
 10479 2341 EE010000 		.4byte	.LVL436
 10480 2345 3B0C0000 		.4byte	0xc3b
 10481 2349 1D       		.uleb128 0x1d
 10482 234a 01       		.uleb128 0x1
 10483 234b 50       		.byte	0x50
 10484 234c 12       		.uleb128 0x12
 10485 234d 91       		.byte	0x91
 10486 234e 44       		.sleb128 -60
 10487 234f 06       		.byte	0x6
 10488 2350 75       		.byte	0x75
 10489 2351 00       		.sleb128 0
 10490 2352 22       		.byte	0x22
 10491 2353 7A       		.byte	0x7a
 10492 2354 00       		.sleb128 0
 10493 2355 0A       		.byte	0xa
 10494 2356 FFFF     		.2byte	0xffff
 10495 2358 1A       		.byte	0x1a
 10496 2359 1E       		.byte	0x1e
 10497 235a 91       		.byte	0x91
 10498 235b B87F     		.sleb128 -72
 10499 235d 06       		.byte	0x6
 10500 235e 22       		.byte	0x22
 10501 235f 1D       		.uleb128 0x1d
 10502 2360 01       		.uleb128 0x1
 10503 2361 51       		.byte	0x51
 10504 2362 12       		.uleb128 0x12
 10505 2363 91       		.byte	0x91
 10506 2364 48       		.sleb128 -56
 10507 2365 06       		.byte	0x6
 10508 2366 79       		.byte	0x79
 10509 2367 00       		.sleb128 0
 10510 2368 22       		.byte	0x22
 10511 2369 7A       		.byte	0x7a
 10512 236a 00       		.sleb128 0
 10513 236b 0A       		.byte	0xa
 10514 236c FFFF     		.2byte	0xffff
 10515 236e 1A       		.byte	0x1a
 10516 236f 1E       		.byte	0x1e
 10517 2370 91       		.byte	0x91
 10518 2371 BC7F     		.sleb128 -68
ARM GAS  C:\Users\91819\AppData\Local\Temp\ccy28JmR.s 			page 208


 10519 2373 06       		.byte	0x6
 10520 2374 22       		.byte	0x22
 10521 2375 1D       		.uleb128 0x1d
 10522 2376 01       		.uleb128 0x1
 10523 2377 52       		.byte	0x52
 10524 2378 02       		.uleb128 0x2
 10525 2379 7A       		.byte	0x7a
 10526 237a 00       		.sleb128 0
 10527 237b 1D       		.uleb128 0x1d
 10528 237c 01       		.uleb128 0x1
 10529 237d 53       		.byte	0x53
 10530 237e 02       		.uleb128 0x2
 10531 237f 7A       		.byte	0x7a
 10532 2380 00       		.sleb128 0
 10533 2381 1D       		.uleb128 0x1d
 10534 2382 02       		.uleb128 0x2
 10535 2383 7D       		.byte	0x7d
 10536 2384 00       		.sleb128 0
 10537 2385 04       		.uleb128 0x4
 10538 2386 91       		.byte	0x91
 10539 2387 40       		.sleb128 -64
 10540 2388 94       		.byte	0x94
 10541 2389 02       		.byte	0x2
 10542 238a 00       		.byte	0
 10543 238b 00       		.byte	0
 10544 238c 1C       		.uleb128 0x1c
 10545 238d 22010000 		.4byte	.LVL410
 10546 2391 EE110000 		.4byte	0x11ee
 10547 2395 B8230000 		.4byte	0x23b8
 10548 2399 1D       		.uleb128 0x1d
 10549 239a 01       		.uleb128 0x1
 10550 239b 50       		.byte	0x50
 10551 239c 06       		.uleb128 0x6
 10552 239d 91       		.byte	0x91
 10553 239e B87F     		.sleb128 -72
 10554 23a0 06       		.byte	0x6
 10555 23a1 23       		.byte	0x23
 10556 23a2 05       		.uleb128 0x5
 10557 23a3 1D       		.uleb128 0x1d
 10558 23a4 01       		.uleb128 0x1
 10559 23a5 51       		.byte	0x51
 10560 23a6 05       		.uleb128 0x5
 10561 23a7 91       		.byte	0x91
 10562 23a8 BC7F     		.sleb128 -68
 10563 23aa 94       		.byte	0x94
 10564 23ab 02       		.byte	0x2
 10565 23ac 1D       		.uleb128 0x1d
 10566 23ad 01       		.uleb128 0x1
 10567 23ae 52       		.byte	0x52
 10568 23af 01       		.uleb128 0x1
 10569 23b0 38       		.byte	0x38
 10570 23b1 1D       		.uleb128 0x1d
 10571 23b2 01       		.uleb128 0x1
 10572 23b3 53       		.byte	0x53
 10573 23b4 02       		.uleb128 0x2
 10574 23b5 77       		.byte	0x77
 10575 23b6 00       		.sleb128 0
ARM GAS  C:\Users\91819\AppData\Local\Temp\ccy28JmR.s 			page 209


 10576 23b7 00       		.byte	0
 10577 23b8 1E       		.uleb128 0x1e
 10578 23b9 3E010000 		.4byte	.LVL411
 10579 23bd 3B0C0000 		.4byte	0xc3b
 10580 23c1 1D       		.uleb128 0x1d
 10581 23c2 01       		.uleb128 0x1
 10582 23c3 50       		.byte	0x50
 10583 23c4 14       		.uleb128 0x14
 10584 23c5 7A       		.byte	0x7a
 10585 23c6 00       		.sleb128 0
 10586 23c7 0A       		.byte	0xa
 10587 23c8 FFFF     		.2byte	0xffff
 10588 23ca 1A       		.byte	0x1a
 10589 23cb 32       		.byte	0x32
 10590 23cc 24       		.byte	0x24
 10591 23cd 7A       		.byte	0x7a
 10592 23ce 00       		.sleb128 0
 10593 23cf 0A       		.byte	0xa
 10594 23d0 FFFF     		.2byte	0xffff
 10595 23d2 1A       		.byte	0x1a
 10596 23d3 22       		.byte	0x22
 10597 23d4 91       		.byte	0x91
 10598 23d5 B87F     		.sleb128 -72
 10599 23d7 06       		.byte	0x6
 10600 23d8 22       		.byte	0x22
 10601 23d9 1D       		.uleb128 0x1d
 10602 23da 01       		.uleb128 0x1
 10603 23db 51       		.byte	0x51
 10604 23dc 05       		.uleb128 0x5
 10605 23dd 91       		.byte	0x91
 10606 23de BC7F     		.sleb128 -68
 10607 23e0 94       		.byte	0x94
 10608 23e1 02       		.byte	0x2
 10609 23e2 1D       		.uleb128 0x1d
 10610 23e3 01       		.uleb128 0x1
 10611 23e4 52       		.byte	0x52
 10612 23e5 02       		.uleb128 0x2
 10613 23e6 7A       		.byte	0x7a
 10614 23e7 00       		.sleb128 0
 10615 23e8 1D       		.uleb128 0x1d
 10616 23e9 01       		.uleb128 0x1
 10617 23ea 53       		.byte	0x53
 10618 23eb 04       		.uleb128 0x4
 10619 23ec 7A       		.byte	0x7a
 10620 23ed 00       		.sleb128 0
 10621 23ee 33       		.byte	0x33
 10622 23ef 24       		.byte	0x24
 10623 23f0 1D       		.uleb128 0x1d
 10624 23f1 02       		.uleb128 0x2
 10625 23f2 7D       		.byte	0x7d
 10626 23f3 00       		.sleb128 0
 10627 23f4 02       		.uleb128 0x2
 10628 23f5 77       		.byte	0x77
 10629 23f6 00       		.sleb128 0
 10630 23f7 00       		.byte	0
 10631 23f8 00       		.byte	0
 10632 23f9 25       		.uleb128 0x25
ARM GAS  C:\Users\91819\AppData\Local\Temp\ccy28JmR.s 			page 210


 10633 23fa E4090000 		.4byte	.LASF215
 10634 23fe 01       		.byte	0x1
 10635 23ff D101     		.2byte	0x1d1
 10636 2401 00000000 		.4byte	.LFB21
 10637 2405 44010000 		.4byte	.LFE21-.LFB21
 10638 2409 01       		.uleb128 0x1
 10639 240a 9C       		.byte	0x9c
 10640 240b B2240000 		.4byte	0x24b2
 10641 240f 12       		.uleb128 0x12
 10642 2410 6300     		.ascii	"c\000"
 10643 2412 01       		.byte	0x1
 10644 2413 D101     		.2byte	0x1d1
 10645 2415 2C000000 		.4byte	0x2c
 10646 2419 50180000 		.4byte	.LLST157
 10647 241d 14       		.uleb128 0x14
 10648 241e B6000000 		.4byte	.LBB21
 10649 2422 84000000 		.4byte	.LBE21-.LBB21
 10650 2426 A1240000 		.4byte	0x24a1
 10651 242a 15       		.uleb128 0x15
 10652 242b F6040000 		.4byte	.LASF60
 10653 242f 01       		.byte	0x1
 10654 2430 E801     		.2byte	0x1e8
 10655 2432 2C000000 		.4byte	0x2c
 10656 2436 A3180000 		.4byte	.LLST158
 10657 243a 16       		.uleb128 0x16
 10658 243b C2000000 		.4byte	.LBB22
 10659 243f 78000000 		.4byte	.LBE22-.LBB22
 10660 2443 15       		.uleb128 0x15
 10661 2444 DE090000 		.4byte	.LASF59
 10662 2448 01       		.byte	0x1
 10663 2449 EA01     		.2byte	0x1ea
 10664 244b 68020000 		.4byte	0x268
 10665 244f D4180000 		.4byte	.LLST159
 10666 2453 17       		.uleb128 0x17
 10667 2454 7700     		.ascii	"w\000"
 10668 2456 01       		.byte	0x1
 10669 2457 EC01     		.2byte	0x1ec
 10670 2459 2C000000 		.4byte	0x2c
 10671 245d E7180000 		.4byte	.LLST160
 10672 2461 17       		.uleb128 0x17
 10673 2462 6800     		.ascii	"h\000"
 10674 2464 01       		.byte	0x1
 10675 2465 ED01     		.2byte	0x1ed
 10676 2467 2C000000 		.4byte	0x2c
 10677 246b 06190000 		.4byte	.LLST161
 10678 246f 16       		.uleb128 0x16
 10679 2470 D2000000 		.4byte	.LBB23
 10680 2474 56000000 		.4byte	.LBE23-.LBB23
 10681 2478 17       		.uleb128 0x17
 10682 2479 786F00   		.ascii	"xo\000"
 10683 247c 01       		.byte	0x1
 10684 247d EF01     		.2byte	0x1ef
 10685 247f A0010000 		.4byte	0x1a0
 10686 2483 25190000 		.4byte	.LLST162
 10687 2487 1E       		.uleb128 0x1e
 10688 2488 28010000 		.4byte	.LVL465
 10689 248c B1200000 		.4byte	0x20b1
ARM GAS  C:\Users\91819\AppData\Local\Temp\ccy28JmR.s 			page 211


 10690 2490 1D       		.uleb128 0x1d
 10691 2491 01       		.uleb128 0x1
 10692 2492 50       		.byte	0x50
 10693 2493 02       		.uleb128 0x2
 10694 2494 75       		.byte	0x75
 10695 2495 00       		.sleb128 0
 10696 2496 1D       		.uleb128 0x1d
 10697 2497 02       		.uleb128 0x2
 10698 2498 7D       		.byte	0x7d
 10699 2499 04       		.sleb128 4
 10700 249a 02       		.uleb128 0x2
 10701 249b 76       		.byte	0x76
 10702 249c 00       		.sleb128 0
 10703 249d 00       		.byte	0
 10704 249e 00       		.byte	0
 10705 249f 00       		.byte	0
 10706 24a0 00       		.byte	0
 10707 24a1 1E       		.uleb128 0x1e
 10708 24a2 80000000 		.4byte	.LVL449
 10709 24a6 B1200000 		.4byte	0x20b1
 10710 24aa 1D       		.uleb128 0x1d
 10711 24ab 01       		.uleb128 0x1
 10712 24ac 50       		.byte	0x50
 10713 24ad 02       		.uleb128 0x2
 10714 24ae 75       		.byte	0x75
 10715 24af 00       		.sleb128 0
 10716 24b0 00       		.byte	0
 10717 24b1 00       		.byte	0
 10718 24b2 25       		.uleb128 0x25
 10719 24b3 A5070000 		.4byte	.LASF216
 10720 24b7 01       		.byte	0x1
 10721 24b8 C401     		.2byte	0x1c4
 10722 24ba 00000000 		.4byte	.LFB19
 10723 24be 14000000 		.4byte	.LFE19-.LFB19
 10724 24c2 01       		.uleb128 0x1
 10725 24c3 9C       		.byte	0x9c
 10726 24c4 E2240000 		.4byte	0x24e2
 10727 24c8 12       		.uleb128 0x12
 10728 24c9 74787400 		.ascii	"txt\000"
 10729 24cd 01       		.byte	0x1
 10730 24ce C401     		.2byte	0x1c4
 10731 24d0 8F010000 		.4byte	0x18f
 10732 24d4 51190000 		.4byte	.LLST163
 10733 24d8 1F       		.uleb128 0x1f
 10734 24d9 0C000000 		.4byte	.LVL470
 10735 24dd F9230000 		.4byte	0x23f9
 10736 24e1 00       		.byte	0
 10737 24e2 25       		.uleb128 0x25
 10738 24e3 F0000000 		.4byte	.LASF217
 10739 24e7 01       		.byte	0x1
 10740 24e8 CA01     		.2byte	0x1ca
 10741 24ea 00000000 		.4byte	.LFB20
 10742 24ee 1A000000 		.4byte	.LFE20-.LFB20
 10743 24f2 01       		.uleb128 0x1
 10744 24f3 9C       		.byte	0x9c
 10745 24f4 21250000 		.4byte	0x2521
 10746 24f8 12       		.uleb128 0x12
ARM GAS  C:\Users\91819\AppData\Local\Temp\ccy28JmR.s 			page 212


 10747 24f9 74787400 		.ascii	"txt\000"
 10748 24fd 01       		.byte	0x1
 10749 24fe CA01     		.2byte	0x1ca
 10750 2500 8F010000 		.4byte	0x18f
 10751 2504 6F190000 		.4byte	.LLST164
 10752 2508 1F       		.uleb128 0x1f
 10753 2509 0C000000 		.4byte	.LVL474
 10754 250d F9230000 		.4byte	0x23f9
 10755 2511 1E       		.uleb128 0x1e
 10756 2512 18000000 		.4byte	.LVL475
 10757 2516 F9230000 		.4byte	0x23f9
 10758 251a 1D       		.uleb128 0x1d
 10759 251b 01       		.uleb128 0x1
 10760 251c 50       		.byte	0x50
 10761 251d 01       		.uleb128 0x1
 10762 251e 3A       		.byte	0x3a
 10763 251f 00       		.byte	0
 10764 2520 00       		.byte	0
 10765 2521 27       		.uleb128 0x27
 10766 2522 7A000000 		.4byte	.LASF218
 10767 2526 01       		.byte	0x1
 10768 2527 AE03     		.2byte	0x3ae
 10769 2529 A0010000 		.4byte	0x1a0
 10770 252d 00000000 		.4byte	.LFB40
 10771 2531 0C000000 		.4byte	.LFE40-.LFB40
 10772 2535 01       		.uleb128 0x1
 10773 2536 9C       		.byte	0x9c
 10774 2537 27       		.uleb128 0x27
 10775 2538 4A0A0000 		.4byte	.LASF219
 10776 253c 01       		.byte	0x1
 10777 253d B203     		.2byte	0x3b2
 10778 253f A0010000 		.4byte	0x1a0
 10779 2543 00000000 		.4byte	.LFB41
 10780 2547 0C000000 		.4byte	.LFE41-.LFB41
 10781 254b 01       		.uleb128 0x1
 10782 254c 9C       		.byte	0x9c
 10783 254d 27       		.uleb128 0x27
 10784 254e C20B0000 		.4byte	.LASF220
 10785 2552 01       		.byte	0x1
 10786 2553 B603     		.2byte	0x3b6
 10787 2555 9E020000 		.4byte	0x29e
 10788 2559 00000000 		.4byte	.LFB42
 10789 255d 0C000000 		.4byte	.LFE42-.LFB42
 10790 2561 01       		.uleb128 0x1
 10791 2562 9C       		.byte	0x9c
 10792 2563 27       		.uleb128 0x27
 10793 2564 53050000 		.4byte	.LASF221
 10794 2568 01       		.byte	0x1
 10795 2569 BA03     		.2byte	0x3ba
 10796 256b A0010000 		.4byte	0x1a0
 10797 256f 00000000 		.4byte	.LFB43
 10798 2573 0C000000 		.4byte	.LFE43-.LFB43
 10799 2577 01       		.uleb128 0x1
 10800 2578 9C       		.byte	0x9c
 10801 2579 27       		.uleb128 0x27
 10802 257a 62050000 		.4byte	.LASF222
 10803 257e 01       		.byte	0x1
ARM GAS  C:\Users\91819\AppData\Local\Temp\ccy28JmR.s 			page 213


 10804 257f BE03     		.2byte	0x3be
 10805 2581 A0010000 		.4byte	0x1a0
 10806 2585 00000000 		.4byte	.LFB44
 10807 2589 0C000000 		.4byte	.LFE44-.LFB44
 10808 258d 01       		.uleb128 0x1
 10809 258e 9C       		.byte	0x9c
 10810 258f 0F       		.uleb128 0xf
 10811 2590 9F250000 		.4byte	0x259f
 10812 2594 9F250000 		.4byte	0x259f
 10813 2598 10       		.uleb128 0x10
 10814 2599 88010000 		.4byte	0x188
 10815 259d 57       		.byte	0x57
 10816 259e 00       		.byte	0
 10817 259f 05       		.uleb128 0x5
 10818 25a0 2C000000 		.4byte	0x2c
 10819 25a4 2D       		.uleb128 0x2d
 10820 25a5 3D020000 		.4byte	.LASF223
 10821 25a9 06       		.byte	0x6
 10822 25aa 55       		.byte	0x55
 10823 25ab B5250000 		.4byte	0x25b5
 10824 25af 05       		.uleb128 0x5
 10825 25b0 03       		.byte	0x3
 10826 25b1 00000000 		.4byte	SST35S_init_seq
 10827 25b5 05       		.uleb128 0x5
 10828 25b6 8F250000 		.4byte	0x258f
 10829 25ba 0F       		.uleb128 0xf
 10830 25bb CB250000 		.4byte	0x25cb
 10831 25bf CB250000 		.4byte	0x25cb
 10832 25c3 2E       		.uleb128 0x2e
 10833 25c4 88010000 		.4byte	0x188
 10834 25c8 FF04     		.2byte	0x4ff
 10835 25ca 00       		.byte	0
 10836 25cb 05       		.uleb128 0x5
 10837 25cc 37000000 		.4byte	0x37
 10838 25d0 2D       		.uleb128 0x2d
 10839 25d1 A6060000 		.4byte	.LASF224
 10840 25d5 07       		.byte	0x7
 10841 25d6 08       		.byte	0x8
 10842 25d7 E1250000 		.4byte	0x25e1
 10843 25db 05       		.uleb128 0x5
 10844 25dc 03       		.byte	0x3
 10845 25dd 58000000 		.4byte	font
 10846 25e1 05       		.uleb128 0x5
 10847 25e2 BA250000 		.4byte	0x25ba
 10848 25e6 2F       		.uleb128 0x2f
 10849 25e7 54414700 		.ascii	"TAG\000"
 10850 25eb 01       		.byte	0x1
 10851 25ec 68       		.byte	0x68
 10852 25ed F8250000 		.4byte	0x25f8
 10853 25f1 06       		.uleb128 0x6
 10854 25f2 03       		.byte	0x3
 10855 25f3 10000000 		.4byte	.LC1
 10856 25f7 9F       		.byte	0x9f
 10857 25f8 05       		.uleb128 0x5
 10858 25f9 93000000 		.4byte	0x93
 10859 25fd 2D       		.uleb128 0x2d
 10860 25fe 39070000 		.4byte	.LASF225
ARM GAS  C:\Users\91819\AppData\Local\Temp\ccy28JmR.s 			page 214


 10861 2602 01       		.byte	0x1
 10862 2603 6A       		.byte	0x6a
 10863 2604 2C000000 		.4byte	0x2c
 10864 2608 05       		.uleb128 0x5
 10865 2609 03       		.byte	0x3
 10866 260a DC000000 		.4byte	colstart
 10867 260e 2D       		.uleb128 0x2d
 10868 260f 9B0B0000 		.4byte	.LASF226
 10869 2613 01       		.byte	0x1
 10870 2614 6B       		.byte	0x6b
 10871 2615 2C000000 		.4byte	0x2c
 10872 2619 05       		.uleb128 0x5
 10873 261a 03       		.byte	0x3
 10874 261b DD000000 		.4byte	rowstart
 10875 261f 2D       		.uleb128 0x2d
 10876 2620 05000000 		.4byte	.LASF227
 10877 2624 01       		.byte	0x1
 10878 2625 6C       		.byte	0x6c
 10879 2626 2C000000 		.4byte	0x2c
 10880 262a 05       		.uleb128 0x5
 10881 262b 03       		.byte	0x3
 10882 262c D6000000 		.4byte	xstart
 10883 2630 2D       		.uleb128 0x2d
 10884 2631 A3090000 		.4byte	.LASF228
 10885 2635 01       		.byte	0x1
 10886 2636 6D       		.byte	0x6d
 10887 2637 2C000000 		.4byte	0x2c
 10888 263b 05       		.uleb128 0x5
 10889 263c 03       		.byte	0x3
 10890 263d D7000000 		.4byte	ystart
 10891 2641 2D       		.uleb128 0x2d
 10892 2642 EF020000 		.4byte	.LASF229
 10893 2646 01       		.byte	0x1
 10894 2647 6F       		.byte	0x6f
 10895 2648 2C000000 		.4byte	0x2c
 10896 264c 05       		.uleb128 0x5
 10897 264d 03       		.byte	0x3
 10898 264e 04000000 		.4byte	textsize
 10899 2652 2D       		.uleb128 0x2d
 10900 2653 34020000 		.4byte	.LASF230
 10901 2657 01       		.byte	0x1
 10902 2658 70       		.byte	0x70
 10903 2659 2C000000 		.4byte	0x2c
 10904 265d 05       		.uleb128 0x5
 10905 265e 03       		.byte	0x3
 10906 265f D8000000 		.4byte	rotation
 10907 2663 2D       		.uleb128 0x2d
 10908 2664 ED050000 		.4byte	.LASF231
 10909 2668 01       		.byte	0x1
 10910 2669 72       		.byte	0x72
 10911 266a A0010000 		.4byte	0x1a0
 10912 266e 05       		.uleb128 0x5
 10913 266f 03       		.byte	0x3
 10914 2670 06000000 		.4byte	_width
 10915 2674 2D       		.uleb128 0x2d
 10916 2675 9E060000 		.4byte	.LASF232
 10917 2679 01       		.byte	0x1
ARM GAS  C:\Users\91819\AppData\Local\Temp\ccy28JmR.s 			page 215


 10918 267a 73       		.byte	0x73
 10919 267b 45000000 		.4byte	0x45
 10920 267f 05       		.uleb128 0x5
 10921 2680 03       		.byte	0x3
 10922 2681 DA000000 		.4byte	_height
 10923 2685 2D       		.uleb128 0x2d
 10924 2686 CF020000 		.4byte	.LASF233
 10925 268a 01       		.byte	0x1
 10926 268b 74       		.byte	0x74
 10927 268c 45000000 		.4byte	0x45
 10928 2690 05       		.uleb128 0x5
 10929 2691 03       		.byte	0x3
 10930 2692 DE000000 		.4byte	cursor_x
 10931 2696 2D       		.uleb128 0x2d
 10932 2697 D8020000 		.4byte	.LASF234
 10933 269b 01       		.byte	0x1
 10934 269c 75       		.byte	0x75
 10935 269d 45000000 		.4byte	0x45
 10936 26a1 05       		.uleb128 0x5
 10937 26a2 03       		.byte	0x3
 10938 26a3 E0000000 		.4byte	cursor_y
 10939 26a7 2D       		.uleb128 0x2d
 10940 26a8 7C080000 		.4byte	.LASF172
 10941 26ac 01       		.byte	0x1
 10942 26ad 76       		.byte	0x76
 10943 26ae B6010000 		.4byte	0x1b6
 10944 26b2 05       		.uleb128 0x5
 10945 26b3 03       		.byte	0x3
 10946 26b4 E2000000 		.4byte	color
 10947 26b8 2D       		.uleb128 0x2d
 10948 26b9 A4030000 		.4byte	.LASF235
 10949 26bd 01       		.byte	0x1
 10950 26be 77       		.byte	0x77
 10951 26bf B6010000 		.4byte	0x1b6
 10952 26c3 05       		.uleb128 0x5
 10953 26c4 03       		.byte	0x3
 10954 26c5 E4000000 		.4byte	bgcolor
 10955 26c9 2D       		.uleb128 0x2d
 10956 26ca FC040000 		.4byte	.LASF236
 10957 26ce 01       		.byte	0x1
 10958 26cf 79       		.byte	0x79
 10959 26d0 81000000 		.4byte	0x81
 10960 26d4 05       		.uleb128 0x5
 10961 26d5 03       		.byte	0x3
 10962 26d6 05000000 		.4byte	wrap
 10963 26da 2D       		.uleb128 0x2d
 10964 26db 80090000 		.4byte	.LASF237
 10965 26df 01       		.byte	0x1
 10966 26e0 7B       		.byte	0x7b
 10967 26e1 EB260000 		.4byte	0x26eb
 10968 26e5 05       		.uleb128 0x5
 10969 26e6 03       		.byte	0x3
 10970 26e7 00000000 		.4byte	gfxFont
 10971 26eb 04       		.uleb128 0x4
 10972 26ec 04       		.byte	0x4
 10973 26ed 6E020000 		.4byte	0x26e
 10974 26f1 2D       		.uleb128 0x2d
ARM GAS  C:\Users\91819\AppData\Local\Temp\ccy28JmR.s 			page 216


 10975 26f2 12020000 		.4byte	.LASF238
 10976 26f6 01       		.byte	0x1
 10977 26f7 7D       		.byte	0x7d
 10978 26f8 07050000 		.4byte	0x507
 10979 26fc 05       		.uleb128 0x5
 10980 26fd 03       		.byte	0x3
 10981 26fe 08000000 		.4byte	TFT_RB_out
 10982 2702 30       		.uleb128 0x30
 10983 2703 820A0000 		.4byte	.LASF150
 10984 2707 820A0000 		.4byte	.LASF150
 10985 270b 01       		.byte	0x1
 10986 270c 9B       		.byte	0x9b
 10987 270d 30       		.uleb128 0x30
 10988 270e E00B0000 		.4byte	.LASF149
 10989 2712 E00B0000 		.4byte	.LASF149
 10990 2716 01       		.byte	0x1
 10991 2717 A5       		.byte	0xa5
 10992 2718 30       		.uleb128 0x30
 10993 2719 40060000 		.4byte	.LASF152
 10994 271d 40060000 		.4byte	.LASF152
 10995 2721 01       		.byte	0x1
 10996 2722 AD       		.byte	0xad
 10997 2723 30       		.uleb128 0x30
 10998 2724 25030000 		.4byte	.LASF157
 10999 2728 25030000 		.4byte	.LASF157
 11000 272c 01       		.byte	0x1
 11001 272d FC       		.byte	0xfc
 11002 272e 31       		.uleb128 0x31
 11003 272f F4050000 		.4byte	.LASF159
 11004 2733 F4050000 		.4byte	.LASF159
 11005 2737 01       		.byte	0x1
 11006 2738 0601     		.2byte	0x106
 11007 273a 30       		.uleb128 0x30
 11008 273b 1A080000 		.4byte	.LASF174
 11009 273f 1A080000 		.4byte	.LASF174
 11010 2743 01       		.byte	0x1
 11011 2744 D6       		.byte	0xd6
 11012 2745 30       		.uleb128 0x30
 11013 2746 C9070000 		.4byte	.LASF175
 11014 274a C9070000 		.4byte	.LASF175
 11015 274e 01       		.byte	0x1
 11016 274f D9       		.byte	0xd9
 11017 2750 30       		.uleb128 0x30
 11018 2751 AE050000 		.4byte	.LASF176
 11019 2755 AE050000 		.4byte	.LASF176
 11020 2759 01       		.byte	0x1
 11021 275a DA       		.byte	0xda
 11022 275b 30       		.uleb128 0x30
 11023 275c 4D040000 		.4byte	.LASF180
 11024 2760 4D040000 		.4byte	.LASF180
 11025 2764 01       		.byte	0x1
 11026 2765 FB       		.byte	0xfb
 11027 2766 31       		.uleb128 0x31
 11028 2767 39050000 		.4byte	.LASF193
 11029 276b 39050000 		.4byte	.LASF193
 11030 276f 01       		.byte	0x1
 11031 2770 4702     		.2byte	0x247
ARM GAS  C:\Users\91819\AppData\Local\Temp\ccy28JmR.s 			page 217


 11032 2772 00       		.byte	0
 11033              		.section	.debug_abbrev,"",%progbits
 11034              	.Ldebug_abbrev0:
 11035 0000 01       		.uleb128 0x1
 11036 0001 11       		.uleb128 0x11
 11037 0002 01       		.byte	0x1
 11038 0003 25       		.uleb128 0x25
 11039 0004 0E       		.uleb128 0xe
 11040 0005 13       		.uleb128 0x13
 11041 0006 0B       		.uleb128 0xb
 11042 0007 03       		.uleb128 0x3
 11043 0008 0E       		.uleb128 0xe
 11044 0009 1B       		.uleb128 0x1b
 11045 000a 0E       		.uleb128 0xe
 11046 000b 55       		.uleb128 0x55
 11047 000c 17       		.uleb128 0x17
 11048 000d 11       		.uleb128 0x11
 11049 000e 01       		.uleb128 0x1
 11050 000f 10       		.uleb128 0x10
 11051 0010 17       		.uleb128 0x17
 11052 0011 00       		.byte	0
 11053 0012 00       		.byte	0
 11054 0013 02       		.uleb128 0x2
 11055 0014 24       		.uleb128 0x24
 11056 0015 00       		.byte	0
 11057 0016 0B       		.uleb128 0xb
 11058 0017 0B       		.uleb128 0xb
 11059 0018 3E       		.uleb128 0x3e
 11060 0019 0B       		.uleb128 0xb
 11061 001a 03       		.uleb128 0x3
 11062 001b 0E       		.uleb128 0xe
 11063 001c 00       		.byte	0
 11064 001d 00       		.byte	0
 11065 001e 03       		.uleb128 0x3
 11066 001f 16       		.uleb128 0x16
 11067 0020 00       		.byte	0
 11068 0021 03       		.uleb128 0x3
 11069 0022 0E       		.uleb128 0xe
 11070 0023 3A       		.uleb128 0x3a
 11071 0024 0B       		.uleb128 0xb
 11072 0025 3B       		.uleb128 0x3b
 11073 0026 0B       		.uleb128 0xb
 11074 0027 49       		.uleb128 0x49
 11075 0028 13       		.uleb128 0x13
 11076 0029 00       		.byte	0
 11077 002a 00       		.byte	0
 11078 002b 04       		.uleb128 0x4
 11079 002c 0F       		.uleb128 0xf
 11080 002d 00       		.byte	0
 11081 002e 0B       		.uleb128 0xb
 11082 002f 0B       		.uleb128 0xb
 11083 0030 49       		.uleb128 0x49
 11084 0031 13       		.uleb128 0x13
 11085 0032 00       		.byte	0
 11086 0033 00       		.byte	0
 11087 0034 05       		.uleb128 0x5
 11088 0035 26       		.uleb128 0x26
ARM GAS  C:\Users\91819\AppData\Local\Temp\ccy28JmR.s 			page 218


 11089 0036 00       		.byte	0
 11090 0037 49       		.uleb128 0x49
 11091 0038 13       		.uleb128 0x13
 11092 0039 00       		.byte	0
 11093 003a 00       		.byte	0
 11094 003b 06       		.uleb128 0x6
 11095 003c 04       		.uleb128 0x4
 11096 003d 01       		.byte	0x1
 11097 003e 0B       		.uleb128 0xb
 11098 003f 0B       		.uleb128 0xb
 11099 0040 49       		.uleb128 0x49
 11100 0041 13       		.uleb128 0x13
 11101 0042 3A       		.uleb128 0x3a
 11102 0043 0B       		.uleb128 0xb
 11103 0044 3B       		.uleb128 0x3b
 11104 0045 0B       		.uleb128 0xb
 11105 0046 01       		.uleb128 0x1
 11106 0047 13       		.uleb128 0x13
 11107 0048 00       		.byte	0
 11108 0049 00       		.byte	0
 11109 004a 07       		.uleb128 0x7
 11110 004b 28       		.uleb128 0x28
 11111 004c 00       		.byte	0
 11112 004d 03       		.uleb128 0x3
 11113 004e 0E       		.uleb128 0xe
 11114 004f 1C       		.uleb128 0x1c
 11115 0050 0B       		.uleb128 0xb
 11116 0051 00       		.byte	0
 11117 0052 00       		.byte	0
 11118 0053 08       		.uleb128 0x8
 11119 0054 28       		.uleb128 0x28
 11120 0055 00       		.byte	0
 11121 0056 03       		.uleb128 0x3
 11122 0057 0E       		.uleb128 0xe
 11123 0058 1C       		.uleb128 0x1c
 11124 0059 0D       		.uleb128 0xd
 11125 005a 00       		.byte	0
 11126 005b 00       		.byte	0
 11127 005c 09       		.uleb128 0x9
 11128 005d 24       		.uleb128 0x24
 11129 005e 00       		.byte	0
 11130 005f 0B       		.uleb128 0xb
 11131 0060 0B       		.uleb128 0xb
 11132 0061 3E       		.uleb128 0x3e
 11133 0062 0B       		.uleb128 0xb
 11134 0063 03       		.uleb128 0x3
 11135 0064 08       		.uleb128 0x8
 11136 0065 00       		.byte	0
 11137 0066 00       		.byte	0
 11138 0067 0A       		.uleb128 0xa
 11139 0068 13       		.uleb128 0x13
 11140 0069 01       		.byte	0x1
 11141 006a 0B       		.uleb128 0xb
 11142 006b 0B       		.uleb128 0xb
 11143 006c 3A       		.uleb128 0x3a
 11144 006d 0B       		.uleb128 0xb
 11145 006e 3B       		.uleb128 0x3b
ARM GAS  C:\Users\91819\AppData\Local\Temp\ccy28JmR.s 			page 219


 11146 006f 0B       		.uleb128 0xb
 11147 0070 01       		.uleb128 0x1
 11148 0071 13       		.uleb128 0x13
 11149 0072 00       		.byte	0
 11150 0073 00       		.byte	0
 11151 0074 0B       		.uleb128 0xb
 11152 0075 0D       		.uleb128 0xd
 11153 0076 00       		.byte	0
 11154 0077 03       		.uleb128 0x3
 11155 0078 0E       		.uleb128 0xe
 11156 0079 3A       		.uleb128 0x3a
 11157 007a 0B       		.uleb128 0xb
 11158 007b 3B       		.uleb128 0x3b
 11159 007c 0B       		.uleb128 0xb
 11160 007d 49       		.uleb128 0x49
 11161 007e 13       		.uleb128 0x13
 11162 007f 38       		.uleb128 0x38
 11163 0080 0B       		.uleb128 0xb
 11164 0081 00       		.byte	0
 11165 0082 00       		.byte	0
 11166 0083 0C       		.uleb128 0xc
 11167 0084 28       		.uleb128 0x28
 11168 0085 00       		.byte	0
 11169 0086 03       		.uleb128 0x3
 11170 0087 0E       		.uleb128 0xe
 11171 0088 1C       		.uleb128 0x1c
 11172 0089 05       		.uleb128 0x5
 11173 008a 00       		.byte	0
 11174 008b 00       		.byte	0
 11175 008c 0D       		.uleb128 0xd
 11176 008d 28       		.uleb128 0x28
 11177 008e 00       		.byte	0
 11178 008f 03       		.uleb128 0x3
 11179 0090 08       		.uleb128 0x8
 11180 0091 1C       		.uleb128 0x1c
 11181 0092 0B       		.uleb128 0xb
 11182 0093 00       		.byte	0
 11183 0094 00       		.byte	0
 11184 0095 0E       		.uleb128 0xe
 11185 0096 0D       		.uleb128 0xd
 11186 0097 00       		.byte	0
 11187 0098 03       		.uleb128 0x3
 11188 0099 08       		.uleb128 0x8
 11189 009a 3A       		.uleb128 0x3a
 11190 009b 0B       		.uleb128 0xb
 11191 009c 3B       		.uleb128 0x3b
 11192 009d 0B       		.uleb128 0xb
 11193 009e 49       		.uleb128 0x49
 11194 009f 13       		.uleb128 0x13
 11195 00a0 38       		.uleb128 0x38
 11196 00a1 0B       		.uleb128 0xb
 11197 00a2 00       		.byte	0
 11198 00a3 00       		.byte	0
 11199 00a4 0F       		.uleb128 0xf
 11200 00a5 01       		.uleb128 0x1
 11201 00a6 01       		.byte	0x1
 11202 00a7 49       		.uleb128 0x49
ARM GAS  C:\Users\91819\AppData\Local\Temp\ccy28JmR.s 			page 220


 11203 00a8 13       		.uleb128 0x13
 11204 00a9 01       		.uleb128 0x1
 11205 00aa 13       		.uleb128 0x13
 11206 00ab 00       		.byte	0
 11207 00ac 00       		.byte	0
 11208 00ad 10       		.uleb128 0x10
 11209 00ae 21       		.uleb128 0x21
 11210 00af 00       		.byte	0
 11211 00b0 49       		.uleb128 0x49
 11212 00b1 13       		.uleb128 0x13
 11213 00b2 2F       		.uleb128 0x2f
 11214 00b3 0B       		.uleb128 0xb
 11215 00b4 00       		.byte	0
 11216 00b5 00       		.byte	0
 11217 00b6 11       		.uleb128 0x11
 11218 00b7 2E       		.uleb128 0x2e
 11219 00b8 01       		.byte	0x1
 11220 00b9 03       		.uleb128 0x3
 11221 00ba 0E       		.uleb128 0xe
 11222 00bb 3A       		.uleb128 0x3a
 11223 00bc 0B       		.uleb128 0xb
 11224 00bd 3B       		.uleb128 0x3b
 11225 00be 05       		.uleb128 0x5
 11226 00bf 27       		.uleb128 0x27
 11227 00c0 19       		.uleb128 0x19
 11228 00c1 11       		.uleb128 0x11
 11229 00c2 01       		.uleb128 0x1
 11230 00c3 12       		.uleb128 0x12
 11231 00c4 06       		.uleb128 0x6
 11232 00c5 40       		.uleb128 0x40
 11233 00c6 18       		.uleb128 0x18
 11234 00c7 9742     		.uleb128 0x2117
 11235 00c9 19       		.uleb128 0x19
 11236 00ca 01       		.uleb128 0x1
 11237 00cb 13       		.uleb128 0x13
 11238 00cc 00       		.byte	0
 11239 00cd 00       		.byte	0
 11240 00ce 12       		.uleb128 0x12
 11241 00cf 05       		.uleb128 0x5
 11242 00d0 00       		.byte	0
 11243 00d1 03       		.uleb128 0x3
 11244 00d2 08       		.uleb128 0x8
 11245 00d3 3A       		.uleb128 0x3a
 11246 00d4 0B       		.uleb128 0xb
 11247 00d5 3B       		.uleb128 0x3b
 11248 00d6 05       		.uleb128 0x5
 11249 00d7 49       		.uleb128 0x49
 11250 00d8 13       		.uleb128 0x13
 11251 00d9 02       		.uleb128 0x2
 11252 00da 17       		.uleb128 0x17
 11253 00db 00       		.byte	0
 11254 00dc 00       		.byte	0
 11255 00dd 13       		.uleb128 0x13
 11256 00de 05       		.uleb128 0x5
 11257 00df 00       		.byte	0
 11258 00e0 03       		.uleb128 0x3
 11259 00e1 0E       		.uleb128 0xe
ARM GAS  C:\Users\91819\AppData\Local\Temp\ccy28JmR.s 			page 221


 11260 00e2 3A       		.uleb128 0x3a
 11261 00e3 0B       		.uleb128 0xb
 11262 00e4 3B       		.uleb128 0x3b
 11263 00e5 05       		.uleb128 0x5
 11264 00e6 49       		.uleb128 0x49
 11265 00e7 13       		.uleb128 0x13
 11266 00e8 02       		.uleb128 0x2
 11267 00e9 17       		.uleb128 0x17
 11268 00ea 00       		.byte	0
 11269 00eb 00       		.byte	0
 11270 00ec 14       		.uleb128 0x14
 11271 00ed 0B       		.uleb128 0xb
 11272 00ee 01       		.byte	0x1
 11273 00ef 11       		.uleb128 0x11
 11274 00f0 01       		.uleb128 0x1
 11275 00f1 12       		.uleb128 0x12
 11276 00f2 06       		.uleb128 0x6
 11277 00f3 01       		.uleb128 0x1
 11278 00f4 13       		.uleb128 0x13
 11279 00f5 00       		.byte	0
 11280 00f6 00       		.byte	0
 11281 00f7 15       		.uleb128 0x15
 11282 00f8 34       		.uleb128 0x34
 11283 00f9 00       		.byte	0
 11284 00fa 03       		.uleb128 0x3
 11285 00fb 0E       		.uleb128 0xe
 11286 00fc 3A       		.uleb128 0x3a
 11287 00fd 0B       		.uleb128 0xb
 11288 00fe 3B       		.uleb128 0x3b
 11289 00ff 05       		.uleb128 0x5
 11290 0100 49       		.uleb128 0x49
 11291 0101 13       		.uleb128 0x13
 11292 0102 02       		.uleb128 0x2
 11293 0103 17       		.uleb128 0x17
 11294 0104 00       		.byte	0
 11295 0105 00       		.byte	0
 11296 0106 16       		.uleb128 0x16
 11297 0107 0B       		.uleb128 0xb
 11298 0108 01       		.byte	0x1
 11299 0109 11       		.uleb128 0x11
 11300 010a 01       		.uleb128 0x1
 11301 010b 12       		.uleb128 0x12
 11302 010c 06       		.uleb128 0x6
 11303 010d 00       		.byte	0
 11304 010e 00       		.byte	0
 11305 010f 17       		.uleb128 0x17
 11306 0110 34       		.uleb128 0x34
 11307 0111 00       		.byte	0
 11308 0112 03       		.uleb128 0x3
 11309 0113 08       		.uleb128 0x8
 11310 0114 3A       		.uleb128 0x3a
 11311 0115 0B       		.uleb128 0xb
 11312 0116 3B       		.uleb128 0x3b
 11313 0117 05       		.uleb128 0x5
 11314 0118 49       		.uleb128 0x49
 11315 0119 13       		.uleb128 0x13
 11316 011a 02       		.uleb128 0x2
ARM GAS  C:\Users\91819\AppData\Local\Temp\ccy28JmR.s 			page 222


 11317 011b 17       		.uleb128 0x17
 11318 011c 00       		.byte	0
 11319 011d 00       		.byte	0
 11320 011e 18       		.uleb128 0x18
 11321 011f 2E       		.uleb128 0x2e
 11322 0120 01       		.byte	0x1
 11323 0121 3F       		.uleb128 0x3f
 11324 0122 19       		.uleb128 0x19
 11325 0123 03       		.uleb128 0x3
 11326 0124 0E       		.uleb128 0xe
 11327 0125 3A       		.uleb128 0x3a
 11328 0126 0B       		.uleb128 0xb
 11329 0127 3B       		.uleb128 0x3b
 11330 0128 0B       		.uleb128 0xb
 11331 0129 27       		.uleb128 0x27
 11332 012a 19       		.uleb128 0x19
 11333 012b 11       		.uleb128 0x11
 11334 012c 01       		.uleb128 0x1
 11335 012d 12       		.uleb128 0x12
 11336 012e 06       		.uleb128 0x6
 11337 012f 40       		.uleb128 0x40
 11338 0130 18       		.uleb128 0x18
 11339 0131 9742     		.uleb128 0x2117
 11340 0133 19       		.uleb128 0x19
 11341 0134 01       		.uleb128 0x1
 11342 0135 13       		.uleb128 0x13
 11343 0136 00       		.byte	0
 11344 0137 00       		.byte	0
 11345 0138 19       		.uleb128 0x19
 11346 0139 34       		.uleb128 0x34
 11347 013a 00       		.byte	0
 11348 013b 03       		.uleb128 0x3
 11349 013c 0E       		.uleb128 0xe
 11350 013d 3A       		.uleb128 0x3a
 11351 013e 0B       		.uleb128 0xb
 11352 013f 3B       		.uleb128 0x3b
 11353 0140 0B       		.uleb128 0xb
 11354 0141 49       		.uleb128 0x49
 11355 0142 13       		.uleb128 0x13
 11356 0143 02       		.uleb128 0x2
 11357 0144 17       		.uleb128 0x17
 11358 0145 00       		.byte	0
 11359 0146 00       		.byte	0
 11360 0147 1A       		.uleb128 0x1a
 11361 0148 2E       		.uleb128 0x2e
 11362 0149 01       		.byte	0x1
 11363 014a 3F       		.uleb128 0x3f
 11364 014b 19       		.uleb128 0x19
 11365 014c 03       		.uleb128 0x3
 11366 014d 0E       		.uleb128 0xe
 11367 014e 3A       		.uleb128 0x3a
 11368 014f 0B       		.uleb128 0xb
 11369 0150 3B       		.uleb128 0x3b
 11370 0151 0B       		.uleb128 0xb
 11371 0152 49       		.uleb128 0x49
 11372 0153 13       		.uleb128 0x13
 11373 0154 3C       		.uleb128 0x3c
ARM GAS  C:\Users\91819\AppData\Local\Temp\ccy28JmR.s 			page 223


 11374 0155 19       		.uleb128 0x19
 11375 0156 01       		.uleb128 0x1
 11376 0157 13       		.uleb128 0x13
 11377 0158 00       		.byte	0
 11378 0159 00       		.byte	0
 11379 015a 1B       		.uleb128 0x1b
 11380 015b 18       		.uleb128 0x18
 11381 015c 00       		.byte	0
 11382 015d 00       		.byte	0
 11383 015e 00       		.byte	0
 11384 015f 1C       		.uleb128 0x1c
 11385 0160 898201   		.uleb128 0x4109
 11386 0163 01       		.byte	0x1
 11387 0164 11       		.uleb128 0x11
 11388 0165 01       		.uleb128 0x1
 11389 0166 31       		.uleb128 0x31
 11390 0167 13       		.uleb128 0x13
 11391 0168 01       		.uleb128 0x1
 11392 0169 13       		.uleb128 0x13
 11393 016a 00       		.byte	0
 11394 016b 00       		.byte	0
 11395 016c 1D       		.uleb128 0x1d
 11396 016d 8A8201   		.uleb128 0x410a
 11397 0170 00       		.byte	0
 11398 0171 02       		.uleb128 0x2
 11399 0172 18       		.uleb128 0x18
 11400 0173 9142     		.uleb128 0x2111
 11401 0175 18       		.uleb128 0x18
 11402 0176 00       		.byte	0
 11403 0177 00       		.byte	0
 11404 0178 1E       		.uleb128 0x1e
 11405 0179 898201   		.uleb128 0x4109
 11406 017c 01       		.byte	0x1
 11407 017d 11       		.uleb128 0x11
 11408 017e 01       		.uleb128 0x1
 11409 017f 31       		.uleb128 0x31
 11410 0180 13       		.uleb128 0x13
 11411 0181 00       		.byte	0
 11412 0182 00       		.byte	0
 11413 0183 1F       		.uleb128 0x1f
 11414 0184 898201   		.uleb128 0x4109
 11415 0187 00       		.byte	0
 11416 0188 11       		.uleb128 0x11
 11417 0189 01       		.uleb128 0x1
 11418 018a 31       		.uleb128 0x31
 11419 018b 13       		.uleb128 0x13
 11420 018c 00       		.byte	0
 11421 018d 00       		.byte	0
 11422 018e 20       		.uleb128 0x20
 11423 018f 2E       		.uleb128 0x2e
 11424 0190 01       		.byte	0x1
 11425 0191 03       		.uleb128 0x3
 11426 0192 0E       		.uleb128 0xe
 11427 0193 3A       		.uleb128 0x3a
 11428 0194 0B       		.uleb128 0xb
 11429 0195 3B       		.uleb128 0x3b
 11430 0196 0B       		.uleb128 0xb
ARM GAS  C:\Users\91819\AppData\Local\Temp\ccy28JmR.s 			page 224


 11431 0197 27       		.uleb128 0x27
 11432 0198 19       		.uleb128 0x19
 11433 0199 49       		.uleb128 0x49
 11434 019a 13       		.uleb128 0x13
 11435 019b 11       		.uleb128 0x11
 11436 019c 01       		.uleb128 0x1
 11437 019d 12       		.uleb128 0x12
 11438 019e 06       		.uleb128 0x6
 11439 019f 40       		.uleb128 0x40
 11440 01a0 18       		.uleb128 0x18
 11441 01a1 9742     		.uleb128 0x2117
 11442 01a3 19       		.uleb128 0x19
 11443 01a4 01       		.uleb128 0x1
 11444 01a5 13       		.uleb128 0x13
 11445 01a6 00       		.byte	0
 11446 01a7 00       		.byte	0
 11447 01a8 21       		.uleb128 0x21
 11448 01a9 05       		.uleb128 0x5
 11449 01aa 00       		.byte	0
 11450 01ab 03       		.uleb128 0x3
 11451 01ac 0E       		.uleb128 0xe
 11452 01ad 3A       		.uleb128 0x3a
 11453 01ae 0B       		.uleb128 0xb
 11454 01af 3B       		.uleb128 0x3b
 11455 01b0 0B       		.uleb128 0xb
 11456 01b1 49       		.uleb128 0x49
 11457 01b2 13       		.uleb128 0x13
 11458 01b3 02       		.uleb128 0x2
 11459 01b4 17       		.uleb128 0x17
 11460 01b5 00       		.byte	0
 11461 01b6 00       		.byte	0
 11462 01b7 22       		.uleb128 0x22
 11463 01b8 05       		.uleb128 0x5
 11464 01b9 00       		.byte	0
 11465 01ba 03       		.uleb128 0x3
 11466 01bb 08       		.uleb128 0x8
 11467 01bc 3A       		.uleb128 0x3a
 11468 01bd 0B       		.uleb128 0xb
 11469 01be 3B       		.uleb128 0x3b
 11470 01bf 0B       		.uleb128 0xb
 11471 01c0 49       		.uleb128 0x49
 11472 01c1 13       		.uleb128 0x13
 11473 01c2 02       		.uleb128 0x2
 11474 01c3 17       		.uleb128 0x17
 11475 01c4 00       		.byte	0
 11476 01c5 00       		.byte	0
 11477 01c6 23       		.uleb128 0x23
 11478 01c7 2E       		.uleb128 0x2e
 11479 01c8 01       		.byte	0x1
 11480 01c9 3F       		.uleb128 0x3f
 11481 01ca 19       		.uleb128 0x19
 11482 01cb 03       		.uleb128 0x3
 11483 01cc 0E       		.uleb128 0xe
 11484 01cd 3A       		.uleb128 0x3a
 11485 01ce 0B       		.uleb128 0xb
 11486 01cf 3B       		.uleb128 0x3b
 11487 01d0 05       		.uleb128 0x5
ARM GAS  C:\Users\91819\AppData\Local\Temp\ccy28JmR.s 			page 225


 11488 01d1 49       		.uleb128 0x49
 11489 01d2 13       		.uleb128 0x13
 11490 01d3 11       		.uleb128 0x11
 11491 01d4 01       		.uleb128 0x1
 11492 01d5 12       		.uleb128 0x12
 11493 01d6 06       		.uleb128 0x6
 11494 01d7 40       		.uleb128 0x40
 11495 01d8 18       		.uleb128 0x18
 11496 01d9 9742     		.uleb128 0x2117
 11497 01db 19       		.uleb128 0x19
 11498 01dc 01       		.uleb128 0x1
 11499 01dd 13       		.uleb128 0x13
 11500 01de 00       		.byte	0
 11501 01df 00       		.byte	0
 11502 01e0 24       		.uleb128 0x24
 11503 01e1 2E       		.uleb128 0x2e
 11504 01e2 01       		.byte	0x1
 11505 01e3 3F       		.uleb128 0x3f
 11506 01e4 19       		.uleb128 0x19
 11507 01e5 03       		.uleb128 0x3
 11508 01e6 0E       		.uleb128 0xe
 11509 01e7 3A       		.uleb128 0x3a
 11510 01e8 0B       		.uleb128 0xb
 11511 01e9 3B       		.uleb128 0x3b
 11512 01ea 05       		.uleb128 0x5
 11513 01eb 49       		.uleb128 0x49
 11514 01ec 13       		.uleb128 0x13
 11515 01ed 3C       		.uleb128 0x3c
 11516 01ee 19       		.uleb128 0x19
 11517 01ef 01       		.uleb128 0x1
 11518 01f0 13       		.uleb128 0x13
 11519 01f1 00       		.byte	0
 11520 01f2 00       		.byte	0
 11521 01f3 25       		.uleb128 0x25
 11522 01f4 2E       		.uleb128 0x2e
 11523 01f5 01       		.byte	0x1
 11524 01f6 3F       		.uleb128 0x3f
 11525 01f7 19       		.uleb128 0x19
 11526 01f8 03       		.uleb128 0x3
 11527 01f9 0E       		.uleb128 0xe
 11528 01fa 3A       		.uleb128 0x3a
 11529 01fb 0B       		.uleb128 0xb
 11530 01fc 3B       		.uleb128 0x3b
 11531 01fd 05       		.uleb128 0x5
 11532 01fe 27       		.uleb128 0x27
 11533 01ff 19       		.uleb128 0x19
 11534 0200 11       		.uleb128 0x11
 11535 0201 01       		.uleb128 0x1
 11536 0202 12       		.uleb128 0x12
 11537 0203 06       		.uleb128 0x6
 11538 0204 40       		.uleb128 0x40
 11539 0205 18       		.uleb128 0x18
 11540 0206 9742     		.uleb128 0x2117
 11541 0208 19       		.uleb128 0x19
 11542 0209 01       		.uleb128 0x1
 11543 020a 13       		.uleb128 0x13
 11544 020b 00       		.byte	0
ARM GAS  C:\Users\91819\AppData\Local\Temp\ccy28JmR.s 			page 226


 11545 020c 00       		.byte	0
 11546 020d 26       		.uleb128 0x26
 11547 020e 05       		.uleb128 0x5
 11548 020f 00       		.byte	0
 11549 0210 03       		.uleb128 0x3
 11550 0211 08       		.uleb128 0x8
 11551 0212 3A       		.uleb128 0x3a
 11552 0213 0B       		.uleb128 0xb
 11553 0214 3B       		.uleb128 0x3b
 11554 0215 05       		.uleb128 0x5
 11555 0216 49       		.uleb128 0x49
 11556 0217 13       		.uleb128 0x13
 11557 0218 02       		.uleb128 0x2
 11558 0219 18       		.uleb128 0x18
 11559 021a 00       		.byte	0
 11560 021b 00       		.byte	0
 11561 021c 27       		.uleb128 0x27
 11562 021d 2E       		.uleb128 0x2e
 11563 021e 00       		.byte	0
 11564 021f 3F       		.uleb128 0x3f
 11565 0220 19       		.uleb128 0x19
 11566 0221 03       		.uleb128 0x3
 11567 0222 0E       		.uleb128 0xe
 11568 0223 3A       		.uleb128 0x3a
 11569 0224 0B       		.uleb128 0xb
 11570 0225 3B       		.uleb128 0x3b
 11571 0226 05       		.uleb128 0x5
 11572 0227 27       		.uleb128 0x27
 11573 0228 19       		.uleb128 0x19
 11574 0229 49       		.uleb128 0x49
 11575 022a 13       		.uleb128 0x13
 11576 022b 11       		.uleb128 0x11
 11577 022c 01       		.uleb128 0x1
 11578 022d 12       		.uleb128 0x12
 11579 022e 06       		.uleb128 0x6
 11580 022f 40       		.uleb128 0x40
 11581 0230 18       		.uleb128 0x18
 11582 0231 9742     		.uleb128 0x2117
 11583 0233 19       		.uleb128 0x19
 11584 0234 00       		.byte	0
 11585 0235 00       		.byte	0
 11586 0236 28       		.uleb128 0x28
 11587 0237 34       		.uleb128 0x34
 11588 0238 00       		.byte	0
 11589 0239 03       		.uleb128 0x3
 11590 023a 0E       		.uleb128 0xe
 11591 023b 3A       		.uleb128 0x3a
 11592 023c 0B       		.uleb128 0xb
 11593 023d 3B       		.uleb128 0x3b
 11594 023e 05       		.uleb128 0x5
 11595 023f 49       		.uleb128 0x49
 11596 0240 13       		.uleb128 0x13
 11597 0241 02       		.uleb128 0x2
 11598 0242 18       		.uleb128 0x18
 11599 0243 00       		.byte	0
 11600 0244 00       		.byte	0
 11601 0245 29       		.uleb128 0x29
ARM GAS  C:\Users\91819\AppData\Local\Temp\ccy28JmR.s 			page 227


 11602 0246 2E       		.uleb128 0x2e
 11603 0247 01       		.byte	0x1
 11604 0248 3F       		.uleb128 0x3f
 11605 0249 19       		.uleb128 0x19
 11606 024a 03       		.uleb128 0x3
 11607 024b 0E       		.uleb128 0xe
 11608 024c 3A       		.uleb128 0x3a
 11609 024d 0B       		.uleb128 0xb
 11610 024e 3B       		.uleb128 0x3b
 11611 024f 0B       		.uleb128 0xb
 11612 0250 11       		.uleb128 0x11
 11613 0251 01       		.uleb128 0x1
 11614 0252 12       		.uleb128 0x12
 11615 0253 06       		.uleb128 0x6
 11616 0254 40       		.uleb128 0x40
 11617 0255 18       		.uleb128 0x18
 11618 0256 9742     		.uleb128 0x2117
 11619 0258 19       		.uleb128 0x19
 11620 0259 01       		.uleb128 0x1
 11621 025a 13       		.uleb128 0x13
 11622 025b 00       		.byte	0
 11623 025c 00       		.byte	0
 11624 025d 2A       		.uleb128 0x2a
 11625 025e 05       		.uleb128 0x5
 11626 025f 00       		.byte	0
 11627 0260 03       		.uleb128 0x3
 11628 0261 0E       		.uleb128 0xe
 11629 0262 3A       		.uleb128 0x3a
 11630 0263 0B       		.uleb128 0xb
 11631 0264 3B       		.uleb128 0x3b
 11632 0265 05       		.uleb128 0x5
 11633 0266 49       		.uleb128 0x49
 11634 0267 13       		.uleb128 0x13
 11635 0268 02       		.uleb128 0x2
 11636 0269 18       		.uleb128 0x18
 11637 026a 00       		.byte	0
 11638 026b 00       		.byte	0
 11639 026c 2B       		.uleb128 0x2b
 11640 026d 34       		.uleb128 0x34
 11641 026e 00       		.byte	0
 11642 026f 03       		.uleb128 0x3
 11643 0270 08       		.uleb128 0x8
 11644 0271 3A       		.uleb128 0x3a
 11645 0272 0B       		.uleb128 0xb
 11646 0273 3B       		.uleb128 0x3b
 11647 0274 05       		.uleb128 0x5
 11648 0275 49       		.uleb128 0x49
 11649 0276 13       		.uleb128 0x13
 11650 0277 02       		.uleb128 0x2
 11651 0278 18       		.uleb128 0x18
 11652 0279 00       		.byte	0
 11653 027a 00       		.byte	0
 11654 027b 2C       		.uleb128 0x2c
 11655 027c 34       		.uleb128 0x34
 11656 027d 00       		.byte	0
 11657 027e 03       		.uleb128 0x3
 11658 027f 08       		.uleb128 0x8
ARM GAS  C:\Users\91819\AppData\Local\Temp\ccy28JmR.s 			page 228


 11659 0280 3A       		.uleb128 0x3a
 11660 0281 0B       		.uleb128 0xb
 11661 0282 3B       		.uleb128 0x3b
 11662 0283 05       		.uleb128 0x5
 11663 0284 49       		.uleb128 0x49
 11664 0285 13       		.uleb128 0x13
 11665 0286 00       		.byte	0
 11666 0287 00       		.byte	0
 11667 0288 2D       		.uleb128 0x2d
 11668 0289 34       		.uleb128 0x34
 11669 028a 00       		.byte	0
 11670 028b 03       		.uleb128 0x3
 11671 028c 0E       		.uleb128 0xe
 11672 028d 3A       		.uleb128 0x3a
 11673 028e 0B       		.uleb128 0xb
 11674 028f 3B       		.uleb128 0x3b
 11675 0290 0B       		.uleb128 0xb
 11676 0291 49       		.uleb128 0x49
 11677 0292 13       		.uleb128 0x13
 11678 0293 02       		.uleb128 0x2
 11679 0294 18       		.uleb128 0x18
 11680 0295 00       		.byte	0
 11681 0296 00       		.byte	0
 11682 0297 2E       		.uleb128 0x2e
 11683 0298 21       		.uleb128 0x21
 11684 0299 00       		.byte	0
 11685 029a 49       		.uleb128 0x49
 11686 029b 13       		.uleb128 0x13
 11687 029c 2F       		.uleb128 0x2f
 11688 029d 05       		.uleb128 0x5
 11689 029e 00       		.byte	0
 11690 029f 00       		.byte	0
 11691 02a0 2F       		.uleb128 0x2f
 11692 02a1 34       		.uleb128 0x34
 11693 02a2 00       		.byte	0
 11694 02a3 03       		.uleb128 0x3
 11695 02a4 08       		.uleb128 0x8
 11696 02a5 3A       		.uleb128 0x3a
 11697 02a6 0B       		.uleb128 0xb
 11698 02a7 3B       		.uleb128 0x3b
 11699 02a8 0B       		.uleb128 0xb
 11700 02a9 49       		.uleb128 0x49
 11701 02aa 13       		.uleb128 0x13
 11702 02ab 02       		.uleb128 0x2
 11703 02ac 18       		.uleb128 0x18
 11704 02ad 00       		.byte	0
 11705 02ae 00       		.byte	0
 11706 02af 30       		.uleb128 0x30
 11707 02b0 2E       		.uleb128 0x2e
 11708 02b1 00       		.byte	0
 11709 02b2 3F       		.uleb128 0x3f
 11710 02b3 19       		.uleb128 0x19
 11711 02b4 3C       		.uleb128 0x3c
 11712 02b5 19       		.uleb128 0x19
 11713 02b6 6E       		.uleb128 0x6e
 11714 02b7 0E       		.uleb128 0xe
 11715 02b8 03       		.uleb128 0x3
ARM GAS  C:\Users\91819\AppData\Local\Temp\ccy28JmR.s 			page 229


 11716 02b9 0E       		.uleb128 0xe
 11717 02ba 3A       		.uleb128 0x3a
 11718 02bb 0B       		.uleb128 0xb
 11719 02bc 3B       		.uleb128 0x3b
 11720 02bd 0B       		.uleb128 0xb
 11721 02be 00       		.byte	0
 11722 02bf 00       		.byte	0
 11723 02c0 31       		.uleb128 0x31
 11724 02c1 2E       		.uleb128 0x2e
 11725 02c2 00       		.byte	0
 11726 02c3 3F       		.uleb128 0x3f
 11727 02c4 19       		.uleb128 0x19
 11728 02c5 3C       		.uleb128 0x3c
 11729 02c6 19       		.uleb128 0x19
 11730 02c7 6E       		.uleb128 0x6e
 11731 02c8 0E       		.uleb128 0xe
 11732 02c9 03       		.uleb128 0x3
 11733 02ca 0E       		.uleb128 0xe
 11734 02cb 3A       		.uleb128 0x3a
 11735 02cc 0B       		.uleb128 0xb
 11736 02cd 3B       		.uleb128 0x3b
 11737 02ce 05       		.uleb128 0x5
 11738 02cf 00       		.byte	0
 11739 02d0 00       		.byte	0
 11740 02d1 00       		.byte	0
 11741              		.section	.debug_loc,"",%progbits
 11742              	.Ldebug_loc0:
 11743              	.LLST0:
 11744 0000 00000000 		.4byte	.LVL0
 11745 0004 1A000000 		.4byte	.LVL3
 11746 0008 0100     		.2byte	0x1
 11747 000a 50       		.byte	0x50
 11748 000b 1A000000 		.4byte	.LVL3
 11749 000f 26000000 		.4byte	.LVL4
 11750 0013 0400     		.2byte	0x4
 11751 0015 F3       		.byte	0xf3
 11752 0016 01       		.uleb128 0x1
 11753 0017 50       		.byte	0x50
 11754 0018 9F       		.byte	0x9f
 11755 0019 26000000 		.4byte	.LVL4
 11756 001d 3E000000 		.4byte	.LVL7
 11757 0021 0100     		.2byte	0x1
 11758 0023 50       		.byte	0x50
 11759 0024 3E000000 		.4byte	.LVL7
 11760 0028 08010000 		.4byte	.LVL26
 11761 002c 0400     		.2byte	0x4
 11762 002e F3       		.byte	0xf3
 11763 002f 01       		.uleb128 0x1
 11764 0030 50       		.byte	0x50
 11765 0031 9F       		.byte	0x9f
 11766 0032 08010000 		.4byte	.LVL26
 11767 0036 26010000 		.4byte	.LVL30
 11768 003a 0100     		.2byte	0x1
 11769 003c 50       		.byte	0x50
 11770 003d 26010000 		.4byte	.LVL30
 11771 0041 BC010000 		.4byte	.LFE18
 11772 0045 0400     		.2byte	0x4
ARM GAS  C:\Users\91819\AppData\Local\Temp\ccy28JmR.s 			page 230


 11773 0047 F3       		.byte	0xf3
 11774 0048 01       		.uleb128 0x1
 11775 0049 50       		.byte	0x50
 11776 004a 9F       		.byte	0x9f
 11777 004b 00000000 		.4byte	0
 11778 004f 00000000 		.4byte	0
 11779              	.LLST1:
 11780 0053 00000000 		.4byte	.LVL0
 11781 0057 16000000 		.4byte	.LVL2
 11782 005b 0100     		.2byte	0x1
 11783 005d 51       		.byte	0x51
 11784 005e 16000000 		.4byte	.LVL2
 11785 0062 26000000 		.4byte	.LVL4
 11786 0066 0400     		.2byte	0x4
 11787 0068 F3       		.byte	0xf3
 11788 0069 01       		.uleb128 0x1
 11789 006a 51       		.byte	0x51
 11790 006b 9F       		.byte	0x9f
 11791 006c 26000000 		.4byte	.LVL4
 11792 0070 14010000 		.4byte	.LVL28
 11793 0074 0100     		.2byte	0x1
 11794 0076 51       		.byte	0x51
 11795 0077 14010000 		.4byte	.LVL28
 11796 007b 20010000 		.4byte	.LVL29
 11797 007f 0400     		.2byte	0x4
 11798 0081 F3       		.byte	0xf3
 11799 0082 01       		.uleb128 0x1
 11800 0083 51       		.byte	0x51
 11801 0084 9F       		.byte	0x9f
 11802 0085 20010000 		.4byte	.LVL29
 11803 0089 BC010000 		.4byte	.LFE18
 11804 008d 0100     		.2byte	0x1
 11805 008f 51       		.byte	0x51
 11806 0090 00000000 		.4byte	0
 11807 0094 00000000 		.4byte	0
 11808              	.LLST2:
 11809 0098 00000000 		.4byte	.LVL0
 11810 009c AA000000 		.4byte	.LVL19
 11811 00a0 0100     		.2byte	0x1
 11812 00a2 52       		.byte	0x52
 11813 00a3 AA000000 		.4byte	.LVL19
 11814 00a7 08010000 		.4byte	.LVL26
 11815 00ab 0400     		.2byte	0x4
 11816 00ad F3       		.byte	0xf3
 11817 00ae 01       		.uleb128 0x1
 11818 00af 52       		.byte	0x52
 11819 00b0 9F       		.byte	0x9f
 11820 00b1 08010000 		.4byte	.LVL26
 11821 00b5 9A010000 		.4byte	.LVL36
 11822 00b9 0100     		.2byte	0x1
 11823 00bb 52       		.byte	0x52
 11824 00bc 9A010000 		.4byte	.LVL36
 11825 00c0 BC010000 		.4byte	.LFE18
 11826 00c4 0400     		.2byte	0x4
 11827 00c6 F3       		.byte	0xf3
 11828 00c7 01       		.uleb128 0x1
 11829 00c8 52       		.byte	0x52
ARM GAS  C:\Users\91819\AppData\Local\Temp\ccy28JmR.s 			page 231


 11830 00c9 9F       		.byte	0x9f
 11831 00ca 00000000 		.4byte	0
 11832 00ce 00000000 		.4byte	0
 11833              	.LLST3:
 11834 00d2 00000000 		.4byte	.LVL0
 11835 00d6 12000000 		.4byte	.LVL1
 11836 00da 0100     		.2byte	0x1
 11837 00dc 53       		.byte	0x53
 11838 00dd 12000000 		.4byte	.LVL1
 11839 00e1 26000000 		.4byte	.LVL4
 11840 00e5 0400     		.2byte	0x4
 11841 00e7 F3       		.byte	0xf3
 11842 00e8 01       		.uleb128 0x1
 11843 00e9 53       		.byte	0x53
 11844 00ea 9F       		.byte	0x9f
 11845 00eb 26000000 		.4byte	.LVL4
 11846 00ef D2000000 		.4byte	.LVL25
 11847 00f3 0100     		.2byte	0x1
 11848 00f5 53       		.byte	0x53
 11849 00f6 D2000000 		.4byte	.LVL25
 11850 00fa 08010000 		.4byte	.LVL26
 11851 00fe 0400     		.2byte	0x4
 11852 0100 F3       		.byte	0xf3
 11853 0101 01       		.uleb128 0x1
 11854 0102 53       		.byte	0x53
 11855 0103 9F       		.byte	0x9f
 11856 0104 08010000 		.4byte	.LVL26
 11857 0108 0E010000 		.4byte	.LVL27
 11858 010c 0100     		.2byte	0x1
 11859 010e 53       		.byte	0x53
 11860 010f 0E010000 		.4byte	.LVL27
 11861 0113 20010000 		.4byte	.LVL29
 11862 0117 0400     		.2byte	0x4
 11863 0119 F3       		.byte	0xf3
 11864 011a 01       		.uleb128 0x1
 11865 011b 53       		.byte	0x53
 11866 011c 9F       		.byte	0x9f
 11867 011d 20010000 		.4byte	.LVL29
 11868 0121 98010000 		.4byte	.LVL35
 11869 0125 0100     		.2byte	0x1
 11870 0127 53       		.byte	0x53
 11871 0128 98010000 		.4byte	.LVL35
 11872 012c BC010000 		.4byte	.LFE18
 11873 0130 0400     		.2byte	0x4
 11874 0132 F3       		.byte	0xf3
 11875 0133 01       		.uleb128 0x1
 11876 0134 53       		.byte	0x53
 11877 0135 9F       		.byte	0x9f
 11878 0136 00000000 		.4byte	0
 11879 013a 00000000 		.4byte	0
 11880              	.LLST4:
 11881 013e 00000000 		.4byte	.LVL0
 11882 0142 26000000 		.4byte	.LVL4
 11883 0146 0200     		.2byte	0x2
 11884 0148 91       		.byte	0x91
 11885 0149 00       		.sleb128 0
 11886 014a 26000000 		.4byte	.LVL4
ARM GAS  C:\Users\91819\AppData\Local\Temp\ccy28JmR.s 			page 232


 11887 014e B6010000 		.4byte	.LVL37
 11888 0152 0200     		.2byte	0x2
 11889 0154 91       		.byte	0x91
 11890 0155 00       		.sleb128 0
 11891 0156 B6010000 		.4byte	.LVL37
 11892 015a BC010000 		.4byte	.LFE18
 11893 015e 0200     		.2byte	0x2
 11894 0160 7D       		.byte	0x7d
 11895 0161 00       		.sleb128 0
 11896 0162 00000000 		.4byte	0
 11897 0166 00000000 		.4byte	0
 11898              	.LLST5:
 11899 016a 00000000 		.4byte	.LVL0
 11900 016e 26000000 		.4byte	.LVL4
 11901 0172 0200     		.2byte	0x2
 11902 0174 91       		.byte	0x91
 11903 0175 04       		.sleb128 4
 11904 0176 26000000 		.4byte	.LVL4
 11905 017a B6010000 		.4byte	.LVL37
 11906 017e 0200     		.2byte	0x2
 11907 0180 91       		.byte	0x91
 11908 0181 04       		.sleb128 4
 11909 0182 B6010000 		.4byte	.LVL37
 11910 0186 BC010000 		.4byte	.LFE18
 11911 018a 0200     		.2byte	0x2
 11912 018c 7D       		.byte	0x7d
 11913 018d 04       		.sleb128 4
 11914 018e 00000000 		.4byte	0
 11915 0192 00000000 		.4byte	0
 11916              	.LLST6:
 11917 0196 00000000 		.4byte	.LVL0
 11918 019a 26000000 		.4byte	.LVL4
 11919 019e 0200     		.2byte	0x2
 11920 01a0 91       		.byte	0x91
 11921 01a1 08       		.sleb128 8
 11922 01a2 26000000 		.4byte	.LVL4
 11923 01a6 B6010000 		.4byte	.LVL37
 11924 01aa 0200     		.2byte	0x2
 11925 01ac 91       		.byte	0x91
 11926 01ad 08       		.sleb128 8
 11927 01ae B6010000 		.4byte	.LVL37
 11928 01b2 BC010000 		.4byte	.LFE18
 11929 01b6 0200     		.2byte	0x2
 11930 01b8 7D       		.byte	0x7d
 11931 01b9 08       		.sleb128 8
 11932 01ba 00000000 		.4byte	0
 11933 01be 00000000 		.4byte	0
 11934              	.LLST7:
 11935 01c2 2E000000 		.4byte	.LVL5
 11936 01c6 40000000 		.4byte	.LVL8
 11937 01ca 0100     		.2byte	0x1
 11938 01cc 55       		.byte	0x55
 11939 01cd 40000000 		.4byte	.LVL8
 11940 01d1 86000000 		.4byte	.LVL15
 11941 01d5 0200     		.2byte	0x2
 11942 01d7 74       		.byte	0x74
 11943 01d8 08       		.sleb128 8
ARM GAS  C:\Users\91819\AppData\Local\Temp\ccy28JmR.s 			page 233


 11944 01d9 00000000 		.4byte	0
 11945 01dd 00000000 		.4byte	0
 11946              	.LLST8:
 11947 01e1 30000000 		.4byte	.LVL6
 11948 01e5 48000000 		.4byte	.LVL11
 11949 01e9 0100     		.2byte	0x1
 11950 01eb 56       		.byte	0x56
 11951 01ec 48000000 		.4byte	.LVL11
 11952 01f0 86000000 		.4byte	.LVL15
 11953 01f4 0200     		.2byte	0x2
 11954 01f6 74       		.byte	0x74
 11955 01f7 09       		.sleb128 9
 11956 01f8 00000000 		.4byte	0
 11957 01fc 00000000 		.4byte	0
 11958              	.LLST9:
 11959 0200 44000000 		.4byte	.LVL9
 11960 0204 54000000 		.4byte	.LVL14
 11961 0208 0100     		.2byte	0x1
 11962 020a 50       		.byte	0x50
 11963 020b 00000000 		.4byte	0
 11964 020f 00000000 		.4byte	0
 11965              	.LLST10:
 11966 0213 46000000 		.4byte	.LVL10
 11967 0217 C8000000 		.4byte	.LVL24
 11968 021b 0100     		.2byte	0x1
 11969 021d 55       		.byte	0x55
 11970 021e 00000000 		.4byte	0
 11971 0222 00000000 		.4byte	0
 11972              	.LLST11:
 11973 0226 48000000 		.4byte	.LVL11
 11974 022a 08010000 		.4byte	.LVL26
 11975 022e 0100     		.2byte	0x1
 11976 0230 56       		.byte	0x56
 11977 0231 00000000 		.4byte	0
 11978 0235 00000000 		.4byte	0
 11979              	.LLST12:
 11980 0239 4C000000 		.4byte	.LVL12
 11981 023d 08010000 		.4byte	.LVL26
 11982 0241 0100     		.2byte	0x1
 11983 0243 5E       		.byte	0x5e
 11984 0244 00000000 		.4byte	0
 11985 0248 00000000 		.4byte	0
 11986              	.LLST13:
 11987 024c 50000000 		.4byte	.LVL13
 11988 0250 A0000000 		.4byte	.LVL17
 11989 0254 0100     		.2byte	0x1
 11990 0256 57       		.byte	0x57
 11991 0257 00000000 		.4byte	0
 11992 025b 00000000 		.4byte	0
 11993              	.LLST14:
 11994 025f 54000000 		.4byte	.LVL14
 11995 0263 AE000000 		.4byte	.LVL20
 11996 0267 0100     		.2byte	0x1
 11997 0269 50       		.byte	0x50
 11998 026a 00000000 		.4byte	0
 11999 026e 00000000 		.4byte	0
 12000              	.LLST15:
ARM GAS  C:\Users\91819\AppData\Local\Temp\ccy28JmR.s 			page 234


 12001 0272 94000000 		.4byte	.LVL16
 12002 0276 08010000 		.4byte	.LVL26
 12003 027a 0B00     		.2byte	0xb
 12004 027c 03       		.byte	0x3
 12005 027d 04000000 		.4byte	textsize
 12006 0281 94       		.byte	0x94
 12007 0282 01       		.byte	0x1
 12008 0283 08       		.byte	0x8
 12009 0284 FF       		.byte	0xff
 12010 0285 1A       		.byte	0x1a
 12011 0286 9F       		.byte	0x9f
 12012 0287 00000000 		.4byte	0
 12013 028b 00000000 		.4byte	0
 12014              	.LLST16:
 12015 028f A6000000 		.4byte	.LVL18
 12016 0293 08010000 		.4byte	.LVL26
 12017 0297 0100     		.2byte	0x1
 12018 0299 5C       		.byte	0x5c
 12019 029a 00000000 		.4byte	0
 12020 029e 00000000 		.4byte	0
 12021              	.LLST17:
 12022 02a2 B4000000 		.4byte	.LVL21
 12023 02a6 08010000 		.4byte	.LVL26
 12024 02aa 0100     		.2byte	0x1
 12025 02ac 58       		.byte	0x58
 12026 02ad 00000000 		.4byte	0
 12027 02b1 00000000 		.4byte	0
 12028              	.LLST18:
 12029 02b5 BC000000 		.4byte	.LVL22
 12030 02b9 08010000 		.4byte	.LVL26
 12031 02bd 0100     		.2byte	0x1
 12032 02bf 52       		.byte	0x52
 12033 02c0 00000000 		.4byte	0
 12034 02c4 00000000 		.4byte	0
 12035              	.LLST19:
 12036 02c8 C4000000 		.4byte	.LVL23
 12037 02cc 08010000 		.4byte	.LVL26
 12038 02d0 0100     		.2byte	0x1
 12039 02d2 50       		.byte	0x50
 12040 02d3 00000000 		.4byte	0
 12041 02d7 00000000 		.4byte	0
 12042              	.LLST20:
 12043 02db 60010000 		.4byte	.LVL31
 12044 02df 7A010000 		.4byte	.LVL33
 12045 02e3 0100     		.2byte	0x1
 12046 02e5 54       		.byte	0x54
 12047 02e6 00000000 		.4byte	0
 12048 02ea 00000000 		.4byte	0
 12049              	.LLST21:
 12050 02ee 6A010000 		.4byte	.LVL32
 12051 02f2 8E010000 		.4byte	.LVL34
 12052 02f6 0100     		.2byte	0x1
 12053 02f8 55       		.byte	0x55
 12054 02f9 00000000 		.4byte	0
 12055 02fd 00000000 		.4byte	0
 12056              	.LLST22:
 12057 0301 10000000 		.4byte	.LVL38
ARM GAS  C:\Users\91819\AppData\Local\Temp\ccy28JmR.s 			page 235


 12058 0305 46000000 		.4byte	.LVL41
 12059 0309 0B00     		.2byte	0xb
 12060 030b 74       		.byte	0x74
 12061 030c 00       		.sleb128 0
 12062 030d 31       		.byte	0x31
 12063 030e 24       		.byte	0x24
 12064 030f 03       		.byte	0x3
 12065 0310 0E000000 		.4byte	TFT_RB_out+6
 12066 0314 22       		.byte	0x22
 12067 0315 9F       		.byte	0x9f
 12068 0316 00000000 		.4byte	0
 12069 031a 00000000 		.4byte	0
 12070              	.LLST23:
 12071 031e 00000000 		.4byte	.LVL43
 12072 0322 0E000000 		.4byte	.LVL45
 12073 0326 0100     		.2byte	0x1
 12074 0328 50       		.byte	0x50
 12075 0329 0E000000 		.4byte	.LVL45
 12076 032d 18000000 		.4byte	.LVL47
 12077 0331 0400     		.2byte	0x4
 12078 0333 F3       		.byte	0xf3
 12079 0334 01       		.uleb128 0x1
 12080 0335 50       		.byte	0x50
 12081 0336 9F       		.byte	0x9f
 12082 0337 18000000 		.4byte	.LVL47
 12083 033b 2E000000 		.4byte	.LVL49
 12084 033f 0100     		.2byte	0x1
 12085 0341 50       		.byte	0x50
 12086 0342 2E000000 		.4byte	.LVL49
 12087 0346 45000000 		.4byte	.LVL50-1
 12088 034a 0200     		.2byte	0x2
 12089 034c 74       		.byte	0x74
 12090 034d 0E       		.sleb128 14
 12091 034e 45000000 		.4byte	.LVL50-1
 12092 0352 4A000000 		.4byte	.LVL51
 12093 0356 0400     		.2byte	0x4
 12094 0358 F3       		.byte	0xf3
 12095 0359 01       		.uleb128 0x1
 12096 035a 50       		.byte	0x50
 12097 035b 9F       		.byte	0x9f
 12098 035c 4A000000 		.4byte	.LVL51
 12099 0360 4E000000 		.4byte	.LVL52
 12100 0364 0200     		.2byte	0x2
 12101 0366 74       		.byte	0x74
 12102 0367 0E       		.sleb128 14
 12103 0368 4E000000 		.4byte	.LVL52
 12104 036c 60000000 		.4byte	.LFE2
 12105 0370 1300     		.2byte	0x13
 12106 0372 03       		.byte	0x3
 12107 0373 0A000000 		.4byte	TFT_RB_out+2
 12108 0377 94       		.byte	0x94
 12109 0378 02       		.byte	0x2
 12110 0379 0A       		.byte	0xa
 12111 037a FFFF     		.2byte	0xffff
 12112 037c 1A       		.byte	0x1a
 12113 037d 31       		.byte	0x31
 12114 037e 24       		.byte	0x24
ARM GAS  C:\Users\91819\AppData\Local\Temp\ccy28JmR.s 			page 236


 12115 037f 03       		.byte	0x3
 12116 0380 0E000000 		.4byte	.LANCHOR0+14
 12117 0384 22       		.byte	0x22
 12118 0385 00000000 		.4byte	0
 12119 0389 00000000 		.4byte	0
 12120              	.LLST24:
 12121 038d 00000000 		.4byte	.LVL43
 12122 0391 0C000000 		.4byte	.LVL44
 12123 0395 0100     		.2byte	0x1
 12124 0397 51       		.byte	0x51
 12125 0398 0C000000 		.4byte	.LVL44
 12126 039c 18000000 		.4byte	.LVL47
 12127 03a0 0400     		.2byte	0x4
 12128 03a2 F3       		.byte	0xf3
 12129 03a3 01       		.uleb128 0x1
 12130 03a4 51       		.byte	0x51
 12131 03a5 9F       		.byte	0x9f
 12132 03a6 18000000 		.4byte	.LVL47
 12133 03aa 2A000000 		.4byte	.LVL48
 12134 03ae 0100     		.2byte	0x1
 12135 03b0 51       		.byte	0x51
 12136 03b1 2A000000 		.4byte	.LVL48
 12137 03b5 45000000 		.4byte	.LVL50-1
 12138 03b9 0200     		.2byte	0x2
 12139 03bb 74       		.byte	0x74
 12140 03bc 0F       		.sleb128 15
 12141 03bd 45000000 		.4byte	.LVL50-1
 12142 03c1 4A000000 		.4byte	.LVL51
 12143 03c5 0400     		.2byte	0x4
 12144 03c7 F3       		.byte	0xf3
 12145 03c8 01       		.uleb128 0x1
 12146 03c9 51       		.byte	0x51
 12147 03ca 9F       		.byte	0x9f
 12148 03cb 4A000000 		.4byte	.LVL51
 12149 03cf 4E000000 		.4byte	.LVL52
 12150 03d3 0200     		.2byte	0x2
 12151 03d5 74       		.byte	0x74
 12152 03d6 0F       		.sleb128 15
 12153 03d7 4E000000 		.4byte	.LVL52
 12154 03db 60000000 		.4byte	.LFE2
 12155 03df 1300     		.2byte	0x13
 12156 03e1 03       		.byte	0x3
 12157 03e2 0A000000 		.4byte	TFT_RB_out+2
 12158 03e6 94       		.byte	0x94
 12159 03e7 02       		.byte	0x2
 12160 03e8 0A       		.byte	0xa
 12161 03e9 FFFF     		.2byte	0xffff
 12162 03eb 1A       		.byte	0x1a
 12163 03ec 31       		.byte	0x31
 12164 03ed 24       		.byte	0x24
 12165 03ee 03       		.byte	0x3
 12166 03ef 0F000000 		.4byte	.LANCHOR0+15
 12167 03f3 22       		.byte	0x22
 12168 03f4 00000000 		.4byte	0
 12169 03f8 00000000 		.4byte	0
 12170              	.LLST25:
 12171 03fc 00000000 		.4byte	.LVL53
ARM GAS  C:\Users\91819\AppData\Local\Temp\ccy28JmR.s 			page 237


 12172 0400 10000000 		.4byte	.LVL55
 12173 0404 0100     		.2byte	0x1
 12174 0406 50       		.byte	0x50
 12175 0407 10000000 		.4byte	.LVL55
 12176 040b 88000000 		.4byte	.LFE6
 12177 040f 0400     		.2byte	0x4
 12178 0411 F3       		.byte	0xf3
 12179 0412 01       		.uleb128 0x1
 12180 0413 50       		.byte	0x50
 12181 0414 9F       		.byte	0x9f
 12182 0415 00000000 		.4byte	0
 12183 0419 00000000 		.4byte	0
 12184              	.LLST26:
 12185 041d 00000000 		.4byte	.LVL53
 12186 0421 0E000000 		.4byte	.LVL54
 12187 0425 0100     		.2byte	0x1
 12188 0427 51       		.byte	0x51
 12189 0428 0E000000 		.4byte	.LVL54
 12190 042c 88000000 		.4byte	.LFE6
 12191 0430 0400     		.2byte	0x4
 12192 0432 F3       		.byte	0xf3
 12193 0433 01       		.uleb128 0x1
 12194 0434 51       		.byte	0x51
 12195 0435 9F       		.byte	0x9f
 12196 0436 00000000 		.4byte	0
 12197 043a 00000000 		.4byte	0
 12198              	.LLST27:
 12199 043e 00000000 		.4byte	.LVL53
 12200 0442 13000000 		.4byte	.LVL56-1
 12201 0446 0100     		.2byte	0x1
 12202 0448 52       		.byte	0x52
 12203 0449 13000000 		.4byte	.LVL56-1
 12204 044d 88000000 		.4byte	.LFE6
 12205 0451 0400     		.2byte	0x4
 12206 0453 F3       		.byte	0xf3
 12207 0454 01       		.uleb128 0x1
 12208 0455 52       		.byte	0x52
 12209 0456 9F       		.byte	0x9f
 12210 0457 00000000 		.4byte	0
 12211 045b 00000000 		.4byte	0
 12212              	.LLST28:
 12213 045f 00000000 		.4byte	.LVL53
 12214 0463 13000000 		.4byte	.LVL56-1
 12215 0467 0100     		.2byte	0x1
 12216 0469 53       		.byte	0x53
 12217 046a 13000000 		.4byte	.LVL56-1
 12218 046e 88000000 		.4byte	.LFE6
 12219 0472 0400     		.2byte	0x4
 12220 0474 F3       		.byte	0xf3
 12221 0475 01       		.uleb128 0x1
 12222 0476 53       		.byte	0x53
 12223 0477 9F       		.byte	0x9f
 12224 0478 00000000 		.4byte	0
 12225 047c 00000000 		.4byte	0
 12226              	.LLST29:
 12227 0480 00000000 		.4byte	.LVL67
 12228 0484 08000000 		.4byte	.LVL68
ARM GAS  C:\Users\91819\AppData\Local\Temp\ccy28JmR.s 			page 238


 12229 0488 0100     		.2byte	0x1
 12230 048a 50       		.byte	0x50
 12231 048b 08000000 		.4byte	.LVL68
 12232 048f 0B000000 		.4byte	.LVL69-1
 12233 0493 0100     		.2byte	0x1
 12234 0495 50       		.byte	0x50
 12235 0496 00000000 		.4byte	0
 12236 049a 00000000 		.4byte	0
 12237              	.LLST30:
 12238 049e 00000000 		.4byte	.LVL71
 12239 04a2 08000000 		.4byte	.LVL72
 12240 04a6 0100     		.2byte	0x1
 12241 04a8 50       		.byte	0x50
 12242 04a9 08000000 		.4byte	.LVL72
 12243 04ad C0000000 		.4byte	.LFE7
 12244 04b1 0400     		.2byte	0x4
 12245 04b3 F3       		.byte	0xf3
 12246 04b4 01       		.uleb128 0x1
 12247 04b5 50       		.byte	0x50
 12248 04b6 9F       		.byte	0x9f
 12249 04b7 00000000 		.4byte	0
 12250 04bb 00000000 		.4byte	0
 12251              	.LLST31:
 12252 04bf 00000000 		.4byte	.LVL83
 12253 04c3 04000000 		.4byte	.LVL84
 12254 04c7 0100     		.2byte	0x1
 12255 04c9 50       		.byte	0x50
 12256 04ca 04000000 		.4byte	.LVL84
 12257 04ce 10000000 		.4byte	.LFE15
 12258 04d2 0400     		.2byte	0x4
 12259 04d4 F3       		.byte	0xf3
 12260 04d5 01       		.uleb128 0x1
 12261 04d6 50       		.byte	0x50
 12262 04d7 9F       		.byte	0x9f
 12263 04d8 00000000 		.4byte	0
 12264 04dc 00000000 		.4byte	0
 12265              	.LLST32:
 12266 04e0 00000000 		.4byte	.LVL87
 12267 04e4 3E000000 		.4byte	.LVL90
 12268 04e8 0100     		.2byte	0x1
 12269 04ea 50       		.byte	0x50
 12270 04eb 3E000000 		.4byte	.LVL90
 12271 04ef 5C000000 		.4byte	.LVL92
 12272 04f3 0100     		.2byte	0x1
 12273 04f5 54       		.byte	0x54
 12274 04f6 5C000000 		.4byte	.LVL92
 12275 04fa 5E000000 		.4byte	.LVL93
 12276 04fe 0100     		.2byte	0x1
 12277 0500 50       		.byte	0x50
 12278 0501 5E000000 		.4byte	.LVL93
 12279 0505 A4000000 		.4byte	.LVL95
 12280 0509 0100     		.2byte	0x1
 12281 050b 54       		.byte	0x54
 12282 050c 00000000 		.4byte	0
 12283 0510 00000000 		.4byte	0
 12284              	.LLST33:
 12285 0514 00000000 		.4byte	.LVL87
ARM GAS  C:\Users\91819\AppData\Local\Temp\ccy28JmR.s 			page 239


 12286 0518 3E000000 		.4byte	.LVL90
 12287 051c 0100     		.2byte	0x1
 12288 051e 51       		.byte	0x51
 12289 051f 3E000000 		.4byte	.LVL90
 12290 0523 A8000000 		.4byte	.LFE17
 12291 0527 0400     		.2byte	0x4
 12292 0529 F3       		.byte	0xf3
 12293 052a 01       		.uleb128 0x1
 12294 052b 51       		.byte	0x51
 12295 052c 9F       		.byte	0x9f
 12296 052d 00000000 		.4byte	0
 12297 0531 00000000 		.4byte	0
 12298              	.LLST34:
 12299 0535 00000000 		.4byte	.LVL87
 12300 0539 24000000 		.4byte	.LVL89
 12301 053d 0100     		.2byte	0x1
 12302 053f 52       		.byte	0x52
 12303 0540 24000000 		.4byte	.LVL89
 12304 0544 A8000000 		.4byte	.LFE17
 12305 0548 0400     		.2byte	0x4
 12306 054a F3       		.byte	0xf3
 12307 054b 01       		.uleb128 0x1
 12308 054c 52       		.byte	0x52
 12309 054d 9F       		.byte	0x9f
 12310 054e 00000000 		.4byte	0
 12311 0552 00000000 		.4byte	0
 12312              	.LLST35:
 12313 0556 00000000 		.4byte	.LVL87
 12314 055a 1C000000 		.4byte	.LVL88
 12315 055e 0100     		.2byte	0x1
 12316 0560 53       		.byte	0x53
 12317 0561 1C000000 		.4byte	.LVL88
 12318 0565 A4000000 		.4byte	.LVL95
 12319 0569 0100     		.2byte	0x1
 12320 056b 58       		.byte	0x58
 12321 056c A4000000 		.4byte	.LVL95
 12322 0570 A8000000 		.4byte	.LFE17
 12323 0574 0400     		.2byte	0x4
 12324 0576 F3       		.byte	0xf3
 12325 0577 01       		.uleb128 0x1
 12326 0578 53       		.byte	0x53
 12327 0579 9F       		.byte	0x9f
 12328 057a 00000000 		.4byte	0
 12329 057e 00000000 		.4byte	0
 12330              	.LLST36:
 12331 0582 00000000 		.4byte	.LVL87
 12332 0586 A4000000 		.4byte	.LVL95
 12333 058a 0200     		.2byte	0x2
 12334 058c 91       		.byte	0x91
 12335 058d 00       		.sleb128 0
 12336 058e A4000000 		.4byte	.LVL95
 12337 0592 A8000000 		.4byte	.LFE17
 12338 0596 0200     		.2byte	0x2
 12339 0598 7D       		.byte	0x7d
 12340 0599 00       		.sleb128 0
 12341 059a 00000000 		.4byte	0
 12342 059e 00000000 		.4byte	0
ARM GAS  C:\Users\91819\AppData\Local\Temp\ccy28JmR.s 			page 240


 12343              	.LLST37:
 12344 05a2 00000000 		.4byte	.LVL87
 12345 05a6 A4000000 		.4byte	.LVL95
 12346 05aa 0200     		.2byte	0x2
 12347 05ac 91       		.byte	0x91
 12348 05ad 04       		.sleb128 4
 12349 05ae A4000000 		.4byte	.LVL95
 12350 05b2 A8000000 		.4byte	.LFE17
 12351 05b6 0200     		.2byte	0x2
 12352 05b8 7D       		.byte	0x7d
 12353 05b9 04       		.sleb128 4
 12354 05ba 00000000 		.4byte	0
 12355 05be 00000000 		.4byte	0
 12356              	.LLST38:
 12357 05c2 00000000 		.4byte	.LVL87
 12358 05c6 A4000000 		.4byte	.LVL95
 12359 05ca 0200     		.2byte	0x2
 12360 05cc 91       		.byte	0x91
 12361 05cd 08       		.sleb128 8
 12362 05ce A4000000 		.4byte	.LVL95
 12363 05d2 A8000000 		.4byte	.LFE17
 12364 05d6 0200     		.2byte	0x2
 12365 05d8 7D       		.byte	0x7d
 12366 05d9 08       		.sleb128 8
 12367 05da 00000000 		.4byte	0
 12368 05de 00000000 		.4byte	0
 12369              	.LLST39:
 12370 05e2 3E000000 		.4byte	.LVL90
 12371 05e6 59000000 		.4byte	.LVL91-1
 12372 05ea 0100     		.2byte	0x1
 12373 05ec 50       		.byte	0x50
 12374 05ed 60000000 		.4byte	.LVL94
 12375 05f1 A8000000 		.4byte	.LFE17
 12376 05f5 0100     		.2byte	0x1
 12377 05f7 50       		.byte	0x50
 12378 05f8 00000000 		.4byte	0
 12379 05fc 00000000 		.4byte	0
 12380              	.LLST40:
 12381 0600 00000000 		.4byte	.LVL96
 12382 0604 3E000000 		.4byte	.LVL101
 12383 0608 0100     		.2byte	0x1
 12384 060a 50       		.byte	0x50
 12385 060b 3E000000 		.4byte	.LVL101
 12386 060f 5E000000 		.4byte	.LVL107
 12387 0613 0400     		.2byte	0x4
 12388 0615 F3       		.byte	0xf3
 12389 0616 01       		.uleb128 0x1
 12390 0617 50       		.byte	0x50
 12391 0618 9F       		.byte	0x9f
 12392 0619 5E000000 		.4byte	.LVL107
 12393 061d 70000000 		.4byte	.LVL110
 12394 0621 0100     		.2byte	0x1
 12395 0623 54       		.byte	0x54
 12396 0624 72000000 		.4byte	.LVL111
 12397 0628 74000000 		.4byte	.LVL112
 12398 062c 0100     		.2byte	0x1
 12399 062e 54       		.byte	0x54
ARM GAS  C:\Users\91819\AppData\Local\Temp\ccy28JmR.s 			page 241


 12400 062f 76000000 		.4byte	.LVL113
 12401 0633 7E000000 		.4byte	.LVL115
 12402 0637 0100     		.2byte	0x1
 12403 0639 54       		.byte	0x54
 12404 063a 00000000 		.4byte	0
 12405 063e 00000000 		.4byte	0
 12406              	.LLST41:
 12407 0642 00000000 		.4byte	.LVL96
 12408 0646 40000000 		.4byte	.LVL102
 12409 064a 0100     		.2byte	0x1
 12410 064c 51       		.byte	0x51
 12411 064d 40000000 		.4byte	.LVL102
 12412 0651 5C000000 		.4byte	.LVL106
 12413 0655 0400     		.2byte	0x4
 12414 0657 F3       		.byte	0xf3
 12415 0658 01       		.uleb128 0x1
 12416 0659 51       		.byte	0x51
 12417 065a 9F       		.byte	0x9f
 12418 065b 5C000000 		.4byte	.LVL106
 12419 065f 7C000000 		.4byte	.LVL114
 12420 0663 0100     		.2byte	0x1
 12421 0665 57       		.byte	0x57
 12422 0666 7E000000 		.4byte	.LVL115
 12423 066a 82000000 		.4byte	.LVL116
 12424 066e 0100     		.2byte	0x1
 12425 0670 57       		.byte	0x57
 12426 0671 00000000 		.4byte	0
 12427 0675 00000000 		.4byte	0
 12428              	.LLST42:
 12429 0679 00000000 		.4byte	.LVL96
 12430 067d 18000000 		.4byte	.LVL98
 12431 0681 0100     		.2byte	0x1
 12432 0683 52       		.byte	0x52
 12433 0684 18000000 		.4byte	.LVL98
 12434 0688 30000000 		.4byte	.LVL99
 12435 068c 0400     		.2byte	0x4
 12436 068e F3       		.byte	0xf3
 12437 068f 01       		.uleb128 0x1
 12438 0690 52       		.byte	0x52
 12439 0691 9F       		.byte	0x9f
 12440 0692 30000000 		.4byte	.LVL99
 12441 0696 82000000 		.4byte	.LVL116
 12442 069a 0100     		.2byte	0x1
 12443 069c 58       		.byte	0x58
 12444 069d 00000000 		.4byte	0
 12445 06a1 00000000 		.4byte	0
 12446              	.LLST43:
 12447 06a5 00000000 		.4byte	.LVL96
 12448 06a9 0C000000 		.4byte	.LVL97
 12449 06ad 0100     		.2byte	0x1
 12450 06af 53       		.byte	0x53
 12451 06b0 0C000000 		.4byte	.LVL97
 12452 06b4 3C000000 		.4byte	.LVL100
 12453 06b8 0400     		.2byte	0x4
 12454 06ba F3       		.byte	0xf3
 12455 06bb 01       		.uleb128 0x1
 12456 06bc 53       		.byte	0x53
ARM GAS  C:\Users\91819\AppData\Local\Temp\ccy28JmR.s 			page 242


 12457 06bd 9F       		.byte	0x9f
 12458 06be 3C000000 		.4byte	.LVL100
 12459 06c2 5E000000 		.4byte	.LVL107
 12460 06c6 0100     		.2byte	0x1
 12461 06c8 57       		.byte	0x57
 12462 06c9 00000000 		.4byte	0
 12463 06cd 00000000 		.4byte	0
 12464              	.LLST44:
 12465 06d1 00000000 		.4byte	.LVL96
 12466 06d5 86000000 		.4byte	.LVL117
 12467 06d9 0200     		.2byte	0x2
 12468 06db 91       		.byte	0x91
 12469 06dc 00       		.sleb128 0
 12470 06dd 86000000 		.4byte	.LVL117
 12471 06e1 8C000000 		.4byte	.LFE24
 12472 06e5 0200     		.2byte	0x2
 12473 06e7 7D       		.byte	0x7d
 12474 06e8 00       		.sleb128 0
 12475 06e9 00000000 		.4byte	0
 12476 06ed 00000000 		.4byte	0
 12477              	.LLST45:
 12478 06f1 54000000 		.4byte	.LVL104
 12479 06f5 82000000 		.4byte	.LVL116
 12480 06f9 0100     		.2byte	0x1
 12481 06fb 56       		.byte	0x56
 12482 06fc 00000000 		.4byte	0
 12483 0700 00000000 		.4byte	0
 12484              	.LLST46:
 12485 0704 56000000 		.4byte	.LVL105
 12486 0708 82000000 		.4byte	.LVL116
 12487 070c 0100     		.2byte	0x1
 12488 070e 55       		.byte	0x55
 12489 070f 00000000 		.4byte	0
 12490 0713 00000000 		.4byte	0
 12491              	.LLST47:
 12492 0717 00000000 		.4byte	.LVL118
 12493 071b 14000000 		.4byte	.LVL119
 12494 071f 0100     		.2byte	0x1
 12495 0721 50       		.byte	0x50
 12496 0722 14000000 		.4byte	.LVL119
 12497 0726 24000000 		.4byte	.LFE22
 12498 072a 0400     		.2byte	0x4
 12499 072c F3       		.byte	0xf3
 12500 072d 01       		.uleb128 0x1
 12501 072e 50       		.byte	0x50
 12502 072f 9F       		.byte	0x9f
 12503 0730 00000000 		.4byte	0
 12504 0734 00000000 		.4byte	0
 12505              	.LLST48:
 12506 0738 8A000000 		.4byte	.LVL131
 12507 073c 90000000 		.4byte	.LVL132
 12508 0740 0600     		.2byte	0x6
 12509 0742 03       		.byte	0x3
 12510 0743 01000000 		.4byte	SST35S_init_seq+1
 12511 0747 9F       		.byte	0x9f
 12512 0748 90000000 		.4byte	.LVL132
 12513 074c 9C000000 		.4byte	.LVL133
ARM GAS  C:\Users\91819\AppData\Local\Temp\ccy28JmR.s 			page 243


 12514 0750 0300     		.2byte	0x3
 12515 0752 75       		.byte	0x75
 12516 0753 01       		.sleb128 1
 12517 0754 9F       		.byte	0x9f
 12518 0755 9C000000 		.4byte	.LVL133
 12519 0759 A2000000 		.4byte	.LVL135
 12520 075d 0100     		.2byte	0x1
 12521 075f 54       		.byte	0x54
 12522 0760 A2000000 		.4byte	.LVL135
 12523 0764 A4000000 		.4byte	.LVL136
 12524 0768 0100     		.2byte	0x1
 12525 076a 55       		.byte	0x55
 12526 076b A4000000 		.4byte	.LVL136
 12527 076f B0000000 		.4byte	.LVL138
 12528 0773 0100     		.2byte	0x1
 12529 0775 56       		.byte	0x56
 12530 0776 B0000000 		.4byte	.LVL138
 12531 077a DA000000 		.4byte	.LVL146
 12532 077e 0100     		.2byte	0x1
 12533 0780 55       		.byte	0x55
 12534 0781 00000000 		.4byte	0
 12535 0785 00000000 		.4byte	0
 12536              	.LLST49:
 12537 0789 8A000000 		.4byte	.LVL131
 12538 078d 90000000 		.4byte	.LVL132
 12539 0791 0200     		.2byte	0x2
 12540 0793 3F       		.byte	0x3f
 12541 0794 9F       		.byte	0x9f
 12542 0795 90000000 		.4byte	.LVL132
 12543 0799 BA000000 		.4byte	.LVL140
 12544 079d 0100     		.2byte	0x1
 12545 079f 57       		.byte	0x57
 12546 07a0 BA000000 		.4byte	.LVL140
 12547 07a4 BE000000 		.4byte	.LVL141
 12548 07a8 0100     		.2byte	0x1
 12549 07aa 52       		.byte	0x52
 12550 07ab BE000000 		.4byte	.LVL141
 12551 07af DA000000 		.4byte	.LVL146
 12552 07b3 0100     		.2byte	0x1
 12553 07b5 57       		.byte	0x57
 12554 07b6 00000000 		.4byte	0
 12555 07ba 00000000 		.4byte	0
 12556              	.LLST50:
 12557 07be 9E000000 		.4byte	.LVL134
 12558 07c2 A2000000 		.4byte	.LVL135
 12559 07c6 0100     		.2byte	0x1
 12560 07c8 52       		.byte	0x52
 12561 07c9 A2000000 		.4byte	.LVL135
 12562 07cd B0000000 		.4byte	.LVL138
 12563 07d1 0100     		.2byte	0x1
 12564 07d3 54       		.byte	0x54
 12565 07d4 B0000000 		.4byte	.LVL138
 12566 07d8 B4000000 		.4byte	.LVL139
 12567 07dc 0100     		.2byte	0x1
 12568 07de 52       		.byte	0x52
 12569 07df B4000000 		.4byte	.LVL139
 12570 07e3 BA000000 		.4byte	.LVL140
ARM GAS  C:\Users\91819\AppData\Local\Temp\ccy28JmR.s 			page 244


 12571 07e7 0100     		.2byte	0x1
 12572 07e9 54       		.byte	0x54
 12573 07ea 00000000 		.4byte	0
 12574 07ee 00000000 		.4byte	0
 12575              	.LLST51:
 12576 07f2 00000000 		.4byte	.LVL149
 12577 07f6 02000000 		.4byte	.LVL150
 12578 07fa 0100     		.2byte	0x1
 12579 07fc 50       		.byte	0x50
 12580 07fd 02000000 		.4byte	.LVL150
 12581 0801 50000000 		.4byte	.LFE25
 12582 0805 0400     		.2byte	0x4
 12583 0807 F3       		.byte	0xf3
 12584 0808 01       		.uleb128 0x1
 12585 0809 50       		.byte	0x50
 12586 080a 9F       		.byte	0x9f
 12587 080b 00000000 		.4byte	0
 12588 080f 00000000 		.4byte	0
 12589              	.LLST52:
 12590 0813 00000000 		.4byte	.LVL149
 12591 0817 24000000 		.4byte	.LVL151
 12592 081b 0100     		.2byte	0x1
 12593 081d 51       		.byte	0x51
 12594 081e 24000000 		.4byte	.LVL151
 12595 0822 48000000 		.4byte	.LVL157
 12596 0826 0400     		.2byte	0x4
 12597 0828 F3       		.byte	0xf3
 12598 0829 01       		.uleb128 0x1
 12599 082a 51       		.byte	0x51
 12600 082b 9F       		.byte	0x9f
 12601 082c 48000000 		.4byte	.LVL157
 12602 0830 50000000 		.4byte	.LFE25
 12603 0834 0100     		.2byte	0x1
 12604 0836 51       		.byte	0x51
 12605 0837 00000000 		.4byte	0
 12606 083b 00000000 		.4byte	0
 12607              	.LLST53:
 12608 083f 00000000 		.4byte	.LVL149
 12609 0843 28000000 		.4byte	.LVL152
 12610 0847 0100     		.2byte	0x1
 12611 0849 52       		.byte	0x52
 12612 084a 28000000 		.4byte	.LVL152
 12613 084e 48000000 		.4byte	.LVL157
 12614 0852 0400     		.2byte	0x4
 12615 0854 F3       		.byte	0xf3
 12616 0855 01       		.uleb128 0x1
 12617 0856 52       		.byte	0x52
 12618 0857 9F       		.byte	0x9f
 12619 0858 48000000 		.4byte	.LVL157
 12620 085c 50000000 		.4byte	.LFE25
 12621 0860 0100     		.2byte	0x1
 12622 0862 52       		.byte	0x52
 12623 0863 00000000 		.4byte	0
 12624 0867 00000000 		.4byte	0
 12625              	.LLST54:
 12626 086b 00000000 		.4byte	.LVL158
 12627 086f 30000000 		.4byte	.LVL163
ARM GAS  C:\Users\91819\AppData\Local\Temp\ccy28JmR.s 			page 245


 12628 0873 0100     		.2byte	0x1
 12629 0875 50       		.byte	0x50
 12630 0876 30000000 		.4byte	.LVL163
 12631 087a 3C010000 		.4byte	.LFE31
 12632 087e 0400     		.2byte	0x4
 12633 0880 F3       		.byte	0xf3
 12634 0881 01       		.uleb128 0x1
 12635 0882 50       		.byte	0x50
 12636 0883 9F       		.byte	0x9f
 12637 0884 00000000 		.4byte	0
 12638 0888 00000000 		.4byte	0
 12639              	.LLST55:
 12640 088c 00000000 		.4byte	.LVL158
 12641 0890 30000000 		.4byte	.LVL163
 12642 0894 0100     		.2byte	0x1
 12643 0896 51       		.byte	0x51
 12644 0897 30000000 		.4byte	.LVL163
 12645 089b 3C010000 		.4byte	.LFE31
 12646 089f 0400     		.2byte	0x4
 12647 08a1 F3       		.byte	0xf3
 12648 08a2 01       		.uleb128 0x1
 12649 08a3 51       		.byte	0x51
 12650 08a4 9F       		.byte	0x9f
 12651 08a5 00000000 		.4byte	0
 12652 08a9 00000000 		.4byte	0
 12653              	.LLST56:
 12654 08ad 00000000 		.4byte	.LVL158
 12655 08b1 22000000 		.4byte	.LVL161
 12656 08b5 0100     		.2byte	0x1
 12657 08b7 52       		.byte	0x52
 12658 08b8 22000000 		.4byte	.LVL161
 12659 08bc 3C010000 		.4byte	.LFE31
 12660 08c0 0400     		.2byte	0x4
 12661 08c2 F3       		.byte	0xf3
 12662 08c3 01       		.uleb128 0x1
 12663 08c4 52       		.byte	0x52
 12664 08c5 9F       		.byte	0x9f
 12665 08c6 00000000 		.4byte	0
 12666 08ca 00000000 		.4byte	0
 12667              	.LLST57:
 12668 08ce 00000000 		.4byte	.LVL158
 12669 08d2 12000000 		.4byte	.LVL159
 12670 08d6 0100     		.2byte	0x1
 12671 08d8 53       		.byte	0x53
 12672 08d9 12000000 		.4byte	.LVL159
 12673 08dd 3C010000 		.4byte	.LFE31
 12674 08e1 0400     		.2byte	0x4
 12675 08e3 F3       		.byte	0xf3
 12676 08e4 01       		.uleb128 0x1
 12677 08e5 53       		.byte	0x53
 12678 08e6 9F       		.byte	0x9f
 12679 08e7 00000000 		.4byte	0
 12680 08eb 00000000 		.4byte	0
 12681              	.LLST58:
 12682 08ef 1C000000 		.4byte	.LVL160
 12683 08f3 44000000 		.4byte	.LVL167
 12684 08f7 0100     		.2byte	0x1
ARM GAS  C:\Users\91819\AppData\Local\Temp\ccy28JmR.s 			page 246


 12685 08f9 54       		.byte	0x54
 12686 08fa 46000000 		.4byte	.LVL168
 12687 08fe 5E000000 		.4byte	.LVL172
 12688 0902 0100     		.2byte	0x1
 12689 0904 54       		.byte	0x54
 12690 0905 60000000 		.4byte	.LVL173
 12691 0909 3C010000 		.4byte	.LFE31
 12692 090d 0100     		.2byte	0x1
 12693 090f 54       		.byte	0x54
 12694 0910 00000000 		.4byte	0
 12695 0914 00000000 		.4byte	0
 12696              	.LLST59:
 12697 0918 1C000000 		.4byte	.LVL160
 12698 091c 30000000 		.4byte	.LVL163
 12699 0920 0200     		.2byte	0x2
 12700 0922 31       		.byte	0x31
 12701 0923 9F       		.byte	0x9f
 12702 0924 30000000 		.4byte	.LVL163
 12703 0928 3C010000 		.4byte	.LFE31
 12704 092c 0200     		.2byte	0x2
 12705 092e 91       		.byte	0x91
 12706 092f 48       		.sleb128 -56
 12707 0930 00000000 		.4byte	0
 12708 0934 00000000 		.4byte	0
 12709              	.LLST60:
 12710 0938 26000000 		.4byte	.LVL162
 12711 093c 30000000 		.4byte	.LVL163
 12712 0940 0200     		.2byte	0x2
 12713 0942 30       		.byte	0x30
 12714 0943 9F       		.byte	0x9f
 12715 0944 30000000 		.4byte	.LVL163
 12716 0948 4A000000 		.4byte	.LVL169
 12717 094c 0100     		.2byte	0x1
 12718 094e 58       		.byte	0x58
 12719 094f 52000000 		.4byte	.LVL170
 12720 0953 3C010000 		.4byte	.LFE31
 12721 0957 0100     		.2byte	0x1
 12722 0959 58       		.byte	0x58
 12723 095a 00000000 		.4byte	0
 12724 095e 00000000 		.4byte	0
 12725              	.LLST61:
 12726 0962 26000000 		.4byte	.LVL162
 12727 0966 36000000 		.4byte	.LVL164
 12728 096a 0100     		.2byte	0x1
 12729 096c 57       		.byte	0x57
 12730 096d 38000000 		.4byte	.LVL165
 12731 0971 3C010000 		.4byte	.LFE31
 12732 0975 0100     		.2byte	0x1
 12733 0977 57       		.byte	0x57
 12734 0978 00000000 		.4byte	0
 12735 097c 00000000 		.4byte	0
 12736              	.LLST62:
 12737 0980 00000000 		.4byte	.LVL182
 12738 0984 28000000 		.4byte	.LVL186
 12739 0988 0100     		.2byte	0x1
 12740 098a 50       		.byte	0x50
 12741 098b 28000000 		.4byte	.LVL186
ARM GAS  C:\Users\91819\AppData\Local\Temp\ccy28JmR.s 			page 247


 12742 098f 64000000 		.4byte	.LFE26
 12743 0993 0400     		.2byte	0x4
 12744 0995 F3       		.byte	0xf3
 12745 0996 01       		.uleb128 0x1
 12746 0997 50       		.byte	0x50
 12747 0998 9F       		.byte	0x9f
 12748 0999 00000000 		.4byte	0
 12749 099d 00000000 		.4byte	0
 12750              	.LLST63:
 12751 09a1 00000000 		.4byte	.LVL182
 12752 09a5 2A000000 		.4byte	.LVL187
 12753 09a9 0100     		.2byte	0x1
 12754 09ab 51       		.byte	0x51
 12755 09ac 2A000000 		.4byte	.LVL187
 12756 09b0 64000000 		.4byte	.LFE26
 12757 09b4 0400     		.2byte	0x4
 12758 09b6 F3       		.byte	0xf3
 12759 09b7 01       		.uleb128 0x1
 12760 09b8 51       		.byte	0x51
 12761 09b9 9F       		.byte	0x9f
 12762 09ba 00000000 		.4byte	0
 12763 09be 00000000 		.4byte	0
 12764              	.LLST64:
 12765 09c2 00000000 		.4byte	.LVL182
 12766 09c6 1C000000 		.4byte	.LVL184
 12767 09ca 0100     		.2byte	0x1
 12768 09cc 52       		.byte	0x52
 12769 09cd 1C000000 		.4byte	.LVL184
 12770 09d1 26000000 		.4byte	.LVL185
 12771 09d5 0400     		.2byte	0x4
 12772 09d7 F3       		.byte	0xf3
 12773 09d8 01       		.uleb128 0x1
 12774 09d9 52       		.byte	0x52
 12775 09da 9F       		.byte	0x9f
 12776 09db 26000000 		.4byte	.LVL185
 12777 09df 42000000 		.4byte	.LVL192
 12778 09e3 0100     		.2byte	0x1
 12779 09e5 55       		.byte	0x55
 12780 09e6 42000000 		.4byte	.LVL192
 12781 09ea 54000000 		.4byte	.LVL195
 12782 09ee 0100     		.2byte	0x1
 12783 09f0 54       		.byte	0x54
 12784 09f1 54000000 		.4byte	.LVL195
 12785 09f5 58000000 		.4byte	.LVL196
 12786 09f9 0100     		.2byte	0x1
 12787 09fb 55       		.byte	0x55
 12788 09fc 58000000 		.4byte	.LVL196
 12789 0a00 5C000000 		.4byte	.LVL197
 12790 0a04 0100     		.2byte	0x1
 12791 0a06 54       		.byte	0x54
 12792 0a07 00000000 		.4byte	0
 12793 0a0b 00000000 		.4byte	0
 12794              	.LLST65:
 12795 0a0f 00000000 		.4byte	.LVL182
 12796 0a13 06000000 		.4byte	.LVL183
 12797 0a17 0100     		.2byte	0x1
 12798 0a19 53       		.byte	0x53
ARM GAS  C:\Users\91819\AppData\Local\Temp\ccy28JmR.s 			page 248


 12799 0a1a 06000000 		.4byte	.LVL183
 12800 0a1e 64000000 		.4byte	.LFE26
 12801 0a22 0400     		.2byte	0x4
 12802 0a24 F3       		.byte	0xf3
 12803 0a25 01       		.uleb128 0x1
 12804 0a26 53       		.byte	0x53
 12805 0a27 9F       		.byte	0x9f
 12806 0a28 00000000 		.4byte	0
 12807 0a2c 00000000 		.4byte	0
 12808              	.LLST66:
 12809 0a30 38000000 		.4byte	.LVL189
 12810 0a34 5C000000 		.4byte	.LVL197
 12811 0a38 0100     		.2byte	0x1
 12812 0a3a 57       		.byte	0x57
 12813 0a3b 00000000 		.4byte	0
 12814 0a3f 00000000 		.4byte	0
 12815              	.LLST67:
 12816 0a43 3A000000 		.4byte	.LVL190
 12817 0a47 5C000000 		.4byte	.LVL197
 12818 0a4b 0100     		.2byte	0x1
 12819 0a4d 56       		.byte	0x56
 12820 0a4e 00000000 		.4byte	0
 12821 0a52 00000000 		.4byte	0
 12822              	.LLST68:
 12823 0a56 00000000 		.4byte	.LVL198
 12824 0a5a 34000000 		.4byte	.LVL203
 12825 0a5e 0100     		.2byte	0x1
 12826 0a60 50       		.byte	0x50
 12827 0a61 34000000 		.4byte	.LVL203
 12828 0a65 06010000 		.4byte	.LFE33
 12829 0a69 0400     		.2byte	0x4
 12830 0a6b F3       		.byte	0xf3
 12831 0a6c 01       		.uleb128 0x1
 12832 0a6d 50       		.byte	0x50
 12833 0a6e 9F       		.byte	0x9f
 12834 0a6f 00000000 		.4byte	0
 12835 0a73 00000000 		.4byte	0
 12836              	.LLST69:
 12837 0a77 00000000 		.4byte	.LVL198
 12838 0a7b 34000000 		.4byte	.LVL203
 12839 0a7f 0100     		.2byte	0x1
 12840 0a81 51       		.byte	0x51
 12841 0a82 34000000 		.4byte	.LVL203
 12842 0a86 06010000 		.4byte	.LFE33
 12843 0a8a 0400     		.2byte	0x4
 12844 0a8c F3       		.byte	0xf3
 12845 0a8d 01       		.uleb128 0x1
 12846 0a8e 51       		.byte	0x51
 12847 0a8f 9F       		.byte	0x9f
 12848 0a90 00000000 		.4byte	0
 12849 0a94 00000000 		.4byte	0
 12850              	.LLST70:
 12851 0a98 00000000 		.4byte	.LVL198
 12852 0a9c 28000000 		.4byte	.LVL201
 12853 0aa0 0100     		.2byte	0x1
 12854 0aa2 52       		.byte	0x52
 12855 0aa3 28000000 		.4byte	.LVL201
ARM GAS  C:\Users\91819\AppData\Local\Temp\ccy28JmR.s 			page 249


 12856 0aa7 06010000 		.4byte	.LFE33
 12857 0aab 0400     		.2byte	0x4
 12858 0aad F3       		.byte	0xf3
 12859 0aae 01       		.uleb128 0x1
 12860 0aaf 52       		.byte	0x52
 12861 0ab0 9F       		.byte	0x9f
 12862 0ab1 00000000 		.4byte	0
 12863 0ab5 00000000 		.4byte	0
 12864              	.LLST71:
 12865 0ab9 00000000 		.4byte	.LVL198
 12866 0abd 12000000 		.4byte	.LVL199
 12867 0ac1 0100     		.2byte	0x1
 12868 0ac3 53       		.byte	0x53
 12869 0ac4 12000000 		.4byte	.LVL199
 12870 0ac8 06010000 		.4byte	.LFE33
 12871 0acc 0400     		.2byte	0x4
 12872 0ace F3       		.byte	0xf3
 12873 0acf 01       		.uleb128 0x1
 12874 0ad0 53       		.byte	0x53
 12875 0ad1 9F       		.byte	0x9f
 12876 0ad2 00000000 		.4byte	0
 12877 0ad6 00000000 		.4byte	0
 12878              	.LLST72:
 12879 0ada 22000000 		.4byte	.LVL200
 12880 0ade 4C000000 		.4byte	.LVL207
 12881 0ae2 0100     		.2byte	0x1
 12882 0ae4 54       		.byte	0x54
 12883 0ae5 4E000000 		.4byte	.LVL208
 12884 0ae9 62000000 		.4byte	.LVL213
 12885 0aed 0100     		.2byte	0x1
 12886 0aef 54       		.byte	0x54
 12887 0af0 64000000 		.4byte	.LVL214
 12888 0af4 06010000 		.4byte	.LFE33
 12889 0af8 0100     		.2byte	0x1
 12890 0afa 54       		.byte	0x54
 12891 0afb 00000000 		.4byte	0
 12892 0aff 00000000 		.4byte	0
 12893              	.LLST73:
 12894 0b03 22000000 		.4byte	.LVL200
 12895 0b07 34000000 		.4byte	.LVL203
 12896 0b0b 0200     		.2byte	0x2
 12897 0b0d 31       		.byte	0x31
 12898 0b0e 9F       		.byte	0x9f
 12899 0b0f 34000000 		.4byte	.LVL203
 12900 0b13 58000000 		.4byte	.LVL211
 12901 0b17 0100     		.2byte	0x1
 12902 0b19 5B       		.byte	0x5b
 12903 0b1a 60000000 		.4byte	.LVL212
 12904 0b1e 06010000 		.4byte	.LFE33
 12905 0b22 0100     		.2byte	0x1
 12906 0b24 5B       		.byte	0x5b
 12907 0b25 00000000 		.4byte	0
 12908 0b29 00000000 		.4byte	0
 12909              	.LLST74:
 12910 0b2d 2C000000 		.4byte	.LVL202
 12911 0b31 34000000 		.4byte	.LVL203
 12912 0b35 0200     		.2byte	0x2
ARM GAS  C:\Users\91819\AppData\Local\Temp\ccy28JmR.s 			page 250


 12913 0b37 30       		.byte	0x30
 12914 0b38 9F       		.byte	0x9f
 12915 0b39 34000000 		.4byte	.LVL203
 12916 0b3d 50000000 		.4byte	.LVL209
 12917 0b41 0100     		.2byte	0x1
 12918 0b43 57       		.byte	0x57
 12919 0b44 54000000 		.4byte	.LVL210
 12920 0b48 06010000 		.4byte	.LFE33
 12921 0b4c 0100     		.2byte	0x1
 12922 0b4e 57       		.byte	0x57
 12923 0b4f 00000000 		.4byte	0
 12924 0b53 00000000 		.4byte	0
 12925              	.LLST75:
 12926 0b57 2C000000 		.4byte	.LVL202
 12927 0b5b 3C000000 		.4byte	.LVL204
 12928 0b5f 0100     		.2byte	0x1
 12929 0b61 58       		.byte	0x58
 12930 0b62 40000000 		.4byte	.LVL205
 12931 0b66 06010000 		.4byte	.LFE33
 12932 0b6a 0100     		.2byte	0x1
 12933 0b6c 58       		.byte	0x58
 12934 0b6d 00000000 		.4byte	0
 12935 0b71 00000000 		.4byte	0
 12936              	.LLST76:
 12937 0b75 00000000 		.4byte	.LVL219
 12938 0b79 28000000 		.4byte	.LVL223
 12939 0b7d 0100     		.2byte	0x1
 12940 0b7f 50       		.byte	0x50
 12941 0b80 28000000 		.4byte	.LVL223
 12942 0b84 64000000 		.4byte	.LFE27
 12943 0b88 0400     		.2byte	0x4
 12944 0b8a F3       		.byte	0xf3
 12945 0b8b 01       		.uleb128 0x1
 12946 0b8c 50       		.byte	0x50
 12947 0b8d 9F       		.byte	0x9f
 12948 0b8e 00000000 		.4byte	0
 12949 0b92 00000000 		.4byte	0
 12950              	.LLST77:
 12951 0b96 00000000 		.4byte	.LVL219
 12952 0b9a 2A000000 		.4byte	.LVL224
 12953 0b9e 0100     		.2byte	0x1
 12954 0ba0 51       		.byte	0x51
 12955 0ba1 2A000000 		.4byte	.LVL224
 12956 0ba5 64000000 		.4byte	.LFE27
 12957 0ba9 0400     		.2byte	0x4
 12958 0bab F3       		.byte	0xf3
 12959 0bac 01       		.uleb128 0x1
 12960 0bad 51       		.byte	0x51
 12961 0bae 9F       		.byte	0x9f
 12962 0baf 00000000 		.4byte	0
 12963 0bb3 00000000 		.4byte	0
 12964              	.LLST78:
 12965 0bb7 00000000 		.4byte	.LVL219
 12966 0bbb 12000000 		.4byte	.LVL221
 12967 0bbf 0100     		.2byte	0x1
 12968 0bc1 52       		.byte	0x52
 12969 0bc2 12000000 		.4byte	.LVL221
ARM GAS  C:\Users\91819\AppData\Local\Temp\ccy28JmR.s 			page 251


 12970 0bc6 26000000 		.4byte	.LVL222
 12971 0bca 0400     		.2byte	0x4
 12972 0bcc F3       		.byte	0xf3
 12973 0bcd 01       		.uleb128 0x1
 12974 0bce 52       		.byte	0x52
 12975 0bcf 9F       		.byte	0x9f
 12976 0bd0 26000000 		.4byte	.LVL222
 12977 0bd4 42000000 		.4byte	.LVL229
 12978 0bd8 0100     		.2byte	0x1
 12979 0bda 55       		.byte	0x55
 12980 0bdb 42000000 		.4byte	.LVL229
 12981 0bdf 54000000 		.4byte	.LVL232
 12982 0be3 0100     		.2byte	0x1
 12983 0be5 54       		.byte	0x54
 12984 0be6 54000000 		.4byte	.LVL232
 12985 0bea 58000000 		.4byte	.LVL233
 12986 0bee 0100     		.2byte	0x1
 12987 0bf0 55       		.byte	0x55
 12988 0bf1 58000000 		.4byte	.LVL233
 12989 0bf5 5C000000 		.4byte	.LVL234
 12990 0bf9 0100     		.2byte	0x1
 12991 0bfb 54       		.byte	0x54
 12992 0bfc 00000000 		.4byte	0
 12993 0c00 00000000 		.4byte	0
 12994              	.LLST79:
 12995 0c04 00000000 		.4byte	.LVL219
 12996 0c08 06000000 		.4byte	.LVL220
 12997 0c0c 0100     		.2byte	0x1
 12998 0c0e 53       		.byte	0x53
 12999 0c0f 06000000 		.4byte	.LVL220
 13000 0c13 64000000 		.4byte	.LFE27
 13001 0c17 0400     		.2byte	0x4
 13002 0c19 F3       		.byte	0xf3
 13003 0c1a 01       		.uleb128 0x1
 13004 0c1b 53       		.byte	0x53
 13005 0c1c 9F       		.byte	0x9f
 13006 0c1d 00000000 		.4byte	0
 13007 0c21 00000000 		.4byte	0
 13008              	.LLST80:
 13009 0c25 38000000 		.4byte	.LVL226
 13010 0c29 5C000000 		.4byte	.LVL234
 13011 0c2d 0100     		.2byte	0x1
 13012 0c2f 57       		.byte	0x57
 13013 0c30 00000000 		.4byte	0
 13014 0c34 00000000 		.4byte	0
 13015              	.LLST81:
 13016 0c38 3A000000 		.4byte	.LVL227
 13017 0c3c 5C000000 		.4byte	.LVL234
 13018 0c40 0100     		.2byte	0x1
 13019 0c42 56       		.byte	0x56
 13020 0c43 00000000 		.4byte	0
 13021 0c47 00000000 		.4byte	0
 13022              	.LLST82:
 13023 0c4b 00000000 		.4byte	.LVL235
 13024 0c4f 18000000 		.4byte	.LVL237
 13025 0c53 0100     		.2byte	0x1
 13026 0c55 50       		.byte	0x50
ARM GAS  C:\Users\91819\AppData\Local\Temp\ccy28JmR.s 			page 252


 13027 0c56 18000000 		.4byte	.LVL237
 13028 0c5a 36000000 		.4byte	.LVL241
 13029 0c5e 0400     		.2byte	0x4
 13030 0c60 F3       		.byte	0xf3
 13031 0c61 01       		.uleb128 0x1
 13032 0c62 50       		.byte	0x50
 13033 0c63 9F       		.byte	0x9f
 13034 0c64 36000000 		.4byte	.LVL241
 13035 0c68 44000000 		.4byte	.LVL244
 13036 0c6c 0100     		.2byte	0x1
 13037 0c6e 55       		.byte	0x55
 13038 0c6f 46000000 		.4byte	.LVL245
 13039 0c73 A0000000 		.4byte	.LVL264
 13040 0c77 0100     		.2byte	0x1
 13041 0c79 55       		.byte	0x55
 13042 0c7a A2000000 		.4byte	.LVL265
 13043 0c7e AC000000 		.4byte	.LFE28
 13044 0c82 0100     		.2byte	0x1
 13045 0c84 55       		.byte	0x55
 13046 0c85 00000000 		.4byte	0
 13047 0c89 00000000 		.4byte	0
 13048              	.LLST83:
 13049 0c8d 00000000 		.4byte	.LVL235
 13050 0c91 1B000000 		.4byte	.LVL238-1
 13051 0c95 0100     		.2byte	0x1
 13052 0c97 51       		.byte	0x51
 13053 0c98 1B000000 		.4byte	.LVL238-1
 13054 0c9c 36000000 		.4byte	.LVL241
 13055 0ca0 0400     		.2byte	0x4
 13056 0ca2 F3       		.byte	0xf3
 13057 0ca3 01       		.uleb128 0x1
 13058 0ca4 51       		.byte	0x51
 13059 0ca5 9F       		.byte	0x9f
 13060 0ca6 36000000 		.4byte	.LVL241
 13061 0caa 3E000000 		.4byte	.LVL242
 13062 0cae 0100     		.2byte	0x1
 13063 0cb0 56       		.byte	0x56
 13064 0cb1 46000000 		.4byte	.LVL245
 13065 0cb5 96000000 		.4byte	.LVL260
 13066 0cb9 0100     		.2byte	0x1
 13067 0cbb 56       		.byte	0x56
 13068 0cbc 98000000 		.4byte	.LVL261
 13069 0cc0 AC000000 		.4byte	.LFE28
 13070 0cc4 0100     		.2byte	0x1
 13071 0cc6 56       		.byte	0x56
 13072 0cc7 00000000 		.4byte	0
 13073 0ccb 00000000 		.4byte	0
 13074              	.LLST84:
 13075 0ccf 00000000 		.4byte	.LVL235
 13076 0cd3 1B000000 		.4byte	.LVL238-1
 13077 0cd7 0100     		.2byte	0x1
 13078 0cd9 52       		.byte	0x52
 13079 0cda 1B000000 		.4byte	.LVL238-1
 13080 0cde 36000000 		.4byte	.LVL241
 13081 0ce2 0400     		.2byte	0x4
 13082 0ce4 F3       		.byte	0xf3
 13083 0ce5 01       		.uleb128 0x1
ARM GAS  C:\Users\91819\AppData\Local\Temp\ccy28JmR.s 			page 253


 13084 0ce6 52       		.byte	0x52
 13085 0ce7 9F       		.byte	0x9f
 13086 0ce8 36000000 		.4byte	.LVL241
 13087 0cec AC000000 		.4byte	.LFE28
 13088 0cf0 0100     		.2byte	0x1
 13089 0cf2 57       		.byte	0x57
 13090 0cf3 00000000 		.4byte	0
 13091 0cf7 00000000 		.4byte	0
 13092              	.LLST85:
 13093 0cfb 00000000 		.4byte	.LVL235
 13094 0cff 12000000 		.4byte	.LVL236
 13095 0d03 0100     		.2byte	0x1
 13096 0d05 53       		.byte	0x53
 13097 0d06 12000000 		.4byte	.LVL236
 13098 0d0a 36000000 		.4byte	.LVL241
 13099 0d0e 0400     		.2byte	0x4
 13100 0d10 F3       		.byte	0xf3
 13101 0d11 01       		.uleb128 0x1
 13102 0d12 53       		.byte	0x53
 13103 0d13 9F       		.byte	0x9f
 13104 0d14 36000000 		.4byte	.LVL241
 13105 0d18 40000000 		.4byte	.LVL243
 13106 0d1c 0100     		.2byte	0x1
 13107 0d1e 5B       		.byte	0x5b
 13108 0d1f 46000000 		.4byte	.LVL245
 13109 0d23 66000000 		.4byte	.LVL252
 13110 0d27 0100     		.2byte	0x1
 13111 0d29 5B       		.byte	0x5b
 13112 0d2a 68000000 		.4byte	.LVL253
 13113 0d2e 6C000000 		.4byte	.LVL254
 13114 0d32 0100     		.2byte	0x1
 13115 0d34 5B       		.byte	0x5b
 13116 0d35 00000000 		.4byte	0
 13117 0d39 00000000 		.4byte	0
 13118              	.LLST86:
 13119 0d3d 26000000 		.4byte	.LVL240
 13120 0d41 52000000 		.4byte	.LVL247
 13121 0d45 0900     		.2byte	0x9
 13122 0d47 78       		.byte	0x78
 13123 0d48 00       		.sleb128 0
 13124 0d49 70       		.byte	0x70
 13125 0d4a 00       		.sleb128 0
 13126 0d4b 2B       		.byte	0x2b
 13127 0d4c 08       		.byte	0x8
 13128 0d4d FF       		.byte	0xff
 13129 0d4e 1A       		.byte	0x1a
 13130 0d4f 9F       		.byte	0x9f
 13131 0d50 52000000 		.4byte	.LVL247
 13132 0d54 AC000000 		.4byte	.LFE28
 13133 0d58 0900     		.2byte	0x9
 13134 0d5a 78       		.byte	0x78
 13135 0d5b 00       		.sleb128 0
 13136 0d5c 79       		.byte	0x79
 13137 0d5d 00       		.sleb128 0
 13138 0d5e 2B       		.byte	0x2b
 13139 0d5f 08       		.byte	0x8
 13140 0d60 FF       		.byte	0xff
ARM GAS  C:\Users\91819\AppData\Local\Temp\ccy28JmR.s 			page 254


 13141 0d61 1A       		.byte	0x1a
 13142 0d62 9F       		.byte	0x9f
 13143 0d63 00000000 		.4byte	0
 13144 0d67 00000000 		.4byte	0
 13145              	.LLST87:
 13146 0d6b 4E000000 		.4byte	.LVL246
 13147 0d6f 5C000000 		.4byte	.LVL250
 13148 0d73 0100     		.2byte	0x1
 13149 0d75 54       		.byte	0x54
 13150 0d76 5C000000 		.4byte	.LVL250
 13151 0d7a AC000000 		.4byte	.LFE28
 13152 0d7e 0200     		.2byte	0x2
 13153 0d80 91       		.byte	0x91
 13154 0d81 54       		.sleb128 -44
 13155 0d82 00000000 		.4byte	0
 13156 0d86 00000000 		.4byte	0
 13157              	.LLST88:
 13158 0d8a 5E000000 		.4byte	.LVL251
 13159 0d8e 8C000000 		.4byte	.LVL258
 13160 0d92 0100     		.2byte	0x1
 13161 0d94 54       		.byte	0x54
 13162 0d95 90000000 		.4byte	.LVL259
 13163 0d99 9C000000 		.4byte	.LVL262
 13164 0d9d 0100     		.2byte	0x1
 13165 0d9f 54       		.byte	0x54
 13166 0da0 9C000000 		.4byte	.LVL262
 13167 0da4 9E000000 		.4byte	.LVL263
 13168 0da8 0100     		.2byte	0x1
 13169 0daa 53       		.byte	0x53
 13170 0dab 9E000000 		.4byte	.LVL263
 13171 0daf AC000000 		.4byte	.LFE28
 13172 0db3 0100     		.2byte	0x1
 13173 0db5 54       		.byte	0x54
 13174 0db6 00000000 		.4byte	0
 13175 0dba 00000000 		.4byte	0
 13176              	.LLST89:
 13177 0dbe 00000000 		.4byte	.LVL266
 13178 0dc2 0C000000 		.4byte	.LVL267
 13179 0dc6 0100     		.2byte	0x1
 13180 0dc8 50       		.byte	0x50
 13181 0dc9 0C000000 		.4byte	.LVL267
 13182 0dcd 12000000 		.4byte	.LFE29
 13183 0dd1 0400     		.2byte	0x4
 13184 0dd3 F3       		.byte	0xf3
 13185 0dd4 01       		.uleb128 0x1
 13186 0dd5 50       		.byte	0x50
 13187 0dd6 9F       		.byte	0x9f
 13188 0dd7 00000000 		.4byte	0
 13189 0ddb 00000000 		.4byte	0
 13190              	.LLST90:
 13191 0ddf 00000000 		.4byte	.LVL269
 13192 0de3 31000000 		.4byte	.LVL275-1
 13193 0de7 0100     		.2byte	0x1
 13194 0de9 50       		.byte	0x50
 13195 0dea 31000000 		.4byte	.LVL275-1
 13196 0dee 38010000 		.4byte	.LFE30
 13197 0df2 0400     		.2byte	0x4
ARM GAS  C:\Users\91819\AppData\Local\Temp\ccy28JmR.s 			page 255


 13198 0df4 F3       		.byte	0xf3
 13199 0df5 01       		.uleb128 0x1
 13200 0df6 50       		.byte	0x50
 13201 0df7 9F       		.byte	0x9f
 13202 0df8 00000000 		.4byte	0
 13203 0dfc 00000000 		.4byte	0
 13204              	.LLST91:
 13205 0e00 00000000 		.4byte	.LVL269
 13206 0e04 2A000000 		.4byte	.LVL274
 13207 0e08 0100     		.2byte	0x1
 13208 0e0a 51       		.byte	0x51
 13209 0e0b 2A000000 		.4byte	.LVL274
 13210 0e0f 38010000 		.4byte	.LFE30
 13211 0e13 0100     		.2byte	0x1
 13212 0e15 5B       		.byte	0x5b
 13213 0e16 00000000 		.4byte	0
 13214 0e1a 00000000 		.4byte	0
 13215              	.LLST92:
 13216 0e1e 00000000 		.4byte	.LVL269
 13217 0e22 1C000000 		.4byte	.LVL271
 13218 0e26 0100     		.2byte	0x1
 13219 0e28 52       		.byte	0x52
 13220 0e29 1C000000 		.4byte	.LVL271
 13221 0e2d 6A000000 		.4byte	.LVL279
 13222 0e31 0100     		.2byte	0x1
 13223 0e33 55       		.byte	0x55
 13224 0e34 6A000000 		.4byte	.LVL279
 13225 0e38 38010000 		.4byte	.LFE30
 13226 0e3c 0400     		.2byte	0x4
 13227 0e3e F3       		.byte	0xf3
 13228 0e3f 01       		.uleb128 0x1
 13229 0e40 52       		.byte	0x52
 13230 0e41 9F       		.byte	0x9f
 13231 0e42 00000000 		.4byte	0
 13232 0e46 00000000 		.4byte	0
 13233              	.LLST93:
 13234 0e4a 00000000 		.4byte	.LVL269
 13235 0e4e 1E000000 		.4byte	.LVL272
 13236 0e52 0100     		.2byte	0x1
 13237 0e54 53       		.byte	0x53
 13238 0e55 1E000000 		.4byte	.LVL272
 13239 0e59 38010000 		.4byte	.LFE30
 13240 0e5d 0400     		.2byte	0x4
 13241 0e5f F3       		.byte	0xf3
 13242 0e60 01       		.uleb128 0x1
 13243 0e61 53       		.byte	0x53
 13244 0e62 9F       		.byte	0x9f
 13245 0e63 00000000 		.4byte	0
 13246 0e67 00000000 		.4byte	0
 13247              	.LLST94:
 13248 0e6b 18000000 		.4byte	.LVL270
 13249 0e6f 82000000 		.4byte	.LVL282
 13250 0e73 0100     		.2byte	0x1
 13251 0e75 54       		.byte	0x54
 13252 0e76 84000000 		.4byte	.LVL283
 13253 0e7a 9A000000 		.4byte	.LVL286
 13254 0e7e 0100     		.2byte	0x1
ARM GAS  C:\Users\91819\AppData\Local\Temp\ccy28JmR.s 			page 256


 13255 0e80 54       		.byte	0x54
 13256 0e81 9C000000 		.4byte	.LVL287
 13257 0e85 38010000 		.4byte	.LFE30
 13258 0e89 0100     		.2byte	0x1
 13259 0e8b 54       		.byte	0x54
 13260 0e8c 00000000 		.4byte	0
 13261 0e90 00000000 		.4byte	0
 13262              	.LLST95:
 13263 0e94 18000000 		.4byte	.LVL270
 13264 0e98 6A000000 		.4byte	.LVL279
 13265 0e9c 0200     		.2byte	0x2
 13266 0e9e 31       		.byte	0x31
 13267 0e9f 9F       		.byte	0x9f
 13268 0ea0 6A000000 		.4byte	.LVL279
 13269 0ea4 38010000 		.4byte	.LFE30
 13270 0ea8 0200     		.2byte	0x2
 13271 0eaa 91       		.byte	0x91
 13272 0eab 4C       		.sleb128 -52
 13273 0eac 00000000 		.4byte	0
 13274 0eb0 00000000 		.4byte	0
 13275              	.LLST96:
 13276 0eb4 22000000 		.4byte	.LVL273
 13277 0eb8 6A000000 		.4byte	.LVL279
 13278 0ebc 0200     		.2byte	0x2
 13279 0ebe 30       		.byte	0x30
 13280 0ebf 9F       		.byte	0x9f
 13281 0ec0 6A000000 		.4byte	.LVL279
 13282 0ec4 38010000 		.4byte	.LFE30
 13283 0ec8 0100     		.2byte	0x1
 13284 0eca 59       		.byte	0x59
 13285 0ecb 00000000 		.4byte	0
 13286 0ecf 00000000 		.4byte	0
 13287              	.LLST97:
 13288 0ed3 00000000 		.4byte	.LVL296
 13289 0ed7 1B000000 		.4byte	.LVL300-1
 13290 0edb 0100     		.2byte	0x1
 13291 0edd 50       		.byte	0x50
 13292 0ede 1B000000 		.4byte	.LVL300-1
 13293 0ee2 32000000 		.4byte	.LFE32
 13294 0ee6 0400     		.2byte	0x4
 13295 0ee8 F3       		.byte	0xf3
 13296 0ee9 01       		.uleb128 0x1
 13297 0eea 50       		.byte	0x50
 13298 0eeb 9F       		.byte	0x9f
 13299 0eec 00000000 		.4byte	0
 13300 0ef0 00000000 		.4byte	0
 13301              	.LLST98:
 13302 0ef4 00000000 		.4byte	.LVL296
 13303 0ef8 0E000000 		.4byte	.LVL297
 13304 0efc 0100     		.2byte	0x1
 13305 0efe 51       		.byte	0x51
 13306 0eff 0E000000 		.4byte	.LVL297
 13307 0f03 32000000 		.4byte	.LFE32
 13308 0f07 0400     		.2byte	0x4
 13309 0f09 F3       		.byte	0xf3
 13310 0f0a 01       		.uleb128 0x1
 13311 0f0b 51       		.byte	0x51
ARM GAS  C:\Users\91819\AppData\Local\Temp\ccy28JmR.s 			page 257


 13312 0f0c 9F       		.byte	0x9f
 13313 0f0d 00000000 		.4byte	0
 13314 0f11 00000000 		.4byte	0
 13315              	.LLST99:
 13316 0f15 00000000 		.4byte	.LVL296
 13317 0f19 10000000 		.4byte	.LVL298
 13318 0f1d 0100     		.2byte	0x1
 13319 0f1f 52       		.byte	0x52
 13320 0f20 10000000 		.4byte	.LVL298
 13321 0f24 14000000 		.4byte	.LVL299
 13322 0f28 0100     		.2byte	0x1
 13323 0f2a 51       		.byte	0x51
 13324 0f2b 14000000 		.4byte	.LVL299
 13325 0f2f 32000000 		.4byte	.LFE32
 13326 0f33 0400     		.2byte	0x4
 13327 0f35 F3       		.byte	0xf3
 13328 0f36 01       		.uleb128 0x1
 13329 0f37 52       		.byte	0x52
 13330 0f38 9F       		.byte	0x9f
 13331 0f39 00000000 		.4byte	0
 13332 0f3d 00000000 		.4byte	0
 13333              	.LLST100:
 13334 0f41 00000000 		.4byte	.LVL296
 13335 0f45 1B000000 		.4byte	.LVL300-1
 13336 0f49 0100     		.2byte	0x1
 13337 0f4b 53       		.byte	0x53
 13338 0f4c 1B000000 		.4byte	.LVL300-1
 13339 0f50 32000000 		.4byte	.LFE32
 13340 0f54 0400     		.2byte	0x4
 13341 0f56 F3       		.byte	0xf3
 13342 0f57 01       		.uleb128 0x1
 13343 0f58 53       		.byte	0x53
 13344 0f59 9F       		.byte	0x9f
 13345 0f5a 00000000 		.4byte	0
 13346 0f5e 00000000 		.4byte	0
 13347              	.LLST101:
 13348 0f62 00000000 		.4byte	.LVL302
 13349 0f66 1F000000 		.4byte	.LVL303-1
 13350 0f6a 0100     		.2byte	0x1
 13351 0f6c 50       		.byte	0x50
 13352 0f6d 1F000000 		.4byte	.LVL303-1
 13353 0f71 42000000 		.4byte	.LFE34
 13354 0f75 0400     		.2byte	0x4
 13355 0f77 F3       		.byte	0xf3
 13356 0f78 01       		.uleb128 0x1
 13357 0f79 50       		.byte	0x50
 13358 0f7a 9F       		.byte	0x9f
 13359 0f7b 00000000 		.4byte	0
 13360 0f7f 00000000 		.4byte	0
 13361              	.LLST102:
 13362 0f83 00000000 		.4byte	.LVL302
 13363 0f87 1F000000 		.4byte	.LVL303-1
 13364 0f8b 0100     		.2byte	0x1
 13365 0f8d 51       		.byte	0x51
 13366 0f8e 1F000000 		.4byte	.LVL303-1
 13367 0f92 42000000 		.4byte	.LFE34
 13368 0f96 0400     		.2byte	0x4
ARM GAS  C:\Users\91819\AppData\Local\Temp\ccy28JmR.s 			page 258


 13369 0f98 F3       		.byte	0xf3
 13370 0f99 01       		.uleb128 0x1
 13371 0f9a 51       		.byte	0x51
 13372 0f9b 9F       		.byte	0x9f
 13373 0f9c 00000000 		.4byte	0
 13374 0fa0 00000000 		.4byte	0
 13375              	.LLST103:
 13376 0fa4 00000000 		.4byte	.LVL302
 13377 0fa8 1F000000 		.4byte	.LVL303-1
 13378 0fac 0100     		.2byte	0x1
 13379 0fae 52       		.byte	0x52
 13380 0faf 1F000000 		.4byte	.LVL303-1
 13381 0fb3 42000000 		.4byte	.LFE34
 13382 0fb7 0400     		.2byte	0x4
 13383 0fb9 F3       		.byte	0xf3
 13384 0fba 01       		.uleb128 0x1
 13385 0fbb 52       		.byte	0x52
 13386 0fbc 9F       		.byte	0x9f
 13387 0fbd 00000000 		.4byte	0
 13388 0fc1 00000000 		.4byte	0
 13389              	.LLST104:
 13390 0fc5 00000000 		.4byte	.LVL302
 13391 0fc9 1F000000 		.4byte	.LVL303-1
 13392 0fcd 0100     		.2byte	0x1
 13393 0fcf 53       		.byte	0x53
 13394 0fd0 1F000000 		.4byte	.LVL303-1
 13395 0fd4 42000000 		.4byte	.LFE34
 13396 0fd8 0400     		.2byte	0x4
 13397 0fda F3       		.byte	0xf3
 13398 0fdb 01       		.uleb128 0x1
 13399 0fdc 53       		.byte	0x53
 13400 0fdd 9F       		.byte	0x9f
 13401 0fde 00000000 		.4byte	0
 13402 0fe2 00000000 		.4byte	0
 13403              	.LLST105:
 13404 0fe6 00000000 		.4byte	.LVL306
 13405 0fea 28000000 		.4byte	.LVL308
 13406 0fee 0100     		.2byte	0x1
 13407 0ff0 50       		.byte	0x50
 13408 0ff1 28000000 		.4byte	.LVL308
 13409 0ff5 2A000000 		.4byte	.LVL309
 13410 0ff9 0400     		.2byte	0x4
 13411 0ffb F3       		.byte	0xf3
 13412 0ffc 01       		.uleb128 0x1
 13413 0ffd 50       		.byte	0x50
 13414 0ffe 9F       		.byte	0x9f
 13415 0fff 2A000000 		.4byte	.LVL309
 13416 1003 4C000000 		.4byte	.LVL315
 13417 1007 0100     		.2byte	0x1
 13418 1009 50       		.byte	0x50
 13419 100a 4E000000 		.4byte	.LVL316
 13420 100e 64000000 		.4byte	.LVL321
 13421 1012 0100     		.2byte	0x1
 13422 1014 50       		.byte	0x50
 13423 1015 86000000 		.4byte	.LVL328
 13424 1019 A6000000 		.4byte	.LVL330
 13425 101d 0100     		.2byte	0x1
ARM GAS  C:\Users\91819\AppData\Local\Temp\ccy28JmR.s 			page 259


 13426 101f 50       		.byte	0x50
 13427 1020 A6000000 		.4byte	.LVL330
 13428 1024 70010000 		.4byte	.LVL367
 13429 1028 0100     		.2byte	0x1
 13430 102a 57       		.byte	0x57
 13431 102b 00000000 		.4byte	0
 13432 102f 00000000 		.4byte	0
 13433              	.LLST106:
 13434 1033 00000000 		.4byte	.LVL306
 13435 1037 2A000000 		.4byte	.LVL309
 13436 103b 0100     		.2byte	0x1
 13437 103d 51       		.byte	0x51
 13438 103e 2A000000 		.4byte	.LVL309
 13439 1042 46000000 		.4byte	.LVL313
 13440 1046 0200     		.2byte	0x2
 13441 1048 91       		.byte	0x91
 13442 1049 48       		.sleb128 -56
 13443 104a 4E000000 		.4byte	.LVL316
 13444 104e 76010000 		.4byte	.LFE35
 13445 1052 0200     		.2byte	0x2
 13446 1054 91       		.byte	0x91
 13447 1055 48       		.sleb128 -56
 13448 1056 00000000 		.4byte	0
 13449 105a 00000000 		.4byte	0
 13450              	.LLST107:
 13451 105e 00000000 		.4byte	.LVL306
 13452 1062 2A000000 		.4byte	.LVL309
 13453 1066 0100     		.2byte	0x1
 13454 1068 52       		.byte	0x52
 13455 1069 2A000000 		.4byte	.LVL309
 13456 106d 3A000000 		.4byte	.LVL311
 13457 1071 0100     		.2byte	0x1
 13458 1073 52       		.byte	0x52
 13459 1074 3C000000 		.4byte	.LVL312
 13460 1078 5C000000 		.4byte	.LVL318
 13461 107c 0100     		.2byte	0x1
 13462 107e 52       		.byte	0x52
 13463 107f 5E000000 		.4byte	.LVL319
 13464 1083 62000000 		.4byte	.LVL320
 13465 1087 0100     		.2byte	0x1
 13466 1089 52       		.byte	0x52
 13467 108a 86000000 		.4byte	.LVL328
 13468 108e BC000000 		.4byte	.LVL334
 13469 1092 0100     		.2byte	0x1
 13470 1094 52       		.byte	0x52
 13471 1095 BC000000 		.4byte	.LVL334
 13472 1099 70010000 		.4byte	.LVL367
 13473 109d 0300     		.2byte	0x3
 13474 109f 91       		.byte	0x91
 13475 10a0 BC7F     		.sleb128 -68
 13476 10a2 00000000 		.4byte	0
 13477 10a6 00000000 		.4byte	0
 13478              	.LLST108:
 13479 10aa 00000000 		.4byte	.LVL306
 13480 10ae 26000000 		.4byte	.LVL307
 13481 10b2 0100     		.2byte	0x1
 13482 10b4 53       		.byte	0x53
ARM GAS  C:\Users\91819\AppData\Local\Temp\ccy28JmR.s 			page 260


 13483 10b5 26000000 		.4byte	.LVL307
 13484 10b9 2A000000 		.4byte	.LVL309
 13485 10bd 0400     		.2byte	0x4
 13486 10bf F3       		.byte	0xf3
 13487 10c0 01       		.uleb128 0x1
 13488 10c1 53       		.byte	0x53
 13489 10c2 9F       		.byte	0x9f
 13490 10c3 2A000000 		.4byte	.LVL309
 13491 10c7 34000000 		.4byte	.LVL310
 13492 10cb 0200     		.2byte	0x2
 13493 10cd 91       		.byte	0x91
 13494 10ce 4C       		.sleb128 -52
 13495 10cf 3C000000 		.4byte	.LVL312
 13496 10d3 48000000 		.4byte	.LVL314
 13497 10d7 0200     		.2byte	0x2
 13498 10d9 91       		.byte	0x91
 13499 10da 4C       		.sleb128 -52
 13500 10db 4E000000 		.4byte	.LVL316
 13501 10df 76010000 		.4byte	.LFE35
 13502 10e3 0200     		.2byte	0x2
 13503 10e5 91       		.byte	0x91
 13504 10e6 4C       		.sleb128 -52
 13505 10e7 00000000 		.4byte	0
 13506 10eb 00000000 		.4byte	0
 13507              	.LLST109:
 13508 10ef 00000000 		.4byte	.LVL306
 13509 10f3 3C000000 		.4byte	.LVL312
 13510 10f7 0200     		.2byte	0x2
 13511 10f9 91       		.byte	0x91
 13512 10fa 00       		.sleb128 0
 13513 10fb 3C000000 		.4byte	.LVL312
 13514 10ff 6E000000 		.4byte	.LVL322
 13515 1103 0100     		.2byte	0x1
 13516 1105 55       		.byte	0x55
 13517 1106 70000000 		.4byte	.LVL323
 13518 110a 74000000 		.4byte	.LVL325
 13519 110e 0100     		.2byte	0x1
 13520 1110 55       		.byte	0x55
 13521 1111 86000000 		.4byte	.LVL328
 13522 1115 BA000000 		.4byte	.LVL333
 13523 1119 0100     		.2byte	0x1
 13524 111b 55       		.byte	0x55
 13525 111c 00000000 		.4byte	0
 13526 1120 00000000 		.4byte	0
 13527              	.LLST110:
 13528 1124 00000000 		.4byte	.LVL306
 13529 1128 3C000000 		.4byte	.LVL312
 13530 112c 0200     		.2byte	0x2
 13531 112e 91       		.byte	0x91
 13532 112f 04       		.sleb128 4
 13533 1130 3C000000 		.4byte	.LVL312
 13534 1134 E4000000 		.4byte	.LVL340
 13535 1138 0100     		.2byte	0x1
 13536 113a 59       		.byte	0x59
 13537 113b 00000000 		.4byte	0
 13538 113f 00000000 		.4byte	0
 13539              	.LLST111:
ARM GAS  C:\Users\91819\AppData\Local\Temp\ccy28JmR.s 			page 261


 13540 1143 54000000 		.4byte	.LVL317
 13541 1147 64000000 		.4byte	.LVL321
 13542 114b 0100     		.2byte	0x1
 13543 114d 50       		.byte	0x50
 13544 114e 64000000 		.4byte	.LVL321
 13545 1152 74000000 		.4byte	.LVL325
 13546 1156 0100     		.2byte	0x1
 13547 1158 52       		.byte	0x52
 13548 1159 74000000 		.4byte	.LVL325
 13549 115d 86000000 		.4byte	.LVL328
 13550 1161 0100     		.2byte	0x1
 13551 1163 55       		.byte	0x55
 13552 1164 EE000000 		.4byte	.LVL342
 13553 1168 06010000 		.4byte	.LVL347
 13554 116c 0100     		.2byte	0x1
 13555 116e 52       		.byte	0x52
 13556 116f 06010000 		.4byte	.LVL347
 13557 1173 13010000 		.4byte	.LVL349-1
 13558 1177 0100     		.2byte	0x1
 13559 1179 50       		.byte	0x50
 13560 117a 44010000 		.4byte	.LVL357
 13561 117e 5A010000 		.4byte	.LVL362
 13562 1182 0100     		.2byte	0x1
 13563 1184 52       		.byte	0x52
 13564 1185 5A010000 		.4byte	.LVL362
 13565 1189 67010000 		.4byte	.LVL364-1
 13566 118d 0100     		.2byte	0x1
 13567 118f 50       		.byte	0x50
 13568 1190 00000000 		.4byte	0
 13569 1194 00000000 		.4byte	0
 13570              	.LLST112:
 13571 1198 54000000 		.4byte	.LVL317
 13572 119c 72000000 		.4byte	.LVL324
 13573 11a0 0100     		.2byte	0x1
 13574 11a2 50       		.byte	0x50
 13575 11a3 74000000 		.4byte	.LVL325
 13576 11a7 76000000 		.4byte	.LVL326
 13577 11ab 0100     		.2byte	0x1
 13578 11ad 50       		.byte	0x50
 13579 11ae F6000000 		.4byte	.LVL343
 13580 11b2 04010000 		.4byte	.LVL346
 13581 11b6 0100     		.2byte	0x1
 13582 11b8 50       		.byte	0x50
 13583 11b9 04010000 		.4byte	.LVL346
 13584 11bd 06010000 		.4byte	.LVL347
 13585 11c1 0100     		.2byte	0x1
 13586 11c3 53       		.byte	0x53
 13587 11c4 06010000 		.4byte	.LVL347
 13588 11c8 08010000 		.4byte	.LVL348
 13589 11cc 0100     		.2byte	0x1
 13590 11ce 52       		.byte	0x52
 13591 11cf 4C010000 		.4byte	.LVL358
 13592 11d3 58010000 		.4byte	.LVL361
 13593 11d7 0100     		.2byte	0x1
 13594 11d9 50       		.byte	0x50
 13595 11da 58010000 		.4byte	.LVL361
 13596 11de 5A010000 		.4byte	.LVL362
ARM GAS  C:\Users\91819\AppData\Local\Temp\ccy28JmR.s 			page 262


 13597 11e2 0100     		.2byte	0x1
 13598 11e4 53       		.byte	0x53
 13599 11e5 5A010000 		.4byte	.LVL362
 13600 11e9 5C010000 		.4byte	.LVL363
 13601 11ed 0100     		.2byte	0x1
 13602 11ef 52       		.byte	0x52
 13603 11f0 00000000 		.4byte	0
 13604 11f4 00000000 		.4byte	0
 13605              	.LLST113:
 13606 11f8 D8000000 		.4byte	.LVL339
 13607 11fc E6000000 		.4byte	.LVL341
 13608 1200 0200     		.2byte	0x2
 13609 1202 91       		.byte	0x91
 13610 1203 48       		.sleb128 -56
 13611 1204 E6000000 		.4byte	.LVL341
 13612 1208 16010000 		.4byte	.LVL350
 13613 120c 0100     		.2byte	0x1
 13614 120e 54       		.byte	0x54
 13615 120f 18010000 		.4byte	.LVL351
 13616 1213 6A010000 		.4byte	.LVL365
 13617 1217 0100     		.2byte	0x1
 13618 1219 54       		.byte	0x54
 13619 121a 6C010000 		.4byte	.LVL366
 13620 121e 70010000 		.4byte	.LVL367
 13621 1222 0100     		.2byte	0x1
 13622 1224 54       		.byte	0x54
 13623 1225 00000000 		.4byte	0
 13624 1229 00000000 		.4byte	0
 13625              	.LLST114:
 13626 122d D2000000 		.4byte	.LVL337
 13627 1231 D4000000 		.4byte	.LVL338
 13628 1235 0100     		.2byte	0x1
 13629 1237 5B       		.byte	0x5b
 13630 1238 D8000000 		.4byte	.LVL339
 13631 123c 24010000 		.4byte	.LVL353
 13632 1240 0100     		.2byte	0x1
 13633 1242 5B       		.byte	0x5b
 13634 1243 00000000 		.4byte	0
 13635 1247 00000000 		.4byte	0
 13636              	.LLST115:
 13637 124b 94000000 		.4byte	.LVL329
 13638 124f 70010000 		.4byte	.LVL367
 13639 1253 0200     		.2byte	0x2
 13640 1255 91       		.byte	0x91
 13641 1256 40       		.sleb128 -64
 13642 1257 00000000 		.4byte	0
 13643 125b 00000000 		.4byte	0
 13644              	.LLST116:
 13645 125f A6000000 		.4byte	.LVL330
 13646 1263 E6000000 		.4byte	.LVL341
 13647 1267 0100     		.2byte	0x1
 13648 1269 50       		.byte	0x50
 13649 126a E6000000 		.4byte	.LVL341
 13650 126e 20010000 		.4byte	.LVL352
 13651 1272 0100     		.2byte	0x1
 13652 1274 59       		.byte	0x59
 13653 1275 20010000 		.4byte	.LVL352
ARM GAS  C:\Users\91819\AppData\Local\Temp\ccy28JmR.s 			page 263


 13654 1279 70010000 		.4byte	.LVL367
 13655 127d 1200     		.2byte	0x12
 13656 127f 91       		.byte	0x91
 13657 1280 4C       		.sleb128 -52
 13658 1281 94       		.byte	0x94
 13659 1282 02       		.byte	0x2
 13660 1283 0A       		.byte	0xa
 13661 1284 FFFF     		.2byte	0xffff
 13662 1286 1A       		.byte	0x1a
 13663 1287 91       		.byte	0x91
 13664 1288 48       		.sleb128 -56
 13665 1289 94       		.byte	0x94
 13666 128a 02       		.byte	0x2
 13667 128b 0A       		.byte	0xa
 13668 128c FFFF     		.2byte	0xffff
 13669 128e 1A       		.byte	0x1a
 13670 128f 1C       		.byte	0x1c
 13671 1290 9F       		.byte	0x9f
 13672 1291 00000000 		.4byte	0
 13673 1295 00000000 		.4byte	0
 13674              	.LLST117:
 13675 1299 AC000000 		.4byte	.LVL331
 13676 129d 36010000 		.4byte	.LVL356
 13677 12a1 0100     		.2byte	0x1
 13678 12a3 56       		.byte	0x56
 13679 12a4 36010000 		.4byte	.LVL356
 13680 12a8 70010000 		.4byte	.LVL367
 13681 12ac 0100     		.2byte	0x1
 13682 12ae 5A       		.byte	0x5a
 13683 12af 00000000 		.4byte	0
 13684 12b3 00000000 		.4byte	0
 13685              	.LLST118:
 13686 12b7 B8000000 		.4byte	.LVL332
 13687 12bb 70010000 		.4byte	.LVL367
 13688 12bf 0100     		.2byte	0x1
 13689 12c1 58       		.byte	0x58
 13690 12c2 00000000 		.4byte	0
 13691 12c6 00000000 		.4byte	0
 13692              	.LLST119:
 13693 12ca BE000000 		.4byte	.LVL335
 13694 12ce 70010000 		.4byte	.LVL367
 13695 12d2 0200     		.2byte	0x2
 13696 12d4 91       		.byte	0x91
 13697 12d5 50       		.sleb128 -48
 13698 12d6 00000000 		.4byte	0
 13699 12da 00000000 		.4byte	0
 13700              	.LLST120:
 13701 12de C6000000 		.4byte	.LVL336
 13702 12e2 70010000 		.4byte	.LVL367
 13703 12e6 0200     		.2byte	0x2
 13704 12e8 91       		.byte	0x91
 13705 12e9 44       		.sleb128 -60
 13706 12ea 00000000 		.4byte	0
 13707 12ee 00000000 		.4byte	0
 13708              	.LLST121:
 13709 12f2 C6000000 		.4byte	.LVL336
 13710 12f6 E6000000 		.4byte	.LVL341
ARM GAS  C:\Users\91819\AppData\Local\Temp\ccy28JmR.s 			page 264


 13711 12fa 0200     		.2byte	0x2
 13712 12fc 30       		.byte	0x30
 13713 12fd 9F       		.byte	0x9f
 13714 12fe E6000000 		.4byte	.LVL341
 13715 1302 2C010000 		.4byte	.LVL355
 13716 1306 0100     		.2byte	0x1
 13717 1308 5A       		.byte	0x5a
 13718 1309 2C010000 		.4byte	.LVL355
 13719 130d 70010000 		.4byte	.LVL367
 13720 1311 0100     		.2byte	0x1
 13721 1313 55       		.byte	0x55
 13722 1314 00000000 		.4byte	0
 13723 1318 00000000 		.4byte	0
 13724              	.LLST122:
 13725 131c C6000000 		.4byte	.LVL336
 13726 1320 E6000000 		.4byte	.LVL341
 13727 1324 0200     		.2byte	0x2
 13728 1326 30       		.byte	0x30
 13729 1327 9F       		.byte	0x9f
 13730 1328 E6000000 		.4byte	.LVL341
 13731 132c 28010000 		.4byte	.LVL354
 13732 1330 0100     		.2byte	0x1
 13733 1332 55       		.byte	0x55
 13734 1333 36010000 		.4byte	.LVL356
 13735 1337 70010000 		.4byte	.LVL367
 13736 133b 0100     		.2byte	0x1
 13737 133d 56       		.byte	0x56
 13738 133e 00000000 		.4byte	0
 13739 1342 00000000 		.4byte	0
 13740              	.LLST123:
 13741 1346 00000000 		.4byte	.LVL368
 13742 134a 3E000000 		.4byte	.LVL371
 13743 134e 0100     		.2byte	0x1
 13744 1350 50       		.byte	0x50
 13745 1351 3E000000 		.4byte	.LVL371
 13746 1355 DC000000 		.4byte	.LFE36
 13747 1359 0400     		.2byte	0x4
 13748 135b F3       		.byte	0xf3
 13749 135c 01       		.uleb128 0x1
 13750 135d 50       		.byte	0x50
 13751 135e 9F       		.byte	0x9f
 13752 135f 00000000 		.4byte	0
 13753 1363 00000000 		.4byte	0
 13754              	.LLST124:
 13755 1367 00000000 		.4byte	.LVL368
 13756 136b 41000000 		.4byte	.LVL372-1
 13757 136f 0100     		.2byte	0x1
 13758 1371 51       		.byte	0x51
 13759 1372 41000000 		.4byte	.LVL372-1
 13760 1376 DC000000 		.4byte	.LFE36
 13761 137a 0400     		.2byte	0x4
 13762 137c F3       		.byte	0xf3
 13763 137d 01       		.uleb128 0x1
 13764 137e 51       		.byte	0x51
 13765 137f 9F       		.byte	0x9f
 13766 1380 00000000 		.4byte	0
 13767 1384 00000000 		.4byte	0
ARM GAS  C:\Users\91819\AppData\Local\Temp\ccy28JmR.s 			page 265


 13768              	.LLST125:
 13769 1388 00000000 		.4byte	.LVL368
 13770 138c 36000000 		.4byte	.LVL370
 13771 1390 0100     		.2byte	0x1
 13772 1392 52       		.byte	0x52
 13773 1393 36000000 		.4byte	.LVL370
 13774 1397 70000000 		.4byte	.LVL375
 13775 139b 0100     		.2byte	0x1
 13776 139d 54       		.byte	0x54
 13777 139e 70000000 		.4byte	.LVL375
 13778 13a2 DC000000 		.4byte	.LFE36
 13779 13a6 0400     		.2byte	0x4
 13780 13a8 F3       		.byte	0xf3
 13781 13a9 01       		.uleb128 0x1
 13782 13aa 52       		.byte	0x52
 13783 13ab 9F       		.byte	0x9f
 13784 13ac 00000000 		.4byte	0
 13785 13b0 00000000 		.4byte	0
 13786              	.LLST126:
 13787 13b4 00000000 		.4byte	.LVL368
 13788 13b8 0E000000 		.4byte	.LVL369
 13789 13bc 0100     		.2byte	0x1
 13790 13be 53       		.byte	0x53
 13791 13bf 0E000000 		.4byte	.LVL369
 13792 13c3 DC000000 		.4byte	.LFE36
 13793 13c7 0400     		.2byte	0x4
 13794 13c9 F3       		.byte	0xf3
 13795 13ca 01       		.uleb128 0x1
 13796 13cb 53       		.byte	0x53
 13797 13cc 9F       		.byte	0x9f
 13798 13cd 00000000 		.4byte	0
 13799 13d1 00000000 		.4byte	0
 13800              	.LLST127:
 13801 13d5 00000000 		.4byte	.LVL381
 13802 13d9 36000000 		.4byte	.LVL383
 13803 13dd 0100     		.2byte	0x1
 13804 13df 50       		.byte	0x50
 13805 13e0 36000000 		.4byte	.LVL383
 13806 13e4 82000000 		.4byte	.LFE37
 13807 13e8 0100     		.2byte	0x1
 13808 13ea 5B       		.byte	0x5b
 13809 13eb 00000000 		.4byte	0
 13810 13ef 00000000 		.4byte	0
 13811              	.LLST128:
 13812 13f3 00000000 		.4byte	.LVL381
 13813 13f7 39000000 		.4byte	.LVL384-1
 13814 13fb 0100     		.2byte	0x1
 13815 13fd 51       		.byte	0x51
 13816 13fe 39000000 		.4byte	.LVL384-1
 13817 1402 82000000 		.4byte	.LFE37
 13818 1406 0400     		.2byte	0x4
 13819 1408 F3       		.byte	0xf3
 13820 1409 01       		.uleb128 0x1
 13821 140a 51       		.byte	0x51
 13822 140b 9F       		.byte	0x9f
 13823 140c 00000000 		.4byte	0
 13824 1410 00000000 		.4byte	0
ARM GAS  C:\Users\91819\AppData\Local\Temp\ccy28JmR.s 			page 266


 13825              	.LLST129:
 13826 1414 00000000 		.4byte	.LVL381
 13827 1418 2E000000 		.4byte	.LVL382
 13828 141c 0100     		.2byte	0x1
 13829 141e 52       		.byte	0x52
 13830 141f 2E000000 		.4byte	.LVL382
 13831 1423 82000000 		.4byte	.LFE37
 13832 1427 0100     		.2byte	0x1
 13833 1429 54       		.byte	0x54
 13834 142a 00000000 		.4byte	0
 13835 142e 00000000 		.4byte	0
 13836              	.LLST130:
 13837 1432 00000000 		.4byte	.LVL381
 13838 1436 39000000 		.4byte	.LVL384-1
 13839 143a 0100     		.2byte	0x1
 13840 143c 53       		.byte	0x53
 13841 143d 39000000 		.4byte	.LVL384-1
 13842 1441 82000000 		.4byte	.LFE37
 13843 1445 0400     		.2byte	0x4
 13844 1447 F3       		.byte	0xf3
 13845 1448 01       		.uleb128 0x1
 13846 1449 53       		.byte	0x53
 13847 144a 9F       		.byte	0x9f
 13848 144b 00000000 		.4byte	0
 13849 144f 00000000 		.4byte	0
 13850              	.LLST131:
 13851 1453 00000000 		.4byte	.LVL387
 13852 1457 15000000 		.4byte	.LVL389-1
 13853 145b 0100     		.2byte	0x1
 13854 145d 50       		.byte	0x50
 13855 145e 15000000 		.4byte	.LVL389-1
 13856 1462 48000000 		.4byte	.LFE38
 13857 1466 0400     		.2byte	0x4
 13858 1468 F3       		.byte	0xf3
 13859 1469 01       		.uleb128 0x1
 13860 146a 50       		.byte	0x50
 13861 146b 9F       		.byte	0x9f
 13862 146c 00000000 		.4byte	0
 13863 1470 00000000 		.4byte	0
 13864              	.LLST132:
 13865 1474 00000000 		.4byte	.LVL387
 13866 1478 15000000 		.4byte	.LVL389-1
 13867 147c 0100     		.2byte	0x1
 13868 147e 51       		.byte	0x51
 13869 147f 15000000 		.4byte	.LVL389-1
 13870 1483 48000000 		.4byte	.LFE38
 13871 1487 0400     		.2byte	0x4
 13872 1489 F3       		.byte	0xf3
 13873 148a 01       		.uleb128 0x1
 13874 148b 51       		.byte	0x51
 13875 148c 9F       		.byte	0x9f
 13876 148d 00000000 		.4byte	0
 13877 1491 00000000 		.4byte	0
 13878              	.LLST133:
 13879 1495 00000000 		.4byte	.LVL387
 13880 1499 15000000 		.4byte	.LVL389-1
 13881 149d 0100     		.2byte	0x1
ARM GAS  C:\Users\91819\AppData\Local\Temp\ccy28JmR.s 			page 267


 13882 149f 52       		.byte	0x52
 13883 14a0 15000000 		.4byte	.LVL389-1
 13884 14a4 48000000 		.4byte	.LFE38
 13885 14a8 0400     		.2byte	0x4
 13886 14aa F3       		.byte	0xf3
 13887 14ab 01       		.uleb128 0x1
 13888 14ac 52       		.byte	0x52
 13889 14ad 9F       		.byte	0x9f
 13890 14ae 00000000 		.4byte	0
 13891 14b2 00000000 		.4byte	0
 13892              	.LLST134:
 13893 14b6 00000000 		.4byte	.LVL387
 13894 14ba 12000000 		.4byte	.LVL388
 13895 14be 0100     		.2byte	0x1
 13896 14c0 53       		.byte	0x53
 13897 14c1 12000000 		.4byte	.LVL388
 13898 14c5 48000000 		.4byte	.LFE38
 13899 14c9 0400     		.2byte	0x4
 13900 14cb F3       		.byte	0xf3
 13901 14cc 01       		.uleb128 0x1
 13902 14cd 53       		.byte	0x53
 13903 14ce 9F       		.byte	0x9f
 13904 14cf 00000000 		.4byte	0
 13905 14d3 00000000 		.4byte	0
 13906              	.LLST135:
 13907 14d7 00000000 		.4byte	.LVL393
 13908 14db 34000000 		.4byte	.LVL397
 13909 14df 0100     		.2byte	0x1
 13910 14e1 50       		.byte	0x50
 13911 14e2 34000000 		.4byte	.LVL397
 13912 14e6 40010000 		.4byte	.LVL412
 13913 14ea 0400     		.2byte	0x4
 13914 14ec F3       		.byte	0xf3
 13915 14ed 01       		.uleb128 0x1
 13916 14ee 50       		.byte	0x50
 13917 14ef 9F       		.byte	0x9f
 13918 14f0 40010000 		.4byte	.LVL412
 13919 14f4 48010000 		.4byte	.LVL414
 13920 14f8 0100     		.2byte	0x1
 13921 14fa 50       		.byte	0x50
 13922 14fb 48010000 		.4byte	.LVL414
 13923 14ff 1C020000 		.4byte	.LFE39
 13924 1503 0400     		.2byte	0x4
 13925 1505 F3       		.byte	0xf3
 13926 1506 01       		.uleb128 0x1
 13927 1507 50       		.byte	0x50
 13928 1508 9F       		.byte	0x9f
 13929 1509 00000000 		.4byte	0
 13930 150d 00000000 		.4byte	0
 13931              	.LLST136:
 13932 1511 00000000 		.4byte	.LVL393
 13933 1515 26000000 		.4byte	.LVL396
 13934 1519 0100     		.2byte	0x1
 13935 151b 51       		.byte	0x51
 13936 151c 26000000 		.4byte	.LVL396
 13937 1520 40010000 		.4byte	.LVL412
 13938 1524 0400     		.2byte	0x4
ARM GAS  C:\Users\91819\AppData\Local\Temp\ccy28JmR.s 			page 268


 13939 1526 F3       		.byte	0xf3
 13940 1527 01       		.uleb128 0x1
 13941 1528 51       		.byte	0x51
 13942 1529 9F       		.byte	0x9f
 13943 152a 40010000 		.4byte	.LVL412
 13944 152e 4C010000 		.4byte	.LVL415
 13945 1532 0100     		.2byte	0x1
 13946 1534 51       		.byte	0x51
 13947 1535 4C010000 		.4byte	.LVL415
 13948 1539 1C020000 		.4byte	.LFE39
 13949 153d 0400     		.2byte	0x4
 13950 153f F3       		.byte	0xf3
 13951 1540 01       		.uleb128 0x1
 13952 1541 51       		.byte	0x51
 13953 1542 9F       		.byte	0x9f
 13954 1543 00000000 		.4byte	0
 13955 1547 00000000 		.4byte	0
 13956              	.LLST137:
 13957 154b 00000000 		.4byte	.LVL393
 13958 154f 1A000000 		.4byte	.LVL395
 13959 1553 0100     		.2byte	0x1
 13960 1555 52       		.byte	0x52
 13961 1556 1A000000 		.4byte	.LVL395
 13962 155a 46010000 		.4byte	.LVL413
 13963 155e 0400     		.2byte	0x4
 13964 1560 F3       		.byte	0xf3
 13965 1561 01       		.uleb128 0x1
 13966 1562 52       		.byte	0x52
 13967 1563 9F       		.byte	0x9f
 13968 1564 46010000 		.4byte	.LVL413
 13969 1568 5A010000 		.4byte	.LVL419
 13970 156c 0100     		.2byte	0x1
 13971 156e 53       		.byte	0x53
 13972 156f 5A010000 		.4byte	.LVL419
 13973 1573 66010000 		.4byte	.LVL422
 13974 1577 0B00     		.2byte	0xb
 13975 1579 75       		.byte	0x75
 13976 157a 00       		.sleb128 0
 13977 157b 72       		.byte	0x72
 13978 157c 08       		.sleb128 8
 13979 157d 94       		.byte	0x94
 13980 157e 01       		.byte	0x1
 13981 157f 08       		.byte	0x8
 13982 1580 FF       		.byte	0xff
 13983 1581 1A       		.byte	0x1a
 13984 1582 1C       		.byte	0x1c
 13985 1583 9F       		.byte	0x9f
 13986 1584 66010000 		.4byte	.LVL422
 13987 1588 86010000 		.4byte	.LVL430
 13988 158c 1100     		.2byte	0x11
 13989 158e 75       		.byte	0x75
 13990 158f 00       		.sleb128 0
 13991 1590 03       		.byte	0x3
 13992 1591 00000000 		.4byte	gfxFont
 13993 1595 06       		.byte	0x6
 13994 1596 23       		.byte	0x23
 13995 1597 08       		.uleb128 0x8
ARM GAS  C:\Users\91819\AppData\Local\Temp\ccy28JmR.s 			page 269


 13996 1598 94       		.byte	0x94
 13997 1599 01       		.byte	0x1
 13998 159a 08       		.byte	0x8
 13999 159b FF       		.byte	0xff
 14000 159c 1A       		.byte	0x1a
 14001 159d 1C       		.byte	0x1c
 14002 159e 9F       		.byte	0x9f
 14003 159f 00000000 		.4byte	0
 14004 15a3 00000000 		.4byte	0
 14005              	.LLST138:
 14006 15a7 00000000 		.4byte	.LVL393
 14007 15ab 18000000 		.4byte	.LVL394
 14008 15af 0100     		.2byte	0x1
 14009 15b1 53       		.byte	0x53
 14010 15b2 18000000 		.4byte	.LVL394
 14011 15b6 1C020000 		.4byte	.LFE39
 14012 15ba 0400     		.2byte	0x4
 14013 15bc F3       		.byte	0xf3
 14014 15bd 01       		.uleb128 0x1
 14015 15be 53       		.byte	0x53
 14016 15bf 9F       		.byte	0x9f
 14017 15c0 00000000 		.4byte	0
 14018 15c4 00000000 		.4byte	0
 14019              	.LLST139:
 14020 15c8 00000000 		.4byte	.LVL393
 14021 15cc 14020000 		.4byte	.LVL446
 14022 15d0 0200     		.2byte	0x2
 14023 15d2 91       		.byte	0x91
 14024 15d3 00       		.sleb128 0
 14025 15d4 14020000 		.4byte	.LVL446
 14026 15d8 1C020000 		.4byte	.LFE39
 14027 15dc 0200     		.2byte	0x2
 14028 15de 7D       		.byte	0x7d
 14029 15df 00       		.sleb128 0
 14030 15e0 00000000 		.4byte	0
 14031 15e4 00000000 		.4byte	0
 14032              	.LLST140:
 14033 15e8 00000000 		.4byte	.LVL393
 14034 15ec 14020000 		.4byte	.LVL446
 14035 15f0 0200     		.2byte	0x2
 14036 15f2 91       		.byte	0x91
 14037 15f3 04       		.sleb128 4
 14038 15f4 14020000 		.4byte	.LVL446
 14039 15f8 1C020000 		.4byte	.LFE39
 14040 15fc 0200     		.2byte	0x2
 14041 15fe 7D       		.byte	0x7d
 14042 15ff 04       		.sleb128 4
 14043 1600 00000000 		.4byte	0
 14044 1604 00000000 		.4byte	0
 14045              	.LLST141:
 14046 1608 60000000 		.4byte	.LVL398
 14047 160c FA000000 		.4byte	.LVL408
 14048 1610 0100     		.2byte	0x1
 14049 1612 58       		.byte	0x58
 14050 1613 FE000000 		.4byte	.LVL409
 14051 1617 40010000 		.4byte	.LVL412
 14052 161b 0100     		.2byte	0x1
ARM GAS  C:\Users\91819\AppData\Local\Temp\ccy28JmR.s 			page 270


 14053 161d 58       		.byte	0x58
 14054 161e 00000000 		.4byte	0
 14055 1622 00000000 		.4byte	0
 14056              	.LLST142:
 14057 1626 70000000 		.4byte	.LVL399
 14058 162a FE000000 		.4byte	.LVL409
 14059 162e 0100     		.2byte	0x1
 14060 1630 55       		.byte	0x55
 14061 1631 00000000 		.4byte	0
 14062 1635 00000000 		.4byte	0
 14063              	.LLST143:
 14064 1639 70000000 		.4byte	.LVL399
 14065 163d 74000000 		.4byte	.LVL400
 14066 1641 0200     		.2byte	0x2
 14067 1643 30       		.byte	0x30
 14068 1644 9F       		.byte	0x9f
 14069 1645 74000000 		.4byte	.LVL400
 14070 1649 EE000000 		.4byte	.LVL405
 14071 164d 0100     		.2byte	0x1
 14072 164f 54       		.byte	0x54
 14073 1650 F0000000 		.4byte	.LVL406
 14074 1654 FE000000 		.4byte	.LVL409
 14075 1658 0100     		.2byte	0x1
 14076 165a 54       		.byte	0x54
 14077 165b 00000000 		.4byte	0
 14078 165f 00000000 		.4byte	0
 14079              	.LLST144:
 14080 1663 4C010000 		.4byte	.LVL415
 14081 1667 86010000 		.4byte	.LVL430
 14082 166b 0100     		.2byte	0x1
 14083 166d 51       		.byte	0x51
 14084 166e 00000000 		.4byte	0
 14085 1672 00000000 		.4byte	0
 14086              	.LLST145:
 14087 1676 50010000 		.4byte	.LVL416
 14088 167a 0E020000 		.4byte	.LVL445
 14089 167e 0100     		.2byte	0x1
 14090 1680 5B       		.byte	0x5b
 14091 1681 00000000 		.4byte	0
 14092 1685 00000000 		.4byte	0
 14093              	.LLST146:
 14094 1689 54010000 		.4byte	.LVL417
 14095 168d 92010000 		.4byte	.LVL432
 14096 1691 0100     		.2byte	0x1
 14097 1693 57       		.byte	0x57
 14098 1694 92010000 		.4byte	.LVL432
 14099 1698 98010000 		.4byte	.LVL434
 14100 169c 0100     		.2byte	0x1
 14101 169e 53       		.byte	0x53
 14102 169f 98010000 		.4byte	.LVL434
 14103 16a3 0E020000 		.4byte	.LVL445
 14104 16a7 0100     		.2byte	0x1
 14105 16a9 57       		.byte	0x57
 14106 16aa 00000000 		.4byte	0
 14107 16ae 00000000 		.4byte	0
 14108              	.LLST147:
 14109 16b2 58010000 		.4byte	.LVL418
ARM GAS  C:\Users\91819\AppData\Local\Temp\ccy28JmR.s 			page 271


 14110 16b6 0E020000 		.4byte	.LVL445
 14111 16ba 0100     		.2byte	0x1
 14112 16bc 58       		.byte	0x58
 14113 16bd 00000000 		.4byte	0
 14114 16c1 00000000 		.4byte	0
 14115              	.LLST148:
 14116 16c5 5C010000 		.4byte	.LVL420
 14117 16c9 0E020000 		.4byte	.LVL445
 14118 16cd 0200     		.2byte	0x2
 14119 16cf 91       		.byte	0x91
 14120 16d0 4C       		.sleb128 -52
 14121 16d1 00000000 		.4byte	0
 14122 16d5 00000000 		.4byte	0
 14123              	.LLST149:
 14124 16d9 62010000 		.4byte	.LVL421
 14125 16dd 70010000 		.4byte	.LVL424
 14126 16e1 0100     		.2byte	0x1
 14127 16e3 53       		.byte	0x53
 14128 16e4 70010000 		.4byte	.LVL424
 14129 16e8 78010000 		.4byte	.LVL427
 14130 16ec 0200     		.2byte	0x2
 14131 16ee 91       		.byte	0x91
 14132 16ef 50       		.sleb128 -48
 14133 16f0 78010000 		.4byte	.LVL427
 14134 16f4 7A010000 		.4byte	.LVL428
 14135 16f8 0100     		.2byte	0x1
 14136 16fa 53       		.byte	0x53
 14137 16fb 7A010000 		.4byte	.LVL428
 14138 16ff 0E020000 		.4byte	.LVL445
 14139 1703 0200     		.2byte	0x2
 14140 1705 91       		.byte	0x91
 14141 1706 50       		.sleb128 -48
 14142 1707 00000000 		.4byte	0
 14143 170b 00000000 		.4byte	0
 14144              	.LLST150:
 14145 170f 68010000 		.4byte	.LVL423
 14146 1713 86010000 		.4byte	.LVL430
 14147 1717 0100     		.2byte	0x1
 14148 1719 52       		.byte	0x52
 14149 171a 86010000 		.4byte	.LVL430
 14150 171e 0E020000 		.4byte	.LVL445
 14151 1722 0200     		.2byte	0x2
 14152 1724 91       		.byte	0x91
 14153 1725 54       		.sleb128 -44
 14154 1726 00000000 		.4byte	0
 14155 172a 00000000 		.4byte	0
 14156              	.LLST151:
 14157 172e 86010000 		.4byte	.LVL430
 14158 1732 F4010000 		.4byte	.LVL439
 14159 1736 0100     		.2byte	0x1
 14160 1738 55       		.byte	0x55
 14161 1739 F6010000 		.4byte	.LVL440
 14162 173d FA010000 		.4byte	.LVL441
 14163 1741 0100     		.2byte	0x1
 14164 1743 55       		.byte	0x55
 14165 1744 FC010000 		.4byte	.LVL442
 14166 1748 08020000 		.4byte	.LVL444
ARM GAS  C:\Users\91819\AppData\Local\Temp\ccy28JmR.s 			page 272


 14167 174c 0100     		.2byte	0x1
 14168 174e 55       		.byte	0x55
 14169 174f 00000000 		.4byte	0
 14170 1753 00000000 		.4byte	0
 14171              	.LLST152:
 14172 1757 7E010000 		.4byte	.LVL429
 14173 175b 86010000 		.4byte	.LVL430
 14174 175f 0200     		.2byte	0x2
 14175 1761 30       		.byte	0x30
 14176 1762 9F       		.byte	0x9f
 14177 1763 86010000 		.4byte	.LVL430
 14178 1767 04020000 		.4byte	.LVL443
 14179 176b 0100     		.2byte	0x1
 14180 176d 59       		.byte	0x59
 14181 176e 08020000 		.4byte	.LVL444
 14182 1772 0E020000 		.4byte	.LVL445
 14183 1776 0100     		.2byte	0x1
 14184 1778 59       		.byte	0x59
 14185 1779 00000000 		.4byte	0
 14186 177d 00000000 		.4byte	0
 14187              	.LLST153:
 14188 1781 68010000 		.4byte	.LVL423
 14189 1785 86010000 		.4byte	.LVL430
 14190 1789 0200     		.2byte	0x2
 14191 178b 30       		.byte	0x30
 14192 178c 9F       		.byte	0x9f
 14193 178d 86010000 		.4byte	.LVL430
 14194 1791 F0010000 		.4byte	.LVL437
 14195 1795 0100     		.2byte	0x1
 14196 1797 54       		.byte	0x54
 14197 1798 F2010000 		.4byte	.LVL438
 14198 179c 0E020000 		.4byte	.LVL445
 14199 17a0 0100     		.2byte	0x1
 14200 17a2 54       		.byte	0x54
 14201 17a3 00000000 		.4byte	0
 14202 17a7 00000000 		.4byte	0
 14203              	.LLST154:
 14204 17ab 68010000 		.4byte	.LVL423
 14205 17af 86010000 		.4byte	.LVL430
 14206 17b3 0200     		.2byte	0x2
 14207 17b5 30       		.byte	0x30
 14208 17b6 9F       		.byte	0x9f
 14209 17b7 86010000 		.4byte	.LVL430
 14210 17bb 8A010000 		.4byte	.LVL431
 14211 17bf 0100     		.2byte	0x1
 14212 17c1 53       		.byte	0x53
 14213 17c2 8A010000 		.4byte	.LVL431
 14214 17c6 FA010000 		.4byte	.LVL441
 14215 17ca 0100     		.2byte	0x1
 14216 17cc 56       		.byte	0x56
 14217 17cd FA010000 		.4byte	.LVL441
 14218 17d1 0E020000 		.4byte	.LVL445
 14219 17d5 0100     		.2byte	0x1
 14220 17d7 53       		.byte	0x53
 14221 17d8 00000000 		.4byte	0
 14222 17dc 00000000 		.4byte	0
 14223              	.LLST155:
ARM GAS  C:\Users\91819\AppData\Local\Temp\ccy28JmR.s 			page 273


 14224 17e0 68010000 		.4byte	.LVL423
 14225 17e4 72010000 		.4byte	.LVL425
 14226 17e8 0200     		.2byte	0x2
 14227 17ea 30       		.byte	0x30
 14228 17eb 9F       		.byte	0x9f
 14229 17ec 72010000 		.4byte	.LVL425
 14230 17f0 78010000 		.4byte	.LVL427
 14231 17f4 0200     		.2byte	0x2
 14232 17f6 91       		.byte	0x91
 14233 17f7 44       		.sleb128 -60
 14234 17f8 78010000 		.4byte	.LVL427
 14235 17fc 7E010000 		.4byte	.LVL429
 14236 1800 0200     		.2byte	0x2
 14237 1802 30       		.byte	0x30
 14238 1803 9F       		.byte	0x9f
 14239 1804 7E010000 		.4byte	.LVL429
 14240 1808 0E020000 		.4byte	.LVL445
 14241 180c 0200     		.2byte	0x2
 14242 180e 91       		.byte	0x91
 14243 180f 44       		.sleb128 -60
 14244 1810 00000000 		.4byte	0
 14245 1814 00000000 		.4byte	0
 14246              	.LLST156:
 14247 1818 68010000 		.4byte	.LVL423
 14248 181c 76010000 		.4byte	.LVL426
 14249 1820 0200     		.2byte	0x2
 14250 1822 30       		.byte	0x30
 14251 1823 9F       		.byte	0x9f
 14252 1824 76010000 		.4byte	.LVL426
 14253 1828 78010000 		.4byte	.LVL427
 14254 182c 0200     		.2byte	0x2
 14255 182e 91       		.byte	0x91
 14256 182f 48       		.sleb128 -56
 14257 1830 78010000 		.4byte	.LVL427
 14258 1834 7E010000 		.4byte	.LVL429
 14259 1838 0200     		.2byte	0x2
 14260 183a 30       		.byte	0x30
 14261 183b 9F       		.byte	0x9f
 14262 183c 7E010000 		.4byte	.LVL429
 14263 1840 0E020000 		.4byte	.LVL445
 14264 1844 0200     		.2byte	0x2
 14265 1846 91       		.byte	0x91
 14266 1847 48       		.sleb128 -56
 14267 1848 00000000 		.4byte	0
 14268 184c 00000000 		.4byte	0
 14269              	.LLST157:
 14270 1850 00000000 		.4byte	.LVL447
 14271 1854 7C000000 		.4byte	.LVL448
 14272 1858 0100     		.2byte	0x1
 14273 185a 50       		.byte	0x50
 14274 185b 7C000000 		.4byte	.LVL448
 14275 185f 94000000 		.4byte	.LVL450
 14276 1863 0400     		.2byte	0x4
 14277 1865 F3       		.byte	0xf3
 14278 1866 01       		.uleb128 0x1
 14279 1867 50       		.byte	0x50
 14280 1868 9F       		.byte	0x9f
ARM GAS  C:\Users\91819\AppData\Local\Temp\ccy28JmR.s 			page 274


 14281 1869 94000000 		.4byte	.LVL450
 14282 186d A4000000 		.4byte	.LVL451
 14283 1871 0100     		.2byte	0x1
 14284 1873 50       		.byte	0x50
 14285 1874 A4000000 		.4byte	.LVL451
 14286 1878 B2000000 		.4byte	.LVL452
 14287 187c 0400     		.2byte	0x4
 14288 187e F3       		.byte	0xf3
 14289 187f 01       		.uleb128 0x1
 14290 1880 50       		.byte	0x50
 14291 1881 9F       		.byte	0x9f
 14292 1882 B2000000 		.4byte	.LVL452
 14293 1886 24010000 		.4byte	.LVL464
 14294 188a 0100     		.2byte	0x1
 14295 188c 50       		.byte	0x50
 14296 188d 24010000 		.4byte	.LVL464
 14297 1891 44010000 		.4byte	.LFE21
 14298 1895 0400     		.2byte	0x4
 14299 1897 F3       		.byte	0xf3
 14300 1898 01       		.uleb128 0x1
 14301 1899 50       		.byte	0x50
 14302 189a 9F       		.byte	0x9f
 14303 189b 00000000 		.4byte	0
 14304 189f 00000000 		.4byte	0
 14305              	.LLST158:
 14306 18a3 B8000000 		.4byte	.LVL453
 14307 18a7 C4000000 		.4byte	.LVL454
 14308 18ab 0100     		.2byte	0x1
 14309 18ad 52       		.byte	0x52
 14310 18ae C4000000 		.4byte	.LVL454
 14311 18b2 FC000000 		.4byte	.LVL462
 14312 18b6 0200     		.2byte	0x2
 14313 18b8 73       		.byte	0x73
 14314 18b9 08       		.sleb128 8
 14315 18ba FC000000 		.4byte	.LVL462
 14316 18be 1A010000 		.4byte	.LVL463
 14317 18c2 0800     		.2byte	0x8
 14318 18c4 03       		.byte	0x3
 14319 18c5 00000000 		.4byte	gfxFont
 14320 18c9 06       		.byte	0x6
 14321 18ca 23       		.byte	0x23
 14322 18cb 08       		.uleb128 0x8
 14323 18cc 00000000 		.4byte	0
 14324 18d0 00000000 		.4byte	0
 14325              	.LLST159:
 14326 18d4 CA000000 		.4byte	.LVL455
 14327 18d8 3A010000 		.4byte	.LVL466
 14328 18dc 0100     		.2byte	0x1
 14329 18de 54       		.byte	0x54
 14330 18df 00000000 		.4byte	0
 14331 18e3 00000000 		.4byte	0
 14332              	.LLST160:
 14333 18e7 CC000000 		.4byte	.LVL456
 14334 18eb E2000000 		.4byte	.LVL460
 14335 18ef 0100     		.2byte	0x1
 14336 18f1 52       		.byte	0x52
 14337 18f2 E2000000 		.4byte	.LVL460
ARM GAS  C:\Users\91819\AppData\Local\Temp\ccy28JmR.s 			page 275


 14338 18f6 1A010000 		.4byte	.LVL463
 14339 18fa 0200     		.2byte	0x2
 14340 18fc 74       		.byte	0x74
 14341 18fd 02       		.sleb128 2
 14342 18fe 00000000 		.4byte	0
 14343 1902 00000000 		.4byte	0
 14344              	.LLST161:
 14345 1906 CE000000 		.4byte	.LVL457
 14346 190a D8000000 		.4byte	.LVL459
 14347 190e 0100     		.2byte	0x1
 14348 1910 51       		.byte	0x51
 14349 1911 D8000000 		.4byte	.LVL459
 14350 1915 1A010000 		.4byte	.LVL463
 14351 1919 0200     		.2byte	0x2
 14352 191b 74       		.byte	0x74
 14353 191c 03       		.sleb128 3
 14354 191d 00000000 		.4byte	0
 14355 1921 00000000 		.4byte	0
 14356              	.LLST162:
 14357 1925 D6000000 		.4byte	.LVL458
 14358 1929 E6000000 		.4byte	.LVL461
 14359 192d 0700     		.2byte	0x7
 14360 192f 75       		.byte	0x75
 14361 1930 00       		.sleb128 0
 14362 1931 48       		.byte	0x48
 14363 1932 24       		.byte	0x24
 14364 1933 48       		.byte	0x48
 14365 1934 26       		.byte	0x26
 14366 1935 9F       		.byte	0x9f
 14367 1936 E6000000 		.4byte	.LVL461
 14368 193a 1A010000 		.4byte	.LVL463
 14369 193e 0900     		.2byte	0x9
 14370 1940 74       		.byte	0x74
 14371 1941 05       		.sleb128 5
 14372 1942 94       		.byte	0x94
 14373 1943 01       		.byte	0x1
 14374 1944 48       		.byte	0x48
 14375 1945 24       		.byte	0x24
 14376 1946 48       		.byte	0x48
 14377 1947 26       		.byte	0x26
 14378 1948 9F       		.byte	0x9f
 14379 1949 00000000 		.4byte	0
 14380 194d 00000000 		.4byte	0
 14381              	.LLST163:
 14382 1951 00000000 		.4byte	.LVL467
 14383 1955 06000000 		.4byte	.LVL468
 14384 1959 0100     		.2byte	0x1
 14385 195b 50       		.byte	0x50
 14386 195c 06000000 		.4byte	.LVL468
 14387 1960 14000000 		.4byte	.LFE19
 14388 1964 0100     		.2byte	0x1
 14389 1966 54       		.byte	0x54
 14390 1967 00000000 		.4byte	0
 14391 196b 00000000 		.4byte	0
 14392              	.LLST164:
 14393 196f 00000000 		.4byte	.LVL471
 14394 1973 06000000 		.4byte	.LVL472
ARM GAS  C:\Users\91819\AppData\Local\Temp\ccy28JmR.s 			page 276


 14395 1977 0100     		.2byte	0x1
 14396 1979 50       		.byte	0x50
 14397 197a 06000000 		.4byte	.LVL472
 14398 197e 1A000000 		.4byte	.LFE20
 14399 1982 0100     		.2byte	0x1
 14400 1984 54       		.byte	0x54
 14401 1985 00000000 		.4byte	0
 14402 1989 00000000 		.4byte	0
 14403              		.section	.debug_aranges,"",%progbits
 14404 0000 74010000 		.4byte	0x174
 14405 0004 0200     		.2byte	0x2
 14406 0006 00000000 		.4byte	.Ldebug_info0
 14407 000a 04       		.byte	0x4
 14408 000b 00       		.byte	0
 14409 000c 0000     		.2byte	0
 14410 000e 0000     		.2byte	0
 14411 0010 00000000 		.4byte	.LFB18
 14412 0014 BC010000 		.4byte	.LFE18-.LFB18
 14413 0018 00000000 		.4byte	.LFB1
 14414 001c 58000000 		.4byte	.LFE1-.LFB1
 14415 0020 00000000 		.4byte	.LFB2
 14416 0024 60000000 		.4byte	.LFE2-.LFB2
 14417 0028 00000000 		.4byte	.LFB6
 14418 002c 88000000 		.4byte	.LFE6-.LFB6
 14419 0030 00000000 		.4byte	.LFB4
 14420 0034 0E000000 		.4byte	.LFE4-.LFB4
 14421 0038 00000000 		.4byte	.LFB5
 14422 003c 0A000000 		.4byte	.LFE5-.LFB5
 14423 0040 00000000 		.4byte	.LFB7
 14424 0044 C0000000 		.4byte	.LFE7-.LFB7
 14425 0048 00000000 		.4byte	.LFB8
 14426 004c 10000000 		.4byte	.LFE8-.LFB8
 14427 0050 00000000 		.4byte	.LFB9
 14428 0054 0C000000 		.4byte	.LFE9-.LFB9
 14429 0058 00000000 		.4byte	.LFB10
 14430 005c 10000000 		.4byte	.LFE10-.LFB10
 14431 0060 00000000 		.4byte	.LFB11
 14432 0064 10000000 		.4byte	.LFE11-.LFB11
 14433 0068 00000000 		.4byte	.LFB12
 14434 006c 0C000000 		.4byte	.LFE12-.LFB12
 14435 0070 00000000 		.4byte	.LFB13
 14436 0074 0C000000 		.4byte	.LFE13-.LFB13
 14437 0078 00000000 		.4byte	.LFB14
 14438 007c 0C000000 		.4byte	.LFE14-.LFB14
 14439 0080 00000000 		.4byte	.LFB15
 14440 0084 10000000 		.4byte	.LFE15-.LFB15
 14441 0088 00000000 		.4byte	.LFB16
 14442 008c 34000000 		.4byte	.LFE16-.LFB16
 14443 0090 00000000 		.4byte	.LFB17
 14444 0094 A8000000 		.4byte	.LFE17-.LFB17
 14445 0098 00000000 		.4byte	.LFB24
 14446 009c 8C000000 		.4byte	.LFE24-.LFB24
 14447 00a0 00000000 		.4byte	.LFB22
 14448 00a4 24000000 		.4byte	.LFE22-.LFB22
 14449 00a8 00000000 		.4byte	.LFB3
 14450 00ac E4000000 		.4byte	.LFE3-.LFB3
 14451 00b0 00000000 		.4byte	.LFB23
ARM GAS  C:\Users\91819\AppData\Local\Temp\ccy28JmR.s 			page 277


 14452 00b4 0C000000 		.4byte	.LFE23-.LFB23
 14453 00b8 00000000 		.4byte	.LFB25
 14454 00bc 50000000 		.4byte	.LFE25-.LFB25
 14455 00c0 00000000 		.4byte	.LFB31
 14456 00c4 3C010000 		.4byte	.LFE31-.LFB31
 14457 00c8 00000000 		.4byte	.LFB26
 14458 00cc 64000000 		.4byte	.LFE26-.LFB26
 14459 00d0 00000000 		.4byte	.LFB33
 14460 00d4 06010000 		.4byte	.LFE33-.LFB33
 14461 00d8 00000000 		.4byte	.LFB27
 14462 00dc 64000000 		.4byte	.LFE27-.LFB27
 14463 00e0 00000000 		.4byte	.LFB28
 14464 00e4 AC000000 		.4byte	.LFE28-.LFB28
 14465 00e8 00000000 		.4byte	.LFB29
 14466 00ec 12000000 		.4byte	.LFE29-.LFB29
 14467 00f0 00000000 		.4byte	.LFB30
 14468 00f4 38010000 		.4byte	.LFE30-.LFB30
 14469 00f8 00000000 		.4byte	.LFB32
 14470 00fc 32000000 		.4byte	.LFE32-.LFB32
 14471 0100 00000000 		.4byte	.LFB34
 14472 0104 42000000 		.4byte	.LFE34-.LFB34
 14473 0108 00000000 		.4byte	.LFB35
 14474 010c 76010000 		.4byte	.LFE35-.LFB35
 14475 0110 00000000 		.4byte	.LFB36
 14476 0114 DC000000 		.4byte	.LFE36-.LFB36
 14477 0118 00000000 		.4byte	.LFB37
 14478 011c 82000000 		.4byte	.LFE37-.LFB37
 14479 0120 00000000 		.4byte	.LFB38
 14480 0124 48000000 		.4byte	.LFE38-.LFB38
 14481 0128 00000000 		.4byte	.LFB39
 14482 012c 1C020000 		.4byte	.LFE39-.LFB39
 14483 0130 00000000 		.4byte	.LFB21
 14484 0134 44010000 		.4byte	.LFE21-.LFB21
 14485 0138 00000000 		.4byte	.LFB19
 14486 013c 14000000 		.4byte	.LFE19-.LFB19
 14487 0140 00000000 		.4byte	.LFB20
 14488 0144 1A000000 		.4byte	.LFE20-.LFB20
 14489 0148 00000000 		.4byte	.LFB40
 14490 014c 0C000000 		.4byte	.LFE40-.LFB40
 14491 0150 00000000 		.4byte	.LFB41
 14492 0154 0C000000 		.4byte	.LFE41-.LFB41
 14493 0158 00000000 		.4byte	.LFB42
 14494 015c 0C000000 		.4byte	.LFE42-.LFB42
 14495 0160 00000000 		.4byte	.LFB43
 14496 0164 0C000000 		.4byte	.LFE43-.LFB43
 14497 0168 00000000 		.4byte	.LFB44
 14498 016c 0C000000 		.4byte	.LFE44-.LFB44
 14499 0170 00000000 		.4byte	0
 14500 0174 00000000 		.4byte	0
 14501              		.section	.debug_ranges,"",%progbits
 14502              	.Ldebug_ranges0:
 14503 0000 00000000 		.4byte	.LFB18
 14504 0004 BC010000 		.4byte	.LFE18
 14505 0008 00000000 		.4byte	.LFB1
 14506 000c 58000000 		.4byte	.LFE1
 14507 0010 00000000 		.4byte	.LFB2
 14508 0014 60000000 		.4byte	.LFE2
ARM GAS  C:\Users\91819\AppData\Local\Temp\ccy28JmR.s 			page 278


 14509 0018 00000000 		.4byte	.LFB6
 14510 001c 88000000 		.4byte	.LFE6
 14511 0020 00000000 		.4byte	.LFB4
 14512 0024 0E000000 		.4byte	.LFE4
 14513 0028 00000000 		.4byte	.LFB5
 14514 002c 0A000000 		.4byte	.LFE5
 14515 0030 00000000 		.4byte	.LFB7
 14516 0034 C0000000 		.4byte	.LFE7
 14517 0038 00000000 		.4byte	.LFB8
 14518 003c 10000000 		.4byte	.LFE8
 14519 0040 00000000 		.4byte	.LFB9
 14520 0044 0C000000 		.4byte	.LFE9
 14521 0048 00000000 		.4byte	.LFB10
 14522 004c 10000000 		.4byte	.LFE10
 14523 0050 00000000 		.4byte	.LFB11
 14524 0054 10000000 		.4byte	.LFE11
 14525 0058 00000000 		.4byte	.LFB12
 14526 005c 0C000000 		.4byte	.LFE12
 14527 0060 00000000 		.4byte	.LFB13
 14528 0064 0C000000 		.4byte	.LFE13
 14529 0068 00000000 		.4byte	.LFB14
 14530 006c 0C000000 		.4byte	.LFE14
 14531 0070 00000000 		.4byte	.LFB15
 14532 0074 10000000 		.4byte	.LFE15
 14533 0078 00000000 		.4byte	.LFB16
 14534 007c 34000000 		.4byte	.LFE16
 14535 0080 00000000 		.4byte	.LFB17
 14536 0084 A8000000 		.4byte	.LFE17
 14537 0088 00000000 		.4byte	.LFB24
 14538 008c 8C000000 		.4byte	.LFE24
 14539 0090 00000000 		.4byte	.LFB22
 14540 0094 24000000 		.4byte	.LFE22
 14541 0098 00000000 		.4byte	.LFB3
 14542 009c E4000000 		.4byte	.LFE3
 14543 00a0 00000000 		.4byte	.LFB23
 14544 00a4 0C000000 		.4byte	.LFE23
 14545 00a8 00000000 		.4byte	.LFB25
 14546 00ac 50000000 		.4byte	.LFE25
 14547 00b0 00000000 		.4byte	.LFB31
 14548 00b4 3C010000 		.4byte	.LFE31
 14549 00b8 00000000 		.4byte	.LFB26
 14550 00bc 64000000 		.4byte	.LFE26
 14551 00c0 00000000 		.4byte	.LFB33
 14552 00c4 06010000 		.4byte	.LFE33
 14553 00c8 00000000 		.4byte	.LFB27
 14554 00cc 64000000 		.4byte	.LFE27
 14555 00d0 00000000 		.4byte	.LFB28
 14556 00d4 AC000000 		.4byte	.LFE28
 14557 00d8 00000000 		.4byte	.LFB29
 14558 00dc 12000000 		.4byte	.LFE29
 14559 00e0 00000000 		.4byte	.LFB30
 14560 00e4 38010000 		.4byte	.LFE30
 14561 00e8 00000000 		.4byte	.LFB32
 14562 00ec 32000000 		.4byte	.LFE32
 14563 00f0 00000000 		.4byte	.LFB34
 14564 00f4 42000000 		.4byte	.LFE34
 14565 00f8 00000000 		.4byte	.LFB35
ARM GAS  C:\Users\91819\AppData\Local\Temp\ccy28JmR.s 			page 279


 14566 00fc 76010000 		.4byte	.LFE35
 14567 0100 00000000 		.4byte	.LFB36
 14568 0104 DC000000 		.4byte	.LFE36
 14569 0108 00000000 		.4byte	.LFB37
 14570 010c 82000000 		.4byte	.LFE37
 14571 0110 00000000 		.4byte	.LFB38
 14572 0114 48000000 		.4byte	.LFE38
 14573 0118 00000000 		.4byte	.LFB39
 14574 011c 1C020000 		.4byte	.LFE39
 14575 0120 00000000 		.4byte	.LFB21
 14576 0124 44010000 		.4byte	.LFE21
 14577 0128 00000000 		.4byte	.LFB19
 14578 012c 14000000 		.4byte	.LFE19
 14579 0130 00000000 		.4byte	.LFB20
 14580 0134 1A000000 		.4byte	.LFE20
 14581 0138 00000000 		.4byte	.LFB40
 14582 013c 0C000000 		.4byte	.LFE40
 14583 0140 00000000 		.4byte	.LFB41
 14584 0144 0C000000 		.4byte	.LFE41
 14585 0148 00000000 		.4byte	.LFB42
 14586 014c 0C000000 		.4byte	.LFE42
 14587 0150 00000000 		.4byte	.LFB43
 14588 0154 0C000000 		.4byte	.LFE43
 14589 0158 00000000 		.4byte	.LFB44
 14590 015c 0C000000 		.4byte	.LFE44
 14591 0160 00000000 		.4byte	0
 14592 0164 00000000 		.4byte	0
 14593              		.section	.debug_line,"",%progbits
 14594              	.Ldebug_line0:
 14595 0000 80070000 		.section	.debug_str,"MS",%progbits,1
 14595      02007B01 
 14595      00000201 
 14595      FB0E0D00 
 14595      01010101 
 14596              	.LASF61:
 14597 0000 6C617374 		.ascii	"last\000"
 14597      00
 14598              	.LASF227:
 14599 0005 78737461 		.ascii	"xstart\000"
 14599      727400
 14600              	.LASF136:
 14601 000c 5446545F 		.ascii	"TFT_payload_t\000"
 14601      7061796C 
 14601      6F61645F 
 14601      7400
 14602              	.LASF106:
 14603 001a 53543737 		.ascii	"ST7735_COLMOD\000"
 14603      33355F43 
 14603      4F4C4D4F 
 14603      4400
 14604              	.LASF33:
 14605 0028 52435F45 		.ascii	"RC_ERROR_NOT_MATCH\000"
 14605      52524F52 
 14605      5F4E4F54 
 14605      5F4D4154 
 14605      434800
 14606              	.LASF63:
ARM GAS  C:\Users\91819\AppData\Local\Temp\ccy28JmR.s 			page 280


 14607 003b 47465866 		.ascii	"GFXfont\000"
 14607      6F6E7400 
 14608              	.LASF202:
 14609 0043 64783032 		.ascii	"dx02\000"
 14609      00
 14610              	.LASF198:
 14611 0048 5446545F 		.ascii	"TFT_drawTriangle\000"
 14611      64726177 
 14611      54726961 
 14611      6E676C65 
 14611      00
 14612              	.LASF29:
 14613 0059 52435F45 		.ascii	"RC_ERROR_WRITE_ONLY\000"
 14613      52524F52 
 14613      5F575249 
 14613      54455F4F 
 14613      4E4C5900 
 14614              	.LASF143:
 14615 006d 5446545F 		.ascii	"TFT_RB_out_t\000"
 14615      52425F6F 
 14615      75745F74 
 14615      00
 14616              	.LASF218:
 14617 007a 5446545F 		.ascii	"TFT_width\000"
 14617      77696474 
 14617      6800
 14618              	.LASF135:
 14619 0084 5446545F 		.ascii	"TFT_STREAM\000"
 14619      53545245 
 14619      414D00
 14620              	.LASF70:
 14621 008f 424C4143 		.ascii	"BLACK\000"
 14621      4B00
 14622              	.LASF200:
 14623 0095 64783031 		.ascii	"dx01\000"
 14623      00
 14624              	.LASF170:
 14625 009a 5446545F 		.ascii	"TFT_getTextBounds\000"
 14625      67657454 
 14625      65787442 
 14625      6F756E64 
 14625      7300
 14626              	.LASF142:
 14627 00ac 62756666 		.ascii	"buffer\000"
 14627      657200
 14628              	.LASF171:
 14629 00b3 5446545F 		.ascii	"TFT_fillRect\000"
 14629      66696C6C 
 14629      52656374 
 14629      00
 14630              	.LASF44:
 14631 00c0 756E7369 		.ascii	"unsigned int\000"
 14631      676E6564 
 14631      20696E74 
 14631      00
 14632              	.LASF17:
 14633 00cd 52435F45 		.ascii	"RC_ERROR_ZERO\000"
ARM GAS  C:\Users\91819\AppData\Local\Temp\ccy28JmR.s 			page 281


 14633      52524F52 
 14633      5F5A4552 
 14633      4F00
 14634              	.LASF74:
 14635 00db 47424C55 		.ascii	"GBLUE\000"
 14635      4500
 14636              	.LASF125:
 14637 00e1 53543737 		.ascii	"ST7735_GMCTRN1\000"
 14637      33355F47 
 14637      4D435452 
 14637      4E3100
 14638              	.LASF217:
 14639 00f0 5446545F 		.ascii	"TFT_println\000"
 14639      7072696E 
 14639      746C6E00 
 14640              	.LASF43:
 14641 00fc 5F5F696E 		.ascii	"__int32_t\000"
 14641      7433325F 
 14641      7400
 14642              	.LASF190:
 14643 0106 5446545F 		.ascii	"TFT_fastHLine\000"
 14643      66617374 
 14643      484C696E 
 14643      6500
 14644              	.LASF16:
 14645 0114 52435F45 		.ascii	"RC_ERROR_NULL\000"
 14645      52524F52 
 14645      5F4E554C 
 14645      4C00
 14646              	.LASF25:
 14647 0122 52435F45 		.ascii	"RC_ERROR_TIME_OUT\000"
 14647      52524F52 
 14647      5F54494D 
 14647      455F4F55 
 14647      5400
 14648              	.LASF37:
 14649 0134 52435F45 		.ascii	"RC_ERROR_INVALID_STATE\000"
 14649      52524F52 
 14649      5F494E56 
 14649      414C4944 
 14649      5F535441 
 14650              	.LASF158:
 14651 014b 5446545F 		.ascii	"TFT_getBacklight\000"
 14651      67657442 
 14651      61636B6C 
 14651      69676874 
 14651      00
 14652              	.LASF187:
 14653 015c 5446545F 		.ascii	"TFT_fastVLine\000"
 14653      66617374 
 14653      564C696E 
 14653      6500
 14654              	.LASF204:
 14655 016a 64783132 		.ascii	"dx12\000"
 14655      00
 14656              	.LASF154:
 14657 016f 73657441 		.ascii	"setAddrWindow\000"
ARM GAS  C:\Users\91819\AppData\Local\Temp\ccy28JmR.s 			page 282


 14657      64647257 
 14657      696E646F 
 14657      7700
 14658              	.LASF241:
 14659 017d 433A5C55 		.ascii	"C:\\Users\\91819\\Documents\\HDA_Sem2\\EAA\\Lab\\Wo"
 14659      73657273 
 14659      5C393138 
 14659      31395C44 
 14659      6F63756D 
 14660 01a9 726B7370 		.ascii	"rkspace01\\Workspace01\\autosar_01.cydsn\000"
 14660      61636530 
 14660      315C576F 
 14660      726B7370 
 14660      61636530 
 14661              	.LASF111:
 14662 01d0 53543737 		.ascii	"ST7735_INVCTR\000"
 14662      33355F49 
 14662      4E564354 
 14662      5200
 14663              	.LASF181:
 14664 01de 5446545F 		.ascii	"TFT_clearScreen\000"
 14664      636C6561 
 14664      72536372 
 14664      65656E00 
 14665              	.LASF104:
 14666 01ee 53543737 		.ascii	"ST7735_RAMRD\000"
 14666      33355F52 
 14666      414D5244 
 14666      00
 14667              	.LASF169:
 14668 01fb 5446545F 		.ascii	"TFT_setFont\000"
 14668      73657446 
 14668      6F6E7400 
 14669              	.LASF89:
 14670 0207 53543737 		.ascii	"ST7735_NOP\000"
 14670      33355F4E 
 14670      4F5000
 14671              	.LASF238:
 14672 0212 5446545F 		.ascii	"TFT_RB_out\000"
 14672      52425F6F 
 14672      757400
 14673              	.LASF98:
 14674 021d 53543737 		.ascii	"ST7735_INVON\000"
 14674      33355F49 
 14674      4E564F4E 
 14674      00
 14675              	.LASF83:
 14676 022a 4C494748 		.ascii	"LIGHTBLUE\000"
 14676      54424C55 
 14676      4500
 14677              	.LASF230:
 14678 0234 726F7461 		.ascii	"rotation\000"
 14678      74696F6E 
 14678      00
 14679              	.LASF223:
 14680 023d 53535433 		.ascii	"SST35S_init_seq\000"
 14680      35535F69 
ARM GAS  C:\Users\91819\AppData\Local\Temp\ccy28JmR.s 			page 283


 14680      6E69745F 
 14680      73657100 
 14681              	.LASF68:
 14682 024d 5446545F 		.ascii	"TFT_rotation_t\000"
 14682      726F7461 
 14682      74696F6E 
 14682      5F7400
 14683              	.LASF67:
 14684 025c 5446545F 		.ascii	"TFT_rot_270\000"
 14684      726F745F 
 14684      32373000 
 14685              	.LASF47:
 14686 0268 696E7438 		.ascii	"int8_t\000"
 14686      5F7400
 14687              	.LASF15:
 14688 026f 52435F45 		.ascii	"RC_ERROR\000"
 14688      52524F52 
 14688      00
 14689              	.LASF32:
 14690 0278 52435F45 		.ascii	"RC_ERROR_WRITE_FAILS\000"
 14690      52524F52 
 14690      5F575249 
 14690      54455F46 
 14690      41494C53 
 14691              	.LASF179:
 14692 028d 6E756D41 		.ascii	"numArgs\000"
 14692      72677300 
 14693              	.LASF197:
 14694 0295 5446545F 		.ascii	"TFT_fillCircle\000"
 14694      66696C6C 
 14694      43697263 
 14694      6C6500
 14695              	.LASF124:
 14696 02a4 53543737 		.ascii	"ST7735_GMCTRP1\000"
 14696      33355F47 
 14696      4D435452 
 14696      503100
 14697              	.LASF95:
 14698 02b3 53543737 		.ascii	"ST7735_PTLON\000"
 14698      33355F50 
 14698      544C4F4E 
 14698      00
 14699              	.LASF8:
 14700 02c0 666C6F61 		.ascii	"float\000"
 14700      7400
 14701              	.LASF82:
 14702 02c6 4441524B 		.ascii	"DARKBLUE\000"
 14702      424C5545 
 14702      00
 14703              	.LASF233:
 14704 02cf 63757273 		.ascii	"cursor_x\000"
 14704      6F725F78 
 14704      00
 14705              	.LASF234:
 14706 02d8 63757273 		.ascii	"cursor_y\000"
 14706      6F725F79 
 14706      00
ARM GAS  C:\Users\91819\AppData\Local\Temp\ccy28JmR.s 			page 284


 14707              	.LASF115:
 14708 02e1 53543737 		.ascii	"ST7735_PWCTR3\000"
 14708      33355F50 
 14708      57435452 
 14708      3300
 14709              	.LASF229:
 14710 02ef 74657874 		.ascii	"textsize\000"
 14710      73697A65 
 14710      00
 14711              	.LASF48:
 14712 02f8 696E7431 		.ascii	"int16_t\000"
 14712      365F7400 
 14713              	.LASF26:
 14714 0300 52435F45 		.ascii	"RC_ERROR_OPEN\000"
 14714      52524F52 
 14714      5F4F5045 
 14714      4E00
 14715              	.LASF11:
 14716 030e 6C6F6E67 		.ascii	"long long unsigned int\000"
 14716      206C6F6E 
 14716      6720756E 
 14716      7369676E 
 14716      65642069 
 14717              	.LASF157:
 14718 0325 5446545F 		.ascii	"TFT_BackLight_WriteCompare\000"
 14718      4261636B 
 14718      4C696768 
 14718      745F5772 
 14718      69746543 
 14719              	.LASF141:
 14720 0340 66696C6C 		.ascii	"fill\000"
 14720      00
 14721              	.LASF209:
 14722 0345 5446545F 		.ascii	"TFT_drawChar\000"
 14722      64726177 
 14722      43686172 
 14722      00
 14723              	.LASF108:
 14724 0352 53543737 		.ascii	"ST7735_FRMCTR1\000"
 14724      33355F46 
 14724      524D4354 
 14724      523100
 14725              	.LASF109:
 14726 0361 53543737 		.ascii	"ST7735_FRMCTR2\000"
 14726      33355F46 
 14726      524D4354 
 14726      523200
 14727              	.LASF110:
 14728 0370 53543737 		.ascii	"ST7735_FRMCTR3\000"
 14728      33355F46 
 14728      524D4354 
 14728      523300
 14729              	.LASF62:
 14730 037f 79416476 		.ascii	"yAdvance\000"
 14730      616E6365 
 14730      00
 14731              	.LASF94:
ARM GAS  C:\Users\91819\AppData\Local\Temp\ccy28JmR.s 			page 285


 14732 0388 53543737 		.ascii	"ST7735_SLPOUT\000"
 14732      33355F53 
 14732      4C504F55 
 14732      5400
 14733              	.LASF161:
 14734 0396 5446545F 		.ascii	"TFT_setCursor\000"
 14734      73657443 
 14734      7572736F 
 14734      7200
 14735              	.LASF235:
 14736 03a4 6267636F 		.ascii	"bgcolor\000"
 14736      6C6F7200 
 14737              	.LASF105:
 14738 03ac 53543737 		.ascii	"ST7735_PTLAR\000"
 14738      33355F50 
 14738      544C4152 
 14738      00
 14739              	.LASF239:
 14740 03b9 474E5520 		.ascii	"GNU C11 5.4.1 20160609 (release) [ARM/embedded-5-br"
 14740      43313120 
 14740      352E342E 
 14740      31203230 
 14740      31363036 
 14741 03ec 616E6368 		.ascii	"anch revision 237715] -mcpu=cortex-m3 -mthumb -g -O"
 14741      20726576 
 14741      6973696F 
 14741      6E203233 
 14741      37373135 
 14742 041f 67202D66 		.ascii	"g -ffunction-sections -ffat-lto-objects\000"
 14742      66756E63 
 14742      74696F6E 
 14742      2D736563 
 14742      74696F6E 
 14743              	.LASF86:
 14744 0447 4C475241 		.ascii	"LGRAY\000"
 14744      5900
 14745              	.LASF180:
 14746 044d 5446545F 		.ascii	"TFT_BackLight_Start\000"
 14746      4261636B 
 14746      4C696768 
 14746      745F5374 
 14746      61727400 
 14747              	.LASF51:
 14748 0461 6269746D 		.ascii	"bitmapOffset\000"
 14748      61704F66 
 14748      66736574 
 14748      00
 14749              	.LASF137:
 14750 046e 7061796C 		.ascii	"payload\000"
 14750      6F616400 
 14751              	.LASF52:
 14752 0476 77696474 		.ascii	"width\000"
 14752      6800
 14753              	.LASF27:
 14754 047c 52435F45 		.ascii	"RC_ERROR_CHECKSUM\000"
 14754      52524F52 
 14754      5F434845 
ARM GAS  C:\Users\91819\AppData\Local\Temp\ccy28JmR.s 			page 286


 14754      434B5355 
 14754      4D00
 14755              	.LASF119:
 14756 048e 53543737 		.ascii	"ST7735_RDID1\000"
 14756      33355F52 
 14756      44494431 
 14756      00
 14757              	.LASF120:
 14758 049b 53543737 		.ascii	"ST7735_RDID2\000"
 14758      33355F52 
 14758      44494432 
 14758      00
 14759              	.LASF121:
 14760 04a8 53543737 		.ascii	"ST7735_RDID3\000"
 14760      33355F52 
 14760      44494433 
 14760      00
 14761              	.LASF122:
 14762 04b5 53543737 		.ascii	"ST7735_RDID4\000"
 14762      33355F52 
 14762      44494434 
 14762      00
 14763              	.LASF96:
 14764 04c2 53543737 		.ascii	"ST7735_NORON\000"
 14764      33355F4E 
 14764      4F524F4E 
 14764      00
 14765              	.LASF88:
 14766 04cf 4C42424C 		.ascii	"LBBLUE\000"
 14766      554500
 14767              	.LASF99:
 14768 04d6 53543737 		.ascii	"ST7735_DISPOFF\000"
 14768      33355F44 
 14768      4953504F 
 14768      464600
 14769              	.LASF134:
 14770 04e5 5446545F 		.ascii	"TFT_DATA\000"
 14770      44415441 
 14770      00
 14771              	.LASF75:
 14772 04ee 4D414745 		.ascii	"MAGENTA\000"
 14772      4E544100 
 14773              	.LASF60:
 14774 04f6 66697273 		.ascii	"first\000"
 14774      7400
 14775              	.LASF236:
 14776 04fc 77726170 		.ascii	"wrap\000"
 14776      00
 14777              	.LASF156:
 14778 0501 5446545F 		.ascii	"TFT_setBacklight\000"
 14778      73657442 
 14778      61636B6C 
 14778      69676874 
 14778      00
 14779              	.LASF92:
 14780 0512 53543737 		.ascii	"ST7735_RDDST\000"
 14780      33355F52 
ARM GAS  C:\Users\91819\AppData\Local\Temp\ccy28JmR.s 			page 287


 14780      44445354 
 14780      00
 14781              	.LASF80:
 14782 051f 42525245 		.ascii	"BRRED\000"
 14782      4400
 14783              	.LASF79:
 14784 0525 42524F57 		.ascii	"BROWN\000"
 14784      4E00
 14785              	.LASF191:
 14786 052b 5446545F 		.ascii	"TFT_writeLine\000"
 14786      77726974 
 14786      654C696E 
 14786      6500
 14787              	.LASF193:
 14788 0539 5F616273 		.ascii	"_abs\000"
 14788      00
 14789              	.LASF81:
 14790 053e 47524159 		.ascii	"GRAY\000"
 14790      00
 14791              	.LASF13:
 14792 0543 63686172 		.ascii	"char\000"
 14792      00
 14793              	.LASF14:
 14794 0548 52435F53 		.ascii	"RC_SUCCESS\000"
 14794      55434345 
 14794      535300
 14795              	.LASF221:
 14796 0553 5446545F 		.ascii	"TFT_getCursorX\000"
 14796      67657443 
 14796      7572736F 
 14796      725800
 14797              	.LASF222:
 14798 0562 5446545F 		.ascii	"TFT_getCursorY\000"
 14798      67657443 
 14798      7572736F 
 14798      725900
 14799              	.LASF57:
 14800 0571 47465867 		.ascii	"GFXglyph\000"
 14800      6C797068 
 14800      00
 14801              	.LASF183:
 14802 057a 5446545F 		.ascii	"TFT_drawCircleHelper\000"
 14802      64726177 
 14802      43697263 
 14802      6C654865 
 14802      6C706572 
 14803              	.LASF12:
 14804 058f 626F6F6C 		.ascii	"boolean_t\000"
 14804      65616E5F 
 14804      7400
 14805              	.LASF71:
 14806 0599 424C5545 		.ascii	"BLUE\000"
 14806      00
 14807              	.LASF145:
 14808 059e 6D696E79 		.ascii	"miny\000"
 14808      00
 14809              	.LASF65:
ARM GAS  C:\Users\91819\AppData\Local\Temp\ccy28JmR.s 			page 288


 14810 05a3 5446545F 		.ascii	"TFT_rot_90\000"
 14810      726F745F 
 14810      393000
 14811              	.LASF176:
 14812 05ae 43794465 		.ascii	"CyDelay\000"
 14812      6C617900 
 14813              	.LASF153:
 14814 05b6 63686172 		.ascii	"charBounds\000"
 14814      426F756E 
 14814      647300
 14815              	.LASF35:
 14816 05c1 52435F45 		.ascii	"RC_ERROR_BAD_DATA\000"
 14816      52524F52 
 14816      5F424144 
 14816      5F444154 
 14816      4100
 14817              	.LASF201:
 14818 05d3 64793031 		.ascii	"dy01\000"
 14818      00
 14819              	.LASF203:
 14820 05d8 64793032 		.ascii	"dy02\000"
 14820      00
 14821              	.LASF3:
 14822 05dd 75696E74 		.ascii	"uint8_t\000"
 14822      385F7400 
 14823              	.LASF56:
 14824 05e5 794F6666 		.ascii	"yOffset\000"
 14824      73657400 
 14825              	.LASF231:
 14826 05ed 5F776964 		.ascii	"_width\000"
 14826      746800
 14827              	.LASF159:
 14828 05f4 5446545F 		.ascii	"TFT_BackLight_ReadCompare\000"
 14828      4261636B 
 14828      4C696768 
 14828      745F5265 
 14828      6164436F 
 14829              	.LASF212:
 14830 060e 62697473 		.ascii	"bits\000"
 14830      00
 14831              	.LASF103:
 14832 0613 53543737 		.ascii	"ST7735_RAMWR\000"
 14832      33355F52 
 14832      414D5752 
 14832      00
 14833              	.LASF192:
 14834 0620 73746565 		.ascii	"steep\000"
 14834      7000
 14835              	.LASF76:
 14836 0626 47524545 		.ascii	"GREEN\000"
 14836      4E00
 14837              	.LASF10:
 14838 062c 6C6F6E67 		.ascii	"long long int\000"
 14838      206C6F6E 
 14838      6720696E 
 14838      7400
 14839              	.LASF140:
ARM GAS  C:\Users\91819\AppData\Local\Temp\ccy28JmR.s 			page 289


 14840 063a 77726974 		.ascii	"write\000"
 14840      6500
 14841              	.LASF152:
 14842 0640 4C4F475F 		.ascii	"LOG_E\000"
 14842      4500
 14843              	.LASF36:
 14844 0646 52435F45 		.ascii	"RC_ERROR_CANCELED\000"
 14844      52524F52 
 14844      5F43414E 
 14844      43454C45 
 14844      4400
 14845              	.LASF64:
 14846 0658 5446545F 		.ascii	"TFT_rot_0\000"
 14846      726F745F 
 14846      3000
 14847              	.LASF205:
 14848 0662 64793132 		.ascii	"dy12\000"
 14848      00
 14849              	.LASF130:
 14850 0667 53543737 		.ascii	"ST7735_MADCTL_BGR\000"
 14850      33355F4D 
 14850      41444354 
 14850      4C5F4247 
 14850      5200
 14851              	.LASF207:
 14852 0679 5446545F 		.ascii	"TFT_fillRoundRect\000"
 14852      66696C6C 
 14852      526F756E 
 14852      64526563 
 14852      7400
 14853              	.LASF42:
 14854 068b 5F5F696E 		.ascii	"__int16_t\000"
 14854      7431365F 
 14854      7400
 14855              	.LASF242:
 14856 0695 5446545F 		.ascii	"TFT_send\000"
 14856      73656E64 
 14856      00
 14857              	.LASF232:
 14858 069e 5F686569 		.ascii	"_height\000"
 14858      67687400 
 14859              	.LASF224:
 14860 06a6 666F6E74 		.ascii	"font\000"
 14860      00
 14861              	.LASF21:
 14862 06ab 52435F45 		.ascii	"RC_ERROR_UNDERRUN\000"
 14862      52524F52 
 14862      5F554E44 
 14862      45525255 
 14862      4E00
 14863              	.LASF173:
 14864 06bd 5446545F 		.ascii	"TFT_fillScreen\000"
 14864      66696C6C 
 14864      53637265 
 14864      656E00
 14865              	.LASF210:
 14866 06cc 73697A65 		.ascii	"size\000"
ARM GAS  C:\Users\91819\AppData\Local\Temp\ccy28JmR.s 			page 290


 14866      00
 14867              	.LASF18:
 14868 06d1 52435F45 		.ascii	"RC_ERROR_MEMORY\000"
 14868      52524F52 
 14868      5F4D454D 
 14868      4F525900 
 14869              	.LASF112:
 14870 06e1 53543737 		.ascii	"ST7735_DISSET5\000"
 14870      33355F44 
 14870      49535345 
 14870      543500
 14871              	.LASF168:
 14872 06f0 5446545F 		.ascii	"TFT_setTextSize\000"
 14872      73657454 
 14872      65787453 
 14872      697A6500 
 14873              	.LASF85:
 14874 0700 4C494748 		.ascii	"LIGHTGREEN\000"
 14874      54475245 
 14874      454E00
 14875              	.LASF206:
 14876 070b 5446545F 		.ascii	"TFT_drawRoundRect\000"
 14876      64726177 
 14876      526F756E 
 14876      64526563 
 14876      7400
 14877              	.LASF78:
 14878 071d 59454C4C 		.ascii	"YELLOW\000"
 14878      4F5700
 14879              	.LASF53:
 14880 0724 68656967 		.ascii	"height\000"
 14880      687400
 14881              	.LASF164:
 14882 072b 5446545F 		.ascii	"TFT_setColors\000"
 14882      73657443 
 14882      6F6C6F72 
 14882      7300
 14883              	.LASF225:
 14884 0739 636F6C73 		.ascii	"colstart\000"
 14884      74617274 
 14884      00
 14885              	.LASF41:
 14886 0742 5F5F696E 		.ascii	"__int8_t\000"
 14886      74385F74 
 14886      00
 14887              	.LASF240:
 14888 074b 736F7572 		.ascii	"source\\bsw\\tft\\tft.c\000"
 14888      63655C62 
 14888      73775C74 
 14888      66745C74 
 14888      66742E63 
 14889              	.LASF138:
 14890 0760 5446545F 		.ascii	"TFT_data_t\000"
 14890      64617461 
 14890      5F7400
 14891              	.LASF87:
 14892 076b 4C475241 		.ascii	"LGRAYBLUE\000"
ARM GAS  C:\Users\91819\AppData\Local\Temp\ccy28JmR.s 			page 291


 14892      59424C55 
 14892      4500
 14893              	.LASF22:
 14894 0775 52435F45 		.ascii	"RC_ERROR_BUFFER_FULL\000"
 14894      52524F52 
 14894      5F425546 
 14894      4645525F 
 14894      46554C4C 
 14895              	.LASF166:
 14896 078a 5446545F 		.ascii	"TFT_getBGcolor\000"
 14896      67657442 
 14896      47636F6C 
 14896      6F7200
 14897              	.LASF45:
 14898 0799 6C6F6E67 		.ascii	"long double\000"
 14898      20646F75 
 14898      626C6500 
 14899              	.LASF216:
 14900 07a5 5446545F 		.ascii	"TFT_print\000"
 14900      7072696E 
 14900      7400
 14901              	.LASF4:
 14902 07af 75696E74 		.ascii	"uint16_t\000"
 14902      31365F74 
 14902      00
 14903              	.LASF162:
 14904 07b8 5446545F 		.ascii	"TFT_setTextColor\000"
 14904      73657454 
 14904      65787443 
 14904      6F6C6F72 
 14904      00
 14905              	.LASF175:
 14906 07c9 5446545F 		.ascii	"TFT_RES_Write\000"
 14906      5245535F 
 14906      57726974 
 14906      6500
 14907              	.LASF73:
 14908 07d7 47524544 		.ascii	"GRED\000"
 14908      00
 14909              	.LASF28:
 14910 07dc 52435F45 		.ascii	"RC_ERROR_READ_ONLY\000"
 14910      52524F52 
 14910      5F524541 
 14910      445F4F4E 
 14910      4C5900
 14911              	.LASF24:
 14912 07ef 52435F45 		.ascii	"RC_ERROR_BUSY\000"
 14912      52524F52 
 14912      5F425553 
 14912      5900
 14913              	.LASF34:
 14914 07fd 52435F45 		.ascii	"RC_ERROR_BAD_PARAM\000"
 14914      52524F52 
 14914      5F424144 
 14914      5F504152 
 14914      414D00
 14915              	.LASF2:
ARM GAS  C:\Users\91819\AppData\Local\Temp\ccy28JmR.s 			page 292


 14916 0810 73686F72 		.ascii	"short int\000"
 14916      7420696E 
 14916      7400
 14917              	.LASF174:
 14918 081a 5446545F 		.ascii	"TFT_SPI_Start\000"
 14918      5350495F 
 14918      53746172 
 14918      7400
 14919              	.LASF102:
 14920 0828 53543737 		.ascii	"ST7735_RASET\000"
 14920      33355F52 
 14920      41534554 
 14920      00
 14921              	.LASF6:
 14922 0835 6C6F6E67 		.ascii	"long int\000"
 14922      20696E74 
 14922      00
 14923              	.LASF69:
 14924 083e 57484954 		.ascii	"WHITE\000"
 14924      4500
 14925              	.LASF39:
 14926 0844 52435F45 		.ascii	"RC_ERROR_NOT_IMPLEMENTED\000"
 14926      52524F52 
 14926      5F4E4F54 
 14926      5F494D50 
 14926      4C454D45 
 14927              	.LASF91:
 14928 085d 53543737 		.ascii	"ST7735_RDDID\000"
 14928      33355F52 
 14928      44444944 
 14928      00
 14929              	.LASF195:
 14930 086a 5446545F 		.ascii	"TFT_invertDisplay\000"
 14930      696E7665 
 14930      72744469 
 14930      73706C61 
 14930      7900
 14931              	.LASF172:
 14932 087c 636F6C6F 		.ascii	"color\000"
 14932      7200
 14933              	.LASF131:
 14934 0882 53543737 		.ascii	"ST7735_MADCTL_MH\000"
 14934      33355F4D 
 14934      41444354 
 14934      4C5F4D48 
 14934      00
 14935              	.LASF129:
 14936 0893 53543737 		.ascii	"ST7735_MADCTL_ML\000"
 14936      33355F4D 
 14936      41444354 
 14936      4C5F4D4C 
 14936      00
 14937              	.LASF107:
 14938 08a4 53543737 		.ascii	"ST7735_MADCTL\000"
 14938      33355F4D 
 14938      41444354 
 14938      4C00
ARM GAS  C:\Users\91819\AppData\Local\Temp\ccy28JmR.s 			page 293


 14939              	.LASF199:
 14940 08b2 5446545F 		.ascii	"TFT_fillTriangle\000"
 14940      66696C6C 
 14940      54726961 
 14940      6E676C65 
 14940      00
 14941              	.LASF128:
 14942 08c3 53543737 		.ascii	"ST7735_MADCTL_MV\000"
 14942      33355F4D 
 14942      41444354 
 14942      4C5F4D56 
 14942      00
 14943              	.LASF127:
 14944 08d4 53543737 		.ascii	"ST7735_MADCTL_MX\000"
 14944      33355F4D 
 14944      41444354 
 14944      4C5F4D58 
 14944      00
 14945              	.LASF126:
 14946 08e5 53543737 		.ascii	"ST7735_MADCTL_MY\000"
 14946      33355F4D 
 14946      41444354 
 14946      4C5F4D59 
 14946      00
 14947              	.LASF30:
 14948 08f6 52435F45 		.ascii	"RC_ERROR_INVALID\000"
 14948      52524F52 
 14948      5F494E56 
 14948      414C4944 
 14948      00
 14949              	.LASF93:
 14950 0907 53543737 		.ascii	"ST7735_SLPIN\000"
 14950      33355F53 
 14950      4C50494E 
 14950      00
 14951              	.LASF196:
 14952 0914 5446545F 		.ascii	"TFT_drawCircle\000"
 14952      64726177 
 14952      43697263 
 14952      6C6500
 14953              	.LASF139:
 14954 0923 72656164 		.ascii	"read\000"
 14954      00
 14955              	.LASF148:
 14956 0928 705F6E65 		.ascii	"p_next_frame\000"
 14956      78745F66 
 14956      72616D65 
 14956      00
 14957              	.LASF182:
 14958 0935 5446545F 		.ascii	"TFT_drawPixel\000"
 14958      64726177 
 14958      50697865 
 14958      6C00
 14959              	.LASF72:
 14960 0943 42524544 		.ascii	"BRED\000"
 14960      00
 14961              	.LASF194:
ARM GAS  C:\Users\91819\AppData\Local\Temp\ccy28JmR.s 			page 294


 14962 0948 79737465 		.ascii	"ystep\000"
 14962      7000
 14963              	.LASF31:
 14964 094e 52435F45 		.ascii	"RC_ERROR_READ_FAILS\000"
 14964      52524F52 
 14964      5F524541 
 14964      445F4641 
 14964      494C5300 
 14965              	.LASF90:
 14966 0962 53543737 		.ascii	"ST7735_SWRESET\000"
 14966      33355F53 
 14966      57524553 
 14966      455400
 14967              	.LASF165:
 14968 0971 5446545F 		.ascii	"TFT_getFGcolor\000"
 14968      67657446 
 14968      47636F6C 
 14968      6F7200
 14969              	.LASF237:
 14970 0980 67667846 		.ascii	"gfxFont\000"
 14970      6F6E7400 
 14971              	.LASF46:
 14972 0988 73697A65 		.ascii	"sizetype\000"
 14972      74797065 
 14972      00
 14973              	.LASF7:
 14974 0991 6C6F6E67 		.ascii	"long unsigned int\000"
 14974      20756E73 
 14974      69676E65 
 14974      6420696E 
 14974      7400
 14975              	.LASF228:
 14976 09a3 79737461 		.ascii	"ystart\000"
 14976      727400
 14977              	.LASF40:
 14978 09aa 52435F74 		.ascii	"RC_t\000"
 14978      00
 14979              	.LASF49:
 14980 09af 696E7433 		.ascii	"int32_t\000"
 14980      325F7400 
 14981              	.LASF243:
 14982 09b7 5446545F 		.ascii	"TFT_init\000"
 14982      696E6974 
 14982      00
 14983              	.LASF155:
 14984 09c0 5F5F5446 		.ascii	"__TFT_SPI_TX_ISR\000"
 14984      545F5350 
 14984      495F5458 
 14984      5F495352 
 14984      00
 14985              	.LASF163:
 14986 09d1 5446545F 		.ascii	"TFT_setcolor\000"
 14986      73657463 
 14986      6F6C6F72 
 14986      00
 14987              	.LASF59:
 14988 09de 676C7970 		.ascii	"glyph\000"
ARM GAS  C:\Users\91819\AppData\Local\Temp\ccy28JmR.s 			page 295


 14988      6800
 14989              	.LASF215:
 14990 09e4 5446545F 		.ascii	"TFT_write\000"
 14990      77726974 
 14990      6500
 14991              	.LASF167:
 14992 09ee 5446545F 		.ascii	"TFT_setTextWrap\000"
 14992      73657454 
 14992      65787457 
 14992      72617000 
 14993              	.LASF188:
 14994 09fe 5446545F 		.ascii	"TFT_fillCircleHelper\000"
 14994      66696C6C 
 14994      43697263 
 14994      6C654865 
 14994      6C706572 
 14995              	.LASF151:
 14996 0a13 74797065 		.ascii	"type\000"
 14996      00
 14997              	.LASF20:
 14998 0a18 52435F45 		.ascii	"RC_ERROR_OVERRUN\000"
 14998      52524F52 
 14998      5F4F5645 
 14998      5252554E 
 14998      00
 14999              	.LASF50:
 15000 0a29 5446545F 		.ascii	"TFT_color_t\000"
 15000      636F6C6F 
 15000      725F7400 
 15001              	.LASF1:
 15002 0a35 756E7369 		.ascii	"unsigned char\000"
 15002      676E6564 
 15002      20636861 
 15002      7200
 15003              	.LASF58:
 15004 0a43 6269746D 		.ascii	"bitmap\000"
 15004      617000
 15005              	.LASF219:
 15006 0a4a 5446545F 		.ascii	"TFT_height\000"
 15006      68656967 
 15006      687400
 15007              	.LASF211:
 15008 0a55 6C696E65 		.ascii	"line\000"
 15008      00
 15009              	.LASF23:
 15010 0a5a 52435F45 		.ascii	"RC_ERROR_BUFFER_EMTPY\000"
 15010      52524F52 
 15010      5F425546 
 15010      4645525F 
 15010      454D5450 
 15011              	.LASF132:
 15012 0a70 53543737 		.ascii	"ST7735_MADCTL_RGB\000"
 15012      33355F4D 
 15012      41444354 
 15012      4C5F5247 
 15012      4200
 15013              	.LASF150:
ARM GAS  C:\Users\91819\AppData\Local\Temp\ccy28JmR.s 			page 296


 15014 0a82 5446545F 		.ascii	"TFT_DC_Write\000"
 15014      44435F57 
 15014      72697465 
 15014      00
 15015              	.LASF208:
 15016 0a8f 5446545F 		.ascii	"TFT_drawRect\000"
 15016      64726177 
 15016      52656374 
 15016      00
 15017              	.LASF38:
 15018 0a9c 52435F45 		.ascii	"RC_ERROR_UNKNOWN\000"
 15018      52524F52 
 15018      5F554E4B 
 15018      4E4F574E 
 15018      00
 15019              	.LASF84:
 15020 0aad 47524159 		.ascii	"GRAYBLUE\000"
 15020      424C5545 
 15020      00
 15021              	.LASF66:
 15022 0ab6 5446545F 		.ascii	"TFT_rot_180\000"
 15022      726F745F 
 15022      31383000 
 15023              	.LASF77:
 15024 0ac2 4359414E 		.ascii	"CYAN\000"
 15024      00
 15025              	.LASF177:
 15026 0ac7 61646472 		.ascii	"addr\000"
 15026      00
 15027              	.LASF144:
 15028 0acc 6D696E78 		.ascii	"minx\000"
 15028      00
 15029              	.LASF178:
 15030 0ad1 6E756D43 		.ascii	"numCommands\000"
 15030      6F6D6D61 
 15030      6E647300 
 15031              	.LASF113:
 15032 0add 53543737 		.ascii	"ST7735_PWCTR1\000"
 15032      33355F50 
 15032      57435452 
 15032      3100
 15033              	.LASF114:
 15034 0aeb 53543737 		.ascii	"ST7735_PWCTR2\000"
 15034      33355F50 
 15034      57435452 
 15034      3200
 15035              	.LASF116:
 15036 0af9 53543737 		.ascii	"ST7735_PWCTR4\000"
 15036      33355F50 
 15036      57435452 
 15036      3400
 15037              	.LASF117:
 15038 0b07 53543737 		.ascii	"ST7735_PWCTR5\000"
 15038      33355F50 
 15038      57435452 
 15038      3500
 15039              	.LASF123:
ARM GAS  C:\Users\91819\AppData\Local\Temp\ccy28JmR.s 			page 297


 15040 0b15 53543737 		.ascii	"ST7735_PWCTR6\000"
 15040      33355F50 
 15040      57435452 
 15040      3600
 15041              	.LASF184:
 15042 0b23 636F726E 		.ascii	"cornername\000"
 15042      65726E61 
 15042      6D6500
 15043              	.LASF54:
 15044 0b2e 78416476 		.ascii	"xAdvance\000"
 15044      616E6365 
 15044      00
 15045              	.LASF214:
 15046 0b37 796F3136 		.ascii	"yo16\000"
 15046      00
 15047              	.LASF55:
 15048 0b3c 784F6666 		.ascii	"xOffset\000"
 15048      73657400 
 15049              	.LASF185:
 15050 0b44 6464465F 		.ascii	"ddF_x\000"
 15050      7800
 15051              	.LASF186:
 15052 0b4a 6464465F 		.ascii	"ddF_y\000"
 15052      7900
 15053              	.LASF0:
 15054 0b50 7369676E 		.ascii	"signed char\000"
 15054      65642063 
 15054      68617200 
 15055              	.LASF101:
 15056 0b5c 53543737 		.ascii	"ST7735_CASET\000"
 15056      33355F43 
 15056      41534554 
 15056      00
 15057              	.LASF189:
 15058 0b69 64656C74 		.ascii	"delta\000"
 15058      6100
 15059              	.LASF5:
 15060 0b6f 73686F72 		.ascii	"short unsigned int\000"
 15060      7420756E 
 15060      7369676E 
 15060      65642069 
 15060      6E7400
 15061              	.LASF146:
 15062 0b82 6D617878 		.ascii	"maxx\000"
 15062      00
 15063              	.LASF147:
 15064 0b87 6D617879 		.ascii	"maxy\000"
 15064      00
 15065              	.LASF9:
 15066 0b8c 646F7562 		.ascii	"double\000"
 15066      6C6500
 15067              	.LASF133:
 15068 0b93 5446545F 		.ascii	"TFT_CMD\000"
 15068      434D4400 
 15069              	.LASF226:
 15070 0b9b 726F7773 		.ascii	"rowstart\000"
 15070      74617274 
ARM GAS  C:\Users\91819\AppData\Local\Temp\ccy28JmR.s 			page 298


 15070      00
 15071              	.LASF160:
 15072 0ba4 5446545F 		.ascii	"TFT_setRotation\000"
 15072      73657452 
 15072      6F746174 
 15072      696F6E00 
 15073              	.LASF97:
 15074 0bb4 53543737 		.ascii	"ST7735_INVOFF\000"
 15074      33355F49 
 15074      4E564F46 
 15074      4600
 15075              	.LASF220:
 15076 0bc2 5446545F 		.ascii	"TFT_getRotation\000"
 15076      67657452 
 15076      6F746174 
 15076      696F6E00 
 15077              	.LASF118:
 15078 0bd2 53543737 		.ascii	"ST7735_VMCTR1\000"
 15078      33355F56 
 15078      4D435452 
 15078      3100
 15079              	.LASF149:
 15080 0be0 5446545F 		.ascii	"TFT_SPI_WriteTxData\000"
 15080      5350495F 
 15080      57726974 
 15080      65547844 
 15080      61746100 
 15081              	.LASF213:
 15082 0bf4 786F3136 		.ascii	"xo16\000"
 15082      00
 15083              	.LASF100:
 15084 0bf9 53543737 		.ascii	"ST7735_DISPON\000"
 15084      33355F44 
 15084      4953504F 
 15084      4E00
 15085              	.LASF19:
 15086 0c07 52435F45 		.ascii	"RC_ERROR_RANGE\000"
 15086      52524F52 
 15086      5F52414E 
 15086      474500
 15087              		.ident	"GCC: (GNU Tools for ARM Embedded Processors) 5.4.1 20160609 (release) [ARM/embedded-5-bran
