Loading plugins phase: Elapsed time ==> 0s.242ms
<CYPRESSTAG name="CyDsfit arguments...">
cydsfit arguments: -.fdsnotice -.fdswarpdepfile=warp_dependencies.txt -.fdselabdepfile=elab_dependencies.txt -.fdsbldfile=generated_files.txt -.fdsreffile=referenced_files.txt -p C:\Users\91819\Documents\HDA_Sem2\EAA\Assignments\Assignment2_digitalClock\electronicClock.cydsn\electronicClock.cydsn\electronicClock.cyprj -d CY8C5888LTI-LP097 -s C:\Users\91819\Documents\HDA_Sem2\EAA\Assignments\Assignment2_digitalClock\electronicClock.cydsn\electronicClock.cydsn\Generated_Source\PSoC5 -- -yv2 -q10 -ygs -o2 -v3 -.fftcfgtype=LE
</CYPRESSTAG>
<CYPRESSTAG name="Design elaboration results...">
ADD: sdb.M0065: information: Analog terminal "vdac_ref" on ADC_SAR_SEQ_v2_10 is unconnected.
 * C:\Program Files (x86)\Cypress\PSoC Creator\4.4\PSoC Creator\psoc\content\CyComponentLibrary\CyComponentLibrary.cylib\ADC_SAR_SEQ_v2_10\PSoC5\ADC_SAR_SEQ_v2_10.cysch (Signal: vdac_ref)
 * C:\Program Files (x86)\Cypress\PSoC Creator\4.4\PSoC Creator\psoc\content\CyComponentLibrary\CyComponentLibrary.cylib\ADC_SAR_SEQ_v2_10\PSoC5\ADC_SAR_SEQ_v2_10.cysch (Shape_798)
 * C:\Program Files (x86)\Cypress\PSoC Creator\4.4\PSoC Creator\psoc\content\CyComponentLibrary\CyComponentLibrary.cylib\ADC_SAR_SEQ_v2_10\PSoC5\ADC_SAR_SEQ_v2_10.cysch (Shape_885)

ADD: fit.M0032: warning: Clock Warning: (TFT_SPI_IntClock's accuracy range '72 MHz +/- 0.25%, (71.82 MHz - 72.18 MHz)' is not within the specified tolerance range '66 MHz +/- 5%, (62.7 MHz - 69.3 MHz)'.).
 * C:\Program Files (x86)\Cypress\PSoC Creator\4.4\PSoC Creator\psoc\content\CyComponentLibrary\CyComponentLibrary.cylib\SPI_Master_v2_50\SPI_Master_v2_50.cysch (Instance:IntClock)
 * C:\Users\91819\Documents\HDA_Sem2\EAA\Assignments\Assignment2_digitalClock\electronicClock.cydsn\electronicClock.cydsn\electronicClock.cydwr (TFT_SPI_IntClock)

</CYPRESSTAG>
Elaboration phase: Elapsed time ==> 3s.514ms
<CYPRESSTAG name="HDL generation results...">
</CYPRESSTAG>
HDL generation phase: Elapsed time ==> 0s.100ms
<CYPRESSTAG name="Synthesis results...">

     | | | | | | |
   _________________
  -|               |-
  -|               |-
  -|               |-
  -|    CYPRESS    |-
  -|               |-
  -|               |-   Warp Verilog Synthesis Compiler: Version 6.3 IR 41
  -|               |-   Copyright (C) 1991-2001 Cypress Semiconductor
   |_______________|
     | | | | | | |

======================================================================
Compiling:  electronicClock.v
Program  :   C:\Program Files (x86)\Cypress\PSoC Creator\4.4\PSoC Creator\warp\bin\warp.exe
Options  :    -yv2 -q10 -ygs -o2 -v3 -.fftcfgtype=LE -ya -.fftprj=C:\Users\91819\Documents\HDA_Sem2\EAA\Assignments\Assignment2_digitalClock\electronicClock.cydsn\electronicClock.cydsn\electronicClock.cyprj -dcpsoc3 electronicClock.v -verilog
======================================================================

======================================================================
Compiling:  electronicClock.v
Program  :   C:\Program Files (x86)\Cypress\PSoC Creator\4.4\PSoC Creator\warp\bin\warp.exe
Options  :    -yv2 -q10 -ygs -o2 -v3 -.fftcfgtype=LE -ya -.fftprj=C:\Users\91819\Documents\HDA_Sem2\EAA\Assignments\Assignment2_digitalClock\electronicClock.cydsn\electronicClock.cydsn\electronicClock.cyprj -dcpsoc3 electronicClock.v -verilog
======================================================================

======================================================================
Compiling:  electronicClock.v
Program  :   vlogfe
Options  :    -yv2 -q10 -ygs -o2 -v3 -.fftcfgtype=LE -ya -.fftprj=C:\Users\91819\Documents\HDA_Sem2\EAA\Assignments\Assignment2_digitalClock\electronicClock.cydsn\electronicClock.cydsn\electronicClock.cyprj -dcpsoc3 -verilog electronicClock.v
======================================================================

vlogfe V6.3 IR 41:  Verilog parser
Wed Jul 13 14:22:42 2022


======================================================================
Compiling:  electronicClock.v
Program  :   vpp
Options  :    -yv2 -q10 electronicClock.v
======================================================================

vpp V6.3 IR 41:  Verilog Pre-Processor
Wed Jul 13 14:22:42 2022

Flattening file 'C:\Program Files (x86)\Cypress\PSoC Creator\4.4\PSoC Creator\psoc\content\CyPrimitives\cyprimitives.cylib\CyControlReg_v1_80\CyControlReg_v1_80.v'
Flattening file 'C:\Program Files (x86)\Cypress\PSoC Creator\4.4\PSoC Creator\warp\lib\common\cypress.v'
Flattening file 'C:\Program Files (x86)\Cypress\PSoC Creator\4.4\PSoC Creator\warp\lib\common\cy_psoc3_inc.v'
Flattening file 'C:\Program Files (x86)\Cypress\PSoC Creator\4.4\PSoC Creator\psoc\content\CyPrimitives\cyprimitives.cylib\or_v1_0\or_v1_0.v'
Flattening file 'C:\Program Files (x86)\Cypress\PSoC Creator\4.4\PSoC Creator\psoc\content\CyPrimitives\cyprimitives.cylib\cy_virtualmux_v1_0\cy_virtualmux_v1_0.v'
Flattening file 'C:\Program Files (x86)\Cypress\PSoC Creator\4.4\PSoC Creator\psoc\content\CyComponentLibrary\CyComponentLibrary.cylib\B_UART_v2_50\B_UART_v2_50.v'
Flattening file 'C:\Program Files (x86)\Cypress\PSoC Creator\4.4\PSoC Creator\warp\lib\common\cypress.v'
Flattening file 'C:\Program Files (x86)\Cypress\PSoC Creator\4.4\PSoC Creator\psoc\content\CyComponentLibrary\CyComponentLibrary.cylib\B_PWM_v3_30\B_PWM_v3_30.v'
Flattening file 'C:\Program Files (x86)\Cypress\PSoC Creator\4.4\PSoC Creator\warp\lib\common\cypress.v'
Flattening file 'C:\Program Files (x86)\Cypress\PSoC Creator\4.4\PSoC Creator\psoc\content\CyPrimitives\cyprimitives.cylib\OneTerminal\OneTerminal.v'
Flattening file 'C:\Program Files (x86)\Cypress\PSoC Creator\4.4\PSoC Creator\psoc\content\CyPrimitives\cyprimitives.cylib\ZeroTerminal\ZeroTerminal.v'
Flattening file 'C:\Program Files (x86)\Cypress\PSoC Creator\4.4\PSoC Creator\psoc\content\CyComponentLibrary\CyComponentLibrary.cylib\ADC_AMUX_v2_0\ADC_AMUX_v2_0.v'
Flattening file 'C:\Program Files (x86)\Cypress\PSoC Creator\4.4\PSoC Creator\warp\lib\common\cypress.v'
Flattening file 'C:\Program Files (x86)\Cypress\PSoC Creator\4.4\PSoC Creator\psoc\content\CyPrimitives\cyprimitives.cylib\cy_analog_virtualmux_v1_0\cy_analog_virtualmux_v1_0.v'
Flattening file 'C:\Program Files (x86)\Cypress\PSoC Creator\4.4\PSoC Creator\psoc\content\CyPrimitives\cyprimitives.cylib\cy_vref_v1_70\cy_vref_v1_70.v'
Flattening file 'C:\Program Files (x86)\Cypress\PSoC Creator\4.4\PSoC Creator\psoc\content\CyPrimitives\cyprimitives.cylib\cy_constant_v1_0\cy_constant_v1_0.v'
Flattening file 'C:\Program Files (x86)\Cypress\PSoC Creator\4.4\PSoC Creator\psoc\content\CyComponentLibrary\CyComponentLibrary.cylib\bADC_SAR_SEQ_v2_0\bADC_SAR_SEQ_v2_0.v'
Flattening file 'C:\Program Files (x86)\Cypress\PSoC Creator\4.4\PSoC Creator\warp\lib\common\cypress.v'
Flattening file 'C:\Program Files (x86)\Cypress\PSoC Creator\4.4\PSoC Creator\psoc\content\CyPrimitives\cyprimitives.cylib\cy_sync_v1_0\cy_sync_v1_0.v'
Flattening file 'C:\Program Files (x86)\Cypress\PSoC Creator\4.4\PSoC Creator\warp\lib\common\cypress.v'
Flattening file 'C:\Program Files (x86)\Cypress\PSoC Creator\4.4\PSoC Creator\psoc\content\CyComponentLibrary\CyComponentLibrary.cylib\B_SPI_Master_v2_50\B_SPI_Master_v2_50.v'
Flattening file 'C:\Program Files (x86)\Cypress\PSoC Creator\4.4\PSoC Creator\warp\lib\common\cypress.v'

vpp:  No errors.

Library 'work' => directory 'lcpsoc3'
General_symbol_table
General_symbol_table
Linking 'C:\Program Files (x86)\Cypress\PSoC Creator\4.4\PSoC Creator\warp\lib\common\std.vhd'.
Linking 'C:\Program Files (x86)\Cypress\PSoC Creator\4.4\PSoC Creator\warp\lib\common\cypress.vhd'.
Linking 'C:\Program Files (x86)\Cypress\PSoC Creator\4.4\PSoC Creator\warp\lib\common\work\cypress.vif'.
Linking 'C:\Program Files (x86)\Cypress\PSoC Creator\4.4\PSoC Creator\warp\lib\ieee\work\stdlogic.vif'.
Linking 'C:\Program Files (x86)\Cypress\PSoC Creator\4.4\PSoC Creator\warp\lib\common\stdlogic\lpmpkg.vif'.
Linking 'C:\Program Files (x86)\Cypress\PSoC Creator\4.4\PSoC Creator\warp\lib\common\stdlogic\rtlpkg.vif'.
Linking 'C:\Program Files (x86)\Cypress\PSoC Creator\4.4\PSoC Creator\warp\lib\common\stdlogic\mod_cnst.vif'.
Linking 'C:\Program Files (x86)\Cypress\PSoC Creator\4.4\PSoC Creator\warp\lib\common\stdlogic\mod_mthv.vif'.
Linking 'C:\Program Files (x86)\Cypress\PSoC Creator\4.4\PSoC Creator\warp\lib\common\stdlogic\mod_genv.vif'.
Using control file 'electronicClock.ctl'.
C:\Program Files (x86)\Cypress\PSoC Creator\4.4\PSoC Creator\psoc\content\CyComponentLibrary\CyComponentLibrary.cylib\B_UART_v2_50\B_UART_v2_50.v (line 1113, col 55):  Note: Substituting module 'add_vv_vv' for '+'.
C:\Program Files (x86)\Cypress\PSoC Creator\4.4\PSoC Creator\psoc\content\CyComponentLibrary\CyComponentLibrary.cylib\B_UART_v2_50\B_UART_v2_50.v (line 1122, col 48):  Note: Substituting module 'cmp_vv_vv' for '<'.
C:\Program Files (x86)\Cypress\PSoC Creator\4.4\PSoC Creator\psoc\content\CyComponentLibrary\CyComponentLibrary.cylib\B_UART_v2_50\B_UART_v2_50.v (line 1122, col 77):  Note: Substituting module 'cmp_vv_vv' for '<'.
C:\Program Files (x86)\Cypress\PSoC Creator\4.4\PSoC Creator\psoc\content\CyComponentLibrary\CyComponentLibrary.cylib\B_UART_v2_50\B_UART_v2_50.v (line 1389, col 59):  Note: Substituting module 'cmp_vv_vv' for '<'.
C:\Program Files (x86)\Cypress\PSoC Creator\4.4\PSoC Creator\psoc\content\CyComponentLibrary\CyComponentLibrary.cylib\B_UART_v2_50\B_UART_v2_50.v (line 1424, col 61):  Note: Substituting module 'cmp_vv_vv' for '/='.
C:\Program Files (x86)\Cypress\PSoC Creator\4.4\PSoC Creator\psoc\content\CyComponentLibrary\CyComponentLibrary.cylib\B_UART_v2_50\B_UART_v2_50.v (line 1547, col 106):  Note: Substituting module 'cmp_vv_vv' for '<'.
C:\Program Files (x86)\Cypress\PSoC Creator\4.4\PSoC Creator\psoc\content\CyComponentLibrary\CyComponentLibrary.cylib\B_UART_v2_50\B_UART_v2_50.v (line 1603, col 68):  Note: Substituting module 'cmp_vv_vv' for '<'.
C:\Program Files (x86)\Cypress\PSoC Creator\4.4\PSoC Creator\psoc\content\CyComponentLibrary\CyComponentLibrary.cylib\B_UART_v2_50\B_UART_v2_50.v (line 1604, col 68):  Note: Substituting module 'cmp_vv_vv' for '<'.
C:\Program Files (x86)\Cypress\PSoC Creator\4.4\PSoC Creator\psoc\content\CyComponentLibrary\CyComponentLibrary.cylib\B_PWM_v3_30\B_PWM_v3_30.v (line 947, col 46):  Note: Substituting module 'sub_vi_vv' for '-'.
C:\Program Files (x86)\Cypress\PSoC Creator\4.4\PSoC Creator\psoc\content\CyComponentLibrary\CyComponentLibrary.cylib\B_PWM_v3_30\B_PWM_v3_30.v (line 977, col 46):  Note: Substituting module 'add_vi_vv' for '+'.
electronicClock.v (line 1503, col 82):  Note: Substituting module 'cmp_vv_vv' for '='.
Linking 'C:\Program Files (x86)\Cypress\PSoC Creator\4.4\PSoC Creator\warp\lib\common\stdlogic\cy_psoc3pkg.vif'.
Linking 'C:\Program Files (x86)\Cypress\PSoC Creator\4.4\PSoC Creator\warp\lib\common\stdlogic\cy_psoc3.vif'.

vlogfe:  No errors.


======================================================================
Compiling:  electronicClock.v
Program  :   tovif
Options  :    -yv2 -q10 -ygs -o2 -v3 -.fftcfgtype=LE -ya -.fftprj=C:\Users\91819\Documents\HDA_Sem2\EAA\Assignments\Assignment2_digitalClock\electronicClock.cydsn\electronicClock.cydsn\electronicClock.cyprj -dcpsoc3 -verilog electronicClock.v
======================================================================

tovif V6.3 IR 41:  High-level synthesis
Wed Jul 13 14:22:43 2022

Linking 'C:\Program Files (x86)\Cypress\PSoC Creator\4.4\PSoC Creator\warp\lib\common\std.vhd'.
Linking 'C:\Program Files (x86)\Cypress\PSoC Creator\4.4\PSoC Creator\warp\lib\common\cypress.vhd'.
Linking 'C:\Program Files (x86)\Cypress\PSoC Creator\4.4\PSoC Creator\warp\lib\common\work\cypress.vif'.
Linking 'C:\Program Files (x86)\Cypress\PSoC Creator\4.4\PSoC Creator\warp\lib\ieee\work\stdlogic.vif'.
Linking 'C:\Program Files (x86)\Cypress\PSoC Creator\4.4\PSoC Creator\warp\lib\common\stdlogic\lpmpkg.vif'.
Linking 'C:\Program Files (x86)\Cypress\PSoC Creator\4.4\PSoC Creator\warp\lib\common\stdlogic\rtlpkg.vif'.
Linking 'C:\Program Files (x86)\Cypress\PSoC Creator\4.4\PSoC Creator\warp\lib\common\stdlogic\mod_cnst.vif'.
Linking 'C:\Program Files (x86)\Cypress\PSoC Creator\4.4\PSoC Creator\warp\lib\common\stdlogic\mod_mthv.vif'.
Linking 'C:\Program Files (x86)\Cypress\PSoC Creator\4.4\PSoC Creator\warp\lib\common\stdlogic\mod_genv.vif'.
Linking 'C:\Users\91819\Documents\HDA_Sem2\EAA\Assignments\Assignment2_digitalClock\electronicClock.cydsn\electronicClock.cydsn\codegentemp\electronicClock.ctl'.
Linking 'C:\Program Files (x86)\Cypress\PSoC Creator\4.4\PSoC Creator\psoc\content\CyPrimitives\cyprimitives.cylib\CyControlReg_v1_80\CyControlReg_v1_80.v'.
Linking 'C:\Program Files (x86)\Cypress\PSoC Creator\4.4\PSoC Creator\warp\lib\common\cypress.v'.
Linking 'C:\Program Files (x86)\Cypress\PSoC Creator\4.4\PSoC Creator\warp\lib\common\cy_psoc3_inc.v'.
Linking 'C:\Users\91819\Documents\HDA_Sem2\EAA\Assignments\Assignment2_digitalClock\electronicClock.cydsn\electronicClock.cydsn\codegentemp\electronicClock.v'.
Linking 'C:\Program Files (x86)\Cypress\PSoC Creator\4.4\PSoC Creator\psoc\content\CyPrimitives\cyprimitives.cylib\or_v1_0\or_v1_0.v'.
Linking 'C:\Program Files (x86)\Cypress\PSoC Creator\4.4\PSoC Creator\psoc\content\CyPrimitives\cyprimitives.cylib\cy_virtualmux_v1_0\cy_virtualmux_v1_0.v'.
Linking 'C:\Program Files (x86)\Cypress\PSoC Creator\4.4\PSoC Creator\psoc\content\CyComponentLibrary\CyComponentLibrary.cylib\B_UART_v2_50\B_UART_v2_50.v'.
Linking 'C:\Program Files (x86)\Cypress\PSoC Creator\4.4\PSoC Creator\psoc\content\CyComponentLibrary\CyComponentLibrary.cylib\B_PWM_v3_30\B_PWM_v3_30.v'.
Linking 'C:\Program Files (x86)\Cypress\PSoC Creator\4.4\PSoC Creator\psoc\content\CyPrimitives\cyprimitives.cylib\OneTerminal\OneTerminal.v'.
Linking 'C:\Program Files (x86)\Cypress\PSoC Creator\4.4\PSoC Creator\psoc\content\CyPrimitives\cyprimitives.cylib\ZeroTerminal\ZeroTerminal.v'.
Linking 'C:\Program Files (x86)\Cypress\PSoC Creator\4.4\PSoC Creator\psoc\content\CyComponentLibrary\CyComponentLibrary.cylib\ADC_AMUX_v2_0\ADC_AMUX_v2_0.v'.
Linking 'C:\Program Files (x86)\Cypress\PSoC Creator\4.4\PSoC Creator\psoc\content\CyPrimitives\cyprimitives.cylib\cy_analog_virtualmux_v1_0\cy_analog_virtualmux_v1_0.v'.
Linking 'C:\Program Files (x86)\Cypress\PSoC Creator\4.4\PSoC Creator\psoc\content\CyPrimitives\cyprimitives.cylib\cy_vref_v1_70\cy_vref_v1_70.v'.
Linking 'C:\Program Files (x86)\Cypress\PSoC Creator\4.4\PSoC Creator\psoc\content\CyPrimitives\cyprimitives.cylib\cy_constant_v1_0\cy_constant_v1_0.v'.
Linking 'C:\Program Files (x86)\Cypress\PSoC Creator\4.4\PSoC Creator\psoc\content\CyComponentLibrary\CyComponentLibrary.cylib\bADC_SAR_SEQ_v2_0\bADC_SAR_SEQ_v2_0.v'.
Linking 'C:\Program Files (x86)\Cypress\PSoC Creator\4.4\PSoC Creator\psoc\content\CyPrimitives\cyprimitives.cylib\cy_sync_v1_0\cy_sync_v1_0.v'.
Linking 'C:\Program Files (x86)\Cypress\PSoC Creator\4.4\PSoC Creator\psoc\content\CyComponentLibrary\CyComponentLibrary.cylib\B_SPI_Master_v2_50\B_SPI_Master_v2_50.v'.
Linking 'C:\Program Files (x86)\Cypress\PSoC Creator\4.4\PSoC Creator\warp\lib\common\stdlogic\cy_psoc3pkg.vif'.
Linking 'C:\Program Files (x86)\Cypress\PSoC Creator\4.4\PSoC Creator\warp\lib\common\stdlogic\cy_psoc3.vif'.
Linking 'C:\Program Files (x86)\Cypress\PSoC Creator\4.4\PSoC Creator\warp\lib\common\stdlogic\mcompare.vif'.
Linking 'C:\Program Files (x86)\Cypress\PSoC Creator\4.4\PSoC Creator\warp\lib\lcpsoc3\stdlogic\mod_cnst.vif'.

tovif:  No errors.


======================================================================
Compiling:  electronicClock.v
Program  :   topld
Options  :    -yv2 -q10 -ygs -o2 -v3 -.fftcfgtype=LE -ya -.fftprj=C:\Users\91819\Documents\HDA_Sem2\EAA\Assignments\Assignment2_digitalClock\electronicClock.cydsn\electronicClock.cydsn\electronicClock.cyprj -dcpsoc3 -verilog electronicClock.v
======================================================================

topld V6.3 IR 41:  Synthesis and optimization
Wed Jul 13 14:22:45 2022

Linking 'C:\Program Files (x86)\Cypress\PSoC Creator\4.4\PSoC Creator\warp\lib\common\std.vhd'.
Linking 'C:\Program Files (x86)\Cypress\PSoC Creator\4.4\PSoC Creator\warp\lib\common\cypress.vhd'.
Linking 'C:\Program Files (x86)\Cypress\PSoC Creator\4.4\PSoC Creator\warp\lib\common\work\cypress.vif'.
Linking 'C:\Program Files (x86)\Cypress\PSoC Creator\4.4\PSoC Creator\warp\lib\ieee\work\stdlogic.vif'.
Linking 'C:\Program Files (x86)\Cypress\PSoC Creator\4.4\PSoC Creator\warp\lib\common\stdlogic\lpmpkg.vif'.
Linking 'C:\Program Files (x86)\Cypress\PSoC Creator\4.4\PSoC Creator\warp\lib\common\stdlogic\rtlpkg.vif'.
Linking 'C:\Program Files (x86)\Cypress\PSoC Creator\4.4\PSoC Creator\warp\lib\common\stdlogic\mod_cnst.vif'.
Linking 'C:\Program Files (x86)\Cypress\PSoC Creator\4.4\PSoC Creator\warp\lib\common\stdlogic\mod_mthv.vif'.
Linking 'C:\Program Files (x86)\Cypress\PSoC Creator\4.4\PSoC Creator\warp\lib\common\stdlogic\mod_genv.vif'.
Linking 'C:\Users\91819\Documents\HDA_Sem2\EAA\Assignments\Assignment2_digitalClock\electronicClock.cydsn\electronicClock.cydsn\codegentemp\electronicClock.ctl'.
Linking 'C:\Program Files (x86)\Cypress\PSoC Creator\4.4\PSoC Creator\psoc\content\CyPrimitives\cyprimitives.cylib\CyControlReg_v1_80\CyControlReg_v1_80.v'.
Linking 'C:\Program Files (x86)\Cypress\PSoC Creator\4.4\PSoC Creator\warp\lib\common\cypress.v'.
Linking 'C:\Program Files (x86)\Cypress\PSoC Creator\4.4\PSoC Creator\warp\lib\common\cy_psoc3_inc.v'.
Linking 'C:\Users\91819\Documents\HDA_Sem2\EAA\Assignments\Assignment2_digitalClock\electronicClock.cydsn\electronicClock.cydsn\codegentemp\electronicClock.v'.
Linking 'C:\Program Files (x86)\Cypress\PSoC Creator\4.4\PSoC Creator\psoc\content\CyPrimitives\cyprimitives.cylib\or_v1_0\or_v1_0.v'.
Linking 'C:\Program Files (x86)\Cypress\PSoC Creator\4.4\PSoC Creator\psoc\content\CyPrimitives\cyprimitives.cylib\cy_virtualmux_v1_0\cy_virtualmux_v1_0.v'.
Linking 'C:\Program Files (x86)\Cypress\PSoC Creator\4.4\PSoC Creator\psoc\content\CyComponentLibrary\CyComponentLibrary.cylib\B_UART_v2_50\B_UART_v2_50.v'.
Linking 'C:\Program Files (x86)\Cypress\PSoC Creator\4.4\PSoC Creator\psoc\content\CyComponentLibrary\CyComponentLibrary.cylib\B_PWM_v3_30\B_PWM_v3_30.v'.
Linking 'C:\Program Files (x86)\Cypress\PSoC Creator\4.4\PSoC Creator\psoc\content\CyPrimitives\cyprimitives.cylib\OneTerminal\OneTerminal.v'.
Linking 'C:\Program Files (x86)\Cypress\PSoC Creator\4.4\PSoC Creator\psoc\content\CyPrimitives\cyprimitives.cylib\ZeroTerminal\ZeroTerminal.v'.
Linking 'C:\Program Files (x86)\Cypress\PSoC Creator\4.4\PSoC Creator\psoc\content\CyComponentLibrary\CyComponentLibrary.cylib\ADC_AMUX_v2_0\ADC_AMUX_v2_0.v'.
Linking 'C:\Program Files (x86)\Cypress\PSoC Creator\4.4\PSoC Creator\psoc\content\CyPrimitives\cyprimitives.cylib\cy_analog_virtualmux_v1_0\cy_analog_virtualmux_v1_0.v'.
Linking 'C:\Program Files (x86)\Cypress\PSoC Creator\4.4\PSoC Creator\psoc\content\CyPrimitives\cyprimitives.cylib\cy_vref_v1_70\cy_vref_v1_70.v'.
Linking 'C:\Program Files (x86)\Cypress\PSoC Creator\4.4\PSoC Creator\psoc\content\CyPrimitives\cyprimitives.cylib\cy_constant_v1_0\cy_constant_v1_0.v'.
Linking 'C:\Program Files (x86)\Cypress\PSoC Creator\4.4\PSoC Creator\psoc\content\CyComponentLibrary\CyComponentLibrary.cylib\bADC_SAR_SEQ_v2_0\bADC_SAR_SEQ_v2_0.v'.
Linking 'C:\Program Files (x86)\Cypress\PSoC Creator\4.4\PSoC Creator\psoc\content\CyPrimitives\cyprimitives.cylib\cy_sync_v1_0\cy_sync_v1_0.v'.
Linking 'C:\Program Files (x86)\Cypress\PSoC Creator\4.4\PSoC Creator\psoc\content\CyComponentLibrary\CyComponentLibrary.cylib\B_SPI_Master_v2_50\B_SPI_Master_v2_50.v'.
Linking 'C:\Program Files (x86)\Cypress\PSoC Creator\4.4\PSoC Creator\warp\lib\common\stdlogic\cy_psoc3pkg.vif'.
Linking 'C:\Program Files (x86)\Cypress\PSoC Creator\4.4\PSoC Creator\warp\lib\common\stdlogic\cy_psoc3.vif'.
Linking 'C:\Program Files (x86)\Cypress\PSoC Creator\4.4\PSoC Creator\warp\lib\common\stdlogic\mcompare.vif'.
Linking 'C:\Program Files (x86)\Cypress\PSoC Creator\4.4\PSoC Creator\warp\lib\lcpsoc3\stdlogic\mod_cnst.vif'.
Linking 'C:\Program Files (x86)\Cypress\PSoC Creator\4.4\PSoC Creator\warp\lib\lcpsoc3\stdlogic\cpsoc3.vif'.

----------------------------------------------------------
Detecting unused logic.
----------------------------------------------------------
    User names
	\UART_LOG:BUART:reset_sr\
	Net_1856
	Net_1852
	\UART_LOG:BUART:sRX:s23Poll:MODULE_2:g2:a0:b_1\
	\UART_LOG:BUART:sRX:s23Poll:MODULE_2:g2:a0:b_0\
	\UART_LOG:BUART:sRX:s23Poll:MODULE_3:g2:a0:gta_0\
	\UART_LOG:BUART:sRX:s23Poll:MODULE_4:g2:a0:gta_0\
	Net_1849
	\UART_LOG:BUART:sRX:MODULE_5:g2:a0:gta_0\
	\UART_LOG:BUART:sRX:MODULE_6:g1:a0:gx:u0:albi_1\
	\UART_LOG:BUART:sRX:MODULE_6:g1:a0:gx:u0:agbi_1\
	\UART_LOG:BUART:sRX:MODULE_6:g1:a0:gx:u0:lt_0\
	\UART_LOG:BUART:sRX:MODULE_6:g1:a0:gx:u0:gt_0\
	\UART_LOG:BUART:sRX:MODULE_6:g1:a0:gx:u0:lti_0\
	\UART_LOG:BUART:sRX:MODULE_6:g1:a0:gx:u0:gti_0\
	\UART_LOG:BUART:sRX:MODULE_6:g1:a0:gx:u0:albi_0\
	\UART_LOG:BUART:sRX:MODULE_6:g1:a0:gx:u0:agbi_0\
	\UART_LOG:BUART:sRX:MODULE_6:g1:a0:xeq\
	\UART_LOG:BUART:sRX:MODULE_6:g1:a0:xlt\
	\UART_LOG:BUART:sRX:MODULE_6:g1:a0:xlte\
	\UART_LOG:BUART:sRX:MODULE_6:g1:a0:xgt\
	\UART_LOG:BUART:sRX:MODULE_6:g1:a0:xgte\
	\UART_LOG:BUART:sRX:MODULE_6:lt\
	\UART_LOG:BUART:sRX:MODULE_6:eq\
	\UART_LOG:BUART:sRX:MODULE_6:gt\
	\UART_LOG:BUART:sRX:MODULE_6:gte\
	\UART_LOG:BUART:sRX:MODULE_6:lte\
	\RGB_PWM_red:PWMUDB:km_run\
	\RGB_PWM_red:PWMUDB:ctrl_cmpmode2_2\
	\RGB_PWM_red:PWMUDB:ctrl_cmpmode2_1\
	\RGB_PWM_red:PWMUDB:ctrl_cmpmode2_0\
	\RGB_PWM_red:PWMUDB:ctrl_cmpmode1_2\
	\RGB_PWM_red:PWMUDB:ctrl_cmpmode1_1\
	\RGB_PWM_red:PWMUDB:ctrl_cmpmode1_0\
	\RGB_PWM_red:PWMUDB:capt_rising\
	\RGB_PWM_red:PWMUDB:capt_falling\
	\RGB_PWM_red:PWMUDB:trig_rise\
	\RGB_PWM_red:PWMUDB:trig_fall\
	\RGB_PWM_red:PWMUDB:sc_kill\
	\RGB_PWM_red:PWMUDB:min_kill\
	\RGB_PWM_red:PWMUDB:km_tc\
	\RGB_PWM_red:PWMUDB:db_tc\
	\RGB_PWM_red:PWMUDB:dith_sel\
	\RGB_PWM_red:PWMUDB:compare2\
	\RGB_PWM_red:Net_101\
	Net_1864
	Net_1865
	\RGB_PWM_red:PWMUDB:cmp2\
	\RGB_PWM_red:PWMUDB:MODULE_7:b_31\
	\RGB_PWM_red:PWMUDB:MODULE_7:b_30\
	\RGB_PWM_red:PWMUDB:MODULE_7:b_29\
	\RGB_PWM_red:PWMUDB:MODULE_7:b_28\
	\RGB_PWM_red:PWMUDB:MODULE_7:b_27\
	\RGB_PWM_red:PWMUDB:MODULE_7:b_26\
	\RGB_PWM_red:PWMUDB:MODULE_7:b_25\
	\RGB_PWM_red:PWMUDB:MODULE_7:b_24\
	\RGB_PWM_red:PWMUDB:MODULE_7:b_23\
	\RGB_PWM_red:PWMUDB:MODULE_7:b_22\
	\RGB_PWM_red:PWMUDB:MODULE_7:b_21\
	\RGB_PWM_red:PWMUDB:MODULE_7:b_20\
	\RGB_PWM_red:PWMUDB:MODULE_7:b_19\
	\RGB_PWM_red:PWMUDB:MODULE_7:b_18\
	\RGB_PWM_red:PWMUDB:MODULE_7:b_17\
	\RGB_PWM_red:PWMUDB:MODULE_7:b_16\
	\RGB_PWM_red:PWMUDB:MODULE_7:b_15\
	\RGB_PWM_red:PWMUDB:MODULE_7:b_14\
	\RGB_PWM_red:PWMUDB:MODULE_7:b_13\
	\RGB_PWM_red:PWMUDB:MODULE_7:b_12\
	\RGB_PWM_red:PWMUDB:MODULE_7:b_11\
	\RGB_PWM_red:PWMUDB:MODULE_7:b_10\
	\RGB_PWM_red:PWMUDB:MODULE_7:b_9\
	\RGB_PWM_red:PWMUDB:MODULE_7:b_8\
	\RGB_PWM_red:PWMUDB:MODULE_7:b_7\
	\RGB_PWM_red:PWMUDB:MODULE_7:b_6\
	\RGB_PWM_red:PWMUDB:MODULE_7:b_5\
	\RGB_PWM_red:PWMUDB:MODULE_7:b_4\
	\RGB_PWM_red:PWMUDB:MODULE_7:b_3\
	\RGB_PWM_red:PWMUDB:MODULE_7:b_2\
	\RGB_PWM_red:PWMUDB:MODULE_7:b_1\
	\RGB_PWM_red:PWMUDB:MODULE_7:b_0\
	\RGB_PWM_red:PWMUDB:MODULE_7:g2:a0:a_31\
	\RGB_PWM_red:PWMUDB:MODULE_7:g2:a0:a_30\
	\RGB_PWM_red:PWMUDB:MODULE_7:g2:a0:a_29\
	\RGB_PWM_red:PWMUDB:MODULE_7:g2:a0:a_28\
	\RGB_PWM_red:PWMUDB:MODULE_7:g2:a0:a_27\
	\RGB_PWM_red:PWMUDB:MODULE_7:g2:a0:a_26\
	\RGB_PWM_red:PWMUDB:MODULE_7:g2:a0:a_25\
	\RGB_PWM_red:PWMUDB:MODULE_7:g2:a0:a_24\
	\RGB_PWM_red:PWMUDB:MODULE_7:g2:a0:b_31\
	\RGB_PWM_red:PWMUDB:MODULE_7:g2:a0:b_30\
	\RGB_PWM_red:PWMUDB:MODULE_7:g2:a0:b_29\
	\RGB_PWM_red:PWMUDB:MODULE_7:g2:a0:b_28\
	\RGB_PWM_red:PWMUDB:MODULE_7:g2:a0:b_27\
	\RGB_PWM_red:PWMUDB:MODULE_7:g2:a0:b_26\
	\RGB_PWM_red:PWMUDB:MODULE_7:g2:a0:b_25\
	\RGB_PWM_red:PWMUDB:MODULE_7:g2:a0:b_24\
	\RGB_PWM_red:PWMUDB:MODULE_7:g2:a0:b_23\
	\RGB_PWM_red:PWMUDB:MODULE_7:g2:a0:b_22\
	\RGB_PWM_red:PWMUDB:MODULE_7:g2:a0:b_21\
	\RGB_PWM_red:PWMUDB:MODULE_7:g2:a0:b_20\
	\RGB_PWM_red:PWMUDB:MODULE_7:g2:a0:b_19\
	\RGB_PWM_red:PWMUDB:MODULE_7:g2:a0:b_18\
	\RGB_PWM_red:PWMUDB:MODULE_7:g2:a0:b_17\
	\RGB_PWM_red:PWMUDB:MODULE_7:g2:a0:b_16\
	\RGB_PWM_red:PWMUDB:MODULE_7:g2:a0:b_15\
	\RGB_PWM_red:PWMUDB:MODULE_7:g2:a0:b_14\
	\RGB_PWM_red:PWMUDB:MODULE_7:g2:a0:b_13\
	\RGB_PWM_red:PWMUDB:MODULE_7:g2:a0:b_12\
	\RGB_PWM_red:PWMUDB:MODULE_7:g2:a0:b_11\
	\RGB_PWM_red:PWMUDB:MODULE_7:g2:a0:b_10\
	\RGB_PWM_red:PWMUDB:MODULE_7:g2:a0:b_9\
	\RGB_PWM_red:PWMUDB:MODULE_7:g2:a0:b_8\
	\RGB_PWM_red:PWMUDB:MODULE_7:g2:a0:b_7\
	\RGB_PWM_red:PWMUDB:MODULE_7:g2:a0:b_6\
	\RGB_PWM_red:PWMUDB:MODULE_7:g2:a0:b_5\
	\RGB_PWM_red:PWMUDB:MODULE_7:g2:a0:b_4\
	\RGB_PWM_red:PWMUDB:MODULE_7:g2:a0:b_3\
	\RGB_PWM_red:PWMUDB:MODULE_7:g2:a0:b_2\
	\RGB_PWM_red:PWMUDB:MODULE_7:g2:a0:b_1\
	\RGB_PWM_red:PWMUDB:MODULE_7:g2:a0:b_0\
	\RGB_PWM_red:PWMUDB:MODULE_7:g2:a0:s_31\
	\RGB_PWM_red:PWMUDB:MODULE_7:g2:a0:s_30\
	\RGB_PWM_red:PWMUDB:MODULE_7:g2:a0:s_29\
	\RGB_PWM_red:PWMUDB:MODULE_7:g2:a0:s_28\
	\RGB_PWM_red:PWMUDB:MODULE_7:g2:a0:s_27\
	\RGB_PWM_red:PWMUDB:MODULE_7:g2:a0:s_26\
	\RGB_PWM_red:PWMUDB:MODULE_7:g2:a0:s_25\
	\RGB_PWM_red:PWMUDB:MODULE_7:g2:a0:s_24\
	\RGB_PWM_red:PWMUDB:MODULE_7:g2:a0:s_23\
	\RGB_PWM_red:PWMUDB:MODULE_7:g2:a0:s_22\
	\RGB_PWM_red:PWMUDB:MODULE_7:g2:a0:s_21\
	\RGB_PWM_red:PWMUDB:MODULE_7:g2:a0:s_20\
	\RGB_PWM_red:PWMUDB:MODULE_7:g2:a0:s_19\
	\RGB_PWM_red:PWMUDB:MODULE_7:g2:a0:s_18\
	\RGB_PWM_red:PWMUDB:MODULE_7:g2:a0:s_17\
	\RGB_PWM_red:PWMUDB:MODULE_7:g2:a0:s_16\
	\RGB_PWM_red:PWMUDB:MODULE_7:g2:a0:s_15\
	\RGB_PWM_red:PWMUDB:MODULE_7:g2:a0:s_14\
	\RGB_PWM_red:PWMUDB:MODULE_7:g2:a0:s_13\
	\RGB_PWM_red:PWMUDB:MODULE_7:g2:a0:s_12\
	\RGB_PWM_red:PWMUDB:MODULE_7:g2:a0:s_11\
	\RGB_PWM_red:PWMUDB:MODULE_7:g2:a0:s_10\
	\RGB_PWM_red:PWMUDB:MODULE_7:g2:a0:s_9\
	\RGB_PWM_red:PWMUDB:MODULE_7:g2:a0:s_8\
	\RGB_PWM_red:PWMUDB:MODULE_7:g2:a0:s_7\
	\RGB_PWM_red:PWMUDB:MODULE_7:g2:a0:s_6\
	\RGB_PWM_red:PWMUDB:MODULE_7:g2:a0:s_5\
	\RGB_PWM_red:PWMUDB:MODULE_7:g2:a0:s_4\
	\RGB_PWM_red:PWMUDB:MODULE_7:g2:a0:s_3\
	\RGB_PWM_red:PWMUDB:MODULE_7:g2:a0:s_2\
	\RGB_PWM_red:PWMUDB:MODULE_7:g2:a0:g1:z1:s0:g1:u0:c_31\
	\RGB_PWM_red:PWMUDB:MODULE_7:g2:a0:g1:z1:s0:g1:u0:c_30\
	\RGB_PWM_red:PWMUDB:MODULE_7:g2:a0:g1:z1:s0:g1:u0:c_29\
	\RGB_PWM_red:PWMUDB:MODULE_7:g2:a0:g1:z1:s0:g1:u0:c_28\
	\RGB_PWM_red:PWMUDB:MODULE_7:g2:a0:g1:z1:s0:g1:u0:c_27\
	\RGB_PWM_red:PWMUDB:MODULE_7:g2:a0:g1:z1:s0:g1:u0:c_26\
	\RGB_PWM_red:PWMUDB:MODULE_7:g2:a0:g1:z1:s0:g1:u0:c_25\
	Net_1860
	Net_1867
	\RGB_PWM_red:Net_113\
	\RGB_PWM_red:Net_107\
	\RGB_PWM_red:Net_114\
	\RGB_PWM_green:PWMUDB:km_run\
	\RGB_PWM_green:PWMUDB:ctrl_cmpmode2_2\
	\RGB_PWM_green:PWMUDB:ctrl_cmpmode2_1\
	\RGB_PWM_green:PWMUDB:ctrl_cmpmode2_0\
	\RGB_PWM_green:PWMUDB:ctrl_cmpmode1_2\
	\RGB_PWM_green:PWMUDB:ctrl_cmpmode1_1\
	\RGB_PWM_green:PWMUDB:ctrl_cmpmode1_0\
	\RGB_PWM_green:PWMUDB:capt_rising\
	\RGB_PWM_green:PWMUDB:capt_falling\
	\RGB_PWM_green:PWMUDB:trig_rise\
	\RGB_PWM_green:PWMUDB:trig_fall\
	\RGB_PWM_green:PWMUDB:sc_kill\
	\RGB_PWM_green:PWMUDB:min_kill\
	\RGB_PWM_green:PWMUDB:km_tc\
	\RGB_PWM_green:PWMUDB:db_tc\
	\RGB_PWM_green:PWMUDB:dith_sel\
	\RGB_PWM_green:PWMUDB:compare2\
	\RGB_PWM_green:Net_101\
	Net_1877
	Net_1878
	\RGB_PWM_green:PWMUDB:cmp2\
	\RGB_PWM_green:PWMUDB:MODULE_8:b_31\
	\RGB_PWM_green:PWMUDB:MODULE_8:b_30\
	\RGB_PWM_green:PWMUDB:MODULE_8:b_29\
	\RGB_PWM_green:PWMUDB:MODULE_8:b_28\
	\RGB_PWM_green:PWMUDB:MODULE_8:b_27\
	\RGB_PWM_green:PWMUDB:MODULE_8:b_26\
	\RGB_PWM_green:PWMUDB:MODULE_8:b_25\
	\RGB_PWM_green:PWMUDB:MODULE_8:b_24\
	\RGB_PWM_green:PWMUDB:MODULE_8:b_23\
	\RGB_PWM_green:PWMUDB:MODULE_8:b_22\
	\RGB_PWM_green:PWMUDB:MODULE_8:b_21\
	\RGB_PWM_green:PWMUDB:MODULE_8:b_20\
	\RGB_PWM_green:PWMUDB:MODULE_8:b_19\
	\RGB_PWM_green:PWMUDB:MODULE_8:b_18\
	\RGB_PWM_green:PWMUDB:MODULE_8:b_17\
	\RGB_PWM_green:PWMUDB:MODULE_8:b_16\
	\RGB_PWM_green:PWMUDB:MODULE_8:b_15\
	\RGB_PWM_green:PWMUDB:MODULE_8:b_14\
	\RGB_PWM_green:PWMUDB:MODULE_8:b_13\
	\RGB_PWM_green:PWMUDB:MODULE_8:b_12\
	\RGB_PWM_green:PWMUDB:MODULE_8:b_11\
	\RGB_PWM_green:PWMUDB:MODULE_8:b_10\
	\RGB_PWM_green:PWMUDB:MODULE_8:b_9\
	\RGB_PWM_green:PWMUDB:MODULE_8:b_8\
	\RGB_PWM_green:PWMUDB:MODULE_8:b_7\
	\RGB_PWM_green:PWMUDB:MODULE_8:b_6\
	\RGB_PWM_green:PWMUDB:MODULE_8:b_5\
	\RGB_PWM_green:PWMUDB:MODULE_8:b_4\
	\RGB_PWM_green:PWMUDB:MODULE_8:b_3\
	\RGB_PWM_green:PWMUDB:MODULE_8:b_2\
	\RGB_PWM_green:PWMUDB:MODULE_8:b_1\
	\RGB_PWM_green:PWMUDB:MODULE_8:b_0\
	\RGB_PWM_green:PWMUDB:MODULE_8:g2:a0:a_31\
	\RGB_PWM_green:PWMUDB:MODULE_8:g2:a0:a_30\
	\RGB_PWM_green:PWMUDB:MODULE_8:g2:a0:a_29\
	\RGB_PWM_green:PWMUDB:MODULE_8:g2:a0:a_28\
	\RGB_PWM_green:PWMUDB:MODULE_8:g2:a0:a_27\
	\RGB_PWM_green:PWMUDB:MODULE_8:g2:a0:a_26\
	\RGB_PWM_green:PWMUDB:MODULE_8:g2:a0:a_25\
	\RGB_PWM_green:PWMUDB:MODULE_8:g2:a0:a_24\
	\RGB_PWM_green:PWMUDB:MODULE_8:g2:a0:b_31\
	\RGB_PWM_green:PWMUDB:MODULE_8:g2:a0:b_30\
	\RGB_PWM_green:PWMUDB:MODULE_8:g2:a0:b_29\
	\RGB_PWM_green:PWMUDB:MODULE_8:g2:a0:b_28\
	\RGB_PWM_green:PWMUDB:MODULE_8:g2:a0:b_27\
	\RGB_PWM_green:PWMUDB:MODULE_8:g2:a0:b_26\
	\RGB_PWM_green:PWMUDB:MODULE_8:g2:a0:b_25\
	\RGB_PWM_green:PWMUDB:MODULE_8:g2:a0:b_24\
	\RGB_PWM_green:PWMUDB:MODULE_8:g2:a0:b_23\
	\RGB_PWM_green:PWMUDB:MODULE_8:g2:a0:b_22\
	\RGB_PWM_green:PWMUDB:MODULE_8:g2:a0:b_21\
	\RGB_PWM_green:PWMUDB:MODULE_8:g2:a0:b_20\
	\RGB_PWM_green:PWMUDB:MODULE_8:g2:a0:b_19\
	\RGB_PWM_green:PWMUDB:MODULE_8:g2:a0:b_18\
	\RGB_PWM_green:PWMUDB:MODULE_8:g2:a0:b_17\
	\RGB_PWM_green:PWMUDB:MODULE_8:g2:a0:b_16\
	\RGB_PWM_green:PWMUDB:MODULE_8:g2:a0:b_15\
	\RGB_PWM_green:PWMUDB:MODULE_8:g2:a0:b_14\
	\RGB_PWM_green:PWMUDB:MODULE_8:g2:a0:b_13\
	\RGB_PWM_green:PWMUDB:MODULE_8:g2:a0:b_12\
	\RGB_PWM_green:PWMUDB:MODULE_8:g2:a0:b_11\
	\RGB_PWM_green:PWMUDB:MODULE_8:g2:a0:b_10\
	\RGB_PWM_green:PWMUDB:MODULE_8:g2:a0:b_9\
	\RGB_PWM_green:PWMUDB:MODULE_8:g2:a0:b_8\
	\RGB_PWM_green:PWMUDB:MODULE_8:g2:a0:b_7\
	\RGB_PWM_green:PWMUDB:MODULE_8:g2:a0:b_6\
	\RGB_PWM_green:PWMUDB:MODULE_8:g2:a0:b_5\
	\RGB_PWM_green:PWMUDB:MODULE_8:g2:a0:b_4\
	\RGB_PWM_green:PWMUDB:MODULE_8:g2:a0:b_3\
	\RGB_PWM_green:PWMUDB:MODULE_8:g2:a0:b_2\
	\RGB_PWM_green:PWMUDB:MODULE_8:g2:a0:b_1\
	\RGB_PWM_green:PWMUDB:MODULE_8:g2:a0:b_0\
	\RGB_PWM_green:PWMUDB:MODULE_8:g2:a0:s_31\
	\RGB_PWM_green:PWMUDB:MODULE_8:g2:a0:s_30\
	\RGB_PWM_green:PWMUDB:MODULE_8:g2:a0:s_29\
	\RGB_PWM_green:PWMUDB:MODULE_8:g2:a0:s_28\
	\RGB_PWM_green:PWMUDB:MODULE_8:g2:a0:s_27\
	\RGB_PWM_green:PWMUDB:MODULE_8:g2:a0:s_26\
	\RGB_PWM_green:PWMUDB:MODULE_8:g2:a0:s_25\
	\RGB_PWM_green:PWMUDB:MODULE_8:g2:a0:s_24\
	\RGB_PWM_green:PWMUDB:MODULE_8:g2:a0:s_23\
	\RGB_PWM_green:PWMUDB:MODULE_8:g2:a0:s_22\
	\RGB_PWM_green:PWMUDB:MODULE_8:g2:a0:s_21\
	\RGB_PWM_green:PWMUDB:MODULE_8:g2:a0:s_20\
	\RGB_PWM_green:PWMUDB:MODULE_8:g2:a0:s_19\
	\RGB_PWM_green:PWMUDB:MODULE_8:g2:a0:s_18\
	\RGB_PWM_green:PWMUDB:MODULE_8:g2:a0:s_17\
	\RGB_PWM_green:PWMUDB:MODULE_8:g2:a0:s_16\
	\RGB_PWM_green:PWMUDB:MODULE_8:g2:a0:s_15\
	\RGB_PWM_green:PWMUDB:MODULE_8:g2:a0:s_14\
	\RGB_PWM_green:PWMUDB:MODULE_8:g2:a0:s_13\
	\RGB_PWM_green:PWMUDB:MODULE_8:g2:a0:s_12\
	\RGB_PWM_green:PWMUDB:MODULE_8:g2:a0:s_11\
	\RGB_PWM_green:PWMUDB:MODULE_8:g2:a0:s_10\
	\RGB_PWM_green:PWMUDB:MODULE_8:g2:a0:s_9\
	\RGB_PWM_green:PWMUDB:MODULE_8:g2:a0:s_8\
	\RGB_PWM_green:PWMUDB:MODULE_8:g2:a0:s_7\
	\RGB_PWM_green:PWMUDB:MODULE_8:g2:a0:s_6\
	\RGB_PWM_green:PWMUDB:MODULE_8:g2:a0:s_5\
	\RGB_PWM_green:PWMUDB:MODULE_8:g2:a0:s_4\
	\RGB_PWM_green:PWMUDB:MODULE_8:g2:a0:s_3\
	\RGB_PWM_green:PWMUDB:MODULE_8:g2:a0:s_2\
	\RGB_PWM_green:PWMUDB:MODULE_8:g2:a0:g1:z1:s0:g1:u0:c_31\
	\RGB_PWM_green:PWMUDB:MODULE_8:g2:a0:g1:z1:s0:g1:u0:c_30\
	\RGB_PWM_green:PWMUDB:MODULE_8:g2:a0:g1:z1:s0:g1:u0:c_29\
	\RGB_PWM_green:PWMUDB:MODULE_8:g2:a0:g1:z1:s0:g1:u0:c_28\
	\RGB_PWM_green:PWMUDB:MODULE_8:g2:a0:g1:z1:s0:g1:u0:c_27\
	\RGB_PWM_green:PWMUDB:MODULE_8:g2:a0:g1:z1:s0:g1:u0:c_26\
	\RGB_PWM_green:PWMUDB:MODULE_8:g2:a0:g1:z1:s0:g1:u0:c_25\
	Net_1873
	Net_1880
	\RGB_PWM_green:Net_113\
	\RGB_PWM_green:Net_107\
	\RGB_PWM_green:Net_114\
	\RGB_PWM_blue:PWMUDB:km_run\
	\RGB_PWM_blue:PWMUDB:ctrl_cmpmode2_2\
	\RGB_PWM_blue:PWMUDB:ctrl_cmpmode2_1\
	\RGB_PWM_blue:PWMUDB:ctrl_cmpmode2_0\
	\RGB_PWM_blue:PWMUDB:ctrl_cmpmode1_2\
	\RGB_PWM_blue:PWMUDB:ctrl_cmpmode1_1\
	\RGB_PWM_blue:PWMUDB:ctrl_cmpmode1_0\
	\RGB_PWM_blue:PWMUDB:capt_rising\
	\RGB_PWM_blue:PWMUDB:capt_falling\
	\RGB_PWM_blue:PWMUDB:trig_rise\
	\RGB_PWM_blue:PWMUDB:trig_fall\
	\RGB_PWM_blue:PWMUDB:sc_kill\
	\RGB_PWM_blue:PWMUDB:min_kill\
	\RGB_PWM_blue:PWMUDB:km_tc\
	\RGB_PWM_blue:PWMUDB:db_tc\
	\RGB_PWM_blue:PWMUDB:dith_sel\
	\RGB_PWM_blue:PWMUDB:compare2\
	\RGB_PWM_blue:Net_101\
	Net_1889
	Net_1890
	\RGB_PWM_blue:PWMUDB:cmp2\
	\RGB_PWM_blue:PWMUDB:MODULE_9:b_31\
	\RGB_PWM_blue:PWMUDB:MODULE_9:b_30\
	\RGB_PWM_blue:PWMUDB:MODULE_9:b_29\
	\RGB_PWM_blue:PWMUDB:MODULE_9:b_28\
	\RGB_PWM_blue:PWMUDB:MODULE_9:b_27\
	\RGB_PWM_blue:PWMUDB:MODULE_9:b_26\
	\RGB_PWM_blue:PWMUDB:MODULE_9:b_25\
	\RGB_PWM_blue:PWMUDB:MODULE_9:b_24\
	\RGB_PWM_blue:PWMUDB:MODULE_9:b_23\
	\RGB_PWM_blue:PWMUDB:MODULE_9:b_22\
	\RGB_PWM_blue:PWMUDB:MODULE_9:b_21\
	\RGB_PWM_blue:PWMUDB:MODULE_9:b_20\
	\RGB_PWM_blue:PWMUDB:MODULE_9:b_19\
	\RGB_PWM_blue:PWMUDB:MODULE_9:b_18\
	\RGB_PWM_blue:PWMUDB:MODULE_9:b_17\
	\RGB_PWM_blue:PWMUDB:MODULE_9:b_16\
	\RGB_PWM_blue:PWMUDB:MODULE_9:b_15\
	\RGB_PWM_blue:PWMUDB:MODULE_9:b_14\
	\RGB_PWM_blue:PWMUDB:MODULE_9:b_13\
	\RGB_PWM_blue:PWMUDB:MODULE_9:b_12\
	\RGB_PWM_blue:PWMUDB:MODULE_9:b_11\
	\RGB_PWM_blue:PWMUDB:MODULE_9:b_10\
	\RGB_PWM_blue:PWMUDB:MODULE_9:b_9\
	\RGB_PWM_blue:PWMUDB:MODULE_9:b_8\
	\RGB_PWM_blue:PWMUDB:MODULE_9:b_7\
	\RGB_PWM_blue:PWMUDB:MODULE_9:b_6\
	\RGB_PWM_blue:PWMUDB:MODULE_9:b_5\
	\RGB_PWM_blue:PWMUDB:MODULE_9:b_4\
	\RGB_PWM_blue:PWMUDB:MODULE_9:b_3\
	\RGB_PWM_blue:PWMUDB:MODULE_9:b_2\
	\RGB_PWM_blue:PWMUDB:MODULE_9:b_1\
	\RGB_PWM_blue:PWMUDB:MODULE_9:b_0\
	\RGB_PWM_blue:PWMUDB:MODULE_9:g2:a0:a_31\
	\RGB_PWM_blue:PWMUDB:MODULE_9:g2:a0:a_30\
	\RGB_PWM_blue:PWMUDB:MODULE_9:g2:a0:a_29\
	\RGB_PWM_blue:PWMUDB:MODULE_9:g2:a0:a_28\
	\RGB_PWM_blue:PWMUDB:MODULE_9:g2:a0:a_27\
	\RGB_PWM_blue:PWMUDB:MODULE_9:g2:a0:a_26\
	\RGB_PWM_blue:PWMUDB:MODULE_9:g2:a0:a_25\
	\RGB_PWM_blue:PWMUDB:MODULE_9:g2:a0:a_24\
	\RGB_PWM_blue:PWMUDB:MODULE_9:g2:a0:b_31\
	\RGB_PWM_blue:PWMUDB:MODULE_9:g2:a0:b_30\
	\RGB_PWM_blue:PWMUDB:MODULE_9:g2:a0:b_29\
	\RGB_PWM_blue:PWMUDB:MODULE_9:g2:a0:b_28\
	\RGB_PWM_blue:PWMUDB:MODULE_9:g2:a0:b_27\
	\RGB_PWM_blue:PWMUDB:MODULE_9:g2:a0:b_26\
	\RGB_PWM_blue:PWMUDB:MODULE_9:g2:a0:b_25\
	\RGB_PWM_blue:PWMUDB:MODULE_9:g2:a0:b_24\
	\RGB_PWM_blue:PWMUDB:MODULE_9:g2:a0:b_23\
	\RGB_PWM_blue:PWMUDB:MODULE_9:g2:a0:b_22\
	\RGB_PWM_blue:PWMUDB:MODULE_9:g2:a0:b_21\
	\RGB_PWM_blue:PWMUDB:MODULE_9:g2:a0:b_20\
	\RGB_PWM_blue:PWMUDB:MODULE_9:g2:a0:b_19\
	\RGB_PWM_blue:PWMUDB:MODULE_9:g2:a0:b_18\
	\RGB_PWM_blue:PWMUDB:MODULE_9:g2:a0:b_17\
	\RGB_PWM_blue:PWMUDB:MODULE_9:g2:a0:b_16\
	\RGB_PWM_blue:PWMUDB:MODULE_9:g2:a0:b_15\
	\RGB_PWM_blue:PWMUDB:MODULE_9:g2:a0:b_14\
	\RGB_PWM_blue:PWMUDB:MODULE_9:g2:a0:b_13\
	\RGB_PWM_blue:PWMUDB:MODULE_9:g2:a0:b_12\
	\RGB_PWM_blue:PWMUDB:MODULE_9:g2:a0:b_11\
	\RGB_PWM_blue:PWMUDB:MODULE_9:g2:a0:b_10\
	\RGB_PWM_blue:PWMUDB:MODULE_9:g2:a0:b_9\
	\RGB_PWM_blue:PWMUDB:MODULE_9:g2:a0:b_8\
	\RGB_PWM_blue:PWMUDB:MODULE_9:g2:a0:b_7\
	\RGB_PWM_blue:PWMUDB:MODULE_9:g2:a0:b_6\
	\RGB_PWM_blue:PWMUDB:MODULE_9:g2:a0:b_5\
	\RGB_PWM_blue:PWMUDB:MODULE_9:g2:a0:b_4\
	\RGB_PWM_blue:PWMUDB:MODULE_9:g2:a0:b_3\
	\RGB_PWM_blue:PWMUDB:MODULE_9:g2:a0:b_2\
	\RGB_PWM_blue:PWMUDB:MODULE_9:g2:a0:b_1\
	\RGB_PWM_blue:PWMUDB:MODULE_9:g2:a0:b_0\
	\RGB_PWM_blue:PWMUDB:MODULE_9:g2:a0:s_31\
	\RGB_PWM_blue:PWMUDB:MODULE_9:g2:a0:s_30\
	\RGB_PWM_blue:PWMUDB:MODULE_9:g2:a0:s_29\
	\RGB_PWM_blue:PWMUDB:MODULE_9:g2:a0:s_28\
	\RGB_PWM_blue:PWMUDB:MODULE_9:g2:a0:s_27\
	\RGB_PWM_blue:PWMUDB:MODULE_9:g2:a0:s_26\
	\RGB_PWM_blue:PWMUDB:MODULE_9:g2:a0:s_25\
	\RGB_PWM_blue:PWMUDB:MODULE_9:g2:a0:s_24\
	\RGB_PWM_blue:PWMUDB:MODULE_9:g2:a0:s_23\
	\RGB_PWM_blue:PWMUDB:MODULE_9:g2:a0:s_22\
	\RGB_PWM_blue:PWMUDB:MODULE_9:g2:a0:s_21\
	\RGB_PWM_blue:PWMUDB:MODULE_9:g2:a0:s_20\
	\RGB_PWM_blue:PWMUDB:MODULE_9:g2:a0:s_19\
	\RGB_PWM_blue:PWMUDB:MODULE_9:g2:a0:s_18\
	\RGB_PWM_blue:PWMUDB:MODULE_9:g2:a0:s_17\
	\RGB_PWM_blue:PWMUDB:MODULE_9:g2:a0:s_16\
	\RGB_PWM_blue:PWMUDB:MODULE_9:g2:a0:s_15\
	\RGB_PWM_blue:PWMUDB:MODULE_9:g2:a0:s_14\
	\RGB_PWM_blue:PWMUDB:MODULE_9:g2:a0:s_13\
	\RGB_PWM_blue:PWMUDB:MODULE_9:g2:a0:s_12\
	\RGB_PWM_blue:PWMUDB:MODULE_9:g2:a0:s_11\
	\RGB_PWM_blue:PWMUDB:MODULE_9:g2:a0:s_10\
	\RGB_PWM_blue:PWMUDB:MODULE_9:g2:a0:s_9\
	\RGB_PWM_blue:PWMUDB:MODULE_9:g2:a0:s_8\
	\RGB_PWM_blue:PWMUDB:MODULE_9:g2:a0:s_7\
	\RGB_PWM_blue:PWMUDB:MODULE_9:g2:a0:s_6\
	\RGB_PWM_blue:PWMUDB:MODULE_9:g2:a0:s_5\
	\RGB_PWM_blue:PWMUDB:MODULE_9:g2:a0:s_4\
	\RGB_PWM_blue:PWMUDB:MODULE_9:g2:a0:s_3\
	\RGB_PWM_blue:PWMUDB:MODULE_9:g2:a0:s_2\
	\RGB_PWM_blue:PWMUDB:MODULE_9:g2:a0:g1:z1:s0:g1:u0:c_31\
	\RGB_PWM_blue:PWMUDB:MODULE_9:g2:a0:g1:z1:s0:g1:u0:c_30\
	\RGB_PWM_blue:PWMUDB:MODULE_9:g2:a0:g1:z1:s0:g1:u0:c_29\
	\RGB_PWM_blue:PWMUDB:MODULE_9:g2:a0:g1:z1:s0:g1:u0:c_28\
	\RGB_PWM_blue:PWMUDB:MODULE_9:g2:a0:g1:z1:s0:g1:u0:c_27\
	\RGB_PWM_blue:PWMUDB:MODULE_9:g2:a0:g1:z1:s0:g1:u0:c_26\
	\RGB_PWM_blue:PWMUDB:MODULE_9:g2:a0:g1:z1:s0:g1:u0:c_25\
	Net_1885
	Net_1892
	\RGB_PWM_blue:Net_113\
	\RGB_PWM_blue:Net_107\
	\RGB_PWM_blue:Net_114\
	\USBUART:dma_complete_0\
	\USBUART:Net_1922\
	\USBUART:dma_complete_1\
	\USBUART:Net_1921\
	\USBUART:dma_complete_2\
	\USBUART:Net_1920\
	\USBUART:dma_complete_3\
	\USBUART:Net_1919\
	\USBUART:dma_complete_4\
	\USBUART:Net_1918\
	\USBUART:dma_complete_5\
	\USBUART:Net_1917\
	\USBUART:dma_complete_6\
	\USBUART:Net_1916\
	\USBUART:dma_complete_7\
	\USBUART:Net_1915\
	\JOYSTICK_ADC_XY:SAR:Net_221\
	\JOYSTICK_ADC_XY:SAR:Net_383\
	\JOYSTICK_ADC_XY:bSAR_SEQ:sw_soc\
	\JOYSTICK_ADC_XY:soc_out\
	\JOYSTICK_ADC_XY:Net_3905\
	\JOYSTICK_ADC_XY:Net_3867\
	\JOYSTICK_ADC_XY:MODULE_1:g1:a0:gx:u0:albi_2\
	\JOYSTICK_ADC_XY:MODULE_1:g1:a0:gx:u0:agbi_2\
	\JOYSTICK_ADC_XY:MODULE_1:g1:a0:gx:u0:albi_1\
	\JOYSTICK_ADC_XY:MODULE_1:g1:a0:gx:u0:agbi_1\
	\JOYSTICK_ADC_XY:MODULE_1:g1:a0:gx:u0:albi_0\
	\JOYSTICK_ADC_XY:MODULE_1:g1:a0:gx:u0:agbi_0\
	\JOYSTICK_ADC_XY:MODULE_1:g1:a0:xneq\
	\JOYSTICK_ADC_XY:MODULE_1:g1:a0:xlt\
	\JOYSTICK_ADC_XY:MODULE_1:g1:a0:xlte\
	\JOYSTICK_ADC_XY:MODULE_1:g1:a0:xgt\
	\JOYSTICK_ADC_XY:MODULE_1:g1:a0:xgte\
	\JOYSTICK_ADC_XY:MODULE_1:lt\
	\JOYSTICK_ADC_XY:MODULE_1:gt\
	\JOYSTICK_ADC_XY:MODULE_1:gte\
	\JOYSTICK_ADC_XY:MODULE_1:lte\
	\JOYSTICK_ADC_XY:MODULE_1:neq\
	\TFT_SPI:BSPIM:mosi_after_ld\
	\TFT_SPI:BSPIM:so_send\
	\TFT_SPI:BSPIM:mosi_fin\
	\TFT_SPI:BSPIM:mosi_cpha_0\
	\TFT_SPI:BSPIM:mosi_cpha_1\
	\TFT_SPI:BSPIM:pre_mosi\
	\TFT_SPI:BSPIM:dpcounter_zero\
	\TFT_SPI:BSPIM:control_7\
	\TFT_SPI:BSPIM:control_6\
	\TFT_SPI:BSPIM:control_5\
	\TFT_SPI:BSPIM:control_4\
	\TFT_SPI:BSPIM:control_3\
	\TFT_SPI:BSPIM:control_2\
	\TFT_SPI:BSPIM:control_1\
	\TFT_SPI:BSPIM:control_0\
	\TFT_SPI:Net_294\
	Net_2010
	Net_2017
	\TFT_BackLight:Net_114\

    Synthesized names
	\RGB_PWM_red:PWMUDB:add_vi_vv_MODGEN_7_31\
	\RGB_PWM_red:PWMUDB:add_vi_vv_MODGEN_7_30\
	\RGB_PWM_red:PWMUDB:add_vi_vv_MODGEN_7_29\
	\RGB_PWM_red:PWMUDB:add_vi_vv_MODGEN_7_28\
	\RGB_PWM_red:PWMUDB:add_vi_vv_MODGEN_7_27\
	\RGB_PWM_red:PWMUDB:add_vi_vv_MODGEN_7_26\
	\RGB_PWM_red:PWMUDB:add_vi_vv_MODGEN_7_25\
	\RGB_PWM_red:PWMUDB:add_vi_vv_MODGEN_7_24\
	\RGB_PWM_red:PWMUDB:add_vi_vv_MODGEN_7_23\
	\RGB_PWM_red:PWMUDB:add_vi_vv_MODGEN_7_22\
	\RGB_PWM_red:PWMUDB:add_vi_vv_MODGEN_7_21\
	\RGB_PWM_red:PWMUDB:add_vi_vv_MODGEN_7_20\
	\RGB_PWM_red:PWMUDB:add_vi_vv_MODGEN_7_19\
	\RGB_PWM_red:PWMUDB:add_vi_vv_MODGEN_7_18\
	\RGB_PWM_red:PWMUDB:add_vi_vv_MODGEN_7_17\
	\RGB_PWM_red:PWMUDB:add_vi_vv_MODGEN_7_16\
	\RGB_PWM_red:PWMUDB:add_vi_vv_MODGEN_7_15\
	\RGB_PWM_red:PWMUDB:add_vi_vv_MODGEN_7_14\
	\RGB_PWM_red:PWMUDB:add_vi_vv_MODGEN_7_13\
	\RGB_PWM_red:PWMUDB:add_vi_vv_MODGEN_7_12\
	\RGB_PWM_red:PWMUDB:add_vi_vv_MODGEN_7_11\
	\RGB_PWM_red:PWMUDB:add_vi_vv_MODGEN_7_10\
	\RGB_PWM_red:PWMUDB:add_vi_vv_MODGEN_7_9\
	\RGB_PWM_red:PWMUDB:add_vi_vv_MODGEN_7_8\
	\RGB_PWM_red:PWMUDB:add_vi_vv_MODGEN_7_7\
	\RGB_PWM_red:PWMUDB:add_vi_vv_MODGEN_7_6\
	\RGB_PWM_red:PWMUDB:add_vi_vv_MODGEN_7_5\
	\RGB_PWM_red:PWMUDB:add_vi_vv_MODGEN_7_4\
	\RGB_PWM_red:PWMUDB:add_vi_vv_MODGEN_7_3\
	\RGB_PWM_red:PWMUDB:add_vi_vv_MODGEN_7_2\
	\RGB_PWM_green:PWMUDB:add_vi_vv_MODGEN_8_31\
	\RGB_PWM_green:PWMUDB:add_vi_vv_MODGEN_8_30\
	\RGB_PWM_green:PWMUDB:add_vi_vv_MODGEN_8_29\
	\RGB_PWM_green:PWMUDB:add_vi_vv_MODGEN_8_28\
	\RGB_PWM_green:PWMUDB:add_vi_vv_MODGEN_8_27\
	\RGB_PWM_green:PWMUDB:add_vi_vv_MODGEN_8_26\
	\RGB_PWM_green:PWMUDB:add_vi_vv_MODGEN_8_25\
	\RGB_PWM_green:PWMUDB:add_vi_vv_MODGEN_8_24\
	\RGB_PWM_green:PWMUDB:add_vi_vv_MODGEN_8_23\
	\RGB_PWM_green:PWMUDB:add_vi_vv_MODGEN_8_22\
	\RGB_PWM_green:PWMUDB:add_vi_vv_MODGEN_8_21\
	\RGB_PWM_green:PWMUDB:add_vi_vv_MODGEN_8_20\
	\RGB_PWM_green:PWMUDB:add_vi_vv_MODGEN_8_19\
	\RGB_PWM_green:PWMUDB:add_vi_vv_MODGEN_8_18\
	\RGB_PWM_green:PWMUDB:add_vi_vv_MODGEN_8_17\
	\RGB_PWM_green:PWMUDB:add_vi_vv_MODGEN_8_16\
	\RGB_PWM_green:PWMUDB:add_vi_vv_MODGEN_8_15\
	\RGB_PWM_green:PWMUDB:add_vi_vv_MODGEN_8_14\
	\RGB_PWM_green:PWMUDB:add_vi_vv_MODGEN_8_13\
	\RGB_PWM_green:PWMUDB:add_vi_vv_MODGEN_8_12\
	\RGB_PWM_green:PWMUDB:add_vi_vv_MODGEN_8_11\
	\RGB_PWM_green:PWMUDB:add_vi_vv_MODGEN_8_10\
	\RGB_PWM_green:PWMUDB:add_vi_vv_MODGEN_8_9\
	\RGB_PWM_green:PWMUDB:add_vi_vv_MODGEN_8_8\
	\RGB_PWM_green:PWMUDB:add_vi_vv_MODGEN_8_7\
	\RGB_PWM_green:PWMUDB:add_vi_vv_MODGEN_8_6\
	\RGB_PWM_green:PWMUDB:add_vi_vv_MODGEN_8_5\
	\RGB_PWM_green:PWMUDB:add_vi_vv_MODGEN_8_4\
	\RGB_PWM_green:PWMUDB:add_vi_vv_MODGEN_8_3\
	\RGB_PWM_green:PWMUDB:add_vi_vv_MODGEN_8_2\
	\RGB_PWM_blue:PWMUDB:add_vi_vv_MODGEN_9_31\
	\RGB_PWM_blue:PWMUDB:add_vi_vv_MODGEN_9_30\
	\RGB_PWM_blue:PWMUDB:add_vi_vv_MODGEN_9_29\
	\RGB_PWM_blue:PWMUDB:add_vi_vv_MODGEN_9_28\
	\RGB_PWM_blue:PWMUDB:add_vi_vv_MODGEN_9_27\
	\RGB_PWM_blue:PWMUDB:add_vi_vv_MODGEN_9_26\
	\RGB_PWM_blue:PWMUDB:add_vi_vv_MODGEN_9_25\
	\RGB_PWM_blue:PWMUDB:add_vi_vv_MODGEN_9_24\
	\RGB_PWM_blue:PWMUDB:add_vi_vv_MODGEN_9_23\
	\RGB_PWM_blue:PWMUDB:add_vi_vv_MODGEN_9_22\
	\RGB_PWM_blue:PWMUDB:add_vi_vv_MODGEN_9_21\
	\RGB_PWM_blue:PWMUDB:add_vi_vv_MODGEN_9_20\
	\RGB_PWM_blue:PWMUDB:add_vi_vv_MODGEN_9_19\
	\RGB_PWM_blue:PWMUDB:add_vi_vv_MODGEN_9_18\
	\RGB_PWM_blue:PWMUDB:add_vi_vv_MODGEN_9_17\
	\RGB_PWM_blue:PWMUDB:add_vi_vv_MODGEN_9_16\
	\RGB_PWM_blue:PWMUDB:add_vi_vv_MODGEN_9_15\
	\RGB_PWM_blue:PWMUDB:add_vi_vv_MODGEN_9_14\
	\RGB_PWM_blue:PWMUDB:add_vi_vv_MODGEN_9_13\
	\RGB_PWM_blue:PWMUDB:add_vi_vv_MODGEN_9_12\
	\RGB_PWM_blue:PWMUDB:add_vi_vv_MODGEN_9_11\
	\RGB_PWM_blue:PWMUDB:add_vi_vv_MODGEN_9_10\
	\RGB_PWM_blue:PWMUDB:add_vi_vv_MODGEN_9_9\
	\RGB_PWM_blue:PWMUDB:add_vi_vv_MODGEN_9_8\
	\RGB_PWM_blue:PWMUDB:add_vi_vv_MODGEN_9_7\
	\RGB_PWM_blue:PWMUDB:add_vi_vv_MODGEN_9_6\
	\RGB_PWM_blue:PWMUDB:add_vi_vv_MODGEN_9_5\
	\RGB_PWM_blue:PWMUDB:add_vi_vv_MODGEN_9_4\
	\RGB_PWM_blue:PWMUDB:add_vi_vv_MODGEN_9_3\
	\RGB_PWM_blue:PWMUDB:add_vi_vv_MODGEN_9_2\

Deleted 489 User equations/components.
Deleted 90 Synthesized equations/components.

------------------------------------------------------
Alias Detection
------------------------------------------------------
Aliasing one to tmpOE__SEVEN_A_net_0
Aliasing tmpOE__SEVEN_B_net_0 to tmpOE__SEVEN_A_net_0
Aliasing tmpOE__SEVEN_C_net_0 to tmpOE__SEVEN_A_net_0
Aliasing tmpOE__SEVEN_D_net_0 to tmpOE__SEVEN_A_net_0
Aliasing tmpOE__SEVEN_E_net_0 to tmpOE__SEVEN_A_net_0
Aliasing tmpOE__SEVEN_F_net_0 to tmpOE__SEVEN_A_net_0
Aliasing tmpOE__SEVEN_G_net_0 to tmpOE__SEVEN_A_net_0
Aliasing tmpOE__SEVEN_DP_net_0 to tmpOE__SEVEN_A_net_0
Aliasing tmpOE__SEVEN_SELECT_net_0 to tmpOE__SEVEN_A_net_0
Aliasing \SEVEN_reg:clk\ to zero
Aliasing \SEVEN_reg:rst\ to zero
Aliasing tmpOE__BUTTON_1_net_0 to tmpOE__SEVEN_A_net_0
Aliasing tmpOE__BUTTON_2_net_0 to tmpOE__SEVEN_A_net_0
Aliasing tmpOE__LED_red_net_0 to tmpOE__SEVEN_A_net_0
Aliasing tmpOE__LED_yellow_net_0 to tmpOE__SEVEN_A_net_0
Aliasing tmpOE__LED_green_net_0 to tmpOE__SEVEN_A_net_0
Aliasing tmpOE__DEBUG_TX_net_0 to tmpOE__SEVEN_A_net_0
Aliasing tmpOE__DEBUG_RX_net_0 to tmpOE__SEVEN_A_net_0
Aliasing \UART_LOG:BUART:tx_hd_send_break\ to zero
Aliasing \UART_LOG:BUART:HalfDuplexSend\ to zero
Aliasing \UART_LOG:BUART:FinalParityType_1\ to zero
Aliasing \UART_LOG:BUART:FinalParityType_0\ to zero
Aliasing \UART_LOG:BUART:FinalAddrMode_2\ to zero
Aliasing \UART_LOG:BUART:FinalAddrMode_1\ to zero
Aliasing \UART_LOG:BUART:FinalAddrMode_0\ to zero
Aliasing \UART_LOG:BUART:tx_ctrl_mark\ to zero
Aliasing \UART_LOG:BUART:tx_status_6\ to zero
Aliasing \UART_LOG:BUART:tx_status_5\ to zero
Aliasing \UART_LOG:BUART:tx_status_4\ to zero
Aliasing \UART_LOG:BUART:rx_count7_bit8_wire\ to zero
Aliasing \UART_LOG:BUART:sRX:s23Poll:MODULE_2:g2:a0:g1:z1:s0:g1:u0:b_0\ to tmpOE__SEVEN_A_net_0
Aliasing \UART_LOG:BUART:sRX:s23Poll:MODIN4_1\ to \UART_LOG:BUART:sRX:s23Poll:MODIN3_1\
Aliasing \UART_LOG:BUART:sRX:s23Poll:MODIN4_0\ to \UART_LOG:BUART:sRX:s23Poll:MODIN3_0\
Aliasing \UART_LOG:BUART:sRX:s23Poll:MODULE_3:g2:a0:newb_1\ to zero
Aliasing \UART_LOG:BUART:sRX:s23Poll:MODULE_3:g2:a0:newb_0\ to tmpOE__SEVEN_A_net_0
Aliasing \UART_LOG:BUART:sRX:s23Poll:MODIN5_1\ to \UART_LOG:BUART:sRX:s23Poll:MODIN3_1\
Aliasing \UART_LOG:BUART:sRX:s23Poll:MODIN5_0\ to \UART_LOG:BUART:sRX:s23Poll:MODIN3_0\
Aliasing \UART_LOG:BUART:sRX:s23Poll:MODULE_4:g2:a0:newb_1\ to tmpOE__SEVEN_A_net_0
Aliasing \UART_LOG:BUART:sRX:s23Poll:MODULE_4:g2:a0:newb_0\ to zero
Aliasing \UART_LOG:BUART:rx_status_1\ to zero
Aliasing \UART_LOG:BUART:sRX:MODULE_5:g2:a0:newa_6\ to zero
Aliasing \UART_LOG:BUART:sRX:MODULE_5:g2:a0:newa_5\ to zero
Aliasing \UART_LOG:BUART:sRX:MODULE_5:g2:a0:newa_4\ to zero
Aliasing \UART_LOG:BUART:sRX:MODULE_5:g2:a0:newb_6\ to zero
Aliasing \UART_LOG:BUART:sRX:MODULE_5:g2:a0:newb_5\ to zero
Aliasing \UART_LOG:BUART:sRX:MODULE_5:g2:a0:newb_4\ to zero
Aliasing \UART_LOG:BUART:sRX:MODULE_5:g2:a0:newb_3\ to zero
Aliasing \UART_LOG:BUART:sRX:MODULE_5:g2:a0:newb_2\ to tmpOE__SEVEN_A_net_0
Aliasing \UART_LOG:BUART:sRX:MODULE_5:g2:a0:newb_1\ to tmpOE__SEVEN_A_net_0
Aliasing \UART_LOG:BUART:sRX:MODULE_5:g2:a0:newb_0\ to zero
Aliasing \UART_LOG:BUART:sRX:MODULE_6:g1:a0:gx:u0:aeqb_0\ to tmpOE__SEVEN_A_net_0
Aliasing \RGB_PWM_red:PWMUDB:hwCapture\ to zero
Aliasing \RGB_PWM_red:PWMUDB:trig_out\ to tmpOE__SEVEN_A_net_0
Aliasing \RGB_PWM_red:PWMUDB:runmode_enable\\R\ to zero
Aliasing \RGB_PWM_red:PWMUDB:runmode_enable\\S\ to zero
Aliasing \RGB_PWM_red:PWMUDB:ltch_kill_reg\\R\ to zero
Aliasing \RGB_PWM_red:PWMUDB:ltch_kill_reg\\S\ to zero
Aliasing \RGB_PWM_red:PWMUDB:min_kill_reg\\R\ to zero
Aliasing \RGB_PWM_red:PWMUDB:min_kill_reg\\S\ to zero
Aliasing \RGB_PWM_red:PWMUDB:final_kill\ to tmpOE__SEVEN_A_net_0
Aliasing \RGB_PWM_red:PWMUDB:dith_count_1\\R\ to zero
Aliasing \RGB_PWM_red:PWMUDB:dith_count_1\\S\ to zero
Aliasing \RGB_PWM_red:PWMUDB:dith_count_0\\R\ to zero
Aliasing \RGB_PWM_red:PWMUDB:dith_count_0\\S\ to zero
Aliasing \RGB_PWM_red:PWMUDB:cs_addr_0\ to zero
Aliasing \RGB_PWM_red:PWMUDB:pwm1_i\ to zero
Aliasing \RGB_PWM_red:PWMUDB:pwm2_i\ to zero
Aliasing \RGB_PWM_red:PWMUDB:MODULE_7:g2:a0:a_23\ to zero
Aliasing \RGB_PWM_red:PWMUDB:MODULE_7:g2:a0:a_22\ to zero
Aliasing \RGB_PWM_red:PWMUDB:MODULE_7:g2:a0:a_21\ to zero
Aliasing \RGB_PWM_red:PWMUDB:MODULE_7:g2:a0:a_20\ to zero
Aliasing \RGB_PWM_red:PWMUDB:MODULE_7:g2:a0:a_19\ to zero
Aliasing \RGB_PWM_red:PWMUDB:MODULE_7:g2:a0:a_18\ to zero
Aliasing \RGB_PWM_red:PWMUDB:MODULE_7:g2:a0:a_17\ to zero
Aliasing \RGB_PWM_red:PWMUDB:MODULE_7:g2:a0:a_16\ to zero
Aliasing \RGB_PWM_red:PWMUDB:MODULE_7:g2:a0:a_15\ to zero
Aliasing \RGB_PWM_red:PWMUDB:MODULE_7:g2:a0:a_14\ to zero
Aliasing \RGB_PWM_red:PWMUDB:MODULE_7:g2:a0:a_13\ to zero
Aliasing \RGB_PWM_red:PWMUDB:MODULE_7:g2:a0:a_12\ to zero
Aliasing \RGB_PWM_red:PWMUDB:MODULE_7:g2:a0:a_11\ to zero
Aliasing \RGB_PWM_red:PWMUDB:MODULE_7:g2:a0:a_10\ to zero
Aliasing \RGB_PWM_red:PWMUDB:MODULE_7:g2:a0:a_9\ to zero
Aliasing \RGB_PWM_red:PWMUDB:MODULE_7:g2:a0:a_8\ to zero
Aliasing \RGB_PWM_red:PWMUDB:MODULE_7:g2:a0:a_7\ to zero
Aliasing \RGB_PWM_red:PWMUDB:MODULE_7:g2:a0:a_6\ to zero
Aliasing \RGB_PWM_red:PWMUDB:MODULE_7:g2:a0:a_5\ to zero
Aliasing \RGB_PWM_red:PWMUDB:MODULE_7:g2:a0:a_4\ to zero
Aliasing \RGB_PWM_red:PWMUDB:MODULE_7:g2:a0:a_3\ to zero
Aliasing \RGB_PWM_red:PWMUDB:MODULE_7:g2:a0:a_2\ to zero
Aliasing \RGB_PWM_red:PWMUDB:MODULE_7:g2:a0:g1:z1:s0:g1:u0:b_0\ to tmpOE__SEVEN_A_net_0
Aliasing \RGB_PWM_green:PWMUDB:hwCapture\ to zero
Aliasing \RGB_PWM_green:PWMUDB:trig_out\ to tmpOE__SEVEN_A_net_0
Aliasing \RGB_PWM_green:PWMUDB:runmode_enable\\R\ to zero
Aliasing \RGB_PWM_green:PWMUDB:runmode_enable\\S\ to zero
Aliasing \RGB_PWM_green:PWMUDB:ltch_kill_reg\\R\ to zero
Aliasing \RGB_PWM_green:PWMUDB:ltch_kill_reg\\S\ to zero
Aliasing \RGB_PWM_green:PWMUDB:min_kill_reg\\R\ to zero
Aliasing \RGB_PWM_green:PWMUDB:min_kill_reg\\S\ to zero
Aliasing \RGB_PWM_green:PWMUDB:final_kill\ to tmpOE__SEVEN_A_net_0
Aliasing \RGB_PWM_green:PWMUDB:dith_count_1\\R\ to zero
Aliasing \RGB_PWM_green:PWMUDB:dith_count_1\\S\ to zero
Aliasing \RGB_PWM_green:PWMUDB:dith_count_0\\R\ to zero
Aliasing \RGB_PWM_green:PWMUDB:dith_count_0\\S\ to zero
Aliasing \RGB_PWM_green:PWMUDB:cs_addr_0\ to zero
Aliasing \RGB_PWM_green:PWMUDB:pwm1_i\ to zero
Aliasing \RGB_PWM_green:PWMUDB:pwm2_i\ to zero
Aliasing \RGB_PWM_green:PWMUDB:MODULE_8:g2:a0:a_23\ to zero
Aliasing \RGB_PWM_green:PWMUDB:MODULE_8:g2:a0:a_22\ to zero
Aliasing \RGB_PWM_green:PWMUDB:MODULE_8:g2:a0:a_21\ to zero
Aliasing \RGB_PWM_green:PWMUDB:MODULE_8:g2:a0:a_20\ to zero
Aliasing \RGB_PWM_green:PWMUDB:MODULE_8:g2:a0:a_19\ to zero
Aliasing \RGB_PWM_green:PWMUDB:MODULE_8:g2:a0:a_18\ to zero
Aliasing \RGB_PWM_green:PWMUDB:MODULE_8:g2:a0:a_17\ to zero
Aliasing \RGB_PWM_green:PWMUDB:MODULE_8:g2:a0:a_16\ to zero
Aliasing \RGB_PWM_green:PWMUDB:MODULE_8:g2:a0:a_15\ to zero
Aliasing \RGB_PWM_green:PWMUDB:MODULE_8:g2:a0:a_14\ to zero
Aliasing \RGB_PWM_green:PWMUDB:MODULE_8:g2:a0:a_13\ to zero
Aliasing \RGB_PWM_green:PWMUDB:MODULE_8:g2:a0:a_12\ to zero
Aliasing \RGB_PWM_green:PWMUDB:MODULE_8:g2:a0:a_11\ to zero
Aliasing \RGB_PWM_green:PWMUDB:MODULE_8:g2:a0:a_10\ to zero
Aliasing \RGB_PWM_green:PWMUDB:MODULE_8:g2:a0:a_9\ to zero
Aliasing \RGB_PWM_green:PWMUDB:MODULE_8:g2:a0:a_8\ to zero
Aliasing \RGB_PWM_green:PWMUDB:MODULE_8:g2:a0:a_7\ to zero
Aliasing \RGB_PWM_green:PWMUDB:MODULE_8:g2:a0:a_6\ to zero
Aliasing \RGB_PWM_green:PWMUDB:MODULE_8:g2:a0:a_5\ to zero
Aliasing \RGB_PWM_green:PWMUDB:MODULE_8:g2:a0:a_4\ to zero
Aliasing \RGB_PWM_green:PWMUDB:MODULE_8:g2:a0:a_3\ to zero
Aliasing \RGB_PWM_green:PWMUDB:MODULE_8:g2:a0:a_2\ to zero
Aliasing \RGB_PWM_green:PWMUDB:MODULE_8:g2:a0:g1:z1:s0:g1:u0:b_0\ to tmpOE__SEVEN_A_net_0
Aliasing \RGB_PWM_blue:PWMUDB:hwCapture\ to zero
Aliasing \RGB_PWM_blue:PWMUDB:trig_out\ to tmpOE__SEVEN_A_net_0
Aliasing \RGB_PWM_blue:PWMUDB:runmode_enable\\R\ to zero
Aliasing \RGB_PWM_blue:PWMUDB:runmode_enable\\S\ to zero
Aliasing \RGB_PWM_blue:PWMUDB:ltch_kill_reg\\R\ to zero
Aliasing \RGB_PWM_blue:PWMUDB:ltch_kill_reg\\S\ to zero
Aliasing \RGB_PWM_blue:PWMUDB:min_kill_reg\\R\ to zero
Aliasing \RGB_PWM_blue:PWMUDB:min_kill_reg\\S\ to zero
Aliasing \RGB_PWM_blue:PWMUDB:final_kill\ to tmpOE__SEVEN_A_net_0
Aliasing \RGB_PWM_blue:PWMUDB:dith_count_1\\R\ to zero
Aliasing \RGB_PWM_blue:PWMUDB:dith_count_1\\S\ to zero
Aliasing \RGB_PWM_blue:PWMUDB:dith_count_0\\R\ to zero
Aliasing \RGB_PWM_blue:PWMUDB:dith_count_0\\S\ to zero
Aliasing \RGB_PWM_blue:PWMUDB:cs_addr_0\ to zero
Aliasing \RGB_PWM_blue:PWMUDB:pwm1_i\ to zero
Aliasing \RGB_PWM_blue:PWMUDB:pwm2_i\ to zero
Aliasing \RGB_PWM_blue:PWMUDB:MODULE_9:g2:a0:a_23\ to zero
Aliasing \RGB_PWM_blue:PWMUDB:MODULE_9:g2:a0:a_22\ to zero
Aliasing \RGB_PWM_blue:PWMUDB:MODULE_9:g2:a0:a_21\ to zero
Aliasing \RGB_PWM_blue:PWMUDB:MODULE_9:g2:a0:a_20\ to zero
Aliasing \RGB_PWM_blue:PWMUDB:MODULE_9:g2:a0:a_19\ to zero
Aliasing \RGB_PWM_blue:PWMUDB:MODULE_9:g2:a0:a_18\ to zero
Aliasing \RGB_PWM_blue:PWMUDB:MODULE_9:g2:a0:a_17\ to zero
Aliasing \RGB_PWM_blue:PWMUDB:MODULE_9:g2:a0:a_16\ to zero
Aliasing \RGB_PWM_blue:PWMUDB:MODULE_9:g2:a0:a_15\ to zero
Aliasing \RGB_PWM_blue:PWMUDB:MODULE_9:g2:a0:a_14\ to zero
Aliasing \RGB_PWM_blue:PWMUDB:MODULE_9:g2:a0:a_13\ to zero
Aliasing \RGB_PWM_blue:PWMUDB:MODULE_9:g2:a0:a_12\ to zero
Aliasing \RGB_PWM_blue:PWMUDB:MODULE_9:g2:a0:a_11\ to zero
Aliasing \RGB_PWM_blue:PWMUDB:MODULE_9:g2:a0:a_10\ to zero
Aliasing \RGB_PWM_blue:PWMUDB:MODULE_9:g2:a0:a_9\ to zero
Aliasing \RGB_PWM_blue:PWMUDB:MODULE_9:g2:a0:a_8\ to zero
Aliasing \RGB_PWM_blue:PWMUDB:MODULE_9:g2:a0:a_7\ to zero
Aliasing \RGB_PWM_blue:PWMUDB:MODULE_9:g2:a0:a_6\ to zero
Aliasing \RGB_PWM_blue:PWMUDB:MODULE_9:g2:a0:a_5\ to zero
Aliasing \RGB_PWM_blue:PWMUDB:MODULE_9:g2:a0:a_4\ to zero
Aliasing \RGB_PWM_blue:PWMUDB:MODULE_9:g2:a0:a_3\ to zero
Aliasing \RGB_PWM_blue:PWMUDB:MODULE_9:g2:a0:a_2\ to zero
Aliasing \RGB_PWM_blue:PWMUDB:MODULE_9:g2:a0:g1:z1:s0:g1:u0:b_0\ to tmpOE__SEVEN_A_net_0
Aliasing tmpOE__RGB_R_net_0 to tmpOE__SEVEN_A_net_0
Aliasing tmpOE__RGB_G_net_0 to tmpOE__SEVEN_A_net_0
Aliasing tmpOE__RGB_B_net_0 to tmpOE__SEVEN_A_net_0
Aliasing \USBUART:tmpOE__Dm_net_0\ to tmpOE__SEVEN_A_net_0
Aliasing \USBUART:tmpOE__Dp_net_0\ to tmpOE__SEVEN_A_net_0
Aliasing tmpOE__BUTTON_JOYSTICK_net_0 to tmpOE__SEVEN_A_net_0
Aliasing tmpOE__JOYSTICK_X_net_0 to tmpOE__SEVEN_A_net_0
Aliasing tmpOE__JOYSTICK_Y_net_0 to tmpOE__SEVEN_A_net_0
Aliasing \JOYSTICK_ADC_XY:AMuxHw_2_Decoder_enable\ to tmpOE__SEVEN_A_net_0
Aliasing \JOYSTICK_ADC_XY:SAR:vp_ctl_0\ to zero
Aliasing \JOYSTICK_ADC_XY:SAR:vp_ctl_2\ to zero
Aliasing \JOYSTICK_ADC_XY:SAR:vn_ctl_1\ to zero
Aliasing \JOYSTICK_ADC_XY:SAR:vn_ctl_3\ to zero
Aliasing \JOYSTICK_ADC_XY:SAR:vp_ctl_1\ to zero
Aliasing \JOYSTICK_ADC_XY:SAR:vp_ctl_3\ to zero
Aliasing \JOYSTICK_ADC_XY:SAR:vn_ctl_0\ to zero
Aliasing \JOYSTICK_ADC_XY:SAR:vn_ctl_2\ to zero
Aliasing \JOYSTICK_ADC_XY:SAR:soc\ to zero
Aliasing \JOYSTICK_ADC_XY:bSAR_SEQ:status_7\ to zero
Aliasing \JOYSTICK_ADC_XY:bSAR_SEQ:status_6\ to zero
Aliasing \JOYSTICK_ADC_XY:bSAR_SEQ:status_5\ to zero
Aliasing \JOYSTICK_ADC_XY:bSAR_SEQ:status_4\ to zero
Aliasing \JOYSTICK_ADC_XY:bSAR_SEQ:status_3\ to zero
Aliasing \JOYSTICK_ADC_XY:bSAR_SEQ:status_2\ to zero
Aliasing \JOYSTICK_ADC_XY:bSAR_SEQ:status_1\ to zero
Aliasing Net_1994 to \JOYSTICK_ADC_XY:bSAR_SEQ:status_0\
Aliasing \JOYSTICK_ADC_XY:MODULE_1:g1:a0:gx:u0:aeqb_0\ to tmpOE__SEVEN_A_net_0
Aliasing \TFT_SPI:BSPIM:pol_supprt\ to zero
Aliasing \TFT_SPI:BSPIM:tx_status_3\ to \TFT_SPI:BSPIM:load_rx_data\
Aliasing \TFT_SPI:BSPIM:tx_status_6\ to zero
Aliasing \TFT_SPI:BSPIM:tx_status_5\ to zero
Aliasing \TFT_SPI:BSPIM:rx_status_3\ to zero
Aliasing \TFT_SPI:BSPIM:rx_status_2\ to zero
Aliasing \TFT_SPI:BSPIM:rx_status_1\ to zero
Aliasing \TFT_SPI:BSPIM:rx_status_0\ to zero
Aliasing Net_1999 to zero
Aliasing \TFT_SPI:Net_289\ to zero
Aliasing tmpOE__TFT_SCL_net_0 to tmpOE__SEVEN_A_net_0
Aliasing tmpOE__TFT_DC_net_0 to tmpOE__SEVEN_A_net_0
Aliasing tmpOE__TFT_RES_net_0 to tmpOE__SEVEN_A_net_0
Aliasing tmpOE__TFT_CS_net_0 to tmpOE__SEVEN_A_net_0
Aliasing Net_2005 to zero
Aliasing tmpOE__TFT_LED_net_0 to tmpOE__SEVEN_A_net_0
Aliasing tmpOE__TFT_SDA_net_0 to tmpOE__SEVEN_A_net_0
Aliasing \TFT_BackLight:Net_113\ to tmpOE__SEVEN_A_net_0
Aliasing Net_2011 to zero
Aliasing \UART_LOG:BUART:reset_reg\\D\ to zero
Aliasing \UART_LOG:BUART:rx_break_status\\D\ to zero
Aliasing \RGB_PWM_red:PWMUDB:min_kill_reg\\D\ to tmpOE__SEVEN_A_net_0
Aliasing \RGB_PWM_red:PWMUDB:prevCapture\\D\ to zero
Aliasing \RGB_PWM_red:PWMUDB:trig_last\\D\ to zero
Aliasing \RGB_PWM_red:PWMUDB:ltch_kill_reg\\D\ to tmpOE__SEVEN_A_net_0
Aliasing \RGB_PWM_green:PWMUDB:min_kill_reg\\D\ to tmpOE__SEVEN_A_net_0
Aliasing \RGB_PWM_green:PWMUDB:prevCapture\\D\ to zero
Aliasing \RGB_PWM_green:PWMUDB:trig_last\\D\ to zero
Aliasing \RGB_PWM_green:PWMUDB:ltch_kill_reg\\D\ to tmpOE__SEVEN_A_net_0
Aliasing \RGB_PWM_blue:PWMUDB:min_kill_reg\\D\ to tmpOE__SEVEN_A_net_0
Aliasing \RGB_PWM_blue:PWMUDB:prevCapture\\D\ to zero
Aliasing \RGB_PWM_blue:PWMUDB:trig_last\\D\ to zero
Aliasing \RGB_PWM_blue:PWMUDB:ltch_kill_reg\\D\ to tmpOE__SEVEN_A_net_0
Aliasing \JOYSTICK_ADC_XY:AMuxHw_2_Decoder_old_id_5\\D\ to \JOYSTICK_ADC_XY:MODIN1_5\
Aliasing \JOYSTICK_ADC_XY:AMuxHw_2_Decoder_old_id_4\\D\ to \JOYSTICK_ADC_XY:MODIN1_4\
Aliasing \JOYSTICK_ADC_XY:AMuxHw_2_Decoder_old_id_3\\D\ to \JOYSTICK_ADC_XY:MODIN1_3\
Aliasing \JOYSTICK_ADC_XY:AMuxHw_2_Decoder_old_id_2\\D\ to \JOYSTICK_ADC_XY:MODIN1_2\
Aliasing \JOYSTICK_ADC_XY:AMuxHw_2_Decoder_old_id_1\\D\ to \JOYSTICK_ADC_XY:MODIN1_1\
Aliasing \JOYSTICK_ADC_XY:AMuxHw_2_Decoder_old_id_0\\D\ to \JOYSTICK_ADC_XY:MODIN1_0\
Aliasing \TFT_SPI:BSPIM:so_send_reg\\D\ to zero
Aliasing \TFT_SPI:BSPIM:mosi_pre_reg\\D\ to zero
Aliasing \TFT_SPI:BSPIM:dpcounter_one_reg\\D\ to \TFT_SPI:BSPIM:load_rx_data\
Removing Rhs of wire Net_1822[2] = \SEVEN_reg:control_out_7\[82]
Removing Rhs of wire Net_1822[2] = \SEVEN_reg:control_7\[84]
Removing Lhs of wire one[8] = tmpOE__SEVEN_A_net_0[1]
Removing Lhs of wire tmpOE__SEVEN_B_net_0[11] = tmpOE__SEVEN_A_net_0[1]
Removing Rhs of wire Net_1824[12] = \SEVEN_reg:control_out_6\[81]
Removing Rhs of wire Net_1824[12] = \SEVEN_reg:control_6\[85]
Removing Lhs of wire tmpOE__SEVEN_C_net_0[19] = tmpOE__SEVEN_A_net_0[1]
Removing Rhs of wire Net_1826[20] = \SEVEN_reg:control_out_5\[80]
Removing Rhs of wire Net_1826[20] = \SEVEN_reg:control_5\[86]
Removing Lhs of wire tmpOE__SEVEN_D_net_0[27] = tmpOE__SEVEN_A_net_0[1]
Removing Rhs of wire Net_1828[28] = \SEVEN_reg:control_out_4\[79]
Removing Rhs of wire Net_1828[28] = \SEVEN_reg:control_4\[87]
Removing Lhs of wire tmpOE__SEVEN_E_net_0[35] = tmpOE__SEVEN_A_net_0[1]
Removing Rhs of wire Net_1830[36] = \SEVEN_reg:control_out_3\[78]
Removing Rhs of wire Net_1830[36] = \SEVEN_reg:control_3\[88]
Removing Lhs of wire tmpOE__SEVEN_F_net_0[43] = tmpOE__SEVEN_A_net_0[1]
Removing Rhs of wire Net_1832[44] = \SEVEN_reg:control_out_2\[77]
Removing Rhs of wire Net_1832[44] = \SEVEN_reg:control_2\[89]
Removing Lhs of wire tmpOE__SEVEN_G_net_0[51] = tmpOE__SEVEN_A_net_0[1]
Removing Rhs of wire Net_1834[52] = \SEVEN_reg:control_out_1\[76]
Removing Rhs of wire Net_1834[52] = \SEVEN_reg:control_1\[90]
Removing Lhs of wire tmpOE__SEVEN_DP_net_0[59] = tmpOE__SEVEN_A_net_0[1]
Removing Rhs of wire Net_1836[60] = \SEVEN_reg:control_out_0\[75]
Removing Rhs of wire Net_1836[60] = \SEVEN_reg:control_0\[91]
Removing Lhs of wire tmpOE__SEVEN_SELECT_net_0[67] = tmpOE__SEVEN_A_net_0[1]
Removing Lhs of wire \SEVEN_reg:clk\[73] = zero[7]
Removing Lhs of wire \SEVEN_reg:rst\[74] = zero[7]
Removing Lhs of wire tmpOE__BUTTON_1_net_0[93] = tmpOE__SEVEN_A_net_0[1]
Removing Lhs of wire tmpOE__BUTTON_2_net_0[102] = tmpOE__SEVEN_A_net_0[1]
Removing Lhs of wire tmpOE__LED_red_net_0[109] = tmpOE__SEVEN_A_net_0[1]
Removing Lhs of wire tmpOE__LED_yellow_net_0[115] = tmpOE__SEVEN_A_net_0[1]
Removing Lhs of wire tmpOE__LED_green_net_0[121] = tmpOE__SEVEN_A_net_0[1]
Removing Lhs of wire tmpOE__DEBUG_TX_net_0[127] = tmpOE__SEVEN_A_net_0[1]
Removing Lhs of wire tmpOE__DEBUG_RX_net_0[134] = tmpOE__SEVEN_A_net_0[1]
Removing Lhs of wire \UART_LOG:Net_61\[141] = \UART_LOG:Net_9\[140]
Removing Lhs of wire \UART_LOG:BUART:tx_hd_send_break\[145] = zero[7]
Removing Lhs of wire \UART_LOG:BUART:HalfDuplexSend\[146] = zero[7]
Removing Lhs of wire \UART_LOG:BUART:FinalParityType_1\[147] = zero[7]
Removing Lhs of wire \UART_LOG:BUART:FinalParityType_0\[148] = zero[7]
Removing Lhs of wire \UART_LOG:BUART:FinalAddrMode_2\[149] = zero[7]
Removing Lhs of wire \UART_LOG:BUART:FinalAddrMode_1\[150] = zero[7]
Removing Lhs of wire \UART_LOG:BUART:FinalAddrMode_0\[151] = zero[7]
Removing Lhs of wire \UART_LOG:BUART:tx_ctrl_mark\[152] = zero[7]
Removing Rhs of wire \UART_LOG:BUART:tx_bitclk_enable_pre\[163] = \UART_LOG:BUART:tx_bitclk_dp\[199]
Removing Lhs of wire \UART_LOG:BUART:tx_counter_tc\[209] = \UART_LOG:BUART:tx_counter_dp\[200]
Removing Lhs of wire \UART_LOG:BUART:tx_status_6\[210] = zero[7]
Removing Lhs of wire \UART_LOG:BUART:tx_status_5\[211] = zero[7]
Removing Lhs of wire \UART_LOG:BUART:tx_status_4\[212] = zero[7]
Removing Lhs of wire \UART_LOG:BUART:tx_status_1\[214] = \UART_LOG:BUART:tx_fifo_empty\[177]
Removing Lhs of wire \UART_LOG:BUART:tx_status_3\[216] = \UART_LOG:BUART:tx_fifo_notfull\[176]
Removing Lhs of wire \UART_LOG:BUART:rx_count7_bit8_wire\[276] = zero[7]
Removing Lhs of wire \UART_LOG:BUART:sRX:s23Poll:add_vv_vv_MODGEN_2_1\[283] = \UART_LOG:BUART:sRX:s23Poll:MODULE_2:g2:a0:s_1\[294]
Removing Lhs of wire \UART_LOG:BUART:sRX:s23Poll:add_vv_vv_MODGEN_2_0\[285] = \UART_LOG:BUART:sRX:s23Poll:MODULE_2:g2:a0:s_0\[295]
Removing Lhs of wire \UART_LOG:BUART:sRX:s23Poll:cmp_vv_vv_MODGEN_3\[286] = \UART_LOG:BUART:sRX:s23Poll:MODULE_3:g2:a0:lta_0\[311]
Removing Lhs of wire \UART_LOG:BUART:sRX:s23Poll:cmp_vv_vv_MODGEN_4\[287] = \UART_LOG:BUART:sRX:s23Poll:MODULE_4:g2:a0:lta_0\[325]
Removing Lhs of wire \UART_LOG:BUART:sRX:s23Poll:MODULE_2:g2:a0:a_1\[288] = \UART_LOG:BUART:sRX:s23Poll:MODIN3_1\[289]
Removing Lhs of wire \UART_LOG:BUART:sRX:s23Poll:MODIN3_1\[289] = \UART_LOG:BUART:pollcount_1\[282]
Removing Lhs of wire \UART_LOG:BUART:sRX:s23Poll:MODULE_2:g2:a0:a_0\[290] = \UART_LOG:BUART:sRX:s23Poll:MODIN3_0\[291]
Removing Lhs of wire \UART_LOG:BUART:sRX:s23Poll:MODIN3_0\[291] = \UART_LOG:BUART:pollcount_0\[284]
Removing Lhs of wire \UART_LOG:BUART:sRX:s23Poll:MODULE_2:g2:a0:g1:z1:s0:g1:u0:c_0\[297] = tmpOE__SEVEN_A_net_0[1]
Removing Lhs of wire \UART_LOG:BUART:sRX:s23Poll:MODULE_2:g2:a0:g1:z1:s0:g1:u0:b_0\[298] = tmpOE__SEVEN_A_net_0[1]
Removing Lhs of wire \UART_LOG:BUART:sRX:s23Poll:MODULE_3:g2:a0:newa_1\[299] = \UART_LOG:BUART:pollcount_1\[282]
Removing Lhs of wire \UART_LOG:BUART:sRX:s23Poll:MODIN4_1\[300] = \UART_LOG:BUART:pollcount_1\[282]
Removing Lhs of wire \UART_LOG:BUART:sRX:s23Poll:MODULE_3:g2:a0:newa_0\[301] = \UART_LOG:BUART:pollcount_0\[284]
Removing Lhs of wire \UART_LOG:BUART:sRX:s23Poll:MODIN4_0\[302] = \UART_LOG:BUART:pollcount_0\[284]
Removing Lhs of wire \UART_LOG:BUART:sRX:s23Poll:MODULE_3:g2:a0:newb_1\[303] = zero[7]
Removing Lhs of wire \UART_LOG:BUART:sRX:s23Poll:MODULE_3:g2:a0:newb_0\[304] = tmpOE__SEVEN_A_net_0[1]
Removing Lhs of wire \UART_LOG:BUART:sRX:s23Poll:MODULE_3:g2:a0:dataa_1\[305] = \UART_LOG:BUART:pollcount_1\[282]
Removing Lhs of wire \UART_LOG:BUART:sRX:s23Poll:MODULE_3:g2:a0:dataa_0\[306] = \UART_LOG:BUART:pollcount_0\[284]
Removing Lhs of wire \UART_LOG:BUART:sRX:s23Poll:MODULE_3:g2:a0:datab_1\[307] = zero[7]
Removing Lhs of wire \UART_LOG:BUART:sRX:s23Poll:MODULE_3:g2:a0:datab_0\[308] = tmpOE__SEVEN_A_net_0[1]
Removing Lhs of wire \UART_LOG:BUART:sRX:s23Poll:MODULE_4:g2:a0:newa_1\[313] = \UART_LOG:BUART:pollcount_1\[282]
Removing Lhs of wire \UART_LOG:BUART:sRX:s23Poll:MODIN5_1\[314] = \UART_LOG:BUART:pollcount_1\[282]
Removing Lhs of wire \UART_LOG:BUART:sRX:s23Poll:MODULE_4:g2:a0:newa_0\[315] = \UART_LOG:BUART:pollcount_0\[284]
Removing Lhs of wire \UART_LOG:BUART:sRX:s23Poll:MODIN5_0\[316] = \UART_LOG:BUART:pollcount_0\[284]
Removing Lhs of wire \UART_LOG:BUART:sRX:s23Poll:MODULE_4:g2:a0:newb_1\[317] = tmpOE__SEVEN_A_net_0[1]
Removing Lhs of wire \UART_LOG:BUART:sRX:s23Poll:MODULE_4:g2:a0:newb_0\[318] = zero[7]
Removing Lhs of wire \UART_LOG:BUART:sRX:s23Poll:MODULE_4:g2:a0:dataa_1\[319] = \UART_LOG:BUART:pollcount_1\[282]
Removing Lhs of wire \UART_LOG:BUART:sRX:s23Poll:MODULE_4:g2:a0:dataa_0\[320] = \UART_LOG:BUART:pollcount_0\[284]
Removing Lhs of wire \UART_LOG:BUART:sRX:s23Poll:MODULE_4:g2:a0:datab_1\[321] = tmpOE__SEVEN_A_net_0[1]
Removing Lhs of wire \UART_LOG:BUART:sRX:s23Poll:MODULE_4:g2:a0:datab_0\[322] = zero[7]
Removing Lhs of wire \UART_LOG:BUART:rx_status_1\[329] = zero[7]
Removing Rhs of wire \UART_LOG:BUART:rx_status_2\[330] = \UART_LOG:BUART:rx_parity_error_status\[331]
Removing Rhs of wire \UART_LOG:BUART:rx_status_3\[332] = \UART_LOG:BUART:rx_stop_bit_error\[333]
Removing Lhs of wire \UART_LOG:BUART:sRX:cmp_vv_vv_MODGEN_5\[343] = \UART_LOG:BUART:sRX:MODULE_5:g2:a0:lta_0\[392]
Removing Lhs of wire \UART_LOG:BUART:sRX:cmp_vv_vv_MODGEN_6\[347] = \UART_LOG:BUART:sRX:MODULE_6:g1:a0:xneq\[414]
Removing Lhs of wire \UART_LOG:BUART:sRX:MODULE_5:g2:a0:newa_6\[348] = zero[7]
Removing Lhs of wire \UART_LOG:BUART:sRX:MODULE_5:g2:a0:newa_5\[349] = zero[7]
Removing Lhs of wire \UART_LOG:BUART:sRX:MODULE_5:g2:a0:newa_4\[350] = zero[7]
Removing Lhs of wire \UART_LOG:BUART:sRX:MODULE_5:g2:a0:newa_3\[351] = \UART_LOG:BUART:sRX:MODIN6_6\[352]
Removing Lhs of wire \UART_LOG:BUART:sRX:MODIN6_6\[352] = \UART_LOG:BUART:rx_count_6\[271]
Removing Lhs of wire \UART_LOG:BUART:sRX:MODULE_5:g2:a0:newa_2\[353] = \UART_LOG:BUART:sRX:MODIN6_5\[354]
Removing Lhs of wire \UART_LOG:BUART:sRX:MODIN6_5\[354] = \UART_LOG:BUART:rx_count_5\[272]
Removing Lhs of wire \UART_LOG:BUART:sRX:MODULE_5:g2:a0:newa_1\[355] = \UART_LOG:BUART:sRX:MODIN6_4\[356]
Removing Lhs of wire \UART_LOG:BUART:sRX:MODIN6_4\[356] = \UART_LOG:BUART:rx_count_4\[273]
Removing Lhs of wire \UART_LOG:BUART:sRX:MODULE_5:g2:a0:newa_0\[357] = \UART_LOG:BUART:sRX:MODIN6_3\[358]
Removing Lhs of wire \UART_LOG:BUART:sRX:MODIN6_3\[358] = \UART_LOG:BUART:rx_count_3\[274]
Removing Lhs of wire \UART_LOG:BUART:sRX:MODULE_5:g2:a0:newb_6\[359] = zero[7]
Removing Lhs of wire \UART_LOG:BUART:sRX:MODULE_5:g2:a0:newb_5\[360] = zero[7]
Removing Lhs of wire \UART_LOG:BUART:sRX:MODULE_5:g2:a0:newb_4\[361] = zero[7]
Removing Lhs of wire \UART_LOG:BUART:sRX:MODULE_5:g2:a0:newb_3\[362] = zero[7]
Removing Lhs of wire \UART_LOG:BUART:sRX:MODULE_5:g2:a0:newb_2\[363] = tmpOE__SEVEN_A_net_0[1]
Removing Lhs of wire \UART_LOG:BUART:sRX:MODULE_5:g2:a0:newb_1\[364] = tmpOE__SEVEN_A_net_0[1]
Removing Lhs of wire \UART_LOG:BUART:sRX:MODULE_5:g2:a0:newb_0\[365] = zero[7]
Removing Lhs of wire \UART_LOG:BUART:sRX:MODULE_5:g2:a0:dataa_6\[366] = zero[7]
Removing Lhs of wire \UART_LOG:BUART:sRX:MODULE_5:g2:a0:dataa_5\[367] = zero[7]
Removing Lhs of wire \UART_LOG:BUART:sRX:MODULE_5:g2:a0:dataa_4\[368] = zero[7]
Removing Lhs of wire \UART_LOG:BUART:sRX:MODULE_5:g2:a0:dataa_3\[369] = \UART_LOG:BUART:rx_count_6\[271]
Removing Lhs of wire \UART_LOG:BUART:sRX:MODULE_5:g2:a0:dataa_2\[370] = \UART_LOG:BUART:rx_count_5\[272]
Removing Lhs of wire \UART_LOG:BUART:sRX:MODULE_5:g2:a0:dataa_1\[371] = \UART_LOG:BUART:rx_count_4\[273]
Removing Lhs of wire \UART_LOG:BUART:sRX:MODULE_5:g2:a0:dataa_0\[372] = \UART_LOG:BUART:rx_count_3\[274]
Removing Lhs of wire \UART_LOG:BUART:sRX:MODULE_5:g2:a0:datab_6\[373] = zero[7]
Removing Lhs of wire \UART_LOG:BUART:sRX:MODULE_5:g2:a0:datab_5\[374] = zero[7]
Removing Lhs of wire \UART_LOG:BUART:sRX:MODULE_5:g2:a0:datab_4\[375] = zero[7]
Removing Lhs of wire \UART_LOG:BUART:sRX:MODULE_5:g2:a0:datab_3\[376] = zero[7]
Removing Lhs of wire \UART_LOG:BUART:sRX:MODULE_5:g2:a0:datab_2\[377] = tmpOE__SEVEN_A_net_0[1]
Removing Lhs of wire \UART_LOG:BUART:sRX:MODULE_5:g2:a0:datab_1\[378] = tmpOE__SEVEN_A_net_0[1]
Removing Lhs of wire \UART_LOG:BUART:sRX:MODULE_5:g2:a0:datab_0\[379] = zero[7]
Removing Lhs of wire \UART_LOG:BUART:sRX:MODULE_6:g1:a0:newa_0\[394] = \UART_LOG:BUART:rx_postpoll\[230]
Removing Lhs of wire \UART_LOG:BUART:sRX:MODULE_6:g1:a0:newb_0\[395] = \UART_LOG:BUART:rx_parity_bit\[346]
Removing Lhs of wire \UART_LOG:BUART:sRX:MODULE_6:g1:a0:dataa_0\[396] = \UART_LOG:BUART:rx_postpoll\[230]
Removing Lhs of wire \UART_LOG:BUART:sRX:MODULE_6:g1:a0:datab_0\[397] = \UART_LOG:BUART:rx_parity_bit\[346]
Removing Lhs of wire \UART_LOG:BUART:sRX:MODULE_6:g1:a0:gx:u0:a_0\[398] = \UART_LOG:BUART:rx_postpoll\[230]
Removing Lhs of wire \UART_LOG:BUART:sRX:MODULE_6:g1:a0:gx:u0:b_0\[399] = \UART_LOG:BUART:rx_parity_bit\[346]
Removing Lhs of wire \UART_LOG:BUART:sRX:MODULE_6:g1:a0:gx:u0:aeqb_0\[401] = tmpOE__SEVEN_A_net_0[1]
Removing Lhs of wire \UART_LOG:BUART:sRX:MODULE_6:g1:a0:gx:u0:eq_0\[402] = \UART_LOG:BUART:sRX:MODULE_6:g1:a0:gx:u0:xnor_array_0\[400]
Removing Lhs of wire \UART_LOG:BUART:sRX:MODULE_6:g1:a0:gx:u0:eqi_0\[403] = \UART_LOG:BUART:sRX:MODULE_6:g1:a0:gx:u0:xnor_array_0\[400]
Removing Lhs of wire \RGB_PWM_red:PWMUDB:ctrl_enable\[438] = \RGB_PWM_red:PWMUDB:control_7\[430]
Removing Lhs of wire \RGB_PWM_red:PWMUDB:hwCapture\[448] = zero[7]
Removing Lhs of wire \RGB_PWM_red:PWMUDB:hwEnable\[449] = \RGB_PWM_red:PWMUDB:control_7\[430]
Removing Lhs of wire \RGB_PWM_red:PWMUDB:trig_out\[453] = tmpOE__SEVEN_A_net_0[1]
Removing Lhs of wire \RGB_PWM_red:PWMUDB:runmode_enable\\R\[455] = zero[7]
Removing Lhs of wire \RGB_PWM_red:PWMUDB:runmode_enable\\S\[456] = zero[7]
Removing Lhs of wire \RGB_PWM_red:PWMUDB:final_enable\[457] = \RGB_PWM_red:PWMUDB:runmode_enable\[454]
Removing Lhs of wire \RGB_PWM_red:PWMUDB:ltch_kill_reg\\R\[461] = zero[7]
Removing Lhs of wire \RGB_PWM_red:PWMUDB:ltch_kill_reg\\S\[462] = zero[7]
Removing Lhs of wire \RGB_PWM_red:PWMUDB:min_kill_reg\\R\[463] = zero[7]
Removing Lhs of wire \RGB_PWM_red:PWMUDB:min_kill_reg\\S\[464] = zero[7]
Removing Lhs of wire \RGB_PWM_red:PWMUDB:final_kill\[467] = tmpOE__SEVEN_A_net_0[1]
Removing Lhs of wire \RGB_PWM_red:PWMUDB:add_vi_vv_MODGEN_7_1\[471] = \RGB_PWM_red:PWMUDB:MODULE_7:g2:a0:s_1\[737]
Removing Lhs of wire \RGB_PWM_red:PWMUDB:add_vi_vv_MODGEN_7_0\[473] = \RGB_PWM_red:PWMUDB:MODULE_7:g2:a0:s_0\[738]
Removing Lhs of wire \RGB_PWM_red:PWMUDB:dith_count_1\\R\[474] = zero[7]
Removing Lhs of wire \RGB_PWM_red:PWMUDB:dith_count_1\\S\[475] = zero[7]
Removing Lhs of wire \RGB_PWM_red:PWMUDB:dith_count_0\\R\[476] = zero[7]
Removing Lhs of wire \RGB_PWM_red:PWMUDB:dith_count_0\\S\[477] = zero[7]
Removing Lhs of wire \RGB_PWM_red:PWMUDB:cs_addr_2\[479] = \RGB_PWM_red:PWMUDB:tc_i\[459]
Removing Lhs of wire \RGB_PWM_red:PWMUDB:cs_addr_1\[480] = \RGB_PWM_red:PWMUDB:runmode_enable\[454]
Removing Lhs of wire \RGB_PWM_red:PWMUDB:cs_addr_0\[481] = zero[7]
Removing Lhs of wire \RGB_PWM_red:PWMUDB:compare1\[563] = \RGB_PWM_red:PWMUDB:cmp1_less\[533]
Removing Lhs of wire \RGB_PWM_red:PWMUDB:pwm1_i\[568] = zero[7]
Removing Lhs of wire \RGB_PWM_red:PWMUDB:pwm2_i\[570] = zero[7]
Removing Rhs of wire \RGB_PWM_red:Net_96\[573] = \RGB_PWM_red:PWMUDB:pwm_i_reg\[565]
Removing Rhs of wire \RGB_PWM_red:PWMUDB:pwm_temp\[576] = \RGB_PWM_red:PWMUDB:cmp1\[577]
Removing Lhs of wire \RGB_PWM_red:PWMUDB:MODULE_7:g2:a0:a_23\[619] = zero[7]
Removing Lhs of wire \RGB_PWM_red:PWMUDB:MODULE_7:g2:a0:a_22\[620] = zero[7]
Removing Lhs of wire \RGB_PWM_red:PWMUDB:MODULE_7:g2:a0:a_21\[621] = zero[7]
Removing Lhs of wire \RGB_PWM_red:PWMUDB:MODULE_7:g2:a0:a_20\[622] = zero[7]
Removing Lhs of wire \RGB_PWM_red:PWMUDB:MODULE_7:g2:a0:a_19\[623] = zero[7]
Removing Lhs of wire \RGB_PWM_red:PWMUDB:MODULE_7:g2:a0:a_18\[624] = zero[7]
Removing Lhs of wire \RGB_PWM_red:PWMUDB:MODULE_7:g2:a0:a_17\[625] = zero[7]
Removing Lhs of wire \RGB_PWM_red:PWMUDB:MODULE_7:g2:a0:a_16\[626] = zero[7]
Removing Lhs of wire \RGB_PWM_red:PWMUDB:MODULE_7:g2:a0:a_15\[627] = zero[7]
Removing Lhs of wire \RGB_PWM_red:PWMUDB:MODULE_7:g2:a0:a_14\[628] = zero[7]
Removing Lhs of wire \RGB_PWM_red:PWMUDB:MODULE_7:g2:a0:a_13\[629] = zero[7]
Removing Lhs of wire \RGB_PWM_red:PWMUDB:MODULE_7:g2:a0:a_12\[630] = zero[7]
Removing Lhs of wire \RGB_PWM_red:PWMUDB:MODULE_7:g2:a0:a_11\[631] = zero[7]
Removing Lhs of wire \RGB_PWM_red:PWMUDB:MODULE_7:g2:a0:a_10\[632] = zero[7]
Removing Lhs of wire \RGB_PWM_red:PWMUDB:MODULE_7:g2:a0:a_9\[633] = zero[7]
Removing Lhs of wire \RGB_PWM_red:PWMUDB:MODULE_7:g2:a0:a_8\[634] = zero[7]
Removing Lhs of wire \RGB_PWM_red:PWMUDB:MODULE_7:g2:a0:a_7\[635] = zero[7]
Removing Lhs of wire \RGB_PWM_red:PWMUDB:MODULE_7:g2:a0:a_6\[636] = zero[7]
Removing Lhs of wire \RGB_PWM_red:PWMUDB:MODULE_7:g2:a0:a_5\[637] = zero[7]
Removing Lhs of wire \RGB_PWM_red:PWMUDB:MODULE_7:g2:a0:a_4\[638] = zero[7]
Removing Lhs of wire \RGB_PWM_red:PWMUDB:MODULE_7:g2:a0:a_3\[639] = zero[7]
Removing Lhs of wire \RGB_PWM_red:PWMUDB:MODULE_7:g2:a0:a_2\[640] = zero[7]
Removing Lhs of wire \RGB_PWM_red:PWMUDB:MODULE_7:g2:a0:a_1\[641] = \RGB_PWM_red:PWMUDB:MODIN7_1\[642]
Removing Lhs of wire \RGB_PWM_red:PWMUDB:MODIN7_1\[642] = \RGB_PWM_red:PWMUDB:dith_count_1\[470]
Removing Lhs of wire \RGB_PWM_red:PWMUDB:MODULE_7:g2:a0:a_0\[643] = \RGB_PWM_red:PWMUDB:MODIN7_0\[644]
Removing Lhs of wire \RGB_PWM_red:PWMUDB:MODIN7_0\[644] = \RGB_PWM_red:PWMUDB:dith_count_0\[472]
Removing Lhs of wire \RGB_PWM_red:PWMUDB:MODULE_7:g2:a0:g1:z1:s0:g1:u0:c_0\[776] = tmpOE__SEVEN_A_net_0[1]
Removing Lhs of wire \RGB_PWM_red:PWMUDB:MODULE_7:g2:a0:g1:z1:s0:g1:u0:b_0\[777] = tmpOE__SEVEN_A_net_0[1]
Removing Rhs of wire Net_403[778] = \RGB_PWM_red:Net_96\[573]
Removing Lhs of wire \RGB_PWM_green:PWMUDB:ctrl_enable\[799] = \RGB_PWM_green:PWMUDB:control_7\[791]
Removing Lhs of wire \RGB_PWM_green:PWMUDB:hwCapture\[809] = zero[7]
Removing Lhs of wire \RGB_PWM_green:PWMUDB:hwEnable\[810] = \RGB_PWM_green:PWMUDB:control_7\[791]
Removing Lhs of wire \RGB_PWM_green:PWMUDB:trig_out\[814] = tmpOE__SEVEN_A_net_0[1]
Removing Lhs of wire \RGB_PWM_green:PWMUDB:runmode_enable\\R\[816] = zero[7]
Removing Lhs of wire \RGB_PWM_green:PWMUDB:runmode_enable\\S\[817] = zero[7]
Removing Lhs of wire \RGB_PWM_green:PWMUDB:final_enable\[818] = \RGB_PWM_green:PWMUDB:runmode_enable\[815]
Removing Lhs of wire \RGB_PWM_green:PWMUDB:ltch_kill_reg\\R\[822] = zero[7]
Removing Lhs of wire \RGB_PWM_green:PWMUDB:ltch_kill_reg\\S\[823] = zero[7]
Removing Lhs of wire \RGB_PWM_green:PWMUDB:min_kill_reg\\R\[824] = zero[7]
Removing Lhs of wire \RGB_PWM_green:PWMUDB:min_kill_reg\\S\[825] = zero[7]
Removing Lhs of wire \RGB_PWM_green:PWMUDB:final_kill\[828] = tmpOE__SEVEN_A_net_0[1]
Removing Lhs of wire \RGB_PWM_green:PWMUDB:add_vi_vv_MODGEN_8_1\[832] = \RGB_PWM_green:PWMUDB:MODULE_8:g2:a0:s_1\[1098]
Removing Lhs of wire \RGB_PWM_green:PWMUDB:add_vi_vv_MODGEN_8_0\[834] = \RGB_PWM_green:PWMUDB:MODULE_8:g2:a0:s_0\[1099]
Removing Lhs of wire \RGB_PWM_green:PWMUDB:dith_count_1\\R\[835] = zero[7]
Removing Lhs of wire \RGB_PWM_green:PWMUDB:dith_count_1\\S\[836] = zero[7]
Removing Lhs of wire \RGB_PWM_green:PWMUDB:dith_count_0\\R\[837] = zero[7]
Removing Lhs of wire \RGB_PWM_green:PWMUDB:dith_count_0\\S\[838] = zero[7]
Removing Lhs of wire \RGB_PWM_green:PWMUDB:cs_addr_2\[840] = \RGB_PWM_green:PWMUDB:tc_i\[820]
Removing Lhs of wire \RGB_PWM_green:PWMUDB:cs_addr_1\[841] = \RGB_PWM_green:PWMUDB:runmode_enable\[815]
Removing Lhs of wire \RGB_PWM_green:PWMUDB:cs_addr_0\[842] = zero[7]
Removing Lhs of wire \RGB_PWM_green:PWMUDB:compare1\[924] = \RGB_PWM_green:PWMUDB:cmp1_less\[894]
Removing Lhs of wire \RGB_PWM_green:PWMUDB:pwm1_i\[929] = zero[7]
Removing Lhs of wire \RGB_PWM_green:PWMUDB:pwm2_i\[931] = zero[7]
Removing Rhs of wire \RGB_PWM_green:Net_96\[934] = \RGB_PWM_green:PWMUDB:pwm_i_reg\[926]
Removing Rhs of wire \RGB_PWM_green:PWMUDB:pwm_temp\[937] = \RGB_PWM_green:PWMUDB:cmp1\[938]
Removing Lhs of wire \RGB_PWM_green:PWMUDB:MODULE_8:g2:a0:a_23\[980] = zero[7]
Removing Lhs of wire \RGB_PWM_green:PWMUDB:MODULE_8:g2:a0:a_22\[981] = zero[7]
Removing Lhs of wire \RGB_PWM_green:PWMUDB:MODULE_8:g2:a0:a_21\[982] = zero[7]
Removing Lhs of wire \RGB_PWM_green:PWMUDB:MODULE_8:g2:a0:a_20\[983] = zero[7]
Removing Lhs of wire \RGB_PWM_green:PWMUDB:MODULE_8:g2:a0:a_19\[984] = zero[7]
Removing Lhs of wire \RGB_PWM_green:PWMUDB:MODULE_8:g2:a0:a_18\[985] = zero[7]
Removing Lhs of wire \RGB_PWM_green:PWMUDB:MODULE_8:g2:a0:a_17\[986] = zero[7]
Removing Lhs of wire \RGB_PWM_green:PWMUDB:MODULE_8:g2:a0:a_16\[987] = zero[7]
Removing Lhs of wire \RGB_PWM_green:PWMUDB:MODULE_8:g2:a0:a_15\[988] = zero[7]
Removing Lhs of wire \RGB_PWM_green:PWMUDB:MODULE_8:g2:a0:a_14\[989] = zero[7]
Removing Lhs of wire \RGB_PWM_green:PWMUDB:MODULE_8:g2:a0:a_13\[990] = zero[7]
Removing Lhs of wire \RGB_PWM_green:PWMUDB:MODULE_8:g2:a0:a_12\[991] = zero[7]
Removing Lhs of wire \RGB_PWM_green:PWMUDB:MODULE_8:g2:a0:a_11\[992] = zero[7]
Removing Lhs of wire \RGB_PWM_green:PWMUDB:MODULE_8:g2:a0:a_10\[993] = zero[7]
Removing Lhs of wire \RGB_PWM_green:PWMUDB:MODULE_8:g2:a0:a_9\[994] = zero[7]
Removing Lhs of wire \RGB_PWM_green:PWMUDB:MODULE_8:g2:a0:a_8\[995] = zero[7]
Removing Lhs of wire \RGB_PWM_green:PWMUDB:MODULE_8:g2:a0:a_7\[996] = zero[7]
Removing Lhs of wire \RGB_PWM_green:PWMUDB:MODULE_8:g2:a0:a_6\[997] = zero[7]
Removing Lhs of wire \RGB_PWM_green:PWMUDB:MODULE_8:g2:a0:a_5\[998] = zero[7]
Removing Lhs of wire \RGB_PWM_green:PWMUDB:MODULE_8:g2:a0:a_4\[999] = zero[7]
Removing Lhs of wire \RGB_PWM_green:PWMUDB:MODULE_8:g2:a0:a_3\[1000] = zero[7]
Removing Lhs of wire \RGB_PWM_green:PWMUDB:MODULE_8:g2:a0:a_2\[1001] = zero[7]
Removing Lhs of wire \RGB_PWM_green:PWMUDB:MODULE_8:g2:a0:a_1\[1002] = \RGB_PWM_green:PWMUDB:MODIN8_1\[1003]
Removing Lhs of wire \RGB_PWM_green:PWMUDB:MODIN8_1\[1003] = \RGB_PWM_green:PWMUDB:dith_count_1\[831]
Removing Lhs of wire \RGB_PWM_green:PWMUDB:MODULE_8:g2:a0:a_0\[1004] = \RGB_PWM_green:PWMUDB:MODIN8_0\[1005]
Removing Lhs of wire \RGB_PWM_green:PWMUDB:MODIN8_0\[1005] = \RGB_PWM_green:PWMUDB:dith_count_0\[833]
Removing Lhs of wire \RGB_PWM_green:PWMUDB:MODULE_8:g2:a0:g1:z1:s0:g1:u0:c_0\[1137] = tmpOE__SEVEN_A_net_0[1]
Removing Lhs of wire \RGB_PWM_green:PWMUDB:MODULE_8:g2:a0:g1:z1:s0:g1:u0:b_0\[1138] = tmpOE__SEVEN_A_net_0[1]
Removing Rhs of wire Net_481[1139] = \RGB_PWM_green:Net_96\[934]
Removing Lhs of wire \RGB_PWM_blue:PWMUDB:ctrl_enable\[1159] = \RGB_PWM_blue:PWMUDB:control_7\[1151]
Removing Lhs of wire \RGB_PWM_blue:PWMUDB:hwCapture\[1169] = zero[7]
Removing Lhs of wire \RGB_PWM_blue:PWMUDB:hwEnable\[1170] = \RGB_PWM_blue:PWMUDB:control_7\[1151]
Removing Lhs of wire \RGB_PWM_blue:PWMUDB:trig_out\[1174] = tmpOE__SEVEN_A_net_0[1]
Removing Lhs of wire \RGB_PWM_blue:PWMUDB:runmode_enable\\R\[1176] = zero[7]
Removing Lhs of wire \RGB_PWM_blue:PWMUDB:runmode_enable\\S\[1177] = zero[7]
Removing Lhs of wire \RGB_PWM_blue:PWMUDB:final_enable\[1178] = \RGB_PWM_blue:PWMUDB:runmode_enable\[1175]
Removing Lhs of wire \RGB_PWM_blue:PWMUDB:ltch_kill_reg\\R\[1182] = zero[7]
Removing Lhs of wire \RGB_PWM_blue:PWMUDB:ltch_kill_reg\\S\[1183] = zero[7]
Removing Lhs of wire \RGB_PWM_blue:PWMUDB:min_kill_reg\\R\[1184] = zero[7]
Removing Lhs of wire \RGB_PWM_blue:PWMUDB:min_kill_reg\\S\[1185] = zero[7]
Removing Lhs of wire \RGB_PWM_blue:PWMUDB:final_kill\[1188] = tmpOE__SEVEN_A_net_0[1]
Removing Lhs of wire \RGB_PWM_blue:PWMUDB:add_vi_vv_MODGEN_9_1\[1192] = \RGB_PWM_blue:PWMUDB:MODULE_9:g2:a0:s_1\[1458]
Removing Lhs of wire \RGB_PWM_blue:PWMUDB:add_vi_vv_MODGEN_9_0\[1194] = \RGB_PWM_blue:PWMUDB:MODULE_9:g2:a0:s_0\[1459]
Removing Lhs of wire \RGB_PWM_blue:PWMUDB:dith_count_1\\R\[1195] = zero[7]
Removing Lhs of wire \RGB_PWM_blue:PWMUDB:dith_count_1\\S\[1196] = zero[7]
Removing Lhs of wire \RGB_PWM_blue:PWMUDB:dith_count_0\\R\[1197] = zero[7]
Removing Lhs of wire \RGB_PWM_blue:PWMUDB:dith_count_0\\S\[1198] = zero[7]
Removing Lhs of wire \RGB_PWM_blue:PWMUDB:cs_addr_2\[1200] = \RGB_PWM_blue:PWMUDB:tc_i\[1180]
Removing Lhs of wire \RGB_PWM_blue:PWMUDB:cs_addr_1\[1201] = \RGB_PWM_blue:PWMUDB:runmode_enable\[1175]
Removing Lhs of wire \RGB_PWM_blue:PWMUDB:cs_addr_0\[1202] = zero[7]
Removing Lhs of wire \RGB_PWM_blue:PWMUDB:compare1\[1284] = \RGB_PWM_blue:PWMUDB:cmp1_less\[1254]
Removing Lhs of wire \RGB_PWM_blue:PWMUDB:pwm1_i\[1289] = zero[7]
Removing Lhs of wire \RGB_PWM_blue:PWMUDB:pwm2_i\[1291] = zero[7]
Removing Rhs of wire \RGB_PWM_blue:Net_96\[1294] = \RGB_PWM_blue:PWMUDB:pwm_i_reg\[1286]
Removing Rhs of wire \RGB_PWM_blue:PWMUDB:pwm_temp\[1297] = \RGB_PWM_blue:PWMUDB:cmp1\[1298]
Removing Lhs of wire \RGB_PWM_blue:PWMUDB:MODULE_9:g2:a0:a_23\[1340] = zero[7]
Removing Lhs of wire \RGB_PWM_blue:PWMUDB:MODULE_9:g2:a0:a_22\[1341] = zero[7]
Removing Lhs of wire \RGB_PWM_blue:PWMUDB:MODULE_9:g2:a0:a_21\[1342] = zero[7]
Removing Lhs of wire \RGB_PWM_blue:PWMUDB:MODULE_9:g2:a0:a_20\[1343] = zero[7]
Removing Lhs of wire \RGB_PWM_blue:PWMUDB:MODULE_9:g2:a0:a_19\[1344] = zero[7]
Removing Lhs of wire \RGB_PWM_blue:PWMUDB:MODULE_9:g2:a0:a_18\[1345] = zero[7]
Removing Lhs of wire \RGB_PWM_blue:PWMUDB:MODULE_9:g2:a0:a_17\[1346] = zero[7]
Removing Lhs of wire \RGB_PWM_blue:PWMUDB:MODULE_9:g2:a0:a_16\[1347] = zero[7]
Removing Lhs of wire \RGB_PWM_blue:PWMUDB:MODULE_9:g2:a0:a_15\[1348] = zero[7]
Removing Lhs of wire \RGB_PWM_blue:PWMUDB:MODULE_9:g2:a0:a_14\[1349] = zero[7]
Removing Lhs of wire \RGB_PWM_blue:PWMUDB:MODULE_9:g2:a0:a_13\[1350] = zero[7]
Removing Lhs of wire \RGB_PWM_blue:PWMUDB:MODULE_9:g2:a0:a_12\[1351] = zero[7]
Removing Lhs of wire \RGB_PWM_blue:PWMUDB:MODULE_9:g2:a0:a_11\[1352] = zero[7]
Removing Lhs of wire \RGB_PWM_blue:PWMUDB:MODULE_9:g2:a0:a_10\[1353] = zero[7]
Removing Lhs of wire \RGB_PWM_blue:PWMUDB:MODULE_9:g2:a0:a_9\[1354] = zero[7]
Removing Lhs of wire \RGB_PWM_blue:PWMUDB:MODULE_9:g2:a0:a_8\[1355] = zero[7]
Removing Lhs of wire \RGB_PWM_blue:PWMUDB:MODULE_9:g2:a0:a_7\[1356] = zero[7]
Removing Lhs of wire \RGB_PWM_blue:PWMUDB:MODULE_9:g2:a0:a_6\[1357] = zero[7]
Removing Lhs of wire \RGB_PWM_blue:PWMUDB:MODULE_9:g2:a0:a_5\[1358] = zero[7]
Removing Lhs of wire \RGB_PWM_blue:PWMUDB:MODULE_9:g2:a0:a_4\[1359] = zero[7]
Removing Lhs of wire \RGB_PWM_blue:PWMUDB:MODULE_9:g2:a0:a_3\[1360] = zero[7]
Removing Lhs of wire \RGB_PWM_blue:PWMUDB:MODULE_9:g2:a0:a_2\[1361] = zero[7]
Removing Lhs of wire \RGB_PWM_blue:PWMUDB:MODULE_9:g2:a0:a_1\[1362] = \RGB_PWM_blue:PWMUDB:MODIN9_1\[1363]
Removing Lhs of wire \RGB_PWM_blue:PWMUDB:MODIN9_1\[1363] = \RGB_PWM_blue:PWMUDB:dith_count_1\[1191]
Removing Lhs of wire \RGB_PWM_blue:PWMUDB:MODULE_9:g2:a0:a_0\[1364] = \RGB_PWM_blue:PWMUDB:MODIN9_0\[1365]
Removing Lhs of wire \RGB_PWM_blue:PWMUDB:MODIN9_0\[1365] = \RGB_PWM_blue:PWMUDB:dith_count_0\[1193]
Removing Lhs of wire \RGB_PWM_blue:PWMUDB:MODULE_9:g2:a0:g1:z1:s0:g1:u0:c_0\[1497] = tmpOE__SEVEN_A_net_0[1]
Removing Lhs of wire \RGB_PWM_blue:PWMUDB:MODULE_9:g2:a0:g1:z1:s0:g1:u0:b_0\[1498] = tmpOE__SEVEN_A_net_0[1]
Removing Rhs of wire Net_429[1499] = \RGB_PWM_blue:Net_96\[1294]
Removing Lhs of wire tmpOE__RGB_R_net_0[1507] = tmpOE__SEVEN_A_net_0[1]
Removing Lhs of wire tmpOE__RGB_G_net_0[1513] = tmpOE__SEVEN_A_net_0[1]
Removing Lhs of wire tmpOE__RGB_B_net_0[1519] = tmpOE__SEVEN_A_net_0[1]
Removing Lhs of wire \USBUART:tmpOE__Dm_net_0\[1527] = tmpOE__SEVEN_A_net_0[1]
Removing Lhs of wire \USBUART:tmpOE__Dp_net_0\[1534] = tmpOE__SEVEN_A_net_0[1]
Removing Lhs of wire tmpOE__BUTTON_JOYSTICK_net_0[1586] = tmpOE__SEVEN_A_net_0[1]
Removing Lhs of wire tmpOE__JOYSTICK_X_net_0[1594] = tmpOE__SEVEN_A_net_0[1]
Removing Lhs of wire tmpOE__JOYSTICK_Y_net_0[1602] = tmpOE__SEVEN_A_net_0[1]
Removing Lhs of wire \JOYSTICK_ADC_XY:AMuxHw_2_Decoder_enable\[1609] = tmpOE__SEVEN_A_net_0[1]
Removing Lhs of wire \JOYSTICK_ADC_XY:cmp_vv_vv_MODGEN_1\[1611] = \JOYSTICK_ADC_XY:MODULE_1:g1:a0:xeq\[1944]
Removing Rhs of wire \JOYSTICK_ADC_XY:clock\[1612] = \JOYSTICK_ADC_XY:Net_3874\[1844]
Removing Rhs of wire \JOYSTICK_ADC_XY:ch_addr_5\[1614] = \JOYSTICK_ADC_XY:bSAR_SEQ:count_5\[1811]
Removing Rhs of wire \JOYSTICK_ADC_XY:ch_addr_4\[1616] = \JOYSTICK_ADC_XY:bSAR_SEQ:count_4\[1812]
Removing Rhs of wire \JOYSTICK_ADC_XY:ch_addr_3\[1618] = \JOYSTICK_ADC_XY:bSAR_SEQ:count_3\[1813]
Removing Rhs of wire \JOYSTICK_ADC_XY:ch_addr_2\[1620] = \JOYSTICK_ADC_XY:bSAR_SEQ:count_2\[1814]
Removing Rhs of wire \JOYSTICK_ADC_XY:ch_addr_1\[1622] = \JOYSTICK_ADC_XY:bSAR_SEQ:count_1\[1815]
Removing Rhs of wire \JOYSTICK_ADC_XY:ch_addr_0\[1624] = \JOYSTICK_ADC_XY:bSAR_SEQ:count_0\[1816]
Removing Lhs of wire \JOYSTICK_ADC_XY:SAR:vp_ctl_0\[1756] = zero[7]
Removing Lhs of wire \JOYSTICK_ADC_XY:SAR:vp_ctl_2\[1757] = zero[7]
Removing Lhs of wire \JOYSTICK_ADC_XY:SAR:vn_ctl_1\[1758] = zero[7]
Removing Lhs of wire \JOYSTICK_ADC_XY:SAR:vn_ctl_3\[1759] = zero[7]
Removing Lhs of wire \JOYSTICK_ADC_XY:SAR:vp_ctl_1\[1760] = zero[7]
Removing Lhs of wire \JOYSTICK_ADC_XY:SAR:vp_ctl_3\[1761] = zero[7]
Removing Lhs of wire \JOYSTICK_ADC_XY:SAR:vn_ctl_0\[1762] = zero[7]
Removing Lhs of wire \JOYSTICK_ADC_XY:SAR:vn_ctl_2\[1763] = zero[7]
Removing Lhs of wire \JOYSTICK_ADC_XY:SAR:Net_188\[1764] = \JOYSTICK_ADC_XY:clock\[1612]
Removing Lhs of wire \JOYSTICK_ADC_XY:SAR:soc\[1770] = zero[7]
Removing Rhs of wire \JOYSTICK_ADC_XY:bSAR_SEQ:enable\[1801] = \JOYSTICK_ADC_XY:bSAR_SEQ:control_0\[1802]
Removing Rhs of wire \JOYSTICK_ADC_XY:bSAR_SEQ:load_period\[1803] = \JOYSTICK_ADC_XY:bSAR_SEQ:control_1\[1804]
Removing Lhs of wire \JOYSTICK_ADC_XY:bSAR_SEQ:status_7\[1817] = zero[7]
Removing Lhs of wire \JOYSTICK_ADC_XY:bSAR_SEQ:status_6\[1818] = zero[7]
Removing Lhs of wire \JOYSTICK_ADC_XY:bSAR_SEQ:status_5\[1819] = zero[7]
Removing Lhs of wire \JOYSTICK_ADC_XY:bSAR_SEQ:status_4\[1820] = zero[7]
Removing Lhs of wire \JOYSTICK_ADC_XY:bSAR_SEQ:status_3\[1821] = zero[7]
Removing Lhs of wire \JOYSTICK_ADC_XY:bSAR_SEQ:status_2\[1822] = zero[7]
Removing Lhs of wire \JOYSTICK_ADC_XY:bSAR_SEQ:status_1\[1823] = zero[7]
Removing Rhs of wire \JOYSTICK_ADC_XY:bSAR_SEQ:status_0\[1824] = \JOYSTICK_ADC_XY:bSAR_SEQ:nrq_edge_detect_reg\[1825]
Removing Rhs of wire Net_1994[1832] = \JOYSTICK_ADC_XY:bSAR_SEQ:status_0\[1824]
Removing Lhs of wire \JOYSTICK_ADC_XY:MODULE_1:g1:a0:newa_5\[1855] = \JOYSTICK_ADC_XY:MODIN1_5\[1856]
Removing Lhs of wire \JOYSTICK_ADC_XY:MODIN1_5\[1856] = \JOYSTICK_ADC_XY:ch_addr_5\[1614]
Removing Lhs of wire \JOYSTICK_ADC_XY:MODULE_1:g1:a0:newa_4\[1857] = \JOYSTICK_ADC_XY:MODIN1_4\[1858]
Removing Lhs of wire \JOYSTICK_ADC_XY:MODIN1_4\[1858] = \JOYSTICK_ADC_XY:ch_addr_4\[1616]
Removing Lhs of wire \JOYSTICK_ADC_XY:MODULE_1:g1:a0:newa_3\[1859] = \JOYSTICK_ADC_XY:MODIN1_3\[1860]
Removing Lhs of wire \JOYSTICK_ADC_XY:MODIN1_3\[1860] = \JOYSTICK_ADC_XY:ch_addr_3\[1618]
Removing Lhs of wire \JOYSTICK_ADC_XY:MODULE_1:g1:a0:newa_2\[1861] = \JOYSTICK_ADC_XY:MODIN1_2\[1862]
Removing Lhs of wire \JOYSTICK_ADC_XY:MODIN1_2\[1862] = \JOYSTICK_ADC_XY:ch_addr_2\[1620]
Removing Lhs of wire \JOYSTICK_ADC_XY:MODULE_1:g1:a0:newa_1\[1863] = \JOYSTICK_ADC_XY:MODIN1_1\[1864]
Removing Lhs of wire \JOYSTICK_ADC_XY:MODIN1_1\[1864] = \JOYSTICK_ADC_XY:ch_addr_1\[1622]
Removing Lhs of wire \JOYSTICK_ADC_XY:MODULE_1:g1:a0:newa_0\[1865] = \JOYSTICK_ADC_XY:MODIN1_0\[1866]
Removing Lhs of wire \JOYSTICK_ADC_XY:MODIN1_0\[1866] = \JOYSTICK_ADC_XY:ch_addr_0\[1624]
Removing Lhs of wire \JOYSTICK_ADC_XY:MODULE_1:g1:a0:newb_5\[1867] = \JOYSTICK_ADC_XY:MODIN2_5\[1868]
Removing Lhs of wire \JOYSTICK_ADC_XY:MODIN2_5\[1868] = \JOYSTICK_ADC_XY:AMuxHw_2_Decoder_old_id_5\[1613]
Removing Lhs of wire \JOYSTICK_ADC_XY:MODULE_1:g1:a0:newb_4\[1869] = \JOYSTICK_ADC_XY:MODIN2_4\[1870]
Removing Lhs of wire \JOYSTICK_ADC_XY:MODIN2_4\[1870] = \JOYSTICK_ADC_XY:AMuxHw_2_Decoder_old_id_4\[1615]
Removing Lhs of wire \JOYSTICK_ADC_XY:MODULE_1:g1:a0:newb_3\[1871] = \JOYSTICK_ADC_XY:MODIN2_3\[1872]
Removing Lhs of wire \JOYSTICK_ADC_XY:MODIN2_3\[1872] = \JOYSTICK_ADC_XY:AMuxHw_2_Decoder_old_id_3\[1617]
Removing Lhs of wire \JOYSTICK_ADC_XY:MODULE_1:g1:a0:newb_2\[1873] = \JOYSTICK_ADC_XY:MODIN2_2\[1874]
Removing Lhs of wire \JOYSTICK_ADC_XY:MODIN2_2\[1874] = \JOYSTICK_ADC_XY:AMuxHw_2_Decoder_old_id_2\[1619]
Removing Lhs of wire \JOYSTICK_ADC_XY:MODULE_1:g1:a0:newb_1\[1875] = \JOYSTICK_ADC_XY:MODIN2_1\[1876]
Removing Lhs of wire \JOYSTICK_ADC_XY:MODIN2_1\[1876] = \JOYSTICK_ADC_XY:AMuxHw_2_Decoder_old_id_1\[1621]
Removing Lhs of wire \JOYSTICK_ADC_XY:MODULE_1:g1:a0:newb_0\[1877] = \JOYSTICK_ADC_XY:MODIN2_0\[1878]
Removing Lhs of wire \JOYSTICK_ADC_XY:MODIN2_0\[1878] = \JOYSTICK_ADC_XY:AMuxHw_2_Decoder_old_id_0\[1623]
Removing Lhs of wire \JOYSTICK_ADC_XY:MODULE_1:g1:a0:dataa_5\[1879] = \JOYSTICK_ADC_XY:ch_addr_5\[1614]
Removing Lhs of wire \JOYSTICK_ADC_XY:MODULE_1:g1:a0:dataa_4\[1880] = \JOYSTICK_ADC_XY:ch_addr_4\[1616]
Removing Lhs of wire \JOYSTICK_ADC_XY:MODULE_1:g1:a0:dataa_3\[1881] = \JOYSTICK_ADC_XY:ch_addr_3\[1618]
Removing Lhs of wire \JOYSTICK_ADC_XY:MODULE_1:g1:a0:dataa_2\[1882] = \JOYSTICK_ADC_XY:ch_addr_2\[1620]
Removing Lhs of wire \JOYSTICK_ADC_XY:MODULE_1:g1:a0:dataa_1\[1883] = \JOYSTICK_ADC_XY:ch_addr_1\[1622]
Removing Lhs of wire \JOYSTICK_ADC_XY:MODULE_1:g1:a0:dataa_0\[1884] = \JOYSTICK_ADC_XY:ch_addr_0\[1624]
Removing Lhs of wire \JOYSTICK_ADC_XY:MODULE_1:g1:a0:datab_5\[1885] = \JOYSTICK_ADC_XY:AMuxHw_2_Decoder_old_id_5\[1613]
Removing Lhs of wire \JOYSTICK_ADC_XY:MODULE_1:g1:a0:datab_4\[1886] = \JOYSTICK_ADC_XY:AMuxHw_2_Decoder_old_id_4\[1615]
Removing Lhs of wire \JOYSTICK_ADC_XY:MODULE_1:g1:a0:datab_3\[1887] = \JOYSTICK_ADC_XY:AMuxHw_2_Decoder_old_id_3\[1617]
Removing Lhs of wire \JOYSTICK_ADC_XY:MODULE_1:g1:a0:datab_2\[1888] = \JOYSTICK_ADC_XY:AMuxHw_2_Decoder_old_id_2\[1619]
Removing Lhs of wire \JOYSTICK_ADC_XY:MODULE_1:g1:a0:datab_1\[1889] = \JOYSTICK_ADC_XY:AMuxHw_2_Decoder_old_id_1\[1621]
Removing Lhs of wire \JOYSTICK_ADC_XY:MODULE_1:g1:a0:datab_0\[1890] = \JOYSTICK_ADC_XY:AMuxHw_2_Decoder_old_id_0\[1623]
Removing Lhs of wire \JOYSTICK_ADC_XY:MODULE_1:g1:a0:gx:u0:a_5\[1891] = \JOYSTICK_ADC_XY:ch_addr_5\[1614]
Removing Lhs of wire \JOYSTICK_ADC_XY:MODULE_1:g1:a0:gx:u0:a_4\[1892] = \JOYSTICK_ADC_XY:ch_addr_4\[1616]
Removing Lhs of wire \JOYSTICK_ADC_XY:MODULE_1:g1:a0:gx:u0:a_3\[1893] = \JOYSTICK_ADC_XY:ch_addr_3\[1618]
Removing Lhs of wire \JOYSTICK_ADC_XY:MODULE_1:g1:a0:gx:u0:a_2\[1894] = \JOYSTICK_ADC_XY:ch_addr_2\[1620]
Removing Lhs of wire \JOYSTICK_ADC_XY:MODULE_1:g1:a0:gx:u0:a_1\[1895] = \JOYSTICK_ADC_XY:ch_addr_1\[1622]
Removing Lhs of wire \JOYSTICK_ADC_XY:MODULE_1:g1:a0:gx:u0:a_0\[1896] = \JOYSTICK_ADC_XY:ch_addr_0\[1624]
Removing Lhs of wire \JOYSTICK_ADC_XY:MODULE_1:g1:a0:gx:u0:b_5\[1897] = \JOYSTICK_ADC_XY:AMuxHw_2_Decoder_old_id_5\[1613]
Removing Lhs of wire \JOYSTICK_ADC_XY:MODULE_1:g1:a0:gx:u0:b_4\[1898] = \JOYSTICK_ADC_XY:AMuxHw_2_Decoder_old_id_4\[1615]
Removing Lhs of wire \JOYSTICK_ADC_XY:MODULE_1:g1:a0:gx:u0:b_3\[1899] = \JOYSTICK_ADC_XY:AMuxHw_2_Decoder_old_id_3\[1617]
Removing Lhs of wire \JOYSTICK_ADC_XY:MODULE_1:g1:a0:gx:u0:b_2\[1900] = \JOYSTICK_ADC_XY:AMuxHw_2_Decoder_old_id_2\[1619]
Removing Lhs of wire \JOYSTICK_ADC_XY:MODULE_1:g1:a0:gx:u0:b_1\[1901] = \JOYSTICK_ADC_XY:AMuxHw_2_Decoder_old_id_1\[1621]
Removing Lhs of wire \JOYSTICK_ADC_XY:MODULE_1:g1:a0:gx:u0:b_0\[1902] = \JOYSTICK_ADC_XY:AMuxHw_2_Decoder_old_id_0\[1623]
Removing Lhs of wire \JOYSTICK_ADC_XY:MODULE_1:g1:a0:gx:u0:aeqb_0\[1909] = tmpOE__SEVEN_A_net_0[1]
Removing Lhs of wire \JOYSTICK_ADC_XY:MODULE_1:g1:a0:gx:u0:eq_0\[1910] = \JOYSTICK_ADC_XY:MODULE_1:g1:a0:gx:u0:xnor_array_0\[1908]
Removing Lhs of wire \JOYSTICK_ADC_XY:MODULE_1:g1:a0:gx:u0:eqi_0\[1916] = \JOYSTICK_ADC_XY:MODULE_1:g1:a0:gx:u0:eq_5\[1915]
Removing Rhs of wire \JOYSTICK_ADC_XY:MODULE_1:g1:a0:xeq\[1944] = \JOYSTICK_ADC_XY:MODULE_1:g1:a0:gx:u0:aeqb_1\[1917]
Removing Rhs of wire \TFT_SPI:Net_276\[1955] = \TFT_SPI:Net_288\[1956]
Removing Rhs of wire \TFT_SPI:BSPIM:load_rx_data\[1960] = \TFT_SPI:BSPIM:dpcounter_one\[1961]
Removing Lhs of wire \TFT_SPI:BSPIM:pol_supprt\[1962] = zero[7]
Removing Lhs of wire \TFT_SPI:BSPIM:miso_to_dp\[1963] = \TFT_SPI:Net_244\[1964]
Removing Lhs of wire \TFT_SPI:Net_244\[1964] = zero[7]
Removing Rhs of wire wTFT_SDA[1968] = \TFT_SPI:BSPIM:mosi_reg\[1969]
Removing Rhs of wire \TFT_SPI:BSPIM:tx_status_1\[1991] = \TFT_SPI:BSPIM:dpMOSI_fifo_empty\[1992]
Removing Rhs of wire \TFT_SPI:BSPIM:tx_status_2\[1993] = \TFT_SPI:BSPIM:dpMOSI_fifo_not_full\[1994]
Removing Lhs of wire \TFT_SPI:BSPIM:tx_status_3\[1995] = \TFT_SPI:BSPIM:load_rx_data\[1960]
Removing Rhs of wire \TFT_SPI:BSPIM:rx_status_4\[1997] = \TFT_SPI:BSPIM:dpMISO_fifo_full\[1998]
Removing Rhs of wire \TFT_SPI:BSPIM:rx_status_5\[1999] = \TFT_SPI:BSPIM:dpMISO_fifo_not_empty\[2000]
Removing Lhs of wire \TFT_SPI:BSPIM:tx_status_6\[2002] = zero[7]
Removing Lhs of wire \TFT_SPI:BSPIM:tx_status_5\[2003] = zero[7]
Removing Lhs of wire \TFT_SPI:BSPIM:rx_status_3\[2004] = zero[7]
Removing Lhs of wire \TFT_SPI:BSPIM:rx_status_2\[2005] = zero[7]
Removing Lhs of wire \TFT_SPI:BSPIM:rx_status_1\[2006] = zero[7]
Removing Lhs of wire \TFT_SPI:BSPIM:rx_status_0\[2007] = zero[7]
Removing Lhs of wire \TFT_SPI:Net_273\[2017] = zero[7]
Removing Lhs of wire Net_1999[2057] = zero[7]
Removing Lhs of wire \TFT_SPI:Net_289\[2058] = zero[7]
Removing Lhs of wire tmpOE__TFT_SCL_net_0[2060] = tmpOE__SEVEN_A_net_0[1]
Removing Lhs of wire tmpOE__TFT_DC_net_0[2066] = tmpOE__SEVEN_A_net_0[1]
Removing Lhs of wire tmpOE__TFT_RES_net_0[2072] = tmpOE__SEVEN_A_net_0[1]
Removing Lhs of wire tmpOE__TFT_CS_net_0[2078] = tmpOE__SEVEN_A_net_0[1]
Removing Lhs of wire Net_2005[2079] = zero[7]
Removing Lhs of wire tmpOE__TFT_LED_net_0[2092] = tmpOE__SEVEN_A_net_0[1]
Removing Rhs of wire wTFT_LED[2093] = \TFT_BackLight:Net_57\[2109]
Removing Lhs of wire tmpOE__TFT_SDA_net_0[2099] = tmpOE__SEVEN_A_net_0[1]
Removing Lhs of wire \TFT_BackLight:Net_107\[2106] = zero[7]
Removing Lhs of wire \TFT_BackLight:Net_113\[2107] = tmpOE__SEVEN_A_net_0[1]
Removing Lhs of wire Net_2011[2113] = zero[7]
Removing Lhs of wire \UART_LOG:BUART:reset_reg\\D\[2116] = zero[7]
Removing Lhs of wire \UART_LOG:BUART:rx_bitclk\\D\[2131] = \UART_LOG:BUART:rx_bitclk_pre\[265]
Removing Lhs of wire \UART_LOG:BUART:rx_parity_error_pre\\D\[2140] = \UART_LOG:BUART:rx_parity_error_pre\[341]
Removing Lhs of wire \UART_LOG:BUART:rx_break_status\\D\[2141] = zero[7]
Removing Lhs of wire \RGB_PWM_red:PWMUDB:min_kill_reg\\D\[2145] = tmpOE__SEVEN_A_net_0[1]
Removing Lhs of wire \RGB_PWM_red:PWMUDB:prevCapture\\D\[2146] = zero[7]
Removing Lhs of wire \RGB_PWM_red:PWMUDB:trig_last\\D\[2147] = zero[7]
Removing Lhs of wire \RGB_PWM_red:PWMUDB:ltch_kill_reg\\D\[2150] = tmpOE__SEVEN_A_net_0[1]
Removing Lhs of wire \RGB_PWM_red:PWMUDB:pwm_i_reg\\D\[2153] = \RGB_PWM_red:PWMUDB:pwm_i\[566]
Removing Lhs of wire \RGB_PWM_red:PWMUDB:pwm1_i_reg\\D\[2154] = zero[7]
Removing Lhs of wire \RGB_PWM_red:PWMUDB:pwm2_i_reg\\D\[2155] = zero[7]
Removing Lhs of wire \RGB_PWM_green:PWMUDB:min_kill_reg\\D\[2157] = tmpOE__SEVEN_A_net_0[1]
Removing Lhs of wire \RGB_PWM_green:PWMUDB:prevCapture\\D\[2158] = zero[7]
Removing Lhs of wire \RGB_PWM_green:PWMUDB:trig_last\\D\[2159] = zero[7]
Removing Lhs of wire \RGB_PWM_green:PWMUDB:ltch_kill_reg\\D\[2162] = tmpOE__SEVEN_A_net_0[1]
Removing Lhs of wire \RGB_PWM_green:PWMUDB:pwm_i_reg\\D\[2165] = \RGB_PWM_green:PWMUDB:pwm_i\[927]
Removing Lhs of wire \RGB_PWM_green:PWMUDB:pwm1_i_reg\\D\[2166] = zero[7]
Removing Lhs of wire \RGB_PWM_green:PWMUDB:pwm2_i_reg\\D\[2167] = zero[7]
Removing Lhs of wire \RGB_PWM_blue:PWMUDB:min_kill_reg\\D\[2169] = tmpOE__SEVEN_A_net_0[1]
Removing Lhs of wire \RGB_PWM_blue:PWMUDB:prevCapture\\D\[2170] = zero[7]
Removing Lhs of wire \RGB_PWM_blue:PWMUDB:trig_last\\D\[2171] = zero[7]
Removing Lhs of wire \RGB_PWM_blue:PWMUDB:ltch_kill_reg\\D\[2174] = tmpOE__SEVEN_A_net_0[1]
Removing Lhs of wire \RGB_PWM_blue:PWMUDB:pwm_i_reg\\D\[2177] = \RGB_PWM_blue:PWMUDB:pwm_i\[1287]
Removing Lhs of wire \RGB_PWM_blue:PWMUDB:pwm1_i_reg\\D\[2178] = zero[7]
Removing Lhs of wire \RGB_PWM_blue:PWMUDB:pwm2_i_reg\\D\[2179] = zero[7]
Removing Lhs of wire \JOYSTICK_ADC_XY:AMuxHw_2_Decoder_old_id_5\\D\[2181] = \JOYSTICK_ADC_XY:ch_addr_5\[1614]
Removing Lhs of wire \JOYSTICK_ADC_XY:AMuxHw_2_Decoder_old_id_4\\D\[2182] = \JOYSTICK_ADC_XY:ch_addr_4\[1616]
Removing Lhs of wire \JOYSTICK_ADC_XY:AMuxHw_2_Decoder_old_id_3\\D\[2183] = \JOYSTICK_ADC_XY:ch_addr_3\[1618]
Removing Lhs of wire \JOYSTICK_ADC_XY:AMuxHw_2_Decoder_old_id_2\\D\[2184] = \JOYSTICK_ADC_XY:ch_addr_2\[1620]
Removing Lhs of wire \JOYSTICK_ADC_XY:AMuxHw_2_Decoder_old_id_1\\D\[2185] = \JOYSTICK_ADC_XY:ch_addr_1\[1622]
Removing Lhs of wire \JOYSTICK_ADC_XY:AMuxHw_2_Decoder_old_id_0\\D\[2186] = \JOYSTICK_ADC_XY:ch_addr_0\[1624]
Removing Lhs of wire \JOYSTICK_ADC_XY:bSAR_SEQ:nrq_edge_detect_reg\\D\[2251] = \JOYSTICK_ADC_XY:bSAR_SEQ:nrq_edge_detect\[1831]
Removing Lhs of wire \JOYSTICK_ADC_XY:bSAR_SEQ:nrq_reg\\D\[2253] = \JOYSTICK_ADC_XY:bSAR_SEQ:bus_clk_nrq_reg\[1828]
Removing Lhs of wire \TFT_SPI:BSPIM:so_send_reg\\D\[2254] = zero[7]
Removing Lhs of wire \TFT_SPI:BSPIM:mosi_pre_reg\\D\[2260] = zero[7]
Removing Lhs of wire \TFT_SPI:BSPIM:dpcounter_one_reg\\D\[2262] = \TFT_SPI:BSPIM:load_rx_data\[1960]
Removing Lhs of wire \TFT_SPI:BSPIM:mosi_from_dp_reg\\D\[2263] = \TFT_SPI:BSPIM:mosi_from_dp\[1975]

------------------------------------------------------
Aliased 0 equations, 450 wires.
------------------------------------------------------

----------------------------------------------------------
Circuit simplification
----------------------------------------------------------

Substituting virtuals - pass 1:

Note:  Expanding virtual equation for 'tmpOE__SEVEN_A_net_0' (cost = 0):
tmpOE__SEVEN_A_net_0 <=  ('1') ;

Note:  Expanding virtual equation for 'zero' (cost = 0):
zero <=  ('0') ;

Note:  Expanding virtual equation for '\UART_LOG:BUART:rx_addressmatch\' (cost = 0):
\UART_LOG:BUART:rx_addressmatch\ <= (\UART_LOG:BUART:rx_addressmatch2\
	OR \UART_LOG:BUART:rx_addressmatch1\);

Note:  Expanding virtual equation for '\UART_LOG:BUART:rx_bitclk_pre\' (cost = 1):
\UART_LOG:BUART:rx_bitclk_pre\ <= ((not \UART_LOG:BUART:rx_count_2\ and not \UART_LOG:BUART:rx_count_1\ and not \UART_LOG:BUART:rx_count_0\));

Note:  Expanding virtual equation for '\UART_LOG:BUART:rx_bitclk_pre16x\' (cost = 0):
\UART_LOG:BUART:rx_bitclk_pre16x\ <= ((not \UART_LOG:BUART:rx_count_2\ and \UART_LOG:BUART:rx_count_1\ and \UART_LOG:BUART:rx_count_0\));

Note:  Expanding virtual equation for '\UART_LOG:BUART:rx_poll_bit1\' (cost = 1):
\UART_LOG:BUART:rx_poll_bit1\ <= ((not \UART_LOG:BUART:rx_count_2\ and not \UART_LOG:BUART:rx_count_1\ and \UART_LOG:BUART:rx_count_0\));

Note:  Expanding virtual equation for '\UART_LOG:BUART:rx_poll_bit2\' (cost = 1):
\UART_LOG:BUART:rx_poll_bit2\ <= ((not \UART_LOG:BUART:rx_count_2\ and not \UART_LOG:BUART:rx_count_1\ and not \UART_LOG:BUART:rx_count_0\));

Note:  Expanding virtual equation for '\UART_LOG:BUART:pollingrange\' (cost = 4):
\UART_LOG:BUART:pollingrange\ <= ((not \UART_LOG:BUART:rx_count_2\ and not \UART_LOG:BUART:rx_count_1\));

Note:  Expanding virtual equation for '\UART_LOG:BUART:sRX:s23Poll:MODULE_2:g2:a0:g1:z1:s0:g1:u0:c_1\' (cost = 0):
\UART_LOG:BUART:sRX:s23Poll:MODULE_2:g2:a0:g1:z1:s0:g1:u0:c_1\ <= (\UART_LOG:BUART:pollcount_0\);

Note:  Expanding virtual equation for '\UART_LOG:BUART:sRX:s23Poll:MODULE_2:g2:a0:s_0\' (cost = 0):
\UART_LOG:BUART:sRX:s23Poll:MODULE_2:g2:a0:s_0\ <= (not \UART_LOG:BUART:pollcount_0\);

Note:  Expanding virtual equation for '\UART_LOG:BUART:sRX:s23Poll:MODULE_3:g2:a0:lta_1\' (cost = 0):
\UART_LOG:BUART:sRX:s23Poll:MODULE_3:g2:a0:lta_1\ <=  ('0') ;

Note:  Expanding virtual equation for '\UART_LOG:BUART:sRX:s23Poll:MODULE_3:g2:a0:gta_1\' (cost = 0):
\UART_LOG:BUART:sRX:s23Poll:MODULE_3:g2:a0:gta_1\ <= (\UART_LOG:BUART:pollcount_1\);

Note:  Expanding virtual equation for '\UART_LOG:BUART:sRX:s23Poll:MODULE_4:g2:a0:lta_1\' (cost = 0):
\UART_LOG:BUART:sRX:s23Poll:MODULE_4:g2:a0:lta_1\ <= (not \UART_LOG:BUART:pollcount_1\);

Note:  Expanding virtual equation for '\UART_LOG:BUART:sRX:s23Poll:MODULE_4:g2:a0:gta_1\' (cost = 0):
\UART_LOG:BUART:sRX:s23Poll:MODULE_4:g2:a0:gta_1\ <=  ('0') ;

Note:  Expanding virtual equation for '\UART_LOG:BUART:sRX:MODULE_5:g2:a0:lta_6\' (cost = 0):
\UART_LOG:BUART:sRX:MODULE_5:g2:a0:lta_6\ <=  ('0') ;

Note:  Expanding virtual equation for '\UART_LOG:BUART:sRX:MODULE_5:g2:a0:gta_6\' (cost = 0):
\UART_LOG:BUART:sRX:MODULE_5:g2:a0:gta_6\ <=  ('0') ;

Note:  Expanding virtual equation for '\UART_LOG:BUART:sRX:MODULE_5:g2:a0:lta_5\' (cost = 0):
\UART_LOG:BUART:sRX:MODULE_5:g2:a0:lta_5\ <=  ('0') ;

Note:  Expanding virtual equation for '\UART_LOG:BUART:sRX:MODULE_5:g2:a0:gta_5\' (cost = 0):
\UART_LOG:BUART:sRX:MODULE_5:g2:a0:gta_5\ <=  ('0') ;

Note:  Expanding virtual equation for '\UART_LOG:BUART:sRX:MODULE_5:g2:a0:lta_4\' (cost = 0):
\UART_LOG:BUART:sRX:MODULE_5:g2:a0:lta_4\ <=  ('0') ;

Note:  Expanding virtual equation for '\UART_LOG:BUART:sRX:MODULE_5:g2:a0:gta_4\' (cost = 0):
\UART_LOG:BUART:sRX:MODULE_5:g2:a0:gta_4\ <=  ('0') ;

Note:  Expanding virtual equation for '\UART_LOG:BUART:sRX:MODULE_5:g2:a0:lta_3\' (cost = 0):
\UART_LOG:BUART:sRX:MODULE_5:g2:a0:lta_3\ <=  ('0') ;

Note:  Expanding virtual equation for '\UART_LOG:BUART:sRX:MODULE_5:g2:a0:gta_3\' (cost = 0):
\UART_LOG:BUART:sRX:MODULE_5:g2:a0:gta_3\ <= (\UART_LOG:BUART:rx_count_6\);

Note:  Expanding virtual equation for '\UART_LOG:BUART:sRX:MODULE_5:g2:a0:lta_2\' (cost = 1):
\UART_LOG:BUART:sRX:MODULE_5:g2:a0:lta_2\ <= ((not \UART_LOG:BUART:rx_count_6\ and not \UART_LOG:BUART:rx_count_5\));

Note:  Expanding virtual equation for '\UART_LOG:BUART:sRX:MODULE_5:g2:a0:gta_2\' (cost = 0):
\UART_LOG:BUART:sRX:MODULE_5:g2:a0:gta_2\ <= (\UART_LOG:BUART:rx_count_6\);

Note:  Expanding virtual equation for '\UART_LOG:BUART:sRX:MODULE_5:g2:a0:lta_1\' (cost = 2):
\UART_LOG:BUART:sRX:MODULE_5:g2:a0:lta_1\ <= ((not \UART_LOG:BUART:rx_count_6\ and not \UART_LOG:BUART:rx_count_4\)
	OR (not \UART_LOG:BUART:rx_count_6\ and not \UART_LOG:BUART:rx_count_5\));

Note:  Expanding virtual equation for '\UART_LOG:BUART:sRX:MODULE_5:g2:a0:gta_1\' (cost = 0):
\UART_LOG:BUART:sRX:MODULE_5:g2:a0:gta_1\ <= (\UART_LOG:BUART:rx_count_6\);

Note:  Expanding virtual equation for '\UART_LOG:BUART:sRX:MODULE_5:g2:a0:lta_0\' (cost = 8):
\UART_LOG:BUART:sRX:MODULE_5:g2:a0:lta_0\ <= ((not \UART_LOG:BUART:rx_count_6\ and not \UART_LOG:BUART:rx_count_4\)
	OR (not \UART_LOG:BUART:rx_count_6\ and not \UART_LOG:BUART:rx_count_5\));

Note:  Expanding virtual equation for '\RGB_PWM_red:PWMUDB:pwm_temp\' (cost = 0):
\RGB_PWM_red:PWMUDB:pwm_temp\ <= (\RGB_PWM_red:PWMUDB:cmp1_less\);

Note:  Expanding virtual equation for '\RGB_PWM_red:PWMUDB:MODULE_7:g2:a0:g1:z1:s0:g1:u0:c_1\' (cost = 0):
\RGB_PWM_red:PWMUDB:MODULE_7:g2:a0:g1:z1:s0:g1:u0:c_1\ <= (\RGB_PWM_red:PWMUDB:dith_count_0\);

Note:  Expanding virtual equation for '\RGB_PWM_red:PWMUDB:MODULE_7:g2:a0:s_0\' (cost = 0):
\RGB_PWM_red:PWMUDB:MODULE_7:g2:a0:s_0\ <= (not \RGB_PWM_red:PWMUDB:dith_count_0\);

Note:  Expanding virtual equation for '\RGB_PWM_red:PWMUDB:MODULE_7:g2:a0:g1:z1:s0:g1:u0:c_17\' (cost = 0):
\RGB_PWM_red:PWMUDB:MODULE_7:g2:a0:g1:z1:s0:g1:u0:c_17\ <=  ('0') ;

Note:  Expanding virtual equation for '\RGB_PWM_red:PWMUDB:MODULE_7:g2:a0:g1:z1:s0:g1:u0:c_9\' (cost = 0):
\RGB_PWM_red:PWMUDB:MODULE_7:g2:a0:g1:z1:s0:g1:u0:c_9\ <=  ('0') ;

Note:  Expanding virtual equation for '\RGB_PWM_red:PWMUDB:MODULE_7:g2:a0:g1:z1:s0:g1:u0:c_2\' (cost = 0):
\RGB_PWM_red:PWMUDB:MODULE_7:g2:a0:g1:z1:s0:g1:u0:c_2\ <= ((\RGB_PWM_red:PWMUDB:dith_count_1\ and \RGB_PWM_red:PWMUDB:dith_count_0\));

Note:  Expanding virtual equation for '\RGB_PWM_green:PWMUDB:pwm_temp\' (cost = 0):
\RGB_PWM_green:PWMUDB:pwm_temp\ <= (\RGB_PWM_green:PWMUDB:cmp1_less\);

Note:  Expanding virtual equation for '\RGB_PWM_green:PWMUDB:MODULE_8:g2:a0:g1:z1:s0:g1:u0:c_1\' (cost = 0):
\RGB_PWM_green:PWMUDB:MODULE_8:g2:a0:g1:z1:s0:g1:u0:c_1\ <= (\RGB_PWM_green:PWMUDB:dith_count_0\);

Note:  Expanding virtual equation for '\RGB_PWM_green:PWMUDB:MODULE_8:g2:a0:s_0\' (cost = 0):
\RGB_PWM_green:PWMUDB:MODULE_8:g2:a0:s_0\ <= (not \RGB_PWM_green:PWMUDB:dith_count_0\);

Note:  Expanding virtual equation for '\RGB_PWM_green:PWMUDB:MODULE_8:g2:a0:g1:z1:s0:g1:u0:c_17\' (cost = 0):
\RGB_PWM_green:PWMUDB:MODULE_8:g2:a0:g1:z1:s0:g1:u0:c_17\ <=  ('0') ;

Note:  Expanding virtual equation for '\RGB_PWM_green:PWMUDB:MODULE_8:g2:a0:g1:z1:s0:g1:u0:c_9\' (cost = 0):
\RGB_PWM_green:PWMUDB:MODULE_8:g2:a0:g1:z1:s0:g1:u0:c_9\ <=  ('0') ;

Note:  Expanding virtual equation for '\RGB_PWM_green:PWMUDB:MODULE_8:g2:a0:g1:z1:s0:g1:u0:c_2\' (cost = 0):
\RGB_PWM_green:PWMUDB:MODULE_8:g2:a0:g1:z1:s0:g1:u0:c_2\ <= ((\RGB_PWM_green:PWMUDB:dith_count_1\ and \RGB_PWM_green:PWMUDB:dith_count_0\));

Note:  Expanding virtual equation for '\RGB_PWM_blue:PWMUDB:pwm_temp\' (cost = 0):
\RGB_PWM_blue:PWMUDB:pwm_temp\ <= (\RGB_PWM_blue:PWMUDB:cmp1_less\);

Note:  Expanding virtual equation for '\RGB_PWM_blue:PWMUDB:MODULE_9:g2:a0:g1:z1:s0:g1:u0:c_1\' (cost = 0):
\RGB_PWM_blue:PWMUDB:MODULE_9:g2:a0:g1:z1:s0:g1:u0:c_1\ <= (\RGB_PWM_blue:PWMUDB:dith_count_0\);

Note:  Expanding virtual equation for '\RGB_PWM_blue:PWMUDB:MODULE_9:g2:a0:s_0\' (cost = 0):
\RGB_PWM_blue:PWMUDB:MODULE_9:g2:a0:s_0\ <= (not \RGB_PWM_blue:PWMUDB:dith_count_0\);

Note:  Expanding virtual equation for '\RGB_PWM_blue:PWMUDB:MODULE_9:g2:a0:g1:z1:s0:g1:u0:c_17\' (cost = 0):
\RGB_PWM_blue:PWMUDB:MODULE_9:g2:a0:g1:z1:s0:g1:u0:c_17\ <=  ('0') ;

Note:  Expanding virtual equation for '\RGB_PWM_blue:PWMUDB:MODULE_9:g2:a0:g1:z1:s0:g1:u0:c_9\' (cost = 0):
\RGB_PWM_blue:PWMUDB:MODULE_9:g2:a0:g1:z1:s0:g1:u0:c_9\ <=  ('0') ;

Note:  Expanding virtual equation for '\RGB_PWM_blue:PWMUDB:MODULE_9:g2:a0:g1:z1:s0:g1:u0:c_2\' (cost = 0):
\RGB_PWM_blue:PWMUDB:MODULE_9:g2:a0:g1:z1:s0:g1:u0:c_2\ <= ((\RGB_PWM_blue:PWMUDB:dith_count_1\ and \RGB_PWM_blue:PWMUDB:dith_count_0\));

Note:  Expanding virtual equation for '\JOYSTICK_ADC_XY:MODULE_1:g1:a0:gx:u0:xnor_array_5\' (cost = 6):
\JOYSTICK_ADC_XY:MODULE_1:g1:a0:gx:u0:xnor_array_5\ <= ((not \JOYSTICK_ADC_XY:AMuxHw_2_Decoder_old_id_5\ and not \JOYSTICK_ADC_XY:ch_addr_5\)
	OR (\JOYSTICK_ADC_XY:AMuxHw_2_Decoder_old_id_5\ and \JOYSTICK_ADC_XY:ch_addr_5\));

Note:  Expanding virtual equation for '\JOYSTICK_ADC_XY:MODULE_1:g1:a0:gx:u0:xnor_array_4\' (cost = 6):
\JOYSTICK_ADC_XY:MODULE_1:g1:a0:gx:u0:xnor_array_4\ <= ((not \JOYSTICK_ADC_XY:AMuxHw_2_Decoder_old_id_4\ and not \JOYSTICK_ADC_XY:ch_addr_4\)
	OR (\JOYSTICK_ADC_XY:AMuxHw_2_Decoder_old_id_4\ and \JOYSTICK_ADC_XY:ch_addr_4\));

Note:  Expanding virtual equation for '\JOYSTICK_ADC_XY:MODULE_1:g1:a0:gx:u0:xnor_array_3\' (cost = 2):
\JOYSTICK_ADC_XY:MODULE_1:g1:a0:gx:u0:xnor_array_3\ <= ((not \JOYSTICK_ADC_XY:AMuxHw_2_Decoder_old_id_3\ and not \JOYSTICK_ADC_XY:ch_addr_3\)
	OR (\JOYSTICK_ADC_XY:AMuxHw_2_Decoder_old_id_3\ and \JOYSTICK_ADC_XY:ch_addr_3\));

Note:  Expanding virtual equation for '\JOYSTICK_ADC_XY:MODULE_1:g1:a0:gx:u0:xnor_array_2\' (cost = 6):
\JOYSTICK_ADC_XY:MODULE_1:g1:a0:gx:u0:xnor_array_2\ <= ((not \JOYSTICK_ADC_XY:AMuxHw_2_Decoder_old_id_2\ and not \JOYSTICK_ADC_XY:ch_addr_2\)
	OR (\JOYSTICK_ADC_XY:AMuxHw_2_Decoder_old_id_2\ and \JOYSTICK_ADC_XY:ch_addr_2\));

Note:  Expanding virtual equation for '\JOYSTICK_ADC_XY:MODULE_1:g1:a0:gx:u0:xnor_array_1\' (cost = 6):
\JOYSTICK_ADC_XY:MODULE_1:g1:a0:gx:u0:xnor_array_1\ <= ((not \JOYSTICK_ADC_XY:AMuxHw_2_Decoder_old_id_1\ and not \JOYSTICK_ADC_XY:ch_addr_1\)
	OR (\JOYSTICK_ADC_XY:AMuxHw_2_Decoder_old_id_1\ and \JOYSTICK_ADC_XY:ch_addr_1\));

Note:  Expanding virtual equation for '\JOYSTICK_ADC_XY:MODULE_1:g1:a0:gx:u0:xnor_array_0\' (cost = 4):
\JOYSTICK_ADC_XY:MODULE_1:g1:a0:gx:u0:xnor_array_0\ <= ((not \JOYSTICK_ADC_XY:AMuxHw_2_Decoder_old_id_0\ and not \JOYSTICK_ADC_XY:ch_addr_0\)
	OR (\JOYSTICK_ADC_XY:AMuxHw_2_Decoder_old_id_0\ and \JOYSTICK_ADC_XY:ch_addr_0\));

Note:  Expanding virtual equation for '\JOYSTICK_ADC_XY:MODULE_1:g1:a0:gx:u0:eq_1\' (cost = 8):
\JOYSTICK_ADC_XY:MODULE_1:g1:a0:gx:u0:eq_1\ <= ((not \JOYSTICK_ADC_XY:AMuxHw_2_Decoder_old_id_1\ and not \JOYSTICK_ADC_XY:ch_addr_1\ and not \JOYSTICK_ADC_XY:AMuxHw_2_Decoder_old_id_0\ and not \JOYSTICK_ADC_XY:ch_addr_0\)
	OR (not \JOYSTICK_ADC_XY:AMuxHw_2_Decoder_old_id_1\ and not \JOYSTICK_ADC_XY:ch_addr_1\ and \JOYSTICK_ADC_XY:AMuxHw_2_Decoder_old_id_0\ and \JOYSTICK_ADC_XY:ch_addr_0\)
	OR (not \JOYSTICK_ADC_XY:AMuxHw_2_Decoder_old_id_0\ and not \JOYSTICK_ADC_XY:ch_addr_0\ and \JOYSTICK_ADC_XY:AMuxHw_2_Decoder_old_id_1\ and \JOYSTICK_ADC_XY:ch_addr_1\)
	OR (\JOYSTICK_ADC_XY:AMuxHw_2_Decoder_old_id_1\ and \JOYSTICK_ADC_XY:ch_addr_1\ and \JOYSTICK_ADC_XY:AMuxHw_2_Decoder_old_id_0\ and \JOYSTICK_ADC_XY:ch_addr_0\));

Note:  Expanding virtual equation for '\JOYSTICK_ADC_XY:MODULE_1:g1:a0:gx:u0:eq_2\' (cost = 16):
\JOYSTICK_ADC_XY:MODULE_1:g1:a0:gx:u0:eq_2\ <= ((not \JOYSTICK_ADC_XY:AMuxHw_2_Decoder_old_id_2\ and not \JOYSTICK_ADC_XY:ch_addr_2\ and not \JOYSTICK_ADC_XY:AMuxHw_2_Decoder_old_id_1\ and not \JOYSTICK_ADC_XY:ch_addr_1\ and not \JOYSTICK_ADC_XY:AMuxHw_2_Decoder_old_id_0\ and not \JOYSTICK_ADC_XY:ch_addr_0\)
	OR (not \JOYSTICK_ADC_XY:AMuxHw_2_Decoder_old_id_2\ and not \JOYSTICK_ADC_XY:ch_addr_2\ and not \JOYSTICK_ADC_XY:AMuxHw_2_Decoder_old_id_1\ and not \JOYSTICK_ADC_XY:ch_addr_1\ and \JOYSTICK_ADC_XY:AMuxHw_2_Decoder_old_id_0\ and \JOYSTICK_ADC_XY:ch_addr_0\)
	OR (not \JOYSTICK_ADC_XY:AMuxHw_2_Decoder_old_id_2\ and not \JOYSTICK_ADC_XY:ch_addr_2\ and not \JOYSTICK_ADC_XY:AMuxHw_2_Decoder_old_id_0\ and not \JOYSTICK_ADC_XY:ch_addr_0\ and \JOYSTICK_ADC_XY:AMuxHw_2_Decoder_old_id_1\ and \JOYSTICK_ADC_XY:ch_addr_1\)
	OR (not \JOYSTICK_ADC_XY:AMuxHw_2_Decoder_old_id_2\ and not \JOYSTICK_ADC_XY:ch_addr_2\ and \JOYSTICK_ADC_XY:AMuxHw_2_Decoder_old_id_1\ and \JOYSTICK_ADC_XY:ch_addr_1\ and \JOYSTICK_ADC_XY:AMuxHw_2_Decoder_old_id_0\ and \JOYSTICK_ADC_XY:ch_addr_0\)
	OR (not \JOYSTICK_ADC_XY:AMuxHw_2_Decoder_old_id_1\ and not \JOYSTICK_ADC_XY:ch_addr_1\ and not \JOYSTICK_ADC_XY:AMuxHw_2_Decoder_old_id_0\ and not \JOYSTICK_ADC_XY:ch_addr_0\ and \JOYSTICK_ADC_XY:AMuxHw_2_Decoder_old_id_2\ and \JOYSTICK_ADC_XY:ch_addr_2\)
	OR (not \JOYSTICK_ADC_XY:AMuxHw_2_Decoder_old_id_1\ and not \JOYSTICK_ADC_XY:ch_addr_1\ and \JOYSTICK_ADC_XY:AMuxHw_2_Decoder_old_id_2\ and \JOYSTICK_ADC_XY:ch_addr_2\ and \JOYSTICK_ADC_XY:AMuxHw_2_Decoder_old_id_0\ and \JOYSTICK_ADC_XY:ch_addr_0\)
	OR (not \JOYSTICK_ADC_XY:AMuxHw_2_Decoder_old_id_0\ and not \JOYSTICK_ADC_XY:ch_addr_0\ and \JOYSTICK_ADC_XY:AMuxHw_2_Decoder_old_id_2\ and \JOYSTICK_ADC_XY:ch_addr_2\ and \JOYSTICK_ADC_XY:AMuxHw_2_Decoder_old_id_1\ and \JOYSTICK_ADC_XY:ch_addr_1\)
	OR (\JOYSTICK_ADC_XY:AMuxHw_2_Decoder_old_id_2\ and \JOYSTICK_ADC_XY:ch_addr_2\ and \JOYSTICK_ADC_XY:AMuxHw_2_Decoder_old_id_1\ and \JOYSTICK_ADC_XY:ch_addr_1\ and \JOYSTICK_ADC_XY:AMuxHw_2_Decoder_old_id_0\ and \JOYSTICK_ADC_XY:ch_addr_0\));

Note:  Expanding virtual equation for '\JOYSTICK_ADC_XY:MODULE_1:g1:a0:gx:u0:eq_3\' (cost = 32):
\JOYSTICK_ADC_XY:MODULE_1:g1:a0:gx:u0:eq_3\ <= ((not \JOYSTICK_ADC_XY:AMuxHw_2_Decoder_old_id_3\ and not \JOYSTICK_ADC_XY:ch_addr_3\ and not \JOYSTICK_ADC_XY:AMuxHw_2_Decoder_old_id_2\ and not \JOYSTICK_ADC_XY:ch_addr_2\ and not \JOYSTICK_ADC_XY:AMuxHw_2_Decoder_old_id_1\ and not \JOYSTICK_ADC_XY:ch_addr_1\ and not \JOYSTICK_ADC_XY:AMuxHw_2_Decoder_old_id_0\ and not \JOYSTICK_ADC_XY:ch_addr_0\)
	OR (not \JOYSTICK_ADC_XY:AMuxHw_2_Decoder_old_id_3\ and not \JOYSTICK_ADC_XY:ch_addr_3\ and not \JOYSTICK_ADC_XY:AMuxHw_2_Decoder_old_id_2\ and not \JOYSTICK_ADC_XY:ch_addr_2\ and not \JOYSTICK_ADC_XY:AMuxHw_2_Decoder_old_id_1\ and not \JOYSTICK_ADC_XY:ch_addr_1\ and \JOYSTICK_ADC_XY:AMuxHw_2_Decoder_old_id_0\ and \JOYSTICK_ADC_XY:ch_addr_0\)
	OR (not \JOYSTICK_ADC_XY:AMuxHw_2_Decoder_old_id_3\ and not \JOYSTICK_ADC_XY:ch_addr_3\ and not \JOYSTICK_ADC_XY:AMuxHw_2_Decoder_old_id_2\ and not \JOYSTICK_ADC_XY:ch_addr_2\ and not \JOYSTICK_ADC_XY:AMuxHw_2_Decoder_old_id_0\ and not \JOYSTICK_ADC_XY:ch_addr_0\ and \JOYSTICK_ADC_XY:AMuxHw_2_Decoder_old_id_1\ and \JOYSTICK_ADC_XY:ch_addr_1\)
	OR (not \JOYSTICK_ADC_XY:AMuxHw_2_Decoder_old_id_3\ and not \JOYSTICK_ADC_XY:ch_addr_3\ and not \JOYSTICK_ADC_XY:AMuxHw_2_Decoder_old_id_2\ and not \JOYSTICK_ADC_XY:ch_addr_2\ and \JOYSTICK_ADC_XY:AMuxHw_2_Decoder_old_id_1\ and \JOYSTICK_ADC_XY:ch_addr_1\ and \JOYSTICK_ADC_XY:AMuxHw_2_Decoder_old_id_0\ and \JOYSTICK_ADC_XY:ch_addr_0\)
	OR (not \JOYSTICK_ADC_XY:AMuxHw_2_Decoder_old_id_3\ and not \JOYSTICK_ADC_XY:ch_addr_3\ and not \JOYSTICK_ADC_XY:AMuxHw_2_Decoder_old_id_1\ and not \JOYSTICK_ADC_XY:ch_addr_1\ and not \JOYSTICK_ADC_XY:AMuxHw_2_Decoder_old_id_0\ and not \JOYSTICK_ADC_XY:ch_addr_0\ and \JOYSTICK_ADC_XY:AMuxHw_2_Decoder_old_id_2\ and \JOYSTICK_ADC_XY:ch_addr_2\)
	OR (not \JOYSTICK_ADC_XY:AMuxHw_2_Decoder_old_id_3\ and not \JOYSTICK_ADC_XY:ch_addr_3\ and not \JOYSTICK_ADC_XY:AMuxHw_2_Decoder_old_id_1\ and not \JOYSTICK_ADC_XY:ch_addr_1\ and \JOYSTICK_ADC_XY:AMuxHw_2_Decoder_old_id_2\ and \JOYSTICK_ADC_XY:ch_addr_2\ and \JOYSTICK_ADC_XY:AMuxHw_2_Decoder_old_id_0\ and \JOYSTICK_ADC_XY:ch_addr_0\)
	OR (not \JOYSTICK_ADC_XY:AMuxHw_2_Decoder_old_id_3\ and not \JOYSTICK_ADC_XY:ch_addr_3\ and not \JOYSTICK_ADC_XY:AMuxHw_2_Decoder_old_id_0\ and not \JOYSTICK_ADC_XY:ch_addr_0\ and \JOYSTICK_ADC_XY:AMuxHw_2_Decoder_old_id_2\ and \JOYSTICK_ADC_XY:ch_addr_2\ and \JOYSTICK_ADC_XY:AMuxHw_2_Decoder_old_id_1\ and \JOYSTICK_ADC_XY:ch_addr_1\)
	OR (not \JOYSTICK_ADC_XY:AMuxHw_2_Decoder_old_id_3\ and not \JOYSTICK_ADC_XY:ch_addr_3\ and \JOYSTICK_ADC_XY:AMuxHw_2_Decoder_old_id_2\ and \JOYSTICK_ADC_XY:ch_addr_2\ and \JOYSTICK_ADC_XY:AMuxHw_2_Decoder_old_id_1\ and \JOYSTICK_ADC_XY:ch_addr_1\ and \JOYSTICK_ADC_XY:AMuxHw_2_Decoder_old_id_0\ and \JOYSTICK_ADC_XY:ch_addr_0\)
	OR (not \JOYSTICK_ADC_XY:AMuxHw_2_Decoder_old_id_2\ and not \JOYSTICK_ADC_XY:ch_addr_2\ and not \JOYSTICK_ADC_XY:AMuxHw_2_Decoder_old_id_1\ and not \JOYSTICK_ADC_XY:ch_addr_1\ and not \JOYSTICK_ADC_XY:AMuxHw_2_Decoder_old_id_0\ and not \JOYSTICK_ADC_XY:ch_addr_0\ and \JOYSTICK_ADC_XY:AMuxHw_2_Decoder_old_id_3\ and \JOYSTICK_ADC_XY:ch_addr_3\)
	OR (not \JOYSTICK_ADC_XY:AMuxHw_2_Decoder_old_id_2\ and not \JOYSTICK_ADC_XY:ch_addr_2\ and not \JOYSTICK_ADC_XY:AMuxHw_2_Decoder_old_id_1\ and not \JOYSTICK_ADC_XY:ch_addr_1\ and \JOYSTICK_ADC_XY:AMuxHw_2_Decoder_old_id_3\ and \JOYSTICK_ADC_XY:ch_addr_3\ and \JOYSTICK_ADC_XY:AMuxHw_2_Decoder_old_id_0\ and \JOYSTICK_ADC_XY:ch_addr_0\)
	OR (not \JOYSTICK_ADC_XY:AMuxHw_2_Decoder_old_id_2\ and not \JOYSTICK_ADC_XY:ch_addr_2\ and not \JOYSTICK_ADC_XY:AMuxHw_2_Decoder_old_id_0\ and not \JOYSTICK_ADC_XY:ch_addr_0\ and \JOYSTICK_ADC_XY:AMuxHw_2_Decoder_old_id_3\ and \JOYSTICK_ADC_XY:ch_addr_3\ and \JOYSTICK_ADC_XY:AMuxHw_2_Decoder_old_id_1\ and \JOYSTICK_ADC_XY:ch_addr_1\)
	OR (not \JOYSTICK_ADC_XY:AMuxHw_2_Decoder_old_id_2\ and not \JOYSTICK_ADC_XY:ch_addr_2\ and \JOYSTICK_ADC_XY:AMuxHw_2_Decoder_old_id_3\ and \JOYSTICK_ADC_XY:ch_addr_3\ and \JOYSTICK_ADC_XY:AMuxHw_2_Decoder_old_id_1\ and \JOYSTICK_ADC_XY:ch_addr_1\ and \JOYSTICK_ADC_XY:AMuxHw_2_Decoder_old_id_0\ and \JOYSTICK_ADC_XY:ch_addr_0\)
	OR (not \JOYSTICK_ADC_XY:AMuxHw_2_Decoder_old_id_1\ and not \JOYSTICK_ADC_XY:ch_addr_1\ and not \JOYSTICK_ADC_XY:AMuxHw_2_Decoder_old_id_0\ and not \JOYSTICK_ADC_XY:ch_addr_0\ and \JOYSTICK_ADC_XY:AMuxHw_2_Decoder_old_id_3\ and \JOYSTICK_ADC_XY:ch_addr_3\ and \JOYSTICK_ADC_XY:AMuxHw_2_Decoder_old_id_2\ and \JOYSTICK_ADC_XY:ch_addr_2\)
	OR (not \JOYSTICK_ADC_XY:AMuxHw_2_Decoder_old_id_1\ and not \JOYSTICK_ADC_XY:ch_addr_1\ and \JOYSTICK_ADC_XY:AMuxHw_2_Decoder_old_id_3\ and \JOYSTICK_ADC_XY:ch_addr_3\ and \JOYSTICK_ADC_XY:AMuxHw_2_Decoder_old_id_2\ and \JOYSTICK_ADC_XY:ch_addr_2\ and \JOYSTICK_ADC_XY:AMuxHw_2_Decoder_old_id_0\ and \JOYSTICK_ADC_XY:ch_addr_0\)
	OR (not \JOYSTICK_ADC_XY:AMuxHw_2_Decoder_old_id_0\ and not \JOYSTICK_ADC_XY:ch_addr_0\ and \JOYSTICK_ADC_XY:AMuxHw_2_Decoder_old_id_3\ and \JOYSTICK_ADC_XY:ch_addr_3\ and \JOYSTICK_ADC_XY:AMuxHw_2_Decoder_old_id_2\ and \JOYSTICK_ADC_XY:ch_addr_2\ and \JOYSTICK_ADC_XY:AMuxHw_2_Decoder_old_id_1\ and \JOYSTICK_ADC_XY:ch_addr_1\)
	OR (\JOYSTICK_ADC_XY:AMuxHw_2_Decoder_old_id_3\ and \JOYSTICK_ADC_XY:ch_addr_3\ and \JOYSTICK_ADC_XY:AMuxHw_2_Decoder_old_id_2\ and \JOYSTICK_ADC_XY:ch_addr_2\ and \JOYSTICK_ADC_XY:AMuxHw_2_Decoder_old_id_1\ and \JOYSTICK_ADC_XY:ch_addr_1\ and \JOYSTICK_ADC_XY:AMuxHw_2_Decoder_old_id_0\ and \JOYSTICK_ADC_XY:ch_addr_0\));

Note:  Expanding virtual equation for '\JOYSTICK_ADC_XY:MODULE_1:g1:a0:gx:u0:eq_4\' (cost = 64):
\JOYSTICK_ADC_XY:MODULE_1:g1:a0:gx:u0:eq_4\ <= ((not \JOYSTICK_ADC_XY:AMuxHw_2_Decoder_old_id_4\ and not \JOYSTICK_ADC_XY:ch_addr_4\ and not \JOYSTICK_ADC_XY:AMuxHw_2_Decoder_old_id_3\ and not \JOYSTICK_ADC_XY:ch_addr_3\ and not \JOYSTICK_ADC_XY:AMuxHw_2_Decoder_old_id_2\ and not \JOYSTICK_ADC_XY:ch_addr_2\ and not \JOYSTICK_ADC_XY:AMuxHw_2_Decoder_old_id_1\ and not \JOYSTICK_ADC_XY:ch_addr_1\ and not \JOYSTICK_ADC_XY:AMuxHw_2_Decoder_old_id_0\ and not \JOYSTICK_ADC_XY:ch_addr_0\)
	OR (not \JOYSTICK_ADC_XY:AMuxHw_2_Decoder_old_id_4\ and not \JOYSTICK_ADC_XY:ch_addr_4\ and not \JOYSTICK_ADC_XY:AMuxHw_2_Decoder_old_id_3\ and not \JOYSTICK_ADC_XY:ch_addr_3\ and not \JOYSTICK_ADC_XY:AMuxHw_2_Decoder_old_id_2\ and not \JOYSTICK_ADC_XY:ch_addr_2\ and not \JOYSTICK_ADC_XY:AMuxHw_2_Decoder_old_id_1\ and not \JOYSTICK_ADC_XY:ch_addr_1\ and \JOYSTICK_ADC_XY:AMuxHw_2_Decoder_old_id_0\ and \JOYSTICK_ADC_XY:ch_addr_0\)
	OR (not \JOYSTICK_ADC_XY:AMuxHw_2_Decoder_old_id_4\ and not \JOYSTICK_ADC_XY:ch_addr_4\ and not \JOYSTICK_ADC_XY:AMuxHw_2_Decoder_old_id_3\ and not \JOYSTICK_ADC_XY:ch_addr_3\ and not \JOYSTICK_ADC_XY:AMuxHw_2_Decoder_old_id_2\ and not \JOYSTICK_ADC_XY:ch_addr_2\ and not \JOYSTICK_ADC_XY:AMuxHw_2_Decoder_old_id_0\ and not \JOYSTICK_ADC_XY:ch_addr_0\ and \JOYSTICK_ADC_XY:AMuxHw_2_Decoder_old_id_1\ and \JOYSTICK_ADC_XY:ch_addr_1\)
	OR (not \JOYSTICK_ADC_XY:AMuxHw_2_Decoder_old_id_4\ and not \JOYSTICK_ADC_XY:ch_addr_4\ and not \JOYSTICK_ADC_XY:AMuxHw_2_Decoder_old_id_3\ and not \JOYSTICK_ADC_XY:ch_addr_3\ and not \JOYSTICK_ADC_XY:AMuxHw_2_Decoder_old_id_2\ and not \JOYSTICK_ADC_XY:ch_addr_2\ and \JOYSTICK_ADC_XY:AMuxHw_2_Decoder_old_id_1\ and \JOYSTICK_ADC_XY:ch_addr_1\ and \JOYSTICK_ADC_XY:AMuxHw_2_Decoder_old_id_0\ and \JOYSTICK_ADC_XY:ch_addr_0\)
	OR (not \JOYSTICK_ADC_XY:AMuxHw_2_Decoder_old_id_4\ and not \JOYSTICK_ADC_XY:ch_addr_4\ and not \JOYSTICK_ADC_XY:AMuxHw_2_Decoder_old_id_3\ and not \JOYSTICK_ADC_XY:ch_addr_3\ and not \JOYSTICK_ADC_XY:AMuxHw_2_Decoder_old_id_1\ and not \JOYSTICK_ADC_XY:ch_addr_1\ and not \JOYSTICK_ADC_XY:AMuxHw_2_Decoder_old_id_0\ and not \JOYSTICK_ADC_XY:ch_addr_0\ and \JOYSTICK_ADC_XY:AMuxHw_2_Decoder_old_id_2\ and \JOYSTICK_ADC_XY:ch_addr_2\)
	OR (not \JOYSTICK_ADC_XY:AMuxHw_2_Decoder_old_id_4\ and not \JOYSTICK_ADC_XY:ch_addr_4\ and not \JOYSTICK_ADC_XY:AMuxHw_2_Decoder_old_id_3\ and not \JOYSTICK_ADC_XY:ch_addr_3\ and not \JOYSTICK_ADC_XY:AMuxHw_2_Decoder_old_id_1\ and not \JOYSTICK_ADC_XY:ch_addr_1\ and \JOYSTICK_ADC_XY:AMuxHw_2_Decoder_old_id_2\ and \JOYSTICK_ADC_XY:ch_addr_2\ and \JOYSTICK_ADC_XY:AMuxHw_2_Decoder_old_id_0\ and \JOYSTICK_ADC_XY:ch_addr_0\)
	OR (not \JOYSTICK_ADC_XY:AMuxHw_2_Decoder_old_id_4\ and not \JOYSTICK_ADC_XY:ch_addr_4\ and not \JOYSTICK_ADC_XY:AMuxHw_2_Decoder_old_id_3\ and not \JOYSTICK_ADC_XY:ch_addr_3\ and not \JOYSTICK_ADC_XY:AMuxHw_2_Decoder_old_id_0\ and not \JOYSTICK_ADC_XY:ch_addr_0\ and \JOYSTICK_ADC_XY:AMuxHw_2_Decoder_old_id_2\ and \JOYSTICK_ADC_XY:ch_addr_2\ and \JOYSTICK_ADC_XY:AMuxHw_2_Decoder_old_id_1\ and \JOYSTICK_ADC_XY:ch_addr_1\)
	OR (not \JOYSTICK_ADC_XY:AMuxHw_2_Decoder_old_id_4\ and not \JOYSTICK_ADC_XY:ch_addr_4\ and not \JOYSTICK_ADC_XY:AMuxHw_2_Decoder_old_id_3\ and not \JOYSTICK_ADC_XY:ch_addr_3\ and \JOYSTICK_ADC_XY:AMuxHw_2_Decoder_old_id_2\ and \JOYSTICK_ADC_XY:ch_addr_2\ and \JOYSTICK_ADC_XY:AMuxHw_2_Decoder_old_id_1\ and \JOYSTICK_ADC_XY:ch_addr_1\ and \JOYSTICK_ADC_XY:AMuxHw_2_Decoder_old_id_0\ and \JOYSTICK_ADC_XY:ch_addr_0\)
	OR (not \JOYSTICK_ADC_XY:AMuxHw_2_Decoder_old_id_4\ and not \JOYSTICK_ADC_XY:ch_addr_4\ and not \JOYSTICK_ADC_XY:AMuxHw_2_Decoder_old_id_2\ and not \JOYSTICK_ADC_XY:ch_addr_2\ and not \JOYSTICK_ADC_XY:AMuxHw_2_Decoder_old_id_1\ and not \JOYSTICK_ADC_XY:ch_addr_1\ and not \JOYSTICK_ADC_XY:AMuxHw_2_Decoder_old_id_0\ and not \JOYSTICK_ADC_XY:ch_addr_0\ and \JOYSTICK_ADC_XY:AMuxHw_2_Decoder_old_id_3\ and \JOYSTICK_ADC_XY:ch_addr_3\)
	OR (not \JOYSTICK_ADC_XY:AMuxHw_2_Decoder_old_id_4\ and not \JOYSTICK_ADC_XY:ch_addr_4\ and not \JOYSTICK_ADC_XY:AMuxHw_2_Decoder_old_id_2\ and not \JOYSTICK_ADC_XY:ch_addr_2\ and not \JOYSTICK_ADC_XY:AMuxHw_2_Decoder_old_id_1\ and not \JOYSTICK_ADC_XY:ch_addr_1\ and \JOYSTICK_ADC_XY:AMuxHw_2_Decoder_old_id_3\ and \JOYSTICK_ADC_XY:ch_addr_3\ and \JOYSTICK_ADC_XY:AMuxHw_2_Decoder_old_id_0\ and \JOYSTICK_ADC_XY:ch_addr_0\)
	OR (not \JOYSTICK_ADC_XY:AMuxHw_2_Decoder_old_id_4\ and not \JOYSTICK_ADC_XY:ch_addr_4\ and not \JOYSTICK_ADC_XY:AMuxHw_2_Decoder_old_id_2\ and not \JOYSTICK_ADC_XY:ch_addr_2\ and not \JOYSTICK_ADC_XY:AMuxHw_2_Decoder_old_id_0\ and not \JOYSTICK_ADC_XY:ch_addr_0\ and \JOYSTICK_ADC_XY:AMuxHw_2_Decoder_old_id_3\ and \JOYSTICK_ADC_XY:ch_addr_3\ and \JOYSTICK_ADC_XY:AMuxHw_2_Decoder_old_id_1\ and \JOYSTICK_ADC_XY:ch_addr_1\)
	OR (not \JOYSTICK_ADC_XY:AMuxHw_2_Decoder_old_id_4\ and not \JOYSTICK_ADC_XY:ch_addr_4\ and not \JOYSTICK_ADC_XY:AMuxHw_2_Decoder_old_id_2\ and not \JOYSTICK_ADC_XY:ch_addr_2\ and \JOYSTICK_ADC_XY:AMuxHw_2_Decoder_old_id_3\ and \JOYSTICK_ADC_XY:ch_addr_3\ and \JOYSTICK_ADC_XY:AMuxHw_2_Decoder_old_id_1\ and \JOYSTICK_ADC_XY:ch_addr_1\ and \JOYSTICK_ADC_XY:AMuxHw_2_Decoder_old_id_0\ and \JOYSTICK_ADC_XY:ch_addr_0\)
	OR (not \JOYSTICK_ADC_XY:AMuxHw_2_Decoder_old_id_4\ and not \JOYSTICK_ADC_XY:ch_addr_4\ and not \JOYSTICK_ADC_XY:AMuxHw_2_Decoder_old_id_1\ and not \JOYSTICK_ADC_XY:ch_addr_1\ and not \JOYSTICK_ADC_XY:AMuxHw_2_Decoder_old_id_0\ and not \JOYSTICK_ADC_XY:ch_addr_0\ and \JOYSTICK_ADC_XY:AMuxHw_2_Decoder_old_id_3\ and \JOYSTICK_ADC_XY:ch_addr_3\ and \JOYSTICK_ADC_XY:AMuxHw_2_Decoder_old_id_2\ and \JOYSTICK_ADC_XY:ch_addr_2\)
	OR (not \JOYSTICK_ADC_XY:AMuxHw_2_Decoder_old_id_4\ and not \JOYSTICK_ADC_XY:ch_addr_4\ and not \JOYSTICK_ADC_XY:AMuxHw_2_Decoder_old_id_1\ and not \JOYSTICK_ADC_XY:ch_addr_1\ and \JOYSTICK_ADC_XY:AMuxHw_2_Decoder_old_id_3\ and \JOYSTICK_ADC_XY:ch_addr_3\ and \JOYSTICK_ADC_XY:AMuxHw_2_Decoder_old_id_2\ and \JOYSTICK_ADC_XY:ch_addr_2\ and \JOYSTICK_ADC_XY:AMuxHw_2_Decoder_old_id_0\ and \JOYSTICK_ADC_XY:ch_addr_0\)
	OR (not \JOYSTICK_ADC_XY:AMuxHw_2_Decoder_old_id_4\ and not \JOYSTICK_ADC_XY:ch_addr_4\ and not \JOYSTICK_ADC_XY:AMuxHw_2_Decoder_old_id_0\ and not \JOYSTICK_ADC_XY:ch_addr_0\ and \JOYSTICK_ADC_XY:AMuxHw_2_Decoder_old_id_3\ and \JOYSTICK_ADC_XY:ch_addr_3\ and \JOYSTICK_ADC_XY:AMuxHw_2_Decoder_old_id_2\ and \JOYSTICK_ADC_XY:ch_addr_2\ and \JOYSTICK_ADC_XY:AMuxHw_2_Decoder_old_id_1\ and \JOYSTICK_ADC_XY:ch_addr_1\)
	OR (not \JOYSTICK_ADC_XY:AMuxHw_2_Decoder_old_id_4\ and not \JOYSTICK_ADC_XY:ch_addr_4\ and \JOYSTICK_ADC_XY:AMuxHw_2_Decoder_old_id_3\ and \JOYSTICK_ADC_XY:ch_addr_3\ and \JOYSTICK_ADC_XY:AMuxHw_2_Decoder_old_id_2\ and \JOYSTICK_ADC_XY:ch_addr_2\ and \JOYSTICK_ADC_XY:AMuxHw_2_Decoder_old_id_1\ and \JOYSTICK_ADC_XY:ch_addr_1\ and \JOYSTICK_ADC_XY:AMuxHw_2_Decoder_old_id_0\ and \JOYSTICK_ADC_XY:ch_addr_0\)
	OR (not \JOYSTICK_ADC_XY:AMuxHw_2_Decoder_old_id_3\ and not \JOYSTICK_ADC_XY:ch_addr_3\ and not \JOYSTICK_ADC_XY:AMuxHw_2_Decoder_old_id_2\ and not \JOYSTICK_ADC_XY:ch_addr_2\ and not \JOYSTICK_ADC_XY:AMuxHw_2_Decoder_old_id_1\ and not \JOYSTICK_ADC_XY:ch_addr_1\ and not \JOYSTICK_ADC_XY:AMuxHw_2_Decoder_old_id_0\ and not \JOYSTICK_ADC_XY:ch_addr_0\ and \JOYSTICK_ADC_XY:AMuxHw_2_Decoder_old_id_4\ and \JOYSTICK_ADC_XY:ch_addr_4\)
	OR (not \JOYSTICK_ADC_XY:AMuxHw_2_Decoder_old_id_3\ and not \JOYSTICK_ADC_XY:ch_addr_3\ and not \JOYSTICK_ADC_XY:AMuxHw_2_Decoder_old_id_2\ and not \JOYSTICK_ADC_XY:ch_addr_2\ and not \JOYSTICK_ADC_XY:AMuxHw_2_Decoder_old_id_1\ and not \JOYSTICK_ADC_XY:ch_addr_1\ and \JOYSTICK_ADC_XY:AMuxHw_2_Decoder_old_id_4\ and \JOYSTICK_ADC_XY:ch_addr_4\ and \JOYSTICK_ADC_XY:AMuxHw_2_Decoder_old_id_0\ and \JOYSTICK_ADC_XY:ch_addr_0\)
	OR (not \JOYSTICK_ADC_XY:AMuxHw_2_Decoder_old_id_3\ and not \JOYSTICK_ADC_XY:ch_addr_3\ and not \JOYSTICK_ADC_XY:AMuxHw_2_Decoder_old_id_2\ and not \JOYSTICK_ADC_XY:ch_addr_2\ and not \JOYSTICK_ADC_XY:AMuxHw_2_Decoder_old_id_0\ and not \JOYSTICK_ADC_XY:ch_addr_0\ and \JOYSTICK_ADC_XY:AMuxHw_2_Decoder_old_id_4\ and \JOYSTICK_ADC_XY:ch_addr_4\ and \JOYSTICK_ADC_XY:AMuxHw_2_Decoder_old_id_1\ and \JOYSTICK_ADC_XY:ch_addr_1\)
	OR (not \JOYSTICK_ADC_XY:AMuxHw_2_Decoder_old_id_3\ and not \JOYSTICK_ADC_XY:ch_addr_3\ and not \JOYSTICK_ADC_XY:AMuxHw_2_Decoder_old_id_2\ and not \JOYSTICK_ADC_XY:ch_addr_2\ and \JOYSTICK_ADC_XY:AMuxHw_2_Decoder_old_id_4\ and \JOYSTICK_ADC_XY:ch_addr_4\ and \JOYSTICK_ADC_XY:AMuxHw_2_Decoder_old_id_1\ and \JOYSTICK_ADC_XY:ch_addr_1\ and \JOYSTICK_ADC_XY:AMuxHw_2_Decoder_old_id_0\ and \JOYSTICK_ADC_XY:ch_addr_0\)
	OR (not \JOYSTICK_ADC_XY:AMuxHw_2_Decoder_old_id_3\ and not \JOYSTICK_ADC_XY:ch_addr_3\ and not \JOYSTICK_ADC_XY:AMuxHw_2_Decoder_old_id_1\ and not \JOYSTICK_ADC_XY:ch_addr_1\ and not \JOYSTICK_ADC_XY:AMuxHw_2_Decoder_old_id_0\ and not \JOYSTICK_ADC_XY:ch_addr_0\ and \JOYSTICK_ADC_XY:AMuxHw_2_Decoder_old_id_4\ and \JOYSTICK_ADC_XY:ch_addr_4\ and \JOYSTICK_ADC_XY:AMuxHw_2_Decoder_old_id_2\ and \JOYSTICK_ADC_XY:ch_addr_2\)
	OR (not \JOYSTICK_ADC_XY:AMuxHw_2_Decoder_old_id_3\ and not \JOYSTICK_ADC_XY:ch_addr_3\ and not \JOYSTICK_ADC_XY:AMuxHw_2_Decoder_old_id_1\ and not \JOYSTICK_ADC_XY:ch_addr_1\ and \JOYSTICK_ADC_XY:AMuxHw_2_Decoder_old_id_4\ and \JOYSTICK_ADC_XY:ch_addr_4\ and \JOYSTICK_ADC_XY:AMuxHw_2_Decoder_old_id_2\ and \JOYSTICK_ADC_XY:ch_addr_2\ and \JOYSTICK_ADC_XY:AMuxHw_2_Decoder_old_id_0\ and \JOYSTICK_ADC_XY:ch_addr_0\)
	OR (not \JOYSTICK_ADC_XY:AMuxHw_2_Decoder_old_id_3\ and not \JOYSTICK_ADC_XY:ch_addr_3\ and not \JOYSTICK_ADC_XY:AMuxHw_2_Decoder_old_id_0\ and not \JOYSTICK_ADC_XY:ch_addr_0\ and \JOYSTICK_ADC_XY:AMuxHw_2_Decoder_old_id_4\ and \JOYSTICK_ADC_XY:ch_addr_4\ and \JOYSTICK_ADC_XY:AMuxHw_2_Decoder_old_id_2\ and \JOYSTICK_ADC_XY:ch_addr_2\ and \JOYSTICK_ADC_XY:AMuxHw_2_Decoder_old_id_1\ and \JOYSTICK_ADC_XY:ch_addr_1\)
	OR (not \JOYSTICK_ADC_XY:AMuxHw_2_Decoder_old_id_3\ and not \JOYSTICK_ADC_XY:ch_addr_3\ and \JOYSTICK_ADC_XY:AMuxHw_2_Decoder_old_id_4\ and \JOYSTICK_ADC_XY:ch_addr_4\ and \JOYSTICK_ADC_XY:AMuxHw_2_Decoder_old_id_2\ and \JOYSTICK_ADC_XY:ch_addr_2\ and \JOYSTICK_ADC_XY:AMuxHw_2_Decoder_old_id_1\ and \JOYSTICK_ADC_XY:ch_addr_1\ and \JOYSTICK_ADC_XY:AMuxHw_2_Decoder_old_id_0\ and \JOYSTICK_ADC_XY:ch_addr_0\)
	OR (not \JOYSTICK_ADC_XY:AMuxHw_2_Decoder_old_id_2\ and not \JOYSTICK_ADC_XY:ch_addr_2\ and not \JOYSTICK_ADC_XY:AMuxHw_2_Decoder_old_id_1\ and not \JOYSTICK_ADC_XY:ch_addr_1\ and not \JOYSTICK_ADC_XY:AMuxHw_2_Decoder_old_id_0\ and not \JOYSTICK_ADC_XY:ch_addr_0\ and \JOYSTICK_ADC_XY:AMuxHw_2_Decoder_old_id_4\ and \JOYSTICK_ADC_XY:ch_addr_4\ and \JOYSTICK_ADC_XY:AMuxHw_2_Decoder_old_id_3\ and \JOYSTICK_ADC_XY:ch_addr_3\)
	OR (not \JOYSTICK_ADC_XY:AMuxHw_2_Decoder_old_id_2\ and not \JOYSTICK_ADC_XY:ch_addr_2\ and not \JOYSTICK_ADC_XY:AMuxHw_2_Decoder_old_id_1\ and not \JOYSTICK_ADC_XY:ch_addr_1\ and \JOYSTICK_ADC_XY:AMuxHw_2_Decoder_old_id_4\ and \JOYSTICK_ADC_XY:ch_addr_4\ and \JOYSTICK_ADC_XY:AMuxHw_2_Decoder_old_id_3\ and \JOYSTICK_ADC_XY:ch_addr_3\ and \JOYSTICK_ADC_XY:AMuxHw_2_Decoder_old_id_0\ and \JOYSTICK_ADC_XY:ch_addr_0\)
	OR (not \JOYSTICK_ADC_XY:AMuxHw_2_Decoder_old_id_2\ and not \JOYSTICK_ADC_XY:ch_addr_2\ and not \JOYSTICK_ADC_XY:AMuxHw_2_Decoder_old_id_0\ and not \JOYSTICK_ADC_XY:ch_addr_0\ and \JOYSTICK_ADC_XY:AMuxHw_2_Decoder_old_id_4\ and \JOYSTICK_ADC_XY:ch_addr_4\ and \JOYSTICK_ADC_XY:AMuxHw_2_Decoder_old_id_3\ and \JOYSTICK_ADC_XY:ch_addr_3\ and \JOYSTICK_ADC_XY:AMuxHw_2_Decoder_old_id_1\ and \JOYSTICK_ADC_XY:ch_addr_1\)
	OR (not \JOYSTICK_ADC_XY:AMuxHw_2_Decoder_old_id_2\ and not \JOYSTICK_ADC_XY:ch_addr_2\ and \JOYSTICK_ADC_XY:AMuxHw_2_Decoder_old_id_4\ and \JOYSTICK_ADC_XY:ch_addr_4\ and \JOYSTICK_ADC_XY:AMuxHw_2_Decoder_old_id_3\ and \JOYSTICK_ADC_XY:ch_addr_3\ and \JOYSTICK_ADC_XY:AMuxHw_2_Decoder_old_id_1\ and \JOYSTICK_ADC_XY:ch_addr_1\ and \JOYSTICK_ADC_XY:AMuxHw_2_Decoder_old_id_0\ and \JOYSTICK_ADC_XY:ch_addr_0\)
	OR (not \JOYSTICK_ADC_XY:AMuxHw_2_Decoder_old_id_1\ and not \JOYSTICK_ADC_XY:ch_addr_1\ and not \JOYSTICK_ADC_XY:AMuxHw_2_Decoder_old_id_0\ and not \JOYSTICK_ADC_XY:ch_addr_0\ and \JOYSTICK_ADC_XY:AMuxHw_2_Decoder_old_id_4\ and \JOYSTICK_ADC_XY:ch_addr_4\ and \JOYSTICK_ADC_XY:AMuxHw_2_Decoder_old_id_3\ and \JOYSTICK_ADC_XY:ch_addr_3\ and \JOYSTICK_ADC_XY:AMuxHw_2_Decoder_old_id_2\ and \JOYSTICK_ADC_XY:ch_addr_2\)
	OR (not \JOYSTICK_ADC_XY:AMuxHw_2_Decoder_old_id_1\ and not \JOYSTICK_ADC_XY:ch_addr_1\ and \JOYSTICK_ADC_XY:AMuxHw_2_Decoder_old_id_4\ and \JOYSTICK_ADC_XY:ch_addr_4\ and \JOYSTICK_ADC_XY:AMuxHw_2_Decoder_old_id_3\ and \JOYSTICK_ADC_XY:ch_addr_3\ and \JOYSTICK_ADC_XY:AMuxHw_2_Decoder_old_id_2\ and \JOYSTICK_ADC_XY:ch_addr_2\ and \JOYSTICK_ADC_XY:AMuxHw_2_Decoder_old_id_0\ and \JOYSTICK_ADC_XY:ch_addr_0\)
	OR (not \JOYSTICK_ADC_XY:AMuxHw_2_Decoder_old_id_0\ and not \JOYSTICK_ADC_XY:ch_addr_0\ and \JOYSTICK_ADC_XY:AMuxHw_2_Decoder_old_id_4\ and \JOYSTICK_ADC_XY:ch_addr_4\ and \JOYSTICK_ADC_XY:AMuxHw_2_Decoder_old_id_3\ and \JOYSTICK_ADC_XY:ch_addr_3\ and \JOYSTICK_ADC_XY:AMuxHw_2_Decoder_old_id_2\ and \JOYSTICK_ADC_XY:ch_addr_2\ and \JOYSTICK_ADC_XY:AMuxHw_2_Decoder_old_id_1\ and \JOYSTICK_ADC_XY:ch_addr_1\)
	OR (\JOYSTICK_ADC_XY:AMuxHw_2_Decoder_old_id_4\ and \JOYSTICK_ADC_XY:ch_addr_4\ and \JOYSTICK_ADC_XY:AMuxHw_2_Decoder_old_id_3\ and \JOYSTICK_ADC_XY:ch_addr_3\ and \JOYSTICK_ADC_XY:AMuxHw_2_Decoder_old_id_2\ and \JOYSTICK_ADC_XY:ch_addr_2\ and \JOYSTICK_ADC_XY:AMuxHw_2_Decoder_old_id_1\ and \JOYSTICK_ADC_XY:ch_addr_1\ and \JOYSTICK_ADC_XY:AMuxHw_2_Decoder_old_id_0\ and \JOYSTICK_ADC_XY:ch_addr_0\));

Note:  Expanding virtual equation for '\JOYSTICK_ADC_XY:MODULE_1:g1:a0:gx:u0:eq_5\' (cost = 64):
\JOYSTICK_ADC_XY:MODULE_1:g1:a0:gx:u0:eq_5\ <= ((not \JOYSTICK_ADC_XY:AMuxHw_2_Decoder_old_id_5\ and not \JOYSTICK_ADC_XY:ch_addr_5\ and not \JOYSTICK_ADC_XY:AMuxHw_2_Decoder_old_id_4\ and not \JOYSTICK_ADC_XY:ch_addr_4\ and not \JOYSTICK_ADC_XY:AMuxHw_2_Decoder_old_id_3\ and not \JOYSTICK_ADC_XY:ch_addr_3\ and not \JOYSTICK_ADC_XY:AMuxHw_2_Decoder_old_id_2\ and not \JOYSTICK_ADC_XY:ch_addr_2\ and not \JOYSTICK_ADC_XY:AMuxHw_2_Decoder_old_id_1\ and not \JOYSTICK_ADC_XY:ch_addr_1\ and not \JOYSTICK_ADC_XY:AMuxHw_2_Decoder_old_id_0\ and not \JOYSTICK_ADC_XY:ch_addr_0\)
	OR (not \JOYSTICK_ADC_XY:AMuxHw_2_Decoder_old_id_4\ and not \JOYSTICK_ADC_XY:ch_addr_4\ and not \JOYSTICK_ADC_XY:AMuxHw_2_Decoder_old_id_3\ and not \JOYSTICK_ADC_XY:ch_addr_3\ and not \JOYSTICK_ADC_XY:AMuxHw_2_Decoder_old_id_2\ and not \JOYSTICK_ADC_XY:ch_addr_2\ and not \JOYSTICK_ADC_XY:AMuxHw_2_Decoder_old_id_1\ and not \JOYSTICK_ADC_XY:ch_addr_1\ and not \JOYSTICK_ADC_XY:AMuxHw_2_Decoder_old_id_0\ and not \JOYSTICK_ADC_XY:ch_addr_0\ and \JOYSTICK_ADC_XY:AMuxHw_2_Decoder_old_id_5\ and \JOYSTICK_ADC_XY:ch_addr_5\)
	OR (not \JOYSTICK_ADC_XY:AMuxHw_2_Decoder_old_id_5\ and not \JOYSTICK_ADC_XY:ch_addr_5\ and not \JOYSTICK_ADC_XY:AMuxHw_2_Decoder_old_id_3\ and not \JOYSTICK_ADC_XY:ch_addr_3\ and not \JOYSTICK_ADC_XY:AMuxHw_2_Decoder_old_id_2\ and not \JOYSTICK_ADC_XY:ch_addr_2\ and not \JOYSTICK_ADC_XY:AMuxHw_2_Decoder_old_id_1\ and not \JOYSTICK_ADC_XY:ch_addr_1\ and not \JOYSTICK_ADC_XY:AMuxHw_2_Decoder_old_id_0\ and not \JOYSTICK_ADC_XY:ch_addr_0\ and \JOYSTICK_ADC_XY:AMuxHw_2_Decoder_old_id_4\ and \JOYSTICK_ADC_XY:ch_addr_4\)
	OR (not \JOYSTICK_ADC_XY:AMuxHw_2_Decoder_old_id_3\ and not \JOYSTICK_ADC_XY:ch_addr_3\ and not \JOYSTICK_ADC_XY:AMuxHw_2_Decoder_old_id_2\ and not \JOYSTICK_ADC_XY:ch_addr_2\ and not \JOYSTICK_ADC_XY:AMuxHw_2_Decoder_old_id_1\ and not \JOYSTICK_ADC_XY:ch_addr_1\ and not \JOYSTICK_ADC_XY:AMuxHw_2_Decoder_old_id_0\ and not \JOYSTICK_ADC_XY:ch_addr_0\ and \JOYSTICK_ADC_XY:AMuxHw_2_Decoder_old_id_5\ and \JOYSTICK_ADC_XY:ch_addr_5\ and \JOYSTICK_ADC_XY:AMuxHw_2_Decoder_old_id_4\ and \JOYSTICK_ADC_XY:ch_addr_4\)
	OR (not \JOYSTICK_ADC_XY:AMuxHw_2_Decoder_old_id_5\ and not \JOYSTICK_ADC_XY:ch_addr_5\ and not \JOYSTICK_ADC_XY:AMuxHw_2_Decoder_old_id_4\ and not \JOYSTICK_ADC_XY:ch_addr_4\ and not \JOYSTICK_ADC_XY:AMuxHw_2_Decoder_old_id_2\ and not \JOYSTICK_ADC_XY:ch_addr_2\ and not \JOYSTICK_ADC_XY:AMuxHw_2_Decoder_old_id_1\ and not \JOYSTICK_ADC_XY:ch_addr_1\ and not \JOYSTICK_ADC_XY:AMuxHw_2_Decoder_old_id_0\ and not \JOYSTICK_ADC_XY:ch_addr_0\ and \JOYSTICK_ADC_XY:AMuxHw_2_Decoder_old_id_3\ and \JOYSTICK_ADC_XY:ch_addr_3\)
	OR (not \JOYSTICK_ADC_XY:AMuxHw_2_Decoder_old_id_4\ and not \JOYSTICK_ADC_XY:ch_addr_4\ and not \JOYSTICK_ADC_XY:AMuxHw_2_Decoder_old_id_2\ and not \JOYSTICK_ADC_XY:ch_addr_2\ and not \JOYSTICK_ADC_XY:AMuxHw_2_Decoder_old_id_1\ and not \JOYSTICK_ADC_XY:ch_addr_1\ and not \JOYSTICK_ADC_XY:AMuxHw_2_Decoder_old_id_0\ and not \JOYSTICK_ADC_XY:ch_addr_0\ and \JOYSTICK_ADC_XY:AMuxHw_2_Decoder_old_id_5\ and \JOYSTICK_ADC_XY:ch_addr_5\ and \JOYSTICK_ADC_XY:AMuxHw_2_Decoder_old_id_3\ and \JOYSTICK_ADC_XY:ch_addr_3\)
	OR (not \JOYSTICK_ADC_XY:AMuxHw_2_Decoder_old_id_5\ and not \JOYSTICK_ADC_XY:ch_addr_5\ and not \JOYSTICK_ADC_XY:AMuxHw_2_Decoder_old_id_2\ and not \JOYSTICK_ADC_XY:ch_addr_2\ and not \JOYSTICK_ADC_XY:AMuxHw_2_Decoder_old_id_1\ and not \JOYSTICK_ADC_XY:ch_addr_1\ and not \JOYSTICK_ADC_XY:AMuxHw_2_Decoder_old_id_0\ and not \JOYSTICK_ADC_XY:ch_addr_0\ and \JOYSTICK_ADC_XY:AMuxHw_2_Decoder_old_id_4\ and \JOYSTICK_ADC_XY:ch_addr_4\ and \JOYSTICK_ADC_XY:AMuxHw_2_Decoder_old_id_3\ and \JOYSTICK_ADC_XY:ch_addr_3\)
	OR (not \JOYSTICK_ADC_XY:AMuxHw_2_Decoder_old_id_2\ and not \JOYSTICK_ADC_XY:ch_addr_2\ and not \JOYSTICK_ADC_XY:AMuxHw_2_Decoder_old_id_1\ and not \JOYSTICK_ADC_XY:ch_addr_1\ and not \JOYSTICK_ADC_XY:AMuxHw_2_Decoder_old_id_0\ and not \JOYSTICK_ADC_XY:ch_addr_0\ and \JOYSTICK_ADC_XY:AMuxHw_2_Decoder_old_id_5\ and \JOYSTICK_ADC_XY:ch_addr_5\ and \JOYSTICK_ADC_XY:AMuxHw_2_Decoder_old_id_4\ and \JOYSTICK_ADC_XY:ch_addr_4\ and \JOYSTICK_ADC_XY:AMuxHw_2_Decoder_old_id_3\ and \JOYSTICK_ADC_XY:ch_addr_3\)
	OR (not \JOYSTICK_ADC_XY:AMuxHw_2_Decoder_old_id_5\ and not \JOYSTICK_ADC_XY:ch_addr_5\ and not \JOYSTICK_ADC_XY:AMuxHw_2_Decoder_old_id_4\ and not \JOYSTICK_ADC_XY:ch_addr_4\ and not \JOYSTICK_ADC_XY:AMuxHw_2_Decoder_old_id_3\ and not \JOYSTICK_ADC_XY:ch_addr_3\ and not \JOYSTICK_ADC_XY:AMuxHw_2_Decoder_old_id_1\ and not \JOYSTICK_ADC_XY:ch_addr_1\ and not \JOYSTICK_ADC_XY:AMuxHw_2_Decoder_old_id_0\ and not \JOYSTICK_ADC_XY:ch_addr_0\ and \JOYSTICK_ADC_XY:AMuxHw_2_Decoder_old_id_2\ and \JOYSTICK_ADC_XY:ch_addr_2\)
	OR (not \JOYSTICK_ADC_XY:AMuxHw_2_Decoder_old_id_4\ and not \JOYSTICK_ADC_XY:ch_addr_4\ and not \JOYSTICK_ADC_XY:AMuxHw_2_Decoder_old_id_3\ and not \JOYSTICK_ADC_XY:ch_addr_3\ and not \JOYSTICK_ADC_XY:AMuxHw_2_Decoder_old_id_1\ and not \JOYSTICK_ADC_XY:ch_addr_1\ and not \JOYSTICK_ADC_XY:AMuxHw_2_Decoder_old_id_0\ and not \JOYSTICK_ADC_XY:ch_addr_0\ and \JOYSTICK_ADC_XY:AMuxHw_2_Decoder_old_id_5\ and \JOYSTICK_ADC_XY:ch_addr_5\ and \JOYSTICK_ADC_XY:AMuxHw_2_Decoder_old_id_2\ and \JOYSTICK_ADC_XY:ch_addr_2\)
	OR (not \JOYSTICK_ADC_XY:AMuxHw_2_Decoder_old_id_5\ and not \JOYSTICK_ADC_XY:ch_addr_5\ and not \JOYSTICK_ADC_XY:AMuxHw_2_Decoder_old_id_3\ and not \JOYSTICK_ADC_XY:ch_addr_3\ and not \JOYSTICK_ADC_XY:AMuxHw_2_Decoder_old_id_1\ and not \JOYSTICK_ADC_XY:ch_addr_1\ and not \JOYSTICK_ADC_XY:AMuxHw_2_Decoder_old_id_0\ and not \JOYSTICK_ADC_XY:ch_addr_0\ and \JOYSTICK_ADC_XY:AMuxHw_2_Decoder_old_id_4\ and \JOYSTICK_ADC_XY:ch_addr_4\ and \JOYSTICK_ADC_XY:AMuxHw_2_Decoder_old_id_2\ and \JOYSTICK_ADC_XY:ch_addr_2\)
	OR (not \JOYSTICK_ADC_XY:AMuxHw_2_Decoder_old_id_3\ and not \JOYSTICK_ADC_XY:ch_addr_3\ and not \JOYSTICK_ADC_XY:AMuxHw_2_Decoder_old_id_1\ and not \JOYSTICK_ADC_XY:ch_addr_1\ and not \JOYSTICK_ADC_XY:AMuxHw_2_Decoder_old_id_0\ and not \JOYSTICK_ADC_XY:ch_addr_0\ and \JOYSTICK_ADC_XY:AMuxHw_2_Decoder_old_id_5\ and \JOYSTICK_ADC_XY:ch_addr_5\ and \JOYSTICK_ADC_XY:AMuxHw_2_Decoder_old_id_4\ and \JOYSTICK_ADC_XY:ch_addr_4\ and \JOYSTICK_ADC_XY:AMuxHw_2_Decoder_old_id_2\ and \JOYSTICK_ADC_XY:ch_addr_2\)
	OR (not \JOYSTICK_ADC_XY:AMuxHw_2_Decoder_old_id_5\ and not \JOYSTICK_ADC_XY:ch_addr_5\ and not \JOYSTICK_ADC_XY:AMuxHw_2_Decoder_old_id_4\ and not \JOYSTICK_ADC_XY:ch_addr_4\ and not \JOYSTICK_ADC_XY:AMuxHw_2_Decoder_old_id_1\ and not \JOYSTICK_ADC_XY:ch_addr_1\ and not \JOYSTICK_ADC_XY:AMuxHw_2_Decoder_old_id_0\ and not \JOYSTICK_ADC_XY:ch_addr_0\ and \JOYSTICK_ADC_XY:AMuxHw_2_Decoder_old_id_3\ and \JOYSTICK_ADC_XY:ch_addr_3\ and \JOYSTICK_ADC_XY:AMuxHw_2_Decoder_old_id_2\ and \JOYSTICK_ADC_XY:ch_addr_2\)
	OR (not \JOYSTICK_ADC_XY:AMuxHw_2_Decoder_old_id_4\ and not \JOYSTICK_ADC_XY:ch_addr_4\ and not \JOYSTICK_ADC_XY:AMuxHw_2_Decoder_old_id_1\ and not \JOYSTICK_ADC_XY:ch_addr_1\ and not \JOYSTICK_ADC_XY:AMuxHw_2_Decoder_old_id_0\ and not \JOYSTICK_ADC_XY:ch_addr_0\ and \JOYSTICK_ADC_XY:AMuxHw_2_Decoder_old_id_5\ and \JOYSTICK_ADC_XY:ch_addr_5\ and \JOYSTICK_ADC_XY:AMuxHw_2_Decoder_old_id_3\ and \JOYSTICK_ADC_XY:ch_addr_3\ and \JOYSTICK_ADC_XY:AMuxHw_2_Decoder_old_id_2\ and \JOYSTICK_ADC_XY:ch_addr_2\)
	OR (not \JOYSTICK_ADC_XY:AMuxHw_2_Decoder_old_id_5\ and not \JOYSTICK_ADC_XY:ch_addr_5\ and not \JOYSTICK_ADC_XY:AMuxHw_2_Decoder_old_id_1\ and not \JOYSTICK_ADC_XY:ch_addr_1\ and not \JOYSTICK_ADC_XY:AMuxHw_2_Decoder_old_id_0\ and not \JOYSTICK_ADC_XY:ch_addr_0\ and \JOYSTICK_ADC_XY:AMuxHw_2_Decoder_old_id_4\ and \JOYSTICK_ADC_XY:ch_addr_4\ and \JOYSTICK_ADC_XY:AMuxHw_2_Decoder_old_id_3\ and \JOYSTICK_ADC_XY:ch_addr_3\ and \JOYSTICK_ADC_XY:AMuxHw_2_Decoder_old_id_2\ and \JOYSTICK_ADC_XY:ch_addr_2\)
	OR (not \JOYSTICK_ADC_XY:AMuxHw_2_Decoder_old_id_1\ and not \JOYSTICK_ADC_XY:ch_addr_1\ and not \JOYSTICK_ADC_XY:AMuxHw_2_Decoder_old_id_0\ and not \JOYSTICK_ADC_XY:ch_addr_0\ and \JOYSTICK_ADC_XY:AMuxHw_2_Decoder_old_id_5\ and \JOYSTICK_ADC_XY:ch_addr_5\ and \JOYSTICK_ADC_XY:AMuxHw_2_Decoder_old_id_4\ and \JOYSTICK_ADC_XY:ch_addr_4\ and \JOYSTICK_ADC_XY:AMuxHw_2_Decoder_old_id_3\ and \JOYSTICK_ADC_XY:ch_addr_3\ and \JOYSTICK_ADC_XY:AMuxHw_2_Decoder_old_id_2\ and \JOYSTICK_ADC_XY:ch_addr_2\)
	OR (not \JOYSTICK_ADC_XY:AMuxHw_2_Decoder_old_id_5\ and not \JOYSTICK_ADC_XY:ch_addr_5\ and not \JOYSTICK_ADC_XY:AMuxHw_2_Decoder_old_id_4\ and not \JOYSTICK_ADC_XY:ch_addr_4\ and not \JOYSTICK_ADC_XY:AMuxHw_2_Decoder_old_id_3\ and not \JOYSTICK_ADC_XY:ch_addr_3\ and not \JOYSTICK_ADC_XY:AMuxHw_2_Decoder_old_id_2\ and not \JOYSTICK_ADC_XY:ch_addr_2\ and not \JOYSTICK_ADC_XY:AMuxHw_2_Decoder_old_id_0\ and not \JOYSTICK_ADC_XY:ch_addr_0\ and \JOYSTICK_ADC_XY:AMuxHw_2_Decoder_old_id_1\ and \JOYSTICK_ADC_XY:ch_addr_1\)
	OR (not \JOYSTICK_ADC_XY:AMuxHw_2_Decoder_old_id_4\ and not \JOYSTICK_ADC_XY:ch_addr_4\ and not \JOYSTICK_ADC_XY:AMuxHw_2_Decoder_old_id_3\ and not \JOYSTICK_ADC_XY:ch_addr_3\ and not \JOYSTICK_ADC_XY:AMuxHw_2_Decoder_old_id_2\ and not \JOYSTICK_ADC_XY:ch_addr_2\ and not \JOYSTICK_ADC_XY:AMuxHw_2_Decoder_old_id_0\ and not \JOYSTICK_ADC_XY:ch_addr_0\ and \JOYSTICK_ADC_XY:AMuxHw_2_Decoder_old_id_5\ and \JOYSTICK_ADC_XY:ch_addr_5\ and \JOYSTICK_ADC_XY:AMuxHw_2_Decoder_old_id_1\ and \JOYSTICK_ADC_XY:ch_addr_1\)
	OR (not \JOYSTICK_ADC_XY:AMuxHw_2_Decoder_old_id_5\ and not \JOYSTICK_ADC_XY:ch_addr_5\ and not \JOYSTICK_ADC_XY:AMuxHw_2_Decoder_old_id_3\ and not \JOYSTICK_ADC_XY:ch_addr_3\ and not \JOYSTICK_ADC_XY:AMuxHw_2_Decoder_old_id_2\ and not \JOYSTICK_ADC_XY:ch_addr_2\ and not \JOYSTICK_ADC_XY:AMuxHw_2_Decoder_old_id_0\ and not \JOYSTICK_ADC_XY:ch_addr_0\ and \JOYSTICK_ADC_XY:AMuxHw_2_Decoder_old_id_4\ and \JOYSTICK_ADC_XY:ch_addr_4\ and \JOYSTICK_ADC_XY:AMuxHw_2_Decoder_old_id_1\ and \JOYSTICK_ADC_XY:ch_addr_1\)
	OR (not \JOYSTICK_ADC_XY:AMuxHw_2_Decoder_old_id_3\ and not \JOYSTICK_ADC_XY:ch_addr_3\ and not \JOYSTICK_ADC_XY:AMuxHw_2_Decoder_old_id_2\ and not \JOYSTICK_ADC_XY:ch_addr_2\ and not \JOYSTICK_ADC_XY:AMuxHw_2_Decoder_old_id_0\ and not \JOYSTICK_ADC_XY:ch_addr_0\ and \JOYSTICK_ADC_XY:AMuxHw_2_Decoder_old_id_5\ and \JOYSTICK_ADC_XY:ch_addr_5\ and \JOYSTICK_ADC_XY:AMuxHw_2_Decoder_old_id_4\ and \JOYSTICK_ADC_XY:ch_addr_4\ and \JOYSTICK_ADC_XY:AMuxHw_2_Decoder_old_id_1\ and \JOYSTICK_ADC_XY:ch_addr_1\)
	OR (not \JOYSTICK_ADC_XY:AMuxHw_2_Decoder_old_id_5\ and not \JOYSTICK_ADC_XY:ch_addr_5\ and not \JOYSTICK_ADC_XY:AMuxHw_2_Decoder_old_id_4\ and not \JOYSTICK_ADC_XY:ch_addr_4\ and not \JOYSTICK_ADC_XY:AMuxHw_2_Decoder_old_id_2\ and not \JOYSTICK_ADC_XY:ch_addr_2\ and not \JOYSTICK_ADC_XY:AMuxHw_2_Decoder_old_id_0\ and not \JOYSTICK_ADC_XY:ch_addr_0\ and \JOYSTICK_ADC_XY:AMuxHw_2_Decoder_old_id_3\ and \JOYSTICK_ADC_XY:ch_addr_3\ and \JOYSTICK_ADC_XY:AMuxHw_2_Decoder_old_id_1\ and \JOYSTICK_ADC_XY:ch_addr_1\)
	OR (not \JOYSTICK_ADC_XY:AMuxHw_2_Decoder_old_id_4\ and not \JOYSTICK_ADC_XY:ch_addr_4\ and not \JOYSTICK_ADC_XY:AMuxHw_2_Decoder_old_id_2\ and not \JOYSTICK_ADC_XY:ch_addr_2\ and not \JOYSTICK_ADC_XY:AMuxHw_2_Decoder_old_id_0\ and not \JOYSTICK_ADC_XY:ch_addr_0\ and \JOYSTICK_ADC_XY:AMuxHw_2_Decoder_old_id_5\ and \JOYSTICK_ADC_XY:ch_addr_5\ and \JOYSTICK_ADC_XY:AMuxHw_2_Decoder_old_id_3\ and \JOYSTICK_ADC_XY:ch_addr_3\ and \JOYSTICK_ADC_XY:AMuxHw_2_Decoder_old_id_1\ and \JOYSTICK_ADC_XY:ch_addr_1\)
	OR (not \JOYSTICK_ADC_XY:AMuxHw_2_Decoder_old_id_5\ and not \JOYSTICK_ADC_XY:ch_addr_5\ and not \JOYSTICK_ADC_XY:AMuxHw_2_Decoder_old_id_2\ and not \JOYSTICK_ADC_XY:ch_addr_2\ and not \JOYSTICK_ADC_XY:AMuxHw_2_Decoder_old_id_0\ and not \JOYSTICK_ADC_XY:ch_addr_0\ and \JOYSTICK_ADC_XY:AMuxHw_2_Decoder_old_id_4\ and \JOYSTICK_ADC_XY:ch_addr_4\ and \JOYSTICK_ADC_XY:AMuxHw_2_Decoder_old_id_3\ and \JOYSTICK_ADC_XY:ch_addr_3\ and \JOYSTICK_ADC_XY:AMuxHw_2_Decoder_old_id_1\ and \JOYSTICK_ADC_XY:ch_addr_1\)
	OR (not \JOYSTICK_ADC_XY:AMuxHw_2_Decoder_old_id_2\ and not \JOYSTICK_ADC_XY:ch_addr_2\ and not \JOYSTICK_ADC_XY:AMuxHw_2_Decoder_old_id_0\ and not \JOYSTICK_ADC_XY:ch_addr_0\ and \JOYSTICK_ADC_XY:AMuxHw_2_Decoder_old_id_5\ and \JOYSTICK_ADC_XY:ch_addr_5\ and \JOYSTICK_ADC_XY:AMuxHw_2_Decoder_old_id_4\ and \JOYSTICK_ADC_XY:ch_addr_4\ and \JOYSTICK_ADC_XY:AMuxHw_2_Decoder_old_id_3\ and \JOYSTICK_ADC_XY:ch_addr_3\ and \JOYSTICK_ADC_XY:AMuxHw_2_Decoder_old_id_1\ and \JOYSTICK_ADC_XY:ch_addr_1\)
	OR (not \JOYSTICK_ADC_XY:AMuxHw_2_Decoder_old_id_5\ and not \JOYSTICK_ADC_XY:ch_addr_5\ and not \JOYSTICK_ADC_XY:AMuxHw_2_Decoder_old_id_4\ and not \JOYSTICK_ADC_XY:ch_addr_4\ and not \JOYSTICK_ADC_XY:AMuxHw_2_Decoder_old_id_3\ and not \JOYSTICK_ADC_XY:ch_addr_3\ and not \JOYSTICK_ADC_XY:AMuxHw_2_Decoder_old_id_0\ and not \JOYSTICK_ADC_XY:ch_addr_0\ and \JOYSTICK_ADC_XY:AMuxHw_2_Decoder_old_id_2\ and \JOYSTICK_ADC_XY:ch_addr_2\ and \JOYSTICK_ADC_XY:AMuxHw_2_Decoder_old_id_1\ and \JOYSTICK_ADC_XY:ch_addr_1\)
	OR (not \JOYSTICK_ADC_XY:AMuxHw_2_Decoder_old_id_4\ and not \JOYSTICK_ADC_XY:ch_addr_4\ and not \JOYSTICK_ADC_XY:AMuxHw_2_Decoder_old_id_3\ and not \JOYSTICK_ADC_XY:ch_addr_3\ and not \JOYSTICK_ADC_XY:AMuxHw_2_Decoder_old_id_0\ and not \JOYSTICK_ADC_XY:ch_addr_0\ and \JOYSTICK_ADC_XY:AMuxHw_2_Decoder_old_id_5\ and \JOYSTICK_ADC_XY:ch_addr_5\ and \JOYSTICK_ADC_XY:AMuxHw_2_Decoder_old_id_2\ and \JOYSTICK_ADC_XY:ch_addr_2\ and \JOYSTICK_ADC_XY:AMuxHw_2_Decoder_old_id_1\ and \JOYSTICK_ADC_XY:ch_addr_1\)
	OR (not \JOYSTICK_ADC_XY:AMuxHw_2_Decoder_old_id_5\ and not \JOYSTICK_ADC_XY:ch_addr_5\ and not \JOYSTICK_ADC_XY:AMuxHw_2_Decoder_old_id_3\ and not \JOYSTICK_ADC_XY:ch_addr_3\ and not \JOYSTICK_ADC_XY:AMuxHw_2_Decoder_old_id_0\ and not \JOYSTICK_ADC_XY:ch_addr_0\ and \JOYSTICK_ADC_XY:AMuxHw_2_Decoder_old_id_4\ and \JOYSTICK_ADC_XY:ch_addr_4\ and \JOYSTICK_ADC_XY:AMuxHw_2_Decoder_old_id_2\ and \JOYSTICK_ADC_XY:ch_addr_2\ and \JOYSTICK_ADC_XY:AMuxHw_2_Decoder_old_id_1\ and \JOYSTICK_ADC_XY:ch_addr_1\)
	OR (not \JOYSTICK_ADC_XY:AMuxHw_2_Decoder_old_id_3\ and not \JOYSTICK_ADC_XY:ch_addr_3\ and not \JOYSTICK_ADC_XY:AMuxHw_2_Decoder_old_id_0\ and not \JOYSTICK_ADC_XY:ch_addr_0\ and \JOYSTICK_ADC_XY:AMuxHw_2_Decoder_old_id_5\ and \JOYSTICK_ADC_XY:ch_addr_5\ and \JOYSTICK_ADC_XY:AMuxHw_2_Decoder_old_id_4\ and \JOYSTICK_ADC_XY:ch_addr_4\ and \JOYSTICK_ADC_XY:AMuxHw_2_Decoder_old_id_2\ and \JOYSTICK_ADC_XY:ch_addr_2\ and \JOYSTICK_ADC_XY:AMuxHw_2_Decoder_old_id_1\ and \JOYSTICK_ADC_XY:ch_addr_1\)
	OR (not \JOYSTICK_ADC_XY:AMuxHw_2_Decoder_old_id_5\ and not \JOYSTICK_ADC_XY:ch_addr_5\ and not \JOYSTICK_ADC_XY:AMuxHw_2_Decoder_old_id_4\ and not \JOYSTICK_ADC_XY:ch_addr_4\ and not \JOYSTICK_ADC_XY:AMuxHw_2_Decoder_old_id_0\ and not \JOYSTICK_ADC_XY:ch_addr_0\ and \JOYSTICK_ADC_XY:AMuxHw_2_Decoder_old_id_3\ and \JOYSTICK_ADC_XY:ch_addr_3\ and \JOYSTICK_ADC_XY:AMuxHw_2_Decoder_old_id_2\ and \JOYSTICK_ADC_XY:ch_addr_2\ and \JOYSTICK_ADC_XY:AMuxHw_2_Decoder_old_id_1\ and \JOYSTICK_ADC_XY:ch_addr_1\)
	OR (not \JOYSTICK_ADC_XY:AMuxHw_2_Decoder_old_id_4\ and not \JOYSTICK_ADC_XY:ch_addr_4\ and not \JOYSTICK_ADC_XY:AMuxHw_2_Decoder_old_id_0\ and not \JOYSTICK_ADC_XY:ch_addr_0\ and \JOYSTICK_ADC_XY:AMuxHw_2_Decoder_old_id_5\ and \JOYSTICK_ADC_XY:ch_addr_5\ and \JOYSTICK_ADC_XY:AMuxHw_2_Decoder_old_id_3\ and \JOYSTICK_ADC_XY:ch_addr_3\ and \JOYSTICK_ADC_XY:AMuxHw_2_Decoder_old_id_2\ and \JOYSTICK_ADC_XY:ch_addr_2\ and \JOYSTICK_ADC_XY:AMuxHw_2_Decoder_old_id_1\ and \JOYSTICK_ADC_XY:ch_addr_1\)
	OR (not \JOYSTICK_ADC_XY:AMuxHw_2_Decoder_old_id_5\ and not \JOYSTICK_ADC_XY:ch_addr_5\ and not \JOYSTICK_ADC_XY:AMuxHw_2_Decoder_old_id_0\ and not \JOYSTICK_ADC_XY:ch_addr_0\ and \JOYSTICK_ADC_XY:AMuxHw_2_Decoder_old_id_4\ and \JOYSTICK_ADC_XY:ch_addr_4\ and \JOYSTICK_ADC_XY:AMuxHw_2_Decoder_old_id_3\ and \JOYSTICK_ADC_XY:ch_addr_3\ and \JOYSTICK_ADC_XY:AMuxHw_2_Decoder_old_id_2\ and \JOYSTICK_ADC_XY:ch_addr_2\ and \JOYSTICK_ADC_XY:AMuxHw_2_Decoder_old_id_1\ and \JOYSTICK_ADC_XY:ch_addr_1\)
	OR (not \JOYSTICK_ADC_XY:AMuxHw_2_Decoder_old_id_0\ and not \JOYSTICK_ADC_XY:ch_addr_0\ and \JOYSTICK_ADC_XY:AMuxHw_2_Decoder_old_id_5\ and \JOYSTICK_ADC_XY:ch_addr_5\ and \JOYSTICK_ADC_XY:AMuxHw_2_Decoder_old_id_4\ and \JOYSTICK_ADC_XY:ch_addr_4\ and \JOYSTICK_ADC_XY:AMuxHw_2_Decoder_old_id_3\ and \JOYSTICK_ADC_XY:ch_addr_3\ and \JOYSTICK_ADC_XY:AMuxHw_2_Decoder_old_id_2\ and \JOYSTICK_ADC_XY:ch_addr_2\ and \JOYSTICK_ADC_XY:AMuxHw_2_Decoder_old_id_1\ and \JOYSTICK_ADC_XY:ch_addr_1\)
	OR (not \JOYSTICK_ADC_XY:AMuxHw_2_Decoder_old_id_5\ and not \JOYSTICK_ADC_XY:ch_addr_5\ and not \JOYSTICK_ADC_XY:AMuxHw_2_Decoder_old_id_4\ and not \JOYSTICK_ADC_XY:ch_addr_4\ and not \JOYSTICK_ADC_XY:AMuxHw_2_Decoder_old_id_3\ and not \JOYSTICK_ADC_XY:ch_addr_3\ and not \JOYSTICK_ADC_XY:AMuxHw_2_Decoder_old_id_2\ and not \JOYSTICK_ADC_XY:ch_addr_2\ and not \JOYSTICK_ADC_XY:AMuxHw_2_Decoder_old_id_1\ and not \JOYSTICK_ADC_XY:ch_addr_1\ and \JOYSTICK_ADC_XY:AMuxHw_2_Decoder_old_id_0\ and \JOYSTICK_ADC_XY:ch_addr_0\)
	OR (not \JOYSTICK_ADC_XY:AMuxHw_2_Decoder_old_id_4\ and not \JOYSTICK_ADC_XY:ch_addr_4\ and not \JOYSTICK_ADC_XY:AMuxHw_2_Decoder_old_id_3\ and not \JOYSTICK_ADC_XY:ch_addr_3\ and not \JOYSTICK_ADC_XY:AMuxHw_2_Decoder_old_id_2\ and not \JOYSTICK_ADC_XY:ch_addr_2\ and not \JOYSTICK_ADC_XY:AMuxHw_2_Decoder_old_id_1\ and not \JOYSTICK_ADC_XY:ch_addr_1\ and \JOYSTICK_ADC_XY:AMuxHw_2_Decoder_old_id_5\ and \JOYSTICK_ADC_XY:ch_addr_5\ and \JOYSTICK_ADC_XY:AMuxHw_2_Decoder_old_id_0\ and \JOYSTICK_ADC_XY:ch_addr_0\)
	OR (not \JOYSTICK_ADC_XY:AMuxHw_2_Decoder_old_id_5\ and not \JOYSTICK_ADC_XY:ch_addr_5\ and not \JOYSTICK_ADC_XY:AMuxHw_2_Decoder_old_id_3\ and not \JOYSTICK_ADC_XY:ch_addr_3\ and not \JOYSTICK_ADC_XY:AMuxHw_2_Decoder_old_id_2\ and not \JOYSTICK_ADC_XY:ch_addr_2\ and not \JOYSTICK_ADC_XY:AMuxHw_2_Decoder_old_id_1\ and not \JOYSTICK_ADC_XY:ch_addr_1\ and \JOYSTICK_ADC_XY:AMuxHw_2_Decoder_old_id_4\ and \JOYSTICK_ADC_XY:ch_addr_4\ and \JOYSTICK_ADC_XY:AMuxHw_2_Decoder_old_id_0\ and \JOYSTICK_ADC_XY:ch_addr_0\)
	OR (not \JOYSTICK_ADC_XY:AMuxHw_2_Decoder_old_id_3\ and not \JOYSTICK_ADC_XY:ch_addr_3\ and not \JOYSTICK_ADC_XY:AMuxHw_2_Decoder_old_id_2\ and not \JOYSTICK_ADC_XY:ch_addr_2\ and not \JOYSTICK_ADC_XY:AMuxHw_2_Decoder_old_id_1\ and not \JOYSTICK_ADC_XY:ch_addr_1\ and \JOYSTICK_ADC_XY:AMuxHw_2_Decoder_old_id_5\ and \JOYSTICK_ADC_XY:ch_addr_5\ and \JOYSTICK_ADC_XY:AMuxHw_2_Decoder_old_id_4\ and \JOYSTICK_ADC_XY:ch_addr_4\ and \JOYSTICK_ADC_XY:AMuxHw_2_Decoder_old_id_0\ and \JOYSTICK_ADC_XY:ch_addr_0\)
	OR (not \JOYSTICK_ADC_XY:AMuxHw_2_Decoder_old_id_5\ and not \JOYSTICK_ADC_XY:ch_addr_5\ and not \JOYSTICK_ADC_XY:AMuxHw_2_Decoder_old_id_4\ and not \JOYSTICK_ADC_XY:ch_addr_4\ and not \JOYSTICK_ADC_XY:AMuxHw_2_Decoder_old_id_2\ and not \JOYSTICK_ADC_XY:ch_addr_2\ and not \JOYSTICK_ADC_XY:AMuxHw_2_Decoder_old_id_1\ and not \JOYSTICK_ADC_XY:ch_addr_1\ and \JOYSTICK_ADC_XY:AMuxHw_2_Decoder_old_id_3\ and \JOYSTICK_ADC_XY:ch_addr_3\ and \JOYSTICK_ADC_XY:AMuxHw_2_Decoder_old_id_0\ and \JOYSTICK_ADC_XY:ch_addr_0\)
	OR (not \JOYSTICK_ADC_XY:AMuxHw_2_Decoder_old_id_4\ and not \JOYSTICK_ADC_XY:ch_addr_4\ and not \JOYSTICK_ADC_XY:AMuxHw_2_Decoder_old_id_2\ and not \JOYSTICK_ADC_XY:ch_addr_2\ and not \JOYSTICK_ADC_XY:AMuxHw_2_Decoder_old_id_1\ and not \JOYSTICK_ADC_XY:ch_addr_1\ and \JOYSTICK_ADC_XY:AMuxHw_2_Decoder_old_id_5\ and \JOYSTICK_ADC_XY:ch_addr_5\ and \JOYSTICK_ADC_XY:AMuxHw_2_Decoder_old_id_3\ and \JOYSTICK_ADC_XY:ch_addr_3\ and \JOYSTICK_ADC_XY:AMuxHw_2_Decoder_old_id_0\ and \JOYSTICK_ADC_XY:ch_addr_0\)
	OR (not \JOYSTICK_ADC_XY:AMuxHw_2_Decoder_old_id_5\ and not \JOYSTICK_ADC_XY:ch_addr_5\ and not \JOYSTICK_ADC_XY:AMuxHw_2_Decoder_old_id_2\ and not \JOYSTICK_ADC_XY:ch_addr_2\ and not \JOYSTICK_ADC_XY:AMuxHw_2_Decoder_old_id_1\ and not \JOYSTICK_ADC_XY:ch_addr_1\ and \JOYSTICK_ADC_XY:AMuxHw_2_Decoder_old_id_4\ and \JOYSTICK_ADC_XY:ch_addr_4\ and \JOYSTICK_ADC_XY:AMuxHw_2_Decoder_old_id_3\ and \JOYSTICK_ADC_XY:ch_addr_3\ and \JOYSTICK_ADC_XY:AMuxHw_2_Decoder_old_id_0\ and \JOYSTICK_ADC_XY:ch_addr_0\)
	OR (not \JOYSTICK_ADC_XY:AMuxHw_2_Decoder_old_id_2\ and not \JOYSTICK_ADC_XY:ch_addr_2\ and not \JOYSTICK_ADC_XY:AMuxHw_2_Decoder_old_id_1\ and not \JOYSTICK_ADC_XY:ch_addr_1\ and \JOYSTICK_ADC_XY:AMuxHw_2_Decoder_old_id_5\ and \JOYSTICK_ADC_XY:ch_addr_5\ and \JOYSTICK_ADC_XY:AMuxHw_2_Decoder_old_id_4\ and \JOYSTICK_ADC_XY:ch_addr_4\ and \JOYSTICK_ADC_XY:AMuxHw_2_Decoder_old_id_3\ and \JOYSTICK_ADC_XY:ch_addr_3\ and \JOYSTICK_ADC_XY:AMuxHw_2_Decoder_old_id_0\ and \JOYSTICK_ADC_XY:ch_addr_0\)
	OR (not \JOYSTICK_ADC_XY:AMuxHw_2_Decoder_old_id_5\ and not \JOYSTICK_ADC_XY:ch_addr_5\ and not \JOYSTICK_ADC_XY:AMuxHw_2_Decoder_old_id_4\ and not \JOYSTICK_ADC_XY:ch_addr_4\ and not \JOYSTICK_ADC_XY:AMuxHw_2_Decoder_old_id_3\ and not \JOYSTICK_ADC_XY:ch_addr_3\ and not \JOYSTICK_ADC_XY:AMuxHw_2_Decoder_old_id_1\ and not \JOYSTICK_ADC_XY:ch_addr_1\ and \JOYSTICK_ADC_XY:AMuxHw_2_Decoder_old_id_2\ and \JOYSTICK_ADC_XY:ch_addr_2\ and \JOYSTICK_ADC_XY:AMuxHw_2_Decoder_old_id_0\ and \JOYSTICK_ADC_XY:ch_addr_0\)
	OR (not \JOYSTICK_ADC_XY:AMuxHw_2_Decoder_old_id_4\ and not \JOYSTICK_ADC_XY:ch_addr_4\ and not \JOYSTICK_ADC_XY:AMuxHw_2_Decoder_old_id_3\ and not \JOYSTICK_ADC_XY:ch_addr_3\ and not \JOYSTICK_ADC_XY:AMuxHw_2_Decoder_old_id_1\ and not \JOYSTICK_ADC_XY:ch_addr_1\ and \JOYSTICK_ADC_XY:AMuxHw_2_Decoder_old_id_5\ and \JOYSTICK_ADC_XY:ch_addr_5\ and \JOYSTICK_ADC_XY:AMuxHw_2_Decoder_old_id_2\ and \JOYSTICK_ADC_XY:ch_addr_2\ and \JOYSTICK_ADC_XY:AMuxHw_2_Decoder_old_id_0\ and \JOYSTICK_ADC_XY:ch_addr_0\)
	OR (not \JOYSTICK_ADC_XY:AMuxHw_2_Decoder_old_id_5\ and not \JOYSTICK_ADC_XY:ch_addr_5\ and not \JOYSTICK_ADC_XY:AMuxHw_2_Decoder_old_id_3\ and not \JOYSTICK_ADC_XY:ch_addr_3\ and not \JOYSTICK_ADC_XY:AMuxHw_2_Decoder_old_id_1\ and not \JOYSTICK_ADC_XY:ch_addr_1\ and \JOYSTICK_ADC_XY:AMuxHw_2_Decoder_old_id_4\ and \JOYSTICK_ADC_XY:ch_addr_4\ and \JOYSTICK_ADC_XY:AMuxHw_2_Decoder_old_id_2\ and \JOYSTICK_ADC_XY:ch_addr_2\ and \JOYSTICK_ADC_XY:AMuxHw_2_Decoder_old_id_0\ and \JOYSTICK_ADC_XY:ch_addr_0\)
	OR (not \JOYSTICK_ADC_XY:AMuxHw_2_Decoder_old_id_3\ and not \JOYSTICK_ADC_XY:ch_addr_3\ and not \JOYSTICK_ADC_XY:AMuxHw_2_Decoder_old_id_1\ and not \JOYSTICK_ADC_XY:ch_addr_1\ and \JOYSTICK_ADC_XY:AMuxHw_2_Decoder_old_id_5\ and \JOYSTICK_ADC_XY:ch_addr_5\ and \JOYSTICK_ADC_XY:AMuxHw_2_Decoder_old_id_4\ and \JOYSTICK_ADC_XY:ch_addr_4\ and \JOYSTICK_ADC_XY:AMuxHw_2_Decoder_old_id_2\ and \JOYSTICK_ADC_XY:ch_addr_2\ and \JOYSTICK_ADC_XY:AMuxHw_2_Decoder_old_id_0\ and \JOYSTICK_ADC_XY:ch_addr_0\)
	OR (not \JOYSTICK_ADC_XY:AMuxHw_2_Decoder_old_id_5\ and not \JOYSTICK_ADC_XY:ch_addr_5\ and not \JOYSTICK_ADC_XY:AMuxHw_2_Decoder_old_id_4\ and not \JOYSTICK_ADC_XY:ch_addr_4\ and not \JOYSTICK_ADC_XY:AMuxHw_2_Decoder_old_id_1\ and not \JOYSTICK_ADC_XY:ch_addr_1\ and \JOYSTICK_ADC_XY:AMuxHw_2_Decoder_old_id_3\ and \JOYSTICK_ADC_XY:ch_addr_3\ and \JOYSTICK_ADC_XY:AMuxHw_2_Decoder_old_id_2\ and \JOYSTICK_ADC_XY:ch_addr_2\ and \JOYSTICK_ADC_XY:AMuxHw_2_Decoder_old_id_0\ and \JOYSTICK_ADC_XY:ch_addr_0\)
	OR (not \JOYSTICK_ADC_XY:AMuxHw_2_Decoder_old_id_4\ and not \JOYSTICK_ADC_XY:ch_addr_4\ and not \JOYSTICK_ADC_XY:AMuxHw_2_Decoder_old_id_1\ and not \JOYSTICK_ADC_XY:ch_addr_1\ and \JOYSTICK_ADC_XY:AMuxHw_2_Decoder_old_id_5\ and \JOYSTICK_ADC_XY:ch_addr_5\ and \JOYSTICK_ADC_XY:AMuxHw_2_Decoder_old_id_3\ and \JOYSTICK_ADC_XY:ch_addr_3\ and \JOYSTICK_ADC_XY:AMuxHw_2_Decoder_old_id_2\ and \JOYSTICK_ADC_XY:ch_addr_2\ and \JOYSTICK_ADC_XY:AMuxHw_2_Decoder_old_id_0\ and \JOYSTICK_ADC_XY:ch_addr_0\)
	OR (not \JOYSTICK_ADC_XY:AMuxHw_2_Decoder_old_id_5\ and not \JOYSTICK_ADC_XY:ch_addr_5\ and not \JOYSTICK_ADC_XY:AMuxHw_2_Decoder_old_id_1\ and not \JOYSTICK_ADC_XY:ch_addr_1\ and \JOYSTICK_ADC_XY:AMuxHw_2_Decoder_old_id_4\ and \JOYSTICK_ADC_XY:ch_addr_4\ and \JOYSTICK_ADC_XY:AMuxHw_2_Decoder_old_id_3\ and \JOYSTICK_ADC_XY:ch_addr_3\ and \JOYSTICK_ADC_XY:AMuxHw_2_Decoder_old_id_2\ and \JOYSTICK_ADC_XY:ch_addr_2\ and \JOYSTICK_ADC_XY:AMuxHw_2_Decoder_old_id_0\ and \JOYSTICK_ADC_XY:ch_addr_0\)
	OR (not \JOYSTICK_ADC_XY:AMuxHw_2_Decoder_old_id_1\ and not \JOYSTICK_ADC_XY:ch_addr_1\ and \JOYSTICK_ADC_XY:AMuxHw_2_Decoder_old_id_5\ and \JOYSTICK_ADC_XY:ch_addr_5\ and \JOYSTICK_ADC_XY:AMuxHw_2_Decoder_old_id_4\ and \JOYSTICK_ADC_XY:ch_addr_4\ and \JOYSTICK_ADC_XY:AMuxHw_2_Decoder_old_id_3\ and \JOYSTICK_ADC_XY:ch_addr_3\ and \JOYSTICK_ADC_XY:AMuxHw_2_Decoder_old_id_2\ and \JOYSTICK_ADC_XY:ch_addr_2\ and \JOYSTICK_ADC_XY:AMuxHw_2_Decoder_old_id_0\ and \JOYSTICK_ADC_XY:ch_addr_0\)
	OR (not \JOYSTICK_ADC_XY:AMuxHw_2_Decoder_old_id_5\ and not \JOYSTICK_ADC_XY:ch_addr_5\ and not \JOYSTICK_ADC_XY:AMuxHw_2_Decoder_old_id_4\ and not \JOYSTICK_ADC_XY:ch_addr_4\ and not \JOYSTICK_ADC_XY:AMuxHw_2_Decoder_old_id_3\ and not \JOYSTICK_ADC_XY:ch_addr_3\ and not \JOYSTICK_ADC_XY:AMuxHw_2_Decoder_old_id_2\ and not \JOYSTICK_ADC_XY:ch_addr_2\ and \JOYSTICK_ADC_XY:AMuxHw_2_Decoder_old_id_1\ and \JOYSTICK_ADC_XY:ch_addr_1\ and \JOYSTICK_ADC_XY:AMuxHw_2_Decoder_old_id_0\ and \JOYSTICK_ADC_XY:ch_addr_0\)
	OR (not \JOYSTICK_ADC_XY:AMuxHw_2_Decoder_old_id_4\ and not \JOYSTICK_ADC_XY:ch_addr_4\ and not \JOYSTICK_ADC_XY:AMuxHw_2_Decoder_old_id_3\ and not \JOYSTICK_ADC_XY:ch_addr_3\ and not \JOYSTICK_ADC_XY:AMuxHw_2_Decoder_old_id_2\ and not \JOYSTICK_ADC_XY:ch_addr_2\ and \JOYSTICK_ADC_XY:AMuxHw_2_Decoder_old_id_5\ and \JOYSTICK_ADC_XY:ch_addr_5\ and \JOYSTICK_ADC_XY:AMuxHw_2_Decoder_old_id_1\ and \JOYSTICK_ADC_XY:ch_addr_1\ and \JOYSTICK_ADC_XY:AMuxHw_2_Decoder_old_id_0\ and \JOYSTICK_ADC_XY:ch_addr_0\)
	OR (not \JOYSTICK_ADC_XY:AMuxHw_2_Decoder_old_id_5\ and not \JOYSTICK_ADC_XY:ch_addr_5\ and not \JOYSTICK_ADC_XY:AMuxHw_2_Decoder_old_id_3\ and not \JOYSTICK_ADC_XY:ch_addr_3\ and not \JOYSTICK_ADC_XY:AMuxHw_2_Decoder_old_id_2\ and not \JOYSTICK_ADC_XY:ch_addr_2\ and \JOYSTICK_ADC_XY:AMuxHw_2_Decoder_old_id_4\ and \JOYSTICK_ADC_XY:ch_addr_4\ and \JOYSTICK_ADC_XY:AMuxHw_2_Decoder_old_id_1\ and \JOYSTICK_ADC_XY:ch_addr_1\ and \JOYSTICK_ADC_XY:AMuxHw_2_Decoder_old_id_0\ and \JOYSTICK_ADC_XY:ch_addr_0\)
	OR (not \JOYSTICK_ADC_XY:AMuxHw_2_Decoder_old_id_3\ and not \JOYSTICK_ADC_XY:ch_addr_3\ and not \JOYSTICK_ADC_XY:AMuxHw_2_Decoder_old_id_2\ and not \JOYSTICK_ADC_XY:ch_addr_2\ and \JOYSTICK_ADC_XY:AMuxHw_2_Decoder_old_id_5\ and \JOYSTICK_ADC_XY:ch_addr_5\ and \JOYSTICK_ADC_XY:AMuxHw_2_Decoder_old_id_4\ and \JOYSTICK_ADC_XY:ch_addr_4\ and \JOYSTICK_ADC_XY:AMuxHw_2_Decoder_old_id_1\ and \JOYSTICK_ADC_XY:ch_addr_1\ and \JOYSTICK_ADC_XY:AMuxHw_2_Decoder_old_id_0\ and \JOYSTICK_ADC_XY:ch_addr_0\)
	OR (not \JOYSTICK_ADC_XY:AMuxHw_2_Decoder_old_id_5\ and not \JOYSTICK_ADC_XY:ch_addr_5\ and not \JOYSTICK_ADC_XY:AMuxHw_2_Decoder_old_id_4\ and not \JOYSTICK_ADC_XY:ch_addr_4\ and not \JOYSTICK_ADC_XY:AMuxHw_2_Decoder_old_id_2\ and not \JOYSTICK_ADC_XY:ch_addr_2\ and \JOYSTICK_ADC_XY:AMuxHw_2_Decoder_old_id_3\ and \JOYSTICK_ADC_XY:ch_addr_3\ and \JOYSTICK_ADC_XY:AMuxHw_2_Decoder_old_id_1\ and \JOYSTICK_ADC_XY:ch_addr_1\ and \JOYSTICK_ADC_XY:AMuxHw_2_Decoder_old_id_0\ and \JOYSTICK_ADC_XY:ch_addr_0\)
	OR (not \JOYSTICK_ADC_XY:AMuxHw_2_Decoder_old_id_4\ and not \JOYSTICK_ADC_XY:ch_addr_4\ and not \JOYSTICK_ADC_XY:AMuxHw_2_Decoder_old_id_2\ and not \JOYSTICK_ADC_XY:ch_addr_2\ and \JOYSTICK_ADC_XY:AMuxHw_2_Decoder_old_id_5\ and \JOYSTICK_ADC_XY:ch_addr_5\ and \JOYSTICK_ADC_XY:AMuxHw_2_Decoder_old_id_3\ and \JOYSTICK_ADC_XY:ch_addr_3\ and \JOYSTICK_ADC_XY:AMuxHw_2_Decoder_old_id_1\ and \JOYSTICK_ADC_XY:ch_addr_1\ and \JOYSTICK_ADC_XY:AMuxHw_2_Decoder_old_id_0\ and \JOYSTICK_ADC_XY:ch_addr_0\)
	OR (not \JOYSTICK_ADC_XY:AMuxHw_2_Decoder_old_id_5\ and not \JOYSTICK_ADC_XY:ch_addr_5\ and not \JOYSTICK_ADC_XY:AMuxHw_2_Decoder_old_id_2\ and not \JOYSTICK_ADC_XY:ch_addr_2\ and \JOYSTICK_ADC_XY:AMuxHw_2_Decoder_old_id_4\ and \JOYSTICK_ADC_XY:ch_addr_4\ and \JOYSTICK_ADC_XY:AMuxHw_2_Decoder_old_id_3\ and \JOYSTICK_ADC_XY:ch_addr_3\ and \JOYSTICK_ADC_XY:AMuxHw_2_Decoder_old_id_1\ and \JOYSTICK_ADC_XY:ch_addr_1\ and \JOYSTICK_ADC_XY:AMuxHw_2_Decoder_old_id_0\ and \JOYSTICK_ADC_XY:ch_addr_0\)
	OR (not \JOYSTICK_ADC_XY:AMuxHw_2_Decoder_old_id_2\ and not \JOYSTICK_ADC_XY:ch_addr_2\ and \JOYSTICK_ADC_XY:AMuxHw_2_Decoder_old_id_5\ and \JOYSTICK_ADC_XY:ch_addr_5\ and \JOYSTICK_ADC_XY:AMuxHw_2_Decoder_old_id_4\ and \JOYSTICK_ADC_XY:ch_addr_4\ and \JOYSTICK_ADC_XY:AMuxHw_2_Decoder_old_id_3\ and \JOYSTICK_ADC_XY:ch_addr_3\ and \JOYSTICK_ADC_XY:AMuxHw_2_Decoder_old_id_1\ and \JOYSTICK_ADC_XY:ch_addr_1\ and \JOYSTICK_ADC_XY:AMuxHw_2_Decoder_old_id_0\ and \JOYSTICK_ADC_XY:ch_addr_0\)
	OR (not \JOYSTICK_ADC_XY:AMuxHw_2_Decoder_old_id_5\ and not \JOYSTICK_ADC_XY:ch_addr_5\ and not \JOYSTICK_ADC_XY:AMuxHw_2_Decoder_old_id_4\ and not \JOYSTICK_ADC_XY:ch_addr_4\ and not \JOYSTICK_ADC_XY:AMuxHw_2_Decoder_old_id_3\ and not \JOYSTICK_ADC_XY:ch_addr_3\ and \JOYSTICK_ADC_XY:AMuxHw_2_Decoder_old_id_2\ and \JOYSTICK_ADC_XY:ch_addr_2\ and \JOYSTICK_ADC_XY:AMuxHw_2_Decoder_old_id_1\ and \JOYSTICK_ADC_XY:ch_addr_1\ and \JOYSTICK_ADC_XY:AMuxHw_2_Decoder_old_id_0\ and \JOYSTICK_ADC_XY:ch_addr_0\)
	OR (not \JOYSTICK_ADC_XY:AMuxHw_2_Decoder_old_id_4\ and not \JOYSTICK_ADC_XY:ch_addr_4\ and not \JOYSTICK_ADC_XY:AMuxHw_2_Decoder_old_id_3\ and not \JOYSTICK_ADC_XY:ch_addr_3\ and \JOYSTICK_ADC_XY:AMuxHw_2_Decoder_old_id_5\ and \JOYSTICK_ADC_XY:ch_addr_5\ and \JOYSTICK_ADC_XY:AMuxHw_2_Decoder_old_id_2\ and \JOYSTICK_ADC_XY:ch_addr_2\ and \JOYSTICK_ADC_XY:AMuxHw_2_Decoder_old_id_1\ and \JOYSTICK_ADC_XY:ch_addr_1\ and \JOYSTICK_ADC_XY:AMuxHw_2_Decoder_old_id_0\ and \JOYSTICK_ADC_XY:ch_addr_0\)
	OR (not \JOYSTICK_ADC_XY:AMuxHw_2_Decoder_old_id_5\ and not \JOYSTICK_ADC_XY:ch_addr_5\ and not \JOYSTICK_ADC_XY:AMuxHw_2_Decoder_old_id_3\ and not \JOYSTICK_ADC_XY:ch_addr_3\ and \JOYSTICK_ADC_XY:AMuxHw_2_Decoder_old_id_4\ and \JOYSTICK_ADC_XY:ch_addr_4\ and \JOYSTICK_ADC_XY:AMuxHw_2_Decoder_old_id_2\ and \JOYSTICK_ADC_XY:ch_addr_2\ and \JOYSTICK_ADC_XY:AMuxHw_2_Decoder_old_id_1\ and \JOYSTICK_ADC_XY:ch_addr_1\ and \JOYSTICK_ADC_XY:AMuxHw_2_Decoder_old_id_0\ and \JOYSTICK_ADC_XY:ch_addr_0\)
	OR (not \JOYSTICK_ADC_XY:AMuxHw_2_Decoder_old_id_3\ and not \JOYSTICK_ADC_XY:ch_addr_3\ and \JOYSTICK_ADC_XY:AMuxHw_2_Decoder_old_id_5\ and \JOYSTICK_ADC_XY:ch_addr_5\ and \JOYSTICK_ADC_XY:AMuxHw_2_Decoder_old_id_4\ and \JOYSTICK_ADC_XY:ch_addr_4\ and \JOYSTICK_ADC_XY:AMuxHw_2_Decoder_old_id_2\ and \JOYSTICK_ADC_XY:ch_addr_2\ and \JOYSTICK_ADC_XY:AMuxHw_2_Decoder_old_id_1\ and \JOYSTICK_ADC_XY:ch_addr_1\ and \JOYSTICK_ADC_XY:AMuxHw_2_Decoder_old_id_0\ and \JOYSTICK_ADC_XY:ch_addr_0\)
	OR (not \JOYSTICK_ADC_XY:AMuxHw_2_Decoder_old_id_5\ and not \JOYSTICK_ADC_XY:ch_addr_5\ and not \JOYSTICK_ADC_XY:AMuxHw_2_Decoder_old_id_4\ and not \JOYSTICK_ADC_XY:ch_addr_4\ and \JOYSTICK_ADC_XY:AMuxHw_2_Decoder_old_id_3\ and \JOYSTICK_ADC_XY:ch_addr_3\ and \JOYSTICK_ADC_XY:AMuxHw_2_Decoder_old_id_2\ and \JOYSTICK_ADC_XY:ch_addr_2\ and \JOYSTICK_ADC_XY:AMuxHw_2_Decoder_old_id_1\ and \JOYSTICK_ADC_XY:ch_addr_1\ and \JOYSTICK_ADC_XY:AMuxHw_2_Decoder_old_id_0\ and \JOYSTICK_ADC_XY:ch_addr_0\)
	OR (not \JOYSTICK_ADC_XY:AMuxHw_2_Decoder_old_id_4\ and not \JOYSTICK_ADC_XY:ch_addr_4\ and \JOYSTICK_ADC_XY:AMuxHw_2_Decoder_old_id_5\ and \JOYSTICK_ADC_XY:ch_addr_5\ and \JOYSTICK_ADC_XY:AMuxHw_2_Decoder_old_id_3\ and \JOYSTICK_ADC_XY:ch_addr_3\ and \JOYSTICK_ADC_XY:AMuxHw_2_Decoder_old_id_2\ and \JOYSTICK_ADC_XY:ch_addr_2\ and \JOYSTICK_ADC_XY:AMuxHw_2_Decoder_old_id_1\ and \JOYSTICK_ADC_XY:ch_addr_1\ and \JOYSTICK_ADC_XY:AMuxHw_2_Decoder_old_id_0\ and \JOYSTICK_ADC_XY:ch_addr_0\)
	OR (not \JOYSTICK_ADC_XY:AMuxHw_2_Decoder_old_id_5\ and not \JOYSTICK_ADC_XY:ch_addr_5\ and \JOYSTICK_ADC_XY:AMuxHw_2_Decoder_old_id_4\ and \JOYSTICK_ADC_XY:ch_addr_4\ and \JOYSTICK_ADC_XY:AMuxHw_2_Decoder_old_id_3\ and \JOYSTICK_ADC_XY:ch_addr_3\ and \JOYSTICK_ADC_XY:AMuxHw_2_Decoder_old_id_2\ and \JOYSTICK_ADC_XY:ch_addr_2\ and \JOYSTICK_ADC_XY:AMuxHw_2_Decoder_old_id_1\ and \JOYSTICK_ADC_XY:ch_addr_1\ and \JOYSTICK_ADC_XY:AMuxHw_2_Decoder_old_id_0\ and \JOYSTICK_ADC_XY:ch_addr_0\)
	OR (\JOYSTICK_ADC_XY:AMuxHw_2_Decoder_old_id_5\ and \JOYSTICK_ADC_XY:ch_addr_5\ and \JOYSTICK_ADC_XY:AMuxHw_2_Decoder_old_id_4\ and \JOYSTICK_ADC_XY:ch_addr_4\ and \JOYSTICK_ADC_XY:AMuxHw_2_Decoder_old_id_3\ and \JOYSTICK_ADC_XY:ch_addr_3\ and \JOYSTICK_ADC_XY:AMuxHw_2_Decoder_old_id_2\ and \JOYSTICK_ADC_XY:ch_addr_2\ and \JOYSTICK_ADC_XY:AMuxHw_2_Decoder_old_id_1\ and \JOYSTICK_ADC_XY:ch_addr_1\ and \JOYSTICK_ADC_XY:AMuxHw_2_Decoder_old_id_0\ and \JOYSTICK_ADC_XY:ch_addr_0\));

Note:  Expanding virtual equation for '\JOYSTICK_ADC_XY:MODULE_1:g1:a0:gx:u0:lt_3\' (cost = 2):
\JOYSTICK_ADC_XY:MODULE_1:g1:a0:gx:u0:lt_3\ <= ((not \JOYSTICK_ADC_XY:ch_addr_3\ and \JOYSTICK_ADC_XY:AMuxHw_2_Decoder_old_id_3\));

Note:  Expanding virtual equation for '\JOYSTICK_ADC_XY:MODULE_1:g1:a0:gx:u0:gt_3\' (cost = 2):
\JOYSTICK_ADC_XY:MODULE_1:g1:a0:gx:u0:gt_3\ <= ((not \JOYSTICK_ADC_XY:AMuxHw_2_Decoder_old_id_3\ and \JOYSTICK_ADC_XY:ch_addr_3\));

Note:  Expanding virtual equation for '\JOYSTICK_ADC_XY:MODULE_1:g1:a0:gx:u0:lt_4\' (cost = 6):
\JOYSTICK_ADC_XY:MODULE_1:g1:a0:gx:u0:lt_4\ <= ((not \JOYSTICK_ADC_XY:ch_addr_4\ and not \JOYSTICK_ADC_XY:ch_addr_3\ and \JOYSTICK_ADC_XY:AMuxHw_2_Decoder_old_id_3\)
	OR (not \JOYSTICK_ADC_XY:ch_addr_3\ and \JOYSTICK_ADC_XY:AMuxHw_2_Decoder_old_id_4\ and \JOYSTICK_ADC_XY:AMuxHw_2_Decoder_old_id_3\)
	OR (not \JOYSTICK_ADC_XY:ch_addr_4\ and \JOYSTICK_ADC_XY:AMuxHw_2_Decoder_old_id_4\));

Note:  Expanding virtual equation for '\JOYSTICK_ADC_XY:MODULE_1:g1:a0:gx:u0:gt_4\' (cost = 6):
\JOYSTICK_ADC_XY:MODULE_1:g1:a0:gx:u0:gt_4\ <= ((not \JOYSTICK_ADC_XY:AMuxHw_2_Decoder_old_id_4\ and not \JOYSTICK_ADC_XY:AMuxHw_2_Decoder_old_id_3\ and \JOYSTICK_ADC_XY:ch_addr_3\)
	OR (not \JOYSTICK_ADC_XY:AMuxHw_2_Decoder_old_id_3\ and \JOYSTICK_ADC_XY:ch_addr_4\ and \JOYSTICK_ADC_XY:ch_addr_3\)
	OR (not \JOYSTICK_ADC_XY:AMuxHw_2_Decoder_old_id_4\ and \JOYSTICK_ADC_XY:ch_addr_4\));

Note:  Expanding virtual equation for '\JOYSTICK_ADC_XY:MODULE_1:g1:a0:gx:u0:lt_0\' (cost = 2):
\JOYSTICK_ADC_XY:MODULE_1:g1:a0:gx:u0:lt_0\ <= ((not \JOYSTICK_ADC_XY:ch_addr_0\ and \JOYSTICK_ADC_XY:AMuxHw_2_Decoder_old_id_0\));

Note:  Expanding virtual equation for '\JOYSTICK_ADC_XY:MODULE_1:g1:a0:gx:u0:gt_0\' (cost = 2):
\JOYSTICK_ADC_XY:MODULE_1:g1:a0:gx:u0:gt_0\ <= ((not \JOYSTICK_ADC_XY:AMuxHw_2_Decoder_old_id_0\ and \JOYSTICK_ADC_XY:ch_addr_0\));

Note:  Expanding virtual equation for '\JOYSTICK_ADC_XY:MODULE_1:g1:a0:gx:u0:lt_1\' (cost = 6):
\JOYSTICK_ADC_XY:MODULE_1:g1:a0:gx:u0:lt_1\ <= ((not \JOYSTICK_ADC_XY:ch_addr_1\ and not \JOYSTICK_ADC_XY:ch_addr_0\ and \JOYSTICK_ADC_XY:AMuxHw_2_Decoder_old_id_0\)
	OR (not \JOYSTICK_ADC_XY:ch_addr_0\ and \JOYSTICK_ADC_XY:AMuxHw_2_Decoder_old_id_1\ and \JOYSTICK_ADC_XY:AMuxHw_2_Decoder_old_id_0\)
	OR (not \JOYSTICK_ADC_XY:ch_addr_1\ and \JOYSTICK_ADC_XY:AMuxHw_2_Decoder_old_id_1\));

Note:  Expanding virtual equation for '\JOYSTICK_ADC_XY:MODULE_1:g1:a0:gx:u0:gt_1\' (cost = 6):
\JOYSTICK_ADC_XY:MODULE_1:g1:a0:gx:u0:gt_1\ <= ((not \JOYSTICK_ADC_XY:AMuxHw_2_Decoder_old_id_1\ and not \JOYSTICK_ADC_XY:AMuxHw_2_Decoder_old_id_0\ and \JOYSTICK_ADC_XY:ch_addr_0\)
	OR (not \JOYSTICK_ADC_XY:AMuxHw_2_Decoder_old_id_0\ and \JOYSTICK_ADC_XY:ch_addr_1\ and \JOYSTICK_ADC_XY:ch_addr_0\)
	OR (not \JOYSTICK_ADC_XY:AMuxHw_2_Decoder_old_id_1\ and \JOYSTICK_ADC_XY:ch_addr_1\));

Note:  Expanding virtual equation for '\TFT_SPI:BSPIM:load_rx_data\' (cost = 1):
\TFT_SPI:BSPIM:load_rx_data\ <= ((not \TFT_SPI:BSPIM:count_4\ and not \TFT_SPI:BSPIM:count_3\ and not \TFT_SPI:BSPIM:count_2\ and not \TFT_SPI:BSPIM:count_1\ and \TFT_SPI:BSPIM:count_0\));


Substituting virtuals - pass 2:

Note:  Expanding virtual equation for '\UART_LOG:BUART:sRX:s23Poll:MODULE_3:g2:a0:lta_0\' (cost = 4):
\UART_LOG:BUART:sRX:s23Poll:MODULE_3:g2:a0:lta_0\ <= ((not \UART_LOG:BUART:pollcount_1\ and not \UART_LOG:BUART:pollcount_0\));

Note:  Expanding virtual equation for '\UART_LOG:BUART:sRX:s23Poll:MODULE_4:g2:a0:lta_0\' (cost = 0):
\UART_LOG:BUART:sRX:s23Poll:MODULE_4:g2:a0:lta_0\ <= (not \UART_LOG:BUART:pollcount_1\);

Note:  Expanding virtual equation for '\UART_LOG:BUART:sRX:s23Poll:MODULE_2:g2:a0:s_1\' (cost = 2):
\UART_LOG:BUART:sRX:s23Poll:MODULE_2:g2:a0:s_1\ <= ((not \UART_LOG:BUART:pollcount_0\ and \UART_LOG:BUART:pollcount_1\)
	OR (not \UART_LOG:BUART:pollcount_1\ and \UART_LOG:BUART:pollcount_0\));

Note:  Expanding virtual equation for '\RGB_PWM_red:PWMUDB:MODULE_7:g2:a0:s_1\' (cost = 2):
\RGB_PWM_red:PWMUDB:MODULE_7:g2:a0:s_1\ <= ((not \RGB_PWM_red:PWMUDB:dith_count_0\ and \RGB_PWM_red:PWMUDB:dith_count_1\)
	OR (not \RGB_PWM_red:PWMUDB:dith_count_1\ and \RGB_PWM_red:PWMUDB:dith_count_0\));

Note:  Expanding virtual equation for '\RGB_PWM_red:PWMUDB:MODULE_7:g2:a0:g1:z1:s0:g1:u0:c_18\' (cost = 0):
\RGB_PWM_red:PWMUDB:MODULE_7:g2:a0:g1:z1:s0:g1:u0:c_18\ <=  ('0') ;

Note:  Expanding virtual equation for '\RGB_PWM_red:PWMUDB:MODULE_7:g2:a0:g1:z1:s0:g1:u0:c_10\' (cost = 0):
\RGB_PWM_red:PWMUDB:MODULE_7:g2:a0:g1:z1:s0:g1:u0:c_10\ <=  ('0') ;

Note:  Expanding virtual equation for '\RGB_PWM_red:PWMUDB:MODULE_7:g2:a0:g1:z1:s0:g1:u0:c_3\' (cost = 0):
\RGB_PWM_red:PWMUDB:MODULE_7:g2:a0:g1:z1:s0:g1:u0:c_3\ <=  ('0') ;

Note:  Expanding virtual equation for '\RGB_PWM_green:PWMUDB:MODULE_8:g2:a0:s_1\' (cost = 2):
\RGB_PWM_green:PWMUDB:MODULE_8:g2:a0:s_1\ <= ((not \RGB_PWM_green:PWMUDB:dith_count_0\ and \RGB_PWM_green:PWMUDB:dith_count_1\)
	OR (not \RGB_PWM_green:PWMUDB:dith_count_1\ and \RGB_PWM_green:PWMUDB:dith_count_0\));

Note:  Expanding virtual equation for '\RGB_PWM_green:PWMUDB:MODULE_8:g2:a0:g1:z1:s0:g1:u0:c_18\' (cost = 0):
\RGB_PWM_green:PWMUDB:MODULE_8:g2:a0:g1:z1:s0:g1:u0:c_18\ <=  ('0') ;

Note:  Expanding virtual equation for '\RGB_PWM_green:PWMUDB:MODULE_8:g2:a0:g1:z1:s0:g1:u0:c_10\' (cost = 0):
\RGB_PWM_green:PWMUDB:MODULE_8:g2:a0:g1:z1:s0:g1:u0:c_10\ <=  ('0') ;

Note:  Expanding virtual equation for '\RGB_PWM_green:PWMUDB:MODULE_8:g2:a0:g1:z1:s0:g1:u0:c_3\' (cost = 0):
\RGB_PWM_green:PWMUDB:MODULE_8:g2:a0:g1:z1:s0:g1:u0:c_3\ <=  ('0') ;

Note:  Expanding virtual equation for '\RGB_PWM_blue:PWMUDB:MODULE_9:g2:a0:s_1\' (cost = 2):
\RGB_PWM_blue:PWMUDB:MODULE_9:g2:a0:s_1\ <= ((not \RGB_PWM_blue:PWMUDB:dith_count_0\ and \RGB_PWM_blue:PWMUDB:dith_count_1\)
	OR (not \RGB_PWM_blue:PWMUDB:dith_count_1\ and \RGB_PWM_blue:PWMUDB:dith_count_0\));

Note:  Expanding virtual equation for '\RGB_PWM_blue:PWMUDB:MODULE_9:g2:a0:g1:z1:s0:g1:u0:c_18\' (cost = 0):
\RGB_PWM_blue:PWMUDB:MODULE_9:g2:a0:g1:z1:s0:g1:u0:c_18\ <=  ('0') ;

Note:  Expanding virtual equation for '\RGB_PWM_blue:PWMUDB:MODULE_9:g2:a0:g1:z1:s0:g1:u0:c_10\' (cost = 0):
\RGB_PWM_blue:PWMUDB:MODULE_9:g2:a0:g1:z1:s0:g1:u0:c_10\ <=  ('0') ;

Note:  Expanding virtual equation for '\RGB_PWM_blue:PWMUDB:MODULE_9:g2:a0:g1:z1:s0:g1:u0:c_3\' (cost = 0):
\RGB_PWM_blue:PWMUDB:MODULE_9:g2:a0:g1:z1:s0:g1:u0:c_3\ <=  ('0') ;

Note:  Expanding virtual equation for '\JOYSTICK_ADC_XY:MODULE_1:g1:a0:xeq\' (cost = 64):
\JOYSTICK_ADC_XY:MODULE_1:g1:a0:xeq\ <= ((not \JOYSTICK_ADC_XY:AMuxHw_2_Decoder_old_id_5\ and not \JOYSTICK_ADC_XY:ch_addr_5\ and not \JOYSTICK_ADC_XY:AMuxHw_2_Decoder_old_id_4\ and not \JOYSTICK_ADC_XY:ch_addr_4\ and not \JOYSTICK_ADC_XY:AMuxHw_2_Decoder_old_id_3\ and not \JOYSTICK_ADC_XY:ch_addr_3\ and not \JOYSTICK_ADC_XY:AMuxHw_2_Decoder_old_id_2\ and not \JOYSTICK_ADC_XY:ch_addr_2\ and not \JOYSTICK_ADC_XY:AMuxHw_2_Decoder_old_id_1\ and not \JOYSTICK_ADC_XY:ch_addr_1\ and not \JOYSTICK_ADC_XY:AMuxHw_2_Decoder_old_id_0\ and not \JOYSTICK_ADC_XY:ch_addr_0\)
	OR (not \JOYSTICK_ADC_XY:AMuxHw_2_Decoder_old_id_4\ and not \JOYSTICK_ADC_XY:ch_addr_4\ and not \JOYSTICK_ADC_XY:AMuxHw_2_Decoder_old_id_3\ and not \JOYSTICK_ADC_XY:ch_addr_3\ and not \JOYSTICK_ADC_XY:AMuxHw_2_Decoder_old_id_2\ and not \JOYSTICK_ADC_XY:ch_addr_2\ and not \JOYSTICK_ADC_XY:AMuxHw_2_Decoder_old_id_1\ and not \JOYSTICK_ADC_XY:ch_addr_1\ and not \JOYSTICK_ADC_XY:AMuxHw_2_Decoder_old_id_0\ and not \JOYSTICK_ADC_XY:ch_addr_0\ and \JOYSTICK_ADC_XY:AMuxHw_2_Decoder_old_id_5\ and \JOYSTICK_ADC_XY:ch_addr_5\)
	OR (not \JOYSTICK_ADC_XY:AMuxHw_2_Decoder_old_id_5\ and not \JOYSTICK_ADC_XY:ch_addr_5\ and not \JOYSTICK_ADC_XY:AMuxHw_2_Decoder_old_id_3\ and not \JOYSTICK_ADC_XY:ch_addr_3\ and not \JOYSTICK_ADC_XY:AMuxHw_2_Decoder_old_id_2\ and not \JOYSTICK_ADC_XY:ch_addr_2\ and not \JOYSTICK_ADC_XY:AMuxHw_2_Decoder_old_id_1\ and not \JOYSTICK_ADC_XY:ch_addr_1\ and not \JOYSTICK_ADC_XY:AMuxHw_2_Decoder_old_id_0\ and not \JOYSTICK_ADC_XY:ch_addr_0\ and \JOYSTICK_ADC_XY:AMuxHw_2_Decoder_old_id_4\ and \JOYSTICK_ADC_XY:ch_addr_4\)
	OR (not \JOYSTICK_ADC_XY:AMuxHw_2_Decoder_old_id_3\ and not \JOYSTICK_ADC_XY:ch_addr_3\ and not \JOYSTICK_ADC_XY:AMuxHw_2_Decoder_old_id_2\ and not \JOYSTICK_ADC_XY:ch_addr_2\ and not \JOYSTICK_ADC_XY:AMuxHw_2_Decoder_old_id_1\ and not \JOYSTICK_ADC_XY:ch_addr_1\ and not \JOYSTICK_ADC_XY:AMuxHw_2_Decoder_old_id_0\ and not \JOYSTICK_ADC_XY:ch_addr_0\ and \JOYSTICK_ADC_XY:AMuxHw_2_Decoder_old_id_5\ and \JOYSTICK_ADC_XY:ch_addr_5\ and \JOYSTICK_ADC_XY:AMuxHw_2_Decoder_old_id_4\ and \JOYSTICK_ADC_XY:ch_addr_4\)
	OR (not \JOYSTICK_ADC_XY:AMuxHw_2_Decoder_old_id_5\ and not \JOYSTICK_ADC_XY:ch_addr_5\ and not \JOYSTICK_ADC_XY:AMuxHw_2_Decoder_old_id_4\ and not \JOYSTICK_ADC_XY:ch_addr_4\ and not \JOYSTICK_ADC_XY:AMuxHw_2_Decoder_old_id_2\ and not \JOYSTICK_ADC_XY:ch_addr_2\ and not \JOYSTICK_ADC_XY:AMuxHw_2_Decoder_old_id_1\ and not \JOYSTICK_ADC_XY:ch_addr_1\ and not \JOYSTICK_ADC_XY:AMuxHw_2_Decoder_old_id_0\ and not \JOYSTICK_ADC_XY:ch_addr_0\ and \JOYSTICK_ADC_XY:AMuxHw_2_Decoder_old_id_3\ and \JOYSTICK_ADC_XY:ch_addr_3\)
	OR (not \JOYSTICK_ADC_XY:AMuxHw_2_Decoder_old_id_4\ and not \JOYSTICK_ADC_XY:ch_addr_4\ and not \JOYSTICK_ADC_XY:AMuxHw_2_Decoder_old_id_2\ and not \JOYSTICK_ADC_XY:ch_addr_2\ and not \JOYSTICK_ADC_XY:AMuxHw_2_Decoder_old_id_1\ and not \JOYSTICK_ADC_XY:ch_addr_1\ and not \JOYSTICK_ADC_XY:AMuxHw_2_Decoder_old_id_0\ and not \JOYSTICK_ADC_XY:ch_addr_0\ and \JOYSTICK_ADC_XY:AMuxHw_2_Decoder_old_id_5\ and \JOYSTICK_ADC_XY:ch_addr_5\ and \JOYSTICK_ADC_XY:AMuxHw_2_Decoder_old_id_3\ and \JOYSTICK_ADC_XY:ch_addr_3\)
	OR (not \JOYSTICK_ADC_XY:AMuxHw_2_Decoder_old_id_5\ and not \JOYSTICK_ADC_XY:ch_addr_5\ and not \JOYSTICK_ADC_XY:AMuxHw_2_Decoder_old_id_2\ and not \JOYSTICK_ADC_XY:ch_addr_2\ and not \JOYSTICK_ADC_XY:AMuxHw_2_Decoder_old_id_1\ and not \JOYSTICK_ADC_XY:ch_addr_1\ and not \JOYSTICK_ADC_XY:AMuxHw_2_Decoder_old_id_0\ and not \JOYSTICK_ADC_XY:ch_addr_0\ and \JOYSTICK_ADC_XY:AMuxHw_2_Decoder_old_id_4\ and \JOYSTICK_ADC_XY:ch_addr_4\ and \JOYSTICK_ADC_XY:AMuxHw_2_Decoder_old_id_3\ and \JOYSTICK_ADC_XY:ch_addr_3\)
	OR (not \JOYSTICK_ADC_XY:AMuxHw_2_Decoder_old_id_2\ and not \JOYSTICK_ADC_XY:ch_addr_2\ and not \JOYSTICK_ADC_XY:AMuxHw_2_Decoder_old_id_1\ and not \JOYSTICK_ADC_XY:ch_addr_1\ and not \JOYSTICK_ADC_XY:AMuxHw_2_Decoder_old_id_0\ and not \JOYSTICK_ADC_XY:ch_addr_0\ and \JOYSTICK_ADC_XY:AMuxHw_2_Decoder_old_id_5\ and \JOYSTICK_ADC_XY:ch_addr_5\ and \JOYSTICK_ADC_XY:AMuxHw_2_Decoder_old_id_4\ and \JOYSTICK_ADC_XY:ch_addr_4\ and \JOYSTICK_ADC_XY:AMuxHw_2_Decoder_old_id_3\ and \JOYSTICK_ADC_XY:ch_addr_3\)
	OR (not \JOYSTICK_ADC_XY:AMuxHw_2_Decoder_old_id_5\ and not \JOYSTICK_ADC_XY:ch_addr_5\ and not \JOYSTICK_ADC_XY:AMuxHw_2_Decoder_old_id_4\ and not \JOYSTICK_ADC_XY:ch_addr_4\ and not \JOYSTICK_ADC_XY:AMuxHw_2_Decoder_old_id_3\ and not \JOYSTICK_ADC_XY:ch_addr_3\ and not \JOYSTICK_ADC_XY:AMuxHw_2_Decoder_old_id_1\ and not \JOYSTICK_ADC_XY:ch_addr_1\ and not \JOYSTICK_ADC_XY:AMuxHw_2_Decoder_old_id_0\ and not \JOYSTICK_ADC_XY:ch_addr_0\ and \JOYSTICK_ADC_XY:AMuxHw_2_Decoder_old_id_2\ and \JOYSTICK_ADC_XY:ch_addr_2\)
	OR (not \JOYSTICK_ADC_XY:AMuxHw_2_Decoder_old_id_4\ and not \JOYSTICK_ADC_XY:ch_addr_4\ and not \JOYSTICK_ADC_XY:AMuxHw_2_Decoder_old_id_3\ and not \JOYSTICK_ADC_XY:ch_addr_3\ and not \JOYSTICK_ADC_XY:AMuxHw_2_Decoder_old_id_1\ and not \JOYSTICK_ADC_XY:ch_addr_1\ and not \JOYSTICK_ADC_XY:AMuxHw_2_Decoder_old_id_0\ and not \JOYSTICK_ADC_XY:ch_addr_0\ and \JOYSTICK_ADC_XY:AMuxHw_2_Decoder_old_id_5\ and \JOYSTICK_ADC_XY:ch_addr_5\ and \JOYSTICK_ADC_XY:AMuxHw_2_Decoder_old_id_2\ and \JOYSTICK_ADC_XY:ch_addr_2\)
	OR (not \JOYSTICK_ADC_XY:AMuxHw_2_Decoder_old_id_5\ and not \JOYSTICK_ADC_XY:ch_addr_5\ and not \JOYSTICK_ADC_XY:AMuxHw_2_Decoder_old_id_3\ and not \JOYSTICK_ADC_XY:ch_addr_3\ and not \JOYSTICK_ADC_XY:AMuxHw_2_Decoder_old_id_1\ and not \JOYSTICK_ADC_XY:ch_addr_1\ and not \JOYSTICK_ADC_XY:AMuxHw_2_Decoder_old_id_0\ and not \JOYSTICK_ADC_XY:ch_addr_0\ and \JOYSTICK_ADC_XY:AMuxHw_2_Decoder_old_id_4\ and \JOYSTICK_ADC_XY:ch_addr_4\ and \JOYSTICK_ADC_XY:AMuxHw_2_Decoder_old_id_2\ and \JOYSTICK_ADC_XY:ch_addr_2\)
	OR (not \JOYSTICK_ADC_XY:AMuxHw_2_Decoder_old_id_3\ and not \JOYSTICK_ADC_XY:ch_addr_3\ and not \JOYSTICK_ADC_XY:AMuxHw_2_Decoder_old_id_1\ and not \JOYSTICK_ADC_XY:ch_addr_1\ and not \JOYSTICK_ADC_XY:AMuxHw_2_Decoder_old_id_0\ and not \JOYSTICK_ADC_XY:ch_addr_0\ and \JOYSTICK_ADC_XY:AMuxHw_2_Decoder_old_id_5\ and \JOYSTICK_ADC_XY:ch_addr_5\ and \JOYSTICK_ADC_XY:AMuxHw_2_Decoder_old_id_4\ and \JOYSTICK_ADC_XY:ch_addr_4\ and \JOYSTICK_ADC_XY:AMuxHw_2_Decoder_old_id_2\ and \JOYSTICK_ADC_XY:ch_addr_2\)
	OR (not \JOYSTICK_ADC_XY:AMuxHw_2_Decoder_old_id_5\ and not \JOYSTICK_ADC_XY:ch_addr_5\ and not \JOYSTICK_ADC_XY:AMuxHw_2_Decoder_old_id_4\ and not \JOYSTICK_ADC_XY:ch_addr_4\ and not \JOYSTICK_ADC_XY:AMuxHw_2_Decoder_old_id_1\ and not \JOYSTICK_ADC_XY:ch_addr_1\ and not \JOYSTICK_ADC_XY:AMuxHw_2_Decoder_old_id_0\ and not \JOYSTICK_ADC_XY:ch_addr_0\ and \JOYSTICK_ADC_XY:AMuxHw_2_Decoder_old_id_3\ and \JOYSTICK_ADC_XY:ch_addr_3\ and \JOYSTICK_ADC_XY:AMuxHw_2_Decoder_old_id_2\ and \JOYSTICK_ADC_XY:ch_addr_2\)
	OR (not \JOYSTICK_ADC_XY:AMuxHw_2_Decoder_old_id_4\ and not \JOYSTICK_ADC_XY:ch_addr_4\ and not \JOYSTICK_ADC_XY:AMuxHw_2_Decoder_old_id_1\ and not \JOYSTICK_ADC_XY:ch_addr_1\ and not \JOYSTICK_ADC_XY:AMuxHw_2_Decoder_old_id_0\ and not \JOYSTICK_ADC_XY:ch_addr_0\ and \JOYSTICK_ADC_XY:AMuxHw_2_Decoder_old_id_5\ and \JOYSTICK_ADC_XY:ch_addr_5\ and \JOYSTICK_ADC_XY:AMuxHw_2_Decoder_old_id_3\ and \JOYSTICK_ADC_XY:ch_addr_3\ and \JOYSTICK_ADC_XY:AMuxHw_2_Decoder_old_id_2\ and \JOYSTICK_ADC_XY:ch_addr_2\)
	OR (not \JOYSTICK_ADC_XY:AMuxHw_2_Decoder_old_id_5\ and not \JOYSTICK_ADC_XY:ch_addr_5\ and not \JOYSTICK_ADC_XY:AMuxHw_2_Decoder_old_id_1\ and not \JOYSTICK_ADC_XY:ch_addr_1\ and not \JOYSTICK_ADC_XY:AMuxHw_2_Decoder_old_id_0\ and not \JOYSTICK_ADC_XY:ch_addr_0\ and \JOYSTICK_ADC_XY:AMuxHw_2_Decoder_old_id_4\ and \JOYSTICK_ADC_XY:ch_addr_4\ and \JOYSTICK_ADC_XY:AMuxHw_2_Decoder_old_id_3\ and \JOYSTICK_ADC_XY:ch_addr_3\ and \JOYSTICK_ADC_XY:AMuxHw_2_Decoder_old_id_2\ and \JOYSTICK_ADC_XY:ch_addr_2\)
	OR (not \JOYSTICK_ADC_XY:AMuxHw_2_Decoder_old_id_1\ and not \JOYSTICK_ADC_XY:ch_addr_1\ and not \JOYSTICK_ADC_XY:AMuxHw_2_Decoder_old_id_0\ and not \JOYSTICK_ADC_XY:ch_addr_0\ and \JOYSTICK_ADC_XY:AMuxHw_2_Decoder_old_id_5\ and \JOYSTICK_ADC_XY:ch_addr_5\ and \JOYSTICK_ADC_XY:AMuxHw_2_Decoder_old_id_4\ and \JOYSTICK_ADC_XY:ch_addr_4\ and \JOYSTICK_ADC_XY:AMuxHw_2_Decoder_old_id_3\ and \JOYSTICK_ADC_XY:ch_addr_3\ and \JOYSTICK_ADC_XY:AMuxHw_2_Decoder_old_id_2\ and \JOYSTICK_ADC_XY:ch_addr_2\)
	OR (not \JOYSTICK_ADC_XY:AMuxHw_2_Decoder_old_id_5\ and not \JOYSTICK_ADC_XY:ch_addr_5\ and not \JOYSTICK_ADC_XY:AMuxHw_2_Decoder_old_id_4\ and not \JOYSTICK_ADC_XY:ch_addr_4\ and not \JOYSTICK_ADC_XY:AMuxHw_2_Decoder_old_id_3\ and not \JOYSTICK_ADC_XY:ch_addr_3\ and not \JOYSTICK_ADC_XY:AMuxHw_2_Decoder_old_id_2\ and not \JOYSTICK_ADC_XY:ch_addr_2\ and not \JOYSTICK_ADC_XY:AMuxHw_2_Decoder_old_id_0\ and not \JOYSTICK_ADC_XY:ch_addr_0\ and \JOYSTICK_ADC_XY:AMuxHw_2_Decoder_old_id_1\ and \JOYSTICK_ADC_XY:ch_addr_1\)
	OR (not \JOYSTICK_ADC_XY:AMuxHw_2_Decoder_old_id_4\ and not \JOYSTICK_ADC_XY:ch_addr_4\ and not \JOYSTICK_ADC_XY:AMuxHw_2_Decoder_old_id_3\ and not \JOYSTICK_ADC_XY:ch_addr_3\ and not \JOYSTICK_ADC_XY:AMuxHw_2_Decoder_old_id_2\ and not \JOYSTICK_ADC_XY:ch_addr_2\ and not \JOYSTICK_ADC_XY:AMuxHw_2_Decoder_old_id_0\ and not \JOYSTICK_ADC_XY:ch_addr_0\ and \JOYSTICK_ADC_XY:AMuxHw_2_Decoder_old_id_5\ and \JOYSTICK_ADC_XY:ch_addr_5\ and \JOYSTICK_ADC_XY:AMuxHw_2_Decoder_old_id_1\ and \JOYSTICK_ADC_XY:ch_addr_1\)
	OR (not \JOYSTICK_ADC_XY:AMuxHw_2_Decoder_old_id_5\ and not \JOYSTICK_ADC_XY:ch_addr_5\ and not \JOYSTICK_ADC_XY:AMuxHw_2_Decoder_old_id_3\ and not \JOYSTICK_ADC_XY:ch_addr_3\ and not \JOYSTICK_ADC_XY:AMuxHw_2_Decoder_old_id_2\ and not \JOYSTICK_ADC_XY:ch_addr_2\ and not \JOYSTICK_ADC_XY:AMuxHw_2_Decoder_old_id_0\ and not \JOYSTICK_ADC_XY:ch_addr_0\ and \JOYSTICK_ADC_XY:AMuxHw_2_Decoder_old_id_4\ and \JOYSTICK_ADC_XY:ch_addr_4\ and \JOYSTICK_ADC_XY:AMuxHw_2_Decoder_old_id_1\ and \JOYSTICK_ADC_XY:ch_addr_1\)
	OR (not \JOYSTICK_ADC_XY:AMuxHw_2_Decoder_old_id_3\ and not \JOYSTICK_ADC_XY:ch_addr_3\ and not \JOYSTICK_ADC_XY:AMuxHw_2_Decoder_old_id_2\ and not \JOYSTICK_ADC_XY:ch_addr_2\ and not \JOYSTICK_ADC_XY:AMuxHw_2_Decoder_old_id_0\ and not \JOYSTICK_ADC_XY:ch_addr_0\ and \JOYSTICK_ADC_XY:AMuxHw_2_Decoder_old_id_5\ and \JOYSTICK_ADC_XY:ch_addr_5\ and \JOYSTICK_ADC_XY:AMuxHw_2_Decoder_old_id_4\ and \JOYSTICK_ADC_XY:ch_addr_4\ and \JOYSTICK_ADC_XY:AMuxHw_2_Decoder_old_id_1\ and \JOYSTICK_ADC_XY:ch_addr_1\)
	OR (not \JOYSTICK_ADC_XY:AMuxHw_2_Decoder_old_id_5\ and not \JOYSTICK_ADC_XY:ch_addr_5\ and not \JOYSTICK_ADC_XY:AMuxHw_2_Decoder_old_id_4\ and not \JOYSTICK_ADC_XY:ch_addr_4\ and not \JOYSTICK_ADC_XY:AMuxHw_2_Decoder_old_id_2\ and not \JOYSTICK_ADC_XY:ch_addr_2\ and not \JOYSTICK_ADC_XY:AMuxHw_2_Decoder_old_id_0\ and not \JOYSTICK_ADC_XY:ch_addr_0\ and \JOYSTICK_ADC_XY:AMuxHw_2_Decoder_old_id_3\ and \JOYSTICK_ADC_XY:ch_addr_3\ and \JOYSTICK_ADC_XY:AMuxHw_2_Decoder_old_id_1\ and \JOYSTICK_ADC_XY:ch_addr_1\)
	OR (not \JOYSTICK_ADC_XY:AMuxHw_2_Decoder_old_id_4\ and not \JOYSTICK_ADC_XY:ch_addr_4\ and not \JOYSTICK_ADC_XY:AMuxHw_2_Decoder_old_id_2\ and not \JOYSTICK_ADC_XY:ch_addr_2\ and not \JOYSTICK_ADC_XY:AMuxHw_2_Decoder_old_id_0\ and not \JOYSTICK_ADC_XY:ch_addr_0\ and \JOYSTICK_ADC_XY:AMuxHw_2_Decoder_old_id_5\ and \JOYSTICK_ADC_XY:ch_addr_5\ and \JOYSTICK_ADC_XY:AMuxHw_2_Decoder_old_id_3\ and \JOYSTICK_ADC_XY:ch_addr_3\ and \JOYSTICK_ADC_XY:AMuxHw_2_Decoder_old_id_1\ and \JOYSTICK_ADC_XY:ch_addr_1\)
	OR (not \JOYSTICK_ADC_XY:AMuxHw_2_Decoder_old_id_5\ and not \JOYSTICK_ADC_XY:ch_addr_5\ and not \JOYSTICK_ADC_XY:AMuxHw_2_Decoder_old_id_2\ and not \JOYSTICK_ADC_XY:ch_addr_2\ and not \JOYSTICK_ADC_XY:AMuxHw_2_Decoder_old_id_0\ and not \JOYSTICK_ADC_XY:ch_addr_0\ and \JOYSTICK_ADC_XY:AMuxHw_2_Decoder_old_id_4\ and \JOYSTICK_ADC_XY:ch_addr_4\ and \JOYSTICK_ADC_XY:AMuxHw_2_Decoder_old_id_3\ and \JOYSTICK_ADC_XY:ch_addr_3\ and \JOYSTICK_ADC_XY:AMuxHw_2_Decoder_old_id_1\ and \JOYSTICK_ADC_XY:ch_addr_1\)
	OR (not \JOYSTICK_ADC_XY:AMuxHw_2_Decoder_old_id_2\ and not \JOYSTICK_ADC_XY:ch_addr_2\ and not \JOYSTICK_ADC_XY:AMuxHw_2_Decoder_old_id_0\ and not \JOYSTICK_ADC_XY:ch_addr_0\ and \JOYSTICK_ADC_XY:AMuxHw_2_Decoder_old_id_5\ and \JOYSTICK_ADC_XY:ch_addr_5\ and \JOYSTICK_ADC_XY:AMuxHw_2_Decoder_old_id_4\ and \JOYSTICK_ADC_XY:ch_addr_4\ and \JOYSTICK_ADC_XY:AMuxHw_2_Decoder_old_id_3\ and \JOYSTICK_ADC_XY:ch_addr_3\ and \JOYSTICK_ADC_XY:AMuxHw_2_Decoder_old_id_1\ and \JOYSTICK_ADC_XY:ch_addr_1\)
	OR (not \JOYSTICK_ADC_XY:AMuxHw_2_Decoder_old_id_5\ and not \JOYSTICK_ADC_XY:ch_addr_5\ and not \JOYSTICK_ADC_XY:AMuxHw_2_Decoder_old_id_4\ and not \JOYSTICK_ADC_XY:ch_addr_4\ and not \JOYSTICK_ADC_XY:AMuxHw_2_Decoder_old_id_3\ and not \JOYSTICK_ADC_XY:ch_addr_3\ and not \JOYSTICK_ADC_XY:AMuxHw_2_Decoder_old_id_0\ and not \JOYSTICK_ADC_XY:ch_addr_0\ and \JOYSTICK_ADC_XY:AMuxHw_2_Decoder_old_id_2\ and \JOYSTICK_ADC_XY:ch_addr_2\ and \JOYSTICK_ADC_XY:AMuxHw_2_Decoder_old_id_1\ and \JOYSTICK_ADC_XY:ch_addr_1\)
	OR (not \JOYSTICK_ADC_XY:AMuxHw_2_Decoder_old_id_4\ and not \JOYSTICK_ADC_XY:ch_addr_4\ and not \JOYSTICK_ADC_XY:AMuxHw_2_Decoder_old_id_3\ and not \JOYSTICK_ADC_XY:ch_addr_3\ and not \JOYSTICK_ADC_XY:AMuxHw_2_Decoder_old_id_0\ and not \JOYSTICK_ADC_XY:ch_addr_0\ and \JOYSTICK_ADC_XY:AMuxHw_2_Decoder_old_id_5\ and \JOYSTICK_ADC_XY:ch_addr_5\ and \JOYSTICK_ADC_XY:AMuxHw_2_Decoder_old_id_2\ and \JOYSTICK_ADC_XY:ch_addr_2\ and \JOYSTICK_ADC_XY:AMuxHw_2_Decoder_old_id_1\ and \JOYSTICK_ADC_XY:ch_addr_1\)
	OR (not \JOYSTICK_ADC_XY:AMuxHw_2_Decoder_old_id_5\ and not \JOYSTICK_ADC_XY:ch_addr_5\ and not \JOYSTICK_ADC_XY:AMuxHw_2_Decoder_old_id_3\ and not \JOYSTICK_ADC_XY:ch_addr_3\ and not \JOYSTICK_ADC_XY:AMuxHw_2_Decoder_old_id_0\ and not \JOYSTICK_ADC_XY:ch_addr_0\ and \JOYSTICK_ADC_XY:AMuxHw_2_Decoder_old_id_4\ and \JOYSTICK_ADC_XY:ch_addr_4\ and \JOYSTICK_ADC_XY:AMuxHw_2_Decoder_old_id_2\ and \JOYSTICK_ADC_XY:ch_addr_2\ and \JOYSTICK_ADC_XY:AMuxHw_2_Decoder_old_id_1\ and \JOYSTICK_ADC_XY:ch_addr_1\)
	OR (not \JOYSTICK_ADC_XY:AMuxHw_2_Decoder_old_id_3\ and not \JOYSTICK_ADC_XY:ch_addr_3\ and not \JOYSTICK_ADC_XY:AMuxHw_2_Decoder_old_id_0\ and not \JOYSTICK_ADC_XY:ch_addr_0\ and \JOYSTICK_ADC_XY:AMuxHw_2_Decoder_old_id_5\ and \JOYSTICK_ADC_XY:ch_addr_5\ and \JOYSTICK_ADC_XY:AMuxHw_2_Decoder_old_id_4\ and \JOYSTICK_ADC_XY:ch_addr_4\ and \JOYSTICK_ADC_XY:AMuxHw_2_Decoder_old_id_2\ and \JOYSTICK_ADC_XY:ch_addr_2\ and \JOYSTICK_ADC_XY:AMuxHw_2_Decoder_old_id_1\ and \JOYSTICK_ADC_XY:ch_addr_1\)
	OR (not \JOYSTICK_ADC_XY:AMuxHw_2_Decoder_old_id_5\ and not \JOYSTICK_ADC_XY:ch_addr_5\ and not \JOYSTICK_ADC_XY:AMuxHw_2_Decoder_old_id_4\ and not \JOYSTICK_ADC_XY:ch_addr_4\ and not \JOYSTICK_ADC_XY:AMuxHw_2_Decoder_old_id_0\ and not \JOYSTICK_ADC_XY:ch_addr_0\ and \JOYSTICK_ADC_XY:AMuxHw_2_Decoder_old_id_3\ and \JOYSTICK_ADC_XY:ch_addr_3\ and \JOYSTICK_ADC_XY:AMuxHw_2_Decoder_old_id_2\ and \JOYSTICK_ADC_XY:ch_addr_2\ and \JOYSTICK_ADC_XY:AMuxHw_2_Decoder_old_id_1\ and \JOYSTICK_ADC_XY:ch_addr_1\)
	OR (not \JOYSTICK_ADC_XY:AMuxHw_2_Decoder_old_id_4\ and not \JOYSTICK_ADC_XY:ch_addr_4\ and not \JOYSTICK_ADC_XY:AMuxHw_2_Decoder_old_id_0\ and not \JOYSTICK_ADC_XY:ch_addr_0\ and \JOYSTICK_ADC_XY:AMuxHw_2_Decoder_old_id_5\ and \JOYSTICK_ADC_XY:ch_addr_5\ and \JOYSTICK_ADC_XY:AMuxHw_2_Decoder_old_id_3\ and \JOYSTICK_ADC_XY:ch_addr_3\ and \JOYSTICK_ADC_XY:AMuxHw_2_Decoder_old_id_2\ and \JOYSTICK_ADC_XY:ch_addr_2\ and \JOYSTICK_ADC_XY:AMuxHw_2_Decoder_old_id_1\ and \JOYSTICK_ADC_XY:ch_addr_1\)
	OR (not \JOYSTICK_ADC_XY:AMuxHw_2_Decoder_old_id_5\ and not \JOYSTICK_ADC_XY:ch_addr_5\ and not \JOYSTICK_ADC_XY:AMuxHw_2_Decoder_old_id_0\ and not \JOYSTICK_ADC_XY:ch_addr_0\ and \JOYSTICK_ADC_XY:AMuxHw_2_Decoder_old_id_4\ and \JOYSTICK_ADC_XY:ch_addr_4\ and \JOYSTICK_ADC_XY:AMuxHw_2_Decoder_old_id_3\ and \JOYSTICK_ADC_XY:ch_addr_3\ and \JOYSTICK_ADC_XY:AMuxHw_2_Decoder_old_id_2\ and \JOYSTICK_ADC_XY:ch_addr_2\ and \JOYSTICK_ADC_XY:AMuxHw_2_Decoder_old_id_1\ and \JOYSTICK_ADC_XY:ch_addr_1\)
	OR (not \JOYSTICK_ADC_XY:AMuxHw_2_Decoder_old_id_0\ and not \JOYSTICK_ADC_XY:ch_addr_0\ and \JOYSTICK_ADC_XY:AMuxHw_2_Decoder_old_id_5\ and \JOYSTICK_ADC_XY:ch_addr_5\ and \JOYSTICK_ADC_XY:AMuxHw_2_Decoder_old_id_4\ and \JOYSTICK_ADC_XY:ch_addr_4\ and \JOYSTICK_ADC_XY:AMuxHw_2_Decoder_old_id_3\ and \JOYSTICK_ADC_XY:ch_addr_3\ and \JOYSTICK_ADC_XY:AMuxHw_2_Decoder_old_id_2\ and \JOYSTICK_ADC_XY:ch_addr_2\ and \JOYSTICK_ADC_XY:AMuxHw_2_Decoder_old_id_1\ and \JOYSTICK_ADC_XY:ch_addr_1\)
	OR (not \JOYSTICK_ADC_XY:AMuxHw_2_Decoder_old_id_5\ and not \JOYSTICK_ADC_XY:ch_addr_5\ and not \JOYSTICK_ADC_XY:AMuxHw_2_Decoder_old_id_4\ and not \JOYSTICK_ADC_XY:ch_addr_4\ and not \JOYSTICK_ADC_XY:AMuxHw_2_Decoder_old_id_3\ and not \JOYSTICK_ADC_XY:ch_addr_3\ and not \JOYSTICK_ADC_XY:AMuxHw_2_Decoder_old_id_2\ and not \JOYSTICK_ADC_XY:ch_addr_2\ and not \JOYSTICK_ADC_XY:AMuxHw_2_Decoder_old_id_1\ and not \JOYSTICK_ADC_XY:ch_addr_1\ and \JOYSTICK_ADC_XY:AMuxHw_2_Decoder_old_id_0\ and \JOYSTICK_ADC_XY:ch_addr_0\)
	OR (not \JOYSTICK_ADC_XY:AMuxHw_2_Decoder_old_id_4\ and not \JOYSTICK_ADC_XY:ch_addr_4\ and not \JOYSTICK_ADC_XY:AMuxHw_2_Decoder_old_id_3\ and not \JOYSTICK_ADC_XY:ch_addr_3\ and not \JOYSTICK_ADC_XY:AMuxHw_2_Decoder_old_id_2\ and not \JOYSTICK_ADC_XY:ch_addr_2\ and not \JOYSTICK_ADC_XY:AMuxHw_2_Decoder_old_id_1\ and not \JOYSTICK_ADC_XY:ch_addr_1\ and \JOYSTICK_ADC_XY:AMuxHw_2_Decoder_old_id_5\ and \JOYSTICK_ADC_XY:ch_addr_5\ and \JOYSTICK_ADC_XY:AMuxHw_2_Decoder_old_id_0\ and \JOYSTICK_ADC_XY:ch_addr_0\)
	OR (not \JOYSTICK_ADC_XY:AMuxHw_2_Decoder_old_id_5\ and not \JOYSTICK_ADC_XY:ch_addr_5\ and not \JOYSTICK_ADC_XY:AMuxHw_2_Decoder_old_id_3\ and not \JOYSTICK_ADC_XY:ch_addr_3\ and not \JOYSTICK_ADC_XY:AMuxHw_2_Decoder_old_id_2\ and not \JOYSTICK_ADC_XY:ch_addr_2\ and not \JOYSTICK_ADC_XY:AMuxHw_2_Decoder_old_id_1\ and not \JOYSTICK_ADC_XY:ch_addr_1\ and \JOYSTICK_ADC_XY:AMuxHw_2_Decoder_old_id_4\ and \JOYSTICK_ADC_XY:ch_addr_4\ and \JOYSTICK_ADC_XY:AMuxHw_2_Decoder_old_id_0\ and \JOYSTICK_ADC_XY:ch_addr_0\)
	OR (not \JOYSTICK_ADC_XY:AMuxHw_2_Decoder_old_id_3\ and not \JOYSTICK_ADC_XY:ch_addr_3\ and not \JOYSTICK_ADC_XY:AMuxHw_2_Decoder_old_id_2\ and not \JOYSTICK_ADC_XY:ch_addr_2\ and not \JOYSTICK_ADC_XY:AMuxHw_2_Decoder_old_id_1\ and not \JOYSTICK_ADC_XY:ch_addr_1\ and \JOYSTICK_ADC_XY:AMuxHw_2_Decoder_old_id_5\ and \JOYSTICK_ADC_XY:ch_addr_5\ and \JOYSTICK_ADC_XY:AMuxHw_2_Decoder_old_id_4\ and \JOYSTICK_ADC_XY:ch_addr_4\ and \JOYSTICK_ADC_XY:AMuxHw_2_Decoder_old_id_0\ and \JOYSTICK_ADC_XY:ch_addr_0\)
	OR (not \JOYSTICK_ADC_XY:AMuxHw_2_Decoder_old_id_5\ and not \JOYSTICK_ADC_XY:ch_addr_5\ and not \JOYSTICK_ADC_XY:AMuxHw_2_Decoder_old_id_4\ and not \JOYSTICK_ADC_XY:ch_addr_4\ and not \JOYSTICK_ADC_XY:AMuxHw_2_Decoder_old_id_2\ and not \JOYSTICK_ADC_XY:ch_addr_2\ and not \JOYSTICK_ADC_XY:AMuxHw_2_Decoder_old_id_1\ and not \JOYSTICK_ADC_XY:ch_addr_1\ and \JOYSTICK_ADC_XY:AMuxHw_2_Decoder_old_id_3\ and \JOYSTICK_ADC_XY:ch_addr_3\ and \JOYSTICK_ADC_XY:AMuxHw_2_Decoder_old_id_0\ and \JOYSTICK_ADC_XY:ch_addr_0\)
	OR (not \JOYSTICK_ADC_XY:AMuxHw_2_Decoder_old_id_4\ and not \JOYSTICK_ADC_XY:ch_addr_4\ and not \JOYSTICK_ADC_XY:AMuxHw_2_Decoder_old_id_2\ and not \JOYSTICK_ADC_XY:ch_addr_2\ and not \JOYSTICK_ADC_XY:AMuxHw_2_Decoder_old_id_1\ and not \JOYSTICK_ADC_XY:ch_addr_1\ and \JOYSTICK_ADC_XY:AMuxHw_2_Decoder_old_id_5\ and \JOYSTICK_ADC_XY:ch_addr_5\ and \JOYSTICK_ADC_XY:AMuxHw_2_Decoder_old_id_3\ and \JOYSTICK_ADC_XY:ch_addr_3\ and \JOYSTICK_ADC_XY:AMuxHw_2_Decoder_old_id_0\ and \JOYSTICK_ADC_XY:ch_addr_0\)
	OR (not \JOYSTICK_ADC_XY:AMuxHw_2_Decoder_old_id_5\ and not \JOYSTICK_ADC_XY:ch_addr_5\ and not \JOYSTICK_ADC_XY:AMuxHw_2_Decoder_old_id_2\ and not \JOYSTICK_ADC_XY:ch_addr_2\ and not \JOYSTICK_ADC_XY:AMuxHw_2_Decoder_old_id_1\ and not \JOYSTICK_ADC_XY:ch_addr_1\ and \JOYSTICK_ADC_XY:AMuxHw_2_Decoder_old_id_4\ and \JOYSTICK_ADC_XY:ch_addr_4\ and \JOYSTICK_ADC_XY:AMuxHw_2_Decoder_old_id_3\ and \JOYSTICK_ADC_XY:ch_addr_3\ and \JOYSTICK_ADC_XY:AMuxHw_2_Decoder_old_id_0\ and \JOYSTICK_ADC_XY:ch_addr_0\)
	OR (not \JOYSTICK_ADC_XY:AMuxHw_2_Decoder_old_id_2\ and not \JOYSTICK_ADC_XY:ch_addr_2\ and not \JOYSTICK_ADC_XY:AMuxHw_2_Decoder_old_id_1\ and not \JOYSTICK_ADC_XY:ch_addr_1\ and \JOYSTICK_ADC_XY:AMuxHw_2_Decoder_old_id_5\ and \JOYSTICK_ADC_XY:ch_addr_5\ and \JOYSTICK_ADC_XY:AMuxHw_2_Decoder_old_id_4\ and \JOYSTICK_ADC_XY:ch_addr_4\ and \JOYSTICK_ADC_XY:AMuxHw_2_Decoder_old_id_3\ and \JOYSTICK_ADC_XY:ch_addr_3\ and \JOYSTICK_ADC_XY:AMuxHw_2_Decoder_old_id_0\ and \JOYSTICK_ADC_XY:ch_addr_0\)
	OR (not \JOYSTICK_ADC_XY:AMuxHw_2_Decoder_old_id_5\ and not \JOYSTICK_ADC_XY:ch_addr_5\ and not \JOYSTICK_ADC_XY:AMuxHw_2_Decoder_old_id_4\ and not \JOYSTICK_ADC_XY:ch_addr_4\ and not \JOYSTICK_ADC_XY:AMuxHw_2_Decoder_old_id_3\ and not \JOYSTICK_ADC_XY:ch_addr_3\ and not \JOYSTICK_ADC_XY:AMuxHw_2_Decoder_old_id_1\ and not \JOYSTICK_ADC_XY:ch_addr_1\ and \JOYSTICK_ADC_XY:AMuxHw_2_Decoder_old_id_2\ and \JOYSTICK_ADC_XY:ch_addr_2\ and \JOYSTICK_ADC_XY:AMuxHw_2_Decoder_old_id_0\ and \JOYSTICK_ADC_XY:ch_addr_0\)
	OR (not \JOYSTICK_ADC_XY:AMuxHw_2_Decoder_old_id_4\ and not \JOYSTICK_ADC_XY:ch_addr_4\ and not \JOYSTICK_ADC_XY:AMuxHw_2_Decoder_old_id_3\ and not \JOYSTICK_ADC_XY:ch_addr_3\ and not \JOYSTICK_ADC_XY:AMuxHw_2_Decoder_old_id_1\ and not \JOYSTICK_ADC_XY:ch_addr_1\ and \JOYSTICK_ADC_XY:AMuxHw_2_Decoder_old_id_5\ and \JOYSTICK_ADC_XY:ch_addr_5\ and \JOYSTICK_ADC_XY:AMuxHw_2_Decoder_old_id_2\ and \JOYSTICK_ADC_XY:ch_addr_2\ and \JOYSTICK_ADC_XY:AMuxHw_2_Decoder_old_id_0\ and \JOYSTICK_ADC_XY:ch_addr_0\)
	OR (not \JOYSTICK_ADC_XY:AMuxHw_2_Decoder_old_id_5\ and not \JOYSTICK_ADC_XY:ch_addr_5\ and not \JOYSTICK_ADC_XY:AMuxHw_2_Decoder_old_id_3\ and not \JOYSTICK_ADC_XY:ch_addr_3\ and not \JOYSTICK_ADC_XY:AMuxHw_2_Decoder_old_id_1\ and not \JOYSTICK_ADC_XY:ch_addr_1\ and \JOYSTICK_ADC_XY:AMuxHw_2_Decoder_old_id_4\ and \JOYSTICK_ADC_XY:ch_addr_4\ and \JOYSTICK_ADC_XY:AMuxHw_2_Decoder_old_id_2\ and \JOYSTICK_ADC_XY:ch_addr_2\ and \JOYSTICK_ADC_XY:AMuxHw_2_Decoder_old_id_0\ and \JOYSTICK_ADC_XY:ch_addr_0\)
	OR (not \JOYSTICK_ADC_XY:AMuxHw_2_Decoder_old_id_3\ and not \JOYSTICK_ADC_XY:ch_addr_3\ and not \JOYSTICK_ADC_XY:AMuxHw_2_Decoder_old_id_1\ and not \JOYSTICK_ADC_XY:ch_addr_1\ and \JOYSTICK_ADC_XY:AMuxHw_2_Decoder_old_id_5\ and \JOYSTICK_ADC_XY:ch_addr_5\ and \JOYSTICK_ADC_XY:AMuxHw_2_Decoder_old_id_4\ and \JOYSTICK_ADC_XY:ch_addr_4\ and \JOYSTICK_ADC_XY:AMuxHw_2_Decoder_old_id_2\ and \JOYSTICK_ADC_XY:ch_addr_2\ and \JOYSTICK_ADC_XY:AMuxHw_2_Decoder_old_id_0\ and \JOYSTICK_ADC_XY:ch_addr_0\)
	OR (not \JOYSTICK_ADC_XY:AMuxHw_2_Decoder_old_id_5\ and not \JOYSTICK_ADC_XY:ch_addr_5\ and not \JOYSTICK_ADC_XY:AMuxHw_2_Decoder_old_id_4\ and not \JOYSTICK_ADC_XY:ch_addr_4\ and not \JOYSTICK_ADC_XY:AMuxHw_2_Decoder_old_id_1\ and not \JOYSTICK_ADC_XY:ch_addr_1\ and \JOYSTICK_ADC_XY:AMuxHw_2_Decoder_old_id_3\ and \JOYSTICK_ADC_XY:ch_addr_3\ and \JOYSTICK_ADC_XY:AMuxHw_2_Decoder_old_id_2\ and \JOYSTICK_ADC_XY:ch_addr_2\ and \JOYSTICK_ADC_XY:AMuxHw_2_Decoder_old_id_0\ and \JOYSTICK_ADC_XY:ch_addr_0\)
	OR (not \JOYSTICK_ADC_XY:AMuxHw_2_Decoder_old_id_4\ and not \JOYSTICK_ADC_XY:ch_addr_4\ and not \JOYSTICK_ADC_XY:AMuxHw_2_Decoder_old_id_1\ and not \JOYSTICK_ADC_XY:ch_addr_1\ and \JOYSTICK_ADC_XY:AMuxHw_2_Decoder_old_id_5\ and \JOYSTICK_ADC_XY:ch_addr_5\ and \JOYSTICK_ADC_XY:AMuxHw_2_Decoder_old_id_3\ and \JOYSTICK_ADC_XY:ch_addr_3\ and \JOYSTICK_ADC_XY:AMuxHw_2_Decoder_old_id_2\ and \JOYSTICK_ADC_XY:ch_addr_2\ and \JOYSTICK_ADC_XY:AMuxHw_2_Decoder_old_id_0\ and \JOYSTICK_ADC_XY:ch_addr_0\)
	OR (not \JOYSTICK_ADC_XY:AMuxHw_2_Decoder_old_id_5\ and not \JOYSTICK_ADC_XY:ch_addr_5\ and not \JOYSTICK_ADC_XY:AMuxHw_2_Decoder_old_id_1\ and not \JOYSTICK_ADC_XY:ch_addr_1\ and \JOYSTICK_ADC_XY:AMuxHw_2_Decoder_old_id_4\ and \JOYSTICK_ADC_XY:ch_addr_4\ and \JOYSTICK_ADC_XY:AMuxHw_2_Decoder_old_id_3\ and \JOYSTICK_ADC_XY:ch_addr_3\ and \JOYSTICK_ADC_XY:AMuxHw_2_Decoder_old_id_2\ and \JOYSTICK_ADC_XY:ch_addr_2\ and \JOYSTICK_ADC_XY:AMuxHw_2_Decoder_old_id_0\ and \JOYSTICK_ADC_XY:ch_addr_0\)
	OR (not \JOYSTICK_ADC_XY:AMuxHw_2_Decoder_old_id_1\ and not \JOYSTICK_ADC_XY:ch_addr_1\ and \JOYSTICK_ADC_XY:AMuxHw_2_Decoder_old_id_5\ and \JOYSTICK_ADC_XY:ch_addr_5\ and \JOYSTICK_ADC_XY:AMuxHw_2_Decoder_old_id_4\ and \JOYSTICK_ADC_XY:ch_addr_4\ and \JOYSTICK_ADC_XY:AMuxHw_2_Decoder_old_id_3\ and \JOYSTICK_ADC_XY:ch_addr_3\ and \JOYSTICK_ADC_XY:AMuxHw_2_Decoder_old_id_2\ and \JOYSTICK_ADC_XY:ch_addr_2\ and \JOYSTICK_ADC_XY:AMuxHw_2_Decoder_old_id_0\ and \JOYSTICK_ADC_XY:ch_addr_0\)
	OR (not \JOYSTICK_ADC_XY:AMuxHw_2_Decoder_old_id_5\ and not \JOYSTICK_ADC_XY:ch_addr_5\ and not \JOYSTICK_ADC_XY:AMuxHw_2_Decoder_old_id_4\ and not \JOYSTICK_ADC_XY:ch_addr_4\ and not \JOYSTICK_ADC_XY:AMuxHw_2_Decoder_old_id_3\ and not \JOYSTICK_ADC_XY:ch_addr_3\ and not \JOYSTICK_ADC_XY:AMuxHw_2_Decoder_old_id_2\ and not \JOYSTICK_ADC_XY:ch_addr_2\ and \JOYSTICK_ADC_XY:AMuxHw_2_Decoder_old_id_1\ and \JOYSTICK_ADC_XY:ch_addr_1\ and \JOYSTICK_ADC_XY:AMuxHw_2_Decoder_old_id_0\ and \JOYSTICK_ADC_XY:ch_addr_0\)
	OR (not \JOYSTICK_ADC_XY:AMuxHw_2_Decoder_old_id_4\ and not \JOYSTICK_ADC_XY:ch_addr_4\ and not \JOYSTICK_ADC_XY:AMuxHw_2_Decoder_old_id_3\ and not \JOYSTICK_ADC_XY:ch_addr_3\ and not \JOYSTICK_ADC_XY:AMuxHw_2_Decoder_old_id_2\ and not \JOYSTICK_ADC_XY:ch_addr_2\ and \JOYSTICK_ADC_XY:AMuxHw_2_Decoder_old_id_5\ and \JOYSTICK_ADC_XY:ch_addr_5\ and \JOYSTICK_ADC_XY:AMuxHw_2_Decoder_old_id_1\ and \JOYSTICK_ADC_XY:ch_addr_1\ and \JOYSTICK_ADC_XY:AMuxHw_2_Decoder_old_id_0\ and \JOYSTICK_ADC_XY:ch_addr_0\)
	OR (not \JOYSTICK_ADC_XY:AMuxHw_2_Decoder_old_id_5\ and not \JOYSTICK_ADC_XY:ch_addr_5\ and not \JOYSTICK_ADC_XY:AMuxHw_2_Decoder_old_id_3\ and not \JOYSTICK_ADC_XY:ch_addr_3\ and not \JOYSTICK_ADC_XY:AMuxHw_2_Decoder_old_id_2\ and not \JOYSTICK_ADC_XY:ch_addr_2\ and \JOYSTICK_ADC_XY:AMuxHw_2_Decoder_old_id_4\ and \JOYSTICK_ADC_XY:ch_addr_4\ and \JOYSTICK_ADC_XY:AMuxHw_2_Decoder_old_id_1\ and \JOYSTICK_ADC_XY:ch_addr_1\ and \JOYSTICK_ADC_XY:AMuxHw_2_Decoder_old_id_0\ and \JOYSTICK_ADC_XY:ch_addr_0\)
	OR (not \JOYSTICK_ADC_XY:AMuxHw_2_Decoder_old_id_3\ and not \JOYSTICK_ADC_XY:ch_addr_3\ and not \JOYSTICK_ADC_XY:AMuxHw_2_Decoder_old_id_2\ and not \JOYSTICK_ADC_XY:ch_addr_2\ and \JOYSTICK_ADC_XY:AMuxHw_2_Decoder_old_id_5\ and \JOYSTICK_ADC_XY:ch_addr_5\ and \JOYSTICK_ADC_XY:AMuxHw_2_Decoder_old_id_4\ and \JOYSTICK_ADC_XY:ch_addr_4\ and \JOYSTICK_ADC_XY:AMuxHw_2_Decoder_old_id_1\ and \JOYSTICK_ADC_XY:ch_addr_1\ and \JOYSTICK_ADC_XY:AMuxHw_2_Decoder_old_id_0\ and \JOYSTICK_ADC_XY:ch_addr_0\)
	OR (not \JOYSTICK_ADC_XY:AMuxHw_2_Decoder_old_id_5\ and not \JOYSTICK_ADC_XY:ch_addr_5\ and not \JOYSTICK_ADC_XY:AMuxHw_2_Decoder_old_id_4\ and not \JOYSTICK_ADC_XY:ch_addr_4\ and not \JOYSTICK_ADC_XY:AMuxHw_2_Decoder_old_id_2\ and not \JOYSTICK_ADC_XY:ch_addr_2\ and \JOYSTICK_ADC_XY:AMuxHw_2_Decoder_old_id_3\ and \JOYSTICK_ADC_XY:ch_addr_3\ and \JOYSTICK_ADC_XY:AMuxHw_2_Decoder_old_id_1\ and \JOYSTICK_ADC_XY:ch_addr_1\ and \JOYSTICK_ADC_XY:AMuxHw_2_Decoder_old_id_0\ and \JOYSTICK_ADC_XY:ch_addr_0\)
	OR (not \JOYSTICK_ADC_XY:AMuxHw_2_Decoder_old_id_4\ and not \JOYSTICK_ADC_XY:ch_addr_4\ and not \JOYSTICK_ADC_XY:AMuxHw_2_Decoder_old_id_2\ and not \JOYSTICK_ADC_XY:ch_addr_2\ and \JOYSTICK_ADC_XY:AMuxHw_2_Decoder_old_id_5\ and \JOYSTICK_ADC_XY:ch_addr_5\ and \JOYSTICK_ADC_XY:AMuxHw_2_Decoder_old_id_3\ and \JOYSTICK_ADC_XY:ch_addr_3\ and \JOYSTICK_ADC_XY:AMuxHw_2_Decoder_old_id_1\ and \JOYSTICK_ADC_XY:ch_addr_1\ and \JOYSTICK_ADC_XY:AMuxHw_2_Decoder_old_id_0\ and \JOYSTICK_ADC_XY:ch_addr_0\)
	OR (not \JOYSTICK_ADC_XY:AMuxHw_2_Decoder_old_id_5\ and not \JOYSTICK_ADC_XY:ch_addr_5\ and not \JOYSTICK_ADC_XY:AMuxHw_2_Decoder_old_id_2\ and not \JOYSTICK_ADC_XY:ch_addr_2\ and \JOYSTICK_ADC_XY:AMuxHw_2_Decoder_old_id_4\ and \JOYSTICK_ADC_XY:ch_addr_4\ and \JOYSTICK_ADC_XY:AMuxHw_2_Decoder_old_id_3\ and \JOYSTICK_ADC_XY:ch_addr_3\ and \JOYSTICK_ADC_XY:AMuxHw_2_Decoder_old_id_1\ and \JOYSTICK_ADC_XY:ch_addr_1\ and \JOYSTICK_ADC_XY:AMuxHw_2_Decoder_old_id_0\ and \JOYSTICK_ADC_XY:ch_addr_0\)
	OR (not \JOYSTICK_ADC_XY:AMuxHw_2_Decoder_old_id_2\ and not \JOYSTICK_ADC_XY:ch_addr_2\ and \JOYSTICK_ADC_XY:AMuxHw_2_Decoder_old_id_5\ and \JOYSTICK_ADC_XY:ch_addr_5\ and \JOYSTICK_ADC_XY:AMuxHw_2_Decoder_old_id_4\ and \JOYSTICK_ADC_XY:ch_addr_4\ and \JOYSTICK_ADC_XY:AMuxHw_2_Decoder_old_id_3\ and \JOYSTICK_ADC_XY:ch_addr_3\ and \JOYSTICK_ADC_XY:AMuxHw_2_Decoder_old_id_1\ and \JOYSTICK_ADC_XY:ch_addr_1\ and \JOYSTICK_ADC_XY:AMuxHw_2_Decoder_old_id_0\ and \JOYSTICK_ADC_XY:ch_addr_0\)
	OR (not \JOYSTICK_ADC_XY:AMuxHw_2_Decoder_old_id_5\ and not \JOYSTICK_ADC_XY:ch_addr_5\ and not \JOYSTICK_ADC_XY:AMuxHw_2_Decoder_old_id_4\ and not \JOYSTICK_ADC_XY:ch_addr_4\ and not \JOYSTICK_ADC_XY:AMuxHw_2_Decoder_old_id_3\ and not \JOYSTICK_ADC_XY:ch_addr_3\ and \JOYSTICK_ADC_XY:AMuxHw_2_Decoder_old_id_2\ and \JOYSTICK_ADC_XY:ch_addr_2\ and \JOYSTICK_ADC_XY:AMuxHw_2_Decoder_old_id_1\ and \JOYSTICK_ADC_XY:ch_addr_1\ and \JOYSTICK_ADC_XY:AMuxHw_2_Decoder_old_id_0\ and \JOYSTICK_ADC_XY:ch_addr_0\)
	OR (not \JOYSTICK_ADC_XY:AMuxHw_2_Decoder_old_id_4\ and not \JOYSTICK_ADC_XY:ch_addr_4\ and not \JOYSTICK_ADC_XY:AMuxHw_2_Decoder_old_id_3\ and not \JOYSTICK_ADC_XY:ch_addr_3\ and \JOYSTICK_ADC_XY:AMuxHw_2_Decoder_old_id_5\ and \JOYSTICK_ADC_XY:ch_addr_5\ and \JOYSTICK_ADC_XY:AMuxHw_2_Decoder_old_id_2\ and \JOYSTICK_ADC_XY:ch_addr_2\ and \JOYSTICK_ADC_XY:AMuxHw_2_Decoder_old_id_1\ and \JOYSTICK_ADC_XY:ch_addr_1\ and \JOYSTICK_ADC_XY:AMuxHw_2_Decoder_old_id_0\ and \JOYSTICK_ADC_XY:ch_addr_0\)
	OR (not \JOYSTICK_ADC_XY:AMuxHw_2_Decoder_old_id_5\ and not \JOYSTICK_ADC_XY:ch_addr_5\ and not \JOYSTICK_ADC_XY:AMuxHw_2_Decoder_old_id_3\ and not \JOYSTICK_ADC_XY:ch_addr_3\ and \JOYSTICK_ADC_XY:AMuxHw_2_Decoder_old_id_4\ and \JOYSTICK_ADC_XY:ch_addr_4\ and \JOYSTICK_ADC_XY:AMuxHw_2_Decoder_old_id_2\ and \JOYSTICK_ADC_XY:ch_addr_2\ and \JOYSTICK_ADC_XY:AMuxHw_2_Decoder_old_id_1\ and \JOYSTICK_ADC_XY:ch_addr_1\ and \JOYSTICK_ADC_XY:AMuxHw_2_Decoder_old_id_0\ and \JOYSTICK_ADC_XY:ch_addr_0\)
	OR (not \JOYSTICK_ADC_XY:AMuxHw_2_Decoder_old_id_3\ and not \JOYSTICK_ADC_XY:ch_addr_3\ and \JOYSTICK_ADC_XY:AMuxHw_2_Decoder_old_id_5\ and \JOYSTICK_ADC_XY:ch_addr_5\ and \JOYSTICK_ADC_XY:AMuxHw_2_Decoder_old_id_4\ and \JOYSTICK_ADC_XY:ch_addr_4\ and \JOYSTICK_ADC_XY:AMuxHw_2_Decoder_old_id_2\ and \JOYSTICK_ADC_XY:ch_addr_2\ and \JOYSTICK_ADC_XY:AMuxHw_2_Decoder_old_id_1\ and \JOYSTICK_ADC_XY:ch_addr_1\ and \JOYSTICK_ADC_XY:AMuxHw_2_Decoder_old_id_0\ and \JOYSTICK_ADC_XY:ch_addr_0\)
	OR (not \JOYSTICK_ADC_XY:AMuxHw_2_Decoder_old_id_5\ and not \JOYSTICK_ADC_XY:ch_addr_5\ and not \JOYSTICK_ADC_XY:AMuxHw_2_Decoder_old_id_4\ and not \JOYSTICK_ADC_XY:ch_addr_4\ and \JOYSTICK_ADC_XY:AMuxHw_2_Decoder_old_id_3\ and \JOYSTICK_ADC_XY:ch_addr_3\ and \JOYSTICK_ADC_XY:AMuxHw_2_Decoder_old_id_2\ and \JOYSTICK_ADC_XY:ch_addr_2\ and \JOYSTICK_ADC_XY:AMuxHw_2_Decoder_old_id_1\ and \JOYSTICK_ADC_XY:ch_addr_1\ and \JOYSTICK_ADC_XY:AMuxHw_2_Decoder_old_id_0\ and \JOYSTICK_ADC_XY:ch_addr_0\)
	OR (not \JOYSTICK_ADC_XY:AMuxHw_2_Decoder_old_id_4\ and not \JOYSTICK_ADC_XY:ch_addr_4\ and \JOYSTICK_ADC_XY:AMuxHw_2_Decoder_old_id_5\ and \JOYSTICK_ADC_XY:ch_addr_5\ and \JOYSTICK_ADC_XY:AMuxHw_2_Decoder_old_id_3\ and \JOYSTICK_ADC_XY:ch_addr_3\ and \JOYSTICK_ADC_XY:AMuxHw_2_Decoder_old_id_2\ and \JOYSTICK_ADC_XY:ch_addr_2\ and \JOYSTICK_ADC_XY:AMuxHw_2_Decoder_old_id_1\ and \JOYSTICK_ADC_XY:ch_addr_1\ and \JOYSTICK_ADC_XY:AMuxHw_2_Decoder_old_id_0\ and \JOYSTICK_ADC_XY:ch_addr_0\)
	OR (not \JOYSTICK_ADC_XY:AMuxHw_2_Decoder_old_id_5\ and not \JOYSTICK_ADC_XY:ch_addr_5\ and \JOYSTICK_ADC_XY:AMuxHw_2_Decoder_old_id_4\ and \JOYSTICK_ADC_XY:ch_addr_4\ and \JOYSTICK_ADC_XY:AMuxHw_2_Decoder_old_id_3\ and \JOYSTICK_ADC_XY:ch_addr_3\ and \JOYSTICK_ADC_XY:AMuxHw_2_Decoder_old_id_2\ and \JOYSTICK_ADC_XY:ch_addr_2\ and \JOYSTICK_ADC_XY:AMuxHw_2_Decoder_old_id_1\ and \JOYSTICK_ADC_XY:ch_addr_1\ and \JOYSTICK_ADC_XY:AMuxHw_2_Decoder_old_id_0\ and \JOYSTICK_ADC_XY:ch_addr_0\)
	OR (\JOYSTICK_ADC_XY:AMuxHw_2_Decoder_old_id_5\ and \JOYSTICK_ADC_XY:ch_addr_5\ and \JOYSTICK_ADC_XY:AMuxHw_2_Decoder_old_id_4\ and \JOYSTICK_ADC_XY:ch_addr_4\ and \JOYSTICK_ADC_XY:AMuxHw_2_Decoder_old_id_3\ and \JOYSTICK_ADC_XY:ch_addr_3\ and \JOYSTICK_ADC_XY:AMuxHw_2_Decoder_old_id_2\ and \JOYSTICK_ADC_XY:ch_addr_2\ and \JOYSTICK_ADC_XY:AMuxHw_2_Decoder_old_id_1\ and \JOYSTICK_ADC_XY:ch_addr_1\ and \JOYSTICK_ADC_XY:AMuxHw_2_Decoder_old_id_0\ and \JOYSTICK_ADC_XY:ch_addr_0\));


Substituting virtuals - pass 3:

Note:  Expanding virtual equation for '\UART_LOG:BUART:rx_postpoll\' (cost = 72):
\UART_LOG:BUART:rx_postpoll\ <= (\UART_LOG:BUART:pollcount_1\
	OR (Net_1845 and \UART_LOG:BUART:pollcount_0\));

Note:  Expanding virtual equation for '\UART_LOG:BUART:sRX:MODULE_6:g1:a0:gx:u0:xnor_array_0\' (cost = 4):
\UART_LOG:BUART:sRX:MODULE_6:g1:a0:gx:u0:xnor_array_0\ <= ((not Net_1845 and not \UART_LOG:BUART:pollcount_1\ and not \UART_LOG:BUART:rx_parity_bit\)
	OR (not \UART_LOG:BUART:pollcount_1\ and not \UART_LOG:BUART:pollcount_0\ and not \UART_LOG:BUART:rx_parity_bit\)
	OR (\UART_LOG:BUART:pollcount_1\ and \UART_LOG:BUART:rx_parity_bit\)
	OR (Net_1845 and \UART_LOG:BUART:pollcount_0\ and \UART_LOG:BUART:rx_parity_bit\));

Note:  Expanding virtual equation for '\UART_LOG:BUART:sRX:MODULE_6:g1:a0:gx:u0:aeqb_1\' (cost = 4):
\UART_LOG:BUART:sRX:MODULE_6:g1:a0:gx:u0:aeqb_1\ <= ((not Net_1845 and not \UART_LOG:BUART:pollcount_1\ and not \UART_LOG:BUART:rx_parity_bit\)
	OR (not \UART_LOG:BUART:pollcount_1\ and not \UART_LOG:BUART:pollcount_0\ and not \UART_LOG:BUART:rx_parity_bit\)
	OR (\UART_LOG:BUART:pollcount_1\ and \UART_LOG:BUART:rx_parity_bit\)
	OR (Net_1845 and \UART_LOG:BUART:pollcount_0\ and \UART_LOG:BUART:rx_parity_bit\));

Note:  Expanding virtual equation for '\RGB_PWM_red:PWMUDB:MODULE_7:g2:a0:g1:z1:s0:g1:u0:c_19\' (cost = 0):
\RGB_PWM_red:PWMUDB:MODULE_7:g2:a0:g1:z1:s0:g1:u0:c_19\ <=  ('0') ;

Note:  Expanding virtual equation for '\RGB_PWM_red:PWMUDB:MODULE_7:g2:a0:g1:z1:s0:g1:u0:c_11\' (cost = 0):
\RGB_PWM_red:PWMUDB:MODULE_7:g2:a0:g1:z1:s0:g1:u0:c_11\ <=  ('0') ;

Note:  Expanding virtual equation for '\RGB_PWM_red:PWMUDB:MODULE_7:g2:a0:g1:z1:s0:g1:u0:c_4\' (cost = 0):
\RGB_PWM_red:PWMUDB:MODULE_7:g2:a0:g1:z1:s0:g1:u0:c_4\ <=  ('0') ;

Note:  Expanding virtual equation for '\RGB_PWM_green:PWMUDB:MODULE_8:g2:a0:g1:z1:s0:g1:u0:c_19\' (cost = 0):
\RGB_PWM_green:PWMUDB:MODULE_8:g2:a0:g1:z1:s0:g1:u0:c_19\ <=  ('0') ;

Note:  Expanding virtual equation for '\RGB_PWM_green:PWMUDB:MODULE_8:g2:a0:g1:z1:s0:g1:u0:c_11\' (cost = 0):
\RGB_PWM_green:PWMUDB:MODULE_8:g2:a0:g1:z1:s0:g1:u0:c_11\ <=  ('0') ;

Note:  Expanding virtual equation for '\RGB_PWM_green:PWMUDB:MODULE_8:g2:a0:g1:z1:s0:g1:u0:c_4\' (cost = 0):
\RGB_PWM_green:PWMUDB:MODULE_8:g2:a0:g1:z1:s0:g1:u0:c_4\ <=  ('0') ;

Note:  Expanding virtual equation for '\RGB_PWM_blue:PWMUDB:MODULE_9:g2:a0:g1:z1:s0:g1:u0:c_19\' (cost = 0):
\RGB_PWM_blue:PWMUDB:MODULE_9:g2:a0:g1:z1:s0:g1:u0:c_19\ <=  ('0') ;

Note:  Expanding virtual equation for '\RGB_PWM_blue:PWMUDB:MODULE_9:g2:a0:g1:z1:s0:g1:u0:c_11\' (cost = 0):
\RGB_PWM_blue:PWMUDB:MODULE_9:g2:a0:g1:z1:s0:g1:u0:c_11\ <=  ('0') ;

Note:  Expanding virtual equation for '\RGB_PWM_blue:PWMUDB:MODULE_9:g2:a0:g1:z1:s0:g1:u0:c_4\' (cost = 0):
\RGB_PWM_blue:PWMUDB:MODULE_9:g2:a0:g1:z1:s0:g1:u0:c_4\ <=  ('0') ;

Note:  Virtual signal \JOYSTICK_ADC_XY:AMuxHw_2_Decoder_is_active\ with ( cost: 128 or cost_inv: -1)  > 90 or with size: 64 > 102 has been made a (soft) node.
\JOYSTICK_ADC_XY:AMuxHw_2_Decoder_is_active\ <= ((not \JOYSTICK_ADC_XY:AMuxHw_2_Decoder_old_id_5\ and not \JOYSTICK_ADC_XY:ch_addr_5\ and not \JOYSTICK_ADC_XY:AMuxHw_2_Decoder_old_id_4\ and not \JOYSTICK_ADC_XY:ch_addr_4\ and not \JOYSTICK_ADC_XY:AMuxHw_2_Decoder_old_id_3\ and not \JOYSTICK_ADC_XY:ch_addr_3\ and not \JOYSTICK_ADC_XY:AMuxHw_2_Decoder_old_id_2\ and not \JOYSTICK_ADC_XY:ch_addr_2\ and not \JOYSTICK_ADC_XY:AMuxHw_2_Decoder_old_id_1\ and not \JOYSTICK_ADC_XY:ch_addr_1\ and not \JOYSTICK_ADC_XY:AMuxHw_2_Decoder_old_id_0\ and not \JOYSTICK_ADC_XY:ch_addr_0\)
	OR (not \JOYSTICK_ADC_XY:AMuxHw_2_Decoder_old_id_4\ and not \JOYSTICK_ADC_XY:ch_addr_4\ and not \JOYSTICK_ADC_XY:AMuxHw_2_Decoder_old_id_3\ and not \JOYSTICK_ADC_XY:ch_addr_3\ and not \JOYSTICK_ADC_XY:AMuxHw_2_Decoder_old_id_2\ and not \JOYSTICK_ADC_XY:ch_addr_2\ and not \JOYSTICK_ADC_XY:AMuxHw_2_Decoder_old_id_1\ and not \JOYSTICK_ADC_XY:ch_addr_1\ and not \JOYSTICK_ADC_XY:AMuxHw_2_Decoder_old_id_0\ and not \JOYSTICK_ADC_XY:ch_addr_0\ and \JOYSTICK_ADC_XY:AMuxHw_2_Decoder_old_id_5\ and \JOYSTICK_ADC_XY:ch_addr_5\)
	OR (not \JOYSTICK_ADC_XY:AMuxHw_2_Decoder_old_id_5\ and not \JOYSTICK_ADC_XY:ch_addr_5\ and not \JOYSTICK_ADC_XY:AMuxHw_2_Decoder_old_id_3\ and not \JOYSTICK_ADC_XY:ch_addr_3\ and not \JOYSTICK_ADC_XY:AMuxHw_2_Decoder_old_id_2\ and not \JOYSTICK_ADC_XY:ch_addr_2\ and not \JOYSTICK_ADC_XY:AMuxHw_2_Decoder_old_id_1\ and not \JOYSTICK_ADC_XY:ch_addr_1\ and not \JOYSTICK_ADC_XY:AMuxHw_2_Decoder_old_id_0\ and not \JOYSTICK_ADC_XY:ch_addr_0\ and \JOYSTICK_ADC_XY:AMuxHw_2_Decoder_old_id_4\ and \JOYSTICK_ADC_XY:ch_addr_4\)
	OR (not \JOYSTICK_ADC_XY:AMuxHw_2_Decoder_old_id_3\ and not \JOYSTICK_ADC_XY:ch_addr_3\ and not \JOYSTICK_ADC_XY:AMuxHw_2_Decoder_old_id_2\ and not \JOYSTICK_ADC_XY:ch_addr_2\ and not \JOYSTICK_ADC_XY:AMuxHw_2_Decoder_old_id_1\ and not \JOYSTICK_ADC_XY:ch_addr_1\ and not \JOYSTICK_ADC_XY:AMuxHw_2_Decoder_old_id_0\ and not \JOYSTICK_ADC_XY:ch_addr_0\ and \JOYSTICK_ADC_XY:AMuxHw_2_Decoder_old_id_5\ and \JOYSTICK_ADC_XY:ch_addr_5\ and \JOYSTICK_ADC_XY:AMuxHw_2_Decoder_old_id_4\ and \JOYSTICK_ADC_XY:ch_addr_4\)
	OR (not \JOYSTICK_ADC_XY:AMuxHw_2_Decoder_old_id_5\ and not \JOYSTICK_ADC_XY:ch_addr_5\ and not \JOYSTICK_ADC_XY:AMuxHw_2_Decoder_old_id_4\ and not \JOYSTICK_ADC_XY:ch_addr_4\ and not \JOYSTICK_ADC_XY:AMuxHw_2_Decoder_old_id_2\ and not \JOYSTICK_ADC_XY:ch_addr_2\ and not \JOYSTICK_ADC_XY:AMuxHw_2_Decoder_old_id_1\ and not \JOYSTICK_ADC_XY:ch_addr_1\ and not \JOYSTICK_ADC_XY:AMuxHw_2_Decoder_old_id_0\ and not \JOYSTICK_ADC_XY:ch_addr_0\ and \JOYSTICK_ADC_XY:AMuxHw_2_Decoder_old_id_3\ and \JOYSTICK_ADC_XY:ch_addr_3\)
	OR (not \JOYSTICK_ADC_XY:AMuxHw_2_Decoder_old_id_4\ and not \JOYSTICK_ADC_XY:ch_addr_4\ and not \JOYSTICK_ADC_XY:AMuxHw_2_Decoder_old_id_2\ and not \JOYSTICK_ADC_XY:ch_addr_2\ and not \JOYSTICK_ADC_XY:AMuxHw_2_Decoder_old_id_1\ and not \JOYSTICK_ADC_XY:ch_addr_1\ and not \JOYSTICK_ADC_XY:AMuxHw_2_Decoder_old_id_0\ and not \JOYSTICK_ADC_XY:ch_addr_0\ and \JOYSTICK_ADC_XY:AMuxHw_2_Decoder_old_id_5\ and \JOYSTICK_ADC_XY:ch_addr_5\ and \JOYSTICK_ADC_XY:AMuxHw_2_Decoder_old_id_3\ and \JOYSTICK_ADC_XY:ch_addr_3\)
	OR (not \JOYSTICK_ADC_XY:AMuxHw_2_Decoder_old_id_5\ and not \JOYSTICK_ADC_XY:ch_addr_5\ and not \JOYSTICK_ADC_XY:AMuxHw_2_Decoder_old_id_2\ and not \JOYSTICK_ADC_XY:ch_addr_2\ and not \JOYSTICK_ADC_XY:AMuxHw_2_Decoder_old_id_1\ and not \JOYSTICK_ADC_XY:ch_addr_1\ and not \JOYSTICK_ADC_XY:AMuxHw_2_Decoder_old_id_0\ and not \JOYSTICK_ADC_XY:ch_addr_0\ and \JOYSTICK_ADC_XY:AMuxHw_2_Decoder_old_id_4\ and \JOYSTICK_ADC_XY:ch_addr_4\ and \JOYSTICK_ADC_XY:AMuxHw_2_Decoder_old_id_3\ and \JOYSTICK_ADC_XY:ch_addr_3\)
	OR (not \JOYSTICK_ADC_XY:AMuxHw_2_Decoder_old_id_2\ and not \JOYSTICK_ADC_XY:ch_addr_2\ and not \JOYSTICK_ADC_XY:AMuxHw_2_Decoder_old_id_1\ and not \JOYSTICK_ADC_XY:ch_addr_1\ and not \JOYSTICK_ADC_XY:AMuxHw_2_Decoder_old_id_0\ and not \JOYSTICK_ADC_XY:ch_addr_0\ and \JOYSTICK_ADC_XY:AMuxHw_2_Decoder_old_id_5\ and \JOYSTICK_ADC_XY:ch_addr_5\ and \JOYSTICK_ADC_XY:AMuxHw_2_Decoder_old_id_4\ and \JOYSTICK_ADC_XY:ch_addr_4\ and \JOYSTICK_ADC_XY:AMuxHw_2_Decoder_old_id_3\ and \JOYSTICK_ADC_XY:ch_addr_3\)
	OR (not \JOYSTICK_ADC_XY:AMuxHw_2_Decoder_old_id_5\ and not \JOYSTICK_ADC_XY:ch_addr_5\ and not \JOYSTICK_ADC_XY:AMuxHw_2_Decoder_old_id_4\ and not \JOYSTICK_ADC_XY:ch_addr_4\ and not \JOYSTICK_ADC_XY:AMuxHw_2_Decoder_old_id_3\ and not \JOYSTICK_ADC_XY:ch_addr_3\ and not \JOYSTICK_ADC_XY:AMuxHw_2_Decoder_old_id_1\ and not \JOYSTICK_ADC_XY:ch_addr_1\ and not \JOYSTICK_ADC_XY:AMuxHw_2_Decoder_old_id_0\ and not \JOYSTICK_ADC_XY:ch_addr_0\ and \JOYSTICK_ADC_XY:AMuxHw_2_Decoder_old_id_2\ and \JOYSTICK_ADC_XY:ch_addr_2\)
	OR (not \JOYSTICK_ADC_XY:AMuxHw_2_Decoder_old_id_4\ and not \JOYSTICK_ADC_XY:ch_addr_4\ and not \JOYSTICK_ADC_XY:AMuxHw_2_Decoder_old_id_3\ and not \JOYSTICK_ADC_XY:ch_addr_3\ and not \JOYSTICK_ADC_XY:AMuxHw_2_Decoder_old_id_1\ and not \JOYSTICK_ADC_XY:ch_addr_1\ and not \JOYSTICK_ADC_XY:AMuxHw_2_Decoder_old_id_0\ and not \JOYSTICK_ADC_XY:ch_addr_0\ and \JOYSTICK_ADC_XY:AMuxHw_2_Decoder_old_id_5\ and \JOYSTICK_ADC_XY:ch_addr_5\ and \JOYSTICK_ADC_XY:AMuxHw_2_Decoder_old_id_2\ and \JOYSTICK_ADC_XY:ch_addr_2\)
	OR (not \JOYSTICK_ADC_XY:AMuxHw_2_Decoder_old_id_5\ and not \JOYSTICK_ADC_XY:ch_addr_5\ and not \JOYSTICK_ADC_XY:AMuxHw_2_Decoder_old_id_3\ and not \JOYSTICK_ADC_XY:ch_addr_3\ and not \JOYSTICK_ADC_XY:AMuxHw_2_Decoder_old_id_1\ and not \JOYSTICK_ADC_XY:ch_addr_1\ and not \JOYSTICK_ADC_XY:AMuxHw_2_Decoder_old_id_0\ and not \JOYSTICK_ADC_XY:ch_addr_0\ and \JOYSTICK_ADC_XY:AMuxHw_2_Decoder_old_id_4\ and \JOYSTICK_ADC_XY:ch_addr_4\ and \JOYSTICK_ADC_XY:AMuxHw_2_Decoder_old_id_2\ and \JOYSTICK_ADC_XY:ch_addr_2\)
	OR (not \JOYSTICK_ADC_XY:AMuxHw_2_Decoder_old_id_3\ and not \JOYSTICK_ADC_XY:ch_addr_3\ and not \JOYSTICK_ADC_XY:AMuxHw_2_Decoder_old_id_1\ and not \JOYSTICK_ADC_XY:ch_addr_1\ and not \JOYSTICK_ADC_XY:AMuxHw_2_Decoder_old_id_0\ and not \JOYSTICK_ADC_XY:ch_addr_0\ and \JOYSTICK_ADC_XY:AMuxHw_2_Decoder_old_id_5\ and \JOYSTICK_ADC_XY:ch_addr_5\ and \JOYSTICK_ADC_XY:AMuxHw_2_Decoder_old_id_4\ and \JOYSTICK_ADC_XY:ch_addr_4\ and \JOYSTICK_ADC_XY:AMuxHw_2_Decoder_old_id_2\ and \JOYSTICK_ADC_XY:ch_addr_2\)
	OR (not \JOYSTICK_ADC_XY:AMuxHw_2_Decoder_old_id_5\ and not \JOYSTICK_ADC_XY:ch_addr_5\ and not \JOYSTICK_ADC_XY:AMuxHw_2_Decoder_old_id_4\ and not \JOYSTICK_ADC_XY:ch_addr_4\ and not \JOYSTICK_ADC_XY:AMuxHw_2_Decoder_old_id_1\ and not \JOYSTICK_ADC_XY:ch_addr_1\ and not \JOYSTICK_ADC_XY:AMuxHw_2_Decoder_old_id_0\ and not \JOYSTICK_ADC_XY:ch_addr_0\ and \JOYSTICK_ADC_XY:AMuxHw_2_Decoder_old_id_3\ and \JOYSTICK_ADC_XY:ch_addr_3\ and \JOYSTICK_ADC_XY:AMuxHw_2_Decoder_old_id_2\ and \JOYSTICK_ADC_XY:ch_addr_2\)
	OR (not \JOYSTICK_ADC_XY:AMuxHw_2_Decoder_old_id_4\ and not \JOYSTICK_ADC_XY:ch_addr_4\ and not \JOYSTICK_ADC_XY:AMuxHw_2_Decoder_old_id_1\ and not \JOYSTICK_ADC_XY:ch_addr_1\ and not \JOYSTICK_ADC_XY:AMuxHw_2_Decoder_old_id_0\ and not \JOYSTICK_ADC_XY:ch_addr_0\ and \JOYSTICK_ADC_XY:AMuxHw_2_Decoder_old_id_5\ and \JOYSTICK_ADC_XY:ch_addr_5\ and \JOYSTICK_ADC_XY:AMuxHw_2_Decoder_old_id_3\ and \JOYSTICK_ADC_XY:ch_addr_3\ and \JOYSTICK_ADC_XY:AMuxHw_2_Decoder_old_id_2\ and \JOYSTICK_ADC_XY:ch_addr_2\)
	OR (not \JOYSTICK_ADC_XY:AMuxHw_2_Decoder_old_id_5\ and not \JOYSTICK_ADC_XY:ch_addr_5\ and not \JOYSTICK_ADC_XY:AMuxHw_2_Decoder_old_id_1\ and not \JOYSTICK_ADC_XY:ch_addr_1\ and not \JOYSTICK_ADC_XY:AMuxHw_2_Decoder_old_id_0\ and not \JOYSTICK_ADC_XY:ch_addr_0\ and \JOYSTICK_ADC_XY:AMuxHw_2_Decoder_old_id_4\ and \JOYSTICK_ADC_XY:ch_addr_4\ and \JOYSTICK_ADC_XY:AMuxHw_2_Decoder_old_id_3\ and \JOYSTICK_ADC_XY:ch_addr_3\ and \JOYSTICK_ADC_XY:AMuxHw_2_Decoder_old_id_2\ and \JOYSTICK_ADC_XY:ch_addr_2\)
	OR (not \JOYSTICK_ADC_XY:AMuxHw_2_Decoder_old_id_1\ and not \JOYSTICK_ADC_XY:ch_addr_1\ and not \JOYSTICK_ADC_XY:AMuxHw_2_Decoder_old_id_0\ and not \JOYSTICK_ADC_XY:ch_addr_0\ and \JOYSTICK_ADC_XY:AMuxHw_2_Decoder_old_id_5\ and \JOYSTICK_ADC_XY:ch_addr_5\ and \JOYSTICK_ADC_XY:AMuxHw_2_Decoder_old_id_4\ and \JOYSTICK_ADC_XY:ch_addr_4\ and \JOYSTICK_ADC_XY:AMuxHw_2_Decoder_old_id_3\ and \JOYSTICK_ADC_XY:ch_addr_3\ and \JOYSTICK_ADC_XY:AMuxHw_2_Decoder_old_id_2\ and \JOYSTICK_ADC_XY:ch_addr_2\)
	OR (not \JOYSTICK_ADC_XY:AMuxHw_2_Decoder_old_id_5\ and not \JOYSTICK_ADC_XY:ch_addr_5\ and not \JOYSTICK_ADC_XY:AMuxHw_2_Decoder_old_id_4\ and not \JOYSTICK_ADC_XY:ch_addr_4\ and not \JOYSTICK_ADC_XY:AMuxHw_2_Decoder_old_id_3\ and not \JOYSTICK_ADC_XY:ch_addr_3\ and not \JOYSTICK_ADC_XY:AMuxHw_2_Decoder_old_id_2\ and not \JOYSTICK_ADC_XY:ch_addr_2\ and not \JOYSTICK_ADC_XY:AMuxHw_2_Decoder_old_id_0\ and not \JOYSTICK_ADC_XY:ch_addr_0\ and \JOYSTICK_ADC_XY:AMuxHw_2_Decoder_old_id_1\ and \JOYSTICK_ADC_XY:ch_addr_1\)
	OR (not \JOYSTICK_ADC_XY:AMuxHw_2_Decoder_old_id_4\ and not \JOYSTICK_ADC_XY:ch_addr_4\ and not \JOYSTICK_ADC_XY:AMuxHw_2_Decoder_old_id_3\ and not \JOYSTICK_ADC_XY:ch_addr_3\ and not \JOYSTICK_ADC_XY:AMuxHw_2_Decoder_old_id_2\ and not \JOYSTICK_ADC_XY:ch_addr_2\ and not \JOYSTICK_ADC_XY:AMuxHw_2_Decoder_old_id_0\ and not \JOYSTICK_ADC_XY:ch_addr_0\ and \JOYSTICK_ADC_XY:AMuxHw_2_Decoder_old_id_5\ and \JOYSTICK_ADC_XY:ch_addr_5\ and \JOYSTICK_ADC_XY:AMuxHw_2_Decoder_old_id_1\ and \JOYSTICK_ADC_XY:ch_addr_1\)
	OR (not \JOYSTICK_ADC_XY:AMuxHw_2_Decoder_old_id_5\ and not \JOYSTICK_ADC_XY:ch_addr_5\ and not \JOYSTICK_ADC_XY:AMuxHw_2_Decoder_old_id_3\ and not \JOYSTICK_ADC_XY:ch_addr_3\ and not \JOYSTICK_ADC_XY:AMuxHw_2_Decoder_old_id_2\ and not \JOYSTICK_ADC_XY:ch_addr_2\ and not \JOYSTICK_ADC_XY:AMuxHw_2_Decoder_old_id_0\ and not \JOYSTICK_ADC_XY:ch_addr_0\ and \JOYSTICK_ADC_XY:AMuxHw_2_Decoder_old_id_4\ and \JOYSTICK_ADC_XY:ch_addr_4\ and \JOYSTICK_ADC_XY:AMuxHw_2_Decoder_old_id_1\ and \JOYSTICK_ADC_XY:ch_addr_1\)
	OR (not \JOYSTICK_ADC_XY:AMuxHw_2_Decoder_old_id_3\ and not \JOYSTICK_ADC_XY:ch_addr_3\ and not \JOYSTICK_ADC_XY:AMuxHw_2_Decoder_old_id_2\ and not \JOYSTICK_ADC_XY:ch_addr_2\ and not \JOYSTICK_ADC_XY:AMuxHw_2_Decoder_old_id_0\ and not \JOYSTICK_ADC_XY:ch_addr_0\ and \JOYSTICK_ADC_XY:AMuxHw_2_Decoder_old_id_5\ and \JOYSTICK_ADC_XY:ch_addr_5\ and \JOYSTICK_ADC_XY:AMuxHw_2_Decoder_old_id_4\ and \JOYSTICK_ADC_XY:ch_addr_4\ and \JOYSTICK_ADC_XY:AMuxHw_2_Decoder_old_id_1\ and \JOYSTICK_ADC_XY:ch_addr_1\)
	OR (not \JOYSTICK_ADC_XY:AMuxHw_2_Decoder_old_id_5\ and not \JOYSTICK_ADC_XY:ch_addr_5\ and not \JOYSTICK_ADC_XY:AMuxHw_2_Decoder_old_id_4\ and not \JOYSTICK_ADC_XY:ch_addr_4\ and not \JOYSTICK_ADC_XY:AMuxHw_2_Decoder_old_id_2\ and not \JOYSTICK_ADC_XY:ch_addr_2\ and not \JOYSTICK_ADC_XY:AMuxHw_2_Decoder_old_id_0\ and not \JOYSTICK_ADC_XY:ch_addr_0\ and \JOYSTICK_ADC_XY:AMuxHw_2_Decoder_old_id_3\ and \JOYSTICK_ADC_XY:ch_addr_3\ and \JOYSTICK_ADC_XY:AMuxHw_2_Decoder_old_id_1\ and \JOYSTICK_ADC_XY:ch_addr_1\)
	OR (not \JOYSTICK_ADC_XY:AMuxHw_2_Decoder_old_id_4\ and not \JOYSTICK_ADC_XY:ch_addr_4\ and not \JOYSTICK_ADC_XY:AMuxHw_2_Decoder_old_id_2\ and not \JOYSTICK_ADC_XY:ch_addr_2\ and not \JOYSTICK_ADC_XY:AMuxHw_2_Decoder_old_id_0\ and not \JOYSTICK_ADC_XY:ch_addr_0\ and \JOYSTICK_ADC_XY:AMuxHw_2_Decoder_old_id_5\ and \JOYSTICK_ADC_XY:ch_addr_5\ and \JOYSTICK_ADC_XY:AMuxHw_2_Decoder_old_id_3\ and \JOYSTICK_ADC_XY:ch_addr_3\ and \JOYSTICK_ADC_XY:AMuxHw_2_Decoder_old_id_1\ and \JOYSTICK_ADC_XY:ch_addr_1\)
	OR (not \JOYSTICK_ADC_XY:AMuxHw_2_Decoder_old_id_5\ and not \JOYSTICK_ADC_XY:ch_addr_5\ and not \JOYSTICK_ADC_XY:AMuxHw_2_Decoder_old_id_2\ and not \JOYSTICK_ADC_XY:ch_addr_2\ and not \JOYSTICK_ADC_XY:AMuxHw_2_Decoder_old_id_0\ and not \JOYSTICK_ADC_XY:ch_addr_0\ and \JOYSTICK_ADC_XY:AMuxHw_2_Decoder_old_id_4\ and \JOYSTICK_ADC_XY:ch_addr_4\ and \JOYSTICK_ADC_XY:AMuxHw_2_Decoder_old_id_3\ and \JOYSTICK_ADC_XY:ch_addr_3\ and \JOYSTICK_ADC_XY:AMuxHw_2_Decoder_old_id_1\ and \JOYSTICK_ADC_XY:ch_addr_1\)
	OR (not \JOYSTICK_ADC_XY:AMuxHw_2_Decoder_old_id_2\ and not \JOYSTICK_ADC_XY:ch_addr_2\ and not \JOYSTICK_ADC_XY:AMuxHw_2_Decoder_old_id_0\ and not \JOYSTICK_ADC_XY:ch_addr_0\ and \JOYSTICK_ADC_XY:AMuxHw_2_Decoder_old_id_5\ and \JOYSTICK_ADC_XY:ch_addr_5\ and \JOYSTICK_ADC_XY:AMuxHw_2_Decoder_old_id_4\ and \JOYSTICK_ADC_XY:ch_addr_4\ and \JOYSTICK_ADC_XY:AMuxHw_2_Decoder_old_id_3\ and \JOYSTICK_ADC_XY:ch_addr_3\ and \JOYSTICK_ADC_XY:AMuxHw_2_Decoder_old_id_1\ and \JOYSTICK_ADC_XY:ch_addr_1\)
	OR (not \JOYSTICK_ADC_XY:AMuxHw_2_Decoder_old_id_5\ and not \JOYSTICK_ADC_XY:ch_addr_5\ and not \JOYSTICK_ADC_XY:AMuxHw_2_Decoder_old_id_4\ and not \JOYSTICK_ADC_XY:ch_addr_4\ and not \JOYSTICK_ADC_XY:AMuxHw_2_Decoder_old_id_3\ and not \JOYSTICK_ADC_XY:ch_addr_3\ and not \JOYSTICK_ADC_XY:AMuxHw_2_Decoder_old_id_0\ and not \JOYSTICK_ADC_XY:ch_addr_0\ and \JOYSTICK_ADC_XY:AMuxHw_2_Decoder_old_id_2\ and \JOYSTICK_ADC_XY:ch_addr_2\ and \JOYSTICK_ADC_XY:AMuxHw_2_Decoder_old_id_1\ and \JOYSTICK_ADC_XY:ch_addr_1\)
	OR (not \JOYSTICK_ADC_XY:AMuxHw_2_Decoder_old_id_4\ and not \JOYSTICK_ADC_XY:ch_addr_4\ and not \JOYSTICK_ADC_XY:AMuxHw_2_Decoder_old_id_3\ and not \JOYSTICK_ADC_XY:ch_addr_3\ and not \JOYSTICK_ADC_XY:AMuxHw_2_Decoder_old_id_0\ and not \JOYSTICK_ADC_XY:ch_addr_0\ and \JOYSTICK_ADC_XY:AMuxHw_2_Decoder_old_id_5\ and \JOYSTICK_ADC_XY:ch_addr_5\ and \JOYSTICK_ADC_XY:AMuxHw_2_Decoder_old_id_2\ and \JOYSTICK_ADC_XY:ch_addr_2\ and \JOYSTICK_ADC_XY:AMuxHw_2_Decoder_old_id_1\ and \JOYSTICK_ADC_XY:ch_addr_1\)
	OR (not \JOYSTICK_ADC_XY:AMuxHw_2_Decoder_old_id_5\ and not \JOYSTICK_ADC_XY:ch_addr_5\ and not \JOYSTICK_ADC_XY:AMuxHw_2_Decoder_old_id_3\ and not \JOYSTICK_ADC_XY:ch_addr_3\ and not \JOYSTICK_ADC_XY:AMuxHw_2_Decoder_old_id_0\ and not \JOYSTICK_ADC_XY:ch_addr_0\ and \JOYSTICK_ADC_XY:AMuxHw_2_Decoder_old_id_4\ and \JOYSTICK_ADC_XY:ch_addr_4\ and \JOYSTICK_ADC_XY:AMuxHw_2_Decoder_old_id_2\ and \JOYSTICK_ADC_XY:ch_addr_2\ and \JOYSTICK_ADC_XY:AMuxHw_2_Decoder_old_id_1\ and \JOYSTICK_ADC_XY:ch_addr_1\)
	OR (not \JOYSTICK_ADC_XY:AMuxHw_2_Decoder_old_id_3\ and not \JOYSTICK_ADC_XY:ch_addr_3\ and not \JOYSTICK_ADC_XY:AMuxHw_2_Decoder_old_id_0\ and not \JOYSTICK_ADC_XY:ch_addr_0\ and \JOYSTICK_ADC_XY:AMuxHw_2_Decoder_old_id_5\ and \JOYSTICK_ADC_XY:ch_addr_5\ and \JOYSTICK_ADC_XY:AMuxHw_2_Decoder_old_id_4\ and \JOYSTICK_ADC_XY:ch_addr_4\ and \JOYSTICK_ADC_XY:AMuxHw_2_Decoder_old_id_2\ and \JOYSTICK_ADC_XY:ch_addr_2\ and \JOYSTICK_ADC_XY:AMuxHw_2_Decoder_old_id_1\ and \JOYSTICK_ADC_XY:ch_addr_1\)
	OR (not \JOYSTICK_ADC_XY:AMuxHw_2_Decoder_old_id_5\ and not \JOYSTICK_ADC_XY:ch_addr_5\ and not \JOYSTICK_ADC_XY:AMuxHw_2_Decoder_old_id_4\ and not \JOYSTICK_ADC_XY:ch_addr_4\ and not \JOYSTICK_ADC_XY:AMuxHw_2_Decoder_old_id_0\ and not \JOYSTICK_ADC_XY:ch_addr_0\ and \JOYSTICK_ADC_XY:AMuxHw_2_Decoder_old_id_3\ and \JOYSTICK_ADC_XY:ch_addr_3\ and \JOYSTICK_ADC_XY:AMuxHw_2_Decoder_old_id_2\ and \JOYSTICK_ADC_XY:ch_addr_2\ and \JOYSTICK_ADC_XY:AMuxHw_2_Decoder_old_id_1\ and \JOYSTICK_ADC_XY:ch_addr_1\)
	OR (not \JOYSTICK_ADC_XY:AMuxHw_2_Decoder_old_id_4\ and not \JOYSTICK_ADC_XY:ch_addr_4\ and not \JOYSTICK_ADC_XY:AMuxHw_2_Decoder_old_id_0\ and not \JOYSTICK_ADC_XY:ch_addr_0\ and \JOYSTICK_ADC_XY:AMuxHw_2_Decoder_old_id_5\ and \JOYSTICK_ADC_XY:ch_addr_5\ and \JOYSTICK_ADC_XY:AMuxHw_2_Decoder_old_id_3\ and \JOYSTICK_ADC_XY:ch_addr_3\ and \JOYSTICK_ADC_XY:AMuxHw_2_Decoder_old_id_2\ and \JOYSTICK_ADC_XY:ch_addr_2\ and \JOYSTICK_ADC_XY:AMuxHw_2_Decoder_old_id_1\ and \JOYSTICK_ADC_XY:ch_addr_1\)
	OR (not \JOYSTICK_ADC_XY:AMuxHw_2_Decoder_old_id_5\ and not \JOYSTICK_ADC_XY:ch_addr_5\ and not \JOYSTICK_ADC_XY:AMuxHw_2_Decoder_old_id_0\ and not \JOYSTICK_ADC_XY:ch_addr_0\ and \JOYSTICK_ADC_XY:AMuxHw_2_Decoder_old_id_4\ and \JOYSTICK_ADC_XY:ch_addr_4\ and \JOYSTICK_ADC_XY:AMuxHw_2_Decoder_old_id_3\ and \JOYSTICK_ADC_XY:ch_addr_3\ and \JOYSTICK_ADC_XY:AMuxHw_2_Decoder_old_id_2\ and \JOYSTICK_ADC_XY:ch_addr_2\ and \JOYSTICK_ADC_XY:AMuxHw_2_Decoder_old_id_1\ and \JOYSTICK_ADC_XY:ch_addr_1\)
	OR (not \JOYSTICK_ADC_XY:AMuxHw_2_Decoder_old_id_0\ and not \JOYSTICK_ADC_XY:ch_addr_0\ and \JOYSTICK_ADC_XY:AMuxHw_2_Decoder_old_id_5\ and \JOYSTICK_ADC_XY:ch_addr_5\ and \JOYSTICK_ADC_XY:AMuxHw_2_Decoder_old_id_4\ and \JOYSTICK_ADC_XY:ch_addr_4\ and \JOYSTICK_ADC_XY:AMuxHw_2_Decoder_old_id_3\ and \JOYSTICK_ADC_XY:ch_addr_3\ and \JOYSTICK_ADC_XY:AMuxHw_2_Decoder_old_id_2\ and \JOYSTICK_ADC_XY:ch_addr_2\ and \JOYSTICK_ADC_XY:AMuxHw_2_Decoder_old_id_1\ and \JOYSTICK_ADC_XY:ch_addr_1\)
	OR (not \JOYSTICK_ADC_XY:AMuxHw_2_Decoder_old_id_5\ and not \JOYSTICK_ADC_XY:ch_addr_5\ and not \JOYSTICK_ADC_XY:AMuxHw_2_Decoder_old_id_4\ and not \JOYSTICK_ADC_XY:ch_addr_4\ and not \JOYSTICK_ADC_XY:AMuxHw_2_Decoder_old_id_3\ and not \JOYSTICK_ADC_XY:ch_addr_3\ and not \JOYSTICK_ADC_XY:AMuxHw_2_Decoder_old_id_2\ and not \JOYSTICK_ADC_XY:ch_addr_2\ and not \JOYSTICK_ADC_XY:AMuxHw_2_Decoder_old_id_1\ and not \JOYSTICK_ADC_XY:ch_addr_1\ and \JOYSTICK_ADC_XY:AMuxHw_2_Decoder_old_id_0\ and \JOYSTICK_ADC_XY:ch_addr_0\)
	OR (not \JOYSTICK_ADC_XY:AMuxHw_2_Decoder_old_id_4\ and not \JOYSTICK_ADC_XY:ch_addr_4\ and not \JOYSTICK_ADC_XY:AMuxHw_2_Decoder_old_id_3\ and not \JOYSTICK_ADC_XY:ch_addr_3\ and not \JOYSTICK_ADC_XY:AMuxHw_2_Decoder_old_id_2\ and not \JOYSTICK_ADC_XY:ch_addr_2\ and not \JOYSTICK_ADC_XY:AMuxHw_2_Decoder_old_id_1\ and not \JOYSTICK_ADC_XY:ch_addr_1\ and \JOYSTICK_ADC_XY:AMuxHw_2_Decoder_old_id_5\ and \JOYSTICK_ADC_XY:ch_addr_5\ and \JOYSTICK_ADC_XY:AMuxHw_2_Decoder_old_id_0\ and \JOYSTICK_ADC_XY:ch_addr_0\)
	OR (not \JOYSTICK_ADC_XY:AMuxHw_2_Decoder_old_id_5\ and not \JOYSTICK_ADC_XY:ch_addr_5\ and not \JOYSTICK_ADC_XY:AMuxHw_2_Decoder_old_id_3\ and not \JOYSTICK_ADC_XY:ch_addr_3\ and not \JOYSTICK_ADC_XY:AMuxHw_2_Decoder_old_id_2\ and not \JOYSTICK_ADC_XY:ch_addr_2\ and not \JOYSTICK_ADC_XY:AMuxHw_2_Decoder_old_id_1\ and not \JOYSTICK_ADC_XY:ch_addr_1\ and \JOYSTICK_ADC_XY:AMuxHw_2_Decoder_old_id_4\ and \JOYSTICK_ADC_XY:ch_addr_4\ and \JOYSTICK_ADC_XY:AMuxHw_2_Decoder_old_id_0\ and \JOYSTICK_ADC_XY:ch_addr_0\)
	OR (not \JOYSTICK_ADC_XY:AMuxHw_2_Decoder_old_id_3\ and not \JOYSTICK_ADC_XY:ch_addr_3\ and not \JOYSTICK_ADC_XY:AMuxHw_2_Decoder_old_id_2\ and not \JOYSTICK_ADC_XY:ch_addr_2\ and not \JOYSTICK_ADC_XY:AMuxHw_2_Decoder_old_id_1\ and not \JOYSTICK_ADC_XY:ch_addr_1\ and \JOYSTICK_ADC_XY:AMuxHw_2_Decoder_old_id_5\ and \JOYSTICK_ADC_XY:ch_addr_5\ and \JOYSTICK_ADC_XY:AMuxHw_2_Decoder_old_id_4\ and \JOYSTICK_ADC_XY:ch_addr_4\ and \JOYSTICK_ADC_XY:AMuxHw_2_Decoder_old_id_0\ and \JOYSTICK_ADC_XY:ch_addr_0\)
	OR (not \JOYSTICK_ADC_XY:AMuxHw_2_Decoder_old_id_5\ and not \JOYSTICK_ADC_XY:ch_addr_5\ and not \JOYSTICK_ADC_XY:AMuxHw_2_Decoder_old_id_4\ and not \JOYSTICK_ADC_XY:ch_addr_4\ and not \JOYSTICK_ADC_XY:AMuxHw_2_Decoder_old_id_2\ and not \JOYSTICK_ADC_XY:ch_addr_2\ and not \JOYSTICK_ADC_XY:AMuxHw_2_Decoder_old_id_1\ and not \JOYSTICK_ADC_XY:ch_addr_1\ and \JOYSTICK_ADC_XY:AMuxHw_2_Decoder_old_id_3\ and \JOYSTICK_ADC_XY:ch_addr_3\ and \JOYSTICK_ADC_XY:AMuxHw_2_Decoder_old_id_0\ and \JOYSTICK_ADC_XY:ch_addr_0\)
	OR (not \JOYSTICK_ADC_XY:AMuxHw_2_Decoder_old_id_4\ and not \JOYSTICK_ADC_XY:ch_addr_4\ and not \JOYSTICK_ADC_XY:AMuxHw_2_Decoder_old_id_2\ and not \JOYSTICK_ADC_XY:ch_addr_2\ and not \JOYSTICK_ADC_XY:AMuxHw_2_Decoder_old_id_1\ and not \JOYSTICK_ADC_XY:ch_addr_1\ and \JOYSTICK_ADC_XY:AMuxHw_2_Decoder_old_id_5\ and \JOYSTICK_ADC_XY:ch_addr_5\ and \JOYSTICK_ADC_XY:AMuxHw_2_Decoder_old_id_3\ and \JOYSTICK_ADC_XY:ch_addr_3\ and \JOYSTICK_ADC_XY:AMuxHw_2_Decoder_old_id_0\ and \JOYSTICK_ADC_XY:ch_addr_0\)
	OR (not \JOYSTICK_ADC_XY:AMuxHw_2_Decoder_old_id_5\ and not \JOYSTICK_ADC_XY:ch_addr_5\ and not \JOYSTICK_ADC_XY:AMuxHw_2_Decoder_old_id_2\ and not \JOYSTICK_ADC_XY:ch_addr_2\ and not \JOYSTICK_ADC_XY:AMuxHw_2_Decoder_old_id_1\ and not \JOYSTICK_ADC_XY:ch_addr_1\ and \JOYSTICK_ADC_XY:AMuxHw_2_Decoder_old_id_4\ and \JOYSTICK_ADC_XY:ch_addr_4\ and \JOYSTICK_ADC_XY:AMuxHw_2_Decoder_old_id_3\ and \JOYSTICK_ADC_XY:ch_addr_3\ and \JOYSTICK_ADC_XY:AMuxHw_2_Decoder_old_id_0\ and \JOYSTICK_ADC_XY:ch_addr_0\)
	OR (not \JOYSTICK_ADC_XY:AMuxHw_2_Decoder_old_id_2\ and not \JOYSTICK_ADC_XY:ch_addr_2\ and not \JOYSTICK_ADC_XY:AMuxHw_2_Decoder_old_id_1\ and not \JOYSTICK_ADC_XY:ch_addr_1\ and \JOYSTICK_ADC_XY:AMuxHw_2_Decoder_old_id_5\ and \JOYSTICK_ADC_XY:ch_addr_5\ and \JOYSTICK_ADC_XY:AMuxHw_2_Decoder_old_id_4\ and \JOYSTICK_ADC_XY:ch_addr_4\ and \JOYSTICK_ADC_XY:AMuxHw_2_Decoder_old_id_3\ and \JOYSTICK_ADC_XY:ch_addr_3\ and \JOYSTICK_ADC_XY:AMuxHw_2_Decoder_old_id_0\ and \JOYSTICK_ADC_XY:ch_addr_0\)
	OR (not \JOYSTICK_ADC_XY:AMuxHw_2_Decoder_old_id_5\ and not \JOYSTICK_ADC_XY:ch_addr_5\ and not \JOYSTICK_ADC_XY:AMuxHw_2_Decoder_old_id_4\ and not \JOYSTICK_ADC_XY:ch_addr_4\ and not \JOYSTICK_ADC_XY:AMuxHw_2_Decoder_old_id_3\ and not \JOYSTICK_ADC_XY:ch_addr_3\ and not \JOYSTICK_ADC_XY:AMuxHw_2_Decoder_old_id_1\ and not \JOYSTICK_ADC_XY:ch_addr_1\ and \JOYSTICK_ADC_XY:AMuxHw_2_Decoder_old_id_2\ and \JOYSTICK_ADC_XY:ch_addr_2\ and \JOYSTICK_ADC_XY:AMuxHw_2_Decoder_old_id_0\ and \JOYSTICK_ADC_XY:ch_addr_0\)
	OR (not \JOYSTICK_ADC_XY:AMuxHw_2_Decoder_old_id_4\ and not \JOYSTICK_ADC_XY:ch_addr_4\ and not \JOYSTICK_ADC_XY:AMuxHw_2_Decoder_old_id_3\ and not \JOYSTICK_ADC_XY:ch_addr_3\ and not \JOYSTICK_ADC_XY:AMuxHw_2_Decoder_old_id_1\ and not \JOYSTICK_ADC_XY:ch_addr_1\ and \JOYSTICK_ADC_XY:AMuxHw_2_Decoder_old_id_5\ and \JOYSTICK_ADC_XY:ch_addr_5\ and \JOYSTICK_ADC_XY:AMuxHw_2_Decoder_old_id_2\ and \JOYSTICK_ADC_XY:ch_addr_2\ and \JOYSTICK_ADC_XY:AMuxHw_2_Decoder_old_id_0\ and \JOYSTICK_ADC_XY:ch_addr_0\)
	OR (not \JOYSTICK_ADC_XY:AMuxHw_2_Decoder_old_id_5\ and not \JOYSTICK_ADC_XY:ch_addr_5\ and not \JOYSTICK_ADC_XY:AMuxHw_2_Decoder_old_id_3\ and not \JOYSTICK_ADC_XY:ch_addr_3\ and not \JOYSTICK_ADC_XY:AMuxHw_2_Decoder_old_id_1\ and not \JOYSTICK_ADC_XY:ch_addr_1\ and \JOYSTICK_ADC_XY:AMuxHw_2_Decoder_old_id_4\ and \JOYSTICK_ADC_XY:ch_addr_4\ and \JOYSTICK_ADC_XY:AMuxHw_2_Decoder_old_id_2\ and \JOYSTICK_ADC_XY:ch_addr_2\ and \JOYSTICK_ADC_XY:AMuxHw_2_Decoder_old_id_0\ and \JOYSTICK_ADC_XY:ch_addr_0\)
	OR (not \JOYSTICK_ADC_XY:AMuxHw_2_Decoder_old_id_3\ and not \JOYSTICK_ADC_XY:ch_addr_3\ and not \JOYSTICK_ADC_XY:AMuxHw_2_Decoder_old_id_1\ and not \JOYSTICK_ADC_XY:ch_addr_1\ and \JOYSTICK_ADC_XY:AMuxHw_2_Decoder_old_id_5\ and \JOYSTICK_ADC_XY:ch_addr_5\ and \JOYSTICK_ADC_XY:AMuxHw_2_Decoder_old_id_4\ and \JOYSTICK_ADC_XY:ch_addr_4\ and \JOYSTICK_ADC_XY:AMuxHw_2_Decoder_old_id_2\ and \JOYSTICK_ADC_XY:ch_addr_2\ and \JOYSTICK_ADC_XY:AMuxHw_2_Decoder_old_id_0\ and \JOYSTICK_ADC_XY:ch_addr_0\)
	OR (not \JOYSTICK_ADC_XY:AMuxHw_2_Decoder_old_id_5\ and not \JOYSTICK_ADC_XY:ch_addr_5\ and not \JOYSTICK_ADC_XY:AMuxHw_2_Decoder_old_id_4\ and not \JOYSTICK_ADC_XY:ch_addr_4\ and not \JOYSTICK_ADC_XY:AMuxHw_2_Decoder_old_id_1\ and not \JOYSTICK_ADC_XY:ch_addr_1\ and \JOYSTICK_ADC_XY:AMuxHw_2_Decoder_old_id_3\ and \JOYSTICK_ADC_XY:ch_addr_3\ and \JOYSTICK_ADC_XY:AMuxHw_2_Decoder_old_id_2\ and \JOYSTICK_ADC_XY:ch_addr_2\ and \JOYSTICK_ADC_XY:AMuxHw_2_Decoder_old_id_0\ and \JOYSTICK_ADC_XY:ch_addr_0\)
	OR (not \JOYSTICK_ADC_XY:AMuxHw_2_Decoder_old_id_4\ and not \JOYSTICK_ADC_XY:ch_addr_4\ and not \JOYSTICK_ADC_XY:AMuxHw_2_Decoder_old_id_1\ and not \JOYSTICK_ADC_XY:ch_addr_1\ and \JOYSTICK_ADC_XY:AMuxHw_2_Decoder_old_id_5\ and \JOYSTICK_ADC_XY:ch_addr_5\ and \JOYSTICK_ADC_XY:AMuxHw_2_Decoder_old_id_3\ and \JOYSTICK_ADC_XY:ch_addr_3\ and \JOYSTICK_ADC_XY:AMuxHw_2_Decoder_old_id_2\ and \JOYSTICK_ADC_XY:ch_addr_2\ and \JOYSTICK_ADC_XY:AMuxHw_2_Decoder_old_id_0\ and \JOYSTICK_ADC_XY:ch_addr_0\)
	OR (not \JOYSTICK_ADC_XY:AMuxHw_2_Decoder_old_id_5\ and not \JOYSTICK_ADC_XY:ch_addr_5\ and not \JOYSTICK_ADC_XY:AMuxHw_2_Decoder_old_id_1\ and not \JOYSTICK_ADC_XY:ch_addr_1\ and \JOYSTICK_ADC_XY:AMuxHw_2_Decoder_old_id_4\ and \JOYSTICK_ADC_XY:ch_addr_4\ and \JOYSTICK_ADC_XY:AMuxHw_2_Decoder_old_id_3\ and \JOYSTICK_ADC_XY:ch_addr_3\ and \JOYSTICK_ADC_XY:AMuxHw_2_Decoder_old_id_2\ and \JOYSTICK_ADC_XY:ch_addr_2\ and \JOYSTICK_ADC_XY:AMuxHw_2_Decoder_old_id_0\ and \JOYSTICK_ADC_XY:ch_addr_0\)
	OR (not \JOYSTICK_ADC_XY:AMuxHw_2_Decoder_old_id_1\ and not \JOYSTICK_ADC_XY:ch_addr_1\ and \JOYSTICK_ADC_XY:AMuxHw_2_Decoder_old_id_5\ and \JOYSTICK_ADC_XY:ch_addr_5\ and \JOYSTICK_ADC_XY:AMuxHw_2_Decoder_old_id_4\ and \JOYSTICK_ADC_XY:ch_addr_4\ and \JOYSTICK_ADC_XY:AMuxHw_2_Decoder_old_id_3\ and \JOYSTICK_ADC_XY:ch_addr_3\ and \JOYSTICK_ADC_XY:AMuxHw_2_Decoder_old_id_2\ and \JOYSTICK_ADC_XY:ch_addr_2\ and \JOYSTICK_ADC_XY:AMuxHw_2_Decoder_old_id_0\ and \JOYSTICK_ADC_XY:ch_addr_0\)
	OR (not \JOYSTICK_ADC_XY:AMuxHw_2_Decoder_old_id_5\ and not \JOYSTICK_ADC_XY:ch_addr_5\ and not \JOYSTICK_ADC_XY:AMuxHw_2_Decoder_old_id_4\ and not \JOYSTICK_ADC_XY:ch_addr_4\ and not \JOYSTICK_ADC_XY:AMuxHw_2_Decoder_old_id_3\ and not \JOYSTICK_ADC_XY:ch_addr_3\ and not \JOYSTICK_ADC_XY:AMuxHw_2_Decoder_old_id_2\ and not \JOYSTICK_ADC_XY:ch_addr_2\ and \JOYSTICK_ADC_XY:AMuxHw_2_Decoder_old_id_1\ and \JOYSTICK_ADC_XY:ch_addr_1\ and \JOYSTICK_ADC_XY:AMuxHw_2_Decoder_old_id_0\ and \JOYSTICK_ADC_XY:ch_addr_0\)
	OR (not \JOYSTICK_ADC_XY:AMuxHw_2_Decoder_old_id_4\ and not \JOYSTICK_ADC_XY:ch_addr_4\ and not \JOYSTICK_ADC_XY:AMuxHw_2_Decoder_old_id_3\ and not \JOYSTICK_ADC_XY:ch_addr_3\ and not \JOYSTICK_ADC_XY:AMuxHw_2_Decoder_old_id_2\ and not \JOYSTICK_ADC_XY:ch_addr_2\ and \JOYSTICK_ADC_XY:AMuxHw_2_Decoder_old_id_5\ and \JOYSTICK_ADC_XY:ch_addr_5\ and \JOYSTICK_ADC_XY:AMuxHw_2_Decoder_old_id_1\ and \JOYSTICK_ADC_XY:ch_addr_1\ and \JOYSTICK_ADC_XY:AMuxHw_2_Decoder_old_id_0\ and \JOYSTICK_ADC_XY:ch_addr_0\)
	OR (not \JOYSTICK_ADC_XY:AMuxHw_2_Decoder_old_id_5\ and not \JOYSTICK_ADC_XY:ch_addr_5\ and not \JOYSTICK_ADC_XY:AMuxHw_2_Decoder_old_id_3\ and not \JOYSTICK_ADC_XY:ch_addr_3\ and not \JOYSTICK_ADC_XY:AMuxHw_2_Decoder_old_id_2\ and not \JOYSTICK_ADC_XY:ch_addr_2\ and \JOYSTICK_ADC_XY:AMuxHw_2_Decoder_old_id_4\ and \JOYSTICK_ADC_XY:ch_addr_4\ and \JOYSTICK_ADC_XY:AMuxHw_2_Decoder_old_id_1\ and \JOYSTICK_ADC_XY:ch_addr_1\ and \JOYSTICK_ADC_XY:AMuxHw_2_Decoder_old_id_0\ and \JOYSTICK_ADC_XY:ch_addr_0\)
	OR (not \JOYSTICK_ADC_XY:AMuxHw_2_Decoder_old_id_3\ and not \JOYSTICK_ADC_XY:ch_addr_3\ and not \JOYSTICK_ADC_XY:AMuxHw_2_Decoder_old_id_2\ and not \JOYSTICK_ADC_XY:ch_addr_2\ and \JOYSTICK_ADC_XY:AMuxHw_2_Decoder_old_id_5\ and \JOYSTICK_ADC_XY:ch_addr_5\ and \JOYSTICK_ADC_XY:AMuxHw_2_Decoder_old_id_4\ and \JOYSTICK_ADC_XY:ch_addr_4\ and \JOYSTICK_ADC_XY:AMuxHw_2_Decoder_old_id_1\ and \JOYSTICK_ADC_XY:ch_addr_1\ and \JOYSTICK_ADC_XY:AMuxHw_2_Decoder_old_id_0\ and \JOYSTICK_ADC_XY:ch_addr_0\)
	OR (not \JOYSTICK_ADC_XY:AMuxHw_2_Decoder_old_id_5\ and not \JOYSTICK_ADC_XY:ch_addr_5\ and not \JOYSTICK_ADC_XY:AMuxHw_2_Decoder_old_id_4\ and not \JOYSTICK_ADC_XY:ch_addr_4\ and not \JOYSTICK_ADC_XY:AMuxHw_2_Decoder_old_id_2\ and not \JOYSTICK_ADC_XY:ch_addr_2\ and \JOYSTICK_ADC_XY:AMuxHw_2_Decoder_old_id_3\ and \JOYSTICK_ADC_XY:ch_addr_3\ and \JOYSTICK_ADC_XY:AMuxHw_2_Decoder_old_id_1\ and \JOYSTICK_ADC_XY:ch_addr_1\ and \JOYSTICK_ADC_XY:AMuxHw_2_Decoder_old_id_0\ and \JOYSTICK_ADC_XY:ch_addr_0\)
	OR (not \JOYSTICK_ADC_XY:AMuxHw_2_Decoder_old_id_4\ and not \JOYSTICK_ADC_XY:ch_addr_4\ and not \JOYSTICK_ADC_XY:AMuxHw_2_Decoder_old_id_2\ and not \JOYSTICK_ADC_XY:ch_addr_2\ and \JOYSTICK_ADC_XY:AMuxHw_2_Decoder_old_id_5\ and \JOYSTICK_ADC_XY:ch_addr_5\ and \JOYSTICK_ADC_XY:AMuxHw_2_Decoder_old_id_3\ and \JOYSTICK_ADC_XY:ch_addr_3\ and \JOYSTICK_ADC_XY:AMuxHw_2_Decoder_old_id_1\ and \JOYSTICK_ADC_XY:ch_addr_1\ and \JOYSTICK_ADC_XY:AMuxHw_2_Decoder_old_id_0\ and \JOYSTICK_ADC_XY:ch_addr_0\)
	OR (not \JOYSTICK_ADC_XY:AMuxHw_2_Decoder_old_id_5\ and not \JOYSTICK_ADC_XY:ch_addr_5\ and not \JOYSTICK_ADC_XY:AMuxHw_2_Decoder_old_id_2\ and not \JOYSTICK_ADC_XY:ch_addr_2\ and \JOYSTICK_ADC_XY:AMuxHw_2_Decoder_old_id_4\ and \JOYSTICK_ADC_XY:ch_addr_4\ and \JOYSTICK_ADC_XY:AMuxHw_2_Decoder_old_id_3\ and \JOYSTICK_ADC_XY:ch_addr_3\ and \JOYSTICK_ADC_XY:AMuxHw_2_Decoder_old_id_1\ and \JOYSTICK_ADC_XY:ch_addr_1\ and \JOYSTICK_ADC_XY:AMuxHw_2_Decoder_old_id_0\ and \JOYSTICK_ADC_XY:ch_addr_0\)
	OR (not \JOYSTICK_ADC_XY:AMuxHw_2_Decoder_old_id_2\ and not \JOYSTICK_ADC_XY:ch_addr_2\ and \JOYSTICK_ADC_XY:AMuxHw_2_Decoder_old_id_5\ and \JOYSTICK_ADC_XY:ch_addr_5\ and \JOYSTICK_ADC_XY:AMuxHw_2_Decoder_old_id_4\ and \JOYSTICK_ADC_XY:ch_addr_4\ and \JOYSTICK_ADC_XY:AMuxHw_2_Decoder_old_id_3\ and \JOYSTICK_ADC_XY:ch_addr_3\ and \JOYSTICK_ADC_XY:AMuxHw_2_Decoder_old_id_1\ and \JOYSTICK_ADC_XY:ch_addr_1\ and \JOYSTICK_ADC_XY:AMuxHw_2_Decoder_old_id_0\ and \JOYSTICK_ADC_XY:ch_addr_0\)
	OR (not \JOYSTICK_ADC_XY:AMuxHw_2_Decoder_old_id_5\ and not \JOYSTICK_ADC_XY:ch_addr_5\ and not \JOYSTICK_ADC_XY:AMuxHw_2_Decoder_old_id_4\ and not \JOYSTICK_ADC_XY:ch_addr_4\ and not \JOYSTICK_ADC_XY:AMuxHw_2_Decoder_old_id_3\ and not \JOYSTICK_ADC_XY:ch_addr_3\ and \JOYSTICK_ADC_XY:AMuxHw_2_Decoder_old_id_2\ and \JOYSTICK_ADC_XY:ch_addr_2\ and \JOYSTICK_ADC_XY:AMuxHw_2_Decoder_old_id_1\ and \JOYSTICK_ADC_XY:ch_addr_1\ and \JOYSTICK_ADC_XY:AMuxHw_2_Decoder_old_id_0\ and \JOYSTICK_ADC_XY:ch_addr_0\)
	OR (not \JOYSTICK_ADC_XY:AMuxHw_2_Decoder_old_id_4\ and not \JOYSTICK_ADC_XY:ch_addr_4\ and not \JOYSTICK_ADC_XY:AMuxHw_2_Decoder_old_id_3\ and not \JOYSTICK_ADC_XY:ch_addr_3\ and \JOYSTICK_ADC_XY:AMuxHw_2_Decoder_old_id_5\ and \JOYSTICK_ADC_XY:ch_addr_5\ and \JOYSTICK_ADC_XY:AMuxHw_2_Decoder_old_id_2\ and \JOYSTICK_ADC_XY:ch_addr_2\ and \JOYSTICK_ADC_XY:AMuxHw_2_Decoder_old_id_1\ and \JOYSTICK_ADC_XY:ch_addr_1\ and \JOYSTICK_ADC_XY:AMuxHw_2_Decoder_old_id_0\ and \JOYSTICK_ADC_XY:ch_addr_0\)
	OR (not \JOYSTICK_ADC_XY:AMuxHw_2_Decoder_old_id_5\ and not \JOYSTICK_ADC_XY:ch_addr_5\ and not \JOYSTICK_ADC_XY:AMuxHw_2_Decoder_old_id_3\ and not \JOYSTICK_ADC_XY:ch_addr_3\ and \JOYSTICK_ADC_XY:AMuxHw_2_Decoder_old_id_4\ and \JOYSTICK_ADC_XY:ch_addr_4\ and \JOYSTICK_ADC_XY:AMuxHw_2_Decoder_old_id_2\ and \JOYSTICK_ADC_XY:ch_addr_2\ and \JOYSTICK_ADC_XY:AMuxHw_2_Decoder_old_id_1\ and \JOYSTICK_ADC_XY:ch_addr_1\ and \JOYSTICK_ADC_XY:AMuxHw_2_Decoder_old_id_0\ and \JOYSTICK_ADC_XY:ch_addr_0\)
	OR (not \JOYSTICK_ADC_XY:AMuxHw_2_Decoder_old_id_3\ and not \JOYSTICK_ADC_XY:ch_addr_3\ and \JOYSTICK_ADC_XY:AMuxHw_2_Decoder_old_id_5\ and \JOYSTICK_ADC_XY:ch_addr_5\ and \JOYSTICK_ADC_XY:AMuxHw_2_Decoder_old_id_4\ and \JOYSTICK_ADC_XY:ch_addr_4\ and \JOYSTICK_ADC_XY:AMuxHw_2_Decoder_old_id_2\ and \JOYSTICK_ADC_XY:ch_addr_2\ and \JOYSTICK_ADC_XY:AMuxHw_2_Decoder_old_id_1\ and \JOYSTICK_ADC_XY:ch_addr_1\ and \JOYSTICK_ADC_XY:AMuxHw_2_Decoder_old_id_0\ and \JOYSTICK_ADC_XY:ch_addr_0\)
	OR (not \JOYSTICK_ADC_XY:AMuxHw_2_Decoder_old_id_5\ and not \JOYSTICK_ADC_XY:ch_addr_5\ and not \JOYSTICK_ADC_XY:AMuxHw_2_Decoder_old_id_4\ and not \JOYSTICK_ADC_XY:ch_addr_4\ and \JOYSTICK_ADC_XY:AMuxHw_2_Decoder_old_id_3\ and \JOYSTICK_ADC_XY:ch_addr_3\ and \JOYSTICK_ADC_XY:AMuxHw_2_Decoder_old_id_2\ and \JOYSTICK_ADC_XY:ch_addr_2\ and \JOYSTICK_ADC_XY:AMuxHw_2_Decoder_old_id_1\ and \JOYSTICK_ADC_XY:ch_addr_1\ and \JOYSTICK_ADC_XY:AMuxHw_2_Decoder_old_id_0\ and \JOYSTICK_ADC_XY:ch_addr_0\)
	OR (not \JOYSTICK_ADC_XY:AMuxHw_2_Decoder_old_id_4\ and not \JOYSTICK_ADC_XY:ch_addr_4\ and \JOYSTICK_ADC_XY:AMuxHw_2_Decoder_old_id_5\ and \JOYSTICK_ADC_XY:ch_addr_5\ and \JOYSTICK_ADC_XY:AMuxHw_2_Decoder_old_id_3\ and \JOYSTICK_ADC_XY:ch_addr_3\ and \JOYSTICK_ADC_XY:AMuxHw_2_Decoder_old_id_2\ and \JOYSTICK_ADC_XY:ch_addr_2\ and \JOYSTICK_ADC_XY:AMuxHw_2_Decoder_old_id_1\ and \JOYSTICK_ADC_XY:ch_addr_1\ and \JOYSTICK_ADC_XY:AMuxHw_2_Decoder_old_id_0\ and \JOYSTICK_ADC_XY:ch_addr_0\)
	OR (not \JOYSTICK_ADC_XY:AMuxHw_2_Decoder_old_id_5\ and not \JOYSTICK_ADC_XY:ch_addr_5\ and \JOYSTICK_ADC_XY:AMuxHw_2_Decoder_old_id_4\ and \JOYSTICK_ADC_XY:ch_addr_4\ and \JOYSTICK_ADC_XY:AMuxHw_2_Decoder_old_id_3\ and \JOYSTICK_ADC_XY:ch_addr_3\ and \JOYSTICK_ADC_XY:AMuxHw_2_Decoder_old_id_2\ and \JOYSTICK_ADC_XY:ch_addr_2\ and \JOYSTICK_ADC_XY:AMuxHw_2_Decoder_old_id_1\ and \JOYSTICK_ADC_XY:ch_addr_1\ and \JOYSTICK_ADC_XY:AMuxHw_2_Decoder_old_id_0\ and \JOYSTICK_ADC_XY:ch_addr_0\)
	OR (\JOYSTICK_ADC_XY:AMuxHw_2_Decoder_old_id_5\ and \JOYSTICK_ADC_XY:ch_addr_5\ and \JOYSTICK_ADC_XY:AMuxHw_2_Decoder_old_id_4\ and \JOYSTICK_ADC_XY:ch_addr_4\ and \JOYSTICK_ADC_XY:AMuxHw_2_Decoder_old_id_3\ and \JOYSTICK_ADC_XY:ch_addr_3\ and \JOYSTICK_ADC_XY:AMuxHw_2_Decoder_old_id_2\ and \JOYSTICK_ADC_XY:ch_addr_2\ and \JOYSTICK_ADC_XY:AMuxHw_2_Decoder_old_id_1\ and \JOYSTICK_ADC_XY:ch_addr_1\ and \JOYSTICK_ADC_XY:AMuxHw_2_Decoder_old_id_0\ and \JOYSTICK_ADC_XY:ch_addr_0\));


Substituting virtuals - pass 4:

Note:  Expanding virtual equation for '\RGB_PWM_red:PWMUDB:MODULE_7:g2:a0:g1:z1:s0:g1:u0:c_20\' (cost = 0):
\RGB_PWM_red:PWMUDB:MODULE_7:g2:a0:g1:z1:s0:g1:u0:c_20\ <=  ('0') ;

Note:  Expanding virtual equation for '\RGB_PWM_red:PWMUDB:MODULE_7:g2:a0:g1:z1:s0:g1:u0:c_12\' (cost = 0):
\RGB_PWM_red:PWMUDB:MODULE_7:g2:a0:g1:z1:s0:g1:u0:c_12\ <=  ('0') ;

Note:  Expanding virtual equation for '\RGB_PWM_red:PWMUDB:MODULE_7:g2:a0:g1:z1:s0:g1:u0:c_5\' (cost = 0):
\RGB_PWM_red:PWMUDB:MODULE_7:g2:a0:g1:z1:s0:g1:u0:c_5\ <=  ('0') ;

Note:  Expanding virtual equation for '\RGB_PWM_green:PWMUDB:MODULE_8:g2:a0:g1:z1:s0:g1:u0:c_20\' (cost = 0):
\RGB_PWM_green:PWMUDB:MODULE_8:g2:a0:g1:z1:s0:g1:u0:c_20\ <=  ('0') ;

Note:  Expanding virtual equation for '\RGB_PWM_green:PWMUDB:MODULE_8:g2:a0:g1:z1:s0:g1:u0:c_12\' (cost = 0):
\RGB_PWM_green:PWMUDB:MODULE_8:g2:a0:g1:z1:s0:g1:u0:c_12\ <=  ('0') ;

Note:  Expanding virtual equation for '\RGB_PWM_green:PWMUDB:MODULE_8:g2:a0:g1:z1:s0:g1:u0:c_5\' (cost = 0):
\RGB_PWM_green:PWMUDB:MODULE_8:g2:a0:g1:z1:s0:g1:u0:c_5\ <=  ('0') ;

Note:  Expanding virtual equation for '\RGB_PWM_blue:PWMUDB:MODULE_9:g2:a0:g1:z1:s0:g1:u0:c_20\' (cost = 0):
\RGB_PWM_blue:PWMUDB:MODULE_9:g2:a0:g1:z1:s0:g1:u0:c_20\ <=  ('0') ;

Note:  Expanding virtual equation for '\RGB_PWM_blue:PWMUDB:MODULE_9:g2:a0:g1:z1:s0:g1:u0:c_12\' (cost = 0):
\RGB_PWM_blue:PWMUDB:MODULE_9:g2:a0:g1:z1:s0:g1:u0:c_12\ <=  ('0') ;

Note:  Expanding virtual equation for '\RGB_PWM_blue:PWMUDB:MODULE_9:g2:a0:g1:z1:s0:g1:u0:c_5\' (cost = 0):
\RGB_PWM_blue:PWMUDB:MODULE_9:g2:a0:g1:z1:s0:g1:u0:c_5\ <=  ('0') ;


Substituting virtuals - pass 5:

Note:  Expanding virtual equation for '\RGB_PWM_red:PWMUDB:MODULE_7:g2:a0:g1:z1:s0:g1:u0:c_21\' (cost = 0):
\RGB_PWM_red:PWMUDB:MODULE_7:g2:a0:g1:z1:s0:g1:u0:c_21\ <=  ('0') ;

Note:  Expanding virtual equation for '\RGB_PWM_red:PWMUDB:MODULE_7:g2:a0:g1:z1:s0:g1:u0:c_13\' (cost = 0):
\RGB_PWM_red:PWMUDB:MODULE_7:g2:a0:g1:z1:s0:g1:u0:c_13\ <=  ('0') ;

Note:  Expanding virtual equation for '\RGB_PWM_red:PWMUDB:MODULE_7:g2:a0:g1:z1:s0:g1:u0:c_6\' (cost = 0):
\RGB_PWM_red:PWMUDB:MODULE_7:g2:a0:g1:z1:s0:g1:u0:c_6\ <=  ('0') ;

Note:  Expanding virtual equation for '\RGB_PWM_green:PWMUDB:MODULE_8:g2:a0:g1:z1:s0:g1:u0:c_21\' (cost = 0):
\RGB_PWM_green:PWMUDB:MODULE_8:g2:a0:g1:z1:s0:g1:u0:c_21\ <=  ('0') ;

Note:  Expanding virtual equation for '\RGB_PWM_green:PWMUDB:MODULE_8:g2:a0:g1:z1:s0:g1:u0:c_13\' (cost = 0):
\RGB_PWM_green:PWMUDB:MODULE_8:g2:a0:g1:z1:s0:g1:u0:c_13\ <=  ('0') ;

Note:  Expanding virtual equation for '\RGB_PWM_green:PWMUDB:MODULE_8:g2:a0:g1:z1:s0:g1:u0:c_6\' (cost = 0):
\RGB_PWM_green:PWMUDB:MODULE_8:g2:a0:g1:z1:s0:g1:u0:c_6\ <=  ('0') ;

Note:  Expanding virtual equation for '\RGB_PWM_blue:PWMUDB:MODULE_9:g2:a0:g1:z1:s0:g1:u0:c_21\' (cost = 0):
\RGB_PWM_blue:PWMUDB:MODULE_9:g2:a0:g1:z1:s0:g1:u0:c_21\ <=  ('0') ;

Note:  Expanding virtual equation for '\RGB_PWM_blue:PWMUDB:MODULE_9:g2:a0:g1:z1:s0:g1:u0:c_13\' (cost = 0):
\RGB_PWM_blue:PWMUDB:MODULE_9:g2:a0:g1:z1:s0:g1:u0:c_13\ <=  ('0') ;

Note:  Expanding virtual equation for '\RGB_PWM_blue:PWMUDB:MODULE_9:g2:a0:g1:z1:s0:g1:u0:c_6\' (cost = 0):
\RGB_PWM_blue:PWMUDB:MODULE_9:g2:a0:g1:z1:s0:g1:u0:c_6\ <=  ('0') ;


Substituting virtuals - pass 6:

Note:  Expanding virtual equation for '\RGB_PWM_red:PWMUDB:MODULE_7:g2:a0:g1:z1:s0:g1:u0:c_22\' (cost = 0):
\RGB_PWM_red:PWMUDB:MODULE_7:g2:a0:g1:z1:s0:g1:u0:c_22\ <=  ('0') ;

Note:  Expanding virtual equation for '\RGB_PWM_red:PWMUDB:MODULE_7:g2:a0:g1:z1:s0:g1:u0:c_14\' (cost = 0):
\RGB_PWM_red:PWMUDB:MODULE_7:g2:a0:g1:z1:s0:g1:u0:c_14\ <=  ('0') ;

Note:  Expanding virtual equation for '\RGB_PWM_red:PWMUDB:MODULE_7:g2:a0:g1:z1:s0:g1:u0:c_7\' (cost = 0):
\RGB_PWM_red:PWMUDB:MODULE_7:g2:a0:g1:z1:s0:g1:u0:c_7\ <=  ('0') ;

Note:  Expanding virtual equation for '\RGB_PWM_green:PWMUDB:MODULE_8:g2:a0:g1:z1:s0:g1:u0:c_22\' (cost = 0):
\RGB_PWM_green:PWMUDB:MODULE_8:g2:a0:g1:z1:s0:g1:u0:c_22\ <=  ('0') ;

Note:  Expanding virtual equation for '\RGB_PWM_green:PWMUDB:MODULE_8:g2:a0:g1:z1:s0:g1:u0:c_14\' (cost = 0):
\RGB_PWM_green:PWMUDB:MODULE_8:g2:a0:g1:z1:s0:g1:u0:c_14\ <=  ('0') ;

Note:  Expanding virtual equation for '\RGB_PWM_green:PWMUDB:MODULE_8:g2:a0:g1:z1:s0:g1:u0:c_7\' (cost = 0):
\RGB_PWM_green:PWMUDB:MODULE_8:g2:a0:g1:z1:s0:g1:u0:c_7\ <=  ('0') ;

Note:  Expanding virtual equation for '\RGB_PWM_blue:PWMUDB:MODULE_9:g2:a0:g1:z1:s0:g1:u0:c_22\' (cost = 0):
\RGB_PWM_blue:PWMUDB:MODULE_9:g2:a0:g1:z1:s0:g1:u0:c_22\ <=  ('0') ;

Note:  Expanding virtual equation for '\RGB_PWM_blue:PWMUDB:MODULE_9:g2:a0:g1:z1:s0:g1:u0:c_14\' (cost = 0):
\RGB_PWM_blue:PWMUDB:MODULE_9:g2:a0:g1:z1:s0:g1:u0:c_14\ <=  ('0') ;

Note:  Expanding virtual equation for '\RGB_PWM_blue:PWMUDB:MODULE_9:g2:a0:g1:z1:s0:g1:u0:c_7\' (cost = 0):
\RGB_PWM_blue:PWMUDB:MODULE_9:g2:a0:g1:z1:s0:g1:u0:c_7\ <=  ('0') ;


Substituting virtuals - pass 7:

Note:  Expanding virtual equation for '\RGB_PWM_red:PWMUDB:MODULE_7:g2:a0:g1:z1:s0:g1:u0:c_23\' (cost = 0):
\RGB_PWM_red:PWMUDB:MODULE_7:g2:a0:g1:z1:s0:g1:u0:c_23\ <=  ('0') ;

Note:  Expanding virtual equation for '\RGB_PWM_red:PWMUDB:MODULE_7:g2:a0:g1:z1:s0:g1:u0:c_15\' (cost = 0):
\RGB_PWM_red:PWMUDB:MODULE_7:g2:a0:g1:z1:s0:g1:u0:c_15\ <=  ('0') ;

Note:  Expanding virtual equation for '\RGB_PWM_green:PWMUDB:MODULE_8:g2:a0:g1:z1:s0:g1:u0:c_23\' (cost = 0):
\RGB_PWM_green:PWMUDB:MODULE_8:g2:a0:g1:z1:s0:g1:u0:c_23\ <=  ('0') ;

Note:  Expanding virtual equation for '\RGB_PWM_green:PWMUDB:MODULE_8:g2:a0:g1:z1:s0:g1:u0:c_15\' (cost = 0):
\RGB_PWM_green:PWMUDB:MODULE_8:g2:a0:g1:z1:s0:g1:u0:c_15\ <=  ('0') ;

Note:  Expanding virtual equation for '\RGB_PWM_blue:PWMUDB:MODULE_9:g2:a0:g1:z1:s0:g1:u0:c_23\' (cost = 0):
\RGB_PWM_blue:PWMUDB:MODULE_9:g2:a0:g1:z1:s0:g1:u0:c_23\ <=  ('0') ;

Note:  Expanding virtual equation for '\RGB_PWM_blue:PWMUDB:MODULE_9:g2:a0:g1:z1:s0:g1:u0:c_15\' (cost = 0):
\RGB_PWM_blue:PWMUDB:MODULE_9:g2:a0:g1:z1:s0:g1:u0:c_15\ <=  ('0') ;


Substituting virtuals - pass 8:


----------------------------------------------------------
Circuit simplification results:

	Expanded 126 signals.
	Turned 1 signals into soft nodes.
	Maximum default expansion cost was set at 3.
----------------------------------------------------------

------------------------------------------------------
Alias Detection
------------------------------------------------------
Aliasing \UART_LOG:BUART:rx_status_0\ to zero
Aliasing \UART_LOG:BUART:rx_status_6\ to zero
Aliasing \RGB_PWM_red:PWMUDB:final_capture\ to zero
Aliasing \RGB_PWM_red:PWMUDB:MODULE_7:g2:a0:g1:z1:s0:g1:u0:b_24\ to zero
Aliasing \RGB_PWM_red:PWMUDB:MODULE_7:g2:a0:g1:z1:s0:g1:u0:b_16\ to zero
Aliasing \RGB_PWM_red:PWMUDB:MODULE_7:g2:a0:g1:z1:s0:g1:u0:b_8\ to zero
Aliasing \RGB_PWM_green:PWMUDB:final_capture\ to zero
Aliasing \RGB_PWM_green:PWMUDB:MODULE_8:g2:a0:g1:z1:s0:g1:u0:b_24\ to zero
Aliasing \RGB_PWM_green:PWMUDB:MODULE_8:g2:a0:g1:z1:s0:g1:u0:b_16\ to zero
Aliasing \RGB_PWM_green:PWMUDB:MODULE_8:g2:a0:g1:z1:s0:g1:u0:b_8\ to zero
Aliasing \RGB_PWM_blue:PWMUDB:final_capture\ to zero
Aliasing \RGB_PWM_blue:PWMUDB:MODULE_9:g2:a0:g1:z1:s0:g1:u0:b_24\ to zero
Aliasing \RGB_PWM_blue:PWMUDB:MODULE_9:g2:a0:g1:z1:s0:g1:u0:b_16\ to zero
Aliasing \RGB_PWM_blue:PWMUDB:MODULE_9:g2:a0:g1:z1:s0:g1:u0:b_8\ to zero
Aliasing \UART_LOG:BUART:rx_markspace_status\\D\ to zero
Aliasing \UART_LOG:BUART:rx_parity_error_status\\D\ to zero
Aliasing \UART_LOG:BUART:rx_addr_match_status\\D\ to zero
Removing Rhs of wire \UART_LOG:BUART:rx_bitclk_enable\[229] = \UART_LOG:BUART:rx_bitclk\[277]
Removing Lhs of wire \UART_LOG:BUART:rx_status_0\[327] = zero[7]
Removing Lhs of wire \UART_LOG:BUART:rx_status_6\[336] = zero[7]
Removing Lhs of wire \RGB_PWM_red:PWMUDB:final_capture\[483] = zero[7]
Removing Lhs of wire \RGB_PWM_red:PWMUDB:MODULE_7:g2:a0:g1:z1:s0:g1:u0:b_24\[747] = zero[7]
Removing Lhs of wire \RGB_PWM_red:PWMUDB:MODULE_7:g2:a0:g1:z1:s0:g1:u0:b_16\[757] = zero[7]
Removing Lhs of wire \RGB_PWM_red:PWMUDB:MODULE_7:g2:a0:g1:z1:s0:g1:u0:b_8\[767] = zero[7]
Removing Lhs of wire \RGB_PWM_green:PWMUDB:final_capture\[844] = zero[7]
Removing Lhs of wire \RGB_PWM_green:PWMUDB:MODULE_8:g2:a0:g1:z1:s0:g1:u0:b_24\[1108] = zero[7]
Removing Lhs of wire \RGB_PWM_green:PWMUDB:MODULE_8:g2:a0:g1:z1:s0:g1:u0:b_16\[1118] = zero[7]
Removing Lhs of wire \RGB_PWM_green:PWMUDB:MODULE_8:g2:a0:g1:z1:s0:g1:u0:b_8\[1128] = zero[7]
Removing Lhs of wire \RGB_PWM_blue:PWMUDB:final_capture\[1204] = zero[7]
Removing Lhs of wire \RGB_PWM_blue:PWMUDB:MODULE_9:g2:a0:g1:z1:s0:g1:u0:b_24\[1468] = zero[7]
Removing Lhs of wire \RGB_PWM_blue:PWMUDB:MODULE_9:g2:a0:g1:z1:s0:g1:u0:b_16\[1478] = zero[7]
Removing Lhs of wire \RGB_PWM_blue:PWMUDB:MODULE_9:g2:a0:g1:z1:s0:g1:u0:b_8\[1488] = zero[7]
Removing Lhs of wire \UART_LOG:BUART:tx_ctrl_mark_last\\D\[2123] = \UART_LOG:BUART:tx_ctrl_mark_last\[220]
Removing Lhs of wire \UART_LOG:BUART:rx_markspace_status\\D\[2135] = zero[7]
Removing Lhs of wire \UART_LOG:BUART:rx_parity_error_status\\D\[2136] = zero[7]
Removing Lhs of wire \UART_LOG:BUART:rx_addr_match_status\\D\[2138] = zero[7]
Removing Lhs of wire \UART_LOG:BUART:rx_markspace_pre\\D\[2139] = \UART_LOG:BUART:rx_markspace_pre\[340]
Removing Lhs of wire \UART_LOG:BUART:rx_parity_bit\\D\[2144] = \UART_LOG:BUART:rx_parity_bit\[346]
Removing Lhs of wire \RGB_PWM_red:PWMUDB:runmode_enable\\D\[2148] = \RGB_PWM_red:PWMUDB:control_7\[430]
Removing Lhs of wire \RGB_PWM_green:PWMUDB:runmode_enable\\D\[2160] = \RGB_PWM_green:PWMUDB:control_7\[791]
Removing Lhs of wire \RGB_PWM_blue:PWMUDB:runmode_enable\\D\[2172] = \RGB_PWM_blue:PWMUDB:control_7\[1151]

------------------------------------------------------
Aliased 0 equations, 24 wires.
------------------------------------------------------

----------------------------------------------------------
Circuit simplification
----------------------------------------------------------

Eliminating unused logic - pass 1:

Note:  Deleted unused equation:
\UART_LOG:BUART:sRX:MODULE_6:g1:a0:xneq\ <= ((not \UART_LOG:BUART:rx_parity_bit\ and Net_1845 and \UART_LOG:BUART:pollcount_0\)
	OR (not \UART_LOG:BUART:pollcount_1\ and not \UART_LOG:BUART:pollcount_0\ and \UART_LOG:BUART:rx_parity_bit\)
	OR (not Net_1845 and not \UART_LOG:BUART:pollcount_1\ and \UART_LOG:BUART:rx_parity_bit\)
	OR (not \UART_LOG:BUART:rx_parity_bit\ and \UART_LOG:BUART:pollcount_1\));


Eliminating unused logic - pass 2:


Substituting virtuals - pass 1:


----------------------------------------------------------
Circuit simplification results:

	Expanded 0 signals.
	Turned 0 signals into soft nodes.
	Maximum default expansion cost was set at 3.
----------------------------------------------------------

topld:  No errors.

CYPRESS_DIR    : C:\Program Files (x86)\Cypress\PSoC Creator\4.4\PSoC Creator\warp
Warp Program   : C:\Program Files (x86)\Cypress\PSoC Creator\4.4\PSoC Creator\warp\bin\warp.exe
Warp Arguments : -yv2 -q10 -ygs -o2 -v3 -.fftcfgtype=LE -ya -.fftprj=C:\Users\91819\Documents\HDA_Sem2\EAA\Assignments\Assignment2_digitalClock\electronicClock.cydsn\electronicClock.cydsn\electronicClock.cyprj -dcpsoc3 electronicClock.v -verilog
</CYPRESSTAG>
Warp synthesis phase: Elapsed time ==> 5s.250ms
<CYPRESSTAG name="Fitter results...">
<CYPRESSTAG name="Fitter startup details...">
cyp3fit: V4.4.0.80, Family: PSoC3, Started at: Wednesday, 13 July 2022 14:22:46
Options: -yv2 -q10 -ygs -o2 -v3 -.fftcfgtype=LE -ya -.fftprj=C:\Users\91819\Documents\HDA_Sem2\EAA\Assignments\Assignment2_digitalClock\electronicClock.cydsn\electronicClock.cydsn\electronicClock.cyprj -d CY8C5888LTI-LP097 electronicClock.v -verilog
</CYPRESSTAG>
<CYPRESSTAG name="Design parsing">
Design parsing phase: Elapsed time ==> 0s.031ms
</CYPRESSTAG>
<CYPRESSTAG name="Tech Mapping">
<CYPRESSTAG name="Initial Mapping" icon="FILE_RPT_TECHM">
    Removed wire end \RGB_PWM_red:PWMUDB:MODULE_7:g2:a0:g1:z1:s0:g1:u0:c_24\ kept zero
    Removed wire end \RGB_PWM_red:PWMUDB:MODULE_7:g2:a0:g1:z1:s0:g1:u0:c_16\ kept zero
    Removed wire end \RGB_PWM_red:PWMUDB:MODULE_7:g2:a0:g1:z1:s0:g1:u0:c_8\ kept zero
    Removed wire end \RGB_PWM_green:PWMUDB:MODULE_8:g2:a0:g1:z1:s0:g1:u0:c_24\ kept zero
    Removed wire end \RGB_PWM_green:PWMUDB:MODULE_8:g2:a0:g1:z1:s0:g1:u0:c_16\ kept zero
    Removed wire end \RGB_PWM_green:PWMUDB:MODULE_8:g2:a0:g1:z1:s0:g1:u0:c_8\ kept zero
    Removed wire end \RGB_PWM_blue:PWMUDB:MODULE_9:g2:a0:g1:z1:s0:g1:u0:c_24\ kept zero
    Removed wire end \RGB_PWM_blue:PWMUDB:MODULE_9:g2:a0:g1:z1:s0:g1:u0:c_16\ kept zero
    Removed wire end \RGB_PWM_blue:PWMUDB:MODULE_9:g2:a0:g1:z1:s0:g1:u0:c_8\ kept zero
    Removed wire end \JOYSTICK_ADC_XY:MODULE_1:g1:a0:gx:u0:lti_1\ kept \JOYSTICK_ADC_XY:MODULE_1:g1:a0:gx:u0:lt_5\
    Removed wire end \JOYSTICK_ADC_XY:MODULE_1:g1:a0:gx:u0:gti_1\ kept \JOYSTICK_ADC_XY:MODULE_1:g1:a0:gx:u0:gt_5\
    Removed wire end \JOYSTICK_ADC_XY:MODULE_1:g1:a0:gx:u0:lti_0\ kept \JOYSTICK_ADC_XY:MODULE_1:g1:a0:gx:u0:lt_2\
    Removed wire end \JOYSTICK_ADC_XY:MODULE_1:g1:a0:gx:u0:gti_0\ kept \JOYSTICK_ADC_XY:MODULE_1:g1:a0:gx:u0:gt_2\
    Converted constant MacroCell: \UART_LOG:BUART:reset_reg\ from registered to combinatorial
    Converted constant MacroCell: \UART_LOG:BUART:rx_markspace_status\ from registered to combinatorial
    Converted constant MacroCell: \UART_LOG:BUART:rx_status_2\ from registered to combinatorial
    Converted constant MacroCell: \UART_LOG:BUART:rx_addr_match_status\ from registered to combinatorial
    Converted constant MacroCell: \UART_LOG:BUART:rx_break_status\ from registered to combinatorial
    Converted constant MacroCell: \RGB_PWM_red:PWMUDB:prevCapture\ from registered to combinatorial
    Converted constant MacroCell: \RGB_PWM_red:PWMUDB:trig_last\ from registered to combinatorial
    Converted constant MacroCell: \RGB_PWM_red:PWMUDB:pwm1_i_reg\ from registered to combinatorial
    Converted constant MacroCell: \RGB_PWM_red:PWMUDB:pwm2_i_reg\ from registered to combinatorial
    Converted constant MacroCell: \RGB_PWM_green:PWMUDB:prevCapture\ from registered to combinatorial
    Converted constant MacroCell: \RGB_PWM_green:PWMUDB:trig_last\ from registered to combinatorial
    Converted constant MacroCell: \RGB_PWM_green:PWMUDB:pwm1_i_reg\ from registered to combinatorial
    Converted constant MacroCell: \RGB_PWM_green:PWMUDB:pwm2_i_reg\ from registered to combinatorial
    Converted constant MacroCell: \RGB_PWM_blue:PWMUDB:prevCapture\ from registered to combinatorial
    Converted constant MacroCell: \RGB_PWM_blue:PWMUDB:trig_last\ from registered to combinatorial
    Converted constant MacroCell: \RGB_PWM_blue:PWMUDB:pwm1_i_reg\ from registered to combinatorial
    Converted constant MacroCell: \RGB_PWM_blue:PWMUDB:pwm2_i_reg\ from registered to combinatorial
    Converted constant MacroCell: \TFT_SPI:BSPIM:so_send_reg\ from registered to combinatorial
    Converted constant MacroCell: \TFT_SPI:BSPIM:mosi_pre_reg\ from registered to combinatorial
Assigning clock JOYSTICK_ADC_XY_BusClock to clock BUS_CLK because it is a pass-through
<CYPRESSTAG name="Global Clock Selection" icon="FILE_RPT_TECHM">
    Digital Clock 0: Automatic-assigning  clock 'TFT_SPI_IntClock'. Fanout=1, Signal=\TFT_SPI:Net_276\
    Digital Clock 1: Automatic-assigning  clock 'PWM_Clock'. Fanout=3, Signal=Net_2605
    Digital Clock 2: Automatic-assigning  clock 'JOYSTICK_ADC_XY_IntClock'. Fanout=73, Signal=\JOYSTICK_ADC_XY:clock\
    Digital Clock 3: Automatic-assigning  clock 'UART_LOG_IntClock'. Fanout=1, Signal=\UART_LOG:Net_9\
    Digital Clock 4: Automatic-assigning  clock 'CLK_LED'. Fanout=1, Signal=Net_2007
</CYPRESSTAG>

Removing unused cells resulting from optimization
Done removing unused cells.
<CYPRESSTAG name="UDB Clock/Enable Remapping Results">
    UDB Clk/Enable \UART_LOG:BUART:ClkSync\: with output requested to be synchronous
        ClockIn: UART_LOG_IntClock was determined to be a global clock that is synchronous to BUS_CLK
        EnableIn: Constant 1 was determined to be synchronous to ClockIn
        ClockOut: UART_LOG_IntClock, EnableOut: Constant 1
    UDB Clk/Enable \RGB_PWM_red:PWMUDB:clock_enable_block\: with output requested to be synchronous
        ClockIn: PWM_Clock was determined to be a global clock that is synchronous to BUS_CLK
        EnableIn: Constant 1 was determined to be synchronous to ClockIn
        ClockOut: PWM_Clock, EnableOut: Constant 1
    UDB Clk/Enable \RGB_PWM_green:PWMUDB:clock_enable_block\: with output requested to be synchronous
        ClockIn: PWM_Clock was determined to be a global clock that is synchronous to BUS_CLK
        EnableIn: Constant 1 was determined to be synchronous to ClockIn
        ClockOut: PWM_Clock, EnableOut: Constant 1
    UDB Clk/Enable \RGB_PWM_blue:PWMUDB:clock_enable_block\: with output requested to be synchronous
        ClockIn: PWM_Clock was determined to be a global clock that is synchronous to BUS_CLK
        EnableIn: Constant 1 was determined to be synchronous to ClockIn
        ClockOut: PWM_Clock, EnableOut: Constant 1
    UDB Clk/Enable \JOYSTICK_ADC_XY:bSAR_SEQ:ClkEn\: with output requested to be synchronous
        ClockIn: JOYSTICK_ADC_XY_IntClock was determined to be a global clock that is synchronous to BUS_CLK
        EnableIn: \JOYSTICK_ADC_XY:bSAR_SEQ:CtrlReg\:controlcell.control_0 was determined to be synchronous to ClockIn
        ClockOut: JOYSTICK_ADC_XY_IntClock, EnableOut: \JOYSTICK_ADC_XY:bSAR_SEQ:CtrlReg\:controlcell.control_0
    UDB Clk/Enable \JOYSTICK_ADC_XY:bSAR_SEQ:ClkCtrl\: with output requested to be synchronous
        ClockIn: JOYSTICK_ADC_XY_IntClock was determined to be a global clock that is synchronous to BUS_CLK
        EnableIn: Constant 1 was determined to be synchronous to ClockIn
        ClockOut: JOYSTICK_ADC_XY_IntClock, EnableOut: Constant 1
    UDB Clk/Enable \TFT_SPI:BSPIM:ClkEn\: with output requested to be synchronous
        ClockIn: TFT_SPI_IntClock was determined to be a global clock that is synchronous to BUS_CLK
        EnableIn: Constant 1 was determined to be synchronous to ClockIn
        ClockOut: TFT_SPI_IntClock, EnableOut: Constant 1
</CYPRESSTAG>

Removing unused cells resulting from optimization
Done removing unused cells.
<CYPRESSTAG name="Duplicate Macrocell detection">
</CYPRESSTAG>
</CYPRESSTAG>
<CYPRESSTAG name="Duplicate Macrocell detection">

Removing duplicate macrocells
    Removing \UART_LOG:BUART:rx_parity_bit\, Duplicate of \UART_LOG:BUART:tx_ctrl_mark_last\ 
    MacroCell: Name=\UART_LOG:BUART:rx_parity_bit\, Mode=(T-Register)
        Total # of inputs        : 0
        Total # of product terms : 0
        List of special equations: 
            Clock  = (\UART_LOG:Net_9\) => Global
            Clock Enable: True
        Main Equation            : 0 pterms
        (
            0
        );
        Output = \UART_LOG:BUART:rx_parity_bit\ (fanout=0)

    Removing \UART_LOG:BUART:rx_address_detected\, Duplicate of \UART_LOG:BUART:tx_ctrl_mark_last\ 
    MacroCell: Name=\UART_LOG:BUART:rx_address_detected\, Mode=(T-Register)
        Total # of inputs        : 0
        Total # of product terms : 0
        List of special equations: 
            Clock  = (\UART_LOG:Net_9\) => Global
            Clock Enable: True
        Main Equation            : 0 pterms
        (
            0
        );
        Output = \UART_LOG:BUART:rx_address_detected\ (fanout=0)

    Removing \UART_LOG:BUART:rx_parity_error_pre\, Duplicate of \UART_LOG:BUART:tx_ctrl_mark_last\ 
    MacroCell: Name=\UART_LOG:BUART:rx_parity_error_pre\, Mode=(T-Register)
        Total # of inputs        : 0
        Total # of product terms : 0
        List of special equations: 
            Clock  = (\UART_LOG:Net_9\) => Global
            Clock Enable: True
        Main Equation            : 0 pterms
        (
            0
        );
        Output = \UART_LOG:BUART:rx_parity_error_pre\ (fanout=0)

    Removing \UART_LOG:BUART:rx_markspace_pre\, Duplicate of \UART_LOG:BUART:tx_ctrl_mark_last\ 
    MacroCell: Name=\UART_LOG:BUART:rx_markspace_pre\, Mode=(T-Register)
        Total # of inputs        : 0
        Total # of product terms : 0
        List of special equations: 
            Clock  = (\UART_LOG:Net_9\) => Global
            Clock Enable: True
        Main Equation            : 0 pterms
        (
            0
        );
        Output = \UART_LOG:BUART:rx_markspace_pre\ (fanout=0)

    Removing \UART_LOG:BUART:rx_state_1\, Duplicate of \UART_LOG:BUART:tx_ctrl_mark_last\ 
    MacroCell: Name=\UART_LOG:BUART:rx_state_1\, Mode=(T-Register)
        Total # of inputs        : 0
        Total # of product terms : 0
        List of special equations: 
            Clock  = (\UART_LOG:Net_9\) => Global
            Clock Enable: True
        Main Equation            : 0 pterms
        (
            0
        );
        Output = \UART_LOG:BUART:rx_state_1\ (fanout=8)

    Removing \UART_LOG:BUART:tx_parity_bit\, Duplicate of \UART_LOG:BUART:tx_ctrl_mark_last\ 
    MacroCell: Name=\UART_LOG:BUART:tx_parity_bit\, Mode=(T-Register)
        Total # of inputs        : 0
        Total # of product terms : 0
        List of special equations: 
            Clock  = (\UART_LOG:Net_9\) => Global
            Clock Enable: True
        Main Equation            : 0 pterms
        (
            0
        );
        Output = \UART_LOG:BUART:tx_parity_bit\ (fanout=0)

    Removing \UART_LOG:BUART:tx_mark\, Duplicate of \UART_LOG:BUART:tx_ctrl_mark_last\ 
    MacroCell: Name=\UART_LOG:BUART:tx_mark\, Mode=(T-Register)
        Total # of inputs        : 0
        Total # of product terms : 0
        List of special equations: 
            Clock  = (\UART_LOG:Net_9\) => Global
            Clock Enable: True
        Main Equation            : 0 pterms
        (
            0
        );
        Output = \UART_LOG:BUART:tx_mark\ (fanout=0)


Removing unused cells resulting from optimization
Done removing unused cells.
End removing duplicate macrocells: used 1 pass
</CYPRESSTAG>
<CYPRESSTAG name="Design Equations" icon="FILE_RPT_EQUATION">

------------------------------------------------------------
Design Equations
------------------------------------------------------------
    <CYPRESSTAG name="Pin listing">

    ------------------------------------------------------------
    Pin listing
    ------------------------------------------------------------

    Pin : Name = SEVEN_A(0)
        Attributes:
            In Group/Port: True
            In Sync Option: AUTO
            Out Sync Option: NOSYNC
            Interrupt generated: False
            Interrupt mode: NONE
            Drive mode: CMOS_OUT
            VTrip: EITHER
            Slew: FAST
            Input Sync needed: False
            Output Sync needed: False
            SC shield enabled: False
            POR State: ANY
            LCD Mode: COMMON
            Register Mode: RegComb
            CaSense Mode: NEITHER
            Treat as pin: True
            Is OE Registered: False
            Uses Analog: False
            Can contain Digital: True
            Is SIO: False
            SIO Output Buf: NONREGULATED
            SIO Input Buf: SINGLE_ENDED
            SIO HiFreq: LOW
            SIO Hyst: DISABLED
            SIO Vtrip: MULTIPLIER_0_5
            SIO Multiplier Index: 0
            SIO RefSel: VCC_IO
            Required Capabilities: DIGITAL, ROUTABLE
            Initial Value: 0
            IO Voltage: 0
        PORT MAP (
            pa_out => SEVEN_A(0)__PA ,
            pin_input => Net_1822 ,
            pad => SEVEN_A(0)_PAD );
        Properties:
        {
        }

    Pin : Name = SEVEN_B(0)
        Attributes:
            In Group/Port: True
            In Sync Option: AUTO
            Out Sync Option: NOSYNC
            Interrupt generated: False
            Interrupt mode: NONE
            Drive mode: CMOS_OUT
            VTrip: EITHER
            Slew: FAST
            Input Sync needed: False
            Output Sync needed: False
            SC shield enabled: False
            POR State: ANY
            LCD Mode: COMMON
            Register Mode: RegComb
            CaSense Mode: NEITHER
            Treat as pin: True
            Is OE Registered: False
            Uses Analog: False
            Can contain Digital: True
            Is SIO: False
            SIO Output Buf: NONREGULATED
            SIO Input Buf: SINGLE_ENDED
            SIO HiFreq: LOW
            SIO Hyst: DISABLED
            SIO Vtrip: MULTIPLIER_0_5
            SIO Multiplier Index: 0
            SIO RefSel: VCC_IO
            Required Capabilities: DIGITAL, ROUTABLE
            Initial Value: 0
            IO Voltage: 0
        PORT MAP (
            pa_out => SEVEN_B(0)__PA ,
            pin_input => Net_1824 ,
            pad => SEVEN_B(0)_PAD );
        Properties:
        {
        }

    Pin : Name = SEVEN_C(0)
        Attributes:
            In Group/Port: True
            In Sync Option: AUTO
            Out Sync Option: NOSYNC
            Interrupt generated: False
            Interrupt mode: NONE
            Drive mode: CMOS_OUT
            VTrip: EITHER
            Slew: FAST
            Input Sync needed: False
            Output Sync needed: False
            SC shield enabled: False
            POR State: ANY
            LCD Mode: COMMON
            Register Mode: RegComb
            CaSense Mode: NEITHER
            Treat as pin: True
            Is OE Registered: False
            Uses Analog: False
            Can contain Digital: True
            Is SIO: False
            SIO Output Buf: NONREGULATED
            SIO Input Buf: SINGLE_ENDED
            SIO HiFreq: LOW
            SIO Hyst: DISABLED
            SIO Vtrip: MULTIPLIER_0_5
            SIO Multiplier Index: 0
            SIO RefSel: VCC_IO
            Required Capabilities: DIGITAL, ROUTABLE
            Initial Value: 0
            IO Voltage: 0
        PORT MAP (
            pa_out => SEVEN_C(0)__PA ,
            pin_input => Net_1826 ,
            pad => SEVEN_C(0)_PAD );
        Properties:
        {
        }

    Pin : Name = SEVEN_D(0)
        Attributes:
            In Group/Port: True
            In Sync Option: AUTO
            Out Sync Option: NOSYNC
            Interrupt generated: False
            Interrupt mode: NONE
            Drive mode: CMOS_OUT
            VTrip: EITHER
            Slew: FAST
            Input Sync needed: False
            Output Sync needed: False
            SC shield enabled: False
            POR State: ANY
            LCD Mode: COMMON
            Register Mode: RegComb
            CaSense Mode: NEITHER
            Treat as pin: True
            Is OE Registered: False
            Uses Analog: False
            Can contain Digital: True
            Is SIO: False
            SIO Output Buf: NONREGULATED
            SIO Input Buf: SINGLE_ENDED
            SIO HiFreq: LOW
            SIO Hyst: DISABLED
            SIO Vtrip: MULTIPLIER_0_5
            SIO Multiplier Index: 0
            SIO RefSel: VCC_IO
            Required Capabilities: DIGITAL, ROUTABLE
            Initial Value: 0
            IO Voltage: 0
        PORT MAP (
            pa_out => SEVEN_D(0)__PA ,
            pin_input => Net_1828 ,
            pad => SEVEN_D(0)_PAD );
        Properties:
        {
        }

    Pin : Name = SEVEN_E(0)
        Attributes:
            In Group/Port: True
            In Sync Option: AUTO
            Out Sync Option: NOSYNC
            Interrupt generated: False
            Interrupt mode: NONE
            Drive mode: CMOS_OUT
            VTrip: EITHER
            Slew: FAST
            Input Sync needed: False
            Output Sync needed: False
            SC shield enabled: False
            POR State: ANY
            LCD Mode: COMMON
            Register Mode: RegComb
            CaSense Mode: NEITHER
            Treat as pin: True
            Is OE Registered: False
            Uses Analog: False
            Can contain Digital: True
            Is SIO: False
            SIO Output Buf: NONREGULATED
            SIO Input Buf: SINGLE_ENDED
            SIO HiFreq: LOW
            SIO Hyst: DISABLED
            SIO Vtrip: MULTIPLIER_0_5
            SIO Multiplier Index: 0
            SIO RefSel: VCC_IO
            Required Capabilities: DIGITAL, ROUTABLE
            Initial Value: 0
            IO Voltage: 0
        PORT MAP (
            pa_out => SEVEN_E(0)__PA ,
            pin_input => Net_1830 ,
            pad => SEVEN_E(0)_PAD );
        Properties:
        {
        }

    Pin : Name = SEVEN_F(0)
        Attributes:
            In Group/Port: True
            In Sync Option: AUTO
            Out Sync Option: NOSYNC
            Interrupt generated: False
            Interrupt mode: NONE
            Drive mode: CMOS_OUT
            VTrip: EITHER
            Slew: FAST
            Input Sync needed: False
            Output Sync needed: False
            SC shield enabled: False
            POR State: ANY
            LCD Mode: COMMON
            Register Mode: RegComb
            CaSense Mode: NEITHER
            Treat as pin: True
            Is OE Registered: False
            Uses Analog: False
            Can contain Digital: True
            Is SIO: False
            SIO Output Buf: NONREGULATED
            SIO Input Buf: SINGLE_ENDED
            SIO HiFreq: LOW
            SIO Hyst: DISABLED
            SIO Vtrip: MULTIPLIER_0_5
            SIO Multiplier Index: 0
            SIO RefSel: VCC_IO
            Required Capabilities: DIGITAL, ROUTABLE
            Initial Value: 0
            IO Voltage: 0
        PORT MAP (
            pa_out => SEVEN_F(0)__PA ,
            pin_input => Net_1832 ,
            pad => SEVEN_F(0)_PAD );
        Properties:
        {
        }

    Pin : Name = SEVEN_G(0)
        Attributes:
            In Group/Port: True
            In Sync Option: AUTO
            Out Sync Option: NOSYNC
            Interrupt generated: False
            Interrupt mode: NONE
            Drive mode: CMOS_OUT
            VTrip: EITHER
            Slew: FAST
            Input Sync needed: False
            Output Sync needed: False
            SC shield enabled: False
            POR State: ANY
            LCD Mode: COMMON
            Register Mode: RegComb
            CaSense Mode: NEITHER
            Treat as pin: True
            Is OE Registered: False
            Uses Analog: False
            Can contain Digital: True
            Is SIO: False
            SIO Output Buf: NONREGULATED
            SIO Input Buf: SINGLE_ENDED
            SIO HiFreq: LOW
            SIO Hyst: DISABLED
            SIO Vtrip: MULTIPLIER_0_5
            SIO Multiplier Index: 0
            SIO RefSel: VCC_IO
            Required Capabilities: DIGITAL, ROUTABLE
            Initial Value: 0
            IO Voltage: 0
        PORT MAP (
            pa_out => SEVEN_G(0)__PA ,
            pin_input => Net_1834 ,
            pad => SEVEN_G(0)_PAD );
        Properties:
        {
        }

    Pin : Name = SEVEN_DP(0)
        Attributes:
            In Group/Port: True
            In Sync Option: AUTO
            Out Sync Option: NOSYNC
            Interrupt generated: False
            Interrupt mode: NONE
            Drive mode: CMOS_OUT
            VTrip: EITHER
            Slew: FAST
            Input Sync needed: False
            Output Sync needed: False
            SC shield enabled: False
            POR State: ANY
            LCD Mode: COMMON
            Register Mode: RegComb
            CaSense Mode: NEITHER
            Treat as pin: True
            Is OE Registered: False
            Uses Analog: False
            Can contain Digital: True
            Is SIO: False
            SIO Output Buf: NONREGULATED
            SIO Input Buf: SINGLE_ENDED
            SIO HiFreq: LOW
            SIO Hyst: DISABLED
            SIO Vtrip: MULTIPLIER_0_5
            SIO Multiplier Index: 0
            SIO RefSel: VCC_IO
            Required Capabilities: DIGITAL, ROUTABLE
            Initial Value: 0
            IO Voltage: 0
        PORT MAP (
            pa_out => SEVEN_DP(0)__PA ,
            pin_input => Net_1836 ,
            pad => SEVEN_DP(0)_PAD );
        Properties:
        {
        }

    Pin : Name = SEVEN_SELECT(0)
        Attributes:
            In Group/Port: True
            In Sync Option: AUTO
            Out Sync Option: NOSYNC
            Interrupt generated: False
            Interrupt mode: NONE
            Drive mode: CMOS_OUT
            VTrip: EITHER
            Slew: FAST
            Input Sync needed: False
            Output Sync needed: False
            SC shield enabled: False
            POR State: ANY
            LCD Mode: COMMON
            Register Mode: RegComb
            CaSense Mode: NEITHER
            Treat as pin: True
            Is OE Registered: False
            Uses Analog: False
            Can contain Digital: True
            Is SIO: False
            SIO Output Buf: NONREGULATED
            SIO Input Buf: SINGLE_ENDED
            SIO HiFreq: LOW
            SIO Hyst: DISABLED
            SIO Vtrip: MULTIPLIER_0_5
            SIO Multiplier Index: 0
            SIO RefSel: VCC_IO
            Required Capabilities: DIGITAL
            Initial Value: 0
            IO Voltage: 0
        PORT MAP (
            pa_out => SEVEN_SELECT(0)__PA ,
            pad => SEVEN_SELECT(0)_PAD );
        Properties:
        {
        }

    Pin : Name = BUTTON_1(0)
        Attributes:
            In Group/Port: True
            In Sync Option: NOSYNC
            Out Sync Option: AUTO
            Interrupt generated: False
            Interrupt mode: NONE
            Drive mode: HI_Z_DIGITAL
            VTrip: CMOS
            Slew: FAST
            Input Sync needed: False
            Output Sync needed: False
            SC shield enabled: False
            POR State: ANY
            LCD Mode: COMMON
            Register Mode: RegComb
            CaSense Mode: NEITHER
            Treat as pin: True
            Is OE Registered: False
            Uses Analog: False
            Can contain Digital: True
            Is SIO: False
            SIO Output Buf: NONREGULATED
            SIO Input Buf: SINGLE_ENDED
            SIO HiFreq: LOW
            SIO Hyst: DISABLED
            SIO Vtrip: MULTIPLIER_0_5
            SIO Multiplier Index: 0
            SIO RefSel: VCC_IO
            Required Capabilities: DIGITAL, ROUTABLE
            Initial Value: 0
            IO Voltage: 0
        PORT MAP (
            pa_out => BUTTON_1(0)__PA ,
            fb => Net_664 ,
            pad => BUTTON_1(0)_PAD );
        Properties:
        {
        }

    Pin : Name = BUTTON_2(0)
        Attributes:
            In Group/Port: True
            In Sync Option: NOSYNC
            Out Sync Option: AUTO
            Interrupt generated: False
            Interrupt mode: NONE
            Drive mode: HI_Z_DIGITAL
            VTrip: CMOS
            Slew: FAST
            Input Sync needed: False
            Output Sync needed: False
            SC shield enabled: False
            POR State: ANY
            LCD Mode: COMMON
            Register Mode: RegComb
            CaSense Mode: NEITHER
            Treat as pin: True
            Is OE Registered: False
            Uses Analog: False
            Can contain Digital: True
            Is SIO: False
            SIO Output Buf: NONREGULATED
            SIO Input Buf: SINGLE_ENDED
            SIO HiFreq: LOW
            SIO Hyst: DISABLED
            SIO Vtrip: MULTIPLIER_0_5
            SIO Multiplier Index: 0
            SIO RefSel: VCC_IO
            Required Capabilities: DIGITAL, ROUTABLE
            Initial Value: 0
            IO Voltage: 0
        PORT MAP (
            pa_out => BUTTON_2(0)__PA ,
            fb => Net_665 ,
            pad => BUTTON_2(0)_PAD );
        Properties:
        {
        }

    Pin : Name = LED_red(0)
        Attributes:
            In Group/Port: True
            In Sync Option: AUTO
            Out Sync Option: NOSYNC
            Interrupt generated: False
            Interrupt mode: NONE
            Drive mode: CMOS_OUT
            VTrip: EITHER
            Slew: FAST
            Input Sync needed: False
            Output Sync needed: False
            SC shield enabled: False
            POR State: ANY
            LCD Mode: COMMON
            Register Mode: RegComb
            CaSense Mode: NEITHER
            Treat as pin: True
            Is OE Registered: False
            Uses Analog: False
            Can contain Digital: True
            Is SIO: False
            SIO Output Buf: NONREGULATED
            SIO Input Buf: SINGLE_ENDED
            SIO HiFreq: LOW
            SIO Hyst: DISABLED
            SIO Vtrip: MULTIPLIER_0_5
            SIO Multiplier Index: 0
            SIO RefSel: VCC_IO
            Required Capabilities: DIGITAL
            Initial Value: 0
            IO Voltage: 0
        PORT MAP (
            pa_out => LED_red(0)__PA ,
            pad => LED_red(0)_PAD );
        Properties:
        {
        }

    Pin : Name = LED_yellow(0)
        Attributes:
            In Group/Port: True
            In Sync Option: AUTO
            Out Sync Option: NOSYNC
            Interrupt generated: False
            Interrupt mode: NONE
            Drive mode: CMOS_OUT
            VTrip: EITHER
            Slew: FAST
            Input Sync needed: False
            Output Sync needed: False
            SC shield enabled: False
            POR State: ANY
            LCD Mode: COMMON
            Register Mode: RegComb
            CaSense Mode: NEITHER
            Treat as pin: True
            Is OE Registered: False
            Uses Analog: False
            Can contain Digital: True
            Is SIO: False
            SIO Output Buf: NONREGULATED
            SIO Input Buf: SINGLE_ENDED
            SIO HiFreq: LOW
            SIO Hyst: DISABLED
            SIO Vtrip: MULTIPLIER_0_5
            SIO Multiplier Index: 0
            SIO RefSel: VCC_IO
            Required Capabilities: DIGITAL
            Initial Value: 0
            IO Voltage: 0
        PORT MAP (
            pa_out => LED_yellow(0)__PA ,
            pad => LED_yellow(0)_PAD );
        Properties:
        {
        }

    Pin : Name = LED_green(0)
        Attributes:
            In Group/Port: True
            In Sync Option: AUTO
            Out Sync Option: NOSYNC
            Interrupt generated: False
            Interrupt mode: NONE
            Drive mode: CMOS_OUT
            VTrip: EITHER
            Slew: FAST
            Input Sync needed: False
            Output Sync needed: False
            SC shield enabled: False
            POR State: ANY
            LCD Mode: COMMON
            Register Mode: RegComb
            CaSense Mode: NEITHER
            Treat as pin: True
            Is OE Registered: False
            Uses Analog: False
            Can contain Digital: True
            Is SIO: False
            SIO Output Buf: NONREGULATED
            SIO Input Buf: SINGLE_ENDED
            SIO HiFreq: LOW
            SIO Hyst: DISABLED
            SIO Vtrip: MULTIPLIER_0_5
            SIO Multiplier Index: 0
            SIO RefSel: VCC_IO
            Required Capabilities: DIGITAL
            Initial Value: 0
            IO Voltage: 0
        PORT MAP (
            pa_out => LED_green(0)__PA ,
            pad => LED_green(0)_PAD );
        Properties:
        {
        }

    Pin : Name = DEBUG_TX(0)
        Attributes:
            In Group/Port: True
            In Sync Option: AUTO
            Out Sync Option: NOSYNC
            Interrupt generated: False
            Interrupt mode: NONE
            Drive mode: CMOS_OUT
            VTrip: EITHER
            Slew: FAST
            Input Sync needed: False
            Output Sync needed: False
            SC shield enabled: False
            POR State: ANY
            LCD Mode: COMMON
            Register Mode: RegComb
            CaSense Mode: NEITHER
            Treat as pin: True
            Is OE Registered: False
            Uses Analog: False
            Can contain Digital: True
            Is SIO: False
            SIO Output Buf: NONREGULATED
            SIO Input Buf: SINGLE_ENDED
            SIO HiFreq: LOW
            SIO Hyst: DISABLED
            SIO Vtrip: MULTIPLIER_0_5
            SIO Multiplier Index: 0
            SIO RefSel: VCC_IO
            Required Capabilities: DIGITAL, ROUTABLE
            Initial Value: 1
            IO Voltage: 0
        PORT MAP (
            pa_out => DEBUG_TX(0)__PA ,
            pin_input => Net_1844 ,
            pad => DEBUG_TX(0)_PAD );
        Properties:
        {
        }

    Pin : Name = DEBUG_RX(0)
        Attributes:
            In Group/Port: True
            In Sync Option: SYNC
            Out Sync Option: AUTO
            Interrupt generated: False
            Interrupt mode: NONE
            Drive mode: HI_Z_DIGITAL
            VTrip: CMOS
            Slew: FAST
            Input Sync needed: False
            Output Sync needed: False
            SC shield enabled: False
            POR State: ANY
            LCD Mode: COMMON
            Register Mode: RegComb
            CaSense Mode: NEITHER
            Treat as pin: True
            Is OE Registered: False
            Uses Analog: False
            Can contain Digital: True
            Is SIO: False
            SIO Output Buf: NONREGULATED
            SIO Input Buf: SINGLE_ENDED
            SIO HiFreq: LOW
            SIO Hyst: DISABLED
            SIO Vtrip: MULTIPLIER_0_5
            SIO Multiplier Index: 0
            SIO RefSel: VCC_IO
            Required Capabilities: DIGITAL, ROUTABLE
            Initial Value: 0
            IO Voltage: 0
        PORT MAP (
            pa_out => DEBUG_RX(0)__PA ,
            fb => Net_1845 ,
            pad => DEBUG_RX(0)_PAD );
        Properties:
        {
        }

    Pin : Name = RGB_R(0)
        Attributes:
            In Group/Port: True
            In Sync Option: AUTO
            Out Sync Option: NOSYNC
            Interrupt generated: False
            Interrupt mode: NONE
            Drive mode: CMOS_OUT
            VTrip: EITHER
            Slew: FAST
            Input Sync needed: False
            Output Sync needed: False
            SC shield enabled: False
            POR State: ANY
            LCD Mode: COMMON
            Register Mode: RegComb
            CaSense Mode: NEITHER
            Treat as pin: True
            Is OE Registered: False
            Uses Analog: False
            Can contain Digital: True
            Is SIO: False
            SIO Output Buf: NONREGULATED
            SIO Input Buf: SINGLE_ENDED
            SIO HiFreq: LOW
            SIO Hyst: DISABLED
            SIO Vtrip: MULTIPLIER_0_5
            SIO Multiplier Index: 0
            SIO RefSel: VCC_IO
            Required Capabilities: DIGITAL, ROUTABLE
            Initial Value: 0
            IO Voltage: 0
        PORT MAP (
            pa_out => RGB_R(0)__PA ,
            pin_input => Net_403 ,
            pad => RGB_R(0)_PAD );
        Properties:
        {
        }

    Pin : Name = RGB_G(0)
        Attributes:
            In Group/Port: True
            In Sync Option: AUTO
            Out Sync Option: NOSYNC
            Interrupt generated: False
            Interrupt mode: NONE
            Drive mode: CMOS_OUT
            VTrip: EITHER
            Slew: FAST
            Input Sync needed: False
            Output Sync needed: False
            SC shield enabled: False
            POR State: ANY
            LCD Mode: COMMON
            Register Mode: RegComb
            CaSense Mode: NEITHER
            Treat as pin: True
            Is OE Registered: False
            Uses Analog: False
            Can contain Digital: True
            Is SIO: False
            SIO Output Buf: NONREGULATED
            SIO Input Buf: SINGLE_ENDED
            SIO HiFreq: LOW
            SIO Hyst: DISABLED
            SIO Vtrip: MULTIPLIER_0_5
            SIO Multiplier Index: 0
            SIO RefSel: VCC_IO
            Required Capabilities: DIGITAL, ROUTABLE
            Initial Value: 0
            IO Voltage: 0
        PORT MAP (
            pa_out => RGB_G(0)__PA ,
            pin_input => Net_481 ,
            pad => RGB_G(0)_PAD );
        Properties:
        {
        }

    Pin : Name = RGB_B(0)
        Attributes:
            In Group/Port: True
            In Sync Option: AUTO
            Out Sync Option: NOSYNC
            Interrupt generated: False
            Interrupt mode: NONE
            Drive mode: CMOS_OUT
            VTrip: EITHER
            Slew: FAST
            Input Sync needed: False
            Output Sync needed: False
            SC shield enabled: False
            POR State: ANY
            LCD Mode: COMMON
            Register Mode: RegComb
            CaSense Mode: NEITHER
            Treat as pin: True
            Is OE Registered: False
            Uses Analog: False
            Can contain Digital: True
            Is SIO: False
            SIO Output Buf: NONREGULATED
            SIO Input Buf: SINGLE_ENDED
            SIO HiFreq: LOW
            SIO Hyst: DISABLED
            SIO Vtrip: MULTIPLIER_0_5
            SIO Multiplier Index: 0
            SIO RefSel: VCC_IO
            Required Capabilities: DIGITAL, ROUTABLE
            Initial Value: 0
            IO Voltage: 0
        PORT MAP (
            pa_out => RGB_B(0)__PA ,
            pin_input => Net_429 ,
            pad => RGB_B(0)_PAD );
        Properties:
        {
        }

    Pin : Name = \USBUART:Dm(0)\
        Attributes:
            In Group/Port: True
            In Sync Option: AUTO
            Out Sync Option: AUTO
            Interrupt generated: False
            Interrupt mode: NONE
            Drive mode: HI_Z_ANALOG
            VTrip: EITHER
            Slew: FAST
            Input Sync needed: False
            Output Sync needed: False
            SC shield enabled: False
            POR State: ANY
            LCD Mode: COMMON
            Register Mode: RegComb
            CaSense Mode: NEITHER
            Treat as pin: True
            Is OE Registered: False
            Uses Analog: True
            Can contain Digital: False
            Is SIO: False
            SIO Output Buf: NONREGULATED
            SIO Input Buf: SINGLE_ENDED
            SIO HiFreq: LOW
            SIO Hyst: DISABLED
            SIO Vtrip: MULTIPLIER_0_5
            SIO Multiplier Index: 0
            SIO RefSel: VCC_IO
            Required Capabilities: USB_D_MINUS
            Initial Value: 0
            IO Voltage: 0
        PORT MAP (
            pa_out => \USBUART:Dm(0)\__PA ,
            analog_term => \USBUART:Net_597\ ,
            pad => \USBUART:Dm(0)_PAD\ );
        Properties:
        {
        }

    Pin : Name = \USBUART:Dp(0)\
        Attributes:
            In Group/Port: True
            In Sync Option: SYNC
            Out Sync Option: AUTO
            Interrupt generated: True
            Interrupt mode: FALLING
            Drive mode: HI_Z_ANALOG
            VTrip: CMOS
            Slew: FAST
            Input Sync needed: True
            Output Sync needed: False
            SC shield enabled: False
            POR State: ANY
            LCD Mode: COMMON
            Register Mode: RegComb
            CaSense Mode: NEITHER
            Treat as pin: False
            Is OE Registered: False
            Uses Analog: True
            Can contain Digital: True
            Is SIO: False
            SIO Output Buf: NONREGULATED
            SIO Input Buf: SINGLE_ENDED
            SIO HiFreq: LOW
            SIO Hyst: DISABLED
            SIO Vtrip: MULTIPLIER_0_5
            SIO Multiplier Index: 0
            SIO RefSel: VCC_IO
            Required Capabilities: USB_D_PLUS
            Initial Value: 1
            IO Voltage: 0
        PORT MAP (
            pa_out => \USBUART:Dp(0)\__PA ,
            analog_term => \USBUART:Net_1000\ ,
            pad => \USBUART:Dp(0)_PAD\ );
        Properties:
        {
        }

    Pin : Name = BUTTON_JOYSTICK(0)
        Attributes:
            In Group/Port: True
            In Sync Option: NOSYNC
            Out Sync Option: AUTO
            Interrupt generated: False
            Interrupt mode: NONE
            Drive mode: HI_Z_DIGITAL
            VTrip: CMOS
            Slew: FAST
            Input Sync needed: False
            Output Sync needed: False
            SC shield enabled: False
            POR State: ANY
            LCD Mode: COMMON
            Register Mode: RegComb
            CaSense Mode: NEITHER
            Treat as pin: True
            Is OE Registered: False
            Uses Analog: False
            Can contain Digital: True
            Is SIO: False
            SIO Output Buf: NONREGULATED
            SIO Input Buf: SINGLE_ENDED
            SIO HiFreq: LOW
            SIO Hyst: DISABLED
            SIO Vtrip: MULTIPLIER_0_5
            SIO Multiplier Index: 0
            SIO RefSel: VCC_IO
            Required Capabilities: DIGITAL, ROUTABLE
            Initial Value: 0
            IO Voltage: 0
        PORT MAP (
            pa_out => BUTTON_JOYSTICK(0)__PA ,
            fb => Net_1897 ,
            pad => BUTTON_JOYSTICK(0)_PAD );
        Properties:
        {
        }

    Pin : Name = JOYSTICK_X(0)
        Attributes:
            In Group/Port: True
            In Sync Option: AUTO
            Out Sync Option: AUTO
            Interrupt generated: False
            Interrupt mode: NONE
            Drive mode: HI_Z_ANALOG
            VTrip: EITHER
            Slew: FAST
            Input Sync needed: False
            Output Sync needed: False
            SC shield enabled: False
            POR State: ANY
            LCD Mode: COMMON
            Register Mode: RegComb
            CaSense Mode: NEITHER
            Treat as pin: True
            Is OE Registered: False
            Uses Analog: True
            Can contain Digital: False
            Is SIO: False
            SIO Output Buf: NONREGULATED
            SIO Input Buf: SINGLE_ENDED
            SIO HiFreq: LOW
            SIO Hyst: DISABLED
            SIO Vtrip: MULTIPLIER_0_5
            SIO Multiplier Index: 0
            SIO RefSel: VCC_IO
            Required Capabilities: ANALOG
            Initial Value: 0
            IO Voltage: 0
        PORT MAP (
            pa_out => JOYSTICK_X(0)__PA ,
            analog_term => Net_646 ,
            pad => JOYSTICK_X(0)_PAD ,
            pin_input => \JOYSTICK_ADC_XY:AMuxHw_2_Decoder_one_hot_0\ );
        Properties:
        {
        }

    Pin : Name = JOYSTICK_Y(0)
        Attributes:
            In Group/Port: True
            In Sync Option: AUTO
            Out Sync Option: AUTO
            Interrupt generated: False
            Interrupt mode: NONE
            Drive mode: HI_Z_ANALOG
            VTrip: EITHER
            Slew: FAST
            Input Sync needed: False
            Output Sync needed: False
            SC shield enabled: False
            POR State: ANY
            LCD Mode: COMMON
            Register Mode: RegComb
            CaSense Mode: NEITHER
            Treat as pin: True
            Is OE Registered: False
            Uses Analog: True
            Can contain Digital: False
            Is SIO: False
            SIO Output Buf: NONREGULATED
            SIO Input Buf: SINGLE_ENDED
            SIO HiFreq: LOW
            SIO Hyst: DISABLED
            SIO Vtrip: MULTIPLIER_0_5
            SIO Multiplier Index: 0
            SIO RefSel: VCC_IO
            Required Capabilities: ANALOG
            Initial Value: 0
            IO Voltage: 0
        PORT MAP (
            pa_out => JOYSTICK_Y(0)__PA ,
            analog_term => Net_1408 ,
            pad => JOYSTICK_Y(0)_PAD ,
            pin_input => \JOYSTICK_ADC_XY:AMuxHw_2_Decoder_one_hot_1\ );
        Properties:
        {
        }

    Pin : Name = TFT_SCL(0)
        Attributes:
            In Group/Port: True
            In Sync Option: AUTO
            Out Sync Option: NOSYNC
            Interrupt generated: False
            Interrupt mode: NONE
            Drive mode: CMOS_OUT
            VTrip: EITHER
            Slew: FAST
            Input Sync needed: False
            Output Sync needed: False
            SC shield enabled: False
            POR State: ANY
            LCD Mode: COMMON
            Register Mode: RegComb
            CaSense Mode: NEITHER
            Treat as pin: True
            Is OE Registered: False
            Uses Analog: False
            Can contain Digital: True
            Is SIO: False
            SIO Output Buf: NONREGULATED
            SIO Input Buf: SINGLE_ENDED
            SIO HiFreq: LOW
            SIO Hyst: DISABLED
            SIO Vtrip: MULTIPLIER_0_5
            SIO Multiplier Index: 0
            SIO RefSel: VCC_IO
            Required Capabilities: DIGITAL, ROUTABLE
            Initial Value: 0
            IO Voltage: 0
        PORT MAP (
            pa_out => TFT_SCL(0)__PA ,
            pin_input => wTFT_SCL ,
            pad => TFT_SCL(0)_PAD );
        Properties:
        {
        }

    Pin : Name = TFT_DC(0)
        Attributes:
            In Group/Port: True
            In Sync Option: AUTO
            Out Sync Option: NOSYNC
            Interrupt generated: False
            Interrupt mode: NONE
            Drive mode: CMOS_OUT
            VTrip: EITHER
            Slew: FAST
            Input Sync needed: False
            Output Sync needed: False
            SC shield enabled: False
            POR State: ANY
            LCD Mode: COMMON
            Register Mode: RegComb
            CaSense Mode: NEITHER
            Treat as pin: True
            Is OE Registered: False
            Uses Analog: False
            Can contain Digital: True
            Is SIO: False
            SIO Output Buf: NONREGULATED
            SIO Input Buf: SINGLE_ENDED
            SIO HiFreq: LOW
            SIO Hyst: DISABLED
            SIO Vtrip: MULTIPLIER_0_5
            SIO Multiplier Index: 0
            SIO RefSel: VCC_IO
            Required Capabilities: DIGITAL
            Initial Value: 0
            IO Voltage: 0
        PORT MAP (
            pa_out => TFT_DC(0)__PA ,
            pad => TFT_DC(0)_PAD );
        Properties:
        {
        }

    Pin : Name = TFT_RES(0)
        Attributes:
            In Group/Port: True
            In Sync Option: AUTO
            Out Sync Option: NOSYNC
            Interrupt generated: False
            Interrupt mode: NONE
            Drive mode: CMOS_OUT
            VTrip: EITHER
            Slew: FAST
            Input Sync needed: False
            Output Sync needed: False
            SC shield enabled: False
            POR State: ANY
            LCD Mode: COMMON
            Register Mode: RegComb
            CaSense Mode: NEITHER
            Treat as pin: True
            Is OE Registered: False
            Uses Analog: False
            Can contain Digital: True
            Is SIO: False
            SIO Output Buf: NONREGULATED
            SIO Input Buf: SINGLE_ENDED
            SIO HiFreq: LOW
            SIO Hyst: DISABLED
            SIO Vtrip: MULTIPLIER_0_5
            SIO Multiplier Index: 0
            SIO RefSel: VCC_IO
            Required Capabilities: DIGITAL
            Initial Value: 0
            IO Voltage: 0
        PORT MAP (
            pa_out => TFT_RES(0)__PA ,
            pad => TFT_RES(0)_PAD );
        Properties:
        {
        }

    Pin : Name = TFT_CS(0)
        Attributes:
            In Group/Port: True
            In Sync Option: AUTO
            Out Sync Option: NOSYNC
            Interrupt generated: False
            Interrupt mode: NONE
            Drive mode: CMOS_OUT
            VTrip: EITHER
            Slew: FAST
            Input Sync needed: False
            Output Sync needed: False
            SC shield enabled: False
            POR State: ANY
            LCD Mode: COMMON
            Register Mode: RegComb
            CaSense Mode: NEITHER
            Treat as pin: True
            Is OE Registered: False
            Uses Analog: False
            Can contain Digital: True
            Is SIO: False
            SIO Output Buf: NONREGULATED
            SIO Input Buf: SINGLE_ENDED
            SIO HiFreq: LOW
            SIO Hyst: DISABLED
            SIO Vtrip: MULTIPLIER_0_5
            SIO Multiplier Index: 0
            SIO RefSel: VCC_IO
            Required Capabilities: DIGITAL
            Initial Value: 0
            IO Voltage: 0
        PORT MAP (
            pa_out => TFT_CS(0)__PA ,
            pad => TFT_CS(0)_PAD );
        Properties:
        {
        }

    Pin : Name = TFT_LED(0)
        Attributes:
            In Group/Port: True
            In Sync Option: AUTO
            Out Sync Option: NOSYNC
            Interrupt generated: False
            Interrupt mode: NONE
            Drive mode: CMOS_OUT
            VTrip: EITHER
            Slew: FAST
            Input Sync needed: False
            Output Sync needed: False
            SC shield enabled: False
            POR State: ANY
            LCD Mode: COMMON
            Register Mode: RegComb
            CaSense Mode: NEITHER
            Treat as pin: True
            Is OE Registered: False
            Uses Analog: False
            Can contain Digital: True
            Is SIO: False
            SIO Output Buf: NONREGULATED
            SIO Input Buf: SINGLE_ENDED
            SIO HiFreq: LOW
            SIO Hyst: DISABLED
            SIO Vtrip: MULTIPLIER_0_5
            SIO Multiplier Index: 0
            SIO RefSel: VCC_IO
            Required Capabilities: DIGITAL, ROUTABLE
            Initial Value: 0
            IO Voltage: 0
        PORT MAP (
            pa_out => TFT_LED(0)__PA ,
            pin_input => wTFT_LED ,
            pad => TFT_LED(0)_PAD );
        Properties:
        {
        }

    Pin : Name = TFT_SDA(0)
        Attributes:
            In Group/Port: True
            In Sync Option: AUTO
            Out Sync Option: NOSYNC
            Interrupt generated: False
            Interrupt mode: NONE
            Drive mode: CMOS_OUT
            VTrip: EITHER
            Slew: FAST
            Input Sync needed: False
            Output Sync needed: False
            SC shield enabled: False
            POR State: ANY
            LCD Mode: COMMON
            Register Mode: RegComb
            CaSense Mode: NEITHER
            Treat as pin: True
            Is OE Registered: False
            Uses Analog: False
            Can contain Digital: True
            Is SIO: False
            SIO Output Buf: NONREGULATED
            SIO Input Buf: SINGLE_ENDED
            SIO HiFreq: LOW
            SIO Hyst: DISABLED
            SIO Vtrip: MULTIPLIER_0_5
            SIO Multiplier Index: 0
            SIO RefSel: VCC_IO
            Required Capabilities: DIGITAL, ROUTABLE
            Initial Value: 0
            IO Voltage: 0
        PORT MAP (
            pa_out => TFT_SDA(0)__PA ,
            pin_input => wTFT_SDA ,
            pad => TFT_SDA(0)_PAD );
        Properties:
        {
        }
    </CYPRESSTAG>
    <CYPRESSTAG name="Macrocell listing" icon="FILE_RPT_EQUATION">

    ------------------------------------------------------------
    Macrocell listing
    ------------------------------------------------------------

    MacroCell: Name=\JOYSTICK_ADC_XY:AMuxHw_2_Decoder_is_active_split\, Mode=(Combinatorial)
        Total # of inputs        : 12
        Total # of product terms : 8
            Clock Enable: True
        Main Equation            : 8 pterms
        (
              \JOYSTICK_ADC_XY:AMuxHw_2_Decoder_old_id_5\ * 
              !\JOYSTICK_ADC_XY:ch_addr_5\
            + \JOYSTICK_ADC_XY:AMuxHw_2_Decoder_old_id_4\ * 
              !\JOYSTICK_ADC_XY:ch_addr_4\
            + \JOYSTICK_ADC_XY:AMuxHw_2_Decoder_old_id_3\ * 
              !\JOYSTICK_ADC_XY:ch_addr_3\
            + \JOYSTICK_ADC_XY:AMuxHw_2_Decoder_old_id_2\ * 
              !\JOYSTICK_ADC_XY:ch_addr_2\
            + !\JOYSTICK_ADC_XY:AMuxHw_2_Decoder_old_id_1\ * 
              \JOYSTICK_ADC_XY:ch_addr_1\
            + \JOYSTICK_ADC_XY:AMuxHw_2_Decoder_old_id_1\ * 
              !\JOYSTICK_ADC_XY:ch_addr_1\
            + !\JOYSTICK_ADC_XY:AMuxHw_2_Decoder_old_id_0\ * 
              \JOYSTICK_ADC_XY:ch_addr_0\
            + \JOYSTICK_ADC_XY:AMuxHw_2_Decoder_old_id_0\ * 
              !\JOYSTICK_ADC_XY:ch_addr_0\
        );
        Output = \JOYSTICK_ADC_XY:AMuxHw_2_Decoder_is_active_split\ (fanout=1)

    MacroCell: Name=Net_666, Mode=(Combinatorial)
        Total # of inputs        : 2
        Total # of product terms : 1
            Clock Enable: True
        Main Equation            : 1 pterm
        !(
              !Net_664 * !Net_665
        );
        Output = Net_666 (fanout=1)

    MacroCell: Name=Net_1844, Mode=(Combinatorial)
        Total # of inputs        : 1
        Total # of product terms : 1
            Clock Enable: True
        Main Equation            : 1 pterm
        (
              !\UART_LOG:BUART:txn\
        );
        Output = Net_1844 (fanout=1)

    MacroCell: Name=\UART_LOG:BUART:counter_load_not\, Mode=(Combinatorial)
        Total # of inputs        : 4
        Total # of product terms : 2
            Clock Enable: True
        Main Equation            : 2 pterms
        !(
              !\UART_LOG:BUART:tx_state_1\ * !\UART_LOG:BUART:tx_state_0\ * 
              \UART_LOG:BUART:tx_bitclk_enable_pre\
            + !\UART_LOG:BUART:tx_state_1\ * !\UART_LOG:BUART:tx_state_0\ * 
              !\UART_LOG:BUART:tx_state_2\
        );
        Output = \UART_LOG:BUART:counter_load_not\ (fanout=1)

    MacroCell: Name=\UART_LOG:BUART:tx_status_0\, Mode=(Combinatorial)
        Total # of inputs        : 5
        Total # of product terms : 1
            Clock Enable: True
        Main Equation            : 1 pterm
        (
              !\UART_LOG:BUART:tx_state_1\ * !\UART_LOG:BUART:tx_state_0\ * 
              \UART_LOG:BUART:tx_bitclk_enable_pre\ * 
              \UART_LOG:BUART:tx_fifo_empty\ * \UART_LOG:BUART:tx_state_2\
        );
        Output = \UART_LOG:BUART:tx_status_0\ (fanout=1)

    MacroCell: Name=\UART_LOG:BUART:tx_status_2\, Mode=(Combinatorial)
        Total # of inputs        : 1
        Total # of product terms : 1
            Clock Enable: True
        Main Equation            : 1 pterm
        (
              !\UART_LOG:BUART:tx_fifo_notfull\
        );
        Output = \UART_LOG:BUART:tx_status_2\ (fanout=1)

    MacroCell: Name=\UART_LOG:BUART:rx_counter_load\, Mode=(Combinatorial)
        Total # of inputs        : 4
        Total # of product terms : 1
            Clock Enable: True
        Main Equation            : 1 pterm
        (
              !\UART_LOG:BUART:tx_ctrl_mark_last\ * 
              !\UART_LOG:BUART:rx_state_0\ * !\UART_LOG:BUART:rx_state_3\ * 
              !\UART_LOG:BUART:rx_state_2\
        );
        Output = \UART_LOG:BUART:rx_counter_load\ (fanout=1)

    MacroCell: Name=\UART_LOG:BUART:rx_postpoll\, Mode=(Combinatorial)
        Total # of inputs        : 3
        Total # of product terms : 2
            Clock Enable: True
        Main Equation            : 2 pterms
        (
              \UART_LOG:BUART:pollcount_1\
            + \UART_LOG:BUART:pollcount_0\ * Net_1845_SYNCOUT
        );
        Output = \UART_LOG:BUART:rx_postpoll\ (fanout=1)

    MacroCell: Name=\UART_LOG:BUART:rx_status_4\, Mode=(Combinatorial)
        Total # of inputs        : 2
        Total # of product terms : 1
            Clock Enable: True
        Main Equation            : 1 pterm
        (
              \UART_LOG:BUART:rx_load_fifo\ * \UART_LOG:BUART:rx_fifofull\
        );
        Output = \UART_LOG:BUART:rx_status_4\ (fanout=1)

    MacroCell: Name=\UART_LOG:BUART:rx_status_5\, Mode=(Combinatorial)
        Total # of inputs        : 2
        Total # of product terms : 1
            Clock Enable: True
        Main Equation            : 1 pterm
        (
              \UART_LOG:BUART:rx_fifonotempty\ * 
              \UART_LOG:BUART:rx_state_stop1_reg\
        );
        Output = \UART_LOG:BUART:rx_status_5\ (fanout=1)

    MacroCell: Name=\JOYSTICK_ADC_XY:AMuxHw_2_Decoder_is_active\, Mode=(Combinatorial)
        Total # of inputs        : 9
        Total # of product terms : 5
            Clock Enable: True
        Main Equation            : 5 pterms
        !(
              !\JOYSTICK_ADC_XY:AMuxHw_2_Decoder_old_id_5\ * 
              \JOYSTICK_ADC_XY:ch_addr_5\
            + !\JOYSTICK_ADC_XY:AMuxHw_2_Decoder_old_id_4\ * 
              \JOYSTICK_ADC_XY:ch_addr_4\
            + !\JOYSTICK_ADC_XY:AMuxHw_2_Decoder_old_id_3\ * 
              \JOYSTICK_ADC_XY:ch_addr_3\
            + !\JOYSTICK_ADC_XY:AMuxHw_2_Decoder_old_id_2\ * 
              \JOYSTICK_ADC_XY:ch_addr_2\
            + \JOYSTICK_ADC_XY:AMuxHw_2_Decoder_is_active_split\
        );
        Output = \JOYSTICK_ADC_XY:AMuxHw_2_Decoder_is_active\ (fanout=64)
        Properties               : 
        {
            soft = 1
        }

    MacroCell: Name=\JOYSTICK_ADC_XY:bSAR_SEQ:cnt_enable\, Mode=(Combinatorial)
        Total # of inputs        : 2
        Total # of product terms : 1
            Clock Enable: True
        Main Equation            : 1 pterm
        !(
              !Net_1995 * !\JOYSTICK_ADC_XY:bSAR_SEQ:load_period\
        );
        Output = \JOYSTICK_ADC_XY:bSAR_SEQ:cnt_enable\ (fanout=1)

    MacroCell: Name=\TFT_SPI:BSPIM:load_rx_data\, Mode=(Combinatorial)
        Total # of inputs        : 5
        Total # of product terms : 1
            Clock Enable: True
        Main Equation            : 1 pterm
        (
              !\TFT_SPI:BSPIM:count_4\ * !\TFT_SPI:BSPIM:count_3\ * 
              !\TFT_SPI:BSPIM:count_2\ * !\TFT_SPI:BSPIM:count_1\ * 
              \TFT_SPI:BSPIM:count_0\
        );
        Output = \TFT_SPI:BSPIM:load_rx_data\ (fanout=2)

    MacroCell: Name=\TFT_SPI:BSPIM:tx_status_0\, Mode=(Combinatorial)
        Total # of inputs        : 3
        Total # of product terms : 1
            Clock Enable: True
        Main Equation            : 1 pterm
        (
              \TFT_SPI:BSPIM:state_2\ * !\TFT_SPI:BSPIM:state_1\ * 
              \TFT_SPI:BSPIM:state_0\
        );
        Output = \TFT_SPI:BSPIM:tx_status_0\ (fanout=1)

    MacroCell: Name=\TFT_SPI:BSPIM:tx_status_4\, Mode=(Combinatorial)
        Total # of inputs        : 3
        Total # of product terms : 1
            Clock Enable: True
        Main Equation            : 1 pterm
        (
              !\TFT_SPI:BSPIM:state_2\ * !\TFT_SPI:BSPIM:state_1\ * 
              !\TFT_SPI:BSPIM:state_0\
        );
        Output = \TFT_SPI:BSPIM:tx_status_4\ (fanout=1)

    MacroCell: Name=\TFT_SPI:BSPIM:rx_status_6\, Mode=(Combinatorial)
        Total # of inputs        : 6
        Total # of product terms : 1
            Clock Enable: True
        Main Equation            : 1 pterm
        (
              !\TFT_SPI:BSPIM:count_4\ * !\TFT_SPI:BSPIM:count_3\ * 
              !\TFT_SPI:BSPIM:count_2\ * !\TFT_SPI:BSPIM:count_1\ * 
              \TFT_SPI:BSPIM:count_0\ * \TFT_SPI:BSPIM:rx_status_4\
        );
        Output = \TFT_SPI:BSPIM:rx_status_6\ (fanout=1)

    MacroCell: Name=__ONE__, Mode=(Combinatorial)
        Total # of inputs        : 0
        Total # of product terms : 0
            Clock Enable: True
        Main Equation            : 0 pterms
        !(
            0
        );
        Output = __ONE__ (fanout=1)

    MacroCell: Name=\UART_LOG:BUART:txn\, Mode=(D-Register)
        Total # of inputs        : 7
        Total # of product terms : 5
        List of special equations: 
            Clock  = (\UART_LOG:Net_9\) => Global
            Clock Enable: True
        Main Equation            : 5 pterms
        (
              \UART_LOG:BUART:txn\ * \UART_LOG:BUART:tx_state_1\ * 
              !\UART_LOG:BUART:tx_bitclk\
            + \UART_LOG:BUART:txn\ * \UART_LOG:BUART:tx_state_2\
            + !\UART_LOG:BUART:tx_state_1\ * \UART_LOG:BUART:tx_state_0\ * 
              !\UART_LOG:BUART:tx_shift_out\ * !\UART_LOG:BUART:tx_state_2\
            + !\UART_LOG:BUART:tx_state_1\ * \UART_LOG:BUART:tx_state_0\ * 
              !\UART_LOG:BUART:tx_state_2\ * !\UART_LOG:BUART:tx_bitclk\
            + \UART_LOG:BUART:tx_state_1\ * !\UART_LOG:BUART:tx_state_0\ * 
              !\UART_LOG:BUART:tx_shift_out\ * !\UART_LOG:BUART:tx_state_2\ * 
              !\UART_LOG:BUART:tx_counter_dp\ * \UART_LOG:BUART:tx_bitclk\
        );
        Output = \UART_LOG:BUART:txn\ (fanout=2)

    MacroCell: Name=\UART_LOG:BUART:tx_state_1\, Mode=(T-Register)
        Total # of inputs        : 6
        Total # of product terms : 3
        List of special equations: 
            Clock  = (\UART_LOG:Net_9\) => Global
            Clock Enable: True
        Main Equation            : 3 pterms
        (
              \UART_LOG:BUART:tx_state_1\ * \UART_LOG:BUART:tx_state_0\ * 
              \UART_LOG:BUART:tx_bitclk_enable_pre\ * 
              \UART_LOG:BUART:tx_state_2\
            + \UART_LOG:BUART:tx_state_1\ * !\UART_LOG:BUART:tx_state_2\ * 
              \UART_LOG:BUART:tx_counter_dp\ * \UART_LOG:BUART:tx_bitclk\
            + \UART_LOG:BUART:tx_state_0\ * !\UART_LOG:BUART:tx_state_2\ * 
              \UART_LOG:BUART:tx_bitclk\
        );
        Output = \UART_LOG:BUART:tx_state_1\ (fanout=8)

    MacroCell: Name=\UART_LOG:BUART:tx_state_0\, Mode=(T-Register)
        Total # of inputs        : 6
        Total # of product terms : 4
        List of special equations: 
            Clock  = (\UART_LOG:Net_9\) => Global
            Clock Enable: True
        Main Equation            : 4 pterms
        (
              !\UART_LOG:BUART:tx_state_1\ * !\UART_LOG:BUART:tx_state_0\ * 
              \UART_LOG:BUART:tx_bitclk_enable_pre\ * 
              !\UART_LOG:BUART:tx_fifo_empty\
            + !\UART_LOG:BUART:tx_state_1\ * !\UART_LOG:BUART:tx_state_0\ * 
              !\UART_LOG:BUART:tx_fifo_empty\ * !\UART_LOG:BUART:tx_state_2\
            + \UART_LOG:BUART:tx_state_1\ * \UART_LOG:BUART:tx_state_0\ * 
              \UART_LOG:BUART:tx_bitclk_enable_pre\ * 
              \UART_LOG:BUART:tx_fifo_empty\ * \UART_LOG:BUART:tx_state_2\
            + \UART_LOG:BUART:tx_state_0\ * !\UART_LOG:BUART:tx_state_2\ * 
              \UART_LOG:BUART:tx_bitclk\
        );
        Output = \UART_LOG:BUART:tx_state_0\ (fanout=8)

    MacroCell: Name=\UART_LOG:BUART:tx_state_2\, Mode=(T-Register)
        Total # of inputs        : 6
        Total # of product terms : 4
        List of special equations: 
            Clock  = (\UART_LOG:Net_9\) => Global
            Clock Enable: True
        Main Equation            : 4 pterms
        (
              !\UART_LOG:BUART:tx_state_1\ * !\UART_LOG:BUART:tx_state_0\ * 
              \UART_LOG:BUART:tx_bitclk_enable_pre\ * 
              \UART_LOG:BUART:tx_state_2\
            + \UART_LOG:BUART:tx_state_1\ * \UART_LOG:BUART:tx_state_0\ * 
              \UART_LOG:BUART:tx_bitclk_enable_pre\ * 
              \UART_LOG:BUART:tx_state_2\
            + \UART_LOG:BUART:tx_state_1\ * \UART_LOG:BUART:tx_state_0\ * 
              !\UART_LOG:BUART:tx_state_2\ * \UART_LOG:BUART:tx_bitclk\
            + \UART_LOG:BUART:tx_state_1\ * !\UART_LOG:BUART:tx_state_2\ * 
              \UART_LOG:BUART:tx_counter_dp\ * \UART_LOG:BUART:tx_bitclk\
        );
        Output = \UART_LOG:BUART:tx_state_2\ (fanout=7)

    MacroCell: Name=\UART_LOG:BUART:tx_bitclk\, Mode=(D-Register)
        Total # of inputs        : 4
        Total # of product terms : 2
        List of special equations: 
            Clock  = (\UART_LOG:Net_9\) => Global
            Clock Enable: True
        Main Equation            : 2 pterms
        !(
              !\UART_LOG:BUART:tx_state_1\ * !\UART_LOG:BUART:tx_state_0\ * 
              \UART_LOG:BUART:tx_state_2\
            + !\UART_LOG:BUART:tx_bitclk_enable_pre\
        );
        Output = \UART_LOG:BUART:tx_bitclk\ (fanout=4)

    MacroCell: Name=\UART_LOG:BUART:tx_ctrl_mark_last\, Mode=(T-Register)
        Total # of inputs        : 0
        Total # of product terms : 0
        List of special equations: 
            Clock  = (\UART_LOG:Net_9\) => Global
            Clock Enable: True
        Main Equation            : 0 pterms
        (
            0
        );
        Output = \UART_LOG:BUART:tx_ctrl_mark_last\ (fanout=8)

    MacroCell: Name=\UART_LOG:BUART:rx_state_0\, Mode=(T-Register)
        Total # of inputs        : 11
        Total # of product terms : 4
        List of special equations: 
            Clock  = (\UART_LOG:Net_9\) => Global
            Clock Enable: True
        Main Equation            : 4 pterms
        (
              !\UART_LOG:BUART:tx_ctrl_mark_last\ * 
              !\UART_LOG:BUART:rx_state_0\ * 
              \UART_LOG:BUART:rx_bitclk_enable\ * 
              !\UART_LOG:BUART:rx_state_3\ * \UART_LOG:BUART:rx_state_2\ * 
              !\UART_LOG:BUART:pollcount_1\ * !\UART_LOG:BUART:pollcount_0\
            + !\UART_LOG:BUART:tx_ctrl_mark_last\ * 
              !\UART_LOG:BUART:rx_state_0\ * 
              \UART_LOG:BUART:rx_bitclk_enable\ * 
              !\UART_LOG:BUART:rx_state_3\ * \UART_LOG:BUART:rx_state_2\ * 
              !\UART_LOG:BUART:pollcount_1\ * !Net_1845_SYNCOUT
            + !\UART_LOG:BUART:tx_ctrl_mark_last\ * 
              \UART_LOG:BUART:rx_state_0\ * !\UART_LOG:BUART:rx_state_3\ * 
              !\UART_LOG:BUART:rx_state_2\ * !\UART_LOG:BUART:rx_count_6\ * 
              !\UART_LOG:BUART:rx_count_5\
            + !\UART_LOG:BUART:tx_ctrl_mark_last\ * 
              \UART_LOG:BUART:rx_state_0\ * !\UART_LOG:BUART:rx_state_3\ * 
              !\UART_LOG:BUART:rx_state_2\ * !\UART_LOG:BUART:rx_count_6\ * 
              !\UART_LOG:BUART:rx_count_4\
        );
        Output = \UART_LOG:BUART:rx_state_0\ (fanout=8)

    MacroCell: Name=\UART_LOG:BUART:rx_load_fifo\, Mode=(D-Register)
        Total # of inputs        : 8
        Total # of product terms : 3
        List of special equations: 
            Clock  = (\UART_LOG:Net_9\) => Global
            Clock Enable: True
        Main Equation            : 3 pterms
        (
              !\UART_LOG:BUART:tx_ctrl_mark_last\ * 
              !\UART_LOG:BUART:rx_state_0\ * 
              \UART_LOG:BUART:rx_bitclk_enable\ * \UART_LOG:BUART:rx_state_3\ * 
              !\UART_LOG:BUART:rx_state_2\
            + !\UART_LOG:BUART:tx_ctrl_mark_last\ * 
              \UART_LOG:BUART:rx_state_0\ * !\UART_LOG:BUART:rx_state_3\ * 
              !\UART_LOG:BUART:rx_state_2\ * !\UART_LOG:BUART:rx_count_6\ * 
              !\UART_LOG:BUART:rx_count_5\
            + !\UART_LOG:BUART:tx_ctrl_mark_last\ * 
              \UART_LOG:BUART:rx_state_0\ * !\UART_LOG:BUART:rx_state_3\ * 
              !\UART_LOG:BUART:rx_state_2\ * !\UART_LOG:BUART:rx_count_6\ * 
              !\UART_LOG:BUART:rx_count_4\
        );
        Output = \UART_LOG:BUART:rx_load_fifo\ (fanout=2)

    MacroCell: Name=\UART_LOG:BUART:rx_state_3\, Mode=(T-Register)
        Total # of inputs        : 8
        Total # of product terms : 3
        List of special equations: 
            Clock  = (\UART_LOG:Net_9\) => Global
            Clock Enable: True
        Main Equation            : 3 pterms
        (
              !\UART_LOG:BUART:tx_ctrl_mark_last\ * 
              !\UART_LOG:BUART:rx_state_0\ * 
              \UART_LOG:BUART:rx_bitclk_enable\ * \UART_LOG:BUART:rx_state_3\ * 
              \UART_LOG:BUART:rx_state_2\
            + !\UART_LOG:BUART:tx_ctrl_mark_last\ * 
              \UART_LOG:BUART:rx_state_0\ * !\UART_LOG:BUART:rx_state_3\ * 
              !\UART_LOG:BUART:rx_state_2\ * !\UART_LOG:BUART:rx_count_6\ * 
              !\UART_LOG:BUART:rx_count_5\
            + !\UART_LOG:BUART:tx_ctrl_mark_last\ * 
              \UART_LOG:BUART:rx_state_0\ * !\UART_LOG:BUART:rx_state_3\ * 
              !\UART_LOG:BUART:rx_state_2\ * !\UART_LOG:BUART:rx_count_6\ * 
              !\UART_LOG:BUART:rx_count_4\
        );
        Output = \UART_LOG:BUART:rx_state_3\ (fanout=7)

    MacroCell: Name=\UART_LOG:BUART:rx_state_2\, Mode=(T-Register)
        Total # of inputs        : 10
        Total # of product terms : 5
        List of special equations: 
            Clock  = (\UART_LOG:Net_9\) => Global
            Clock Enable: True
        Main Equation            : 5 pterms
        (
              !\UART_LOG:BUART:tx_ctrl_mark_last\ * 
              !\UART_LOG:BUART:rx_state_0\ * 
              \UART_LOG:BUART:rx_bitclk_enable\ * \UART_LOG:BUART:rx_state_3\
            + !\UART_LOG:BUART:tx_ctrl_mark_last\ * 
              !\UART_LOG:BUART:rx_state_0\ * 
              \UART_LOG:BUART:rx_bitclk_enable\ * \UART_LOG:BUART:rx_state_2\
            + !\UART_LOG:BUART:tx_ctrl_mark_last\ * 
              !\UART_LOG:BUART:rx_state_0\ * !\UART_LOG:BUART:rx_state_3\ * 
              !\UART_LOG:BUART:rx_state_2\ * \UART_LOG:BUART:rx_last\ * 
              !Net_1845_SYNCOUT
            + !\UART_LOG:BUART:tx_ctrl_mark_last\ * 
              \UART_LOG:BUART:rx_state_0\ * !\UART_LOG:BUART:rx_state_3\ * 
              !\UART_LOG:BUART:rx_state_2\ * !\UART_LOG:BUART:rx_count_6\ * 
              !\UART_LOG:BUART:rx_count_5\
            + !\UART_LOG:BUART:tx_ctrl_mark_last\ * 
              \UART_LOG:BUART:rx_state_0\ * !\UART_LOG:BUART:rx_state_3\ * 
              !\UART_LOG:BUART:rx_state_2\ * !\UART_LOG:BUART:rx_count_6\ * 
              !\UART_LOG:BUART:rx_count_4\
        );
        Output = \UART_LOG:BUART:rx_state_2\ (fanout=7)

    MacroCell: Name=\UART_LOG:BUART:rx_bitclk_enable\, Mode=(D-Register)
        Total # of inputs        : 3
        Total # of product terms : 1
        List of special equations: 
            Clock  = (\UART_LOG:Net_9\) => Global
            Clock Enable: True
        Main Equation            : 1 pterm
        (
              !\UART_LOG:BUART:rx_count_2\ * !\UART_LOG:BUART:rx_count_1\ * 
              !\UART_LOG:BUART:rx_count_0\
        );
        Output = \UART_LOG:BUART:rx_bitclk_enable\ (fanout=6)

    MacroCell: Name=\UART_LOG:BUART:rx_state_stop1_reg\, Mode=(D-Register)
        Total # of inputs        : 4
        Total # of product terms : 1
        List of special equations: 
            Clock  = (\UART_LOG:Net_9\) => Global
            Clock Enable: True
        Main Equation            : 1 pterm
        !(
              !\UART_LOG:BUART:tx_ctrl_mark_last\ * 
              !\UART_LOG:BUART:rx_state_0\ * \UART_LOG:BUART:rx_state_3\ * 
              \UART_LOG:BUART:rx_state_2\
        );
        Output = \UART_LOG:BUART:rx_state_stop1_reg\ (fanout=1)

    MacroCell: Name=\UART_LOG:BUART:pollcount_1\, Mode=(D-Register)
        Total # of inputs        : 5
        Total # of product terms : 3
        List of special equations: 
            Clock  = (\UART_LOG:Net_9\) => Global
            Clock Enable: True
        Main Equation            : 3 pterms
        (
              !\UART_LOG:BUART:rx_count_2\ * !\UART_LOG:BUART:rx_count_1\ * 
              !\UART_LOG:BUART:pollcount_1\ * \UART_LOG:BUART:pollcount_0\ * 
              Net_1845_SYNCOUT
            + !\UART_LOG:BUART:rx_count_2\ * !\UART_LOG:BUART:rx_count_1\ * 
              \UART_LOG:BUART:pollcount_1\ * !\UART_LOG:BUART:pollcount_0\
            + !\UART_LOG:BUART:rx_count_2\ * !\UART_LOG:BUART:rx_count_1\ * 
              \UART_LOG:BUART:pollcount_1\ * !Net_1845_SYNCOUT
        );
        Output = \UART_LOG:BUART:pollcount_1\ (fanout=4)

    MacroCell: Name=\UART_LOG:BUART:pollcount_0\, Mode=(D-Register)
        Total # of inputs        : 4
        Total # of product terms : 2
        List of special equations: 
            Clock  = (\UART_LOG:Net_9\) => Global
            Clock Enable: True
        Main Equation            : 2 pterms
        (
              !\UART_LOG:BUART:rx_count_2\ * !\UART_LOG:BUART:rx_count_1\ * 
              !\UART_LOG:BUART:pollcount_0\ * Net_1845_SYNCOUT
            + !\UART_LOG:BUART:rx_count_2\ * !\UART_LOG:BUART:rx_count_1\ * 
              \UART_LOG:BUART:pollcount_0\ * !Net_1845_SYNCOUT
        );
        Output = \UART_LOG:BUART:pollcount_0\ (fanout=5)

    MacroCell: Name=\UART_LOG:BUART:rx_status_3\, Mode=(D-Register)
        Total # of inputs        : 8
        Total # of product terms : 2
        List of special equations: 
            Clock  = (\UART_LOG:Net_9\) => Global
            Clock Enable: True
        Main Equation            : 2 pterms
        (
              !\UART_LOG:BUART:tx_ctrl_mark_last\ * 
              !\UART_LOG:BUART:rx_state_0\ * 
              \UART_LOG:BUART:rx_bitclk_enable\ * \UART_LOG:BUART:rx_state_3\ * 
              \UART_LOG:BUART:rx_state_2\ * !\UART_LOG:BUART:pollcount_1\ * 
              !\UART_LOG:BUART:pollcount_0\
            + !\UART_LOG:BUART:tx_ctrl_mark_last\ * 
              !\UART_LOG:BUART:rx_state_0\ * 
              \UART_LOG:BUART:rx_bitclk_enable\ * \UART_LOG:BUART:rx_state_3\ * 
              \UART_LOG:BUART:rx_state_2\ * !\UART_LOG:BUART:pollcount_1\ * 
              !Net_1845_SYNCOUT
        );
        Output = \UART_LOG:BUART:rx_status_3\ (fanout=1)

    MacroCell: Name=\UART_LOG:BUART:rx_last\, Mode=(D-Register)
        Total # of inputs        : 1
        Total # of product terms : 1
        List of special equations: 
            Clock  = (\UART_LOG:Net_9\) => Global
            Clock Enable: True
        Main Equation            : 1 pterm
        (
              Net_1845_SYNCOUT
        );
        Output = \UART_LOG:BUART:rx_last\ (fanout=1)

    MacroCell: Name=\RGB_PWM_red:PWMUDB:runmode_enable\, Mode=(D-Register)
        Total # of inputs        : 1
        Total # of product terms : 1
        List of special equations: 
            Clock  = (Net_2605) => Global
            Clock Enable: True
        Main Equation            : 1 pterm
        (
              \RGB_PWM_red:PWMUDB:control_7\
        );
        Output = \RGB_PWM_red:PWMUDB:runmode_enable\ (fanout=3)

    MacroCell: Name=Net_403, Mode=(D-Register)
        Total # of inputs        : 2
        Total # of product terms : 1
        List of special equations: 
            Clock  = (Net_2605) => Global
            Clock Enable: True
        Main Equation            : 1 pterm
        (
              \RGB_PWM_red:PWMUDB:runmode_enable\ * 
              \RGB_PWM_red:PWMUDB:cmp1_less\
        );
        Output = Net_403 (fanout=1)

    MacroCell: Name=\RGB_PWM_green:PWMUDB:runmode_enable\, Mode=(D-Register)
        Total # of inputs        : 1
        Total # of product terms : 1
        List of special equations: 
            Clock  = (Net_2605) => Global
            Clock Enable: True
        Main Equation            : 1 pterm
        (
              \RGB_PWM_green:PWMUDB:control_7\
        );
        Output = \RGB_PWM_green:PWMUDB:runmode_enable\ (fanout=3)

    MacroCell: Name=Net_481, Mode=(D-Register)
        Total # of inputs        : 2
        Total # of product terms : 1
        List of special equations: 
            Clock  = (Net_2605) => Global
            Clock Enable: True
        Main Equation            : 1 pterm
        (
              \RGB_PWM_green:PWMUDB:runmode_enable\ * 
              \RGB_PWM_green:PWMUDB:cmp1_less\
        );
        Output = Net_481 (fanout=1)

    MacroCell: Name=\RGB_PWM_blue:PWMUDB:runmode_enable\, Mode=(D-Register)
        Total # of inputs        : 1
        Total # of product terms : 1
        List of special equations: 
            Clock  = (Net_2605) => Global
            Clock Enable: True
        Main Equation            : 1 pterm
        (
              \RGB_PWM_blue:PWMUDB:control_7\
        );
        Output = \RGB_PWM_blue:PWMUDB:runmode_enable\ (fanout=3)

    MacroCell: Name=Net_429, Mode=(D-Register)
        Total # of inputs        : 2
        Total # of product terms : 1
        List of special equations: 
            Clock  = (Net_2605) => Global
            Clock Enable: True
        Main Equation            : 1 pterm
        (
              \RGB_PWM_blue:PWMUDB:runmode_enable\ * 
              \RGB_PWM_blue:PWMUDB:cmp1_less\
        );
        Output = Net_429 (fanout=1)

    MacroCell: Name=\JOYSTICK_ADC_XY:AMuxHw_2_Decoder_old_id_5\, Mode=(D-Register)
        Total # of inputs        : 1
        Total # of product terms : 1
        List of special equations: 
            Clock  = (\JOYSTICK_ADC_XY:clock\) => Global
            Clock Enable: True
        Main Equation            : 1 pterm
        (
              \JOYSTICK_ADC_XY:ch_addr_5\
        );
        Output = \JOYSTICK_ADC_XY:AMuxHw_2_Decoder_old_id_5\ (fanout=66)

    MacroCell: Name=\JOYSTICK_ADC_XY:AMuxHw_2_Decoder_old_id_4\, Mode=(D-Register)
        Total # of inputs        : 1
        Total # of product terms : 1
        List of special equations: 
            Clock  = (\JOYSTICK_ADC_XY:clock\) => Global
            Clock Enable: True
        Main Equation            : 1 pterm
        (
              \JOYSTICK_ADC_XY:ch_addr_4\
        );
        Output = \JOYSTICK_ADC_XY:AMuxHw_2_Decoder_old_id_4\ (fanout=66)

    MacroCell: Name=\JOYSTICK_ADC_XY:AMuxHw_2_Decoder_old_id_3\, Mode=(D-Register)
        Total # of inputs        : 1
        Total # of product terms : 1
        List of special equations: 
            Clock  = (\JOYSTICK_ADC_XY:clock\) => Global
            Clock Enable: True
        Main Equation            : 1 pterm
        (
              \JOYSTICK_ADC_XY:ch_addr_3\
        );
        Output = \JOYSTICK_ADC_XY:AMuxHw_2_Decoder_old_id_3\ (fanout=66)

    MacroCell: Name=\JOYSTICK_ADC_XY:AMuxHw_2_Decoder_old_id_2\, Mode=(D-Register)
        Total # of inputs        : 1
        Total # of product terms : 1
        List of special equations: 
            Clock  = (\JOYSTICK_ADC_XY:clock\) => Global
            Clock Enable: True
        Main Equation            : 1 pterm
        (
              \JOYSTICK_ADC_XY:ch_addr_2\
        );
        Output = \JOYSTICK_ADC_XY:AMuxHw_2_Decoder_old_id_2\ (fanout=66)

    MacroCell: Name=\JOYSTICK_ADC_XY:AMuxHw_2_Decoder_old_id_1\, Mode=(D-Register)
        Total # of inputs        : 1
        Total # of product terms : 1
        List of special equations: 
            Clock  = (\JOYSTICK_ADC_XY:clock\) => Global
            Clock Enable: True
        Main Equation            : 1 pterm
        (
              \JOYSTICK_ADC_XY:ch_addr_1\
        );
        Output = \JOYSTICK_ADC_XY:AMuxHw_2_Decoder_old_id_1\ (fanout=65)

    MacroCell: Name=\JOYSTICK_ADC_XY:AMuxHw_2_Decoder_old_id_0\, Mode=(D-Register)
        Total # of inputs        : 1
        Total # of product terms : 1
        List of special equations: 
            Clock  = (\JOYSTICK_ADC_XY:clock\) => Global
            Clock Enable: True
        Main Equation            : 1 pterm
        (
              \JOYSTICK_ADC_XY:ch_addr_0\
        );
        Output = \JOYSTICK_ADC_XY:AMuxHw_2_Decoder_old_id_0\ (fanout=65)

    MacroCell: Name=\JOYSTICK_ADC_XY:AMuxHw_2_Decoder_one_hot_0\, Mode=(D-Register)
        Total # of inputs        : 7
        Total # of product terms : 1
        List of special equations: 
            Clock  = (\JOYSTICK_ADC_XY:clock\) => Global
            Clock Enable: True
        Main Equation            : 1 pterm
        (
              \JOYSTICK_ADC_XY:AMuxHw_2_Decoder_is_active\ * 
              !\JOYSTICK_ADC_XY:AMuxHw_2_Decoder_old_id_5\ * 
              !\JOYSTICK_ADC_XY:AMuxHw_2_Decoder_old_id_4\ * 
              !\JOYSTICK_ADC_XY:AMuxHw_2_Decoder_old_id_3\ * 
              !\JOYSTICK_ADC_XY:AMuxHw_2_Decoder_old_id_2\ * 
              !\JOYSTICK_ADC_XY:AMuxHw_2_Decoder_old_id_1\ * 
              !\JOYSTICK_ADC_XY:AMuxHw_2_Decoder_old_id_0\
        );
        Output = \JOYSTICK_ADC_XY:AMuxHw_2_Decoder_one_hot_0\ (fanout=1)

    MacroCell: Name=\JOYSTICK_ADC_XY:AMuxHw_2_Decoder_one_hot_1\, Mode=(D-Register)
        Total # of inputs        : 7
        Total # of product terms : 1
        List of special equations: 
            Clock  = (\JOYSTICK_ADC_XY:clock\) => Global
            Clock Enable: True
        Main Equation            : 1 pterm
        (
              \JOYSTICK_ADC_XY:AMuxHw_2_Decoder_is_active\ * 
              !\JOYSTICK_ADC_XY:AMuxHw_2_Decoder_old_id_5\ * 
              !\JOYSTICK_ADC_XY:AMuxHw_2_Decoder_old_id_4\ * 
              !\JOYSTICK_ADC_XY:AMuxHw_2_Decoder_old_id_3\ * 
              !\JOYSTICK_ADC_XY:AMuxHw_2_Decoder_old_id_2\ * 
              !\JOYSTICK_ADC_XY:AMuxHw_2_Decoder_old_id_1\ * 
              \JOYSTICK_ADC_XY:AMuxHw_2_Decoder_old_id_0\
        );
        Output = \JOYSTICK_ADC_XY:AMuxHw_2_Decoder_one_hot_1\ (fanout=1)

    MacroCell: Name=\JOYSTICK_ADC_XY:AMuxHw_2_Decoder_one_hot_2\, Mode=(D-Register)
        Total # of inputs        : 7
        Total # of product terms : 1
        List of special equations: 
            Clock  = (\JOYSTICK_ADC_XY:clock\) => Global
            Clock Enable: True
        Main Equation            : 1 pterm
        (
              \JOYSTICK_ADC_XY:AMuxHw_2_Decoder_is_active\ * 
              !\JOYSTICK_ADC_XY:AMuxHw_2_Decoder_old_id_5\ * 
              !\JOYSTICK_ADC_XY:AMuxHw_2_Decoder_old_id_4\ * 
              !\JOYSTICK_ADC_XY:AMuxHw_2_Decoder_old_id_3\ * 
              !\JOYSTICK_ADC_XY:AMuxHw_2_Decoder_old_id_2\ * 
              \JOYSTICK_ADC_XY:AMuxHw_2_Decoder_old_id_1\ * 
              !\JOYSTICK_ADC_XY:AMuxHw_2_Decoder_old_id_0\
        );
        Output = \JOYSTICK_ADC_XY:AMuxHw_2_Decoder_one_hot_2\ (fanout=1)

    MacroCell: Name=\JOYSTICK_ADC_XY:AMuxHw_2_Decoder_one_hot_3\, Mode=(D-Register)
        Total # of inputs        : 7
        Total # of product terms : 1
        List of special equations: 
            Clock  = (\JOYSTICK_ADC_XY:clock\) => Global
            Clock Enable: True
        Main Equation            : 1 pterm
        (
              \JOYSTICK_ADC_XY:AMuxHw_2_Decoder_is_active\ * 
              !\JOYSTICK_ADC_XY:AMuxHw_2_Decoder_old_id_5\ * 
              !\JOYSTICK_ADC_XY:AMuxHw_2_Decoder_old_id_4\ * 
              !\JOYSTICK_ADC_XY:AMuxHw_2_Decoder_old_id_3\ * 
              !\JOYSTICK_ADC_XY:AMuxHw_2_Decoder_old_id_2\ * 
              \JOYSTICK_ADC_XY:AMuxHw_2_Decoder_old_id_1\ * 
              \JOYSTICK_ADC_XY:AMuxHw_2_Decoder_old_id_0\
        );
        Output = \JOYSTICK_ADC_XY:AMuxHw_2_Decoder_one_hot_3\ (fanout=1)

    MacroCell: Name=\JOYSTICK_ADC_XY:AMuxHw_2_Decoder_one_hot_4\, Mode=(D-Register)
        Total # of inputs        : 7
        Total # of product terms : 1
        List of special equations: 
            Clock  = (\JOYSTICK_ADC_XY:clock\) => Global
            Clock Enable: True
        Main Equation            : 1 pterm
        (
              \JOYSTICK_ADC_XY:AMuxHw_2_Decoder_is_active\ * 
              !\JOYSTICK_ADC_XY:AMuxHw_2_Decoder_old_id_5\ * 
              !\JOYSTICK_ADC_XY:AMuxHw_2_Decoder_old_id_4\ * 
              !\JOYSTICK_ADC_XY:AMuxHw_2_Decoder_old_id_3\ * 
              \JOYSTICK_ADC_XY:AMuxHw_2_Decoder_old_id_2\ * 
              !\JOYSTICK_ADC_XY:AMuxHw_2_Decoder_old_id_1\ * 
              !\JOYSTICK_ADC_XY:AMuxHw_2_Decoder_old_id_0\
        );
        Output = \JOYSTICK_ADC_XY:AMuxHw_2_Decoder_one_hot_4\ (fanout=1)

    MacroCell: Name=\JOYSTICK_ADC_XY:AMuxHw_2_Decoder_one_hot_5\, Mode=(D-Register)
        Total # of inputs        : 7
        Total # of product terms : 1
        List of special equations: 
            Clock  = (\JOYSTICK_ADC_XY:clock\) => Global
            Clock Enable: True
        Main Equation            : 1 pterm
        (
              \JOYSTICK_ADC_XY:AMuxHw_2_Decoder_is_active\ * 
              !\JOYSTICK_ADC_XY:AMuxHw_2_Decoder_old_id_5\ * 
              !\JOYSTICK_ADC_XY:AMuxHw_2_Decoder_old_id_4\ * 
              !\JOYSTICK_ADC_XY:AMuxHw_2_Decoder_old_id_3\ * 
              \JOYSTICK_ADC_XY:AMuxHw_2_Decoder_old_id_2\ * 
              !\JOYSTICK_ADC_XY:AMuxHw_2_Decoder_old_id_1\ * 
              \JOYSTICK_ADC_XY:AMuxHw_2_Decoder_old_id_0\
        );
        Output = \JOYSTICK_ADC_XY:AMuxHw_2_Decoder_one_hot_5\ (fanout=1)

    MacroCell: Name=\JOYSTICK_ADC_XY:AMuxHw_2_Decoder_one_hot_6\, Mode=(D-Register)
        Total # of inputs        : 7
        Total # of product terms : 1
        List of special equations: 
            Clock  = (\JOYSTICK_ADC_XY:clock\) => Global
            Clock Enable: True
        Main Equation            : 1 pterm
        (
              \JOYSTICK_ADC_XY:AMuxHw_2_Decoder_is_active\ * 
              !\JOYSTICK_ADC_XY:AMuxHw_2_Decoder_old_id_5\ * 
              !\JOYSTICK_ADC_XY:AMuxHw_2_Decoder_old_id_4\ * 
              !\JOYSTICK_ADC_XY:AMuxHw_2_Decoder_old_id_3\ * 
              \JOYSTICK_ADC_XY:AMuxHw_2_Decoder_old_id_2\ * 
              \JOYSTICK_ADC_XY:AMuxHw_2_Decoder_old_id_1\ * 
              !\JOYSTICK_ADC_XY:AMuxHw_2_Decoder_old_id_0\
        );
        Output = \JOYSTICK_ADC_XY:AMuxHw_2_Decoder_one_hot_6\ (fanout=1)

    MacroCell: Name=\JOYSTICK_ADC_XY:AMuxHw_2_Decoder_one_hot_7\, Mode=(D-Register)
        Total # of inputs        : 7
        Total # of product terms : 1
        List of special equations: 
            Clock  = (\JOYSTICK_ADC_XY:clock\) => Global
            Clock Enable: True
        Main Equation            : 1 pterm
        (
              \JOYSTICK_ADC_XY:AMuxHw_2_Decoder_is_active\ * 
              !\JOYSTICK_ADC_XY:AMuxHw_2_Decoder_old_id_5\ * 
              !\JOYSTICK_ADC_XY:AMuxHw_2_Decoder_old_id_4\ * 
              !\JOYSTICK_ADC_XY:AMuxHw_2_Decoder_old_id_3\ * 
              \JOYSTICK_ADC_XY:AMuxHw_2_Decoder_old_id_2\ * 
              \JOYSTICK_ADC_XY:AMuxHw_2_Decoder_old_id_1\ * 
              \JOYSTICK_ADC_XY:AMuxHw_2_Decoder_old_id_0\
        );
        Output = \JOYSTICK_ADC_XY:AMuxHw_2_Decoder_one_hot_7\ (fanout=1)

    MacroCell: Name=\JOYSTICK_ADC_XY:AMuxHw_2_Decoder_one_hot_8\, Mode=(D-Register)
        Total # of inputs        : 7
        Total # of product terms : 1
        List of special equations: 
            Clock  = (\JOYSTICK_ADC_XY:clock\) => Global
            Clock Enable: True
        Main Equation            : 1 pterm
        (
              \JOYSTICK_ADC_XY:AMuxHw_2_Decoder_is_active\ * 
              !\JOYSTICK_ADC_XY:AMuxHw_2_Decoder_old_id_5\ * 
              !\JOYSTICK_ADC_XY:AMuxHw_2_Decoder_old_id_4\ * 
              \JOYSTICK_ADC_XY:AMuxHw_2_Decoder_old_id_3\ * 
              !\JOYSTICK_ADC_XY:AMuxHw_2_Decoder_old_id_2\ * 
              !\JOYSTICK_ADC_XY:AMuxHw_2_Decoder_old_id_1\ * 
              !\JOYSTICK_ADC_XY:AMuxHw_2_Decoder_old_id_0\
        );
        Output = \JOYSTICK_ADC_XY:AMuxHw_2_Decoder_one_hot_8\ (fanout=1)

    MacroCell: Name=\JOYSTICK_ADC_XY:AMuxHw_2_Decoder_one_hot_9\, Mode=(D-Register)
        Total # of inputs        : 7
        Total # of product terms : 1
        List of special equations: 
            Clock  = (\JOYSTICK_ADC_XY:clock\) => Global
            Clock Enable: True
        Main Equation            : 1 pterm
        (
              \JOYSTICK_ADC_XY:AMuxHw_2_Decoder_is_active\ * 
              !\JOYSTICK_ADC_XY:AMuxHw_2_Decoder_old_id_5\ * 
              !\JOYSTICK_ADC_XY:AMuxHw_2_Decoder_old_id_4\ * 
              \JOYSTICK_ADC_XY:AMuxHw_2_Decoder_old_id_3\ * 
              !\JOYSTICK_ADC_XY:AMuxHw_2_Decoder_old_id_2\ * 
              !\JOYSTICK_ADC_XY:AMuxHw_2_Decoder_old_id_1\ * 
              \JOYSTICK_ADC_XY:AMuxHw_2_Decoder_old_id_0\
        );
        Output = \JOYSTICK_ADC_XY:AMuxHw_2_Decoder_one_hot_9\ (fanout=1)

    MacroCell: Name=\JOYSTICK_ADC_XY:AMuxHw_2_Decoder_one_hot_10\, Mode=(D-Register)
        Total # of inputs        : 7
        Total # of product terms : 1
        List of special equations: 
            Clock  = (\JOYSTICK_ADC_XY:clock\) => Global
            Clock Enable: True
        Main Equation            : 1 pterm
        (
              \JOYSTICK_ADC_XY:AMuxHw_2_Decoder_is_active\ * 
              !\JOYSTICK_ADC_XY:AMuxHw_2_Decoder_old_id_5\ * 
              !\JOYSTICK_ADC_XY:AMuxHw_2_Decoder_old_id_4\ * 
              \JOYSTICK_ADC_XY:AMuxHw_2_Decoder_old_id_3\ * 
              !\JOYSTICK_ADC_XY:AMuxHw_2_Decoder_old_id_2\ * 
              \JOYSTICK_ADC_XY:AMuxHw_2_Decoder_old_id_1\ * 
              !\JOYSTICK_ADC_XY:AMuxHw_2_Decoder_old_id_0\
        );
        Output = \JOYSTICK_ADC_XY:AMuxHw_2_Decoder_one_hot_10\ (fanout=1)

    MacroCell: Name=\JOYSTICK_ADC_XY:AMuxHw_2_Decoder_one_hot_11\, Mode=(D-Register)
        Total # of inputs        : 7
        Total # of product terms : 1
        List of special equations: 
            Clock  = (\JOYSTICK_ADC_XY:clock\) => Global
            Clock Enable: True
        Main Equation            : 1 pterm
        (
              \JOYSTICK_ADC_XY:AMuxHw_2_Decoder_is_active\ * 
              !\JOYSTICK_ADC_XY:AMuxHw_2_Decoder_old_id_5\ * 
              !\JOYSTICK_ADC_XY:AMuxHw_2_Decoder_old_id_4\ * 
              \JOYSTICK_ADC_XY:AMuxHw_2_Decoder_old_id_3\ * 
              !\JOYSTICK_ADC_XY:AMuxHw_2_Decoder_old_id_2\ * 
              \JOYSTICK_ADC_XY:AMuxHw_2_Decoder_old_id_1\ * 
              \JOYSTICK_ADC_XY:AMuxHw_2_Decoder_old_id_0\
        );
        Output = \JOYSTICK_ADC_XY:AMuxHw_2_Decoder_one_hot_11\ (fanout=1)

    MacroCell: Name=\JOYSTICK_ADC_XY:AMuxHw_2_Decoder_one_hot_12\, Mode=(D-Register)
        Total # of inputs        : 7
        Total # of product terms : 1
        List of special equations: 
            Clock  = (\JOYSTICK_ADC_XY:clock\) => Global
            Clock Enable: True
        Main Equation            : 1 pterm
        (
              \JOYSTICK_ADC_XY:AMuxHw_2_Decoder_is_active\ * 
              !\JOYSTICK_ADC_XY:AMuxHw_2_Decoder_old_id_5\ * 
              !\JOYSTICK_ADC_XY:AMuxHw_2_Decoder_old_id_4\ * 
              \JOYSTICK_ADC_XY:AMuxHw_2_Decoder_old_id_3\ * 
              \JOYSTICK_ADC_XY:AMuxHw_2_Decoder_old_id_2\ * 
              !\JOYSTICK_ADC_XY:AMuxHw_2_Decoder_old_id_1\ * 
              !\JOYSTICK_ADC_XY:AMuxHw_2_Decoder_old_id_0\
        );
        Output = \JOYSTICK_ADC_XY:AMuxHw_2_Decoder_one_hot_12\ (fanout=1)

    MacroCell: Name=\JOYSTICK_ADC_XY:AMuxHw_2_Decoder_one_hot_13\, Mode=(D-Register)
        Total # of inputs        : 7
        Total # of product terms : 1
        List of special equations: 
            Clock  = (\JOYSTICK_ADC_XY:clock\) => Global
            Clock Enable: True
        Main Equation            : 1 pterm
        (
              \JOYSTICK_ADC_XY:AMuxHw_2_Decoder_is_active\ * 
              !\JOYSTICK_ADC_XY:AMuxHw_2_Decoder_old_id_5\ * 
              !\JOYSTICK_ADC_XY:AMuxHw_2_Decoder_old_id_4\ * 
              \JOYSTICK_ADC_XY:AMuxHw_2_Decoder_old_id_3\ * 
              \JOYSTICK_ADC_XY:AMuxHw_2_Decoder_old_id_2\ * 
              !\JOYSTICK_ADC_XY:AMuxHw_2_Decoder_old_id_1\ * 
              \JOYSTICK_ADC_XY:AMuxHw_2_Decoder_old_id_0\
        );
        Output = \JOYSTICK_ADC_XY:AMuxHw_2_Decoder_one_hot_13\ (fanout=1)

    MacroCell: Name=\JOYSTICK_ADC_XY:AMuxHw_2_Decoder_one_hot_14\, Mode=(D-Register)
        Total # of inputs        : 7
        Total # of product terms : 1
        List of special equations: 
            Clock  = (\JOYSTICK_ADC_XY:clock\) => Global
            Clock Enable: True
        Main Equation            : 1 pterm
        (
              \JOYSTICK_ADC_XY:AMuxHw_2_Decoder_is_active\ * 
              !\JOYSTICK_ADC_XY:AMuxHw_2_Decoder_old_id_5\ * 
              !\JOYSTICK_ADC_XY:AMuxHw_2_Decoder_old_id_4\ * 
              \JOYSTICK_ADC_XY:AMuxHw_2_Decoder_old_id_3\ * 
              \JOYSTICK_ADC_XY:AMuxHw_2_Decoder_old_id_2\ * 
              \JOYSTICK_ADC_XY:AMuxHw_2_Decoder_old_id_1\ * 
              !\JOYSTICK_ADC_XY:AMuxHw_2_Decoder_old_id_0\
        );
        Output = \JOYSTICK_ADC_XY:AMuxHw_2_Decoder_one_hot_14\ (fanout=1)

    MacroCell: Name=\JOYSTICK_ADC_XY:AMuxHw_2_Decoder_one_hot_15\, Mode=(D-Register)
        Total # of inputs        : 7
        Total # of product terms : 1
        List of special equations: 
            Clock  = (\JOYSTICK_ADC_XY:clock\) => Global
            Clock Enable: True
        Main Equation            : 1 pterm
        (
              \JOYSTICK_ADC_XY:AMuxHw_2_Decoder_is_active\ * 
              !\JOYSTICK_ADC_XY:AMuxHw_2_Decoder_old_id_5\ * 
              !\JOYSTICK_ADC_XY:AMuxHw_2_Decoder_old_id_4\ * 
              \JOYSTICK_ADC_XY:AMuxHw_2_Decoder_old_id_3\ * 
              \JOYSTICK_ADC_XY:AMuxHw_2_Decoder_old_id_2\ * 
              \JOYSTICK_ADC_XY:AMuxHw_2_Decoder_old_id_1\ * 
              \JOYSTICK_ADC_XY:AMuxHw_2_Decoder_old_id_0\
        );
        Output = \JOYSTICK_ADC_XY:AMuxHw_2_Decoder_one_hot_15\ (fanout=1)

    MacroCell: Name=\JOYSTICK_ADC_XY:AMuxHw_2_Decoder_one_hot_16\, Mode=(D-Register)
        Total # of inputs        : 7
        Total # of product terms : 1
        List of special equations: 
            Clock  = (\JOYSTICK_ADC_XY:clock\) => Global
            Clock Enable: True
        Main Equation            : 1 pterm
        (
              \JOYSTICK_ADC_XY:AMuxHw_2_Decoder_is_active\ * 
              !\JOYSTICK_ADC_XY:AMuxHw_2_Decoder_old_id_5\ * 
              \JOYSTICK_ADC_XY:AMuxHw_2_Decoder_old_id_4\ * 
              !\JOYSTICK_ADC_XY:AMuxHw_2_Decoder_old_id_3\ * 
              !\JOYSTICK_ADC_XY:AMuxHw_2_Decoder_old_id_2\ * 
              !\JOYSTICK_ADC_XY:AMuxHw_2_Decoder_old_id_1\ * 
              !\JOYSTICK_ADC_XY:AMuxHw_2_Decoder_old_id_0\
        );
        Output = \JOYSTICK_ADC_XY:AMuxHw_2_Decoder_one_hot_16\ (fanout=1)

    MacroCell: Name=\JOYSTICK_ADC_XY:AMuxHw_2_Decoder_one_hot_17\, Mode=(D-Register)
        Total # of inputs        : 7
        Total # of product terms : 1
        List of special equations: 
            Clock  = (\JOYSTICK_ADC_XY:clock\) => Global
            Clock Enable: True
        Main Equation            : 1 pterm
        (
              \JOYSTICK_ADC_XY:AMuxHw_2_Decoder_is_active\ * 
              !\JOYSTICK_ADC_XY:AMuxHw_2_Decoder_old_id_5\ * 
              \JOYSTICK_ADC_XY:AMuxHw_2_Decoder_old_id_4\ * 
              !\JOYSTICK_ADC_XY:AMuxHw_2_Decoder_old_id_3\ * 
              !\JOYSTICK_ADC_XY:AMuxHw_2_Decoder_old_id_2\ * 
              !\JOYSTICK_ADC_XY:AMuxHw_2_Decoder_old_id_1\ * 
              \JOYSTICK_ADC_XY:AMuxHw_2_Decoder_old_id_0\
        );
        Output = \JOYSTICK_ADC_XY:AMuxHw_2_Decoder_one_hot_17\ (fanout=1)

    MacroCell: Name=\JOYSTICK_ADC_XY:AMuxHw_2_Decoder_one_hot_18\, Mode=(D-Register)
        Total # of inputs        : 7
        Total # of product terms : 1
        List of special equations: 
            Clock  = (\JOYSTICK_ADC_XY:clock\) => Global
            Clock Enable: True
        Main Equation            : 1 pterm
        (
              \JOYSTICK_ADC_XY:AMuxHw_2_Decoder_is_active\ * 
              !\JOYSTICK_ADC_XY:AMuxHw_2_Decoder_old_id_5\ * 
              \JOYSTICK_ADC_XY:AMuxHw_2_Decoder_old_id_4\ * 
              !\JOYSTICK_ADC_XY:AMuxHw_2_Decoder_old_id_3\ * 
              !\JOYSTICK_ADC_XY:AMuxHw_2_Decoder_old_id_2\ * 
              \JOYSTICK_ADC_XY:AMuxHw_2_Decoder_old_id_1\ * 
              !\JOYSTICK_ADC_XY:AMuxHw_2_Decoder_old_id_0\
        );
        Output = \JOYSTICK_ADC_XY:AMuxHw_2_Decoder_one_hot_18\ (fanout=1)

    MacroCell: Name=\JOYSTICK_ADC_XY:AMuxHw_2_Decoder_one_hot_19\, Mode=(D-Register)
        Total # of inputs        : 7
        Total # of product terms : 1
        List of special equations: 
            Clock  = (\JOYSTICK_ADC_XY:clock\) => Global
            Clock Enable: True
        Main Equation            : 1 pterm
        (
              \JOYSTICK_ADC_XY:AMuxHw_2_Decoder_is_active\ * 
              !\JOYSTICK_ADC_XY:AMuxHw_2_Decoder_old_id_5\ * 
              \JOYSTICK_ADC_XY:AMuxHw_2_Decoder_old_id_4\ * 
              !\JOYSTICK_ADC_XY:AMuxHw_2_Decoder_old_id_3\ * 
              !\JOYSTICK_ADC_XY:AMuxHw_2_Decoder_old_id_2\ * 
              \JOYSTICK_ADC_XY:AMuxHw_2_Decoder_old_id_1\ * 
              \JOYSTICK_ADC_XY:AMuxHw_2_Decoder_old_id_0\
        );
        Output = \JOYSTICK_ADC_XY:AMuxHw_2_Decoder_one_hot_19\ (fanout=1)

    MacroCell: Name=\JOYSTICK_ADC_XY:AMuxHw_2_Decoder_one_hot_20\, Mode=(D-Register)
        Total # of inputs        : 7
        Total # of product terms : 1
        List of special equations: 
            Clock  = (\JOYSTICK_ADC_XY:clock\) => Global
            Clock Enable: True
        Main Equation            : 1 pterm
        (
              \JOYSTICK_ADC_XY:AMuxHw_2_Decoder_is_active\ * 
              !\JOYSTICK_ADC_XY:AMuxHw_2_Decoder_old_id_5\ * 
              \JOYSTICK_ADC_XY:AMuxHw_2_Decoder_old_id_4\ * 
              !\JOYSTICK_ADC_XY:AMuxHw_2_Decoder_old_id_3\ * 
              \JOYSTICK_ADC_XY:AMuxHw_2_Decoder_old_id_2\ * 
              !\JOYSTICK_ADC_XY:AMuxHw_2_Decoder_old_id_1\ * 
              !\JOYSTICK_ADC_XY:AMuxHw_2_Decoder_old_id_0\
        );
        Output = \JOYSTICK_ADC_XY:AMuxHw_2_Decoder_one_hot_20\ (fanout=1)

    MacroCell: Name=\JOYSTICK_ADC_XY:AMuxHw_2_Decoder_one_hot_21\, Mode=(D-Register)
        Total # of inputs        : 7
        Total # of product terms : 1
        List of special equations: 
            Clock  = (\JOYSTICK_ADC_XY:clock\) => Global
            Clock Enable: True
        Main Equation            : 1 pterm
        (
              \JOYSTICK_ADC_XY:AMuxHw_2_Decoder_is_active\ * 
              !\JOYSTICK_ADC_XY:AMuxHw_2_Decoder_old_id_5\ * 
              \JOYSTICK_ADC_XY:AMuxHw_2_Decoder_old_id_4\ * 
              !\JOYSTICK_ADC_XY:AMuxHw_2_Decoder_old_id_3\ * 
              \JOYSTICK_ADC_XY:AMuxHw_2_Decoder_old_id_2\ * 
              !\JOYSTICK_ADC_XY:AMuxHw_2_Decoder_old_id_1\ * 
              \JOYSTICK_ADC_XY:AMuxHw_2_Decoder_old_id_0\
        );
        Output = \JOYSTICK_ADC_XY:AMuxHw_2_Decoder_one_hot_21\ (fanout=1)

    MacroCell: Name=\JOYSTICK_ADC_XY:AMuxHw_2_Decoder_one_hot_22\, Mode=(D-Register)
        Total # of inputs        : 7
        Total # of product terms : 1
        List of special equations: 
            Clock  = (\JOYSTICK_ADC_XY:clock\) => Global
            Clock Enable: True
        Main Equation            : 1 pterm
        (
              \JOYSTICK_ADC_XY:AMuxHw_2_Decoder_is_active\ * 
              !\JOYSTICK_ADC_XY:AMuxHw_2_Decoder_old_id_5\ * 
              \JOYSTICK_ADC_XY:AMuxHw_2_Decoder_old_id_4\ * 
              !\JOYSTICK_ADC_XY:AMuxHw_2_Decoder_old_id_3\ * 
              \JOYSTICK_ADC_XY:AMuxHw_2_Decoder_old_id_2\ * 
              \JOYSTICK_ADC_XY:AMuxHw_2_Decoder_old_id_1\ * 
              !\JOYSTICK_ADC_XY:AMuxHw_2_Decoder_old_id_0\
        );
        Output = \JOYSTICK_ADC_XY:AMuxHw_2_Decoder_one_hot_22\ (fanout=1)

    MacroCell: Name=\JOYSTICK_ADC_XY:AMuxHw_2_Decoder_one_hot_23\, Mode=(D-Register)
        Total # of inputs        : 7
        Total # of product terms : 1
        List of special equations: 
            Clock  = (\JOYSTICK_ADC_XY:clock\) => Global
            Clock Enable: True
        Main Equation            : 1 pterm
        (
              \JOYSTICK_ADC_XY:AMuxHw_2_Decoder_is_active\ * 
              !\JOYSTICK_ADC_XY:AMuxHw_2_Decoder_old_id_5\ * 
              \JOYSTICK_ADC_XY:AMuxHw_2_Decoder_old_id_4\ * 
              !\JOYSTICK_ADC_XY:AMuxHw_2_Decoder_old_id_3\ * 
              \JOYSTICK_ADC_XY:AMuxHw_2_Decoder_old_id_2\ * 
              \JOYSTICK_ADC_XY:AMuxHw_2_Decoder_old_id_1\ * 
              \JOYSTICK_ADC_XY:AMuxHw_2_Decoder_old_id_0\
        );
        Output = \JOYSTICK_ADC_XY:AMuxHw_2_Decoder_one_hot_23\ (fanout=1)

    MacroCell: Name=\JOYSTICK_ADC_XY:AMuxHw_2_Decoder_one_hot_24\, Mode=(D-Register)
        Total # of inputs        : 7
        Total # of product terms : 1
        List of special equations: 
            Clock  = (\JOYSTICK_ADC_XY:clock\) => Global
            Clock Enable: True
        Main Equation            : 1 pterm
        (
              \JOYSTICK_ADC_XY:AMuxHw_2_Decoder_is_active\ * 
              !\JOYSTICK_ADC_XY:AMuxHw_2_Decoder_old_id_5\ * 
              \JOYSTICK_ADC_XY:AMuxHw_2_Decoder_old_id_4\ * 
              \JOYSTICK_ADC_XY:AMuxHw_2_Decoder_old_id_3\ * 
              !\JOYSTICK_ADC_XY:AMuxHw_2_Decoder_old_id_2\ * 
              !\JOYSTICK_ADC_XY:AMuxHw_2_Decoder_old_id_1\ * 
              !\JOYSTICK_ADC_XY:AMuxHw_2_Decoder_old_id_0\
        );
        Output = \JOYSTICK_ADC_XY:AMuxHw_2_Decoder_one_hot_24\ (fanout=1)

    MacroCell: Name=\JOYSTICK_ADC_XY:AMuxHw_2_Decoder_one_hot_25\, Mode=(D-Register)
        Total # of inputs        : 7
        Total # of product terms : 1
        List of special equations: 
            Clock  = (\JOYSTICK_ADC_XY:clock\) => Global
            Clock Enable: True
        Main Equation            : 1 pterm
        (
              \JOYSTICK_ADC_XY:AMuxHw_2_Decoder_is_active\ * 
              !\JOYSTICK_ADC_XY:AMuxHw_2_Decoder_old_id_5\ * 
              \JOYSTICK_ADC_XY:AMuxHw_2_Decoder_old_id_4\ * 
              \JOYSTICK_ADC_XY:AMuxHw_2_Decoder_old_id_3\ * 
              !\JOYSTICK_ADC_XY:AMuxHw_2_Decoder_old_id_2\ * 
              !\JOYSTICK_ADC_XY:AMuxHw_2_Decoder_old_id_1\ * 
              \JOYSTICK_ADC_XY:AMuxHw_2_Decoder_old_id_0\
        );
        Output = \JOYSTICK_ADC_XY:AMuxHw_2_Decoder_one_hot_25\ (fanout=1)

    MacroCell: Name=\JOYSTICK_ADC_XY:AMuxHw_2_Decoder_one_hot_26\, Mode=(D-Register)
        Total # of inputs        : 7
        Total # of product terms : 1
        List of special equations: 
            Clock  = (\JOYSTICK_ADC_XY:clock\) => Global
            Clock Enable: True
        Main Equation            : 1 pterm
        (
              \JOYSTICK_ADC_XY:AMuxHw_2_Decoder_is_active\ * 
              !\JOYSTICK_ADC_XY:AMuxHw_2_Decoder_old_id_5\ * 
              \JOYSTICK_ADC_XY:AMuxHw_2_Decoder_old_id_4\ * 
              \JOYSTICK_ADC_XY:AMuxHw_2_Decoder_old_id_3\ * 
              !\JOYSTICK_ADC_XY:AMuxHw_2_Decoder_old_id_2\ * 
              \JOYSTICK_ADC_XY:AMuxHw_2_Decoder_old_id_1\ * 
              !\JOYSTICK_ADC_XY:AMuxHw_2_Decoder_old_id_0\
        );
        Output = \JOYSTICK_ADC_XY:AMuxHw_2_Decoder_one_hot_26\ (fanout=1)

    MacroCell: Name=\JOYSTICK_ADC_XY:AMuxHw_2_Decoder_one_hot_27\, Mode=(D-Register)
        Total # of inputs        : 7
        Total # of product terms : 1
        List of special equations: 
            Clock  = (\JOYSTICK_ADC_XY:clock\) => Global
            Clock Enable: True
        Main Equation            : 1 pterm
        (
              \JOYSTICK_ADC_XY:AMuxHw_2_Decoder_is_active\ * 
              !\JOYSTICK_ADC_XY:AMuxHw_2_Decoder_old_id_5\ * 
              \JOYSTICK_ADC_XY:AMuxHw_2_Decoder_old_id_4\ * 
              \JOYSTICK_ADC_XY:AMuxHw_2_Decoder_old_id_3\ * 
              !\JOYSTICK_ADC_XY:AMuxHw_2_Decoder_old_id_2\ * 
              \JOYSTICK_ADC_XY:AMuxHw_2_Decoder_old_id_1\ * 
              \JOYSTICK_ADC_XY:AMuxHw_2_Decoder_old_id_0\
        );
        Output = \JOYSTICK_ADC_XY:AMuxHw_2_Decoder_one_hot_27\ (fanout=1)

    MacroCell: Name=\JOYSTICK_ADC_XY:AMuxHw_2_Decoder_one_hot_28\, Mode=(D-Register)
        Total # of inputs        : 7
        Total # of product terms : 1
        List of special equations: 
            Clock  = (\JOYSTICK_ADC_XY:clock\) => Global
            Clock Enable: True
        Main Equation            : 1 pterm
        (
              \JOYSTICK_ADC_XY:AMuxHw_2_Decoder_is_active\ * 
              !\JOYSTICK_ADC_XY:AMuxHw_2_Decoder_old_id_5\ * 
              \JOYSTICK_ADC_XY:AMuxHw_2_Decoder_old_id_4\ * 
              \JOYSTICK_ADC_XY:AMuxHw_2_Decoder_old_id_3\ * 
              \JOYSTICK_ADC_XY:AMuxHw_2_Decoder_old_id_2\ * 
              !\JOYSTICK_ADC_XY:AMuxHw_2_Decoder_old_id_1\ * 
              !\JOYSTICK_ADC_XY:AMuxHw_2_Decoder_old_id_0\
        );
        Output = \JOYSTICK_ADC_XY:AMuxHw_2_Decoder_one_hot_28\ (fanout=1)

    MacroCell: Name=\JOYSTICK_ADC_XY:AMuxHw_2_Decoder_one_hot_29\, Mode=(D-Register)
        Total # of inputs        : 7
        Total # of product terms : 1
        List of special equations: 
            Clock  = (\JOYSTICK_ADC_XY:clock\) => Global
            Clock Enable: True
        Main Equation            : 1 pterm
        (
              \JOYSTICK_ADC_XY:AMuxHw_2_Decoder_is_active\ * 
              !\JOYSTICK_ADC_XY:AMuxHw_2_Decoder_old_id_5\ * 
              \JOYSTICK_ADC_XY:AMuxHw_2_Decoder_old_id_4\ * 
              \JOYSTICK_ADC_XY:AMuxHw_2_Decoder_old_id_3\ * 
              \JOYSTICK_ADC_XY:AMuxHw_2_Decoder_old_id_2\ * 
              !\JOYSTICK_ADC_XY:AMuxHw_2_Decoder_old_id_1\ * 
              \JOYSTICK_ADC_XY:AMuxHw_2_Decoder_old_id_0\
        );
        Output = \JOYSTICK_ADC_XY:AMuxHw_2_Decoder_one_hot_29\ (fanout=1)

    MacroCell: Name=\JOYSTICK_ADC_XY:AMuxHw_2_Decoder_one_hot_30\, Mode=(D-Register)
        Total # of inputs        : 7
        Total # of product terms : 1
        List of special equations: 
            Clock  = (\JOYSTICK_ADC_XY:clock\) => Global
            Clock Enable: True
        Main Equation            : 1 pterm
        (
              \JOYSTICK_ADC_XY:AMuxHw_2_Decoder_is_active\ * 
              !\JOYSTICK_ADC_XY:AMuxHw_2_Decoder_old_id_5\ * 
              \JOYSTICK_ADC_XY:AMuxHw_2_Decoder_old_id_4\ * 
              \JOYSTICK_ADC_XY:AMuxHw_2_Decoder_old_id_3\ * 
              \JOYSTICK_ADC_XY:AMuxHw_2_Decoder_old_id_2\ * 
              \JOYSTICK_ADC_XY:AMuxHw_2_Decoder_old_id_1\ * 
              !\JOYSTICK_ADC_XY:AMuxHw_2_Decoder_old_id_0\
        );
        Output = \JOYSTICK_ADC_XY:AMuxHw_2_Decoder_one_hot_30\ (fanout=1)

    MacroCell: Name=\JOYSTICK_ADC_XY:AMuxHw_2_Decoder_one_hot_31\, Mode=(D-Register)
        Total # of inputs        : 7
        Total # of product terms : 1
        List of special equations: 
            Clock  = (\JOYSTICK_ADC_XY:clock\) => Global
            Clock Enable: True
        Main Equation            : 1 pterm
        (
              \JOYSTICK_ADC_XY:AMuxHw_2_Decoder_is_active\ * 
              !\JOYSTICK_ADC_XY:AMuxHw_2_Decoder_old_id_5\ * 
              \JOYSTICK_ADC_XY:AMuxHw_2_Decoder_old_id_4\ * 
              \JOYSTICK_ADC_XY:AMuxHw_2_Decoder_old_id_3\ * 
              \JOYSTICK_ADC_XY:AMuxHw_2_Decoder_old_id_2\ * 
              \JOYSTICK_ADC_XY:AMuxHw_2_Decoder_old_id_1\ * 
              \JOYSTICK_ADC_XY:AMuxHw_2_Decoder_old_id_0\
        );
        Output = \JOYSTICK_ADC_XY:AMuxHw_2_Decoder_one_hot_31\ (fanout=1)

    MacroCell: Name=\JOYSTICK_ADC_XY:AMuxHw_2_Decoder_one_hot_32\, Mode=(D-Register)
        Total # of inputs        : 7
        Total # of product terms : 1
        List of special equations: 
            Clock  = (\JOYSTICK_ADC_XY:clock\) => Global
            Clock Enable: True
        Main Equation            : 1 pterm
        (
              \JOYSTICK_ADC_XY:AMuxHw_2_Decoder_is_active\ * 
              \JOYSTICK_ADC_XY:AMuxHw_2_Decoder_old_id_5\ * 
              !\JOYSTICK_ADC_XY:AMuxHw_2_Decoder_old_id_4\ * 
              !\JOYSTICK_ADC_XY:AMuxHw_2_Decoder_old_id_3\ * 
              !\JOYSTICK_ADC_XY:AMuxHw_2_Decoder_old_id_2\ * 
              !\JOYSTICK_ADC_XY:AMuxHw_2_Decoder_old_id_1\ * 
              !\JOYSTICK_ADC_XY:AMuxHw_2_Decoder_old_id_0\
        );
        Output = \JOYSTICK_ADC_XY:AMuxHw_2_Decoder_one_hot_32\ (fanout=1)

    MacroCell: Name=\JOYSTICK_ADC_XY:AMuxHw_2_Decoder_one_hot_33\, Mode=(D-Register)
        Total # of inputs        : 7
        Total # of product terms : 1
        List of special equations: 
            Clock  = (\JOYSTICK_ADC_XY:clock\) => Global
            Clock Enable: True
        Main Equation            : 1 pterm
        (
              \JOYSTICK_ADC_XY:AMuxHw_2_Decoder_is_active\ * 
              \JOYSTICK_ADC_XY:AMuxHw_2_Decoder_old_id_5\ * 
              !\JOYSTICK_ADC_XY:AMuxHw_2_Decoder_old_id_4\ * 
              !\JOYSTICK_ADC_XY:AMuxHw_2_Decoder_old_id_3\ * 
              !\JOYSTICK_ADC_XY:AMuxHw_2_Decoder_old_id_2\ * 
              !\JOYSTICK_ADC_XY:AMuxHw_2_Decoder_old_id_1\ * 
              \JOYSTICK_ADC_XY:AMuxHw_2_Decoder_old_id_0\
        );
        Output = \JOYSTICK_ADC_XY:AMuxHw_2_Decoder_one_hot_33\ (fanout=1)

    MacroCell: Name=\JOYSTICK_ADC_XY:AMuxHw_2_Decoder_one_hot_34\, Mode=(D-Register)
        Total # of inputs        : 7
        Total # of product terms : 1
        List of special equations: 
            Clock  = (\JOYSTICK_ADC_XY:clock\) => Global
            Clock Enable: True
        Main Equation            : 1 pterm
        (
              \JOYSTICK_ADC_XY:AMuxHw_2_Decoder_is_active\ * 
              \JOYSTICK_ADC_XY:AMuxHw_2_Decoder_old_id_5\ * 
              !\JOYSTICK_ADC_XY:AMuxHw_2_Decoder_old_id_4\ * 
              !\JOYSTICK_ADC_XY:AMuxHw_2_Decoder_old_id_3\ * 
              !\JOYSTICK_ADC_XY:AMuxHw_2_Decoder_old_id_2\ * 
              \JOYSTICK_ADC_XY:AMuxHw_2_Decoder_old_id_1\ * 
              !\JOYSTICK_ADC_XY:AMuxHw_2_Decoder_old_id_0\
        );
        Output = \JOYSTICK_ADC_XY:AMuxHw_2_Decoder_one_hot_34\ (fanout=1)

    MacroCell: Name=\JOYSTICK_ADC_XY:AMuxHw_2_Decoder_one_hot_35\, Mode=(D-Register)
        Total # of inputs        : 7
        Total # of product terms : 1
        List of special equations: 
            Clock  = (\JOYSTICK_ADC_XY:clock\) => Global
            Clock Enable: True
        Main Equation            : 1 pterm
        (
              \JOYSTICK_ADC_XY:AMuxHw_2_Decoder_is_active\ * 
              \JOYSTICK_ADC_XY:AMuxHw_2_Decoder_old_id_5\ * 
              !\JOYSTICK_ADC_XY:AMuxHw_2_Decoder_old_id_4\ * 
              !\JOYSTICK_ADC_XY:AMuxHw_2_Decoder_old_id_3\ * 
              !\JOYSTICK_ADC_XY:AMuxHw_2_Decoder_old_id_2\ * 
              \JOYSTICK_ADC_XY:AMuxHw_2_Decoder_old_id_1\ * 
              \JOYSTICK_ADC_XY:AMuxHw_2_Decoder_old_id_0\
        );
        Output = \JOYSTICK_ADC_XY:AMuxHw_2_Decoder_one_hot_35\ (fanout=1)

    MacroCell: Name=\JOYSTICK_ADC_XY:AMuxHw_2_Decoder_one_hot_36\, Mode=(D-Register)
        Total # of inputs        : 7
        Total # of product terms : 1
        List of special equations: 
            Clock  = (\JOYSTICK_ADC_XY:clock\) => Global
            Clock Enable: True
        Main Equation            : 1 pterm
        (
              \JOYSTICK_ADC_XY:AMuxHw_2_Decoder_is_active\ * 
              \JOYSTICK_ADC_XY:AMuxHw_2_Decoder_old_id_5\ * 
              !\JOYSTICK_ADC_XY:AMuxHw_2_Decoder_old_id_4\ * 
              !\JOYSTICK_ADC_XY:AMuxHw_2_Decoder_old_id_3\ * 
              \JOYSTICK_ADC_XY:AMuxHw_2_Decoder_old_id_2\ * 
              !\JOYSTICK_ADC_XY:AMuxHw_2_Decoder_old_id_1\ * 
              !\JOYSTICK_ADC_XY:AMuxHw_2_Decoder_old_id_0\
        );
        Output = \JOYSTICK_ADC_XY:AMuxHw_2_Decoder_one_hot_36\ (fanout=1)

    MacroCell: Name=\JOYSTICK_ADC_XY:AMuxHw_2_Decoder_one_hot_37\, Mode=(D-Register)
        Total # of inputs        : 7
        Total # of product terms : 1
        List of special equations: 
            Clock  = (\JOYSTICK_ADC_XY:clock\) => Global
            Clock Enable: True
        Main Equation            : 1 pterm
        (
              \JOYSTICK_ADC_XY:AMuxHw_2_Decoder_is_active\ * 
              \JOYSTICK_ADC_XY:AMuxHw_2_Decoder_old_id_5\ * 
              !\JOYSTICK_ADC_XY:AMuxHw_2_Decoder_old_id_4\ * 
              !\JOYSTICK_ADC_XY:AMuxHw_2_Decoder_old_id_3\ * 
              \JOYSTICK_ADC_XY:AMuxHw_2_Decoder_old_id_2\ * 
              !\JOYSTICK_ADC_XY:AMuxHw_2_Decoder_old_id_1\ * 
              \JOYSTICK_ADC_XY:AMuxHw_2_Decoder_old_id_0\
        );
        Output = \JOYSTICK_ADC_XY:AMuxHw_2_Decoder_one_hot_37\ (fanout=1)

    MacroCell: Name=\JOYSTICK_ADC_XY:AMuxHw_2_Decoder_one_hot_38\, Mode=(D-Register)
        Total # of inputs        : 7
        Total # of product terms : 1
        List of special equations: 
            Clock  = (\JOYSTICK_ADC_XY:clock\) => Global
            Clock Enable: True
        Main Equation            : 1 pterm
        (
              \JOYSTICK_ADC_XY:AMuxHw_2_Decoder_is_active\ * 
              \JOYSTICK_ADC_XY:AMuxHw_2_Decoder_old_id_5\ * 
              !\JOYSTICK_ADC_XY:AMuxHw_2_Decoder_old_id_4\ * 
              !\JOYSTICK_ADC_XY:AMuxHw_2_Decoder_old_id_3\ * 
              \JOYSTICK_ADC_XY:AMuxHw_2_Decoder_old_id_2\ * 
              \JOYSTICK_ADC_XY:AMuxHw_2_Decoder_old_id_1\ * 
              !\JOYSTICK_ADC_XY:AMuxHw_2_Decoder_old_id_0\
        );
        Output = \JOYSTICK_ADC_XY:AMuxHw_2_Decoder_one_hot_38\ (fanout=1)

    MacroCell: Name=\JOYSTICK_ADC_XY:AMuxHw_2_Decoder_one_hot_39\, Mode=(D-Register)
        Total # of inputs        : 7
        Total # of product terms : 1
        List of special equations: 
            Clock  = (\JOYSTICK_ADC_XY:clock\) => Global
            Clock Enable: True
        Main Equation            : 1 pterm
        (
              \JOYSTICK_ADC_XY:AMuxHw_2_Decoder_is_active\ * 
              \JOYSTICK_ADC_XY:AMuxHw_2_Decoder_old_id_5\ * 
              !\JOYSTICK_ADC_XY:AMuxHw_2_Decoder_old_id_4\ * 
              !\JOYSTICK_ADC_XY:AMuxHw_2_Decoder_old_id_3\ * 
              \JOYSTICK_ADC_XY:AMuxHw_2_Decoder_old_id_2\ * 
              \JOYSTICK_ADC_XY:AMuxHw_2_Decoder_old_id_1\ * 
              \JOYSTICK_ADC_XY:AMuxHw_2_Decoder_old_id_0\
        );
        Output = \JOYSTICK_ADC_XY:AMuxHw_2_Decoder_one_hot_39\ (fanout=1)

    MacroCell: Name=\JOYSTICK_ADC_XY:AMuxHw_2_Decoder_one_hot_40\, Mode=(D-Register)
        Total # of inputs        : 7
        Total # of product terms : 1
        List of special equations: 
            Clock  = (\JOYSTICK_ADC_XY:clock\) => Global
            Clock Enable: True
        Main Equation            : 1 pterm
        (
              \JOYSTICK_ADC_XY:AMuxHw_2_Decoder_is_active\ * 
              \JOYSTICK_ADC_XY:AMuxHw_2_Decoder_old_id_5\ * 
              !\JOYSTICK_ADC_XY:AMuxHw_2_Decoder_old_id_4\ * 
              \JOYSTICK_ADC_XY:AMuxHw_2_Decoder_old_id_3\ * 
              !\JOYSTICK_ADC_XY:AMuxHw_2_Decoder_old_id_2\ * 
              !\JOYSTICK_ADC_XY:AMuxHw_2_Decoder_old_id_1\ * 
              !\JOYSTICK_ADC_XY:AMuxHw_2_Decoder_old_id_0\
        );
        Output = \JOYSTICK_ADC_XY:AMuxHw_2_Decoder_one_hot_40\ (fanout=1)

    MacroCell: Name=\JOYSTICK_ADC_XY:AMuxHw_2_Decoder_one_hot_41\, Mode=(D-Register)
        Total # of inputs        : 7
        Total # of product terms : 1
        List of special equations: 
            Clock  = (\JOYSTICK_ADC_XY:clock\) => Global
            Clock Enable: True
        Main Equation            : 1 pterm
        (
              \JOYSTICK_ADC_XY:AMuxHw_2_Decoder_is_active\ * 
              \JOYSTICK_ADC_XY:AMuxHw_2_Decoder_old_id_5\ * 
              !\JOYSTICK_ADC_XY:AMuxHw_2_Decoder_old_id_4\ * 
              \JOYSTICK_ADC_XY:AMuxHw_2_Decoder_old_id_3\ * 
              !\JOYSTICK_ADC_XY:AMuxHw_2_Decoder_old_id_2\ * 
              !\JOYSTICK_ADC_XY:AMuxHw_2_Decoder_old_id_1\ * 
              \JOYSTICK_ADC_XY:AMuxHw_2_Decoder_old_id_0\
        );
        Output = \JOYSTICK_ADC_XY:AMuxHw_2_Decoder_one_hot_41\ (fanout=1)

    MacroCell: Name=\JOYSTICK_ADC_XY:AMuxHw_2_Decoder_one_hot_42\, Mode=(D-Register)
        Total # of inputs        : 7
        Total # of product terms : 1
        List of special equations: 
            Clock  = (\JOYSTICK_ADC_XY:clock\) => Global
            Clock Enable: True
        Main Equation            : 1 pterm
        (
              \JOYSTICK_ADC_XY:AMuxHw_2_Decoder_is_active\ * 
              \JOYSTICK_ADC_XY:AMuxHw_2_Decoder_old_id_5\ * 
              !\JOYSTICK_ADC_XY:AMuxHw_2_Decoder_old_id_4\ * 
              \JOYSTICK_ADC_XY:AMuxHw_2_Decoder_old_id_3\ * 
              !\JOYSTICK_ADC_XY:AMuxHw_2_Decoder_old_id_2\ * 
              \JOYSTICK_ADC_XY:AMuxHw_2_Decoder_old_id_1\ * 
              !\JOYSTICK_ADC_XY:AMuxHw_2_Decoder_old_id_0\
        );
        Output = \JOYSTICK_ADC_XY:AMuxHw_2_Decoder_one_hot_42\ (fanout=1)

    MacroCell: Name=\JOYSTICK_ADC_XY:AMuxHw_2_Decoder_one_hot_43\, Mode=(D-Register)
        Total # of inputs        : 7
        Total # of product terms : 1
        List of special equations: 
            Clock  = (\JOYSTICK_ADC_XY:clock\) => Global
            Clock Enable: True
        Main Equation            : 1 pterm
        (
              \JOYSTICK_ADC_XY:AMuxHw_2_Decoder_is_active\ * 
              \JOYSTICK_ADC_XY:AMuxHw_2_Decoder_old_id_5\ * 
              !\JOYSTICK_ADC_XY:AMuxHw_2_Decoder_old_id_4\ * 
              \JOYSTICK_ADC_XY:AMuxHw_2_Decoder_old_id_3\ * 
              !\JOYSTICK_ADC_XY:AMuxHw_2_Decoder_old_id_2\ * 
              \JOYSTICK_ADC_XY:AMuxHw_2_Decoder_old_id_1\ * 
              \JOYSTICK_ADC_XY:AMuxHw_2_Decoder_old_id_0\
        );
        Output = \JOYSTICK_ADC_XY:AMuxHw_2_Decoder_one_hot_43\ (fanout=1)

    MacroCell: Name=\JOYSTICK_ADC_XY:AMuxHw_2_Decoder_one_hot_44\, Mode=(D-Register)
        Total # of inputs        : 7
        Total # of product terms : 1
        List of special equations: 
            Clock  = (\JOYSTICK_ADC_XY:clock\) => Global
            Clock Enable: True
        Main Equation            : 1 pterm
        (
              \JOYSTICK_ADC_XY:AMuxHw_2_Decoder_is_active\ * 
              \JOYSTICK_ADC_XY:AMuxHw_2_Decoder_old_id_5\ * 
              !\JOYSTICK_ADC_XY:AMuxHw_2_Decoder_old_id_4\ * 
              \JOYSTICK_ADC_XY:AMuxHw_2_Decoder_old_id_3\ * 
              \JOYSTICK_ADC_XY:AMuxHw_2_Decoder_old_id_2\ * 
              !\JOYSTICK_ADC_XY:AMuxHw_2_Decoder_old_id_1\ * 
              !\JOYSTICK_ADC_XY:AMuxHw_2_Decoder_old_id_0\
        );
        Output = \JOYSTICK_ADC_XY:AMuxHw_2_Decoder_one_hot_44\ (fanout=1)

    MacroCell: Name=\JOYSTICK_ADC_XY:AMuxHw_2_Decoder_one_hot_45\, Mode=(D-Register)
        Total # of inputs        : 7
        Total # of product terms : 1
        List of special equations: 
            Clock  = (\JOYSTICK_ADC_XY:clock\) => Global
            Clock Enable: True
        Main Equation            : 1 pterm
        (
              \JOYSTICK_ADC_XY:AMuxHw_2_Decoder_is_active\ * 
              \JOYSTICK_ADC_XY:AMuxHw_2_Decoder_old_id_5\ * 
              !\JOYSTICK_ADC_XY:AMuxHw_2_Decoder_old_id_4\ * 
              \JOYSTICK_ADC_XY:AMuxHw_2_Decoder_old_id_3\ * 
              \JOYSTICK_ADC_XY:AMuxHw_2_Decoder_old_id_2\ * 
              !\JOYSTICK_ADC_XY:AMuxHw_2_Decoder_old_id_1\ * 
              \JOYSTICK_ADC_XY:AMuxHw_2_Decoder_old_id_0\
        );
        Output = \JOYSTICK_ADC_XY:AMuxHw_2_Decoder_one_hot_45\ (fanout=1)

    MacroCell: Name=\JOYSTICK_ADC_XY:AMuxHw_2_Decoder_one_hot_46\, Mode=(D-Register)
        Total # of inputs        : 7
        Total # of product terms : 1
        List of special equations: 
            Clock  = (\JOYSTICK_ADC_XY:clock\) => Global
            Clock Enable: True
        Main Equation            : 1 pterm
        (
              \JOYSTICK_ADC_XY:AMuxHw_2_Decoder_is_active\ * 
              \JOYSTICK_ADC_XY:AMuxHw_2_Decoder_old_id_5\ * 
              !\JOYSTICK_ADC_XY:AMuxHw_2_Decoder_old_id_4\ * 
              \JOYSTICK_ADC_XY:AMuxHw_2_Decoder_old_id_3\ * 
              \JOYSTICK_ADC_XY:AMuxHw_2_Decoder_old_id_2\ * 
              \JOYSTICK_ADC_XY:AMuxHw_2_Decoder_old_id_1\ * 
              !\JOYSTICK_ADC_XY:AMuxHw_2_Decoder_old_id_0\
        );
        Output = \JOYSTICK_ADC_XY:AMuxHw_2_Decoder_one_hot_46\ (fanout=1)

    MacroCell: Name=\JOYSTICK_ADC_XY:AMuxHw_2_Decoder_one_hot_47\, Mode=(D-Register)
        Total # of inputs        : 7
        Total # of product terms : 1
        List of special equations: 
            Clock  = (\JOYSTICK_ADC_XY:clock\) => Global
            Clock Enable: True
        Main Equation            : 1 pterm
        (
              \JOYSTICK_ADC_XY:AMuxHw_2_Decoder_is_active\ * 
              \JOYSTICK_ADC_XY:AMuxHw_2_Decoder_old_id_5\ * 
              !\JOYSTICK_ADC_XY:AMuxHw_2_Decoder_old_id_4\ * 
              \JOYSTICK_ADC_XY:AMuxHw_2_Decoder_old_id_3\ * 
              \JOYSTICK_ADC_XY:AMuxHw_2_Decoder_old_id_2\ * 
              \JOYSTICK_ADC_XY:AMuxHw_2_Decoder_old_id_1\ * 
              \JOYSTICK_ADC_XY:AMuxHw_2_Decoder_old_id_0\
        );
        Output = \JOYSTICK_ADC_XY:AMuxHw_2_Decoder_one_hot_47\ (fanout=1)

    MacroCell: Name=\JOYSTICK_ADC_XY:AMuxHw_2_Decoder_one_hot_48\, Mode=(D-Register)
        Total # of inputs        : 7
        Total # of product terms : 1
        List of special equations: 
            Clock  = (\JOYSTICK_ADC_XY:clock\) => Global
            Clock Enable: True
        Main Equation            : 1 pterm
        (
              \JOYSTICK_ADC_XY:AMuxHw_2_Decoder_is_active\ * 
              \JOYSTICK_ADC_XY:AMuxHw_2_Decoder_old_id_5\ * 
              \JOYSTICK_ADC_XY:AMuxHw_2_Decoder_old_id_4\ * 
              !\JOYSTICK_ADC_XY:AMuxHw_2_Decoder_old_id_3\ * 
              !\JOYSTICK_ADC_XY:AMuxHw_2_Decoder_old_id_2\ * 
              !\JOYSTICK_ADC_XY:AMuxHw_2_Decoder_old_id_1\ * 
              !\JOYSTICK_ADC_XY:AMuxHw_2_Decoder_old_id_0\
        );
        Output = \JOYSTICK_ADC_XY:AMuxHw_2_Decoder_one_hot_48\ (fanout=1)

    MacroCell: Name=\JOYSTICK_ADC_XY:AMuxHw_2_Decoder_one_hot_49\, Mode=(D-Register)
        Total # of inputs        : 7
        Total # of product terms : 1
        List of special equations: 
            Clock  = (\JOYSTICK_ADC_XY:clock\) => Global
            Clock Enable: True
        Main Equation            : 1 pterm
        (
              \JOYSTICK_ADC_XY:AMuxHw_2_Decoder_is_active\ * 
              \JOYSTICK_ADC_XY:AMuxHw_2_Decoder_old_id_5\ * 
              \JOYSTICK_ADC_XY:AMuxHw_2_Decoder_old_id_4\ * 
              !\JOYSTICK_ADC_XY:AMuxHw_2_Decoder_old_id_3\ * 
              !\JOYSTICK_ADC_XY:AMuxHw_2_Decoder_old_id_2\ * 
              !\JOYSTICK_ADC_XY:AMuxHw_2_Decoder_old_id_1\ * 
              \JOYSTICK_ADC_XY:AMuxHw_2_Decoder_old_id_0\
        );
        Output = \JOYSTICK_ADC_XY:AMuxHw_2_Decoder_one_hot_49\ (fanout=1)

    MacroCell: Name=\JOYSTICK_ADC_XY:AMuxHw_2_Decoder_one_hot_50\, Mode=(D-Register)
        Total # of inputs        : 7
        Total # of product terms : 1
        List of special equations: 
            Clock  = (\JOYSTICK_ADC_XY:clock\) => Global
            Clock Enable: True
        Main Equation            : 1 pterm
        (
              \JOYSTICK_ADC_XY:AMuxHw_2_Decoder_is_active\ * 
              \JOYSTICK_ADC_XY:AMuxHw_2_Decoder_old_id_5\ * 
              \JOYSTICK_ADC_XY:AMuxHw_2_Decoder_old_id_4\ * 
              !\JOYSTICK_ADC_XY:AMuxHw_2_Decoder_old_id_3\ * 
              !\JOYSTICK_ADC_XY:AMuxHw_2_Decoder_old_id_2\ * 
              \JOYSTICK_ADC_XY:AMuxHw_2_Decoder_old_id_1\ * 
              !\JOYSTICK_ADC_XY:AMuxHw_2_Decoder_old_id_0\
        );
        Output = \JOYSTICK_ADC_XY:AMuxHw_2_Decoder_one_hot_50\ (fanout=1)

    MacroCell: Name=\JOYSTICK_ADC_XY:AMuxHw_2_Decoder_one_hot_51\, Mode=(D-Register)
        Total # of inputs        : 7
        Total # of product terms : 1
        List of special equations: 
            Clock  = (\JOYSTICK_ADC_XY:clock\) => Global
            Clock Enable: True
        Main Equation            : 1 pterm
        (
              \JOYSTICK_ADC_XY:AMuxHw_2_Decoder_is_active\ * 
              \JOYSTICK_ADC_XY:AMuxHw_2_Decoder_old_id_5\ * 
              \JOYSTICK_ADC_XY:AMuxHw_2_Decoder_old_id_4\ * 
              !\JOYSTICK_ADC_XY:AMuxHw_2_Decoder_old_id_3\ * 
              !\JOYSTICK_ADC_XY:AMuxHw_2_Decoder_old_id_2\ * 
              \JOYSTICK_ADC_XY:AMuxHw_2_Decoder_old_id_1\ * 
              \JOYSTICK_ADC_XY:AMuxHw_2_Decoder_old_id_0\
        );
        Output = \JOYSTICK_ADC_XY:AMuxHw_2_Decoder_one_hot_51\ (fanout=1)

    MacroCell: Name=\JOYSTICK_ADC_XY:AMuxHw_2_Decoder_one_hot_52\, Mode=(D-Register)
        Total # of inputs        : 7
        Total # of product terms : 1
        List of special equations: 
            Clock  = (\JOYSTICK_ADC_XY:clock\) => Global
            Clock Enable: True
        Main Equation            : 1 pterm
        (
              \JOYSTICK_ADC_XY:AMuxHw_2_Decoder_is_active\ * 
              \JOYSTICK_ADC_XY:AMuxHw_2_Decoder_old_id_5\ * 
              \JOYSTICK_ADC_XY:AMuxHw_2_Decoder_old_id_4\ * 
              !\JOYSTICK_ADC_XY:AMuxHw_2_Decoder_old_id_3\ * 
              \JOYSTICK_ADC_XY:AMuxHw_2_Decoder_old_id_2\ * 
              !\JOYSTICK_ADC_XY:AMuxHw_2_Decoder_old_id_1\ * 
              !\JOYSTICK_ADC_XY:AMuxHw_2_Decoder_old_id_0\
        );
        Output = \JOYSTICK_ADC_XY:AMuxHw_2_Decoder_one_hot_52\ (fanout=1)

    MacroCell: Name=\JOYSTICK_ADC_XY:AMuxHw_2_Decoder_one_hot_53\, Mode=(D-Register)
        Total # of inputs        : 7
        Total # of product terms : 1
        List of special equations: 
            Clock  = (\JOYSTICK_ADC_XY:clock\) => Global
            Clock Enable: True
        Main Equation            : 1 pterm
        (
              \JOYSTICK_ADC_XY:AMuxHw_2_Decoder_is_active\ * 
              \JOYSTICK_ADC_XY:AMuxHw_2_Decoder_old_id_5\ * 
              \JOYSTICK_ADC_XY:AMuxHw_2_Decoder_old_id_4\ * 
              !\JOYSTICK_ADC_XY:AMuxHw_2_Decoder_old_id_3\ * 
              \JOYSTICK_ADC_XY:AMuxHw_2_Decoder_old_id_2\ * 
              !\JOYSTICK_ADC_XY:AMuxHw_2_Decoder_old_id_1\ * 
              \JOYSTICK_ADC_XY:AMuxHw_2_Decoder_old_id_0\
        );
        Output = \JOYSTICK_ADC_XY:AMuxHw_2_Decoder_one_hot_53\ (fanout=1)

    MacroCell: Name=\JOYSTICK_ADC_XY:AMuxHw_2_Decoder_one_hot_54\, Mode=(D-Register)
        Total # of inputs        : 7
        Total # of product terms : 1
        List of special equations: 
            Clock  = (\JOYSTICK_ADC_XY:clock\) => Global
            Clock Enable: True
        Main Equation            : 1 pterm
        (
              \JOYSTICK_ADC_XY:AMuxHw_2_Decoder_is_active\ * 
              \JOYSTICK_ADC_XY:AMuxHw_2_Decoder_old_id_5\ * 
              \JOYSTICK_ADC_XY:AMuxHw_2_Decoder_old_id_4\ * 
              !\JOYSTICK_ADC_XY:AMuxHw_2_Decoder_old_id_3\ * 
              \JOYSTICK_ADC_XY:AMuxHw_2_Decoder_old_id_2\ * 
              \JOYSTICK_ADC_XY:AMuxHw_2_Decoder_old_id_1\ * 
              !\JOYSTICK_ADC_XY:AMuxHw_2_Decoder_old_id_0\
        );
        Output = \JOYSTICK_ADC_XY:AMuxHw_2_Decoder_one_hot_54\ (fanout=1)

    MacroCell: Name=\JOYSTICK_ADC_XY:AMuxHw_2_Decoder_one_hot_55\, Mode=(D-Register)
        Total # of inputs        : 7
        Total # of product terms : 1
        List of special equations: 
            Clock  = (\JOYSTICK_ADC_XY:clock\) => Global
            Clock Enable: True
        Main Equation            : 1 pterm
        (
              \JOYSTICK_ADC_XY:AMuxHw_2_Decoder_is_active\ * 
              \JOYSTICK_ADC_XY:AMuxHw_2_Decoder_old_id_5\ * 
              \JOYSTICK_ADC_XY:AMuxHw_2_Decoder_old_id_4\ * 
              !\JOYSTICK_ADC_XY:AMuxHw_2_Decoder_old_id_3\ * 
              \JOYSTICK_ADC_XY:AMuxHw_2_Decoder_old_id_2\ * 
              \JOYSTICK_ADC_XY:AMuxHw_2_Decoder_old_id_1\ * 
              \JOYSTICK_ADC_XY:AMuxHw_2_Decoder_old_id_0\
        );
        Output = \JOYSTICK_ADC_XY:AMuxHw_2_Decoder_one_hot_55\ (fanout=1)

    MacroCell: Name=\JOYSTICK_ADC_XY:AMuxHw_2_Decoder_one_hot_56\, Mode=(D-Register)
        Total # of inputs        : 7
        Total # of product terms : 1
        List of special equations: 
            Clock  = (\JOYSTICK_ADC_XY:clock\) => Global
            Clock Enable: True
        Main Equation            : 1 pterm
        (
              \JOYSTICK_ADC_XY:AMuxHw_2_Decoder_is_active\ * 
              \JOYSTICK_ADC_XY:AMuxHw_2_Decoder_old_id_5\ * 
              \JOYSTICK_ADC_XY:AMuxHw_2_Decoder_old_id_4\ * 
              \JOYSTICK_ADC_XY:AMuxHw_2_Decoder_old_id_3\ * 
              !\JOYSTICK_ADC_XY:AMuxHw_2_Decoder_old_id_2\ * 
              !\JOYSTICK_ADC_XY:AMuxHw_2_Decoder_old_id_1\ * 
              !\JOYSTICK_ADC_XY:AMuxHw_2_Decoder_old_id_0\
        );
        Output = \JOYSTICK_ADC_XY:AMuxHw_2_Decoder_one_hot_56\ (fanout=1)

    MacroCell: Name=\JOYSTICK_ADC_XY:AMuxHw_2_Decoder_one_hot_57\, Mode=(D-Register)
        Total # of inputs        : 7
        Total # of product terms : 1
        List of special equations: 
            Clock  = (\JOYSTICK_ADC_XY:clock\) => Global
            Clock Enable: True
        Main Equation            : 1 pterm
        (
              \JOYSTICK_ADC_XY:AMuxHw_2_Decoder_is_active\ * 
              \JOYSTICK_ADC_XY:AMuxHw_2_Decoder_old_id_5\ * 
              \JOYSTICK_ADC_XY:AMuxHw_2_Decoder_old_id_4\ * 
              \JOYSTICK_ADC_XY:AMuxHw_2_Decoder_old_id_3\ * 
              !\JOYSTICK_ADC_XY:AMuxHw_2_Decoder_old_id_2\ * 
              !\JOYSTICK_ADC_XY:AMuxHw_2_Decoder_old_id_1\ * 
              \JOYSTICK_ADC_XY:AMuxHw_2_Decoder_old_id_0\
        );
        Output = \JOYSTICK_ADC_XY:AMuxHw_2_Decoder_one_hot_57\ (fanout=1)

    MacroCell: Name=\JOYSTICK_ADC_XY:AMuxHw_2_Decoder_one_hot_58\, Mode=(D-Register)
        Total # of inputs        : 7
        Total # of product terms : 1
        List of special equations: 
            Clock  = (\JOYSTICK_ADC_XY:clock\) => Global
            Clock Enable: True
        Main Equation            : 1 pterm
        (
              \JOYSTICK_ADC_XY:AMuxHw_2_Decoder_is_active\ * 
              \JOYSTICK_ADC_XY:AMuxHw_2_Decoder_old_id_5\ * 
              \JOYSTICK_ADC_XY:AMuxHw_2_Decoder_old_id_4\ * 
              \JOYSTICK_ADC_XY:AMuxHw_2_Decoder_old_id_3\ * 
              !\JOYSTICK_ADC_XY:AMuxHw_2_Decoder_old_id_2\ * 
              \JOYSTICK_ADC_XY:AMuxHw_2_Decoder_old_id_1\ * 
              !\JOYSTICK_ADC_XY:AMuxHw_2_Decoder_old_id_0\
        );
        Output = \JOYSTICK_ADC_XY:AMuxHw_2_Decoder_one_hot_58\ (fanout=1)

    MacroCell: Name=\JOYSTICK_ADC_XY:AMuxHw_2_Decoder_one_hot_59\, Mode=(D-Register)
        Total # of inputs        : 7
        Total # of product terms : 1
        List of special equations: 
            Clock  = (\JOYSTICK_ADC_XY:clock\) => Global
            Clock Enable: True
        Main Equation            : 1 pterm
        (
              \JOYSTICK_ADC_XY:AMuxHw_2_Decoder_is_active\ * 
              \JOYSTICK_ADC_XY:AMuxHw_2_Decoder_old_id_5\ * 
              \JOYSTICK_ADC_XY:AMuxHw_2_Decoder_old_id_4\ * 
              \JOYSTICK_ADC_XY:AMuxHw_2_Decoder_old_id_3\ * 
              !\JOYSTICK_ADC_XY:AMuxHw_2_Decoder_old_id_2\ * 
              \JOYSTICK_ADC_XY:AMuxHw_2_Decoder_old_id_1\ * 
              \JOYSTICK_ADC_XY:AMuxHw_2_Decoder_old_id_0\
        );
        Output = \JOYSTICK_ADC_XY:AMuxHw_2_Decoder_one_hot_59\ (fanout=1)

    MacroCell: Name=\JOYSTICK_ADC_XY:AMuxHw_2_Decoder_one_hot_60\, Mode=(D-Register)
        Total # of inputs        : 7
        Total # of product terms : 1
        List of special equations: 
            Clock  = (\JOYSTICK_ADC_XY:clock\) => Global
            Clock Enable: True
        Main Equation            : 1 pterm
        (
              \JOYSTICK_ADC_XY:AMuxHw_2_Decoder_is_active\ * 
              \JOYSTICK_ADC_XY:AMuxHw_2_Decoder_old_id_5\ * 
              \JOYSTICK_ADC_XY:AMuxHw_2_Decoder_old_id_4\ * 
              \JOYSTICK_ADC_XY:AMuxHw_2_Decoder_old_id_3\ * 
              \JOYSTICK_ADC_XY:AMuxHw_2_Decoder_old_id_2\ * 
              !\JOYSTICK_ADC_XY:AMuxHw_2_Decoder_old_id_1\ * 
              !\JOYSTICK_ADC_XY:AMuxHw_2_Decoder_old_id_0\
        );
        Output = \JOYSTICK_ADC_XY:AMuxHw_2_Decoder_one_hot_60\ (fanout=1)

    MacroCell: Name=\JOYSTICK_ADC_XY:AMuxHw_2_Decoder_one_hot_61\, Mode=(D-Register)
        Total # of inputs        : 7
        Total # of product terms : 1
        List of special equations: 
            Clock  = (\JOYSTICK_ADC_XY:clock\) => Global
            Clock Enable: True
        Main Equation            : 1 pterm
        (
              \JOYSTICK_ADC_XY:AMuxHw_2_Decoder_is_active\ * 
              \JOYSTICK_ADC_XY:AMuxHw_2_Decoder_old_id_5\ * 
              \JOYSTICK_ADC_XY:AMuxHw_2_Decoder_old_id_4\ * 
              \JOYSTICK_ADC_XY:AMuxHw_2_Decoder_old_id_3\ * 
              \JOYSTICK_ADC_XY:AMuxHw_2_Decoder_old_id_2\ * 
              !\JOYSTICK_ADC_XY:AMuxHw_2_Decoder_old_id_1\ * 
              \JOYSTICK_ADC_XY:AMuxHw_2_Decoder_old_id_0\
        );
        Output = \JOYSTICK_ADC_XY:AMuxHw_2_Decoder_one_hot_61\ (fanout=1)

    MacroCell: Name=\JOYSTICK_ADC_XY:AMuxHw_2_Decoder_one_hot_62\, Mode=(D-Register)
        Total # of inputs        : 7
        Total # of product terms : 1
        List of special equations: 
            Clock  = (\JOYSTICK_ADC_XY:clock\) => Global
            Clock Enable: True
        Main Equation            : 1 pterm
        (
              \JOYSTICK_ADC_XY:AMuxHw_2_Decoder_is_active\ * 
              \JOYSTICK_ADC_XY:AMuxHw_2_Decoder_old_id_5\ * 
              \JOYSTICK_ADC_XY:AMuxHw_2_Decoder_old_id_4\ * 
              \JOYSTICK_ADC_XY:AMuxHw_2_Decoder_old_id_3\ * 
              \JOYSTICK_ADC_XY:AMuxHw_2_Decoder_old_id_2\ * 
              \JOYSTICK_ADC_XY:AMuxHw_2_Decoder_old_id_1\ * 
              !\JOYSTICK_ADC_XY:AMuxHw_2_Decoder_old_id_0\
        );
        Output = \JOYSTICK_ADC_XY:AMuxHw_2_Decoder_one_hot_62\ (fanout=1)

    MacroCell: Name=\JOYSTICK_ADC_XY:AMuxHw_2_Decoder_one_hot_63\, Mode=(D-Register)
        Total # of inputs        : 7
        Total # of product terms : 1
        List of special equations: 
            Clock  = (\JOYSTICK_ADC_XY:clock\) => Global
            Clock Enable: True
        Main Equation            : 1 pterm
        (
              \JOYSTICK_ADC_XY:AMuxHw_2_Decoder_is_active\ * 
              \JOYSTICK_ADC_XY:AMuxHw_2_Decoder_old_id_5\ * 
              \JOYSTICK_ADC_XY:AMuxHw_2_Decoder_old_id_4\ * 
              \JOYSTICK_ADC_XY:AMuxHw_2_Decoder_old_id_3\ * 
              \JOYSTICK_ADC_XY:AMuxHw_2_Decoder_old_id_2\ * 
              \JOYSTICK_ADC_XY:AMuxHw_2_Decoder_old_id_1\ * 
              \JOYSTICK_ADC_XY:AMuxHw_2_Decoder_old_id_0\
        );
        Output = \JOYSTICK_ADC_XY:AMuxHw_2_Decoder_one_hot_63\ (fanout=1)

    MacroCell: Name=Net_1994, Mode=(D-Register)
        Total # of inputs        : 2
        Total # of product terms : 1
        List of special equations: 
            Clock  = (\JOYSTICK_ADC_XY:clock\) => Global
            Clock Enable: PosEdge(\JOYSTICK_ADC_XY:bSAR_SEQ:enable\)
        Main Equation            : 1 pterm
        (
              \JOYSTICK_ADC_XY:bSAR_SEQ:bus_clk_nrq_reg\ * 
              !\JOYSTICK_ADC_XY:bSAR_SEQ:nrq_reg\
        );
        Output = Net_1994 (fanout=3)

    MacroCell: Name=\JOYSTICK_ADC_XY:bSAR_SEQ:bus_clk_nrq_reg\, Mode=(D-Register)
        Total # of inputs        : 3
        Total # of product terms : 2
        List of special equations: 
            Clock  = (ClockBlock_BUS_CLK) => Global
            Clock Enable: True
        Main Equation            : 2 pterms
        (
              \JOYSTICK_ADC_XY:bSAR_SEQ:bus_clk_nrq_reg\ * !Net_1994
            + \JOYSTICK_ADC_XY:Net_3935\
        );
        Output = \JOYSTICK_ADC_XY:bSAR_SEQ:bus_clk_nrq_reg\ (fanout=3)

    MacroCell: Name=\JOYSTICK_ADC_XY:bSAR_SEQ:nrq_reg\, Mode=(D-Register)
        Total # of inputs        : 1
        Total # of product terms : 1
        List of special equations: 
            Clock  = (\JOYSTICK_ADC_XY:clock\) => Global
            Clock Enable: PosEdge(\JOYSTICK_ADC_XY:bSAR_SEQ:enable\)
        Main Equation            : 1 pterm
        (
              \JOYSTICK_ADC_XY:bSAR_SEQ:bus_clk_nrq_reg\
        );
        Output = \JOYSTICK_ADC_XY:bSAR_SEQ:nrq_reg\ (fanout=1)

    MacroCell: Name=wTFT_SDA, Mode=(D-Register)
        Total # of inputs        : 11
        Total # of product terms : 7
        List of special equations: 
            Clock  = (\TFT_SPI:Net_276\) => Global
            Clock Enable: True
        Main Equation            : 7 pterms
        !(
              !wTFT_SDA * !\TFT_SPI:BSPIM:state_2\ * \TFT_SPI:BSPIM:state_0\
            + !\TFT_SPI:BSPIM:state_2\ * !\TFT_SPI:BSPIM:state_1\ * 
              !\TFT_SPI:BSPIM:state_0\
            + !\TFT_SPI:BSPIM:state_2\ * !\TFT_SPI:BSPIM:state_0\ * 
              !\TFT_SPI:BSPIM:count_4\ * !\TFT_SPI:BSPIM:count_3\ * 
              !\TFT_SPI:BSPIM:count_2\ * \TFT_SPI:BSPIM:count_1\ * 
              !\TFT_SPI:BSPIM:count_0\ * !\TFT_SPI:BSPIM:ld_ident\
            + \TFT_SPI:BSPIM:state_2\ * !\TFT_SPI:BSPIM:state_1\ * 
              \TFT_SPI:BSPIM:state_0\
            + \TFT_SPI:BSPIM:state_2\ * \TFT_SPI:BSPIM:state_1\ * 
              !\TFT_SPI:BSPIM:state_0\
            + \TFT_SPI:BSPIM:state_2\ * !\TFT_SPI:BSPIM:mosi_from_dp\
            + !\TFT_SPI:BSPIM:state_0\ * !\TFT_SPI:BSPIM:mosi_from_dp\
        );
        Output = wTFT_SDA (fanout=2)

    MacroCell: Name=\TFT_SPI:BSPIM:state_2\, Mode=(D-Register)
        Total # of inputs        : 10
        Total # of product terms : 3
        List of special equations: 
            Clock  = (\TFT_SPI:Net_276\) => Global
            Clock Enable: True
        Main Equation            : 3 pterms
        (
              !\TFT_SPI:BSPIM:state_2\ * !\TFT_SPI:BSPIM:state_1\ * 
              \TFT_SPI:BSPIM:state_0\
            + !\TFT_SPI:BSPIM:state_2\ * \TFT_SPI:BSPIM:state_1\ * 
              !\TFT_SPI:BSPIM:state_0\ * !\TFT_SPI:BSPIM:count_4\ * 
              !\TFT_SPI:BSPIM:count_3\ * !\TFT_SPI:BSPIM:count_2\ * 
              \TFT_SPI:BSPIM:count_1\ * !\TFT_SPI:BSPIM:count_0\ * 
              !\TFT_SPI:BSPIM:ld_ident\
            + !\TFT_SPI:BSPIM:state_2\ * \TFT_SPI:BSPIM:state_0\ * 
              !\TFT_SPI:BSPIM:count_4\ * !\TFT_SPI:BSPIM:count_3\ * 
              \TFT_SPI:BSPIM:count_2\ * !\TFT_SPI:BSPIM:count_1\ * 
              \TFT_SPI:BSPIM:count_0\ * !\TFT_SPI:BSPIM:tx_status_1\
        );
        Output = \TFT_SPI:BSPIM:state_2\ (fanout=12)

    MacroCell: Name=\TFT_SPI:BSPIM:state_1\, Mode=(T-Register)
        Total # of inputs        : 10
        Total # of product terms : 4
        List of special equations: 
            Clock  = (\TFT_SPI:Net_276\) => Global
            Clock Enable: True
        Main Equation            : 4 pterms
        (
              !\TFT_SPI:BSPIM:state_2\ * !\TFT_SPI:BSPIM:state_1\ * 
              \TFT_SPI:BSPIM:state_0\
            + !\TFT_SPI:BSPIM:state_2\ * \TFT_SPI:BSPIM:state_0\ * 
              !\TFT_SPI:BSPIM:count_4\ * !\TFT_SPI:BSPIM:count_3\ * 
              \TFT_SPI:BSPIM:count_2\ * !\TFT_SPI:BSPIM:count_1\ * 
              \TFT_SPI:BSPIM:count_0\ * !\TFT_SPI:BSPIM:tx_status_1\
            + \TFT_SPI:BSPIM:state_2\ * !\TFT_SPI:BSPIM:state_0\
            + \TFT_SPI:BSPIM:state_1\ * !\TFT_SPI:BSPIM:state_0\ * 
              !\TFT_SPI:BSPIM:count_4\ * !\TFT_SPI:BSPIM:count_3\ * 
              !\TFT_SPI:BSPIM:count_2\ * \TFT_SPI:BSPIM:count_1\ * 
              !\TFT_SPI:BSPIM:count_0\ * !\TFT_SPI:BSPIM:ld_ident\
        );
        Output = \TFT_SPI:BSPIM:state_1\ (fanout=12)

    MacroCell: Name=\TFT_SPI:BSPIM:state_0\, Mode=(T-Register)
        Total # of inputs        : 4
        Total # of product terms : 3
        List of special equations: 
            Clock  = (\TFT_SPI:Net_276\) => Global
            Clock Enable: True
        Main Equation            : 3 pterms
        (
              !\TFT_SPI:BSPIM:state_2\ * \TFT_SPI:BSPIM:state_1\
            + \TFT_SPI:BSPIM:state_2\ * !\TFT_SPI:BSPIM:state_1\
            + !\TFT_SPI:BSPIM:state_1\ * !\TFT_SPI:BSPIM:state_0\ * 
              !\TFT_SPI:BSPIM:tx_status_1\
        );
        Output = \TFT_SPI:BSPIM:state_0\ (fanout=12)

    MacroCell: Name=Net_2003, Mode=(D-Register)
        Total # of inputs        : 4
        Total # of product terms : 4
        List of special equations: 
            Clock  = (\TFT_SPI:Net_276\) => Global
            Clock Enable: True
        Main Equation            : 4 pterms
        !(
              !\TFT_SPI:BSPIM:state_2\ * !\TFT_SPI:BSPIM:state_1\ * 
              \TFT_SPI:BSPIM:state_0\
            + !\TFT_SPI:BSPIM:state_2\ * \TFT_SPI:BSPIM:state_1\ * !Net_2003
            + \TFT_SPI:BSPIM:state_2\ * !\TFT_SPI:BSPIM:state_1\ * 
              !\TFT_SPI:BSPIM:state_0\ * !Net_2003
            + \TFT_SPI:BSPIM:state_1\ * \TFT_SPI:BSPIM:state_0\ * !Net_2003
        );
        Output = Net_2003 (fanout=1)

    MacroCell: Name=\TFT_SPI:BSPIM:load_cond\, Mode=(T-Register)
        Total # of inputs        : 9
        Total # of product terms : 4
        List of special equations: 
            Clock  = (\TFT_SPI:Net_276\) => Global
            Clock Enable: True
        Main Equation            : 4 pterms
        (
              !\TFT_SPI:BSPIM:state_2\ * !\TFT_SPI:BSPIM:count_4\ * 
              !\TFT_SPI:BSPIM:count_3\ * !\TFT_SPI:BSPIM:count_2\ * 
              !\TFT_SPI:BSPIM:count_1\ * !\TFT_SPI:BSPIM:count_0\ * 
              \TFT_SPI:BSPIM:load_cond\
            + \TFT_SPI:BSPIM:state_2\ * !\TFT_SPI:BSPIM:state_1\ * 
              !\TFT_SPI:BSPIM:state_0\ * !\TFT_SPI:BSPIM:load_cond\
            + \TFT_SPI:BSPIM:state_1\ * !\TFT_SPI:BSPIM:count_4\ * 
              !\TFT_SPI:BSPIM:count_3\ * !\TFT_SPI:BSPIM:count_2\ * 
              !\TFT_SPI:BSPIM:count_1\ * !\TFT_SPI:BSPIM:count_0\ * 
              \TFT_SPI:BSPIM:load_cond\
            + \TFT_SPI:BSPIM:state_0\ * !\TFT_SPI:BSPIM:count_4\ * 
              !\TFT_SPI:BSPIM:count_3\ * !\TFT_SPI:BSPIM:count_2\ * 
              !\TFT_SPI:BSPIM:count_1\ * !\TFT_SPI:BSPIM:count_0\ * 
              \TFT_SPI:BSPIM:load_cond\
        );
        Output = \TFT_SPI:BSPIM:load_cond\ (fanout=1)

    MacroCell: Name=\TFT_SPI:BSPIM:ld_ident\, Mode=(T-Register)
        Total # of inputs        : 9
        Total # of product terms : 3
        List of special equations: 
            Clock  = (\TFT_SPI:Net_276\) => Global
            Clock Enable: True
        Main Equation            : 3 pterms
        (
              \TFT_SPI:BSPIM:state_2\ * !\TFT_SPI:BSPIM:state_1\ * 
              !\TFT_SPI:BSPIM:state_0\ * !\TFT_SPI:BSPIM:ld_ident\
            + \TFT_SPI:BSPIM:state_2\ * \TFT_SPI:BSPIM:state_1\ * 
              !\TFT_SPI:BSPIM:state_0\ * \TFT_SPI:BSPIM:ld_ident\
            + \TFT_SPI:BSPIM:state_1\ * !\TFT_SPI:BSPIM:state_0\ * 
              !\TFT_SPI:BSPIM:count_4\ * !\TFT_SPI:BSPIM:count_3\ * 
              !\TFT_SPI:BSPIM:count_2\ * \TFT_SPI:BSPIM:count_1\ * 
              !\TFT_SPI:BSPIM:count_0\ * \TFT_SPI:BSPIM:ld_ident\
        );
        Output = \TFT_SPI:BSPIM:ld_ident\ (fanout=4)

    MacroCell: Name=\TFT_SPI:BSPIM:cnt_enable\, Mode=(T-Register)
        Total # of inputs        : 4
        Total # of product terms : 4
        List of special equations: 
            Clock  = (\TFT_SPI:Net_276\) => Global
            Clock Enable: True
        Main Equation            : 4 pterms
        (
              !\TFT_SPI:BSPIM:state_2\ * !\TFT_SPI:BSPIM:state_1\ * 
              !\TFT_SPI:BSPIM:state_0\ * \TFT_SPI:BSPIM:cnt_enable\
            + !\TFT_SPI:BSPIM:state_2\ * \TFT_SPI:BSPIM:state_1\ * 
              \TFT_SPI:BSPIM:state_0\ * !\TFT_SPI:BSPIM:cnt_enable\
            + \TFT_SPI:BSPIM:state_2\ * !\TFT_SPI:BSPIM:state_1\ * 
              \TFT_SPI:BSPIM:state_0\ * \TFT_SPI:BSPIM:cnt_enable\
            + \TFT_SPI:BSPIM:state_2\ * \TFT_SPI:BSPIM:state_1\ * 
              !\TFT_SPI:BSPIM:state_0\ * \TFT_SPI:BSPIM:cnt_enable\
        );
        Output = \TFT_SPI:BSPIM:cnt_enable\ (fanout=2)

    MacroCell: Name=wTFT_SCL, Mode=(D-Register)
        Total # of inputs        : 4
        Total # of product terms : 2
        List of special equations: 
            Clock  = (\TFT_SPI:Net_276\) => Global
            Clock Enable: True
        Main Equation            : 2 pterms
        (
              !\TFT_SPI:BSPIM:state_2\ * \TFT_SPI:BSPIM:state_1\ * 
              \TFT_SPI:BSPIM:state_0\
            + \TFT_SPI:BSPIM:state_1\ * \TFT_SPI:BSPIM:state_0\ * wTFT_SCL
        );
        Output = wTFT_SCL (fanout=2)
    </CYPRESSTAG>
    <CYPRESSTAG name="Datapath listing">

    ------------------------------------------------------------
    Datapath listing
    ------------------------------------------------------------

    datapathcell: Name =\UART_LOG:BUART:sTX:TxShifter:u0\
        PORT MAP (
            clock => \UART_LOG:Net_9\ ,
            cs_addr_2 => \UART_LOG:BUART:tx_state_1\ ,
            cs_addr_1 => \UART_LOG:BUART:tx_state_0\ ,
            cs_addr_0 => \UART_LOG:BUART:tx_bitclk_enable_pre\ ,
            so_comb => \UART_LOG:BUART:tx_shift_out\ ,
            f0_bus_stat_comb => \UART_LOG:BUART:tx_fifo_notfull\ ,
            f0_blk_stat_comb => \UART_LOG:BUART:tx_fifo_empty\ );
        Properties:
        {
            a0_init = "00000000"
            a1_init = "00000000"
            ce0_sync = 1
            ce1_sync = 1
            cl0_sync = 1
            cl1_sync = 1
            cmsb_sync = 1
            co_msb_sync = 1
            cy_dpconfig = "0000000000000000000000000000000000000000000000000000000011000000000000000000000000000010010000000000000000000000000000000000000011111111000000001111111111111111000000000000000001000100111100000000000000001100"
            d0_init = "00000000"
            d1_init = "00000000"
            f0_blk_sync = 1
            f0_bus_sync = 1
            f1_blk_sync = 1
            f1_bus_sync = 1
            ff0_sync = 1
            ff1_sync = 1
            ov_msb_sync = 1
            so_sync = 1
            z0_sync = 1
            z1_sync = 1
        }
        Clock Polarity: Active High
        Clock Enable: True

    datapathcell: Name =\UART_LOG:BUART:sTX:sCLOCK:TxBitClkGen\
        PORT MAP (
            clock => \UART_LOG:Net_9\ ,
            cs_addr_0 => \UART_LOG:BUART:counter_load_not\ ,
            ce0_reg => \UART_LOG:BUART:tx_bitclk_enable_pre\ ,
            ce1_reg => \UART_LOG:BUART:tx_counter_dp\ );
        Properties:
        {
            a0_init = "00000000"
            a1_init = "00000000"
            ce0_sync = 1
            ce1_sync = 1
            cl0_sync = 1
            cl1_sync = 1
            cmsb_sync = 1
            co_msb_sync = 1
            cy_dpconfig = "1010100001000000001000000100000000000000000000000000000000000000000000000000000000000000000000000000000000000000000000000000000011111111000000001111111100000111001000000100000000000101111100000000000000001000"
            d0_init = "00000000"
            d1_init = "00000000"
            f0_blk_sync = 1
            f0_bus_sync = 1
            f1_blk_sync = 1
            f1_bus_sync = 1
            ff0_sync = 1
            ff1_sync = 1
            ov_msb_sync = 1
            so_sync = 1
            z0_sync = 1
            z1_sync = 1
        }
        Clock Polarity: Active High
        Clock Enable: True

    datapathcell: Name =\UART_LOG:BUART:sRX:RxShifter:u0\
        PORT MAP (
            clock => \UART_LOG:Net_9\ ,
            cs_addr_2 => \UART_LOG:BUART:tx_ctrl_mark_last\ ,
            cs_addr_1 => \UART_LOG:BUART:rx_state_0\ ,
            cs_addr_0 => \UART_LOG:BUART:rx_bitclk_enable\ ,
            route_si => \UART_LOG:BUART:rx_postpoll\ ,
            f0_load => \UART_LOG:BUART:rx_load_fifo\ ,
            f0_bus_stat_comb => \UART_LOG:BUART:rx_fifonotempty\ ,
            f0_blk_stat_comb => \UART_LOG:BUART:rx_fifofull\ );
        Properties:
        {
            a0_init = "00000000"
            a1_init = "00000000"
            ce0_sync = 1
            ce1_sync = 1
            cl0_sync = 1
            cl1_sync = 1
            cmsb_sync = 1
            co_msb_sync = 1
            cy_dpconfig = "0000000000000000000000000000000000000000000000000000001001000000000100000000000000010000001100000001000000000000000100100001000011111111000000001111111111111111101000000110001001000001111100000000000000001100"
            d0_init = "00000000"
            d1_init = "00000000"
            f0_blk_sync = 1
            f0_bus_sync = 1
            f1_blk_sync = 1
            f1_bus_sync = 1
            ff0_sync = 1
            ff1_sync = 1
            ov_msb_sync = 1
            so_sync = 1
            z0_sync = 1
            z1_sync = 1
        }
        Clock Polarity: Active High
        Clock Enable: True

    datapathcell: Name =\RGB_PWM_red:PWMUDB:sP16:pwmdp:u0\
        PORT MAP (
            clock => Net_2605 ,
            cs_addr_2 => \RGB_PWM_red:PWMUDB:tc_i\ ,
            cs_addr_1 => \RGB_PWM_red:PWMUDB:runmode_enable\ ,
            chain_out => \RGB_PWM_red:PWMUDB:sP16:pwmdp:carry\ );
        Properties:
        {
            a0_init = "00000000"
            a1_init = "00000000"
            ce0_sync = 1
            ce1_sync = 1
            cl0_sync = 1
            cl1_sync = 1
            cmsb_sync = 1
            co_msb_sync = 1
            cy_dpconfig = "0000000001000000000000001100000001000000010000000000000011000000000000001100000000000000110000000000000011000000000000001100000011111111000000001111111111111111101000000000000000000100000000000000000000011000"
            d0_init = "00000000"
            d1_init = "00000000"
            f0_blk_sync = 1
            f0_bus_sync = 1
            f1_blk_sync = 1
            f1_bus_sync = 1
            ff0_sync = 1
            ff1_sync = 1
            ov_msb_sync = 1
            so_sync = 1
            z0_sync = 1
            z1_sync = 1
        }
        Clock Polarity: Active High
        Clock Enable: True
        Next in chain : \RGB_PWM_red:PWMUDB:sP16:pwmdp:u1\

    datapathcell: Name =\RGB_PWM_red:PWMUDB:sP16:pwmdp:u1\
        PORT MAP (
            clock => Net_2605 ,
            cs_addr_2 => \RGB_PWM_red:PWMUDB:tc_i\ ,
            cs_addr_1 => \RGB_PWM_red:PWMUDB:runmode_enable\ ,
            cl0_comb => \RGB_PWM_red:PWMUDB:cmp1_less\ ,
            z0_comb => \RGB_PWM_red:PWMUDB:tc_i\ ,
            chain_in => \RGB_PWM_red:PWMUDB:sP16:pwmdp:carry\ );
        Properties:
        {
            a0_init = "00000000"
            a1_init = "00000000"
            ce0_sync = 1
            ce1_sync = 1
            cl0_sync = 1
            cl1_sync = 1
            cmsb_sync = 1
            co_msb_sync = 1
            cy_dpconfig = "0000000001000000000000001100000001000000010000000000000011000000000000001100000000000000110000000000000011000000000000001100000011111111000000001111111111111111101011110000000000000100000011110000000000011000"
            d0_init = "00000000"
            d1_init = "00000000"
            f0_blk_sync = 1
            f0_bus_sync = 1
            f1_blk_sync = 1
            f1_bus_sync = 1
            ff0_sync = 1
            ff1_sync = 1
            ov_msb_sync = 1
            so_sync = 1
            z0_sync = 1
            z1_sync = 1
        }
        Clock Polarity: Active High
        Clock Enable: True
        Previous in chain : \RGB_PWM_red:PWMUDB:sP16:pwmdp:u0\

    datapathcell: Name =\RGB_PWM_green:PWMUDB:sP16:pwmdp:u0\
        PORT MAP (
            clock => Net_2605 ,
            cs_addr_2 => \RGB_PWM_green:PWMUDB:tc_i\ ,
            cs_addr_1 => \RGB_PWM_green:PWMUDB:runmode_enable\ ,
            chain_out => \RGB_PWM_green:PWMUDB:sP16:pwmdp:carry\ );
        Properties:
        {
            a0_init = "00000000"
            a1_init = "00000000"
            ce0_sync = 1
            ce1_sync = 1
            cl0_sync = 1
            cl1_sync = 1
            cmsb_sync = 1
            co_msb_sync = 1
            cy_dpconfig = "0000000001000000000000001100000001000000010000000000000011000000000000001100000000000000110000000000000011000000000000001100000011111111000000001111111111111111101000000000000000000100000000000000000000011000"
            d0_init = "00000000"
            d1_init = "00000000"
            f0_blk_sync = 1
            f0_bus_sync = 1
            f1_blk_sync = 1
            f1_bus_sync = 1
            ff0_sync = 1
            ff1_sync = 1
            ov_msb_sync = 1
            so_sync = 1
            z0_sync = 1
            z1_sync = 1
        }
        Clock Polarity: Active High
        Clock Enable: True
        Next in chain : \RGB_PWM_green:PWMUDB:sP16:pwmdp:u1\

    datapathcell: Name =\RGB_PWM_green:PWMUDB:sP16:pwmdp:u1\
        PORT MAP (
            clock => Net_2605 ,
            cs_addr_2 => \RGB_PWM_green:PWMUDB:tc_i\ ,
            cs_addr_1 => \RGB_PWM_green:PWMUDB:runmode_enable\ ,
            cl0_comb => \RGB_PWM_green:PWMUDB:cmp1_less\ ,
            z0_comb => \RGB_PWM_green:PWMUDB:tc_i\ ,
            chain_in => \RGB_PWM_green:PWMUDB:sP16:pwmdp:carry\ );
        Properties:
        {
            a0_init = "00000000"
            a1_init = "00000000"
            ce0_sync = 1
            ce1_sync = 1
            cl0_sync = 1
            cl1_sync = 1
            cmsb_sync = 1
            co_msb_sync = 1
            cy_dpconfig = "0000000001000000000000001100000001000000010000000000000011000000000000001100000000000000110000000000000011000000000000001100000011111111000000001111111111111111101011110000000000000100000011110000000000011000"
            d0_init = "00000000"
            d1_init = "00000000"
            f0_blk_sync = 1
            f0_bus_sync = 1
            f1_blk_sync = 1
            f1_bus_sync = 1
            ff0_sync = 1
            ff1_sync = 1
            ov_msb_sync = 1
            so_sync = 1
            z0_sync = 1
            z1_sync = 1
        }
        Clock Polarity: Active High
        Clock Enable: True
        Previous in chain : \RGB_PWM_green:PWMUDB:sP16:pwmdp:u0\

    datapathcell: Name =\RGB_PWM_blue:PWMUDB:sP16:pwmdp:u0\
        PORT MAP (
            clock => Net_2605 ,
            cs_addr_2 => \RGB_PWM_blue:PWMUDB:tc_i\ ,
            cs_addr_1 => \RGB_PWM_blue:PWMUDB:runmode_enable\ ,
            chain_out => \RGB_PWM_blue:PWMUDB:sP16:pwmdp:carry\ );
        Properties:
        {
            a0_init = "00000000"
            a1_init = "00000000"
            ce0_sync = 1
            ce1_sync = 1
            cl0_sync = 1
            cl1_sync = 1
            cmsb_sync = 1
            co_msb_sync = 1
            cy_dpconfig = "0000000001000000000000001100000001000000010000000000000011000000000000001100000000000000110000000000000011000000000000001100000011111111000000001111111111111111101000000000000000000100000000000000000000011000"
            d0_init = "00000000"
            d1_init = "00000000"
            f0_blk_sync = 1
            f0_bus_sync = 1
            f1_blk_sync = 1
            f1_bus_sync = 1
            ff0_sync = 1
            ff1_sync = 1
            ov_msb_sync = 1
            so_sync = 1
            z0_sync = 1
            z1_sync = 1
        }
        Clock Polarity: Active High
        Clock Enable: True
        Next in chain : \RGB_PWM_blue:PWMUDB:sP16:pwmdp:u1\

    datapathcell: Name =\RGB_PWM_blue:PWMUDB:sP16:pwmdp:u1\
        PORT MAP (
            clock => Net_2605 ,
            cs_addr_2 => \RGB_PWM_blue:PWMUDB:tc_i\ ,
            cs_addr_1 => \RGB_PWM_blue:PWMUDB:runmode_enable\ ,
            cl0_comb => \RGB_PWM_blue:PWMUDB:cmp1_less\ ,
            z0_comb => \RGB_PWM_blue:PWMUDB:tc_i\ ,
            chain_in => \RGB_PWM_blue:PWMUDB:sP16:pwmdp:carry\ );
        Properties:
        {
            a0_init = "00000000"
            a1_init = "00000000"
            ce0_sync = 1
            ce1_sync = 1
            cl0_sync = 1
            cl1_sync = 1
            cmsb_sync = 1
            co_msb_sync = 1
            cy_dpconfig = "0000000001000000000000001100000001000000010000000000000011000000000000001100000000000000110000000000000011000000000000001100000011111111000000001111111111111111101011110000000000000100000011110000000000011000"
            d0_init = "00000000"
            d1_init = "00000000"
            f0_blk_sync = 1
            f0_bus_sync = 1
            f1_blk_sync = 1
            f1_bus_sync = 1
            ff0_sync = 1
            ff1_sync = 1
            ov_msb_sync = 1
            so_sync = 1
            z0_sync = 1
            z1_sync = 1
        }
        Clock Polarity: Active High
        Clock Enable: True
        Previous in chain : \RGB_PWM_blue:PWMUDB:sP16:pwmdp:u0\

    datapathcell: Name =\TFT_SPI:BSPIM:sR8:Dp:u0\
        PORT MAP (
            clock => \TFT_SPI:Net_276\ ,
            cs_addr_2 => \TFT_SPI:BSPIM:state_2\ ,
            cs_addr_1 => \TFT_SPI:BSPIM:state_1\ ,
            cs_addr_0 => \TFT_SPI:BSPIM:state_0\ ,
            f1_load => \TFT_SPI:BSPIM:load_rx_data\ ,
            so_comb => \TFT_SPI:BSPIM:mosi_from_dp\ ,
            f0_bus_stat_comb => \TFT_SPI:BSPIM:tx_status_2\ ,
            f0_blk_stat_comb => \TFT_SPI:BSPIM:tx_status_1\ ,
            f1_bus_stat_comb => \TFT_SPI:BSPIM:rx_status_5\ ,
            f1_blk_stat_comb => \TFT_SPI:BSPIM:rx_status_4\ );
        Properties:
        {
            a0_init = "00000000"
            a1_init = "00000000"
            ce0_sync = 1
            ce1_sync = 1
            cl0_sync = 1
            cl1_sync = 1
            cmsb_sync = 1
            co_msb_sync = 1
            cy_dpconfig = "0000000000000000000000001100000000000001010000000001000100010000000000011100000000010001000000000000000101000000000000010100000011111111000000001111111111111111000000000010001000001000111100000000000000000100"
            d0_init = "00000000"
            d1_init = "00000000"
            f0_blk_sync = 1
            f0_bus_sync = 1
            f1_blk_sync = 1
            f1_bus_sync = 1
            ff0_sync = 1
            ff1_sync = 1
            ov_msb_sync = 1
            so_sync = 1
            z0_sync = 1
            z1_sync = 1
        }
        Clock Polarity: Active High
        Clock Enable: True
    </CYPRESSTAG>
    <CYPRESSTAG name="Status register listing">

    ------------------------------------------------------------
    Status register listing
    ------------------------------------------------------------

    statuscell: Name =\JOYSTICK_ADC_XY:bSAR_SEQ:EOCSts\
        PORT MAP (
            clock => \JOYSTICK_ADC_XY:clock\ ,
            status_0 => Net_1994 ,
            clk_en => \JOYSTICK_ADC_XY:bSAR_SEQ:enable\ );
        Properties:
        {
            cy_force_order = 1
            cy_md_select = "00000001"
        }
        Clock Polarity: Active High
        Clock Enable: PosEdge(\JOYSTICK_ADC_XY:bSAR_SEQ:enable\)
    </CYPRESSTAG>
    <CYPRESSTAG name="StatusI register listing">

    ------------------------------------------------------------
    StatusI register listing
    ------------------------------------------------------------

    statusicell: Name =\UART_LOG:BUART:sTX:TxSts\
        PORT MAP (
            clock => \UART_LOG:Net_9\ ,
            status_3 => \UART_LOG:BUART:tx_fifo_notfull\ ,
            status_2 => \UART_LOG:BUART:tx_status_2\ ,
            status_1 => \UART_LOG:BUART:tx_fifo_empty\ ,
            status_0 => \UART_LOG:BUART:tx_status_0\ );
        Properties:
        {
            cy_force_order = 1
            cy_int_mask = "1111111"
            cy_md_select = "0000001"
        }
        Clock Polarity: Active High
        Clock Enable: True

    statusicell: Name =\UART_LOG:BUART:sRX:RxSts\
        PORT MAP (
            clock => \UART_LOG:Net_9\ ,
            status_5 => \UART_LOG:BUART:rx_status_5\ ,
            status_4 => \UART_LOG:BUART:rx_status_4\ ,
            status_3 => \UART_LOG:BUART:rx_status_3\ );
        Properties:
        {
            cy_force_order = 1
            cy_int_mask = "1111111"
            cy_md_select = "1011111"
        }
        Clock Polarity: Active High
        Clock Enable: True

    statusicell: Name =\TFT_SPI:BSPIM:TxStsReg\
        PORT MAP (
            clock => \TFT_SPI:Net_276\ ,
            status_4 => \TFT_SPI:BSPIM:tx_status_4\ ,
            status_3 => \TFT_SPI:BSPIM:load_rx_data\ ,
            status_2 => \TFT_SPI:BSPIM:tx_status_2\ ,
            status_1 => \TFT_SPI:BSPIM:tx_status_1\ ,
            status_0 => \TFT_SPI:BSPIM:tx_status_0\ );
        Properties:
        {
            cy_force_order = 1
            cy_int_mask = "0000000"
            cy_md_select = "0001001"
        }
        Clock Polarity: Active High
        Clock Enable: True

    statusicell: Name =\TFT_SPI:BSPIM:RxStsReg\
        PORT MAP (
            clock => \TFT_SPI:Net_276\ ,
            status_6 => \TFT_SPI:BSPIM:rx_status_6\ ,
            status_5 => \TFT_SPI:BSPIM:rx_status_5\ ,
            status_4 => \TFT_SPI:BSPIM:rx_status_4\ );
        Properties:
        {
            cy_force_order = 1
            cy_int_mask = "0000000"
            cy_md_select = "1000000"
        }
        Clock Polarity: Active High
        Clock Enable: True
    </CYPRESSTAG>
    <CYPRESSTAG name="Sync listing">

    ------------------------------------------------------------
    Sync listing
    ------------------------------------------------------------

    synccell: Name =DEBUG_RX(0)_SYNC
        PORT MAP (
            in => Net_1845 ,
            out => Net_1845_SYNCOUT ,
            clock => ClockBlock_BUS_CLK );
        Clock Polarity: Active High
        Clock Enable: True

    synccell: Name =\JOYSTICK_ADC_XY:Sync:genblk1[0]:INST\
        PORT MAP (
            clock => ClockBlock_BUS_CLK ,
            in => \JOYSTICK_ADC_XY:nrq\ ,
            out => \JOYSTICK_ADC_XY:Net_3935\ );
        Clock Polarity: Active High
        Clock Enable: True
    </CYPRESSTAG>
    <CYPRESSTAG name="Control register listing">

    ------------------------------------------------------------
    Control register listing
    ------------------------------------------------------------

    controlcell: Name =\SEVEN_reg:Sync:ctrl_reg\
        PORT MAP (
            control_7 => Net_1822 ,
            control_6 => Net_1824 ,
            control_5 => Net_1826 ,
            control_4 => Net_1828 ,
            control_3 => Net_1830 ,
            control_2 => Net_1832 ,
            control_1 => Net_1834 ,
            control_0 => Net_1836 );
        Properties:
        {
            cy_ctrl_mode_0 = "00000000"
            cy_ctrl_mode_1 = "00000000"
            cy_ext_reset = 0
            cy_force_order = 1
            cy_init_value = "00000000"
        }
        Clock Enable: True

    controlcell: Name =\RGB_PWM_red:PWMUDB:genblk1:ctrlreg\
        PORT MAP (
            clock => Net_2605 ,
            control_7 => \RGB_PWM_red:PWMUDB:control_7\ ,
            control_6 => \RGB_PWM_red:PWMUDB:control_6\ ,
            control_5 => \RGB_PWM_red:PWMUDB:control_5\ ,
            control_4 => \RGB_PWM_red:PWMUDB:control_4\ ,
            control_3 => \RGB_PWM_red:PWMUDB:control_3\ ,
            control_2 => \RGB_PWM_red:PWMUDB:control_2\ ,
            control_1 => \RGB_PWM_red:PWMUDB:control_1\ ,
            control_0 => \RGB_PWM_red:PWMUDB:control_0\ );
        Properties:
        {
            cy_ctrl_mode_0 = "11111111"
            cy_ctrl_mode_1 = "00000000"
            cy_ext_reset = 0
            cy_force_order = 1
            cy_init_value = "00000000"
        }
        Clock Polarity: Active High
        Clock Enable: True

    controlcell: Name =\RGB_PWM_green:PWMUDB:genblk1:ctrlreg\
        PORT MAP (
            clock => Net_2605 ,
            control_7 => \RGB_PWM_green:PWMUDB:control_7\ ,
            control_6 => \RGB_PWM_green:PWMUDB:control_6\ ,
            control_5 => \RGB_PWM_green:PWMUDB:control_5\ ,
            control_4 => \RGB_PWM_green:PWMUDB:control_4\ ,
            control_3 => \RGB_PWM_green:PWMUDB:control_3\ ,
            control_2 => \RGB_PWM_green:PWMUDB:control_2\ ,
            control_1 => \RGB_PWM_green:PWMUDB:control_1\ ,
            control_0 => \RGB_PWM_green:PWMUDB:control_0\ );
        Properties:
        {
            cy_ctrl_mode_0 = "11111111"
            cy_ctrl_mode_1 = "00000000"
            cy_ext_reset = 0
            cy_force_order = 1
            cy_init_value = "00000000"
        }
        Clock Polarity: Active High
        Clock Enable: True

    controlcell: Name =\RGB_PWM_blue:PWMUDB:genblk1:ctrlreg\
        PORT MAP (
            clock => Net_2605 ,
            control_7 => \RGB_PWM_blue:PWMUDB:control_7\ ,
            control_6 => \RGB_PWM_blue:PWMUDB:control_6\ ,
            control_5 => \RGB_PWM_blue:PWMUDB:control_5\ ,
            control_4 => \RGB_PWM_blue:PWMUDB:control_4\ ,
            control_3 => \RGB_PWM_blue:PWMUDB:control_3\ ,
            control_2 => \RGB_PWM_blue:PWMUDB:control_2\ ,
            control_1 => \RGB_PWM_blue:PWMUDB:control_1\ ,
            control_0 => \RGB_PWM_blue:PWMUDB:control_0\ );
        Properties:
        {
            cy_ctrl_mode_0 = "11111111"
            cy_ctrl_mode_1 = "00000000"
            cy_ext_reset = 0
            cy_force_order = 1
            cy_init_value = "00000000"
        }
        Clock Polarity: Active High
        Clock Enable: True

    controlcell: Name =\JOYSTICK_ADC_XY:bSAR_SEQ:CtrlReg\
        PORT MAP (
            clock => \JOYSTICK_ADC_XY:clock\ ,
            control_7 => \JOYSTICK_ADC_XY:bSAR_SEQ:control_7\ ,
            control_6 => \JOYSTICK_ADC_XY:bSAR_SEQ:control_6\ ,
            control_5 => \JOYSTICK_ADC_XY:bSAR_SEQ:control_5\ ,
            control_4 => \JOYSTICK_ADC_XY:bSAR_SEQ:control_4\ ,
            control_3 => \JOYSTICK_ADC_XY:bSAR_SEQ:control_3\ ,
            control_2 => \JOYSTICK_ADC_XY:bSAR_SEQ:control_2\ ,
            control_1 => \JOYSTICK_ADC_XY:bSAR_SEQ:load_period\ ,
            control_0 => \JOYSTICK_ADC_XY:bSAR_SEQ:enable\ );
        Properties:
        {
            cy_ctrl_mode_0 = "00000111"
            cy_ctrl_mode_1 = "00000110"
            cy_ext_reset = 0
            cy_force_order = 1
            cy_init_value = "00000000"
        }
        Clock Polarity: Active High
        Clock Enable: True
    </CYPRESSTAG>
    <CYPRESSTAG name="Count7 listing">

    ------------------------------------------------------------
    Count7 listing
    ------------------------------------------------------------

    count7cell: Name =\UART_LOG:BUART:sRX:RxBitCounter\
        PORT MAP (
            clock => \UART_LOG:Net_9\ ,
            load => \UART_LOG:BUART:rx_counter_load\ ,
            count_6 => \UART_LOG:BUART:rx_count_6\ ,
            count_5 => \UART_LOG:BUART:rx_count_5\ ,
            count_4 => \UART_LOG:BUART:rx_count_4\ ,
            count_3 => \UART_LOG:BUART:rx_count_3\ ,
            count_2 => \UART_LOG:BUART:rx_count_2\ ,
            count_1 => \UART_LOG:BUART:rx_count_1\ ,
            count_0 => \UART_LOG:BUART:rx_count_0\ ,
            tc => \UART_LOG:BUART:rx_count7_tc\ );
        Properties:
        {
            cy_alt_mode = 0
            cy_init_value = "0000000"
            cy_period = "1110010"
            cy_route_en = 1
            cy_route_ld = 1
        }
        Clock Polarity: Active High
        Clock Enable: True

    count7cell: Name =\JOYSTICK_ADC_XY:bSAR_SEQ:ChannelCounter\
        PORT MAP (
            clock => \JOYSTICK_ADC_XY:clock\ ,
            load => \JOYSTICK_ADC_XY:bSAR_SEQ:load_period\ ,
            enable => \JOYSTICK_ADC_XY:bSAR_SEQ:cnt_enable\ ,
            count_6 => \JOYSTICK_ADC_XY:bSAR_SEQ:count_6\ ,
            count_5 => \JOYSTICK_ADC_XY:ch_addr_5\ ,
            count_4 => \JOYSTICK_ADC_XY:ch_addr_4\ ,
            count_3 => \JOYSTICK_ADC_XY:ch_addr_3\ ,
            count_2 => \JOYSTICK_ADC_XY:ch_addr_2\ ,
            count_1 => \JOYSTICK_ADC_XY:ch_addr_1\ ,
            count_0 => \JOYSTICK_ADC_XY:ch_addr_0\ ,
            tc => \JOYSTICK_ADC_XY:bSAR_SEQ:cnt_tc\ ,
            clk_en => \JOYSTICK_ADC_XY:bSAR_SEQ:enable\ );
        Properties:
        {
            cy_alt_mode = 0
            cy_init_value = "0000000"
            cy_period = "0000001"
            cy_route_en = 1
            cy_route_ld = 1
        }
        Clock Polarity: Active High
        Clock Enable: PosEdge(\JOYSTICK_ADC_XY:bSAR_SEQ:enable\)

    count7cell: Name =\TFT_SPI:BSPIM:BitCounter\
        PORT MAP (
            clock => \TFT_SPI:Net_276\ ,
            enable => \TFT_SPI:BSPIM:cnt_enable\ ,
            count_6 => \TFT_SPI:BSPIM:count_6\ ,
            count_5 => \TFT_SPI:BSPIM:count_5\ ,
            count_4 => \TFT_SPI:BSPIM:count_4\ ,
            count_3 => \TFT_SPI:BSPIM:count_3\ ,
            count_2 => \TFT_SPI:BSPIM:count_2\ ,
            count_1 => \TFT_SPI:BSPIM:count_1\ ,
            count_0 => \TFT_SPI:BSPIM:count_0\ ,
            tc => \TFT_SPI:BSPIM:cnt_tc\ );
        Properties:
        {
            cy_alt_mode = 0
            cy_init_value = "0000000"
            cy_period = "0001111"
            cy_route_en = 1
            cy_route_ld = 0
        }
        Clock Polarity: Active High
        Clock Enable: True
    </CYPRESSTAG>
    <CYPRESSTAG name="DRQ listing">

    ------------------------------------------------------------
    DRQ listing
    ------------------------------------------------------------

    drqcell: Name =\JOYSTICK_ADC_XY:TempBuf\
        PORT MAP (
            dmareq => \JOYSTICK_ADC_XY:Net_3830\ ,
            termin => zero ,
            termout => \JOYSTICK_ADC_XY:Net_3698\ );
        Properties:
        {
            drq_type = "00"
            num_tds = 0
        }

    drqcell: Name =\JOYSTICK_ADC_XY:FinalBuf\
        PORT MAP (
            dmareq => \JOYSTICK_ADC_XY:Net_3698\ ,
            termin => zero ,
            termout => \JOYSTICK_ADC_XY:nrq\ );
        Properties:
        {
            drq_type = "00"
            num_tds = 0
        }
    </CYPRESSTAG>
    <CYPRESSTAG name="Interrupt listing">

    ------------------------------------------------------------
    Interrupt listing
    ------------------------------------------------------------

    interrupt: Name =isr_Button
        PORT MAP (
            interrupt => Net_666 );
        Properties:
        {
            int_type = "00"
            is_nmi = 0
        }

    interrupt: Name =\USBUART:dp_int\
        PORT MAP (
            interrupt => \USBUART:Net_1010\ );
        Properties:
        {
            int_type = "10"
            is_nmi = 0
        }

    interrupt: Name =\USBUART:ep_3\
        PORT MAP (
            interrupt => \USBUART:ep_int_3\ );
        Properties:
        {
            int_type = "10"
            is_nmi = 0
        }

    interrupt: Name =\USBUART:ep_2\
        PORT MAP (
            interrupt => \USBUART:ep_int_2\ );
        Properties:
        {
            int_type = "10"
            is_nmi = 0
        }

    interrupt: Name =\USBUART:ep_1\
        PORT MAP (
            interrupt => \USBUART:ep_int_1\ );
        Properties:
        {
            int_type = "10"
            is_nmi = 0
        }

    interrupt: Name =\USBUART:ep_0\
        PORT MAP (
            interrupt => \USBUART:ep_int_0\ );
        Properties:
        {
            int_type = "10"
            is_nmi = 0
        }

    interrupt: Name =\USBUART:bus_reset\
        PORT MAP (
            interrupt => \USBUART:Net_1876\ );
        Properties:
        {
            int_type = "10"
            is_nmi = 0
        }

    interrupt: Name =\USBUART:arb_int\
        PORT MAP (
            interrupt => \USBUART:Net_1889\ );
        Properties:
        {
            int_type = "10"
            is_nmi = 0
        }

    interrupt: Name =\USBUART:sof_int\
        PORT MAP (
            interrupt => Net_1894 );
        Properties:
        {
            int_type = "10"
            is_nmi = 0
        }

    interrupt: Name =isr_Button_Joystick
        PORT MAP (
            interrupt => Net_1897 );
        Properties:
        {
            int_type = "00"
            is_nmi = 0
        }

    interrupt: Name =\JOYSTICK_ADC_XY:IRQ\
        PORT MAP (
            interrupt => Net_1994 );
        Properties:
        {
            int_type = "10"
            is_nmi = 0
        }
    </CYPRESSTAG>
</CYPRESSTAG>
<CYPRESSTAG name="Technology mapping summary" expanded>

------------------------------------------------------------
Technology mapping summary
------------------------------------------------------------

Resource Type                 : Used : Free :  Max :  % Used
============================================================
Digital Clocks                :    5 :    3 :    8 : 62.50 %
Analog Clocks                 :    0 :    4 :    4 :  0.00 %
CapSense Buffers              :    0 :    2 :    2 :  0.00 %
Digital Filter Block          :    0 :    1 :    1 :  0.00 %
Interrupts                    :   11 :   21 :   32 : 34.38 %
IO                            :   30 :   18 :   48 : 62.50 %
Segment LCD                   :    0 :    1 :    1 :  0.00 %
CAN 2.0b                      :    0 :    1 :    1 :  0.00 %
I2C                           :    0 :    1 :    1 :  0.00 %
USB                           :    1 :    0 :    1 : 100.00 %
DMA Channels                  :    2 :   22 :   24 :  8.33 %
Timer                         :    1 :    3 :    4 : 25.00 %
UDB                           :      :      :      :        
  Macrocells                  :  121 :   71 :  192 : 63.02 %
  Unique P-terms              :  172 :  212 :  384 : 44.79 %
  Total P-terms               :  186 :      :      :        
  Datapath Cells              :   10 :   14 :   24 : 41.67 %
  Status Cells                :    9 :   15 :   24 : 37.50 %
    Status Registers          :    1 :      :      :        
    StatusI Registers         :    4 :      :      :        
    Sync Cells (x2)           :    1 :      :      :        
    Routed Count7 Load/Enable :    3 :      :      :        
  Control Cells               :    8 :   16 :   24 : 33.33 %
    Control Registers         :    5 :      :      :        
    Count7 Cells              :    3 :      :      :        
Opamp                         :    0 :    4 :    4 :  0.00 %
Comparator                    :    0 :    4 :    4 :  0.00 %
Delta-Sigma ADC               :    0 :    1 :    1 :  0.00 %
LPF                           :    0 :    2 :    2 :  0.00 %
SAR ADC                       :    1 :    1 :    2 : 50.00 %
Analog (SC/CT) Blocks         :    0 :    4 :    4 :  0.00 %
DAC                           :      :      :      :        
  VIDAC                       :    0 :    4 :    4 :  0.00 %
</CYPRESSTAG>
Technology Mapping: Elapsed time ==> 0s.769ms
Tech Mapping phase: Elapsed time ==> 0s.854ms
</CYPRESSTAG>
<CYPRESSTAG name="Analog Placement">
Info: apr.M0002: Analog signal "Net_1924" is connected to one terminal only. (App=cydsfit)
Info: apr.M0002: Analog signal "Net_1943" is connected to one terminal only. (App=cydsfit)
Info: apr.M0002: Analog signal "Net_1973" is connected to one terminal only. (App=cydsfit)
Info: apr.M0002: Analog signal "Net_1952" is connected to one terminal only. (App=cydsfit)
Info: apr.M0002: Analog signal "Net_1953" is connected to one terminal only. (App=cydsfit)
Info: apr.M0002: Analog signal "Net_1976" is connected to one terminal only. (App=cydsfit)
Info: apr.M0002: Analog signal "Net_1956" is connected to one terminal only. (App=cydsfit)
Info: apr.M0002: Analog signal "Net_1957" is connected to one terminal only. (App=cydsfit)
Info: apr.M0002: Analog signal "Net_1992" is connected to one terminal only. (App=cydsfit)
Info: apr.M0002: Analog signal "Net_1960" is connected to one terminal only. (App=cydsfit)
Info: apr.M0002: Analog signal "Net_1961" is connected to one terminal only. (App=cydsfit)
Info: apr.M0002: Analog signal "Net_1993" is connected to one terminal only. (App=cydsfit)
Info: apr.M0002: Analog signal "Net_1902" is connected to one terminal only. (App=cydsfit)
Info: apr.M0002: Analog signal "Net_1903" is connected to one terminal only. (App=cydsfit)
Info: apr.M0002: Analog signal "Net_1963" is connected to one terminal only. (App=cydsfit)
Info: apr.M0002: Analog signal "Net_1906" is connected to one terminal only. (App=cydsfit)
Info: apr.M0002: Analog signal "Net_1907" is connected to one terminal only. (App=cydsfit)
Info: apr.M0002: Analog signal "Net_1964" is connected to one terminal only. (App=cydsfit)
Info: apr.M0002: Analog signal "Net_1910" is connected to one terminal only. (App=cydsfit)
Info: apr.M0002: Analog signal "Net_1911" is connected to one terminal only. (App=cydsfit)
Info: apr.M0002: Analog signal "Net_1965" is connected to one terminal only. (App=cydsfit)
Info: apr.M0002: Analog signal "Net_1914" is connected to one terminal only. (App=cydsfit)
Info: apr.M0002: Analog signal "Net_1915" is connected to one terminal only. (App=cydsfit)
Info: apr.M0002: Analog signal "Net_1966" is connected to one terminal only. (App=cydsfit)
Info: apr.M0002: Analog signal "Net_1918" is connected to one terminal only. (App=cydsfit)
Info: apr.M0002: Analog signal "Net_1919" is connected to one terminal only. (App=cydsfit)
Info: apr.M0002: Analog signal "Net_1967" is connected to one terminal only. (App=cydsfit)
Info: apr.M0002: Analog signal "Net_1923" is connected to one terminal only. (App=cydsfit)
Info: apr.M0002: Analog signal "Net_1925" is connected to one terminal only. (App=cydsfit)
Info: apr.M0002: Analog signal "Net_1968" is connected to one terminal only. (App=cydsfit)
Info: apr.M0002: Analog signal "Net_1928" is connected to one terminal only. (App=cydsfit)
Info: apr.M0002: Analog signal "Net_1929" is connected to one terminal only. (App=cydsfit)
Info: apr.M0002: Analog signal "Net_1969" is connected to one terminal only. (App=cydsfit)
Info: apr.M0002: Analog signal "Net_1932" is connected to one terminal only. (App=cydsfit)
Info: apr.M0002: Analog signal "Net_1933" is connected to one terminal only. (App=cydsfit)
Info: apr.M0002: Analog signal "Net_1970" is connected to one terminal only. (App=cydsfit)
Info: apr.M0002: Analog signal "Net_1936" is connected to one terminal only. (App=cydsfit)
Info: apr.M0002: Analog signal "Net_1937" is connected to one terminal only. (App=cydsfit)
Info: apr.M0002: Analog signal "Net_1971" is connected to one terminal only. (App=cydsfit)
Info: apr.M0002: Analog signal "Net_1940" is connected to one terminal only. (App=cydsfit)
Info: apr.M0002: Analog signal "Net_1941" is connected to one terminal only. (App=cydsfit)
Info: apr.M0002: Analog signal "Net_1972" is connected to one terminal only. (App=cydsfit)
Info: apr.M0002: Analog signal "Net_1945" is connected to one terminal only. (App=cydsfit)
Info: apr.M0002: Analog signal "Net_1947" is connected to one terminal only. (App=cydsfit)
Info: apr.M0002: Analog signal "Net_1974" is connected to one terminal only. (App=cydsfit)
Info: apr.M0002: Analog signal "Net_1950" is connected to one terminal only. (App=cydsfit)
Info: apr.M0002: Analog signal "Net_1975" is connected to one terminal only. (App=cydsfit)
Info: apr.M0002: Analog signal "Net_1977" is connected to one terminal only. (App=cydsfit)
Info: apr.M0002: Analog signal "Net_1978" is connected to one terminal only. (App=cydsfit)
Info: apr.M0002: Analog signal "Net_1979" is connected to one terminal only. (App=cydsfit)
Info: apr.M0002: Analog signal "Net_1980" is connected to one terminal only. (App=cydsfit)
Info: apr.M0002: Analog signal "Net_1981" is connected to one terminal only. (App=cydsfit)
Info: apr.M0002: Analog signal "Net_1982" is connected to one terminal only. (App=cydsfit)
Info: apr.M0002: Analog signal "Net_1983" is connected to one terminal only. (App=cydsfit)
Info: apr.M0002: Analog signal "Net_1984" is connected to one terminal only. (App=cydsfit)
Info: apr.M0002: Analog signal "Net_1985" is connected to one terminal only. (App=cydsfit)
Info: apr.M0002: Analog signal "Net_1986" is connected to one terminal only. (App=cydsfit)
Info: apr.M0002: Analog signal "Net_1987" is connected to one terminal only. (App=cydsfit)
Info: apr.M0002: Analog signal "Net_1988" is connected to one terminal only. (App=cydsfit)
Info: apr.M0002: Analog signal "Net_1989" is connected to one terminal only. (App=cydsfit)
Info: apr.M0002: Analog signal "Net_1990" is connected to one terminal only. (App=cydsfit)
Info: apr.M0002: Analog signal "Net_1991" is connected to one terminal only. (App=cydsfit)
Initial Analog Placement Results:
IO_3@[IOP=(0)][IoId=(3)] : BUTTON_1(0) (fixed)
IO_4@[IOP=(0)][IoId=(4)] : BUTTON_2(0) (fixed)
IO_2@[IOP=(0)][IoId=(2)] : BUTTON_JOYSTICK(0) (fixed)
IO_6@[IOP=(12)][IoId=(6)] : DEBUG_RX(0) (fixed)
IO_7@[IOP=(12)][IoId=(7)] : DEBUG_TX(0) (fixed)
IO_0@[IOP=(0)][IoId=(0)] : JOYSTICK_X(0) (fixed)
IO_1@[IOP=(0)][IoId=(1)] : JOYSTICK_Y(0) (fixed)
IO_7@[IOP=(0)][IoId=(7)] : LED_green(0) (fixed)
IO_6@[IOP=(0)][IoId=(6)] : LED_red(0) (fixed)
IO_0@[IOP=(2)][IoId=(0)] : LED_yellow(0) (fixed)
IO_3@[IOP=(2)][IoId=(3)] : RGB_B(0) (fixed)
IO_4@[IOP=(2)][IoId=(4)] : RGB_G(0) (fixed)
IO_5@[IOP=(2)][IoId=(5)] : RGB_R(0) (fixed)
IO_7@[IOP=(1)][IoId=(7)] : SEVEN_A(0) (fixed)
IO_6@[IOP=(1)][IoId=(6)] : SEVEN_B(0) (fixed)
IO_5@[IOP=(1)][IoId=(5)] : SEVEN_C(0) (fixed)
IO_4@[IOP=(1)][IoId=(4)] : SEVEN_D(0) (fixed)
IO_0@[IOP=(1)][IoId=(0)] : SEVEN_DP(0) (fixed)
IO_3@[IOP=(1)][IoId=(3)] : SEVEN_E(0) (fixed)
IO_2@[IOP=(1)][IoId=(2)] : SEVEN_F(0) (fixed)
IO_1@[IOP=(1)][IoId=(1)] : SEVEN_G(0) (fixed)
IO_5@[IOP=(3)][IoId=(5)] : SEVEN_SELECT(0) (fixed)
IO_3@[IOP=(3)][IoId=(3)] : TFT_CS(0) (fixed)
IO_3@[IOP=(12)][IoId=(3)] : TFT_DC(0) (fixed)
IO_2@[IOP=(12)][IoId=(2)] : TFT_LED(0) (fixed)
IO_4@[IOP=(3)][IoId=(4)] : TFT_RES(0) (fixed)
IO_4@[IOP=(12)][IoId=(4)] : TFT_SCL(0) (fixed)
IO_5@[IOP=(12)][IoId=(5)] : TFT_SDA(0) (fixed)
IO_7@[IOP=(15)][IoId=(7)] : \USBUART:Dm(0)\ (fixed)
IO_6@[IOP=(15)][IoId=(6)] : \USBUART:Dp(0)\ (fixed)
SAR[1]@[FFB(SAR,1)] : \JOYSTICK_ADC_XY:SAR:ADC_SAR\
Vref[13]@[FFB(Vref,13)] : \JOYSTICK_ADC_XY:SAR:vRef_Vdda_1\
USB[0]@[FFB(USB,0)] : \USBUART:USB\
Log: apr.M0058: The analog placement iterative improvement is 35% done. (App=cydsfit)
Log: apr.M0058: The analog placement iterative improvement is 80% done. (App=cydsfit)
Analog Placement Results:
IO_3@[IOP=(0)][IoId=(3)] : BUTTON_1(0) (fixed)
IO_4@[IOP=(0)][IoId=(4)] : BUTTON_2(0) (fixed)
IO_2@[IOP=(0)][IoId=(2)] : BUTTON_JOYSTICK(0) (fixed)
IO_6@[IOP=(12)][IoId=(6)] : DEBUG_RX(0) (fixed)
IO_7@[IOP=(12)][IoId=(7)] : DEBUG_TX(0) (fixed)
IO_0@[IOP=(0)][IoId=(0)] : JOYSTICK_X(0) (fixed)
IO_1@[IOP=(0)][IoId=(1)] : JOYSTICK_Y(0) (fixed)
IO_7@[IOP=(0)][IoId=(7)] : LED_green(0) (fixed)
IO_6@[IOP=(0)][IoId=(6)] : LED_red(0) (fixed)
IO_0@[IOP=(2)][IoId=(0)] : LED_yellow(0) (fixed)
IO_3@[IOP=(2)][IoId=(3)] : RGB_B(0) (fixed)
IO_4@[IOP=(2)][IoId=(4)] : RGB_G(0) (fixed)
IO_5@[IOP=(2)][IoId=(5)] : RGB_R(0) (fixed)
IO_7@[IOP=(1)][IoId=(7)] : SEVEN_A(0) (fixed)
IO_6@[IOP=(1)][IoId=(6)] : SEVEN_B(0) (fixed)
IO_5@[IOP=(1)][IoId=(5)] : SEVEN_C(0) (fixed)
IO_4@[IOP=(1)][IoId=(4)] : SEVEN_D(0) (fixed)
IO_0@[IOP=(1)][IoId=(0)] : SEVEN_DP(0) (fixed)
IO_3@[IOP=(1)][IoId=(3)] : SEVEN_E(0) (fixed)
IO_2@[IOP=(1)][IoId=(2)] : SEVEN_F(0) (fixed)
IO_1@[IOP=(1)][IoId=(1)] : SEVEN_G(0) (fixed)
IO_5@[IOP=(3)][IoId=(5)] : SEVEN_SELECT(0) (fixed)
IO_3@[IOP=(3)][IoId=(3)] : TFT_CS(0) (fixed)
IO_3@[IOP=(12)][IoId=(3)] : TFT_DC(0) (fixed)
IO_2@[IOP=(12)][IoId=(2)] : TFT_LED(0) (fixed)
IO_4@[IOP=(3)][IoId=(4)] : TFT_RES(0) (fixed)
IO_4@[IOP=(12)][IoId=(4)] : TFT_SCL(0) (fixed)
IO_5@[IOP=(12)][IoId=(5)] : TFT_SDA(0) (fixed)
IO_7@[IOP=(15)][IoId=(7)] : \USBUART:Dm(0)\ (fixed)
IO_6@[IOP=(15)][IoId=(6)] : \USBUART:Dp(0)\ (fixed)
SAR[0]@[FFB(SAR,0)] : \JOYSTICK_ADC_XY:SAR:ADC_SAR\
Vref[13]@[FFB(Vref,13)] : \JOYSTICK_ADC_XY:SAR:vRef_Vdda_1\
USB[0]@[FFB(USB,0)] : \USBUART:USB\

Analog Placement phase: Elapsed time ==> 1s.935ms
</CYPRESSTAG>
<CYPRESSTAG name="Analog Routing">
Analog Routing phase: Elapsed time ==> 0s.000ms
</CYPRESSTAG>
<CYPRESSTAG name="Analog Code Generation">
============ Analog Final Answer Routes ============
Dump of CyAnalogRoutingResultsDB
Map of net to items {
  Net: \JOYSTICK_ADC_XY:Net_2803\ {
    sar_0_vplus
  }
  Net: Net_646 {
    p0_0
  }
  Net: Net_1408 {
    p0_1
  }
  Net: Net_1924 {
  }
  Net: Net_1943 {
  }
  Net: Net_1973 {
  }
  Net: Net_1952 {
  }
  Net: Net_1953 {
  }
  Net: Net_1976 {
  }
  Net: Net_1956 {
  }
  Net: Net_1957 {
  }
  Net: Net_1992 {
  }
  Net: Net_1960 {
  }
  Net: Net_1961 {
  }
  Net: Net_1993 {
  }
  Net: Net_1902 {
  }
  Net: Net_1903 {
  }
  Net: Net_1963 {
  }
  Net: Net_1906 {
  }
  Net: Net_1907 {
  }
  Net: Net_1964 {
  }
  Net: Net_1910 {
  }
  Net: Net_1911 {
  }
  Net: Net_1965 {
  }
  Net: Net_1914 {
  }
  Net: Net_1915 {
  }
  Net: Net_1966 {
  }
  Net: Net_1918 {
  }
  Net: Net_1919 {
  }
  Net: Net_1967 {
  }
  Net: Net_1923 {
  }
  Net: Net_1925 {
  }
  Net: Net_1968 {
  }
  Net: Net_1928 {
  }
  Net: Net_1929 {
  }
  Net: Net_1969 {
  }
  Net: Net_1932 {
  }
  Net: Net_1933 {
  }
  Net: Net_1970 {
  }
  Net: Net_1936 {
  }
  Net: Net_1937 {
  }
  Net: Net_1971 {
  }
  Net: Net_1940 {
  }
  Net: Net_1941 {
  }
  Net: Net_1972 {
  }
  Net: Net_1945 {
  }
  Net: Net_1947 {
  }
  Net: Net_1974 {
  }
  Net: Net_1950 {
  }
  Net: Net_1975 {
  }
  Net: Net_1977 {
  }
  Net: Net_1978 {
  }
  Net: Net_1979 {
  }
  Net: Net_1980 {
  }
  Net: Net_1981 {
  }
  Net: Net_1982 {
  }
  Net: Net_1983 {
  }
  Net: Net_1984 {
  }
  Net: Net_1985 {
  }
  Net: Net_1986 {
  }
  Net: Net_1987 {
  }
  Net: Net_1988 {
  }
  Net: Net_1989 {
  }
  Net: Net_1990 {
  }
  Net: Net_1991 {
  }
  Net: \JOYSTICK_ADC_XY:SAR:Net_126\ {
    sar_0_vrefhi
    sar_0_vminus_x_sar_0_vrefhi
    sar_0_vminus
  }
  Net: \JOYSTICK_ADC_XY:SAR:Net_209\ {
  }
  Net: \JOYSTICK_ADC_XY:SAR:Net_235\ {
    common_sar_vref_vdda/2
    common_sar_vref_vdda/2_x_sar_0_vref_vdda_vdda_2
    sar_0_vref_vdda_vdda_2
    sar_0_vref_x_sar_0_vref_vdda_vdda_2
    sar_0_vref
  }
  Net: AmuxNet::\JOYSTICK_ADC_XY:AMuxHw_2\ {
    sar_0_vplus
    agl5_x_sar_0_vplus
    agl5
    agl5_x_p0_1
    agl4_x_sar_0_vplus
    agl4
    agl4_x_p0_0
    p0_1
    p0_0
  }
}
Map of item to net {
  sar_0_vrefhi                                     -> \JOYSTICK_ADC_XY:SAR:Net_126\
  sar_0_vminus_x_sar_0_vrefhi                      -> \JOYSTICK_ADC_XY:SAR:Net_126\
  sar_0_vminus                                     -> \JOYSTICK_ADC_XY:SAR:Net_126\
  common_sar_vref_vdda/2                           -> \JOYSTICK_ADC_XY:SAR:Net_235\
  common_sar_vref_vdda/2_x_sar_0_vref_vdda_vdda_2  -> \JOYSTICK_ADC_XY:SAR:Net_235\
  sar_0_vref_vdda_vdda_2                           -> \JOYSTICK_ADC_XY:SAR:Net_235\
  sar_0_vref_x_sar_0_vref_vdda_vdda_2              -> \JOYSTICK_ADC_XY:SAR:Net_235\
  sar_0_vref                                       -> \JOYSTICK_ADC_XY:SAR:Net_235\
  sar_0_vplus                                      -> \JOYSTICK_ADC_XY:Net_2803\
  p0_0                                             -> Net_646
  p0_1                                             -> Net_1408
  agl5_x_sar_0_vplus                               -> AmuxNet::\JOYSTICK_ADC_XY:AMuxHw_2\
  agl5                                             -> AmuxNet::\JOYSTICK_ADC_XY:AMuxHw_2\
  agl5_x_p0_1                                      -> AmuxNet::\JOYSTICK_ADC_XY:AMuxHw_2\
  agl4_x_sar_0_vplus                               -> AmuxNet::\JOYSTICK_ADC_XY:AMuxHw_2\
  agl4                                             -> AmuxNet::\JOYSTICK_ADC_XY:AMuxHw_2\
  agl4_x_p0_0                                      -> AmuxNet::\JOYSTICK_ADC_XY:AMuxHw_2\
}
Mux Info {
  Mux: \JOYSTICK_ADC_XY:AMuxHw_2\ {
     Mouth: \JOYSTICK_ADC_XY:Net_2803\
     Guts:  AmuxNet::\JOYSTICK_ADC_XY:AMuxHw_2\
     IsSingleSwitching: False
     IsStaticSwitching: True
     IsAtMostOneSwitch: True
    Arm: 0 {
      Net:   Net_646
      Outer: agl4_x_p0_0
      Inner: agl4_x_sar_0_vplus
      Path {
        p0_0
        agl4_x_p0_0
        agl4
        agl4_x_sar_0_vplus
        sar_0_vplus
      }
    }
    Arm: 1 {
      Net:   Net_1408
      Outer: agl5_x_p0_1
      Inner: agl5_x_sar_0_vplus
      Path {
        p0_1
        agl5_x_p0_1
        agl5
        agl5_x_sar_0_vplus
        sar_0_vplus
      }
    }
    Arm: 2 {
      Net:   Net_1924
      Outer: __open__
      Inner: __open__
      Path {
      }
    }
    Arm: 3 {
      Net:   Net_1943
      Outer: __open__
      Inner: __open__
      Path {
      }
    }
    Arm: 4 {
      Net:   Net_1973
      Outer: __open__
      Inner: __open__
      Path {
      }
    }
    Arm: 5 {
      Net:   Net_1952
      Outer: __open__
      Inner: __open__
      Path {
      }
    }
    Arm: 6 {
      Net:   Net_1953
      Outer: __open__
      Inner: __open__
      Path {
      }
    }
    Arm: 7 {
      Net:   Net_1976
      Outer: __open__
      Inner: __open__
      Path {
      }
    }
    Arm: 8 {
      Net:   Net_1956
      Outer: __open__
      Inner: __open__
      Path {
      }
    }
    Arm: 9 {
      Net:   Net_1957
      Outer: __open__
      Inner: __open__
      Path {
      }
    }
    Arm: 10 {
      Net:   Net_1992
      Outer: __open__
      Inner: __open__
      Path {
      }
    }
    Arm: 11 {
      Net:   Net_1960
      Outer: __open__
      Inner: __open__
      Path {
      }
    }
    Arm: 12 {
      Net:   Net_1961
      Outer: __open__
      Inner: __open__
      Path {
      }
    }
    Arm: 13 {
      Net:   Net_1993
      Outer: __open__
      Inner: __open__
      Path {
      }
    }
    Arm: 14 {
      Net:   Net_1902
      Outer: __open__
      Inner: __open__
      Path {
      }
    }
    Arm: 15 {
      Net:   Net_1903
      Outer: __open__
      Inner: __open__
      Path {
      }
    }
    Arm: 16 {
      Net:   Net_1963
      Outer: __open__
      Inner: __open__
      Path {
      }
    }
    Arm: 17 {
      Net:   Net_1906
      Outer: __open__
      Inner: __open__
      Path {
      }
    }
    Arm: 18 {
      Net:   Net_1907
      Outer: __open__
      Inner: __open__
      Path {
      }
    }
    Arm: 19 {
      Net:   Net_1964
      Outer: __open__
      Inner: __open__
      Path {
      }
    }
    Arm: 20 {
      Net:   Net_1910
      Outer: __open__
      Inner: __open__
      Path {
      }
    }
    Arm: 21 {
      Net:   Net_1911
      Outer: __open__
      Inner: __open__
      Path {
      }
    }
    Arm: 22 {
      Net:   Net_1965
      Outer: __open__
      Inner: __open__
      Path {
      }
    }
    Arm: 23 {
      Net:   Net_1914
      Outer: __open__
      Inner: __open__
      Path {
      }
    }
    Arm: 24 {
      Net:   Net_1915
      Outer: __open__
      Inner: __open__
      Path {
      }
    }
    Arm: 25 {
      Net:   Net_1966
      Outer: __open__
      Inner: __open__
      Path {
      }
    }
    Arm: 26 {
      Net:   Net_1918
      Outer: __open__
      Inner: __open__
      Path {
      }
    }
    Arm: 27 {
      Net:   Net_1919
      Outer: __open__
      Inner: __open__
      Path {
      }
    }
    Arm: 28 {
      Net:   Net_1967
      Outer: __open__
      Inner: __open__
      Path {
      }
    }
    Arm: 29 {
      Net:   Net_1923
      Outer: __open__
      Inner: __open__
      Path {
      }
    }
    Arm: 30 {
      Net:   Net_1925
      Outer: __open__
      Inner: __open__
      Path {
      }
    }
    Arm: 31 {
      Net:   Net_1968
      Outer: __open__
      Inner: __open__
      Path {
      }
    }
    Arm: 32 {
      Net:   Net_1928
      Outer: __open__
      Inner: __open__
      Path {
      }
    }
    Arm: 33 {
      Net:   Net_1929
      Outer: __open__
      Inner: __open__
      Path {
      }
    }
    Arm: 34 {
      Net:   Net_1969
      Outer: __open__
      Inner: __open__
      Path {
      }
    }
    Arm: 35 {
      Net:   Net_1932
      Outer: __open__
      Inner: __open__
      Path {
      }
    }
    Arm: 36 {
      Net:   Net_1933
      Outer: __open__
      Inner: __open__
      Path {
      }
    }
    Arm: 37 {
      Net:   Net_1970
      Outer: __open__
      Inner: __open__
      Path {
      }
    }
    Arm: 38 {
      Net:   Net_1936
      Outer: __open__
      Inner: __open__
      Path {
      }
    }
    Arm: 39 {
      Net:   Net_1937
      Outer: __open__
      Inner: __open__
      Path {
      }
    }
    Arm: 40 {
      Net:   Net_1971
      Outer: __open__
      Inner: __open__
      Path {
      }
    }
    Arm: 41 {
      Net:   Net_1940
      Outer: __open__
      Inner: __open__
      Path {
      }
    }
    Arm: 42 {
      Net:   Net_1941
      Outer: __open__
      Inner: __open__
      Path {
      }
    }
    Arm: 43 {
      Net:   Net_1972
      Outer: __open__
      Inner: __open__
      Path {
      }
    }
    Arm: 44 {
      Net:   Net_1945
      Outer: __open__
      Inner: __open__
      Path {
      }
    }
    Arm: 45 {
      Net:   Net_1947
      Outer: __open__
      Inner: __open__
      Path {
      }
    }
    Arm: 46 {
      Net:   Net_1974
      Outer: __open__
      Inner: __open__
      Path {
      }
    }
    Arm: 47 {
      Net:   Net_1950
      Outer: __open__
      Inner: __open__
      Path {
      }
    }
    Arm: 48 {
      Net:   Net_1975
      Outer: __open__
      Inner: __open__
      Path {
      }
    }
    Arm: 49 {
      Net:   Net_1977
      Outer: __open__
      Inner: __open__
      Path {
      }
    }
    Arm: 50 {
      Net:   Net_1978
      Outer: __open__
      Inner: __open__
      Path {
      }
    }
    Arm: 51 {
      Net:   Net_1979
      Outer: __open__
      Inner: __open__
      Path {
      }
    }
    Arm: 52 {
      Net:   Net_1980
      Outer: __open__
      Inner: __open__
      Path {
      }
    }
    Arm: 53 {
      Net:   Net_1981
      Outer: __open__
      Inner: __open__
      Path {
      }
    }
    Arm: 54 {
      Net:   Net_1982
      Outer: __open__
      Inner: __open__
      Path {
      }
    }
    Arm: 55 {
      Net:   Net_1983
      Outer: __open__
      Inner: __open__
      Path {
      }
    }
    Arm: 56 {
      Net:   Net_1984
      Outer: __open__
      Inner: __open__
      Path {
      }
    }
    Arm: 57 {
      Net:   Net_1985
      Outer: __open__
      Inner: __open__
      Path {
      }
    }
    Arm: 58 {
      Net:   Net_1986
      Outer: __open__
      Inner: __open__
      Path {
      }
    }
    Arm: 59 {
      Net:   Net_1987
      Outer: __open__
      Inner: __open__
      Path {
      }
    }
    Arm: 60 {
      Net:   Net_1988
      Outer: __open__
      Inner: __open__
      Path {
      }
    }
    Arm: 61 {
      Net:   Net_1989
      Outer: __open__
      Inner: __open__
      Path {
      }
    }
    Arm: 62 {
      Net:   Net_1990
      Outer: __open__
      Inner: __open__
      Path {
      }
    }
    Arm: 63 {
      Net:   Net_1991
      Outer: __open__
      Inner: __open__
      Path {
      }
    }
  }
}
Dump of CyP35AnalogRoutingResultsDB
IsVddaHalfUsedForComp = False
IsVddaHalfUsedForSar0 = True
IsVddaHalfUsedForSar1 = False
Analog Code Generation phase: Elapsed time ==> 0s.223ms
</CYPRESSTAG>
<CYPRESSTAG name="Digital Placement">
<CYPRESSTAG name="Detailed placement messages">
I2076: Total run-time: 5.5 sec.

</CYPRESSTAG>
<CYPRESSTAG name="PLD Packing">
<CYPRESSTAG name="PLD Packing Summary" expanded>

------------------------------------------------------------
PLD Packing Summary
------------------------------------------------------------
            Resource Type : Used : Free :  Max :  % Used
    ====================================================
                     PLDs :   48 :    0 :   48 : 100.00%

<CYPRESSTAG name="PLD Statistics">

        PLD Resource Type :     Average/LAB
    =======================================
                   Inputs :            7.58
                   Pterms :            3.75
               Macrocells :            2.52
</CYPRESSTAG>
<CYPRESSTAG name="Packed PLD Contents">
Packed PLD Contents not displayed at this verbose level.</CYPRESSTAG>
</CYPRESSTAG>
PLD Packing: Elapsed time ==> 0s.000ms
</CYPRESSTAG>
<CYPRESSTAG name="Partitioning">
<CYPRESSTAG name="Initial Partitioning Summary">
Initial Partitioning Summary not displayed at this verbose level.</CYPRESSTAG>
<CYPRESSTAG name="Final Partitioning Summary">
Final Partitioning Summary not displayed at this verbose level.</CYPRESSTAG>
Partitioning: Elapsed time ==> 0s.185ms
</CYPRESSTAG>
<CYPRESSTAG name="Final Placement Summary">

------------------------------------------------------------
Final Placement Summary
------------------------------------------------------------

       Resource Type :      Count : Avg Inputs : Avg Outputs
    ========================================================
                 UDB :         24 :      10.75 :       5.04
<CYPRESSTAG name="Final Placement Details">
<CYPRESSTAG name="Component Details">

------------------------------------------------------------
Component Placement Details
------------------------------------------------------------
UDB [UDB=(0,0)] contents:
LAB@[UDB=(0,0)][LB=0] #macrocells=2, #inputs=10, #pterms=6
{
    [McSlotId=0]:     MacroCell: Name=\UART_LOG:BUART:rx_state_2\, Mode=(T-Register) @ [UDB=(0,0)][LB=0][MC=0]
        Total # of inputs        : 10
        Total # of product terms : 5
        List of special equations: 
            Clock  = (\UART_LOG:Net_9\) => Global
            Clock Enable: True
        Main Equation            : 5 pterms
        (
              !\UART_LOG:BUART:tx_ctrl_mark_last\ * 
              !\UART_LOG:BUART:rx_state_0\ * 
              \UART_LOG:BUART:rx_bitclk_enable\ * \UART_LOG:BUART:rx_state_3\
            + !\UART_LOG:BUART:tx_ctrl_mark_last\ * 
              !\UART_LOG:BUART:rx_state_0\ * 
              \UART_LOG:BUART:rx_bitclk_enable\ * \UART_LOG:BUART:rx_state_2\
            + !\UART_LOG:BUART:tx_ctrl_mark_last\ * 
              !\UART_LOG:BUART:rx_state_0\ * !\UART_LOG:BUART:rx_state_3\ * 
              !\UART_LOG:BUART:rx_state_2\ * \UART_LOG:BUART:rx_last\ * 
              !Net_1845_SYNCOUT
            + !\UART_LOG:BUART:tx_ctrl_mark_last\ * 
              \UART_LOG:BUART:rx_state_0\ * !\UART_LOG:BUART:rx_state_3\ * 
              !\UART_LOG:BUART:rx_state_2\ * !\UART_LOG:BUART:rx_count_6\ * 
              !\UART_LOG:BUART:rx_count_5\
            + !\UART_LOG:BUART:tx_ctrl_mark_last\ * 
              \UART_LOG:BUART:rx_state_0\ * !\UART_LOG:BUART:rx_state_3\ * 
              !\UART_LOG:BUART:rx_state_2\ * !\UART_LOG:BUART:rx_count_6\ * 
              !\UART_LOG:BUART:rx_count_4\
        );
        Output = \UART_LOG:BUART:rx_state_2\ (fanout=7)
        Properties               : 
        {
        }

    [McSlotId=1]: (empty)
    [McSlotId=2]: (empty)
    [McSlotId=3]:     MacroCell: Name=\UART_LOG:BUART:rx_last\, Mode=(D-Register) @ [UDB=(0,0)][LB=0][MC=3]
        Total # of inputs        : 1
        Total # of product terms : 1
        List of special equations: 
            Clock  = (\UART_LOG:Net_9\) => Global
            Clock Enable: True
        Main Equation            : 1 pterm
        (
              Net_1845_SYNCOUT
        );
        Output = \UART_LOG:BUART:rx_last\ (fanout=1)
        Properties               : 
        {
        }
}

LAB@[UDB=(0,0)][LB=1] #macrocells=3, #inputs=7, #pterms=3
{
    [McSlotId=0]:     MacroCell: Name=\JOYSTICK_ADC_XY:AMuxHw_2_Decoder_one_hot_31\, Mode=(D-Register) @ [UDB=(0,0)][LB=1][MC=0]
        Total # of inputs        : 7
        Total # of product terms : 1
        List of special equations: 
            Clock  = (\JOYSTICK_ADC_XY:clock\) => Global
            Clock Enable: True
        Main Equation            : 1 pterm
        (
              \JOYSTICK_ADC_XY:AMuxHw_2_Decoder_is_active\ * 
              !\JOYSTICK_ADC_XY:AMuxHw_2_Decoder_old_id_5\ * 
              \JOYSTICK_ADC_XY:AMuxHw_2_Decoder_old_id_4\ * 
              \JOYSTICK_ADC_XY:AMuxHw_2_Decoder_old_id_3\ * 
              \JOYSTICK_ADC_XY:AMuxHw_2_Decoder_old_id_2\ * 
              \JOYSTICK_ADC_XY:AMuxHw_2_Decoder_old_id_1\ * 
              \JOYSTICK_ADC_XY:AMuxHw_2_Decoder_old_id_0\
        );
        Output = \JOYSTICK_ADC_XY:AMuxHw_2_Decoder_one_hot_31\ (fanout=1)
        Properties               : 
        {
        }

    [McSlotId=1]:     MacroCell: Name=\JOYSTICK_ADC_XY:AMuxHw_2_Decoder_one_hot_39\, Mode=(D-Register) @ [UDB=(0,0)][LB=1][MC=1]
        Total # of inputs        : 7
        Total # of product terms : 1
        List of special equations: 
            Clock  = (\JOYSTICK_ADC_XY:clock\) => Global
            Clock Enable: True
        Main Equation            : 1 pterm
        (
              \JOYSTICK_ADC_XY:AMuxHw_2_Decoder_is_active\ * 
              \JOYSTICK_ADC_XY:AMuxHw_2_Decoder_old_id_5\ * 
              !\JOYSTICK_ADC_XY:AMuxHw_2_Decoder_old_id_4\ * 
              !\JOYSTICK_ADC_XY:AMuxHw_2_Decoder_old_id_3\ * 
              \JOYSTICK_ADC_XY:AMuxHw_2_Decoder_old_id_2\ * 
              \JOYSTICK_ADC_XY:AMuxHw_2_Decoder_old_id_1\ * 
              \JOYSTICK_ADC_XY:AMuxHw_2_Decoder_old_id_0\
        );
        Output = \JOYSTICK_ADC_XY:AMuxHw_2_Decoder_one_hot_39\ (fanout=1)
        Properties               : 
        {
        }

    [McSlotId=2]:     MacroCell: Name=\JOYSTICK_ADC_XY:AMuxHw_2_Decoder_one_hot_54\, Mode=(D-Register) @ [UDB=(0,0)][LB=1][MC=2]
        Total # of inputs        : 7
        Total # of product terms : 1
        List of special equations: 
            Clock  = (\JOYSTICK_ADC_XY:clock\) => Global
            Clock Enable: True
        Main Equation            : 1 pterm
        (
              \JOYSTICK_ADC_XY:AMuxHw_2_Decoder_is_active\ * 
              \JOYSTICK_ADC_XY:AMuxHw_2_Decoder_old_id_5\ * 
              \JOYSTICK_ADC_XY:AMuxHw_2_Decoder_old_id_4\ * 
              !\JOYSTICK_ADC_XY:AMuxHw_2_Decoder_old_id_3\ * 
              \JOYSTICK_ADC_XY:AMuxHw_2_Decoder_old_id_2\ * 
              \JOYSTICK_ADC_XY:AMuxHw_2_Decoder_old_id_1\ * 
              !\JOYSTICK_ADC_XY:AMuxHw_2_Decoder_old_id_0\
        );
        Output = \JOYSTICK_ADC_XY:AMuxHw_2_Decoder_one_hot_54\ (fanout=1)
        Properties               : 
        {
        }

    [McSlotId=3]: (empty)
}

synccell: Name =DEBUG_RX(0)_SYNC
    PORT MAP (
        in => Net_1845 ,
        out => Net_1845_SYNCOUT ,
        clock => ClockBlock_BUS_CLK );
    Properties:
    {
    }
    Clock Polarity: Active High
    Clock Enable: True

UDB [UDB=(0,1)] contents:
LAB@[UDB=(0,1)][LB=0] #macrocells=2, #inputs=8, #pterms=4
{
    [McSlotId=0]: (empty)
    [McSlotId=1]:     MacroCell: Name=\UART_LOG:BUART:rx_load_fifo\, Mode=(D-Register) @ [UDB=(0,1)][LB=0][MC=1]
        Total # of inputs        : 8
        Total # of product terms : 3
        List of special equations: 
            Clock  = (\UART_LOG:Net_9\) => Global
            Clock Enable: True
        Main Equation            : 3 pterms
        (
              !\UART_LOG:BUART:tx_ctrl_mark_last\ * 
              !\UART_LOG:BUART:rx_state_0\ * 
              \UART_LOG:BUART:rx_bitclk_enable\ * \UART_LOG:BUART:rx_state_3\ * 
              !\UART_LOG:BUART:rx_state_2\
            + !\UART_LOG:BUART:tx_ctrl_mark_last\ * 
              \UART_LOG:BUART:rx_state_0\ * !\UART_LOG:BUART:rx_state_3\ * 
              !\UART_LOG:BUART:rx_state_2\ * !\UART_LOG:BUART:rx_count_6\ * 
              !\UART_LOG:BUART:rx_count_5\
            + !\UART_LOG:BUART:tx_ctrl_mark_last\ * 
              \UART_LOG:BUART:rx_state_0\ * !\UART_LOG:BUART:rx_state_3\ * 
              !\UART_LOG:BUART:rx_state_2\ * !\UART_LOG:BUART:rx_count_6\ * 
              !\UART_LOG:BUART:rx_count_4\
        );
        Output = \UART_LOG:BUART:rx_load_fifo\ (fanout=2)
        Properties               : 
        {
        }

    [McSlotId=2]:     MacroCell: Name=\UART_LOG:BUART:rx_state_3\, Mode=(T-Register) @ [UDB=(0,1)][LB=0][MC=2]
        Total # of inputs        : 8
        Total # of product terms : 3
        List of special equations: 
            Clock  = (\UART_LOG:Net_9\) => Global
            Clock Enable: True
        Main Equation            : 3 pterms
        (
              !\UART_LOG:BUART:tx_ctrl_mark_last\ * 
              !\UART_LOG:BUART:rx_state_0\ * 
              \UART_LOG:BUART:rx_bitclk_enable\ * \UART_LOG:BUART:rx_state_3\ * 
              \UART_LOG:BUART:rx_state_2\
            + !\UART_LOG:BUART:tx_ctrl_mark_last\ * 
              \UART_LOG:BUART:rx_state_0\ * !\UART_LOG:BUART:rx_state_3\ * 
              !\UART_LOG:BUART:rx_state_2\ * !\UART_LOG:BUART:rx_count_6\ * 
              !\UART_LOG:BUART:rx_count_5\
            + !\UART_LOG:BUART:tx_ctrl_mark_last\ * 
              \UART_LOG:BUART:rx_state_0\ * !\UART_LOG:BUART:rx_state_3\ * 
              !\UART_LOG:BUART:rx_state_2\ * !\UART_LOG:BUART:rx_count_6\ * 
              !\UART_LOG:BUART:rx_count_4\
        );
        Output = \UART_LOG:BUART:rx_state_3\ (fanout=7)
        Properties               : 
        {
        }

    [McSlotId=3]: (empty)
}

LAB@[UDB=(0,1)][LB=1] #macrocells=2, #inputs=3, #pterms=2
{
    [McSlotId=0]:     MacroCell: Name=\RGB_PWM_red:PWMUDB:runmode_enable\, Mode=(D-Register) @ [UDB=(0,1)][LB=1][MC=0]
        Total # of inputs        : 1
        Total # of product terms : 1
        List of special equations: 
            Clock  = (Net_2605) => Global
            Clock Enable: True
        Main Equation            : 1 pterm
        (
              \RGB_PWM_red:PWMUDB:control_7\
        );
        Output = \RGB_PWM_red:PWMUDB:runmode_enable\ (fanout=3)
        Properties               : 
        {
        }

    [McSlotId=1]:     MacroCell: Name=Net_403, Mode=(D-Register) @ [UDB=(0,1)][LB=1][MC=1]
        Total # of inputs        : 2
        Total # of product terms : 1
        List of special equations: 
            Clock  = (Net_2605) => Global
            Clock Enable: True
        Main Equation            : 1 pterm
        (
              \RGB_PWM_red:PWMUDB:runmode_enable\ * 
              \RGB_PWM_red:PWMUDB:cmp1_less\
        );
        Output = Net_403 (fanout=1)
        Properties               : 
        {
        }

    [McSlotId=2]: (empty)
    [McSlotId=3]: (empty)
}

datapathcell: Name =\RGB_PWM_red:PWMUDB:sP16:pwmdp:u1\
    PORT MAP (
        clock => Net_2605 ,
        cs_addr_2 => \RGB_PWM_red:PWMUDB:tc_i\ ,
        cs_addr_1 => \RGB_PWM_red:PWMUDB:runmode_enable\ ,
        cl0_comb => \RGB_PWM_red:PWMUDB:cmp1_less\ ,
        z0_comb => \RGB_PWM_red:PWMUDB:tc_i\ ,
        chain_in => \RGB_PWM_red:PWMUDB:sP16:pwmdp:carry\ );
    Properties:
    {
        a0_init = "00000000"
        a1_init = "00000000"
        ce0_sync = 1
        ce1_sync = 1
        cl0_sync = 1
        cl1_sync = 1
        cmsb_sync = 1
        co_msb_sync = 1
        cy_dpconfig = "0000000001000000000000001100000001000000010000000000000011000000000000001100000000000000110000000000000011000000000000001100000011111111000000001111111111111111101011110000000000000100000011110000000000011000"
        d0_init = "00000000"
        d1_init = "00000000"
        f0_blk_sync = 1
        f0_bus_sync = 1
        f1_blk_sync = 1
        f1_bus_sync = 1
        ff0_sync = 1
        ff1_sync = 1
        ov_msb_sync = 1
        so_sync = 1
        z0_sync = 1
        z1_sync = 1
    }
    Clock Polarity: Active High
    Clock Enable: True
    Previous in chain : \RGB_PWM_red:PWMUDB:sP16:pwmdp:u0\

controlcell: Name =\RGB_PWM_red:PWMUDB:genblk1:ctrlreg\
    PORT MAP (
        clock => Net_2605 ,
        control_7 => \RGB_PWM_red:PWMUDB:control_7\ ,
        control_6 => \RGB_PWM_red:PWMUDB:control_6\ ,
        control_5 => \RGB_PWM_red:PWMUDB:control_5\ ,
        control_4 => \RGB_PWM_red:PWMUDB:control_4\ ,
        control_3 => \RGB_PWM_red:PWMUDB:control_3\ ,
        control_2 => \RGB_PWM_red:PWMUDB:control_2\ ,
        control_1 => \RGB_PWM_red:PWMUDB:control_1\ ,
        control_0 => \RGB_PWM_red:PWMUDB:control_0\ );
    Properties:
    {
        cy_ctrl_mode_0 = "11111111"
        cy_ctrl_mode_1 = "00000000"
        cy_ext_reset = 0
        cy_force_order = 1
        cy_init_value = "00000000"
    }
    Clock Polarity: Active High
    Clock Enable: True

UDB [UDB=(0,2)] contents:
LAB@[UDB=(0,2)][LB=0] #macrocells=1, #inputs=7, #pterms=1
{
    [McSlotId=0]:     MacroCell: Name=\JOYSTICK_ADC_XY:AMuxHw_2_Decoder_one_hot_4\, Mode=(D-Register) @ [UDB=(0,2)][LB=0][MC=0]
        Total # of inputs        : 7
        Total # of product terms : 1
        List of special equations: 
            Clock  = (\JOYSTICK_ADC_XY:clock\) => Global
            Clock Enable: True
        Main Equation            : 1 pterm
        (
              \JOYSTICK_ADC_XY:AMuxHw_2_Decoder_is_active\ * 
              !\JOYSTICK_ADC_XY:AMuxHw_2_Decoder_old_id_5\ * 
              !\JOYSTICK_ADC_XY:AMuxHw_2_Decoder_old_id_4\ * 
              !\JOYSTICK_ADC_XY:AMuxHw_2_Decoder_old_id_3\ * 
              \JOYSTICK_ADC_XY:AMuxHw_2_Decoder_old_id_2\ * 
              !\JOYSTICK_ADC_XY:AMuxHw_2_Decoder_old_id_1\ * 
              !\JOYSTICK_ADC_XY:AMuxHw_2_Decoder_old_id_0\
        );
        Output = \JOYSTICK_ADC_XY:AMuxHw_2_Decoder_one_hot_4\ (fanout=1)
        Properties               : 
        {
        }

    [McSlotId=1]: (empty)
    [McSlotId=2]: (empty)
    [McSlotId=3]: (empty)
}

LAB@[UDB=(0,2)][LB=1] #macrocells=2, #inputs=7, #pterms=2
{
    [McSlotId=0]: (empty)
    [McSlotId=1]:     MacroCell: Name=\JOYSTICK_ADC_XY:AMuxHw_2_Decoder_one_hot_19\, Mode=(D-Register) @ [UDB=(0,2)][LB=1][MC=1]
        Total # of inputs        : 7
        Total # of product terms : 1
        List of special equations: 
            Clock  = (\JOYSTICK_ADC_XY:clock\) => Global
            Clock Enable: True
        Main Equation            : 1 pterm
        (
              \JOYSTICK_ADC_XY:AMuxHw_2_Decoder_is_active\ * 
              !\JOYSTICK_ADC_XY:AMuxHw_2_Decoder_old_id_5\ * 
              \JOYSTICK_ADC_XY:AMuxHw_2_Decoder_old_id_4\ * 
              !\JOYSTICK_ADC_XY:AMuxHw_2_Decoder_old_id_3\ * 
              !\JOYSTICK_ADC_XY:AMuxHw_2_Decoder_old_id_2\ * 
              \JOYSTICK_ADC_XY:AMuxHw_2_Decoder_old_id_1\ * 
              \JOYSTICK_ADC_XY:AMuxHw_2_Decoder_old_id_0\
        );
        Output = \JOYSTICK_ADC_XY:AMuxHw_2_Decoder_one_hot_19\ (fanout=1)
        Properties               : 
        {
        }

    [McSlotId=2]: (empty)
    [McSlotId=3]:     MacroCell: Name=\JOYSTICK_ADC_XY:AMuxHw_2_Decoder_one_hot_57\, Mode=(D-Register) @ [UDB=(0,2)][LB=1][MC=3]
        Total # of inputs        : 7
        Total # of product terms : 1
        List of special equations: 
            Clock  = (\JOYSTICK_ADC_XY:clock\) => Global
            Clock Enable: True
        Main Equation            : 1 pterm
        (
              \JOYSTICK_ADC_XY:AMuxHw_2_Decoder_is_active\ * 
              \JOYSTICK_ADC_XY:AMuxHw_2_Decoder_old_id_5\ * 
              \JOYSTICK_ADC_XY:AMuxHw_2_Decoder_old_id_4\ * 
              \JOYSTICK_ADC_XY:AMuxHw_2_Decoder_old_id_3\ * 
              !\JOYSTICK_ADC_XY:AMuxHw_2_Decoder_old_id_2\ * 
              !\JOYSTICK_ADC_XY:AMuxHw_2_Decoder_old_id_1\ * 
              \JOYSTICK_ADC_XY:AMuxHw_2_Decoder_old_id_0\
        );
        Output = \JOYSTICK_ADC_XY:AMuxHw_2_Decoder_one_hot_57\ (fanout=1)
        Properties               : 
        {
        }
}

controlcell: Name =\SEVEN_reg:Sync:ctrl_reg\
    PORT MAP (
        control_7 => Net_1822 ,
        control_6 => Net_1824 ,
        control_5 => Net_1826 ,
        control_4 => Net_1828 ,
        control_3 => Net_1830 ,
        control_2 => Net_1832 ,
        control_1 => Net_1834 ,
        control_0 => Net_1836 );
    Properties:
    {
        cy_ctrl_mode_0 = "00000000"
        cy_ctrl_mode_1 = "00000000"
        cy_ext_reset = 0
        cy_force_order = 1
        cy_init_value = "00000000"
    }
    Clock Enable: True

UDB [UDB=(0,3)] contents:
LAB@[UDB=(0,3)][LB=0] #macrocells=3, #inputs=7, #pterms=3
{
    [McSlotId=0]: (empty)
    [McSlotId=1]:     MacroCell: Name=\JOYSTICK_ADC_XY:AMuxHw_2_Decoder_one_hot_51\, Mode=(D-Register) @ [UDB=(0,3)][LB=0][MC=1]
        Total # of inputs        : 7
        Total # of product terms : 1
        List of special equations: 
            Clock  = (\JOYSTICK_ADC_XY:clock\) => Global
            Clock Enable: True
        Main Equation            : 1 pterm
        (
              \JOYSTICK_ADC_XY:AMuxHw_2_Decoder_is_active\ * 
              \JOYSTICK_ADC_XY:AMuxHw_2_Decoder_old_id_5\ * 
              \JOYSTICK_ADC_XY:AMuxHw_2_Decoder_old_id_4\ * 
              !\JOYSTICK_ADC_XY:AMuxHw_2_Decoder_old_id_3\ * 
              !\JOYSTICK_ADC_XY:AMuxHw_2_Decoder_old_id_2\ * 
              \JOYSTICK_ADC_XY:AMuxHw_2_Decoder_old_id_1\ * 
              \JOYSTICK_ADC_XY:AMuxHw_2_Decoder_old_id_0\
        );
        Output = \JOYSTICK_ADC_XY:AMuxHw_2_Decoder_one_hot_51\ (fanout=1)
        Properties               : 
        {
        }

    [McSlotId=2]:     MacroCell: Name=\JOYSTICK_ADC_XY:AMuxHw_2_Decoder_one_hot_56\, Mode=(D-Register) @ [UDB=(0,3)][LB=0][MC=2]
        Total # of inputs        : 7
        Total # of product terms : 1
        List of special equations: 
            Clock  = (\JOYSTICK_ADC_XY:clock\) => Global
            Clock Enable: True
        Main Equation            : 1 pterm
        (
              \JOYSTICK_ADC_XY:AMuxHw_2_Decoder_is_active\ * 
              \JOYSTICK_ADC_XY:AMuxHw_2_Decoder_old_id_5\ * 
              \JOYSTICK_ADC_XY:AMuxHw_2_Decoder_old_id_4\ * 
              \JOYSTICK_ADC_XY:AMuxHw_2_Decoder_old_id_3\ * 
              !\JOYSTICK_ADC_XY:AMuxHw_2_Decoder_old_id_2\ * 
              !\JOYSTICK_ADC_XY:AMuxHw_2_Decoder_old_id_1\ * 
              !\JOYSTICK_ADC_XY:AMuxHw_2_Decoder_old_id_0\
        );
        Output = \JOYSTICK_ADC_XY:AMuxHw_2_Decoder_one_hot_56\ (fanout=1)
        Properties               : 
        {
        }

    [McSlotId=3]:     MacroCell: Name=\JOYSTICK_ADC_XY:AMuxHw_2_Decoder_one_hot_6\, Mode=(D-Register) @ [UDB=(0,3)][LB=0][MC=3]
        Total # of inputs        : 7
        Total # of product terms : 1
        List of special equations: 
            Clock  = (\JOYSTICK_ADC_XY:clock\) => Global
            Clock Enable: True
        Main Equation            : 1 pterm
        (
              \JOYSTICK_ADC_XY:AMuxHw_2_Decoder_is_active\ * 
              !\JOYSTICK_ADC_XY:AMuxHw_2_Decoder_old_id_5\ * 
              !\JOYSTICK_ADC_XY:AMuxHw_2_Decoder_old_id_4\ * 
              !\JOYSTICK_ADC_XY:AMuxHw_2_Decoder_old_id_3\ * 
              \JOYSTICK_ADC_XY:AMuxHw_2_Decoder_old_id_2\ * 
              \JOYSTICK_ADC_XY:AMuxHw_2_Decoder_old_id_1\ * 
              !\JOYSTICK_ADC_XY:AMuxHw_2_Decoder_old_id_0\
        );
        Output = \JOYSTICK_ADC_XY:AMuxHw_2_Decoder_one_hot_6\ (fanout=1)
        Properties               : 
        {
        }
}

LAB@[UDB=(0,3)][LB=1] #macrocells=1, #inputs=7, #pterms=1
{
    [McSlotId=0]: (empty)
    [McSlotId=1]:     MacroCell: Name=\JOYSTICK_ADC_XY:AMuxHw_2_Decoder_one_hot_35\, Mode=(D-Register) @ [UDB=(0,3)][LB=1][MC=1]
        Total # of inputs        : 7
        Total # of product terms : 1
        List of special equations: 
            Clock  = (\JOYSTICK_ADC_XY:clock\) => Global
            Clock Enable: True
        Main Equation            : 1 pterm
        (
              \JOYSTICK_ADC_XY:AMuxHw_2_Decoder_is_active\ * 
              \JOYSTICK_ADC_XY:AMuxHw_2_Decoder_old_id_5\ * 
              !\JOYSTICK_ADC_XY:AMuxHw_2_Decoder_old_id_4\ * 
              !\JOYSTICK_ADC_XY:AMuxHw_2_Decoder_old_id_3\ * 
              !\JOYSTICK_ADC_XY:AMuxHw_2_Decoder_old_id_2\ * 
              \JOYSTICK_ADC_XY:AMuxHw_2_Decoder_old_id_1\ * 
              \JOYSTICK_ADC_XY:AMuxHw_2_Decoder_old_id_0\
        );
        Output = \JOYSTICK_ADC_XY:AMuxHw_2_Decoder_one_hot_35\ (fanout=1)
        Properties               : 
        {
        }

    [McSlotId=2]: (empty)
    [McSlotId=3]: (empty)
}

UDB [UDB=(0,4)] contents:
LAB@[UDB=(0,4)][LB=0] #macrocells=4, #inputs=7, #pterms=4
{
    [McSlotId=0]:     MacroCell: Name=\JOYSTICK_ADC_XY:AMuxHw_2_Decoder_one_hot_38\, Mode=(D-Register) @ [UDB=(0,4)][LB=0][MC=0]
        Total # of inputs        : 7
        Total # of product terms : 1
        List of special equations: 
            Clock  = (\JOYSTICK_ADC_XY:clock\) => Global
            Clock Enable: True
        Main Equation            : 1 pterm
        (
              \JOYSTICK_ADC_XY:AMuxHw_2_Decoder_is_active\ * 
              \JOYSTICK_ADC_XY:AMuxHw_2_Decoder_old_id_5\ * 
              !\JOYSTICK_ADC_XY:AMuxHw_2_Decoder_old_id_4\ * 
              !\JOYSTICK_ADC_XY:AMuxHw_2_Decoder_old_id_3\ * 
              \JOYSTICK_ADC_XY:AMuxHw_2_Decoder_old_id_2\ * 
              \JOYSTICK_ADC_XY:AMuxHw_2_Decoder_old_id_1\ * 
              !\JOYSTICK_ADC_XY:AMuxHw_2_Decoder_old_id_0\
        );
        Output = \JOYSTICK_ADC_XY:AMuxHw_2_Decoder_one_hot_38\ (fanout=1)
        Properties               : 
        {
        }

    [McSlotId=1]:     MacroCell: Name=\JOYSTICK_ADC_XY:AMuxHw_2_Decoder_one_hot_49\, Mode=(D-Register) @ [UDB=(0,4)][LB=0][MC=1]
        Total # of inputs        : 7
        Total # of product terms : 1
        List of special equations: 
            Clock  = (\JOYSTICK_ADC_XY:clock\) => Global
            Clock Enable: True
        Main Equation            : 1 pterm
        (
              \JOYSTICK_ADC_XY:AMuxHw_2_Decoder_is_active\ * 
              \JOYSTICK_ADC_XY:AMuxHw_2_Decoder_old_id_5\ * 
              \JOYSTICK_ADC_XY:AMuxHw_2_Decoder_old_id_4\ * 
              !\JOYSTICK_ADC_XY:AMuxHw_2_Decoder_old_id_3\ * 
              !\JOYSTICK_ADC_XY:AMuxHw_2_Decoder_old_id_2\ * 
              !\JOYSTICK_ADC_XY:AMuxHw_2_Decoder_old_id_1\ * 
              \JOYSTICK_ADC_XY:AMuxHw_2_Decoder_old_id_0\
        );
        Output = \JOYSTICK_ADC_XY:AMuxHw_2_Decoder_one_hot_49\ (fanout=1)
        Properties               : 
        {
        }

    [McSlotId=2]:     MacroCell: Name=\JOYSTICK_ADC_XY:AMuxHw_2_Decoder_one_hot_53\, Mode=(D-Register) @ [UDB=(0,4)][LB=0][MC=2]
        Total # of inputs        : 7
        Total # of product terms : 1
        List of special equations: 
            Clock  = (\JOYSTICK_ADC_XY:clock\) => Global
            Clock Enable: True
        Main Equation            : 1 pterm
        (
              \JOYSTICK_ADC_XY:AMuxHw_2_Decoder_is_active\ * 
              \JOYSTICK_ADC_XY:AMuxHw_2_Decoder_old_id_5\ * 
              \JOYSTICK_ADC_XY:AMuxHw_2_Decoder_old_id_4\ * 
              !\JOYSTICK_ADC_XY:AMuxHw_2_Decoder_old_id_3\ * 
              \JOYSTICK_ADC_XY:AMuxHw_2_Decoder_old_id_2\ * 
              !\JOYSTICK_ADC_XY:AMuxHw_2_Decoder_old_id_1\ * 
              \JOYSTICK_ADC_XY:AMuxHw_2_Decoder_old_id_0\
        );
        Output = \JOYSTICK_ADC_XY:AMuxHw_2_Decoder_one_hot_53\ (fanout=1)
        Properties               : 
        {
        }

    [McSlotId=3]:     MacroCell: Name=\JOYSTICK_ADC_XY:AMuxHw_2_Decoder_one_hot_59\, Mode=(D-Register) @ [UDB=(0,4)][LB=0][MC=3]
        Total # of inputs        : 7
        Total # of product terms : 1
        List of special equations: 
            Clock  = (\JOYSTICK_ADC_XY:clock\) => Global
            Clock Enable: True
        Main Equation            : 1 pterm
        (
              \JOYSTICK_ADC_XY:AMuxHw_2_Decoder_is_active\ * 
              \JOYSTICK_ADC_XY:AMuxHw_2_Decoder_old_id_5\ * 
              \JOYSTICK_ADC_XY:AMuxHw_2_Decoder_old_id_4\ * 
              \JOYSTICK_ADC_XY:AMuxHw_2_Decoder_old_id_3\ * 
              !\JOYSTICK_ADC_XY:AMuxHw_2_Decoder_old_id_2\ * 
              \JOYSTICK_ADC_XY:AMuxHw_2_Decoder_old_id_1\ * 
              \JOYSTICK_ADC_XY:AMuxHw_2_Decoder_old_id_0\
        );
        Output = \JOYSTICK_ADC_XY:AMuxHw_2_Decoder_one_hot_59\ (fanout=1)
        Properties               : 
        {
        }
}

LAB@[UDB=(0,4)][LB=1] #macrocells=2, #inputs=7, #pterms=2
{
    [McSlotId=0]:     MacroCell: Name=\JOYSTICK_ADC_XY:AMuxHw_2_Decoder_one_hot_40\, Mode=(D-Register) @ [UDB=(0,4)][LB=1][MC=0]
        Total # of inputs        : 7
        Total # of product terms : 1
        List of special equations: 
            Clock  = (\JOYSTICK_ADC_XY:clock\) => Global
            Clock Enable: True
        Main Equation            : 1 pterm
        (
              \JOYSTICK_ADC_XY:AMuxHw_2_Decoder_is_active\ * 
              \JOYSTICK_ADC_XY:AMuxHw_2_Decoder_old_id_5\ * 
              !\JOYSTICK_ADC_XY:AMuxHw_2_Decoder_old_id_4\ * 
              \JOYSTICK_ADC_XY:AMuxHw_2_Decoder_old_id_3\ * 
              !\JOYSTICK_ADC_XY:AMuxHw_2_Decoder_old_id_2\ * 
              !\JOYSTICK_ADC_XY:AMuxHw_2_Decoder_old_id_1\ * 
              !\JOYSTICK_ADC_XY:AMuxHw_2_Decoder_old_id_0\
        );
        Output = \JOYSTICK_ADC_XY:AMuxHw_2_Decoder_one_hot_40\ (fanout=1)
        Properties               : 
        {
        }

    [McSlotId=1]: (empty)
    [McSlotId=2]: (empty)
    [McSlotId=3]:     MacroCell: Name=\JOYSTICK_ADC_XY:AMuxHw_2_Decoder_one_hot_20\, Mode=(D-Register) @ [UDB=(0,4)][LB=1][MC=3]
        Total # of inputs        : 7
        Total # of product terms : 1
        List of special equations: 
            Clock  = (\JOYSTICK_ADC_XY:clock\) => Global
            Clock Enable: True
        Main Equation            : 1 pterm
        (
              \JOYSTICK_ADC_XY:AMuxHw_2_Decoder_is_active\ * 
              !\JOYSTICK_ADC_XY:AMuxHw_2_Decoder_old_id_5\ * 
              \JOYSTICK_ADC_XY:AMuxHw_2_Decoder_old_id_4\ * 
              !\JOYSTICK_ADC_XY:AMuxHw_2_Decoder_old_id_3\ * 
              \JOYSTICK_ADC_XY:AMuxHw_2_Decoder_old_id_2\ * 
              !\JOYSTICK_ADC_XY:AMuxHw_2_Decoder_old_id_1\ * 
              !\JOYSTICK_ADC_XY:AMuxHw_2_Decoder_old_id_0\
        );
        Output = \JOYSTICK_ADC_XY:AMuxHw_2_Decoder_one_hot_20\ (fanout=1)
        Properties               : 
        {
        }
}

UDB [UDB=(0,5)] contents:
LAB@[UDB=(0,5)][LB=0] #macrocells=1, #inputs=7, #pterms=1
{
    [McSlotId=0]: (empty)
    [McSlotId=1]: (empty)
    [McSlotId=2]: (empty)
    [McSlotId=3]:     MacroCell: Name=\JOYSTICK_ADC_XY:AMuxHw_2_Decoder_one_hot_15\, Mode=(D-Register) @ [UDB=(0,5)][LB=0][MC=3]
        Total # of inputs        : 7
        Total # of product terms : 1
        List of special equations: 
            Clock  = (\JOYSTICK_ADC_XY:clock\) => Global
            Clock Enable: True
        Main Equation            : 1 pterm
        (
              \JOYSTICK_ADC_XY:AMuxHw_2_Decoder_is_active\ * 
              !\JOYSTICK_ADC_XY:AMuxHw_2_Decoder_old_id_5\ * 
              !\JOYSTICK_ADC_XY:AMuxHw_2_Decoder_old_id_4\ * 
              \JOYSTICK_ADC_XY:AMuxHw_2_Decoder_old_id_3\ * 
              \JOYSTICK_ADC_XY:AMuxHw_2_Decoder_old_id_2\ * 
              \JOYSTICK_ADC_XY:AMuxHw_2_Decoder_old_id_1\ * 
              \JOYSTICK_ADC_XY:AMuxHw_2_Decoder_old_id_0\
        );
        Output = \JOYSTICK_ADC_XY:AMuxHw_2_Decoder_one_hot_15\ (fanout=1)
        Properties               : 
        {
        }
}

LAB@[UDB=(0,5)][LB=1] #macrocells=3, #inputs=7, #pterms=3
{
    [McSlotId=0]:     MacroCell: Name=\JOYSTICK_ADC_XY:AMuxHw_2_Decoder_one_hot_50\, Mode=(D-Register) @ [UDB=(0,5)][LB=1][MC=0]
        Total # of inputs        : 7
        Total # of product terms : 1
        List of special equations: 
            Clock  = (\JOYSTICK_ADC_XY:clock\) => Global
            Clock Enable: True
        Main Equation            : 1 pterm
        (
              \JOYSTICK_ADC_XY:AMuxHw_2_Decoder_is_active\ * 
              \JOYSTICK_ADC_XY:AMuxHw_2_Decoder_old_id_5\ * 
              \JOYSTICK_ADC_XY:AMuxHw_2_Decoder_old_id_4\ * 
              !\JOYSTICK_ADC_XY:AMuxHw_2_Decoder_old_id_3\ * 
              !\JOYSTICK_ADC_XY:AMuxHw_2_Decoder_old_id_2\ * 
              \JOYSTICK_ADC_XY:AMuxHw_2_Decoder_old_id_1\ * 
              !\JOYSTICK_ADC_XY:AMuxHw_2_Decoder_old_id_0\
        );
        Output = \JOYSTICK_ADC_XY:AMuxHw_2_Decoder_one_hot_50\ (fanout=1)
        Properties               : 
        {
        }

    [McSlotId=1]:     MacroCell: Name=\JOYSTICK_ADC_XY:AMuxHw_2_Decoder_one_hot_17\, Mode=(D-Register) @ [UDB=(0,5)][LB=1][MC=1]
        Total # of inputs        : 7
        Total # of product terms : 1
        List of special equations: 
            Clock  = (\JOYSTICK_ADC_XY:clock\) => Global
            Clock Enable: True
        Main Equation            : 1 pterm
        (
              \JOYSTICK_ADC_XY:AMuxHw_2_Decoder_is_active\ * 
              !\JOYSTICK_ADC_XY:AMuxHw_2_Decoder_old_id_5\ * 
              \JOYSTICK_ADC_XY:AMuxHw_2_Decoder_old_id_4\ * 
              !\JOYSTICK_ADC_XY:AMuxHw_2_Decoder_old_id_3\ * 
              !\JOYSTICK_ADC_XY:AMuxHw_2_Decoder_old_id_2\ * 
              !\JOYSTICK_ADC_XY:AMuxHw_2_Decoder_old_id_1\ * 
              \JOYSTICK_ADC_XY:AMuxHw_2_Decoder_old_id_0\
        );
        Output = \JOYSTICK_ADC_XY:AMuxHw_2_Decoder_one_hot_17\ (fanout=1)
        Properties               : 
        {
        }

    [McSlotId=2]:     MacroCell: Name=\JOYSTICK_ADC_XY:AMuxHw_2_Decoder_one_hot_36\, Mode=(D-Register) @ [UDB=(0,5)][LB=1][MC=2]
        Total # of inputs        : 7
        Total # of product terms : 1
        List of special equations: 
            Clock  = (\JOYSTICK_ADC_XY:clock\) => Global
            Clock Enable: True
        Main Equation            : 1 pterm
        (
              \JOYSTICK_ADC_XY:AMuxHw_2_Decoder_is_active\ * 
              \JOYSTICK_ADC_XY:AMuxHw_2_Decoder_old_id_5\ * 
              !\JOYSTICK_ADC_XY:AMuxHw_2_Decoder_old_id_4\ * 
              !\JOYSTICK_ADC_XY:AMuxHw_2_Decoder_old_id_3\ * 
              \JOYSTICK_ADC_XY:AMuxHw_2_Decoder_old_id_2\ * 
              !\JOYSTICK_ADC_XY:AMuxHw_2_Decoder_old_id_1\ * 
              !\JOYSTICK_ADC_XY:AMuxHw_2_Decoder_old_id_0\
        );
        Output = \JOYSTICK_ADC_XY:AMuxHw_2_Decoder_one_hot_36\ (fanout=1)
        Properties               : 
        {
        }

    [McSlotId=3]: (empty)
}

datapathcell: Name =\RGB_PWM_green:PWMUDB:sP16:pwmdp:u0\
    PORT MAP (
        clock => Net_2605 ,
        cs_addr_2 => \RGB_PWM_green:PWMUDB:tc_i\ ,
        cs_addr_1 => \RGB_PWM_green:PWMUDB:runmode_enable\ ,
        chain_out => \RGB_PWM_green:PWMUDB:sP16:pwmdp:carry\ );
    Properties:
    {
        a0_init = "00000000"
        a1_init = "00000000"
        ce0_sync = 1
        ce1_sync = 1
        cl0_sync = 1
        cl1_sync = 1
        cmsb_sync = 1
        co_msb_sync = 1
        cy_dpconfig = "0000000001000000000000001100000001000000010000000000000011000000000000001100000000000000110000000000000011000000000000001100000011111111000000001111111111111111101000000000000000000100000000000000000000011000"
        d0_init = "00000000"
        d1_init = "00000000"
        f0_blk_sync = 1
        f0_bus_sync = 1
        f1_blk_sync = 1
        f1_bus_sync = 1
        ff0_sync = 1
        ff1_sync = 1
        ov_msb_sync = 1
        so_sync = 1
        z0_sync = 1
        z1_sync = 1
    }
    Clock Polarity: Active High
    Clock Enable: True
    Next in chain : \RGB_PWM_green:PWMUDB:sP16:pwmdp:u1\

UDB [UDB=(1,0)] contents:
LAB@[UDB=(1,0)][LB=0] #macrocells=2, #inputs=11, #pterms=6
{
    [McSlotId=0]:     MacroCell: Name=\UART_LOG:BUART:rx_state_0\, Mode=(T-Register) @ [UDB=(1,0)][LB=0][MC=0]
        Total # of inputs        : 11
        Total # of product terms : 4
        List of special equations: 
            Clock  = (\UART_LOG:Net_9\) => Global
            Clock Enable: True
        Main Equation            : 4 pterms
        (
              !\UART_LOG:BUART:tx_ctrl_mark_last\ * 
              !\UART_LOG:BUART:rx_state_0\ * 
              \UART_LOG:BUART:rx_bitclk_enable\ * 
              !\UART_LOG:BUART:rx_state_3\ * \UART_LOG:BUART:rx_state_2\ * 
              !\UART_LOG:BUART:pollcount_1\ * !\UART_LOG:BUART:pollcount_0\
            + !\UART_LOG:BUART:tx_ctrl_mark_last\ * 
              !\UART_LOG:BUART:rx_state_0\ * 
              \UART_LOG:BUART:rx_bitclk_enable\ * 
              !\UART_LOG:BUART:rx_state_3\ * \UART_LOG:BUART:rx_state_2\ * 
              !\UART_LOG:BUART:pollcount_1\ * !Net_1845_SYNCOUT
            + !\UART_LOG:BUART:tx_ctrl_mark_last\ * 
              \UART_LOG:BUART:rx_state_0\ * !\UART_LOG:BUART:rx_state_3\ * 
              !\UART_LOG:BUART:rx_state_2\ * !\UART_LOG:BUART:rx_count_6\ * 
              !\UART_LOG:BUART:rx_count_5\
            + !\UART_LOG:BUART:tx_ctrl_mark_last\ * 
              \UART_LOG:BUART:rx_state_0\ * !\UART_LOG:BUART:rx_state_3\ * 
              !\UART_LOG:BUART:rx_state_2\ * !\UART_LOG:BUART:rx_count_6\ * 
              !\UART_LOG:BUART:rx_count_4\
        );
        Output = \UART_LOG:BUART:rx_state_0\ (fanout=8)
        Properties               : 
        {
        }

    [McSlotId=1]: (empty)
    [McSlotId=2]:     MacroCell: Name=\UART_LOG:BUART:rx_status_3\, Mode=(D-Register) @ [UDB=(1,0)][LB=0][MC=2]
        Total # of inputs        : 8
        Total # of product terms : 2
        List of special equations: 
            Clock  = (\UART_LOG:Net_9\) => Global
            Clock Enable: True
        Main Equation            : 2 pterms
        (
              !\UART_LOG:BUART:tx_ctrl_mark_last\ * 
              !\UART_LOG:BUART:rx_state_0\ * 
              \UART_LOG:BUART:rx_bitclk_enable\ * \UART_LOG:BUART:rx_state_3\ * 
              \UART_LOG:BUART:rx_state_2\ * !\UART_LOG:BUART:pollcount_1\ * 
              !\UART_LOG:BUART:pollcount_0\
            + !\UART_LOG:BUART:tx_ctrl_mark_last\ * 
              !\UART_LOG:BUART:rx_state_0\ * 
              \UART_LOG:BUART:rx_bitclk_enable\ * \UART_LOG:BUART:rx_state_3\ * 
              \UART_LOG:BUART:rx_state_2\ * !\UART_LOG:BUART:pollcount_1\ * 
              !Net_1845_SYNCOUT
        );
        Output = \UART_LOG:BUART:rx_status_3\ (fanout=1)
        Properties               : 
        {
        }

    [McSlotId=3]: (empty)
}

LAB@[UDB=(1,0)][LB=1] #macrocells=2, #inputs=5, #pterms=5
{
    [McSlotId=0]:     MacroCell: Name=\UART_LOG:BUART:pollcount_1\, Mode=(D-Register) @ [UDB=(1,0)][LB=1][MC=0]
        Total # of inputs        : 5
        Total # of product terms : 3
        List of special equations: 
            Clock  = (\UART_LOG:Net_9\) => Global
            Clock Enable: True
        Main Equation            : 3 pterms
        (
              !\UART_LOG:BUART:rx_count_2\ * !\UART_LOG:BUART:rx_count_1\ * 
              !\UART_LOG:BUART:pollcount_1\ * \UART_LOG:BUART:pollcount_0\ * 
              Net_1845_SYNCOUT
            + !\UART_LOG:BUART:rx_count_2\ * !\UART_LOG:BUART:rx_count_1\ * 
              \UART_LOG:BUART:pollcount_1\ * !\UART_LOG:BUART:pollcount_0\
            + !\UART_LOG:BUART:rx_count_2\ * !\UART_LOG:BUART:rx_count_1\ * 
              \UART_LOG:BUART:pollcount_1\ * !Net_1845_SYNCOUT
        );
        Output = \UART_LOG:BUART:pollcount_1\ (fanout=4)
        Properties               : 
        {
        }

    [McSlotId=1]:     MacroCell: Name=\UART_LOG:BUART:rx_postpoll\, Mode=(Combinatorial) @ [UDB=(1,0)][LB=1][MC=1]
        Total # of inputs        : 3
        Total # of product terms : 2
            Clock Enable: True
        Main Equation            : 2 pterms
        (
              \UART_LOG:BUART:pollcount_1\
            + \UART_LOG:BUART:pollcount_0\ * Net_1845_SYNCOUT
        );
        Output = \UART_LOG:BUART:rx_postpoll\ (fanout=1)
        Properties               : 
        {
        }

    [McSlotId=2]: (empty)
    [McSlotId=3]: (empty)
}

datapathcell: Name =\UART_LOG:BUART:sRX:RxShifter:u0\
    PORT MAP (
        clock => \UART_LOG:Net_9\ ,
        cs_addr_2 => \UART_LOG:BUART:tx_ctrl_mark_last\ ,
        cs_addr_1 => \UART_LOG:BUART:rx_state_0\ ,
        cs_addr_0 => \UART_LOG:BUART:rx_bitclk_enable\ ,
        route_si => \UART_LOG:BUART:rx_postpoll\ ,
        f0_load => \UART_LOG:BUART:rx_load_fifo\ ,
        f0_bus_stat_comb => \UART_LOG:BUART:rx_fifonotempty\ ,
        f0_blk_stat_comb => \UART_LOG:BUART:rx_fifofull\ );
    Properties:
    {
        a0_init = "00000000"
        a1_init = "00000000"
        ce0_sync = 1
        ce1_sync = 1
        cl0_sync = 1
        cl1_sync = 1
        cmsb_sync = 1
        co_msb_sync = 1
        cy_dpconfig = "0000000000000000000000000000000000000000000000000000001001000000000100000000000000010000001100000001000000000000000100100001000011111111000000001111111111111111101000000110001001000001111100000000000000001100"
        d0_init = "00000000"
        d1_init = "00000000"
        f0_blk_sync = 1
        f0_bus_sync = 1
        f1_blk_sync = 1
        f1_bus_sync = 1
        ff0_sync = 1
        ff1_sync = 1
        ov_msb_sync = 1
        so_sync = 1
        z0_sync = 1
        z1_sync = 1
    }
    Clock Polarity: Active High
    Clock Enable: True

statusicell: Name =\UART_LOG:BUART:sRX:RxSts\
    PORT MAP (
        clock => \UART_LOG:Net_9\ ,
        status_5 => \UART_LOG:BUART:rx_status_5\ ,
        status_4 => \UART_LOG:BUART:rx_status_4\ ,
        status_3 => \UART_LOG:BUART:rx_status_3\ );
    Properties:
    {
        cy_force_order = 1
        cy_int_mask = "1111111"
        cy_md_select = "1011111"
    }
    Clock Polarity: Active High
    Clock Enable: True

UDB [UDB=(1,1)] contents:
LAB@[UDB=(1,1)][LB=0] #macrocells=3, #inputs=7, #pterms=7
{
    [McSlotId=0]:     MacroCell: Name=wTFT_SCL, Mode=(D-Register) @ [UDB=(1,1)][LB=0][MC=0]
        Total # of inputs        : 4
        Total # of product terms : 2
        List of special equations: 
            Clock  = (\TFT_SPI:Net_276\) => Global
            Clock Enable: True
        Main Equation            : 2 pterms
        (
              !\TFT_SPI:BSPIM:state_2\ * \TFT_SPI:BSPIM:state_1\ * 
              \TFT_SPI:BSPIM:state_0\
            + \TFT_SPI:BSPIM:state_1\ * \TFT_SPI:BSPIM:state_0\ * wTFT_SCL
        );
        Output = wTFT_SCL (fanout=2)
        Properties               : 
        {
        }

    [McSlotId=1]:     MacroCell: Name=Net_2003, Mode=(D-Register) @ [UDB=(1,1)][LB=0][MC=1]
        Total # of inputs        : 4
        Total # of product terms : 4
        List of special equations: 
            Clock  = (\TFT_SPI:Net_276\) => Global
            Clock Enable: True
        Main Equation            : 4 pterms
        !(
              !\TFT_SPI:BSPIM:state_2\ * !\TFT_SPI:BSPIM:state_1\ * 
              \TFT_SPI:BSPIM:state_0\
            + !\TFT_SPI:BSPIM:state_2\ * \TFT_SPI:BSPIM:state_1\ * !Net_2003
            + \TFT_SPI:BSPIM:state_2\ * !\TFT_SPI:BSPIM:state_1\ * 
              !\TFT_SPI:BSPIM:state_0\ * !Net_2003
            + \TFT_SPI:BSPIM:state_1\ * \TFT_SPI:BSPIM:state_0\ * !Net_2003
        );
        Output = Net_2003 (fanout=1)
        Properties               : 
        {
        }

    [McSlotId=2]: (empty)
    [McSlotId=3]:     MacroCell: Name=\UART_LOG:BUART:rx_status_4\, Mode=(Combinatorial) @ [UDB=(1,1)][LB=0][MC=3]
        Total # of inputs        : 2
        Total # of product terms : 1
            Clock Enable: True
        Main Equation            : 1 pterm
        (
              \UART_LOG:BUART:rx_load_fifo\ * \UART_LOG:BUART:rx_fifofull\
        );
        Output = \UART_LOG:BUART:rx_status_4\ (fanout=1)
        Properties               : 
        {
        }
}

LAB@[UDB=(1,1)][LB=1] #macrocells=3, #inputs=9, #pterms=4
{
    [McSlotId=0]:     MacroCell: Name=\UART_LOG:BUART:pollcount_0\, Mode=(D-Register) @ [UDB=(1,1)][LB=1][MC=0]
        Total # of inputs        : 4
        Total # of product terms : 2
        List of special equations: 
            Clock  = (\UART_LOG:Net_9\) => Global
            Clock Enable: True
        Main Equation            : 2 pterms
        (
              !\UART_LOG:BUART:rx_count_2\ * !\UART_LOG:BUART:rx_count_1\ * 
              !\UART_LOG:BUART:pollcount_0\ * Net_1845_SYNCOUT
            + !\UART_LOG:BUART:rx_count_2\ * !\UART_LOG:BUART:rx_count_1\ * 
              \UART_LOG:BUART:pollcount_0\ * !Net_1845_SYNCOUT
        );
        Output = \UART_LOG:BUART:pollcount_0\ (fanout=5)
        Properties               : 
        {
        }

    [McSlotId=1]: (empty)
    [McSlotId=2]:     MacroCell: Name=\UART_LOG:BUART:rx_counter_load\, Mode=(Combinatorial) @ [UDB=(1,1)][LB=1][MC=2]
        Total # of inputs        : 4
        Total # of product terms : 1
            Clock Enable: True
        Main Equation            : 1 pterm
        (
              !\UART_LOG:BUART:tx_ctrl_mark_last\ * 
              !\UART_LOG:BUART:rx_state_0\ * !\UART_LOG:BUART:rx_state_3\ * 
              !\UART_LOG:BUART:rx_state_2\
        );
        Output = \UART_LOG:BUART:rx_counter_load\ (fanout=2)
        Properties               : 
        {
        }

    [McSlotId=3]:     MacroCell: Name=\UART_LOG:BUART:rx_bitclk_enable\, Mode=(D-Register) @ [UDB=(1,1)][LB=1][MC=3]
        Total # of inputs        : 3
        Total # of product terms : 1
        List of special equations: 
            Clock  = (\UART_LOG:Net_9\) => Global
            Clock Enable: True
        Main Equation            : 1 pterm
        (
              !\UART_LOG:BUART:rx_count_2\ * !\UART_LOG:BUART:rx_count_1\ * 
              !\UART_LOG:BUART:rx_count_0\
        );
        Output = \UART_LOG:BUART:rx_bitclk_enable\ (fanout=6)
        Properties               : 
        {
        }
}

datapathcell: Name =\RGB_PWM_red:PWMUDB:sP16:pwmdp:u0\
    PORT MAP (
        clock => Net_2605 ,
        cs_addr_2 => \RGB_PWM_red:PWMUDB:tc_i\ ,
        cs_addr_1 => \RGB_PWM_red:PWMUDB:runmode_enable\ ,
        chain_out => \RGB_PWM_red:PWMUDB:sP16:pwmdp:carry\ );
    Properties:
    {
        a0_init = "00000000"
        a1_init = "00000000"
        ce0_sync = 1
        ce1_sync = 1
        cl0_sync = 1
        cl1_sync = 1
        cmsb_sync = 1
        co_msb_sync = 1
        cy_dpconfig = "0000000001000000000000001100000001000000010000000000000011000000000000001100000000000000110000000000000011000000000000001100000011111111000000001111111111111111101000000000000000000100000000000000000000011000"
        d0_init = "00000000"
        d1_init = "00000000"
        f0_blk_sync = 1
        f0_bus_sync = 1
        f1_blk_sync = 1
        f1_bus_sync = 1
        ff0_sync = 1
        ff1_sync = 1
        ov_msb_sync = 1
        so_sync = 1
        z0_sync = 1
        z1_sync = 1
    }
    Clock Polarity: Active High
    Clock Enable: True
    Next in chain : \RGB_PWM_red:PWMUDB:sP16:pwmdp:u1\

count7cell: Name =\UART_LOG:BUART:sRX:RxBitCounter\
    PORT MAP (
        clock => \UART_LOG:Net_9\ ,
        load => \UART_LOG:BUART:rx_counter_load\ ,
        count_6 => \UART_LOG:BUART:rx_count_6\ ,
        count_5 => \UART_LOG:BUART:rx_count_5\ ,
        count_4 => \UART_LOG:BUART:rx_count_4\ ,
        count_3 => \UART_LOG:BUART:rx_count_3\ ,
        count_2 => \UART_LOG:BUART:rx_count_2\ ,
        count_1 => \UART_LOG:BUART:rx_count_1\ ,
        count_0 => \UART_LOG:BUART:rx_count_0\ ,
        tc => \UART_LOG:BUART:rx_count7_tc\ );
    Properties:
    {
        cy_alt_mode = 0
        cy_init_value = "0000000"
        cy_period = "1110010"
        cy_route_en = 1
        cy_route_ld = 1
    }
    Clock Polarity: Active High
    Clock Enable: True

UDB [UDB=(1,2)] contents:
LAB@[UDB=(1,2)][LB=0] #macrocells=3, #inputs=6, #pterms=2
{
    [McSlotId=0]:     MacroCell: Name=\UART_LOG:BUART:rx_status_5\, Mode=(Combinatorial) @ [UDB=(1,2)][LB=0][MC=0]
        Total # of inputs        : 2
        Total # of product terms : 1
            Clock Enable: True
        Main Equation            : 1 pterm
        (
              \UART_LOG:BUART:rx_fifonotempty\ * 
              \UART_LOG:BUART:rx_state_stop1_reg\
        );
        Output = \UART_LOG:BUART:rx_status_5\ (fanout=1)
        Properties               : 
        {
        }

    [McSlotId=1]:     MacroCell: Name=\UART_LOG:BUART:rx_state_stop1_reg\, Mode=(D-Register) @ [UDB=(1,2)][LB=0][MC=1]
        Total # of inputs        : 4
        Total # of product terms : 1
        List of special equations: 
            Clock  = (\UART_LOG:Net_9\) => Global
            Clock Enable: True
        Main Equation            : 1 pterm
        !(
              !\UART_LOG:BUART:tx_ctrl_mark_last\ * 
              !\UART_LOG:BUART:rx_state_0\ * \UART_LOG:BUART:rx_state_3\ * 
              \UART_LOG:BUART:rx_state_2\
        );
        Output = \UART_LOG:BUART:rx_state_stop1_reg\ (fanout=1)
        Properties               : 
        {
        }

    [McSlotId=2]: (empty)
    [McSlotId=3]:     MacroCell: Name=\UART_LOG:BUART:tx_ctrl_mark_last\, Mode=(T-Register) @ [UDB=(1,2)][LB=0][MC=3]
        Total # of inputs        : 0
        Total # of product terms : 0
        List of special equations: 
            Clock  = (\UART_LOG:Net_9\) => Global
            Clock Enable: True
        Main Equation            : 0 pterms
        (
            0
        );
        Output = \UART_LOG:BUART:tx_ctrl_mark_last\ (fanout=8)
        Properties               : 
        {
        }
}

LAB@[UDB=(1,2)][LB=1] #macrocells=4, #inputs=10, #pterms=8
{
    [McSlotId=0]:     MacroCell: Name=\TFT_SPI:BSPIM:state_1\, Mode=(T-Register) @ [UDB=(1,2)][LB=1][MC=0]
        Total # of inputs        : 10
        Total # of product terms : 4
        List of special equations: 
            Clock  = (\TFT_SPI:Net_276\) => Global
            Clock Enable: True
        Main Equation            : 4 pterms
        (
              !\TFT_SPI:BSPIM:state_2\ * !\TFT_SPI:BSPIM:state_1\ * 
              \TFT_SPI:BSPIM:state_0\
            + !\TFT_SPI:BSPIM:state_2\ * \TFT_SPI:BSPIM:state_0\ * 
              !\TFT_SPI:BSPIM:count_4\ * !\TFT_SPI:BSPIM:count_3\ * 
              \TFT_SPI:BSPIM:count_2\ * !\TFT_SPI:BSPIM:count_1\ * 
              \TFT_SPI:BSPIM:count_0\ * !\TFT_SPI:BSPIM:tx_status_1\
            + \TFT_SPI:BSPIM:state_2\ * !\TFT_SPI:BSPIM:state_0\
            + \TFT_SPI:BSPIM:state_1\ * !\TFT_SPI:BSPIM:state_0\ * 
              !\TFT_SPI:BSPIM:count_4\ * !\TFT_SPI:BSPIM:count_3\ * 
              !\TFT_SPI:BSPIM:count_2\ * \TFT_SPI:BSPIM:count_1\ * 
              !\TFT_SPI:BSPIM:count_0\ * !\TFT_SPI:BSPIM:ld_ident\
        );
        Output = \TFT_SPI:BSPIM:state_1\ (fanout=12)
        Properties               : 
        {
        }

    [McSlotId=1]:     MacroCell: Name=\TFT_SPI:BSPIM:state_2\, Mode=(D-Register) @ [UDB=(1,2)][LB=1][MC=1]
        Total # of inputs        : 10
        Total # of product terms : 3
        List of special equations: 
            Clock  = (\TFT_SPI:Net_276\) => Global
            Clock Enable: True
        Main Equation            : 3 pterms
        (
              !\TFT_SPI:BSPIM:state_2\ * !\TFT_SPI:BSPIM:state_1\ * 
              \TFT_SPI:BSPIM:state_0\
            + !\TFT_SPI:BSPIM:state_2\ * \TFT_SPI:BSPIM:state_1\ * 
              !\TFT_SPI:BSPIM:state_0\ * !\TFT_SPI:BSPIM:count_4\ * 
              !\TFT_SPI:BSPIM:count_3\ * !\TFT_SPI:BSPIM:count_2\ * 
              \TFT_SPI:BSPIM:count_1\ * !\TFT_SPI:BSPIM:count_0\ * 
              !\TFT_SPI:BSPIM:ld_ident\
            + !\TFT_SPI:BSPIM:state_2\ * \TFT_SPI:BSPIM:state_0\ * 
              !\TFT_SPI:BSPIM:count_4\ * !\TFT_SPI:BSPIM:count_3\ * 
              \TFT_SPI:BSPIM:count_2\ * !\TFT_SPI:BSPIM:count_1\ * 
              \TFT_SPI:BSPIM:count_0\ * !\TFT_SPI:BSPIM:tx_status_1\
        );
        Output = \TFT_SPI:BSPIM:state_2\ (fanout=12)
        Properties               : 
        {
        }

    [McSlotId=2]:     MacroCell: Name=\TFT_SPI:BSPIM:ld_ident\, Mode=(T-Register) @ [UDB=(1,2)][LB=1][MC=2]
        Total # of inputs        : 9
        Total # of product terms : 3
        List of special equations: 
            Clock  = (\TFT_SPI:Net_276\) => Global
            Clock Enable: True
        Main Equation            : 3 pterms
        (
              \TFT_SPI:BSPIM:state_2\ * !\TFT_SPI:BSPIM:state_1\ * 
              !\TFT_SPI:BSPIM:state_0\ * !\TFT_SPI:BSPIM:ld_ident\
            + \TFT_SPI:BSPIM:state_2\ * \TFT_SPI:BSPIM:state_1\ * 
              !\TFT_SPI:BSPIM:state_0\ * \TFT_SPI:BSPIM:ld_ident\
            + \TFT_SPI:BSPIM:state_1\ * !\TFT_SPI:BSPIM:state_0\ * 
              !\TFT_SPI:BSPIM:count_4\ * !\TFT_SPI:BSPIM:count_3\ * 
              !\TFT_SPI:BSPIM:count_2\ * \TFT_SPI:BSPIM:count_1\ * 
              !\TFT_SPI:BSPIM:count_0\ * \TFT_SPI:BSPIM:ld_ident\
        );
        Output = \TFT_SPI:BSPIM:ld_ident\ (fanout=4)
        Properties               : 
        {
        }

    [McSlotId=3]:     MacroCell: Name=__ONE__, Mode=(Combinatorial) @ [UDB=(1,2)][LB=1][MC=3]
        Total # of inputs        : 0
        Total # of product terms : 0
            Clock Enable: True
        Main Equation            : 0 pterms
        !(
            0
        );
        Output = __ONE__ (fanout=1)
        Properties               : 
        {
        }
}

statusicell: Name =\TFT_SPI:BSPIM:TxStsReg\
    PORT MAP (
        clock => \TFT_SPI:Net_276\ ,
        status_4 => \TFT_SPI:BSPIM:tx_status_4\ ,
        status_3 => \TFT_SPI:BSPIM:load_rx_data\ ,
        status_2 => \TFT_SPI:BSPIM:tx_status_2\ ,
        status_1 => \TFT_SPI:BSPIM:tx_status_1\ ,
        status_0 => \TFT_SPI:BSPIM:tx_status_0\ );
    Properties:
    {
        cy_force_order = 1
        cy_int_mask = "0000000"
        cy_md_select = "0001001"
    }
    Clock Polarity: Active High
    Clock Enable: True

UDB [UDB=(1,3)] contents:
LAB@[UDB=(1,3)][LB=0] #macrocells=3, #inputs=11, #pterms=8
{
    [McSlotId=0]:     MacroCell: Name=\TFT_SPI:BSPIM:load_cond\, Mode=(T-Register) @ [UDB=(1,3)][LB=0][MC=0]
        Total # of inputs        : 9
        Total # of product terms : 4
        List of special equations: 
            Clock  = (\TFT_SPI:Net_276\) => Global
            Clock Enable: True
        Main Equation            : 4 pterms
        (
              !\TFT_SPI:BSPIM:state_2\ * !\TFT_SPI:BSPIM:count_4\ * 
              !\TFT_SPI:BSPIM:count_3\ * !\TFT_SPI:BSPIM:count_2\ * 
              !\TFT_SPI:BSPIM:count_1\ * !\TFT_SPI:BSPIM:count_0\ * 
              \TFT_SPI:BSPIM:load_cond\
            + \TFT_SPI:BSPIM:state_2\ * !\TFT_SPI:BSPIM:state_1\ * 
              !\TFT_SPI:BSPIM:state_0\ * !\TFT_SPI:BSPIM:load_cond\
            + \TFT_SPI:BSPIM:state_1\ * !\TFT_SPI:BSPIM:count_4\ * 
              !\TFT_SPI:BSPIM:count_3\ * !\TFT_SPI:BSPIM:count_2\ * 
              !\TFT_SPI:BSPIM:count_1\ * !\TFT_SPI:BSPIM:count_0\ * 
              \TFT_SPI:BSPIM:load_cond\
            + \TFT_SPI:BSPIM:state_0\ * !\TFT_SPI:BSPIM:count_4\ * 
              !\TFT_SPI:BSPIM:count_3\ * !\TFT_SPI:BSPIM:count_2\ * 
              !\TFT_SPI:BSPIM:count_1\ * !\TFT_SPI:BSPIM:count_0\ * 
              \TFT_SPI:BSPIM:load_cond\
        );
        Output = \TFT_SPI:BSPIM:load_cond\ (fanout=1)
        Properties               : 
        {
        }

    [McSlotId=1]:     MacroCell: Name=\TFT_SPI:BSPIM:state_0\, Mode=(T-Register) @ [UDB=(1,3)][LB=0][MC=1]
        Total # of inputs        : 4
        Total # of product terms : 3
        List of special equations: 
            Clock  = (\TFT_SPI:Net_276\) => Global
            Clock Enable: True
        Main Equation            : 3 pterms
        (
              !\TFT_SPI:BSPIM:state_2\ * \TFT_SPI:BSPIM:state_1\
            + \TFT_SPI:BSPIM:state_2\ * !\TFT_SPI:BSPIM:state_1\
            + !\TFT_SPI:BSPIM:state_1\ * !\TFT_SPI:BSPIM:state_0\ * 
              !\TFT_SPI:BSPIM:tx_status_1\
        );
        Output = \TFT_SPI:BSPIM:state_0\ (fanout=12)
        Properties               : 
        {
        }

    [McSlotId=2]:     MacroCell: Name=\TFT_SPI:BSPIM:rx_status_6\, Mode=(Combinatorial) @ [UDB=(1,3)][LB=0][MC=2]
        Total # of inputs        : 6
        Total # of product terms : 1
            Clock Enable: True
        Main Equation            : 1 pterm
        (
              !\TFT_SPI:BSPIM:count_4\ * !\TFT_SPI:BSPIM:count_3\ * 
              !\TFT_SPI:BSPIM:count_2\ * !\TFT_SPI:BSPIM:count_1\ * 
              \TFT_SPI:BSPIM:count_0\ * \TFT_SPI:BSPIM:rx_status_4\
        );
        Output = \TFT_SPI:BSPIM:rx_status_6\ (fanout=1)
        Properties               : 
        {
        }

    [McSlotId=3]: (empty)
}

LAB@[UDB=(1,3)][LB=1] #macrocells=1, #inputs=7, #pterms=1
{
    [McSlotId=0]:     MacroCell: Name=\JOYSTICK_ADC_XY:AMuxHw_2_Decoder_one_hot_23\, Mode=(D-Register) @ [UDB=(1,3)][LB=1][MC=0]
        Total # of inputs        : 7
        Total # of product terms : 1
        List of special equations: 
            Clock  = (\JOYSTICK_ADC_XY:clock\) => Global
            Clock Enable: True
        Main Equation            : 1 pterm
        (
              \JOYSTICK_ADC_XY:AMuxHw_2_Decoder_is_active\ * 
              !\JOYSTICK_ADC_XY:AMuxHw_2_Decoder_old_id_5\ * 
              \JOYSTICK_ADC_XY:AMuxHw_2_Decoder_old_id_4\ * 
              !\JOYSTICK_ADC_XY:AMuxHw_2_Decoder_old_id_3\ * 
              \JOYSTICK_ADC_XY:AMuxHw_2_Decoder_old_id_2\ * 
              \JOYSTICK_ADC_XY:AMuxHw_2_Decoder_old_id_1\ * 
              \JOYSTICK_ADC_XY:AMuxHw_2_Decoder_old_id_0\
        );
        Output = \JOYSTICK_ADC_XY:AMuxHw_2_Decoder_one_hot_23\ (fanout=1)
        Properties               : 
        {
        }

    [McSlotId=1]: (empty)
    [McSlotId=2]: (empty)
    [McSlotId=3]: (empty)
}

datapathcell: Name =\TFT_SPI:BSPIM:sR8:Dp:u0\
    PORT MAP (
        clock => \TFT_SPI:Net_276\ ,
        cs_addr_2 => \TFT_SPI:BSPIM:state_2\ ,
        cs_addr_1 => \TFT_SPI:BSPIM:state_1\ ,
        cs_addr_0 => \TFT_SPI:BSPIM:state_0\ ,
        f1_load => \TFT_SPI:BSPIM:load_rx_data\ ,
        so_comb => \TFT_SPI:BSPIM:mosi_from_dp\ ,
        f0_bus_stat_comb => \TFT_SPI:BSPIM:tx_status_2\ ,
        f0_blk_stat_comb => \TFT_SPI:BSPIM:tx_status_1\ ,
        f1_bus_stat_comb => \TFT_SPI:BSPIM:rx_status_5\ ,
        f1_blk_stat_comb => \TFT_SPI:BSPIM:rx_status_4\ );
    Properties:
    {
        a0_init = "00000000"
        a1_init = "00000000"
        ce0_sync = 1
        ce1_sync = 1
        cl0_sync = 1
        cl1_sync = 1
        cmsb_sync = 1
        co_msb_sync = 1
        cy_dpconfig = "0000000000000000000000001100000000000001010000000001000100010000000000011100000000010001000000000000000101000000000000010100000011111111000000001111111111111111000000000010001000001000111100000000000000000100"
        d0_init = "00000000"
        d1_init = "00000000"
        f0_blk_sync = 1
        f0_bus_sync = 1
        f1_blk_sync = 1
        f1_bus_sync = 1
        ff0_sync = 1
        ff1_sync = 1
        ov_msb_sync = 1
        so_sync = 1
        z0_sync = 1
        z1_sync = 1
    }
    Clock Polarity: Active High
    Clock Enable: True

statusicell: Name =\TFT_SPI:BSPIM:RxStsReg\
    PORT MAP (
        clock => \TFT_SPI:Net_276\ ,
        status_6 => \TFT_SPI:BSPIM:rx_status_6\ ,
        status_5 => \TFT_SPI:BSPIM:rx_status_5\ ,
        status_4 => \TFT_SPI:BSPIM:rx_status_4\ );
    Properties:
    {
        cy_force_order = 1
        cy_int_mask = "0000000"
        cy_md_select = "1000000"
    }
    Clock Polarity: Active High
    Clock Enable: True

UDB [UDB=(1,4)] contents:
LAB@[UDB=(1,4)][LB=0] #macrocells=2, #inputs=7, #pterms=2
{
    [McSlotId=0]:     MacroCell: Name=\JOYSTICK_ADC_XY:AMuxHw_2_Decoder_one_hot_27\, Mode=(D-Register) @ [UDB=(1,4)][LB=0][MC=0]
        Total # of inputs        : 7
        Total # of product terms : 1
        List of special equations: 
            Clock  = (\JOYSTICK_ADC_XY:clock\) => Global
            Clock Enable: True
        Main Equation            : 1 pterm
        (
              \JOYSTICK_ADC_XY:AMuxHw_2_Decoder_is_active\ * 
              !\JOYSTICK_ADC_XY:AMuxHw_2_Decoder_old_id_5\ * 
              \JOYSTICK_ADC_XY:AMuxHw_2_Decoder_old_id_4\ * 
              \JOYSTICK_ADC_XY:AMuxHw_2_Decoder_old_id_3\ * 
              !\JOYSTICK_ADC_XY:AMuxHw_2_Decoder_old_id_2\ * 
              \JOYSTICK_ADC_XY:AMuxHw_2_Decoder_old_id_1\ * 
              \JOYSTICK_ADC_XY:AMuxHw_2_Decoder_old_id_0\
        );
        Output = \JOYSTICK_ADC_XY:AMuxHw_2_Decoder_one_hot_27\ (fanout=1)
        Properties               : 
        {
        }

    [McSlotId=1]: (empty)
    [McSlotId=2]: (empty)
    [McSlotId=3]:     MacroCell: Name=\JOYSTICK_ADC_XY:AMuxHw_2_Decoder_one_hot_42\, Mode=(D-Register) @ [UDB=(1,4)][LB=0][MC=3]
        Total # of inputs        : 7
        Total # of product terms : 1
        List of special equations: 
            Clock  = (\JOYSTICK_ADC_XY:clock\) => Global
            Clock Enable: True
        Main Equation            : 1 pterm
        (
              \JOYSTICK_ADC_XY:AMuxHw_2_Decoder_is_active\ * 
              \JOYSTICK_ADC_XY:AMuxHw_2_Decoder_old_id_5\ * 
              !\JOYSTICK_ADC_XY:AMuxHw_2_Decoder_old_id_4\ * 
              \JOYSTICK_ADC_XY:AMuxHw_2_Decoder_old_id_3\ * 
              !\JOYSTICK_ADC_XY:AMuxHw_2_Decoder_old_id_2\ * 
              \JOYSTICK_ADC_XY:AMuxHw_2_Decoder_old_id_1\ * 
              !\JOYSTICK_ADC_XY:AMuxHw_2_Decoder_old_id_0\
        );
        Output = \JOYSTICK_ADC_XY:AMuxHw_2_Decoder_one_hot_42\ (fanout=1)
        Properties               : 
        {
        }
}

LAB@[UDB=(1,4)][LB=1] #macrocells=3, #inputs=11, #pterms=8
{
    [McSlotId=0]:     MacroCell: Name=wTFT_SDA, Mode=(D-Register) @ [UDB=(1,4)][LB=1][MC=0]
        Total # of inputs        : 11
        Total # of product terms : 7
        List of special equations: 
            Clock  = (\TFT_SPI:Net_276\) => Global
            Clock Enable: True
        Main Equation            : 7 pterms
        !(
              !wTFT_SDA * !\TFT_SPI:BSPIM:state_2\ * \TFT_SPI:BSPIM:state_0\
            + !\TFT_SPI:BSPIM:state_2\ * !\TFT_SPI:BSPIM:state_1\ * 
              !\TFT_SPI:BSPIM:state_0\
            + !\TFT_SPI:BSPIM:state_2\ * !\TFT_SPI:BSPIM:state_0\ * 
              !\TFT_SPI:BSPIM:count_4\ * !\TFT_SPI:BSPIM:count_3\ * 
              !\TFT_SPI:BSPIM:count_2\ * \TFT_SPI:BSPIM:count_1\ * 
              !\TFT_SPI:BSPIM:count_0\ * !\TFT_SPI:BSPIM:ld_ident\
            + \TFT_SPI:BSPIM:state_2\ * !\TFT_SPI:BSPIM:state_1\ * 
              \TFT_SPI:BSPIM:state_0\
            + \TFT_SPI:BSPIM:state_2\ * \TFT_SPI:BSPIM:state_1\ * 
              !\TFT_SPI:BSPIM:state_0\
            + \TFT_SPI:BSPIM:state_2\ * !\TFT_SPI:BSPIM:mosi_from_dp\
            + !\TFT_SPI:BSPIM:state_0\ * !\TFT_SPI:BSPIM:mosi_from_dp\
        );
        Output = wTFT_SDA (fanout=2)
        Properties               : 
        {
        }

    [McSlotId=1]:     MacroCell: Name=\TFT_SPI:BSPIM:load_rx_data\, Mode=(Combinatorial) @ [UDB=(1,4)][LB=1][MC=1]
        Total # of inputs        : 5
        Total # of product terms : 1
            Clock Enable: True
        Main Equation            : 1 pterm
        (
              !\TFT_SPI:BSPIM:count_4\ * !\TFT_SPI:BSPIM:count_3\ * 
              !\TFT_SPI:BSPIM:count_2\ * !\TFT_SPI:BSPIM:count_1\ * 
              \TFT_SPI:BSPIM:count_0\
        );
        Output = \TFT_SPI:BSPIM:load_rx_data\ (fanout=2)
        Properties               : 
        {
        }

    [McSlotId=2]:     MacroCell: Name=\TFT_SPI:BSPIM:tx_status_0\, Mode=(Combinatorial) @ [UDB=(1,4)][LB=1][MC=2]
        Total # of inputs        : 3
        Total # of product terms : 1
            Clock Enable: True
        Main Equation            : 1 pterm
        (
              \TFT_SPI:BSPIM:state_2\ * !\TFT_SPI:BSPIM:state_1\ * 
              \TFT_SPI:BSPIM:state_0\
        );
        Output = \TFT_SPI:BSPIM:tx_status_0\ (fanout=1)
        Properties               : 
        {
        }

    [McSlotId=3]: (empty)
}

controlcell: Name =\RGB_PWM_green:PWMUDB:genblk1:ctrlreg\
    PORT MAP (
        clock => Net_2605 ,
        control_7 => \RGB_PWM_green:PWMUDB:control_7\ ,
        control_6 => \RGB_PWM_green:PWMUDB:control_6\ ,
        control_5 => \RGB_PWM_green:PWMUDB:control_5\ ,
        control_4 => \RGB_PWM_green:PWMUDB:control_4\ ,
        control_3 => \RGB_PWM_green:PWMUDB:control_3\ ,
        control_2 => \RGB_PWM_green:PWMUDB:control_2\ ,
        control_1 => \RGB_PWM_green:PWMUDB:control_1\ ,
        control_0 => \RGB_PWM_green:PWMUDB:control_0\ );
    Properties:
    {
        cy_ctrl_mode_0 = "11111111"
        cy_ctrl_mode_1 = "00000000"
        cy_ext_reset = 0
        cy_force_order = 1
        cy_init_value = "00000000"
    }
    Clock Polarity: Active High
    Clock Enable: True

UDB [UDB=(1,5)] contents:
LAB@[UDB=(1,5)][LB=0] #macrocells=3, #inputs=6, #pterms=3
{
    [McSlotId=0]:     MacroCell: Name=\RGB_PWM_green:PWMUDB:runmode_enable\, Mode=(D-Register) @ [UDB=(1,5)][LB=0][MC=0]
        Total # of inputs        : 1
        Total # of product terms : 1
        List of special equations: 
            Clock  = (Net_2605) => Global
            Clock Enable: True
        Main Equation            : 1 pterm
        (
              \RGB_PWM_green:PWMUDB:control_7\
        );
        Output = \RGB_PWM_green:PWMUDB:runmode_enable\ (fanout=3)
        Properties               : 
        {
        }

    [McSlotId=1]:     MacroCell: Name=Net_481, Mode=(D-Register) @ [UDB=(1,5)][LB=0][MC=1]
        Total # of inputs        : 2
        Total # of product terms : 1
        List of special equations: 
            Clock  = (Net_2605) => Global
            Clock Enable: True
        Main Equation            : 1 pterm
        (
              \RGB_PWM_green:PWMUDB:runmode_enable\ * 
              \RGB_PWM_green:PWMUDB:cmp1_less\
        );
        Output = Net_481 (fanout=1)
        Properties               : 
        {
        }

    [McSlotId=2]: (empty)
    [McSlotId=3]:     MacroCell: Name=\TFT_SPI:BSPIM:tx_status_4\, Mode=(Combinatorial) @ [UDB=(1,5)][LB=0][MC=3]
        Total # of inputs        : 3
        Total # of product terms : 1
            Clock Enable: True
        Main Equation            : 1 pterm
        (
              !\TFT_SPI:BSPIM:state_2\ * !\TFT_SPI:BSPIM:state_1\ * 
              !\TFT_SPI:BSPIM:state_0\
        );
        Output = \TFT_SPI:BSPIM:tx_status_4\ (fanout=1)
        Properties               : 
        {
        }
}

LAB@[UDB=(1,5)][LB=1] #macrocells=1, #inputs=4, #pterms=4
{
    [McSlotId=0]: (empty)
    [McSlotId=1]:     MacroCell: Name=\TFT_SPI:BSPIM:cnt_enable\, Mode=(T-Register) @ [UDB=(1,5)][LB=1][MC=1]
        Total # of inputs        : 4
        Total # of product terms : 4
        List of special equations: 
            Clock  = (\TFT_SPI:Net_276\) => Global
            Clock Enable: True
        Main Equation            : 4 pterms
        (
              !\TFT_SPI:BSPIM:state_2\ * !\TFT_SPI:BSPIM:state_1\ * 
              !\TFT_SPI:BSPIM:state_0\ * \TFT_SPI:BSPIM:cnt_enable\
            + !\TFT_SPI:BSPIM:state_2\ * \TFT_SPI:BSPIM:state_1\ * 
              \TFT_SPI:BSPIM:state_0\ * !\TFT_SPI:BSPIM:cnt_enable\
            + \TFT_SPI:BSPIM:state_2\ * !\TFT_SPI:BSPIM:state_1\ * 
              \TFT_SPI:BSPIM:state_0\ * \TFT_SPI:BSPIM:cnt_enable\
            + \TFT_SPI:BSPIM:state_2\ * \TFT_SPI:BSPIM:state_1\ * 
              !\TFT_SPI:BSPIM:state_0\ * \TFT_SPI:BSPIM:cnt_enable\
        );
        Output = \TFT_SPI:BSPIM:cnt_enable\ (fanout=3)
        Properties               : 
        {
        }

    [McSlotId=2]: (empty)
    [McSlotId=3]: (empty)
}

datapathcell: Name =\RGB_PWM_green:PWMUDB:sP16:pwmdp:u1\
    PORT MAP (
        clock => Net_2605 ,
        cs_addr_2 => \RGB_PWM_green:PWMUDB:tc_i\ ,
        cs_addr_1 => \RGB_PWM_green:PWMUDB:runmode_enable\ ,
        cl0_comb => \RGB_PWM_green:PWMUDB:cmp1_less\ ,
        z0_comb => \RGB_PWM_green:PWMUDB:tc_i\ ,
        chain_in => \RGB_PWM_green:PWMUDB:sP16:pwmdp:carry\ );
    Properties:
    {
        a0_init = "00000000"
        a1_init = "00000000"
        ce0_sync = 1
        ce1_sync = 1
        cl0_sync = 1
        cl1_sync = 1
        cmsb_sync = 1
        co_msb_sync = 1
        cy_dpconfig = "0000000001000000000000001100000001000000010000000000000011000000000000001100000000000000110000000000000011000000000000001100000011111111000000001111111111111111101011110000000000000100000011110000000000011000"
        d0_init = "00000000"
        d1_init = "00000000"
        f0_blk_sync = 1
        f0_bus_sync = 1
        f1_blk_sync = 1
        f1_bus_sync = 1
        ff0_sync = 1
        ff1_sync = 1
        ov_msb_sync = 1
        so_sync = 1
        z0_sync = 1
        z1_sync = 1
    }
    Clock Polarity: Active High
    Clock Enable: True
    Previous in chain : \RGB_PWM_green:PWMUDB:sP16:pwmdp:u0\

count7cell: Name =\TFT_SPI:BSPIM:BitCounter\
    PORT MAP (
        clock => \TFT_SPI:Net_276\ ,
        enable => \TFT_SPI:BSPIM:cnt_enable\ ,
        count_6 => \TFT_SPI:BSPIM:count_6\ ,
        count_5 => \TFT_SPI:BSPIM:count_5\ ,
        count_4 => \TFT_SPI:BSPIM:count_4\ ,
        count_3 => \TFT_SPI:BSPIM:count_3\ ,
        count_2 => \TFT_SPI:BSPIM:count_2\ ,
        count_1 => \TFT_SPI:BSPIM:count_1\ ,
        count_0 => \TFT_SPI:BSPIM:count_0\ ,
        tc => \TFT_SPI:BSPIM:cnt_tc\ );
    Properties:
    {
        cy_alt_mode = 0
        cy_init_value = "0000000"
        cy_period = "0001111"
        cy_route_en = 1
        cy_route_ld = 0
    }
    Clock Polarity: Active High
    Clock Enable: True

UDB [UDB=(2,0)] contents:
LAB@[UDB=(2,0)][LB=0] #macrocells=2, #inputs=8, #pterms=7
{
    [McSlotId=0]:     MacroCell: Name=\UART_LOG:BUART:txn\, Mode=(D-Register) @ [UDB=(2,0)][LB=0][MC=0]
        Total # of inputs        : 7
        Total # of product terms : 5
        List of special equations: 
            Clock  = (\UART_LOG:Net_9\) => Global
            Clock Enable: True
        Main Equation            : 5 pterms
        (
              \UART_LOG:BUART:txn\ * \UART_LOG:BUART:tx_state_1\ * 
              !\UART_LOG:BUART:tx_bitclk\
            + \UART_LOG:BUART:txn\ * \UART_LOG:BUART:tx_state_2\
            + !\UART_LOG:BUART:tx_state_1\ * \UART_LOG:BUART:tx_state_0\ * 
              !\UART_LOG:BUART:tx_shift_out\ * !\UART_LOG:BUART:tx_state_2\
            + !\UART_LOG:BUART:tx_state_1\ * \UART_LOG:BUART:tx_state_0\ * 
              !\UART_LOG:BUART:tx_state_2\ * !\UART_LOG:BUART:tx_bitclk\
            + \UART_LOG:BUART:tx_state_1\ * !\UART_LOG:BUART:tx_state_0\ * 
              !\UART_LOG:BUART:tx_shift_out\ * !\UART_LOG:BUART:tx_state_2\ * 
              !\UART_LOG:BUART:tx_counter_dp\ * \UART_LOG:BUART:tx_bitclk\
        );
        Output = \UART_LOG:BUART:txn\ (fanout=2)
        Properties               : 
        {
        }

    [McSlotId=1]:     MacroCell: Name=\UART_LOG:BUART:tx_bitclk\, Mode=(D-Register) @ [UDB=(2,0)][LB=0][MC=1]
        Total # of inputs        : 4
        Total # of product terms : 2
        List of special equations: 
            Clock  = (\UART_LOG:Net_9\) => Global
            Clock Enable: True
        Main Equation            : 2 pterms
        !(
              !\UART_LOG:BUART:tx_state_1\ * !\UART_LOG:BUART:tx_state_0\ * 
              \UART_LOG:BUART:tx_state_2\
            + !\UART_LOG:BUART:tx_bitclk_enable_pre\
        );
        Output = \UART_LOG:BUART:tx_bitclk\ (fanout=4)
        Properties               : 
        {
        }

    [McSlotId=2]: (empty)
    [McSlotId=3]: (empty)
}

LAB@[UDB=(2,0)][LB=1] #macrocells=4, #inputs=12, #pterms=5
{
    [McSlotId=0]:     MacroCell: Name=\JOYSTICK_ADC_XY:AMuxHw_2_Decoder_one_hot_41\, Mode=(D-Register) @ [UDB=(2,0)][LB=1][MC=0]
        Total # of inputs        : 7
        Total # of product terms : 1
        List of special equations: 
            Clock  = (\JOYSTICK_ADC_XY:clock\) => Global
            Clock Enable: True
        Main Equation            : 1 pterm
        (
              \JOYSTICK_ADC_XY:AMuxHw_2_Decoder_is_active\ * 
              \JOYSTICK_ADC_XY:AMuxHw_2_Decoder_old_id_5\ * 
              !\JOYSTICK_ADC_XY:AMuxHw_2_Decoder_old_id_4\ * 
              \JOYSTICK_ADC_XY:AMuxHw_2_Decoder_old_id_3\ * 
              !\JOYSTICK_ADC_XY:AMuxHw_2_Decoder_old_id_2\ * 
              !\JOYSTICK_ADC_XY:AMuxHw_2_Decoder_old_id_1\ * 
              \JOYSTICK_ADC_XY:AMuxHw_2_Decoder_old_id_0\
        );
        Output = \JOYSTICK_ADC_XY:AMuxHw_2_Decoder_one_hot_41\ (fanout=1)
        Properties               : 
        {
        }

    [McSlotId=1]:     MacroCell: Name=Net_1844, Mode=(Combinatorial) @ [UDB=(2,0)][LB=1][MC=1]
        Total # of inputs        : 1
        Total # of product terms : 1
            Clock Enable: True
        Main Equation            : 1 pterm
        (
              !\UART_LOG:BUART:txn\
        );
        Output = Net_1844 (fanout=1)
        Properties               : 
        {
        }

    [McSlotId=2]:     MacroCell: Name=\JOYSTICK_ADC_XY:AMuxHw_2_Decoder_one_hot_7\, Mode=(D-Register) @ [UDB=(2,0)][LB=1][MC=2]
        Total # of inputs        : 7
        Total # of product terms : 1
        List of special equations: 
            Clock  = (\JOYSTICK_ADC_XY:clock\) => Global
            Clock Enable: True
        Main Equation            : 1 pterm
        (
              \JOYSTICK_ADC_XY:AMuxHw_2_Decoder_is_active\ * 
              !\JOYSTICK_ADC_XY:AMuxHw_2_Decoder_old_id_5\ * 
              !\JOYSTICK_ADC_XY:AMuxHw_2_Decoder_old_id_4\ * 
              !\JOYSTICK_ADC_XY:AMuxHw_2_Decoder_old_id_3\ * 
              \JOYSTICK_ADC_XY:AMuxHw_2_Decoder_old_id_2\ * 
              \JOYSTICK_ADC_XY:AMuxHw_2_Decoder_old_id_1\ * 
              \JOYSTICK_ADC_XY:AMuxHw_2_Decoder_old_id_0\
        );
        Output = \JOYSTICK_ADC_XY:AMuxHw_2_Decoder_one_hot_7\ (fanout=1)
        Properties               : 
        {
        }

    [McSlotId=3]:     MacroCell: Name=\UART_LOG:BUART:counter_load_not\, Mode=(Combinatorial) @ [UDB=(2,0)][LB=1][MC=3]
        Total # of inputs        : 4
        Total # of product terms : 2
            Clock Enable: True
        Main Equation            : 2 pterms
        !(
              !\UART_LOG:BUART:tx_state_1\ * !\UART_LOG:BUART:tx_state_0\ * 
              \UART_LOG:BUART:tx_bitclk_enable_pre\
            + !\UART_LOG:BUART:tx_state_1\ * !\UART_LOG:BUART:tx_state_0\ * 
              !\UART_LOG:BUART:tx_state_2\
        );
        Output = \UART_LOG:BUART:counter_load_not\ (fanout=1)
        Properties               : 
        {
        }
}

datapathcell: Name =\UART_LOG:BUART:sTX:sCLOCK:TxBitClkGen\
    PORT MAP (
        clock => \UART_LOG:Net_9\ ,
        cs_addr_0 => \UART_LOG:BUART:counter_load_not\ ,
        ce0_reg => \UART_LOG:BUART:tx_bitclk_enable_pre\ ,
        ce1_reg => \UART_LOG:BUART:tx_counter_dp\ );
    Properties:
    {
        a0_init = "00000000"
        a1_init = "00000000"
        ce0_sync = 1
        ce1_sync = 1
        cl0_sync = 1
        cl1_sync = 1
        cmsb_sync = 1
        co_msb_sync = 1
        cy_dpconfig = "1010100001000000001000000100000000000000000000000000000000000000000000000000000000000000000000000000000000000000000000000000000011111111000000001111111100000111001000000100000000000101111100000000000000001000"
        d0_init = "00000000"
        d1_init = "00000000"
        f0_blk_sync = 1
        f0_bus_sync = 1
        f1_blk_sync = 1
        f1_bus_sync = 1
        ff0_sync = 1
        ff1_sync = 1
        ov_msb_sync = 1
        so_sync = 1
        z0_sync = 1
        z1_sync = 1
    }
    Clock Polarity: Active High
    Clock Enable: True

UDB [UDB=(2,1)] contents:
LAB@[UDB=(2,1)][LB=0] #macrocells=2, #inputs=7, #pterms=6
{
    [McSlotId=0]:     MacroCell: Name=\UART_LOG:BUART:tx_state_0\, Mode=(T-Register) @ [UDB=(2,1)][LB=0][MC=0]
        Total # of inputs        : 6
        Total # of product terms : 4
        List of special equations: 
            Clock  = (\UART_LOG:Net_9\) => Global
            Clock Enable: True
        Main Equation            : 4 pterms
        (
              !\UART_LOG:BUART:tx_state_1\ * !\UART_LOG:BUART:tx_state_0\ * 
              \UART_LOG:BUART:tx_bitclk_enable_pre\ * 
              !\UART_LOG:BUART:tx_fifo_empty\
            + !\UART_LOG:BUART:tx_state_1\ * !\UART_LOG:BUART:tx_state_0\ * 
              !\UART_LOG:BUART:tx_fifo_empty\ * !\UART_LOG:BUART:tx_state_2\
            + \UART_LOG:BUART:tx_state_1\ * \UART_LOG:BUART:tx_state_0\ * 
              \UART_LOG:BUART:tx_bitclk_enable_pre\ * 
              \UART_LOG:BUART:tx_fifo_empty\ * \UART_LOG:BUART:tx_state_2\
            + \UART_LOG:BUART:tx_state_0\ * !\UART_LOG:BUART:tx_state_2\ * 
              \UART_LOG:BUART:tx_bitclk\
        );
        Output = \UART_LOG:BUART:tx_state_0\ (fanout=8)
        Properties               : 
        {
        }

    [McSlotId=1]:     MacroCell: Name=\UART_LOG:BUART:tx_state_1\, Mode=(T-Register) @ [UDB=(2,1)][LB=0][MC=1]
        Total # of inputs        : 6
        Total # of product terms : 3
        List of special equations: 
            Clock  = (\UART_LOG:Net_9\) => Global
            Clock Enable: True
        Main Equation            : 3 pterms
        (
              \UART_LOG:BUART:tx_state_1\ * \UART_LOG:BUART:tx_state_0\ * 
              \UART_LOG:BUART:tx_bitclk_enable_pre\ * 
              \UART_LOG:BUART:tx_state_2\
            + \UART_LOG:BUART:tx_state_1\ * !\UART_LOG:BUART:tx_state_2\ * 
              \UART_LOG:BUART:tx_counter_dp\ * \UART_LOG:BUART:tx_bitclk\
            + \UART_LOG:BUART:tx_state_0\ * !\UART_LOG:BUART:tx_state_2\ * 
              \UART_LOG:BUART:tx_bitclk\
        );
        Output = \UART_LOG:BUART:tx_state_1\ (fanout=8)
        Properties               : 
        {
        }

    [McSlotId=2]: (empty)
    [McSlotId=3]: (empty)
}

LAB@[UDB=(2,1)][LB=1] #macrocells=2, #inputs=7, #pterms=5
{
    [McSlotId=0]:     MacroCell: Name=\UART_LOG:BUART:tx_state_2\, Mode=(T-Register) @ [UDB=(2,1)][LB=1][MC=0]
        Total # of inputs        : 6
        Total # of product terms : 4
        List of special equations: 
            Clock  = (\UART_LOG:Net_9\) => Global
            Clock Enable: True
        Main Equation            : 4 pterms
        (
              !\UART_LOG:BUART:tx_state_1\ * !\UART_LOG:BUART:tx_state_0\ * 
              \UART_LOG:BUART:tx_bitclk_enable_pre\ * 
              \UART_LOG:BUART:tx_state_2\
            + \UART_LOG:BUART:tx_state_1\ * \UART_LOG:BUART:tx_state_0\ * 
              \UART_LOG:BUART:tx_bitclk_enable_pre\ * 
              \UART_LOG:BUART:tx_state_2\
            + \UART_LOG:BUART:tx_state_1\ * \UART_LOG:BUART:tx_state_0\ * 
              !\UART_LOG:BUART:tx_state_2\ * \UART_LOG:BUART:tx_bitclk\
            + \UART_LOG:BUART:tx_state_1\ * !\UART_LOG:BUART:tx_state_2\ * 
              \UART_LOG:BUART:tx_counter_dp\ * \UART_LOG:BUART:tx_bitclk\
        );
        Output = \UART_LOG:BUART:tx_state_2\ (fanout=7)
        Properties               : 
        {
        }

    [McSlotId=1]:     MacroCell: Name=\UART_LOG:BUART:tx_status_2\, Mode=(Combinatorial) @ [UDB=(2,1)][LB=1][MC=1]
        Total # of inputs        : 1
        Total # of product terms : 1
            Clock Enable: True
        Main Equation            : 1 pterm
        (
              !\UART_LOG:BUART:tx_fifo_notfull\
        );
        Output = \UART_LOG:BUART:tx_status_2\ (fanout=1)
        Properties               : 
        {
        }

    [McSlotId=2]: (empty)
    [McSlotId=3]: (empty)
}

datapathcell: Name =\UART_LOG:BUART:sTX:TxShifter:u0\
    PORT MAP (
        clock => \UART_LOG:Net_9\ ,
        cs_addr_2 => \UART_LOG:BUART:tx_state_1\ ,
        cs_addr_1 => \UART_LOG:BUART:tx_state_0\ ,
        cs_addr_0 => \UART_LOG:BUART:tx_bitclk_enable_pre\ ,
        so_comb => \UART_LOG:BUART:tx_shift_out\ ,
        f0_bus_stat_comb => \UART_LOG:BUART:tx_fifo_notfull\ ,
        f0_blk_stat_comb => \UART_LOG:BUART:tx_fifo_empty\ );
    Properties:
    {
        a0_init = "00000000"
        a1_init = "00000000"
        ce0_sync = 1
        ce1_sync = 1
        cl0_sync = 1
        cl1_sync = 1
        cmsb_sync = 1
        co_msb_sync = 1
        cy_dpconfig = "0000000000000000000000000000000000000000000000000000000011000000000000000000000000000010010000000000000000000000000000000000000011111111000000001111111111111111000000000000000001000100111100000000000000001100"
        d0_init = "00000000"
        d1_init = "00000000"
        f0_blk_sync = 1
        f0_bus_sync = 1
        f1_blk_sync = 1
        f1_bus_sync = 1
        ff0_sync = 1
        ff1_sync = 1
        ov_msb_sync = 1
        so_sync = 1
        z0_sync = 1
        z1_sync = 1
    }
    Clock Polarity: Active High
    Clock Enable: True

statusicell: Name =\UART_LOG:BUART:sTX:TxSts\
    PORT MAP (
        clock => \UART_LOG:Net_9\ ,
        status_3 => \UART_LOG:BUART:tx_fifo_notfull\ ,
        status_2 => \UART_LOG:BUART:tx_status_2\ ,
        status_1 => \UART_LOG:BUART:tx_fifo_empty\ ,
        status_0 => \UART_LOG:BUART:tx_status_0\ );
    Properties:
    {
        cy_force_order = 1
        cy_int_mask = "1111111"
        cy_md_select = "0000001"
    }
    Clock Polarity: Active High
    Clock Enable: True

UDB [UDB=(2,2)] contents:
LAB@[UDB=(2,2)][LB=0] #macrocells=3, #inputs=7, #pterms=3
{
    [McSlotId=0]:     MacroCell: Name=\JOYSTICK_ADC_XY:AMuxHw_2_Decoder_one_hot_52\, Mode=(D-Register) @ [UDB=(2,2)][LB=0][MC=0]
        Total # of inputs        : 7
        Total # of product terms : 1
        List of special equations: 
            Clock  = (\JOYSTICK_ADC_XY:clock\) => Global
            Clock Enable: True
        Main Equation            : 1 pterm
        (
              \JOYSTICK_ADC_XY:AMuxHw_2_Decoder_is_active\ * 
              \JOYSTICK_ADC_XY:AMuxHw_2_Decoder_old_id_5\ * 
              \JOYSTICK_ADC_XY:AMuxHw_2_Decoder_old_id_4\ * 
              !\JOYSTICK_ADC_XY:AMuxHw_2_Decoder_old_id_3\ * 
              \JOYSTICK_ADC_XY:AMuxHw_2_Decoder_old_id_2\ * 
              !\JOYSTICK_ADC_XY:AMuxHw_2_Decoder_old_id_1\ * 
              !\JOYSTICK_ADC_XY:AMuxHw_2_Decoder_old_id_0\
        );
        Output = \JOYSTICK_ADC_XY:AMuxHw_2_Decoder_one_hot_52\ (fanout=1)
        Properties               : 
        {
        }

    [McSlotId=1]:     MacroCell: Name=\JOYSTICK_ADC_XY:AMuxHw_2_Decoder_one_hot_13\, Mode=(D-Register) @ [UDB=(2,2)][LB=0][MC=1]
        Total # of inputs        : 7
        Total # of product terms : 1
        List of special equations: 
            Clock  = (\JOYSTICK_ADC_XY:clock\) => Global
            Clock Enable: True
        Main Equation            : 1 pterm
        (
              \JOYSTICK_ADC_XY:AMuxHw_2_Decoder_is_active\ * 
              !\JOYSTICK_ADC_XY:AMuxHw_2_Decoder_old_id_5\ * 
              !\JOYSTICK_ADC_XY:AMuxHw_2_Decoder_old_id_4\ * 
              \JOYSTICK_ADC_XY:AMuxHw_2_Decoder_old_id_3\ * 
              \JOYSTICK_ADC_XY:AMuxHw_2_Decoder_old_id_2\ * 
              !\JOYSTICK_ADC_XY:AMuxHw_2_Decoder_old_id_1\ * 
              \JOYSTICK_ADC_XY:AMuxHw_2_Decoder_old_id_0\
        );
        Output = \JOYSTICK_ADC_XY:AMuxHw_2_Decoder_one_hot_13\ (fanout=1)
        Properties               : 
        {
        }

    [McSlotId=2]: (empty)
    [McSlotId=3]:     MacroCell: Name=\JOYSTICK_ADC_XY:AMuxHw_2_Decoder_one_hot_12\, Mode=(D-Register) @ [UDB=(2,2)][LB=0][MC=3]
        Total # of inputs        : 7
        Total # of product terms : 1
        List of special equations: 
            Clock  = (\JOYSTICK_ADC_XY:clock\) => Global
            Clock Enable: True
        Main Equation            : 1 pterm
        (
              \JOYSTICK_ADC_XY:AMuxHw_2_Decoder_is_active\ * 
              !\JOYSTICK_ADC_XY:AMuxHw_2_Decoder_old_id_5\ * 
              !\JOYSTICK_ADC_XY:AMuxHw_2_Decoder_old_id_4\ * 
              \JOYSTICK_ADC_XY:AMuxHw_2_Decoder_old_id_3\ * 
              \JOYSTICK_ADC_XY:AMuxHw_2_Decoder_old_id_2\ * 
              !\JOYSTICK_ADC_XY:AMuxHw_2_Decoder_old_id_1\ * 
              !\JOYSTICK_ADC_XY:AMuxHw_2_Decoder_old_id_0\
        );
        Output = \JOYSTICK_ADC_XY:AMuxHw_2_Decoder_one_hot_12\ (fanout=1)
        Properties               : 
        {
        }
}

LAB@[UDB=(2,2)][LB=1] #macrocells=4, #inputs=12, #pterms=4
{
    [McSlotId=0]:     MacroCell: Name=\JOYSTICK_ADC_XY:AMuxHw_2_Decoder_one_hot_46\, Mode=(D-Register) @ [UDB=(2,2)][LB=1][MC=0]
        Total # of inputs        : 7
        Total # of product terms : 1
        List of special equations: 
            Clock  = (\JOYSTICK_ADC_XY:clock\) => Global
            Clock Enable: True
        Main Equation            : 1 pterm
        (
              \JOYSTICK_ADC_XY:AMuxHw_2_Decoder_is_active\ * 
              \JOYSTICK_ADC_XY:AMuxHw_2_Decoder_old_id_5\ * 
              !\JOYSTICK_ADC_XY:AMuxHw_2_Decoder_old_id_4\ * 
              \JOYSTICK_ADC_XY:AMuxHw_2_Decoder_old_id_3\ * 
              \JOYSTICK_ADC_XY:AMuxHw_2_Decoder_old_id_2\ * 
              \JOYSTICK_ADC_XY:AMuxHw_2_Decoder_old_id_1\ * 
              !\JOYSTICK_ADC_XY:AMuxHw_2_Decoder_old_id_0\
        );
        Output = \JOYSTICK_ADC_XY:AMuxHw_2_Decoder_one_hot_46\ (fanout=1)
        Properties               : 
        {
        }

    [McSlotId=1]:     MacroCell: Name=\JOYSTICK_ADC_XY:AMuxHw_2_Decoder_one_hot_33\, Mode=(D-Register) @ [UDB=(2,2)][LB=1][MC=1]
        Total # of inputs        : 7
        Total # of product terms : 1
        List of special equations: 
            Clock  = (\JOYSTICK_ADC_XY:clock\) => Global
            Clock Enable: True
        Main Equation            : 1 pterm
        (
              \JOYSTICK_ADC_XY:AMuxHw_2_Decoder_is_active\ * 
              \JOYSTICK_ADC_XY:AMuxHw_2_Decoder_old_id_5\ * 
              !\JOYSTICK_ADC_XY:AMuxHw_2_Decoder_old_id_4\ * 
              !\JOYSTICK_ADC_XY:AMuxHw_2_Decoder_old_id_3\ * 
              !\JOYSTICK_ADC_XY:AMuxHw_2_Decoder_old_id_2\ * 
              !\JOYSTICK_ADC_XY:AMuxHw_2_Decoder_old_id_1\ * 
              \JOYSTICK_ADC_XY:AMuxHw_2_Decoder_old_id_0\
        );
        Output = \JOYSTICK_ADC_XY:AMuxHw_2_Decoder_one_hot_33\ (fanout=1)
        Properties               : 
        {
        }

    [McSlotId=2]:     MacroCell: Name=\JOYSTICK_ADC_XY:AMuxHw_2_Decoder_one_hot_61\, Mode=(D-Register) @ [UDB=(2,2)][LB=1][MC=2]
        Total # of inputs        : 7
        Total # of product terms : 1
        List of special equations: 
            Clock  = (\JOYSTICK_ADC_XY:clock\) => Global
            Clock Enable: True
        Main Equation            : 1 pterm
        (
              \JOYSTICK_ADC_XY:AMuxHw_2_Decoder_is_active\ * 
              \JOYSTICK_ADC_XY:AMuxHw_2_Decoder_old_id_5\ * 
              \JOYSTICK_ADC_XY:AMuxHw_2_Decoder_old_id_4\ * 
              \JOYSTICK_ADC_XY:AMuxHw_2_Decoder_old_id_3\ * 
              \JOYSTICK_ADC_XY:AMuxHw_2_Decoder_old_id_2\ * 
              !\JOYSTICK_ADC_XY:AMuxHw_2_Decoder_old_id_1\ * 
              \JOYSTICK_ADC_XY:AMuxHw_2_Decoder_old_id_0\
        );
        Output = \JOYSTICK_ADC_XY:AMuxHw_2_Decoder_one_hot_61\ (fanout=1)
        Properties               : 
        {
        }

    [McSlotId=3]:     MacroCell: Name=\UART_LOG:BUART:tx_status_0\, Mode=(Combinatorial) @ [UDB=(2,2)][LB=1][MC=3]
        Total # of inputs        : 5
        Total # of product terms : 1
            Clock Enable: True
        Main Equation            : 1 pterm
        (
              !\UART_LOG:BUART:tx_state_1\ * !\UART_LOG:BUART:tx_state_0\ * 
              \UART_LOG:BUART:tx_bitclk_enable_pre\ * 
              \UART_LOG:BUART:tx_fifo_empty\ * \UART_LOG:BUART:tx_state_2\
        );
        Output = \UART_LOG:BUART:tx_status_0\ (fanout=1)
        Properties               : 
        {
        }
}

controlcell: Name =\JOYSTICK_ADC_XY:bSAR_SEQ:CtrlReg\
    PORT MAP (
        clock => \JOYSTICK_ADC_XY:clock\ ,
        control_7 => \JOYSTICK_ADC_XY:bSAR_SEQ:control_7\ ,
        control_6 => \JOYSTICK_ADC_XY:bSAR_SEQ:control_6\ ,
        control_5 => \JOYSTICK_ADC_XY:bSAR_SEQ:control_5\ ,
        control_4 => \JOYSTICK_ADC_XY:bSAR_SEQ:control_4\ ,
        control_3 => \JOYSTICK_ADC_XY:bSAR_SEQ:control_3\ ,
        control_2 => \JOYSTICK_ADC_XY:bSAR_SEQ:control_2\ ,
        control_1 => \JOYSTICK_ADC_XY:bSAR_SEQ:load_period\ ,
        control_0 => \JOYSTICK_ADC_XY:bSAR_SEQ:enable\ );
    Properties:
    {
        cy_ctrl_mode_0 = "00000111"
        cy_ctrl_mode_1 = "00000110"
        cy_ext_reset = 0
        cy_force_order = 1
        cy_init_value = "00000000"
    }
    Clock Polarity: Active High
    Clock Enable: True

UDB [UDB=(2,3)] contents:
LAB@[UDB=(2,3)][LB=0] #macrocells=3, #inputs=8, #pterms=3
{
    [McSlotId=0]: (empty)
    [McSlotId=1]:     MacroCell: Name=\JOYSTICK_ADC_XY:AMuxHw_2_Decoder_one_hot_60\, Mode=(D-Register) @ [UDB=(2,3)][LB=0][MC=1]
        Total # of inputs        : 7
        Total # of product terms : 1
        List of special equations: 
            Clock  = (\JOYSTICK_ADC_XY:clock\) => Global
            Clock Enable: True
        Main Equation            : 1 pterm
        (
              \JOYSTICK_ADC_XY:AMuxHw_2_Decoder_is_active\ * 
              \JOYSTICK_ADC_XY:AMuxHw_2_Decoder_old_id_5\ * 
              \JOYSTICK_ADC_XY:AMuxHw_2_Decoder_old_id_4\ * 
              \JOYSTICK_ADC_XY:AMuxHw_2_Decoder_old_id_3\ * 
              \JOYSTICK_ADC_XY:AMuxHw_2_Decoder_old_id_2\ * 
              !\JOYSTICK_ADC_XY:AMuxHw_2_Decoder_old_id_1\ * 
              !\JOYSTICK_ADC_XY:AMuxHw_2_Decoder_old_id_0\
        );
        Output = \JOYSTICK_ADC_XY:AMuxHw_2_Decoder_one_hot_60\ (fanout=1)
        Properties               : 
        {
        }

    [McSlotId=2]:     MacroCell: Name=\JOYSTICK_ADC_XY:AMuxHw_2_Decoder_old_id_3\, Mode=(D-Register) @ [UDB=(2,3)][LB=0][MC=2]
        Total # of inputs        : 1
        Total # of product terms : 1
        List of special equations: 
            Clock  = (\JOYSTICK_ADC_XY:clock\) => Global
            Clock Enable: True
        Main Equation            : 1 pterm
        (
              \JOYSTICK_ADC_XY:ch_addr_3\
        );
        Output = \JOYSTICK_ADC_XY:AMuxHw_2_Decoder_old_id_3\ (fanout=66)
        Properties               : 
        {
        }

    [McSlotId=3]:     MacroCell: Name=\JOYSTICK_ADC_XY:AMuxHw_2_Decoder_one_hot_18\, Mode=(D-Register) @ [UDB=(2,3)][LB=0][MC=3]
        Total # of inputs        : 7
        Total # of product terms : 1
        List of special equations: 
            Clock  = (\JOYSTICK_ADC_XY:clock\) => Global
            Clock Enable: True
        Main Equation            : 1 pterm
        (
              \JOYSTICK_ADC_XY:AMuxHw_2_Decoder_is_active\ * 
              !\JOYSTICK_ADC_XY:AMuxHw_2_Decoder_old_id_5\ * 
              \JOYSTICK_ADC_XY:AMuxHw_2_Decoder_old_id_4\ * 
              !\JOYSTICK_ADC_XY:AMuxHw_2_Decoder_old_id_3\ * 
              !\JOYSTICK_ADC_XY:AMuxHw_2_Decoder_old_id_2\ * 
              \JOYSTICK_ADC_XY:AMuxHw_2_Decoder_old_id_1\ * 
              !\JOYSTICK_ADC_XY:AMuxHw_2_Decoder_old_id_0\
        );
        Output = \JOYSTICK_ADC_XY:AMuxHw_2_Decoder_one_hot_18\ (fanout=1)
        Properties               : 
        {
        }
}

LAB@[UDB=(2,3)][LB=1] #macrocells=4, #inputs=9, #pterms=4
{
    [McSlotId=0]:     MacroCell: Name=\JOYSTICK_ADC_XY:bSAR_SEQ:cnt_enable\, Mode=(Combinatorial) @ [UDB=(2,3)][LB=1][MC=0]
        Total # of inputs        : 2
        Total # of product terms : 1
            Clock Enable: True
        Main Equation            : 1 pterm
        !(
              !Net_1995 * !\JOYSTICK_ADC_XY:bSAR_SEQ:load_period\
        );
        Output = \JOYSTICK_ADC_XY:bSAR_SEQ:cnt_enable\ (fanout=2)
        Properties               : 
        {
        }

    [McSlotId=1]:     MacroCell: Name=\JOYSTICK_ADC_XY:AMuxHw_2_Decoder_one_hot_2\, Mode=(D-Register) @ [UDB=(2,3)][LB=1][MC=1]
        Total # of inputs        : 7
        Total # of product terms : 1
        List of special equations: 
            Clock  = (\JOYSTICK_ADC_XY:clock\) => Global
            Clock Enable: True
        Main Equation            : 1 pterm
        (
              \JOYSTICK_ADC_XY:AMuxHw_2_Decoder_is_active\ * 
              !\JOYSTICK_ADC_XY:AMuxHw_2_Decoder_old_id_5\ * 
              !\JOYSTICK_ADC_XY:AMuxHw_2_Decoder_old_id_4\ * 
              !\JOYSTICK_ADC_XY:AMuxHw_2_Decoder_old_id_3\ * 
              !\JOYSTICK_ADC_XY:AMuxHw_2_Decoder_old_id_2\ * 
              \JOYSTICK_ADC_XY:AMuxHw_2_Decoder_old_id_1\ * 
              !\JOYSTICK_ADC_XY:AMuxHw_2_Decoder_old_id_0\
        );
        Output = \JOYSTICK_ADC_XY:AMuxHw_2_Decoder_one_hot_2\ (fanout=1)
        Properties               : 
        {
        }

    [McSlotId=2]:     MacroCell: Name=\JOYSTICK_ADC_XY:AMuxHw_2_Decoder_one_hot_10\, Mode=(D-Register) @ [UDB=(2,3)][LB=1][MC=2]
        Total # of inputs        : 7
        Total # of product terms : 1
        List of special equations: 
            Clock  = (\JOYSTICK_ADC_XY:clock\) => Global
            Clock Enable: True
        Main Equation            : 1 pterm
        (
              \JOYSTICK_ADC_XY:AMuxHw_2_Decoder_is_active\ * 
              !\JOYSTICK_ADC_XY:AMuxHw_2_Decoder_old_id_5\ * 
              !\JOYSTICK_ADC_XY:AMuxHw_2_Decoder_old_id_4\ * 
              \JOYSTICK_ADC_XY:AMuxHw_2_Decoder_old_id_3\ * 
              !\JOYSTICK_ADC_XY:AMuxHw_2_Decoder_old_id_2\ * 
              \JOYSTICK_ADC_XY:AMuxHw_2_Decoder_old_id_1\ * 
              !\JOYSTICK_ADC_XY:AMuxHw_2_Decoder_old_id_0\
        );
        Output = \JOYSTICK_ADC_XY:AMuxHw_2_Decoder_one_hot_10\ (fanout=1)
        Properties               : 
        {
        }

    [McSlotId=3]:     MacroCell: Name=\JOYSTICK_ADC_XY:AMuxHw_2_Decoder_one_hot_26\, Mode=(D-Register) @ [UDB=(2,3)][LB=1][MC=3]
        Total # of inputs        : 7
        Total # of product terms : 1
        List of special equations: 
            Clock  = (\JOYSTICK_ADC_XY:clock\) => Global
            Clock Enable: True
        Main Equation            : 1 pterm
        (
              \JOYSTICK_ADC_XY:AMuxHw_2_Decoder_is_active\ * 
              !\JOYSTICK_ADC_XY:AMuxHw_2_Decoder_old_id_5\ * 
              \JOYSTICK_ADC_XY:AMuxHw_2_Decoder_old_id_4\ * 
              \JOYSTICK_ADC_XY:AMuxHw_2_Decoder_old_id_3\ * 
              !\JOYSTICK_ADC_XY:AMuxHw_2_Decoder_old_id_2\ * 
              \JOYSTICK_ADC_XY:AMuxHw_2_Decoder_old_id_1\ * 
              !\JOYSTICK_ADC_XY:AMuxHw_2_Decoder_old_id_0\
        );
        Output = \JOYSTICK_ADC_XY:AMuxHw_2_Decoder_one_hot_26\ (fanout=1)
        Properties               : 
        {
        }
}

count7cell: Name =\JOYSTICK_ADC_XY:bSAR_SEQ:ChannelCounter\
    PORT MAP (
        clock => \JOYSTICK_ADC_XY:clock\ ,
        load => \JOYSTICK_ADC_XY:bSAR_SEQ:load_period\ ,
        enable => \JOYSTICK_ADC_XY:bSAR_SEQ:cnt_enable\ ,
        count_6 => \JOYSTICK_ADC_XY:bSAR_SEQ:count_6\ ,
        count_5 => \JOYSTICK_ADC_XY:ch_addr_5\ ,
        count_4 => \JOYSTICK_ADC_XY:ch_addr_4\ ,
        count_3 => \JOYSTICK_ADC_XY:ch_addr_3\ ,
        count_2 => \JOYSTICK_ADC_XY:ch_addr_2\ ,
        count_1 => \JOYSTICK_ADC_XY:ch_addr_1\ ,
        count_0 => \JOYSTICK_ADC_XY:ch_addr_0\ ,
        tc => \JOYSTICK_ADC_XY:bSAR_SEQ:cnt_tc\ ,
        clk_en => \JOYSTICK_ADC_XY:bSAR_SEQ:enable\ );
    Properties:
    {
        cy_alt_mode = 0
        cy_init_value = "0000000"
        cy_period = "0000001"
        cy_route_en = 1
        cy_route_ld = 1
    }
    Clock Polarity: Active High
    Clock Enable: PosEdge(\JOYSTICK_ADC_XY:bSAR_SEQ:enable\)

UDB [UDB=(2,4)] contents:
LAB@[UDB=(2,4)][LB=0] #macrocells=3, #inputs=9, #pterms=3
{
    [McSlotId=0]:     MacroCell: Name=\JOYSTICK_ADC_XY:AMuxHw_2_Decoder_one_hot_28\, Mode=(D-Register) @ [UDB=(2,4)][LB=0][MC=0]
        Total # of inputs        : 7
        Total # of product terms : 1
        List of special equations: 
            Clock  = (\JOYSTICK_ADC_XY:clock\) => Global
            Clock Enable: True
        Main Equation            : 1 pterm
        (
              \JOYSTICK_ADC_XY:AMuxHw_2_Decoder_is_active\ * 
              !\JOYSTICK_ADC_XY:AMuxHw_2_Decoder_old_id_5\ * 
              \JOYSTICK_ADC_XY:AMuxHw_2_Decoder_old_id_4\ * 
              \JOYSTICK_ADC_XY:AMuxHw_2_Decoder_old_id_3\ * 
              \JOYSTICK_ADC_XY:AMuxHw_2_Decoder_old_id_2\ * 
              !\JOYSTICK_ADC_XY:AMuxHw_2_Decoder_old_id_1\ * 
              !\JOYSTICK_ADC_XY:AMuxHw_2_Decoder_old_id_0\
        );
        Output = \JOYSTICK_ADC_XY:AMuxHw_2_Decoder_one_hot_28\ (fanout=1)
        Properties               : 
        {
        }

    [McSlotId=1]:     MacroCell: Name=\JOYSTICK_ADC_XY:AMuxHw_2_Decoder_old_id_0\, Mode=(D-Register) @ [UDB=(2,4)][LB=0][MC=1]
        Total # of inputs        : 1
        Total # of product terms : 1
        List of special equations: 
            Clock  = (\JOYSTICK_ADC_XY:clock\) => Global
            Clock Enable: True
        Main Equation            : 1 pterm
        (
              \JOYSTICK_ADC_XY:ch_addr_0\
        );
        Output = \JOYSTICK_ADC_XY:AMuxHw_2_Decoder_old_id_0\ (fanout=65)
        Properties               : 
        {
        }

    [McSlotId=2]: (empty)
    [McSlotId=3]:     MacroCell: Name=\JOYSTICK_ADC_XY:AMuxHw_2_Decoder_old_id_1\, Mode=(D-Register) @ [UDB=(2,4)][LB=0][MC=3]
        Total # of inputs        : 1
        Total # of product terms : 1
        List of special equations: 
            Clock  = (\JOYSTICK_ADC_XY:clock\) => Global
            Clock Enable: True
        Main Equation            : 1 pterm
        (
              \JOYSTICK_ADC_XY:ch_addr_1\
        );
        Output = \JOYSTICK_ADC_XY:AMuxHw_2_Decoder_old_id_1\ (fanout=65)
        Properties               : 
        {
        }
}

LAB@[UDB=(2,4)][LB=1] #macrocells=1, #inputs=12, #pterms=8
{
    [McSlotId=0]:     MacroCell: Name=\JOYSTICK_ADC_XY:AMuxHw_2_Decoder_is_active_split\, Mode=(Combinatorial) @ [UDB=(2,4)][LB=1][MC=0]
        Total # of inputs        : 12
        Total # of product terms : 8
            Clock Enable: True
        Main Equation            : 8 pterms
        (
              \JOYSTICK_ADC_XY:AMuxHw_2_Decoder_old_id_5\ * 
              !\JOYSTICK_ADC_XY:ch_addr_5\
            + \JOYSTICK_ADC_XY:AMuxHw_2_Decoder_old_id_4\ * 
              !\JOYSTICK_ADC_XY:ch_addr_4\
            + \JOYSTICK_ADC_XY:AMuxHw_2_Decoder_old_id_3\ * 
              !\JOYSTICK_ADC_XY:ch_addr_3\
            + \JOYSTICK_ADC_XY:AMuxHw_2_Decoder_old_id_2\ * 
              !\JOYSTICK_ADC_XY:ch_addr_2\
            + !\JOYSTICK_ADC_XY:AMuxHw_2_Decoder_old_id_1\ * 
              \JOYSTICK_ADC_XY:ch_addr_1\
            + \JOYSTICK_ADC_XY:AMuxHw_2_Decoder_old_id_1\ * 
              !\JOYSTICK_ADC_XY:ch_addr_1\
            + !\JOYSTICK_ADC_XY:AMuxHw_2_Decoder_old_id_0\ * 
              \JOYSTICK_ADC_XY:ch_addr_0\
            + \JOYSTICK_ADC_XY:AMuxHw_2_Decoder_old_id_0\ * 
              !\JOYSTICK_ADC_XY:ch_addr_0\
        );
        Output = \JOYSTICK_ADC_XY:AMuxHw_2_Decoder_is_active_split\ (fanout=1)
        Properties               : 
        {
        }

    [McSlotId=1]: (empty)
    [McSlotId=2]: (empty)
    [McSlotId=3]: (empty)
}

UDB [UDB=(2,5)] contents:
LAB@[UDB=(2,5)][LB=0] #macrocells=4, #inputs=10, #pterms=4
{
    [McSlotId=0]:     MacroCell: Name=\JOYSTICK_ADC_XY:AMuxHw_2_Decoder_old_id_5\, Mode=(D-Register) @ [UDB=(2,5)][LB=0][MC=0]
        Total # of inputs        : 1
        Total # of product terms : 1
        List of special equations: 
            Clock  = (\JOYSTICK_ADC_XY:clock\) => Global
            Clock Enable: True
        Main Equation            : 1 pterm
        (
              \JOYSTICK_ADC_XY:ch_addr_5\
        );
        Output = \JOYSTICK_ADC_XY:AMuxHw_2_Decoder_old_id_5\ (fanout=66)
        Properties               : 
        {
        }

    [McSlotId=1]:     MacroCell: Name=\JOYSTICK_ADC_XY:AMuxHw_2_Decoder_old_id_2\, Mode=(D-Register) @ [UDB=(2,5)][LB=0][MC=1]
        Total # of inputs        : 1
        Total # of product terms : 1
        List of special equations: 
            Clock  = (\JOYSTICK_ADC_XY:clock\) => Global
            Clock Enable: True
        Main Equation            : 1 pterm
        (
              \JOYSTICK_ADC_XY:ch_addr_2\
        );
        Output = \JOYSTICK_ADC_XY:AMuxHw_2_Decoder_old_id_2\ (fanout=66)
        Properties               : 
        {
        }

    [McSlotId=2]:     MacroCell: Name=\JOYSTICK_ADC_XY:AMuxHw_2_Decoder_old_id_4\, Mode=(D-Register) @ [UDB=(2,5)][LB=0][MC=2]
        Total # of inputs        : 1
        Total # of product terms : 1
        List of special equations: 
            Clock  = (\JOYSTICK_ADC_XY:clock\) => Global
            Clock Enable: True
        Main Equation            : 1 pterm
        (
              \JOYSTICK_ADC_XY:ch_addr_4\
        );
        Output = \JOYSTICK_ADC_XY:AMuxHw_2_Decoder_old_id_4\ (fanout=66)
        Properties               : 
        {
        }

    [McSlotId=3]:     MacroCell: Name=\JOYSTICK_ADC_XY:AMuxHw_2_Decoder_one_hot_14\, Mode=(D-Register) @ [UDB=(2,5)][LB=0][MC=3]
        Total # of inputs        : 7
        Total # of product terms : 1
        List of special equations: 
            Clock  = (\JOYSTICK_ADC_XY:clock\) => Global
            Clock Enable: True
        Main Equation            : 1 pterm
        (
              \JOYSTICK_ADC_XY:AMuxHw_2_Decoder_is_active\ * 
              !\JOYSTICK_ADC_XY:AMuxHw_2_Decoder_old_id_5\ * 
              !\JOYSTICK_ADC_XY:AMuxHw_2_Decoder_old_id_4\ * 
              \JOYSTICK_ADC_XY:AMuxHw_2_Decoder_old_id_3\ * 
              \JOYSTICK_ADC_XY:AMuxHw_2_Decoder_old_id_2\ * 
              \JOYSTICK_ADC_XY:AMuxHw_2_Decoder_old_id_1\ * 
              !\JOYSTICK_ADC_XY:AMuxHw_2_Decoder_old_id_0\
        );
        Output = \JOYSTICK_ADC_XY:AMuxHw_2_Decoder_one_hot_14\ (fanout=1)
        Properties               : 
        {
        }
}

LAB@[UDB=(2,5)][LB=1] #macrocells=2, #inputs=12, #pterms=6
{
    [McSlotId=0]:     MacroCell: Name=\JOYSTICK_ADC_XY:AMuxHw_2_Decoder_is_active\, Mode=(Combinatorial) @ [UDB=(2,5)][LB=1][MC=0]
        Total # of inputs        : 9
        Total # of product terms : 5
            Clock Enable: True
        Main Equation            : 5 pterms
        !(
              !\JOYSTICK_ADC_XY:AMuxHw_2_Decoder_old_id_5\ * 
              \JOYSTICK_ADC_XY:ch_addr_5\
            + !\JOYSTICK_ADC_XY:AMuxHw_2_Decoder_old_id_4\ * 
              \JOYSTICK_ADC_XY:ch_addr_4\
            + !\JOYSTICK_ADC_XY:AMuxHw_2_Decoder_old_id_3\ * 
              \JOYSTICK_ADC_XY:ch_addr_3\
            + !\JOYSTICK_ADC_XY:AMuxHw_2_Decoder_old_id_2\ * 
              \JOYSTICK_ADC_XY:ch_addr_2\
            + \JOYSTICK_ADC_XY:AMuxHw_2_Decoder_is_active_split\
        );
        Output = \JOYSTICK_ADC_XY:AMuxHw_2_Decoder_is_active\ (fanout=64)
        Properties               : 
        {
            soft = 1
        }

    [McSlotId=1]: (empty)
    [McSlotId=2]: (empty)
    [McSlotId=3]:     MacroCell: Name=\JOYSTICK_ADC_XY:AMuxHw_2_Decoder_one_hot_25\, Mode=(D-Register) @ [UDB=(2,5)][LB=1][MC=3]
        Total # of inputs        : 7
        Total # of product terms : 1
        List of special equations: 
            Clock  = (\JOYSTICK_ADC_XY:clock\) => Global
            Clock Enable: True
        Main Equation            : 1 pterm
        (
              \JOYSTICK_ADC_XY:AMuxHw_2_Decoder_is_active\ * 
              !\JOYSTICK_ADC_XY:AMuxHw_2_Decoder_old_id_5\ * 
              \JOYSTICK_ADC_XY:AMuxHw_2_Decoder_old_id_4\ * 
              \JOYSTICK_ADC_XY:AMuxHw_2_Decoder_old_id_3\ * 
              !\JOYSTICK_ADC_XY:AMuxHw_2_Decoder_old_id_2\ * 
              !\JOYSTICK_ADC_XY:AMuxHw_2_Decoder_old_id_1\ * 
              \JOYSTICK_ADC_XY:AMuxHw_2_Decoder_old_id_0\
        );
        Output = \JOYSTICK_ADC_XY:AMuxHw_2_Decoder_one_hot_25\ (fanout=1)
        Properties               : 
        {
        }
}

UDB [UDB=(3,0)] contents:
LAB@[UDB=(3,0)][LB=0] #macrocells=2, #inputs=7, #pterms=2
{
    [McSlotId=0]:     MacroCell: Name=\JOYSTICK_ADC_XY:AMuxHw_2_Decoder_one_hot_43\, Mode=(D-Register) @ [UDB=(3,0)][LB=0][MC=0]
        Total # of inputs        : 7
        Total # of product terms : 1
        List of special equations: 
            Clock  = (\JOYSTICK_ADC_XY:clock\) => Global
            Clock Enable: True
        Main Equation            : 1 pterm
        (
              \JOYSTICK_ADC_XY:AMuxHw_2_Decoder_is_active\ * 
              \JOYSTICK_ADC_XY:AMuxHw_2_Decoder_old_id_5\ * 
              !\JOYSTICK_ADC_XY:AMuxHw_2_Decoder_old_id_4\ * 
              \JOYSTICK_ADC_XY:AMuxHw_2_Decoder_old_id_3\ * 
              !\JOYSTICK_ADC_XY:AMuxHw_2_Decoder_old_id_2\ * 
              \JOYSTICK_ADC_XY:AMuxHw_2_Decoder_old_id_1\ * 
              \JOYSTICK_ADC_XY:AMuxHw_2_Decoder_old_id_0\
        );
        Output = \JOYSTICK_ADC_XY:AMuxHw_2_Decoder_one_hot_43\ (fanout=1)
        Properties               : 
        {
        }

    [McSlotId=1]: (empty)
    [McSlotId=2]: (empty)
    [McSlotId=3]:     MacroCell: Name=\JOYSTICK_ADC_XY:AMuxHw_2_Decoder_one_hot_24\, Mode=(D-Register) @ [UDB=(3,0)][LB=0][MC=3]
        Total # of inputs        : 7
        Total # of product terms : 1
        List of special equations: 
            Clock  = (\JOYSTICK_ADC_XY:clock\) => Global
            Clock Enable: True
        Main Equation            : 1 pterm
        (
              \JOYSTICK_ADC_XY:AMuxHw_2_Decoder_is_active\ * 
              !\JOYSTICK_ADC_XY:AMuxHw_2_Decoder_old_id_5\ * 
              \JOYSTICK_ADC_XY:AMuxHw_2_Decoder_old_id_4\ * 
              \JOYSTICK_ADC_XY:AMuxHw_2_Decoder_old_id_3\ * 
              !\JOYSTICK_ADC_XY:AMuxHw_2_Decoder_old_id_2\ * 
              !\JOYSTICK_ADC_XY:AMuxHw_2_Decoder_old_id_1\ * 
              !\JOYSTICK_ADC_XY:AMuxHw_2_Decoder_old_id_0\
        );
        Output = \JOYSTICK_ADC_XY:AMuxHw_2_Decoder_one_hot_24\ (fanout=1)
        Properties               : 
        {
        }
}

LAB@[UDB=(3,0)][LB=1] #macrocells=2, #inputs=7, #pterms=2
{
    [McSlotId=0]: (empty)
    [McSlotId=1]:     MacroCell: Name=\JOYSTICK_ADC_XY:AMuxHw_2_Decoder_one_hot_16\, Mode=(D-Register) @ [UDB=(3,0)][LB=1][MC=1]
        Total # of inputs        : 7
        Total # of product terms : 1
        List of special equations: 
            Clock  = (\JOYSTICK_ADC_XY:clock\) => Global
            Clock Enable: True
        Main Equation            : 1 pterm
        (
              \JOYSTICK_ADC_XY:AMuxHw_2_Decoder_is_active\ * 
              !\JOYSTICK_ADC_XY:AMuxHw_2_Decoder_old_id_5\ * 
              \JOYSTICK_ADC_XY:AMuxHw_2_Decoder_old_id_4\ * 
              !\JOYSTICK_ADC_XY:AMuxHw_2_Decoder_old_id_3\ * 
              !\JOYSTICK_ADC_XY:AMuxHw_2_Decoder_old_id_2\ * 
              !\JOYSTICK_ADC_XY:AMuxHw_2_Decoder_old_id_1\ * 
              !\JOYSTICK_ADC_XY:AMuxHw_2_Decoder_old_id_0\
        );
        Output = \JOYSTICK_ADC_XY:AMuxHw_2_Decoder_one_hot_16\ (fanout=1)
        Properties               : 
        {
        }

    [McSlotId=2]: (empty)
    [McSlotId=3]:     MacroCell: Name=\JOYSTICK_ADC_XY:AMuxHw_2_Decoder_one_hot_63\, Mode=(D-Register) @ [UDB=(3,0)][LB=1][MC=3]
        Total # of inputs        : 7
        Total # of product terms : 1
        List of special equations: 
            Clock  = (\JOYSTICK_ADC_XY:clock\) => Global
            Clock Enable: True
        Main Equation            : 1 pterm
        (
              \JOYSTICK_ADC_XY:AMuxHw_2_Decoder_is_active\ * 
              \JOYSTICK_ADC_XY:AMuxHw_2_Decoder_old_id_5\ * 
              \JOYSTICK_ADC_XY:AMuxHw_2_Decoder_old_id_4\ * 
              \JOYSTICK_ADC_XY:AMuxHw_2_Decoder_old_id_3\ * 
              \JOYSTICK_ADC_XY:AMuxHw_2_Decoder_old_id_2\ * 
              \JOYSTICK_ADC_XY:AMuxHw_2_Decoder_old_id_1\ * 
              \JOYSTICK_ADC_XY:AMuxHw_2_Decoder_old_id_0\
        );
        Output = \JOYSTICK_ADC_XY:AMuxHw_2_Decoder_one_hot_63\ (fanout=1)
        Properties               : 
        {
        }
}

synccell: Name =\JOYSTICK_ADC_XY:Sync:genblk1[0]:INST\
    PORT MAP (
        clock => ClockBlock_BUS_CLK ,
        in => \JOYSTICK_ADC_XY:nrq\ ,
        out => \JOYSTICK_ADC_XY:Net_3935\ );
    Properties:
    {
    }
    Clock Polarity: Active High
    Clock Enable: True

UDB [UDB=(3,1)] contents:
LAB@[UDB=(3,1)][LB=0] #macrocells=1, #inputs=3, #pterms=2
{
    [McSlotId=0]: (empty)
    [McSlotId=1]:     MacroCell: Name=\JOYSTICK_ADC_XY:bSAR_SEQ:bus_clk_nrq_reg\, Mode=(D-Register) @ [UDB=(3,1)][LB=0][MC=1]
        Total # of inputs        : 3
        Total # of product terms : 2
        List of special equations: 
            Clock  = (ClockBlock_BUS_CLK) => Global
            Clock Enable: True
        Main Equation            : 2 pterms
        (
              \JOYSTICK_ADC_XY:bSAR_SEQ:bus_clk_nrq_reg\ * !Net_1994
            + \JOYSTICK_ADC_XY:Net_3935\
        );
        Output = \JOYSTICK_ADC_XY:bSAR_SEQ:bus_clk_nrq_reg\ (fanout=3)
        Properties               : 
        {
        }

    [McSlotId=2]: (empty)
    [McSlotId=3]: (empty)
}

LAB@[UDB=(3,1)][LB=1] #macrocells=2, #inputs=2, #pterms=2
{
    [McSlotId=0]:     MacroCell: Name=Net_1994, Mode=(D-Register) @ [UDB=(3,1)][LB=1][MC=0]
        Total # of inputs        : 2
        Total # of product terms : 1
        List of special equations: 
            Clock  = (\JOYSTICK_ADC_XY:clock\) => Global
            Clock Enable: PosEdge(\JOYSTICK_ADC_XY:bSAR_SEQ:enable\)
        Main Equation            : 1 pterm
        (
              \JOYSTICK_ADC_XY:bSAR_SEQ:bus_clk_nrq_reg\ * 
              !\JOYSTICK_ADC_XY:bSAR_SEQ:nrq_reg\
        );
        Output = Net_1994 (fanout=3)
        Properties               : 
        {
        }

    [McSlotId=1]:     MacroCell: Name=\JOYSTICK_ADC_XY:bSAR_SEQ:nrq_reg\, Mode=(D-Register) @ [UDB=(3,1)][LB=1][MC=1]
        Total # of inputs        : 1
        Total # of product terms : 1
        List of special equations: 
            Clock  = (\JOYSTICK_ADC_XY:clock\) => Global
            Clock Enable: PosEdge(\JOYSTICK_ADC_XY:bSAR_SEQ:enable\)
        Main Equation            : 1 pterm
        (
              \JOYSTICK_ADC_XY:bSAR_SEQ:bus_clk_nrq_reg\
        );
        Output = \JOYSTICK_ADC_XY:bSAR_SEQ:nrq_reg\ (fanout=1)
        Properties               : 
        {
        }

    [McSlotId=2]: (empty)
    [McSlotId=3]: (empty)
}

statuscell: Name =\JOYSTICK_ADC_XY:bSAR_SEQ:EOCSts\
    PORT MAP (
        clock => \JOYSTICK_ADC_XY:clock\ ,
        status_0 => Net_1994 ,
        clk_en => \JOYSTICK_ADC_XY:bSAR_SEQ:enable\ );
    Properties:
    {
        cy_force_order = 1
        cy_md_select = "00000001"
    }
    Clock Polarity: Active High
    Clock Enable: PosEdge(\JOYSTICK_ADC_XY:bSAR_SEQ:enable\)

UDB [UDB=(3,2)] contents:
LAB@[UDB=(3,2)][LB=0] #macrocells=3, #inputs=7, #pterms=3
{
    [McSlotId=0]:     MacroCell: Name=\JOYSTICK_ADC_XY:AMuxHw_2_Decoder_one_hot_47\, Mode=(D-Register) @ [UDB=(3,2)][LB=0][MC=0]
        Total # of inputs        : 7
        Total # of product terms : 1
        List of special equations: 
            Clock  = (\JOYSTICK_ADC_XY:clock\) => Global
            Clock Enable: True
        Main Equation            : 1 pterm
        (
              \JOYSTICK_ADC_XY:AMuxHw_2_Decoder_is_active\ * 
              \JOYSTICK_ADC_XY:AMuxHw_2_Decoder_old_id_5\ * 
              !\JOYSTICK_ADC_XY:AMuxHw_2_Decoder_old_id_4\ * 
              \JOYSTICK_ADC_XY:AMuxHw_2_Decoder_old_id_3\ * 
              \JOYSTICK_ADC_XY:AMuxHw_2_Decoder_old_id_2\ * 
              \JOYSTICK_ADC_XY:AMuxHw_2_Decoder_old_id_1\ * 
              \JOYSTICK_ADC_XY:AMuxHw_2_Decoder_old_id_0\
        );
        Output = \JOYSTICK_ADC_XY:AMuxHw_2_Decoder_one_hot_47\ (fanout=1)
        Properties               : 
        {
        }

    [McSlotId=1]:     MacroCell: Name=\JOYSTICK_ADC_XY:AMuxHw_2_Decoder_one_hot_5\, Mode=(D-Register) @ [UDB=(3,2)][LB=0][MC=1]
        Total # of inputs        : 7
        Total # of product terms : 1
        List of special equations: 
            Clock  = (\JOYSTICK_ADC_XY:clock\) => Global
            Clock Enable: True
        Main Equation            : 1 pterm
        (
              \JOYSTICK_ADC_XY:AMuxHw_2_Decoder_is_active\ * 
              !\JOYSTICK_ADC_XY:AMuxHw_2_Decoder_old_id_5\ * 
              !\JOYSTICK_ADC_XY:AMuxHw_2_Decoder_old_id_4\ * 
              !\JOYSTICK_ADC_XY:AMuxHw_2_Decoder_old_id_3\ * 
              \JOYSTICK_ADC_XY:AMuxHw_2_Decoder_old_id_2\ * 
              !\JOYSTICK_ADC_XY:AMuxHw_2_Decoder_old_id_1\ * 
              \JOYSTICK_ADC_XY:AMuxHw_2_Decoder_old_id_0\
        );
        Output = \JOYSTICK_ADC_XY:AMuxHw_2_Decoder_one_hot_5\ (fanout=1)
        Properties               : 
        {
        }

    [McSlotId=2]: (empty)
    [McSlotId=3]:     MacroCell: Name=\JOYSTICK_ADC_XY:AMuxHw_2_Decoder_one_hot_32\, Mode=(D-Register) @ [UDB=(3,2)][LB=0][MC=3]
        Total # of inputs        : 7
        Total # of product terms : 1
        List of special equations: 
            Clock  = (\JOYSTICK_ADC_XY:clock\) => Global
            Clock Enable: True
        Main Equation            : 1 pterm
        (
              \JOYSTICK_ADC_XY:AMuxHw_2_Decoder_is_active\ * 
              \JOYSTICK_ADC_XY:AMuxHw_2_Decoder_old_id_5\ * 
              !\JOYSTICK_ADC_XY:AMuxHw_2_Decoder_old_id_4\ * 
              !\JOYSTICK_ADC_XY:AMuxHw_2_Decoder_old_id_3\ * 
              !\JOYSTICK_ADC_XY:AMuxHw_2_Decoder_old_id_2\ * 
              !\JOYSTICK_ADC_XY:AMuxHw_2_Decoder_old_id_1\ * 
              !\JOYSTICK_ADC_XY:AMuxHw_2_Decoder_old_id_0\
        );
        Output = \JOYSTICK_ADC_XY:AMuxHw_2_Decoder_one_hot_32\ (fanout=1)
        Properties               : 
        {
        }
}

LAB@[UDB=(3,2)][LB=1] #macrocells=4, #inputs=7, #pterms=4
{
    [McSlotId=0]:     MacroCell: Name=\JOYSTICK_ADC_XY:AMuxHw_2_Decoder_one_hot_44\, Mode=(D-Register) @ [UDB=(3,2)][LB=1][MC=0]
        Total # of inputs        : 7
        Total # of product terms : 1
        List of special equations: 
            Clock  = (\JOYSTICK_ADC_XY:clock\) => Global
            Clock Enable: True
        Main Equation            : 1 pterm
        (
              \JOYSTICK_ADC_XY:AMuxHw_2_Decoder_is_active\ * 
              \JOYSTICK_ADC_XY:AMuxHw_2_Decoder_old_id_5\ * 
              !\JOYSTICK_ADC_XY:AMuxHw_2_Decoder_old_id_4\ * 
              \JOYSTICK_ADC_XY:AMuxHw_2_Decoder_old_id_3\ * 
              \JOYSTICK_ADC_XY:AMuxHw_2_Decoder_old_id_2\ * 
              !\JOYSTICK_ADC_XY:AMuxHw_2_Decoder_old_id_1\ * 
              !\JOYSTICK_ADC_XY:AMuxHw_2_Decoder_old_id_0\
        );
        Output = \JOYSTICK_ADC_XY:AMuxHw_2_Decoder_one_hot_44\ (fanout=1)
        Properties               : 
        {
        }

    [McSlotId=1]:     MacroCell: Name=\JOYSTICK_ADC_XY:AMuxHw_2_Decoder_one_hot_55\, Mode=(D-Register) @ [UDB=(3,2)][LB=1][MC=1]
        Total # of inputs        : 7
        Total # of product terms : 1
        List of special equations: 
            Clock  = (\JOYSTICK_ADC_XY:clock\) => Global
            Clock Enable: True
        Main Equation            : 1 pterm
        (
              \JOYSTICK_ADC_XY:AMuxHw_2_Decoder_is_active\ * 
              \JOYSTICK_ADC_XY:AMuxHw_2_Decoder_old_id_5\ * 
              \JOYSTICK_ADC_XY:AMuxHw_2_Decoder_old_id_4\ * 
              !\JOYSTICK_ADC_XY:AMuxHw_2_Decoder_old_id_3\ * 
              \JOYSTICK_ADC_XY:AMuxHw_2_Decoder_old_id_2\ * 
              \JOYSTICK_ADC_XY:AMuxHw_2_Decoder_old_id_1\ * 
              \JOYSTICK_ADC_XY:AMuxHw_2_Decoder_old_id_0\
        );
        Output = \JOYSTICK_ADC_XY:AMuxHw_2_Decoder_one_hot_55\ (fanout=1)
        Properties               : 
        {
        }

    [McSlotId=2]:     MacroCell: Name=\JOYSTICK_ADC_XY:AMuxHw_2_Decoder_one_hot_8\, Mode=(D-Register) @ [UDB=(3,2)][LB=1][MC=2]
        Total # of inputs        : 7
        Total # of product terms : 1
        List of special equations: 
            Clock  = (\JOYSTICK_ADC_XY:clock\) => Global
            Clock Enable: True
        Main Equation            : 1 pterm
        (
              \JOYSTICK_ADC_XY:AMuxHw_2_Decoder_is_active\ * 
              !\JOYSTICK_ADC_XY:AMuxHw_2_Decoder_old_id_5\ * 
              !\JOYSTICK_ADC_XY:AMuxHw_2_Decoder_old_id_4\ * 
              \JOYSTICK_ADC_XY:AMuxHw_2_Decoder_old_id_3\ * 
              !\JOYSTICK_ADC_XY:AMuxHw_2_Decoder_old_id_2\ * 
              !\JOYSTICK_ADC_XY:AMuxHw_2_Decoder_old_id_1\ * 
              !\JOYSTICK_ADC_XY:AMuxHw_2_Decoder_old_id_0\
        );
        Output = \JOYSTICK_ADC_XY:AMuxHw_2_Decoder_one_hot_8\ (fanout=1)
        Properties               : 
        {
        }

    [McSlotId=3]:     MacroCell: Name=\JOYSTICK_ADC_XY:AMuxHw_2_Decoder_one_hot_29\, Mode=(D-Register) @ [UDB=(3,2)][LB=1][MC=3]
        Total # of inputs        : 7
        Total # of product terms : 1
        List of special equations: 
            Clock  = (\JOYSTICK_ADC_XY:clock\) => Global
            Clock Enable: True
        Main Equation            : 1 pterm
        (
              \JOYSTICK_ADC_XY:AMuxHw_2_Decoder_is_active\ * 
              !\JOYSTICK_ADC_XY:AMuxHw_2_Decoder_old_id_5\ * 
              \JOYSTICK_ADC_XY:AMuxHw_2_Decoder_old_id_4\ * 
              \JOYSTICK_ADC_XY:AMuxHw_2_Decoder_old_id_3\ * 
              \JOYSTICK_ADC_XY:AMuxHw_2_Decoder_old_id_2\ * 
              !\JOYSTICK_ADC_XY:AMuxHw_2_Decoder_old_id_1\ * 
              \JOYSTICK_ADC_XY:AMuxHw_2_Decoder_old_id_0\
        );
        Output = \JOYSTICK_ADC_XY:AMuxHw_2_Decoder_one_hot_29\ (fanout=1)
        Properties               : 
        {
        }
}

datapathcell: Name =\RGB_PWM_blue:PWMUDB:sP16:pwmdp:u1\
    PORT MAP (
        clock => Net_2605 ,
        cs_addr_2 => \RGB_PWM_blue:PWMUDB:tc_i\ ,
        cs_addr_1 => \RGB_PWM_blue:PWMUDB:runmode_enable\ ,
        cl0_comb => \RGB_PWM_blue:PWMUDB:cmp1_less\ ,
        z0_comb => \RGB_PWM_blue:PWMUDB:tc_i\ ,
        chain_in => \RGB_PWM_blue:PWMUDB:sP16:pwmdp:carry\ );
    Properties:
    {
        a0_init = "00000000"
        a1_init = "00000000"
        ce0_sync = 1
        ce1_sync = 1
        cl0_sync = 1
        cl1_sync = 1
        cmsb_sync = 1
        co_msb_sync = 1
        cy_dpconfig = "0000000001000000000000001100000001000000010000000000000011000000000000001100000000000000110000000000000011000000000000001100000011111111000000001111111111111111101011110000000000000100000011110000000000011000"
        d0_init = "00000000"
        d1_init = "00000000"
        f0_blk_sync = 1
        f0_bus_sync = 1
        f1_blk_sync = 1
        f1_bus_sync = 1
        ff0_sync = 1
        ff1_sync = 1
        ov_msb_sync = 1
        so_sync = 1
        z0_sync = 1
        z1_sync = 1
    }
    Clock Polarity: Active High
    Clock Enable: True
    Previous in chain : \RGB_PWM_blue:PWMUDB:sP16:pwmdp:u0\

UDB [UDB=(3,3)] contents:
LAB@[UDB=(3,3)][LB=0] #macrocells=2, #inputs=3, #pterms=2
{
    [McSlotId=0]:     MacroCell: Name=\RGB_PWM_blue:PWMUDB:runmode_enable\, Mode=(D-Register) @ [UDB=(3,3)][LB=0][MC=0]
        Total # of inputs        : 1
        Total # of product terms : 1
        List of special equations: 
            Clock  = (Net_2605) => Global
            Clock Enable: True
        Main Equation            : 1 pterm
        (
              \RGB_PWM_blue:PWMUDB:control_7\
        );
        Output = \RGB_PWM_blue:PWMUDB:runmode_enable\ (fanout=3)
        Properties               : 
        {
        }

    [McSlotId=1]:     MacroCell: Name=Net_429, Mode=(D-Register) @ [UDB=(3,3)][LB=0][MC=1]
        Total # of inputs        : 2
        Total # of product terms : 1
        List of special equations: 
            Clock  = (Net_2605) => Global
            Clock Enable: True
        Main Equation            : 1 pterm
        (
              \RGB_PWM_blue:PWMUDB:runmode_enable\ * 
              \RGB_PWM_blue:PWMUDB:cmp1_less\
        );
        Output = Net_429 (fanout=1)
        Properties               : 
        {
        }

    [McSlotId=2]: (empty)
    [McSlotId=3]: (empty)
}

LAB@[UDB=(3,3)][LB=1] #macrocells=3, #inputs=7, #pterms=3
{
    [McSlotId=0]:     MacroCell: Name=\JOYSTICK_ADC_XY:AMuxHw_2_Decoder_one_hot_11\, Mode=(D-Register) @ [UDB=(3,3)][LB=1][MC=0]
        Total # of inputs        : 7
        Total # of product terms : 1
        List of special equations: 
            Clock  = (\JOYSTICK_ADC_XY:clock\) => Global
            Clock Enable: True
        Main Equation            : 1 pterm
        (
              \JOYSTICK_ADC_XY:AMuxHw_2_Decoder_is_active\ * 
              !\JOYSTICK_ADC_XY:AMuxHw_2_Decoder_old_id_5\ * 
              !\JOYSTICK_ADC_XY:AMuxHw_2_Decoder_old_id_4\ * 
              \JOYSTICK_ADC_XY:AMuxHw_2_Decoder_old_id_3\ * 
              !\JOYSTICK_ADC_XY:AMuxHw_2_Decoder_old_id_2\ * 
              \JOYSTICK_ADC_XY:AMuxHw_2_Decoder_old_id_1\ * 
              \JOYSTICK_ADC_XY:AMuxHw_2_Decoder_old_id_0\
        );
        Output = \JOYSTICK_ADC_XY:AMuxHw_2_Decoder_one_hot_11\ (fanout=1)
        Properties               : 
        {
        }

    [McSlotId=1]: (empty)
    [McSlotId=2]:     MacroCell: Name=\JOYSTICK_ADC_XY:AMuxHw_2_Decoder_one_hot_62\, Mode=(D-Register) @ [UDB=(3,3)][LB=1][MC=2]
        Total # of inputs        : 7
        Total # of product terms : 1
        List of special equations: 
            Clock  = (\JOYSTICK_ADC_XY:clock\) => Global
            Clock Enable: True
        Main Equation            : 1 pterm
        (
              \JOYSTICK_ADC_XY:AMuxHw_2_Decoder_is_active\ * 
              \JOYSTICK_ADC_XY:AMuxHw_2_Decoder_old_id_5\ * 
              \JOYSTICK_ADC_XY:AMuxHw_2_Decoder_old_id_4\ * 
              \JOYSTICK_ADC_XY:AMuxHw_2_Decoder_old_id_3\ * 
              \JOYSTICK_ADC_XY:AMuxHw_2_Decoder_old_id_2\ * 
              \JOYSTICK_ADC_XY:AMuxHw_2_Decoder_old_id_1\ * 
              !\JOYSTICK_ADC_XY:AMuxHw_2_Decoder_old_id_0\
        );
        Output = \JOYSTICK_ADC_XY:AMuxHw_2_Decoder_one_hot_62\ (fanout=1)
        Properties               : 
        {
        }

    [McSlotId=3]:     MacroCell: Name=\JOYSTICK_ADC_XY:AMuxHw_2_Decoder_one_hot_9\, Mode=(D-Register) @ [UDB=(3,3)][LB=1][MC=3]
        Total # of inputs        : 7
        Total # of product terms : 1
        List of special equations: 
            Clock  = (\JOYSTICK_ADC_XY:clock\) => Global
            Clock Enable: True
        Main Equation            : 1 pterm
        (
              \JOYSTICK_ADC_XY:AMuxHw_2_Decoder_is_active\ * 
              !\JOYSTICK_ADC_XY:AMuxHw_2_Decoder_old_id_5\ * 
              !\JOYSTICK_ADC_XY:AMuxHw_2_Decoder_old_id_4\ * 
              \JOYSTICK_ADC_XY:AMuxHw_2_Decoder_old_id_3\ * 
              !\JOYSTICK_ADC_XY:AMuxHw_2_Decoder_old_id_2\ * 
              !\JOYSTICK_ADC_XY:AMuxHw_2_Decoder_old_id_1\ * 
              \JOYSTICK_ADC_XY:AMuxHw_2_Decoder_old_id_0\
        );
        Output = \JOYSTICK_ADC_XY:AMuxHw_2_Decoder_one_hot_9\ (fanout=1)
        Properties               : 
        {
        }
}

datapathcell: Name =\RGB_PWM_blue:PWMUDB:sP16:pwmdp:u0\
    PORT MAP (
        clock => Net_2605 ,
        cs_addr_2 => \RGB_PWM_blue:PWMUDB:tc_i\ ,
        cs_addr_1 => \RGB_PWM_blue:PWMUDB:runmode_enable\ ,
        chain_out => \RGB_PWM_blue:PWMUDB:sP16:pwmdp:carry\ );
    Properties:
    {
        a0_init = "00000000"
        a1_init = "00000000"
        ce0_sync = 1
        ce1_sync = 1
        cl0_sync = 1
        cl1_sync = 1
        cmsb_sync = 1
        co_msb_sync = 1
        cy_dpconfig = "0000000001000000000000001100000001000000010000000000000011000000000000001100000000000000110000000000000011000000000000001100000011111111000000001111111111111111101000000000000000000100000000000000000000011000"
        d0_init = "00000000"
        d1_init = "00000000"
        f0_blk_sync = 1
        f0_bus_sync = 1
        f1_blk_sync = 1
        f1_bus_sync = 1
        ff0_sync = 1
        ff1_sync = 1
        ov_msb_sync = 1
        so_sync = 1
        z0_sync = 1
        z1_sync = 1
    }
    Clock Polarity: Active High
    Clock Enable: True
    Next in chain : \RGB_PWM_blue:PWMUDB:sP16:pwmdp:u1\

controlcell: Name =\RGB_PWM_blue:PWMUDB:genblk1:ctrlreg\
    PORT MAP (
        clock => Net_2605 ,
        control_7 => \RGB_PWM_blue:PWMUDB:control_7\ ,
        control_6 => \RGB_PWM_blue:PWMUDB:control_6\ ,
        control_5 => \RGB_PWM_blue:PWMUDB:control_5\ ,
        control_4 => \RGB_PWM_blue:PWMUDB:control_4\ ,
        control_3 => \RGB_PWM_blue:PWMUDB:control_3\ ,
        control_2 => \RGB_PWM_blue:PWMUDB:control_2\ ,
        control_1 => \RGB_PWM_blue:PWMUDB:control_1\ ,
        control_0 => \RGB_PWM_blue:PWMUDB:control_0\ );
    Properties:
    {
        cy_ctrl_mode_0 = "11111111"
        cy_ctrl_mode_1 = "00000000"
        cy_ext_reset = 0
        cy_force_order = 1
        cy_init_value = "00000000"
    }
    Clock Polarity: Active High
    Clock Enable: True

UDB [UDB=(3,4)] contents:
LAB@[UDB=(3,4)][LB=0] #macrocells=2, #inputs=7, #pterms=2
{
    [McSlotId=0]:     MacroCell: Name=\JOYSTICK_ADC_XY:AMuxHw_2_Decoder_one_hot_0\, Mode=(D-Register) @ [UDB=(3,4)][LB=0][MC=0]
        Total # of inputs        : 7
        Total # of product terms : 1
        List of special equations: 
            Clock  = (\JOYSTICK_ADC_XY:clock\) => Global
            Clock Enable: True
        Main Equation            : 1 pterm
        (
              \JOYSTICK_ADC_XY:AMuxHw_2_Decoder_is_active\ * 
              !\JOYSTICK_ADC_XY:AMuxHw_2_Decoder_old_id_5\ * 
              !\JOYSTICK_ADC_XY:AMuxHw_2_Decoder_old_id_4\ * 
              !\JOYSTICK_ADC_XY:AMuxHw_2_Decoder_old_id_3\ * 
              !\JOYSTICK_ADC_XY:AMuxHw_2_Decoder_old_id_2\ * 
              !\JOYSTICK_ADC_XY:AMuxHw_2_Decoder_old_id_1\ * 
              !\JOYSTICK_ADC_XY:AMuxHw_2_Decoder_old_id_0\
        );
        Output = \JOYSTICK_ADC_XY:AMuxHw_2_Decoder_one_hot_0\ (fanout=1)
        Properties               : 
        {
        }

    [McSlotId=1]: (empty)
    [McSlotId=2]: (empty)
    [McSlotId=3]:     MacroCell: Name=\JOYSTICK_ADC_XY:AMuxHw_2_Decoder_one_hot_1\, Mode=(D-Register) @ [UDB=(3,4)][LB=0][MC=3]
        Total # of inputs        : 7
        Total # of product terms : 1
        List of special equations: 
            Clock  = (\JOYSTICK_ADC_XY:clock\) => Global
            Clock Enable: True
        Main Equation            : 1 pterm
        (
              \JOYSTICK_ADC_XY:AMuxHw_2_Decoder_is_active\ * 
              !\JOYSTICK_ADC_XY:AMuxHw_2_Decoder_old_id_5\ * 
              !\JOYSTICK_ADC_XY:AMuxHw_2_Decoder_old_id_4\ * 
              !\JOYSTICK_ADC_XY:AMuxHw_2_Decoder_old_id_3\ * 
              !\JOYSTICK_ADC_XY:AMuxHw_2_Decoder_old_id_2\ * 
              !\JOYSTICK_ADC_XY:AMuxHw_2_Decoder_old_id_1\ * 
              \JOYSTICK_ADC_XY:AMuxHw_2_Decoder_old_id_0\
        );
        Output = \JOYSTICK_ADC_XY:AMuxHw_2_Decoder_one_hot_1\ (fanout=1)
        Properties               : 
        {
        }
}

LAB@[UDB=(3,4)][LB=1] #macrocells=4, #inputs=9, #pterms=4
{
    [McSlotId=0]:     MacroCell: Name=\JOYSTICK_ADC_XY:AMuxHw_2_Decoder_one_hot_48\, Mode=(D-Register) @ [UDB=(3,4)][LB=1][MC=0]
        Total # of inputs        : 7
        Total # of product terms : 1
        List of special equations: 
            Clock  = (\JOYSTICK_ADC_XY:clock\) => Global
            Clock Enable: True
        Main Equation            : 1 pterm
        (
              \JOYSTICK_ADC_XY:AMuxHw_2_Decoder_is_active\ * 
              \JOYSTICK_ADC_XY:AMuxHw_2_Decoder_old_id_5\ * 
              \JOYSTICK_ADC_XY:AMuxHw_2_Decoder_old_id_4\ * 
              !\JOYSTICK_ADC_XY:AMuxHw_2_Decoder_old_id_3\ * 
              !\JOYSTICK_ADC_XY:AMuxHw_2_Decoder_old_id_2\ * 
              !\JOYSTICK_ADC_XY:AMuxHw_2_Decoder_old_id_1\ * 
              !\JOYSTICK_ADC_XY:AMuxHw_2_Decoder_old_id_0\
        );
        Output = \JOYSTICK_ADC_XY:AMuxHw_2_Decoder_one_hot_48\ (fanout=1)
        Properties               : 
        {
        }

    [McSlotId=1]:     MacroCell: Name=\JOYSTICK_ADC_XY:AMuxHw_2_Decoder_one_hot_3\, Mode=(D-Register) @ [UDB=(3,4)][LB=1][MC=1]
        Total # of inputs        : 7
        Total # of product terms : 1
        List of special equations: 
            Clock  = (\JOYSTICK_ADC_XY:clock\) => Global
            Clock Enable: True
        Main Equation            : 1 pterm
        (
              \JOYSTICK_ADC_XY:AMuxHw_2_Decoder_is_active\ * 
              !\JOYSTICK_ADC_XY:AMuxHw_2_Decoder_old_id_5\ * 
              !\JOYSTICK_ADC_XY:AMuxHw_2_Decoder_old_id_4\ * 
              !\JOYSTICK_ADC_XY:AMuxHw_2_Decoder_old_id_3\ * 
              !\JOYSTICK_ADC_XY:AMuxHw_2_Decoder_old_id_2\ * 
              \JOYSTICK_ADC_XY:AMuxHw_2_Decoder_old_id_1\ * 
              \JOYSTICK_ADC_XY:AMuxHw_2_Decoder_old_id_0\
        );
        Output = \JOYSTICK_ADC_XY:AMuxHw_2_Decoder_one_hot_3\ (fanout=1)
        Properties               : 
        {
        }

    [McSlotId=2]:     MacroCell: Name=Net_666, Mode=(Combinatorial) @ [UDB=(3,4)][LB=1][MC=2]
        Total # of inputs        : 2
        Total # of product terms : 1
            Clock Enable: True
        Main Equation            : 1 pterm
        !(
              !Net_664 * !Net_665
        );
        Output = Net_666 (fanout=1)
        Properties               : 
        {
        }

    [McSlotId=3]:     MacroCell: Name=\JOYSTICK_ADC_XY:AMuxHw_2_Decoder_one_hot_34\, Mode=(D-Register) @ [UDB=(3,4)][LB=1][MC=3]
        Total # of inputs        : 7
        Total # of product terms : 1
        List of special equations: 
            Clock  = (\JOYSTICK_ADC_XY:clock\) => Global
            Clock Enable: True
        Main Equation            : 1 pterm
        (
              \JOYSTICK_ADC_XY:AMuxHw_2_Decoder_is_active\ * 
              \JOYSTICK_ADC_XY:AMuxHw_2_Decoder_old_id_5\ * 
              !\JOYSTICK_ADC_XY:AMuxHw_2_Decoder_old_id_4\ * 
              !\JOYSTICK_ADC_XY:AMuxHw_2_Decoder_old_id_3\ * 
              !\JOYSTICK_ADC_XY:AMuxHw_2_Decoder_old_id_2\ * 
              \JOYSTICK_ADC_XY:AMuxHw_2_Decoder_old_id_1\ * 
              !\JOYSTICK_ADC_XY:AMuxHw_2_Decoder_old_id_0\
        );
        Output = \JOYSTICK_ADC_XY:AMuxHw_2_Decoder_one_hot_34\ (fanout=1)
        Properties               : 
        {
        }
}

UDB [UDB=(3,5)] contents:
LAB@[UDB=(3,5)][LB=0] #macrocells=3, #inputs=7, #pterms=3
{
    [McSlotId=0]: (empty)
    [McSlotId=1]:     MacroCell: Name=\JOYSTICK_ADC_XY:AMuxHw_2_Decoder_one_hot_22\, Mode=(D-Register) @ [UDB=(3,5)][LB=0][MC=1]
        Total # of inputs        : 7
        Total # of product terms : 1
        List of special equations: 
            Clock  = (\JOYSTICK_ADC_XY:clock\) => Global
            Clock Enable: True
        Main Equation            : 1 pterm
        (
              \JOYSTICK_ADC_XY:AMuxHw_2_Decoder_is_active\ * 
              !\JOYSTICK_ADC_XY:AMuxHw_2_Decoder_old_id_5\ * 
              \JOYSTICK_ADC_XY:AMuxHw_2_Decoder_old_id_4\ * 
              !\JOYSTICK_ADC_XY:AMuxHw_2_Decoder_old_id_3\ * 
              \JOYSTICK_ADC_XY:AMuxHw_2_Decoder_old_id_2\ * 
              \JOYSTICK_ADC_XY:AMuxHw_2_Decoder_old_id_1\ * 
              !\JOYSTICK_ADC_XY:AMuxHw_2_Decoder_old_id_0\
        );
        Output = \JOYSTICK_ADC_XY:AMuxHw_2_Decoder_one_hot_22\ (fanout=1)
        Properties               : 
        {
        }

    [McSlotId=2]:     MacroCell: Name=\JOYSTICK_ADC_XY:AMuxHw_2_Decoder_one_hot_30\, Mode=(D-Register) @ [UDB=(3,5)][LB=0][MC=2]
        Total # of inputs        : 7
        Total # of product terms : 1
        List of special equations: 
            Clock  = (\JOYSTICK_ADC_XY:clock\) => Global
            Clock Enable: True
        Main Equation            : 1 pterm
        (
              \JOYSTICK_ADC_XY:AMuxHw_2_Decoder_is_active\ * 
              !\JOYSTICK_ADC_XY:AMuxHw_2_Decoder_old_id_5\ * 
              \JOYSTICK_ADC_XY:AMuxHw_2_Decoder_old_id_4\ * 
              \JOYSTICK_ADC_XY:AMuxHw_2_Decoder_old_id_3\ * 
              \JOYSTICK_ADC_XY:AMuxHw_2_Decoder_old_id_2\ * 
              \JOYSTICK_ADC_XY:AMuxHw_2_Decoder_old_id_1\ * 
              !\JOYSTICK_ADC_XY:AMuxHw_2_Decoder_old_id_0\
        );
        Output = \JOYSTICK_ADC_XY:AMuxHw_2_Decoder_one_hot_30\ (fanout=1)
        Properties               : 
        {
        }

    [McSlotId=3]:     MacroCell: Name=\JOYSTICK_ADC_XY:AMuxHw_2_Decoder_one_hot_45\, Mode=(D-Register) @ [UDB=(3,5)][LB=0][MC=3]
        Total # of inputs        : 7
        Total # of product terms : 1
        List of special equations: 
            Clock  = (\JOYSTICK_ADC_XY:clock\) => Global
            Clock Enable: True
        Main Equation            : 1 pterm
        (
              \JOYSTICK_ADC_XY:AMuxHw_2_Decoder_is_active\ * 
              \JOYSTICK_ADC_XY:AMuxHw_2_Decoder_old_id_5\ * 
              !\JOYSTICK_ADC_XY:AMuxHw_2_Decoder_old_id_4\ * 
              \JOYSTICK_ADC_XY:AMuxHw_2_Decoder_old_id_3\ * 
              \JOYSTICK_ADC_XY:AMuxHw_2_Decoder_old_id_2\ * 
              !\JOYSTICK_ADC_XY:AMuxHw_2_Decoder_old_id_1\ * 
              \JOYSTICK_ADC_XY:AMuxHw_2_Decoder_old_id_0\
        );
        Output = \JOYSTICK_ADC_XY:AMuxHw_2_Decoder_one_hot_45\ (fanout=1)
        Properties               : 
        {
        }
}

LAB@[UDB=(3,5)][LB=1] #macrocells=3, #inputs=7, #pterms=3
{
    [McSlotId=0]: (empty)
    [McSlotId=1]:     MacroCell: Name=\JOYSTICK_ADC_XY:AMuxHw_2_Decoder_one_hot_37\, Mode=(D-Register) @ [UDB=(3,5)][LB=1][MC=1]
        Total # of inputs        : 7
        Total # of product terms : 1
        List of special equations: 
            Clock  = (\JOYSTICK_ADC_XY:clock\) => Global
            Clock Enable: True
        Main Equation            : 1 pterm
        (
              \JOYSTICK_ADC_XY:AMuxHw_2_Decoder_is_active\ * 
              \JOYSTICK_ADC_XY:AMuxHw_2_Decoder_old_id_5\ * 
              !\JOYSTICK_ADC_XY:AMuxHw_2_Decoder_old_id_4\ * 
              !\JOYSTICK_ADC_XY:AMuxHw_2_Decoder_old_id_3\ * 
              \JOYSTICK_ADC_XY:AMuxHw_2_Decoder_old_id_2\ * 
              !\JOYSTICK_ADC_XY:AMuxHw_2_Decoder_old_id_1\ * 
              \JOYSTICK_ADC_XY:AMuxHw_2_Decoder_old_id_0\
        );
        Output = \JOYSTICK_ADC_XY:AMuxHw_2_Decoder_one_hot_37\ (fanout=1)
        Properties               : 
        {
        }

    [McSlotId=2]:     MacroCell: Name=\JOYSTICK_ADC_XY:AMuxHw_2_Decoder_one_hot_21\, Mode=(D-Register) @ [UDB=(3,5)][LB=1][MC=2]
        Total # of inputs        : 7
        Total # of product terms : 1
        List of special equations: 
            Clock  = (\JOYSTICK_ADC_XY:clock\) => Global
            Clock Enable: True
        Main Equation            : 1 pterm
        (
              \JOYSTICK_ADC_XY:AMuxHw_2_Decoder_is_active\ * 
              !\JOYSTICK_ADC_XY:AMuxHw_2_Decoder_old_id_5\ * 
              \JOYSTICK_ADC_XY:AMuxHw_2_Decoder_old_id_4\ * 
              !\JOYSTICK_ADC_XY:AMuxHw_2_Decoder_old_id_3\ * 
              \JOYSTICK_ADC_XY:AMuxHw_2_Decoder_old_id_2\ * 
              !\JOYSTICK_ADC_XY:AMuxHw_2_Decoder_old_id_1\ * 
              \JOYSTICK_ADC_XY:AMuxHw_2_Decoder_old_id_0\
        );
        Output = \JOYSTICK_ADC_XY:AMuxHw_2_Decoder_one_hot_21\ (fanout=1)
        Properties               : 
        {
        }

    [McSlotId=3]:     MacroCell: Name=\JOYSTICK_ADC_XY:AMuxHw_2_Decoder_one_hot_58\, Mode=(D-Register) @ [UDB=(3,5)][LB=1][MC=3]
        Total # of inputs        : 7
        Total # of product terms : 1
        List of special equations: 
            Clock  = (\JOYSTICK_ADC_XY:clock\) => Global
            Clock Enable: True
        Main Equation            : 1 pterm
        (
              \JOYSTICK_ADC_XY:AMuxHw_2_Decoder_is_active\ * 
              \JOYSTICK_ADC_XY:AMuxHw_2_Decoder_old_id_5\ * 
              \JOYSTICK_ADC_XY:AMuxHw_2_Decoder_old_id_4\ * 
              \JOYSTICK_ADC_XY:AMuxHw_2_Decoder_old_id_3\ * 
              !\JOYSTICK_ADC_XY:AMuxHw_2_Decoder_old_id_2\ * 
              \JOYSTICK_ADC_XY:AMuxHw_2_Decoder_old_id_1\ * 
              !\JOYSTICK_ADC_XY:AMuxHw_2_Decoder_old_id_0\
        );
        Output = \JOYSTICK_ADC_XY:AMuxHw_2_Decoder_one_hot_58\ (fanout=1)
        Properties               : 
        {
        }
}

Intr container @ [IntrContainer=(0)]: 
  Intr@ [IntrContainer=(0)][IntrId=(0)] 
    interrupt: Name =\JOYSTICK_ADC_XY:IRQ\
        PORT MAP (
            interrupt => Net_1994 );
        Properties:
        {
            int_type = "10"
            is_nmi = 0
        }
  Intr@ [IntrContainer=(0)][IntrId=(1)] 
    interrupt: Name =\USBUART:ep_1\
        PORT MAP (
            interrupt => \USBUART:ep_int_1\ );
        Properties:
        {
            int_type = "10"
            is_nmi = 0
        }
  Intr@ [IntrContainer=(0)][IntrId=(2)] 
    interrupt: Name =\USBUART:ep_2\
        PORT MAP (
            interrupt => \USBUART:ep_int_2\ );
        Properties:
        {
            int_type = "10"
            is_nmi = 0
        }
  Intr@ [IntrContainer=(0)][IntrId=(3)] 
    interrupt: Name =\USBUART:ep_3\
        PORT MAP (
            interrupt => \USBUART:ep_int_3\ );
        Properties:
        {
            int_type = "10"
            is_nmi = 0
        }
  Intr@ [IntrContainer=(0)][IntrId=(4)] 
    interrupt: Name =isr_Button
        PORT MAP (
            interrupt => Net_666 );
        Properties:
        {
            int_type = "00"
            is_nmi = 0
        }
  Intr@ [IntrContainer=(0)][IntrId=(5)] 
    interrupt: Name =isr_Button_Joystick
        PORT MAP (
            interrupt => Net_1897 );
        Properties:
        {
            int_type = "00"
            is_nmi = 0
        }
  Intr@ [IntrContainer=(0)][IntrId=(12)] 
    interrupt: Name =\USBUART:dp_int\
        PORT MAP (
            interrupt => \USBUART:Net_1010\ );
        Properties:
        {
            int_type = "10"
            is_nmi = 0
        }
  Intr@ [IntrContainer=(0)][IntrId=(21)] 
    interrupt: Name =\USBUART:sof_int\
        PORT MAP (
            interrupt => Net_1894 );
        Properties:
        {
            int_type = "10"
            is_nmi = 0
        }
  Intr@ [IntrContainer=(0)][IntrId=(22)] 
    interrupt: Name =\USBUART:arb_int\
        PORT MAP (
            interrupt => \USBUART:Net_1889\ );
        Properties:
        {
            int_type = "10"
            is_nmi = 0
        }
  Intr@ [IntrContainer=(0)][IntrId=(23)] 
    interrupt: Name =\USBUART:bus_reset\
        PORT MAP (
            interrupt => \USBUART:Net_1876\ );
        Properties:
        {
            int_type = "10"
            is_nmi = 0
        }
  Intr@ [IntrContainer=(0)][IntrId=(24)] 
    interrupt: Name =\USBUART:ep_0\
        PORT MAP (
            interrupt => \USBUART:ep_int_0\ );
        Properties:
        {
            int_type = "10"
            is_nmi = 0
        }
Drq container @ [DrqContainer=(0)]: 
  Dma@ [DrqContainer=(0)][DrqId=(0)] 
    drqcell: Name =\JOYSTICK_ADC_XY:FinalBuf\
        PORT MAP (
            dmareq => \JOYSTICK_ADC_XY:Net_3698\ ,
            termin => zero ,
            termout => \JOYSTICK_ADC_XY:nrq\ );
        Properties:
        {
            drq_type = "00"
            num_tds = 0
        }
  Dma@ [DrqContainer=(0)][DrqId=(1)] 
    drqcell: Name =\JOYSTICK_ADC_XY:TempBuf\
        PORT MAP (
            dmareq => \JOYSTICK_ADC_XY:Net_3830\ ,
            termin => zero ,
            termout => \JOYSTICK_ADC_XY:Net_3698\ );
        Properties:
        {
            drq_type = "00"
            num_tds = 0
        }
Port 0 contains the following IO cells:
[IoId=0]: 
Pin : Name = JOYSTICK_X(0)
    Attributes:
        In Group/Port: True
        In Sync Option: AUTO
        Out Sync Option: AUTO
        Interrupt generated: False
        Interrupt mode: NONE
        Drive mode: HI_Z_ANALOG
        VTrip: EITHER
        Slew: FAST
        Input Sync needed: False
        Output Sync needed: False
        SC shield enabled: False
        POR State: ANY
        LCD Mode: COMMON
        Register Mode: RegComb
        CaSense Mode: NEITHER
        Treat as pin: True
        Is OE Registered: False
        Uses Analog: True
        Can contain Digital: False
        Is SIO: False
        SIO Output Buf: NONREGULATED
        SIO Input Buf: SINGLE_ENDED
        SIO HiFreq: LOW
        SIO Hyst: DISABLED
        SIO Vtrip: MULTIPLIER_0_5
        SIO Multiplier Index: 0
        SIO RefSel: VCC_IO
        Required Capabilities: ANALOG
        Initial Value: 0
        IO Voltage: 0
    PORT MAP (
        pa_out => JOYSTICK_X(0)__PA ,
        analog_term => Net_646 ,
        pad => JOYSTICK_X(0)_PAD ,
        pin_input => \JOYSTICK_ADC_XY:AMuxHw_2_Decoder_one_hot_0\ );
    Properties:
    {
    }

[IoId=1]: 
Pin : Name = JOYSTICK_Y(0)
    Attributes:
        In Group/Port: True
        In Sync Option: AUTO
        Out Sync Option: AUTO
        Interrupt generated: False
        Interrupt mode: NONE
        Drive mode: HI_Z_ANALOG
        VTrip: EITHER
        Slew: FAST
        Input Sync needed: False
        Output Sync needed: False
        SC shield enabled: False
        POR State: ANY
        LCD Mode: COMMON
        Register Mode: RegComb
        CaSense Mode: NEITHER
        Treat as pin: True
        Is OE Registered: False
        Uses Analog: True
        Can contain Digital: False
        Is SIO: False
        SIO Output Buf: NONREGULATED
        SIO Input Buf: SINGLE_ENDED
        SIO HiFreq: LOW
        SIO Hyst: DISABLED
        SIO Vtrip: MULTIPLIER_0_5
        SIO Multiplier Index: 0
        SIO RefSel: VCC_IO
        Required Capabilities: ANALOG
        Initial Value: 0
        IO Voltage: 0
    PORT MAP (
        pa_out => JOYSTICK_Y(0)__PA ,
        analog_term => Net_1408 ,
        pad => JOYSTICK_Y(0)_PAD ,
        pin_input => \JOYSTICK_ADC_XY:AMuxHw_2_Decoder_one_hot_1\ );
    Properties:
    {
    }

[IoId=2]: 
Pin : Name = BUTTON_JOYSTICK(0)
    Attributes:
        In Group/Port: True
        In Sync Option: NOSYNC
        Out Sync Option: AUTO
        Interrupt generated: False
        Interrupt mode: NONE
        Drive mode: HI_Z_DIGITAL
        VTrip: CMOS
        Slew: FAST
        Input Sync needed: False
        Output Sync needed: False
        SC shield enabled: False
        POR State: ANY
        LCD Mode: COMMON
        Register Mode: RegComb
        CaSense Mode: NEITHER
        Treat as pin: True
        Is OE Registered: False
        Uses Analog: False
        Can contain Digital: True
        Is SIO: False
        SIO Output Buf: NONREGULATED
        SIO Input Buf: SINGLE_ENDED
        SIO HiFreq: LOW
        SIO Hyst: DISABLED
        SIO Vtrip: MULTIPLIER_0_5
        SIO Multiplier Index: 0
        SIO RefSel: VCC_IO
        Required Capabilities: DIGITAL, ROUTABLE
        Initial Value: 0
        IO Voltage: 0
    PORT MAP (
        pa_out => BUTTON_JOYSTICK(0)__PA ,
        fb => Net_1897 ,
        pad => BUTTON_JOYSTICK(0)_PAD );
    Properties:
    {
    }

[IoId=3]: 
Pin : Name = BUTTON_1(0)
    Attributes:
        In Group/Port: True
        In Sync Option: NOSYNC
        Out Sync Option: AUTO
        Interrupt generated: False
        Interrupt mode: NONE
        Drive mode: HI_Z_DIGITAL
        VTrip: CMOS
        Slew: FAST
        Input Sync needed: False
        Output Sync needed: False
        SC shield enabled: False
        POR State: ANY
        LCD Mode: COMMON
        Register Mode: RegComb
        CaSense Mode: NEITHER
        Treat as pin: True
        Is OE Registered: False
        Uses Analog: False
        Can contain Digital: True
        Is SIO: False
        SIO Output Buf: NONREGULATED
        SIO Input Buf: SINGLE_ENDED
        SIO HiFreq: LOW
        SIO Hyst: DISABLED
        SIO Vtrip: MULTIPLIER_0_5
        SIO Multiplier Index: 0
        SIO RefSel: VCC_IO
        Required Capabilities: DIGITAL, ROUTABLE
        Initial Value: 0
        IO Voltage: 0
    PORT MAP (
        pa_out => BUTTON_1(0)__PA ,
        fb => Net_664 ,
        pad => BUTTON_1(0)_PAD );
    Properties:
    {
    }

[IoId=4]: 
Pin : Name = BUTTON_2(0)
    Attributes:
        In Group/Port: True
        In Sync Option: NOSYNC
        Out Sync Option: AUTO
        Interrupt generated: False
        Interrupt mode: NONE
        Drive mode: HI_Z_DIGITAL
        VTrip: CMOS
        Slew: FAST
        Input Sync needed: False
        Output Sync needed: False
        SC shield enabled: False
        POR State: ANY
        LCD Mode: COMMON
        Register Mode: RegComb
        CaSense Mode: NEITHER
        Treat as pin: True
        Is OE Registered: False
        Uses Analog: False
        Can contain Digital: True
        Is SIO: False
        SIO Output Buf: NONREGULATED
        SIO Input Buf: SINGLE_ENDED
        SIO HiFreq: LOW
        SIO Hyst: DISABLED
        SIO Vtrip: MULTIPLIER_0_5
        SIO Multiplier Index: 0
        SIO RefSel: VCC_IO
        Required Capabilities: DIGITAL, ROUTABLE
        Initial Value: 0
        IO Voltage: 0
    PORT MAP (
        pa_out => BUTTON_2(0)__PA ,
        fb => Net_665 ,
        pad => BUTTON_2(0)_PAD );
    Properties:
    {
    }

[IoId=6]: 
Pin : Name = LED_red(0)
    Attributes:
        In Group/Port: True
        In Sync Option: AUTO
        Out Sync Option: NOSYNC
        Interrupt generated: False
        Interrupt mode: NONE
        Drive mode: CMOS_OUT
        VTrip: EITHER
        Slew: FAST
        Input Sync needed: False
        Output Sync needed: False
        SC shield enabled: False
        POR State: ANY
        LCD Mode: COMMON
        Register Mode: RegComb
        CaSense Mode: NEITHER
        Treat as pin: True
        Is OE Registered: False
        Uses Analog: False
        Can contain Digital: True
        Is SIO: False
        SIO Output Buf: NONREGULATED
        SIO Input Buf: SINGLE_ENDED
        SIO HiFreq: LOW
        SIO Hyst: DISABLED
        SIO Vtrip: MULTIPLIER_0_5
        SIO Multiplier Index: 0
        SIO RefSel: VCC_IO
        Required Capabilities: DIGITAL
        Initial Value: 0
        IO Voltage: 0
    PORT MAP (
        pa_out => LED_red(0)__PA ,
        pad => LED_red(0)_PAD );
    Properties:
    {
    }

[IoId=7]: 
Pin : Name = LED_green(0)
    Attributes:
        In Group/Port: True
        In Sync Option: AUTO
        Out Sync Option: NOSYNC
        Interrupt generated: False
        Interrupt mode: NONE
        Drive mode: CMOS_OUT
        VTrip: EITHER
        Slew: FAST
        Input Sync needed: False
        Output Sync needed: False
        SC shield enabled: False
        POR State: ANY
        LCD Mode: COMMON
        Register Mode: RegComb
        CaSense Mode: NEITHER
        Treat as pin: True
        Is OE Registered: False
        Uses Analog: False
        Can contain Digital: True
        Is SIO: False
        SIO Output Buf: NONREGULATED
        SIO Input Buf: SINGLE_ENDED
        SIO HiFreq: LOW
        SIO Hyst: DISABLED
        SIO Vtrip: MULTIPLIER_0_5
        SIO Multiplier Index: 0
        SIO RefSel: VCC_IO
        Required Capabilities: DIGITAL
        Initial Value: 0
        IO Voltage: 0
    PORT MAP (
        pa_out => LED_green(0)__PA ,
        pad => LED_green(0)_PAD );
    Properties:
    {
    }

Port 1 contains the following IO cells:
[IoId=0]: 
Pin : Name = SEVEN_DP(0)
    Attributes:
        In Group/Port: True
        In Sync Option: AUTO
        Out Sync Option: NOSYNC
        Interrupt generated: False
        Interrupt mode: NONE
        Drive mode: CMOS_OUT
        VTrip: EITHER
        Slew: FAST
        Input Sync needed: False
        Output Sync needed: False
        SC shield enabled: False
        POR State: ANY
        LCD Mode: COMMON
        Register Mode: RegComb
        CaSense Mode: NEITHER
        Treat as pin: True
        Is OE Registered: False
        Uses Analog: False
        Can contain Digital: True
        Is SIO: False
        SIO Output Buf: NONREGULATED
        SIO Input Buf: SINGLE_ENDED
        SIO HiFreq: LOW
        SIO Hyst: DISABLED
        SIO Vtrip: MULTIPLIER_0_5
        SIO Multiplier Index: 0
        SIO RefSel: VCC_IO
        Required Capabilities: DIGITAL, ROUTABLE
        Initial Value: 0
        IO Voltage: 0
    PORT MAP (
        pa_out => SEVEN_DP(0)__PA ,
        pin_input => Net_1836 ,
        pad => SEVEN_DP(0)_PAD );
    Properties:
    {
    }

[IoId=1]: 
Pin : Name = SEVEN_G(0)
    Attributes:
        In Group/Port: True
        In Sync Option: AUTO
        Out Sync Option: NOSYNC
        Interrupt generated: False
        Interrupt mode: NONE
        Drive mode: CMOS_OUT
        VTrip: EITHER
        Slew: FAST
        Input Sync needed: False
        Output Sync needed: False
        SC shield enabled: False
        POR State: ANY
        LCD Mode: COMMON
        Register Mode: RegComb
        CaSense Mode: NEITHER
        Treat as pin: True
        Is OE Registered: False
        Uses Analog: False
        Can contain Digital: True
        Is SIO: False
        SIO Output Buf: NONREGULATED
        SIO Input Buf: SINGLE_ENDED
        SIO HiFreq: LOW
        SIO Hyst: DISABLED
        SIO Vtrip: MULTIPLIER_0_5
        SIO Multiplier Index: 0
        SIO RefSel: VCC_IO
        Required Capabilities: DIGITAL, ROUTABLE
        Initial Value: 0
        IO Voltage: 0
    PORT MAP (
        pa_out => SEVEN_G(0)__PA ,
        pin_input => Net_1834 ,
        pad => SEVEN_G(0)_PAD );
    Properties:
    {
    }

[IoId=2]: 
Pin : Name = SEVEN_F(0)
    Attributes:
        In Group/Port: True
        In Sync Option: AUTO
        Out Sync Option: NOSYNC
        Interrupt generated: False
        Interrupt mode: NONE
        Drive mode: CMOS_OUT
        VTrip: EITHER
        Slew: FAST
        Input Sync needed: False
        Output Sync needed: False
        SC shield enabled: False
        POR State: ANY
        LCD Mode: COMMON
        Register Mode: RegComb
        CaSense Mode: NEITHER
        Treat as pin: True
        Is OE Registered: False
        Uses Analog: False
        Can contain Digital: True
        Is SIO: False
        SIO Output Buf: NONREGULATED
        SIO Input Buf: SINGLE_ENDED
        SIO HiFreq: LOW
        SIO Hyst: DISABLED
        SIO Vtrip: MULTIPLIER_0_5
        SIO Multiplier Index: 0
        SIO RefSel: VCC_IO
        Required Capabilities: DIGITAL, ROUTABLE
        Initial Value: 0
        IO Voltage: 0
    PORT MAP (
        pa_out => SEVEN_F(0)__PA ,
        pin_input => Net_1832 ,
        pad => SEVEN_F(0)_PAD );
    Properties:
    {
    }

[IoId=3]: 
Pin : Name = SEVEN_E(0)
    Attributes:
        In Group/Port: True
        In Sync Option: AUTO
        Out Sync Option: NOSYNC
        Interrupt generated: False
        Interrupt mode: NONE
        Drive mode: CMOS_OUT
        VTrip: EITHER
        Slew: FAST
        Input Sync needed: False
        Output Sync needed: False
        SC shield enabled: False
        POR State: ANY
        LCD Mode: COMMON
        Register Mode: RegComb
        CaSense Mode: NEITHER
        Treat as pin: True
        Is OE Registered: False
        Uses Analog: False
        Can contain Digital: True
        Is SIO: False
        SIO Output Buf: NONREGULATED
        SIO Input Buf: SINGLE_ENDED
        SIO HiFreq: LOW
        SIO Hyst: DISABLED
        SIO Vtrip: MULTIPLIER_0_5
        SIO Multiplier Index: 0
        SIO RefSel: VCC_IO
        Required Capabilities: DIGITAL, ROUTABLE
        Initial Value: 0
        IO Voltage: 0
    PORT MAP (
        pa_out => SEVEN_E(0)__PA ,
        pin_input => Net_1830 ,
        pad => SEVEN_E(0)_PAD );
    Properties:
    {
    }

[IoId=4]: 
Pin : Name = SEVEN_D(0)
    Attributes:
        In Group/Port: True
        In Sync Option: AUTO
        Out Sync Option: NOSYNC
        Interrupt generated: False
        Interrupt mode: NONE
        Drive mode: CMOS_OUT
        VTrip: EITHER
        Slew: FAST
        Input Sync needed: False
        Output Sync needed: False
        SC shield enabled: False
        POR State: ANY
        LCD Mode: COMMON
        Register Mode: RegComb
        CaSense Mode: NEITHER
        Treat as pin: True
        Is OE Registered: False
        Uses Analog: False
        Can contain Digital: True
        Is SIO: False
        SIO Output Buf: NONREGULATED
        SIO Input Buf: SINGLE_ENDED
        SIO HiFreq: LOW
        SIO Hyst: DISABLED
        SIO Vtrip: MULTIPLIER_0_5
        SIO Multiplier Index: 0
        SIO RefSel: VCC_IO
        Required Capabilities: DIGITAL, ROUTABLE
        Initial Value: 0
        IO Voltage: 0
    PORT MAP (
        pa_out => SEVEN_D(0)__PA ,
        pin_input => Net_1828 ,
        pad => SEVEN_D(0)_PAD );
    Properties:
    {
    }

[IoId=5]: 
Pin : Name = SEVEN_C(0)
    Attributes:
        In Group/Port: True
        In Sync Option: AUTO
        Out Sync Option: NOSYNC
        Interrupt generated: False
        Interrupt mode: NONE
        Drive mode: CMOS_OUT
        VTrip: EITHER
        Slew: FAST
        Input Sync needed: False
        Output Sync needed: False
        SC shield enabled: False
        POR State: ANY
        LCD Mode: COMMON
        Register Mode: RegComb
        CaSense Mode: NEITHER
        Treat as pin: True
        Is OE Registered: False
        Uses Analog: False
        Can contain Digital: True
        Is SIO: False
        SIO Output Buf: NONREGULATED
        SIO Input Buf: SINGLE_ENDED
        SIO HiFreq: LOW
        SIO Hyst: DISABLED
        SIO Vtrip: MULTIPLIER_0_5
        SIO Multiplier Index: 0
        SIO RefSel: VCC_IO
        Required Capabilities: DIGITAL, ROUTABLE
        Initial Value: 0
        IO Voltage: 0
    PORT MAP (
        pa_out => SEVEN_C(0)__PA ,
        pin_input => Net_1826 ,
        pad => SEVEN_C(0)_PAD );
    Properties:
    {
    }

[IoId=6]: 
Pin : Name = SEVEN_B(0)
    Attributes:
        In Group/Port: True
        In Sync Option: AUTO
        Out Sync Option: NOSYNC
        Interrupt generated: False
        Interrupt mode: NONE
        Drive mode: CMOS_OUT
        VTrip: EITHER
        Slew: FAST
        Input Sync needed: False
        Output Sync needed: False
        SC shield enabled: False
        POR State: ANY
        LCD Mode: COMMON
        Register Mode: RegComb
        CaSense Mode: NEITHER
        Treat as pin: True
        Is OE Registered: False
        Uses Analog: False
        Can contain Digital: True
        Is SIO: False
        SIO Output Buf: NONREGULATED
        SIO Input Buf: SINGLE_ENDED
        SIO HiFreq: LOW
        SIO Hyst: DISABLED
        SIO Vtrip: MULTIPLIER_0_5
        SIO Multiplier Index: 0
        SIO RefSel: VCC_IO
        Required Capabilities: DIGITAL, ROUTABLE
        Initial Value: 0
        IO Voltage: 0
    PORT MAP (
        pa_out => SEVEN_B(0)__PA ,
        pin_input => Net_1824 ,
        pad => SEVEN_B(0)_PAD );
    Properties:
    {
    }

[IoId=7]: 
Pin : Name = SEVEN_A(0)
    Attributes:
        In Group/Port: True
        In Sync Option: AUTO
        Out Sync Option: NOSYNC
        Interrupt generated: False
        Interrupt mode: NONE
        Drive mode: CMOS_OUT
        VTrip: EITHER
        Slew: FAST
        Input Sync needed: False
        Output Sync needed: False
        SC shield enabled: False
        POR State: ANY
        LCD Mode: COMMON
        Register Mode: RegComb
        CaSense Mode: NEITHER
        Treat as pin: True
        Is OE Registered: False
        Uses Analog: False
        Can contain Digital: True
        Is SIO: False
        SIO Output Buf: NONREGULATED
        SIO Input Buf: SINGLE_ENDED
        SIO HiFreq: LOW
        SIO Hyst: DISABLED
        SIO Vtrip: MULTIPLIER_0_5
        SIO Multiplier Index: 0
        SIO RefSel: VCC_IO
        Required Capabilities: DIGITAL, ROUTABLE
        Initial Value: 0
        IO Voltage: 0
    PORT MAP (
        pa_out => SEVEN_A(0)__PA ,
        pin_input => Net_1822 ,
        pad => SEVEN_A(0)_PAD );
    Properties:
    {
    }

Port 2 contains the following IO cells:
[IoId=0]: 
Pin : Name = LED_yellow(0)
    Attributes:
        In Group/Port: True
        In Sync Option: AUTO
        Out Sync Option: NOSYNC
        Interrupt generated: False
        Interrupt mode: NONE
        Drive mode: CMOS_OUT
        VTrip: EITHER
        Slew: FAST
        Input Sync needed: False
        Output Sync needed: False
        SC shield enabled: False
        POR State: ANY
        LCD Mode: COMMON
        Register Mode: RegComb
        CaSense Mode: NEITHER
        Treat as pin: True
        Is OE Registered: False
        Uses Analog: False
        Can contain Digital: True
        Is SIO: False
        SIO Output Buf: NONREGULATED
        SIO Input Buf: SINGLE_ENDED
        SIO HiFreq: LOW
        SIO Hyst: DISABLED
        SIO Vtrip: MULTIPLIER_0_5
        SIO Multiplier Index: 0
        SIO RefSel: VCC_IO
        Required Capabilities: DIGITAL
        Initial Value: 0
        IO Voltage: 0
    PORT MAP (
        pa_out => LED_yellow(0)__PA ,
        pad => LED_yellow(0)_PAD );
    Properties:
    {
    }

[IoId=3]: 
Pin : Name = RGB_B(0)
    Attributes:
        In Group/Port: True
        In Sync Option: AUTO
        Out Sync Option: NOSYNC
        Interrupt generated: False
        Interrupt mode: NONE
        Drive mode: CMOS_OUT
        VTrip: EITHER
        Slew: FAST
        Input Sync needed: False
        Output Sync needed: False
        SC shield enabled: False
        POR State: ANY
        LCD Mode: COMMON
        Register Mode: RegComb
        CaSense Mode: NEITHER
        Treat as pin: True
        Is OE Registered: False
        Uses Analog: False
        Can contain Digital: True
        Is SIO: False
        SIO Output Buf: NONREGULATED
        SIO Input Buf: SINGLE_ENDED
        SIO HiFreq: LOW
        SIO Hyst: DISABLED
        SIO Vtrip: MULTIPLIER_0_5
        SIO Multiplier Index: 0
        SIO RefSel: VCC_IO
        Required Capabilities: DIGITAL, ROUTABLE
        Initial Value: 0
        IO Voltage: 0
    PORT MAP (
        pa_out => RGB_B(0)__PA ,
        pin_input => Net_429 ,
        pad => RGB_B(0)_PAD );
    Properties:
    {
    }

[IoId=4]: 
Pin : Name = RGB_G(0)
    Attributes:
        In Group/Port: True
        In Sync Option: AUTO
        Out Sync Option: NOSYNC
        Interrupt generated: False
        Interrupt mode: NONE
        Drive mode: CMOS_OUT
        VTrip: EITHER
        Slew: FAST
        Input Sync needed: False
        Output Sync needed: False
        SC shield enabled: False
        POR State: ANY
        LCD Mode: COMMON
        Register Mode: RegComb
        CaSense Mode: NEITHER
        Treat as pin: True
        Is OE Registered: False
        Uses Analog: False
        Can contain Digital: True
        Is SIO: False
        SIO Output Buf: NONREGULATED
        SIO Input Buf: SINGLE_ENDED
        SIO HiFreq: LOW
        SIO Hyst: DISABLED
        SIO Vtrip: MULTIPLIER_0_5
        SIO Multiplier Index: 0
        SIO RefSel: VCC_IO
        Required Capabilities: DIGITAL, ROUTABLE
        Initial Value: 0
        IO Voltage: 0
    PORT MAP (
        pa_out => RGB_G(0)__PA ,
        pin_input => Net_481 ,
        pad => RGB_G(0)_PAD );
    Properties:
    {
    }

[IoId=5]: 
Pin : Name = RGB_R(0)
    Attributes:
        In Group/Port: True
        In Sync Option: AUTO
        Out Sync Option: NOSYNC
        Interrupt generated: False
        Interrupt mode: NONE
        Drive mode: CMOS_OUT
        VTrip: EITHER
        Slew: FAST
        Input Sync needed: False
        Output Sync needed: False
        SC shield enabled: False
        POR State: ANY
        LCD Mode: COMMON
        Register Mode: RegComb
        CaSense Mode: NEITHER
        Treat as pin: True
        Is OE Registered: False
        Uses Analog: False
        Can contain Digital: True
        Is SIO: False
        SIO Output Buf: NONREGULATED
        SIO Input Buf: SINGLE_ENDED
        SIO HiFreq: LOW
        SIO Hyst: DISABLED
        SIO Vtrip: MULTIPLIER_0_5
        SIO Multiplier Index: 0
        SIO RefSel: VCC_IO
        Required Capabilities: DIGITAL, ROUTABLE
        Initial Value: 0
        IO Voltage: 0
    PORT MAP (
        pa_out => RGB_R(0)__PA ,
        pin_input => Net_403 ,
        pad => RGB_R(0)_PAD );
    Properties:
    {
    }

Port 3 contains the following IO cells:
[IoId=3]: 
Pin : Name = TFT_CS(0)
    Attributes:
        In Group/Port: True
        In Sync Option: AUTO
        Out Sync Option: NOSYNC
        Interrupt generated: False
        Interrupt mode: NONE
        Drive mode: CMOS_OUT
        VTrip: EITHER
        Slew: FAST
        Input Sync needed: False
        Output Sync needed: False
        SC shield enabled: False
        POR State: ANY
        LCD Mode: COMMON
        Register Mode: RegComb
        CaSense Mode: NEITHER
        Treat as pin: True
        Is OE Registered: False
        Uses Analog: False
        Can contain Digital: True
        Is SIO: False
        SIO Output Buf: NONREGULATED
        SIO Input Buf: SINGLE_ENDED
        SIO HiFreq: LOW
        SIO Hyst: DISABLED
        SIO Vtrip: MULTIPLIER_0_5
        SIO Multiplier Index: 0
        SIO RefSel: VCC_IO
        Required Capabilities: DIGITAL
        Initial Value: 0
        IO Voltage: 0
    PORT MAP (
        pa_out => TFT_CS(0)__PA ,
        pad => TFT_CS(0)_PAD );
    Properties:
    {
    }

[IoId=4]: 
Pin : Name = TFT_RES(0)
    Attributes:
        In Group/Port: True
        In Sync Option: AUTO
        Out Sync Option: NOSYNC
        Interrupt generated: False
        Interrupt mode: NONE
        Drive mode: CMOS_OUT
        VTrip: EITHER
        Slew: FAST
        Input Sync needed: False
        Output Sync needed: False
        SC shield enabled: False
        POR State: ANY
        LCD Mode: COMMON
        Register Mode: RegComb
        CaSense Mode: NEITHER
        Treat as pin: True
        Is OE Registered: False
        Uses Analog: False
        Can contain Digital: True
        Is SIO: False
        SIO Output Buf: NONREGULATED
        SIO Input Buf: SINGLE_ENDED
        SIO HiFreq: LOW
        SIO Hyst: DISABLED
        SIO Vtrip: MULTIPLIER_0_5
        SIO Multiplier Index: 0
        SIO RefSel: VCC_IO
        Required Capabilities: DIGITAL
        Initial Value: 0
        IO Voltage: 0
    PORT MAP (
        pa_out => TFT_RES(0)__PA ,
        pad => TFT_RES(0)_PAD );
    Properties:
    {
    }

[IoId=5]: 
Pin : Name = SEVEN_SELECT(0)
    Attributes:
        In Group/Port: True
        In Sync Option: AUTO
        Out Sync Option: NOSYNC
        Interrupt generated: False
        Interrupt mode: NONE
        Drive mode: CMOS_OUT
        VTrip: EITHER
        Slew: FAST
        Input Sync needed: False
        Output Sync needed: False
        SC shield enabled: False
        POR State: ANY
        LCD Mode: COMMON
        Register Mode: RegComb
        CaSense Mode: NEITHER
        Treat as pin: True
        Is OE Registered: False
        Uses Analog: False
        Can contain Digital: True
        Is SIO: False
        SIO Output Buf: NONREGULATED
        SIO Input Buf: SINGLE_ENDED
        SIO HiFreq: LOW
        SIO Hyst: DISABLED
        SIO Vtrip: MULTIPLIER_0_5
        SIO Multiplier Index: 0
        SIO RefSel: VCC_IO
        Required Capabilities: DIGITAL
        Initial Value: 0
        IO Voltage: 0
    PORT MAP (
        pa_out => SEVEN_SELECT(0)__PA ,
        pad => SEVEN_SELECT(0)_PAD );
    Properties:
    {
    }

Port 12 contains the following IO cells:
[IoId=2]: 
Pin : Name = TFT_LED(0)
    Attributes:
        In Group/Port: True
        In Sync Option: AUTO
        Out Sync Option: NOSYNC
        Interrupt generated: False
        Interrupt mode: NONE
        Drive mode: CMOS_OUT
        VTrip: EITHER
        Slew: FAST
        Input Sync needed: False
        Output Sync needed: False
        SC shield enabled: False
        POR State: ANY
        LCD Mode: COMMON
        Register Mode: RegComb
        CaSense Mode: NEITHER
        Treat as pin: True
        Is OE Registered: False
        Uses Analog: False
        Can contain Digital: True
        Is SIO: False
        SIO Output Buf: NONREGULATED
        SIO Input Buf: SINGLE_ENDED
        SIO HiFreq: LOW
        SIO Hyst: DISABLED
        SIO Vtrip: MULTIPLIER_0_5
        SIO Multiplier Index: 0
        SIO RefSel: VCC_IO
        Required Capabilities: DIGITAL, ROUTABLE
        Initial Value: 0
        IO Voltage: 0
    PORT MAP (
        pa_out => TFT_LED(0)__PA ,
        pin_input => wTFT_LED ,
        pad => TFT_LED(0)_PAD );
    Properties:
    {
    }

[IoId=3]: 
Pin : Name = TFT_DC(0)
    Attributes:
        In Group/Port: True
        In Sync Option: AUTO
        Out Sync Option: NOSYNC
        Interrupt generated: False
        Interrupt mode: NONE
        Drive mode: CMOS_OUT
        VTrip: EITHER
        Slew: FAST
        Input Sync needed: False
        Output Sync needed: False
        SC shield enabled: False
        POR State: ANY
        LCD Mode: COMMON
        Register Mode: RegComb
        CaSense Mode: NEITHER
        Treat as pin: True
        Is OE Registered: False
        Uses Analog: False
        Can contain Digital: True
        Is SIO: False
        SIO Output Buf: NONREGULATED
        SIO Input Buf: SINGLE_ENDED
        SIO HiFreq: LOW
        SIO Hyst: DISABLED
        SIO Vtrip: MULTIPLIER_0_5
        SIO Multiplier Index: 0
        SIO RefSel: VCC_IO
        Required Capabilities: DIGITAL
        Initial Value: 0
        IO Voltage: 0
    PORT MAP (
        pa_out => TFT_DC(0)__PA ,
        pad => TFT_DC(0)_PAD );
    Properties:
    {
    }

[IoId=4]: 
Pin : Name = TFT_SCL(0)
    Attributes:
        In Group/Port: True
        In Sync Option: AUTO
        Out Sync Option: NOSYNC
        Interrupt generated: False
        Interrupt mode: NONE
        Drive mode: CMOS_OUT
        VTrip: EITHER
        Slew: FAST
        Input Sync needed: False
        Output Sync needed: False
        SC shield enabled: False
        POR State: ANY
        LCD Mode: COMMON
        Register Mode: RegComb
        CaSense Mode: NEITHER
        Treat as pin: True
        Is OE Registered: False
        Uses Analog: False
        Can contain Digital: True
        Is SIO: False
        SIO Output Buf: NONREGULATED
        SIO Input Buf: SINGLE_ENDED
        SIO HiFreq: LOW
        SIO Hyst: DISABLED
        SIO Vtrip: MULTIPLIER_0_5
        SIO Multiplier Index: 0
        SIO RefSel: VCC_IO
        Required Capabilities: DIGITAL, ROUTABLE
        Initial Value: 0
        IO Voltage: 0
    PORT MAP (
        pa_out => TFT_SCL(0)__PA ,
        pin_input => wTFT_SCL ,
        pad => TFT_SCL(0)_PAD );
    Properties:
    {
    }

[IoId=5]: 
Pin : Name = TFT_SDA(0)
    Attributes:
        In Group/Port: True
        In Sync Option: AUTO
        Out Sync Option: NOSYNC
        Interrupt generated: False
        Interrupt mode: NONE
        Drive mode: CMOS_OUT
        VTrip: EITHER
        Slew: FAST
        Input Sync needed: False
        Output Sync needed: False
        SC shield enabled: False
        POR State: ANY
        LCD Mode: COMMON
        Register Mode: RegComb
        CaSense Mode: NEITHER
        Treat as pin: True
        Is OE Registered: False
        Uses Analog: False
        Can contain Digital: True
        Is SIO: False
        SIO Output Buf: NONREGULATED
        SIO Input Buf: SINGLE_ENDED
        SIO HiFreq: LOW
        SIO Hyst: DISABLED
        SIO Vtrip: MULTIPLIER_0_5
        SIO Multiplier Index: 0
        SIO RefSel: VCC_IO
        Required Capabilities: DIGITAL, ROUTABLE
        Initial Value: 0
        IO Voltage: 0
    PORT MAP (
        pa_out => TFT_SDA(0)__PA ,
        pin_input => wTFT_SDA ,
        pad => TFT_SDA(0)_PAD );
    Properties:
    {
    }

[IoId=6]: 
Pin : Name = DEBUG_RX(0)
    Attributes:
        In Group/Port: True
        In Sync Option: SYNC
        Out Sync Option: AUTO
        Interrupt generated: False
        Interrupt mode: NONE
        Drive mode: HI_Z_DIGITAL
        VTrip: CMOS
        Slew: FAST
        Input Sync needed: False
        Output Sync needed: False
        SC shield enabled: False
        POR State: ANY
        LCD Mode: COMMON
        Register Mode: RegComb
        CaSense Mode: NEITHER
        Treat as pin: True
        Is OE Registered: False
        Uses Analog: False
        Can contain Digital: True
        Is SIO: False
        SIO Output Buf: NONREGULATED
        SIO Input Buf: SINGLE_ENDED
        SIO HiFreq: LOW
        SIO Hyst: DISABLED
        SIO Vtrip: MULTIPLIER_0_5
        SIO Multiplier Index: 0
        SIO RefSel: VCC_IO
        Required Capabilities: DIGITAL, ROUTABLE
        Initial Value: 0
        IO Voltage: 0
    PORT MAP (
        pa_out => DEBUG_RX(0)__PA ,
        fb => Net_1845 ,
        pad => DEBUG_RX(0)_PAD );
    Properties:
    {
    }

[IoId=7]: 
Pin : Name = DEBUG_TX(0)
    Attributes:
        In Group/Port: True
        In Sync Option: AUTO
        Out Sync Option: NOSYNC
        Interrupt generated: False
        Interrupt mode: NONE
        Drive mode: CMOS_OUT
        VTrip: EITHER
        Slew: FAST
        Input Sync needed: False
        Output Sync needed: False
        SC shield enabled: False
        POR State: ANY
        LCD Mode: COMMON
        Register Mode: RegComb
        CaSense Mode: NEITHER
        Treat as pin: True
        Is OE Registered: False
        Uses Analog: False
        Can contain Digital: True
        Is SIO: False
        SIO Output Buf: NONREGULATED
        SIO Input Buf: SINGLE_ENDED
        SIO HiFreq: LOW
        SIO Hyst: DISABLED
        SIO Vtrip: MULTIPLIER_0_5
        SIO Multiplier Index: 0
        SIO RefSel: VCC_IO
        Required Capabilities: DIGITAL, ROUTABLE
        Initial Value: 1
        IO Voltage: 0
    PORT MAP (
        pa_out => DEBUG_TX(0)__PA ,
        pin_input => Net_1844 ,
        pad => DEBUG_TX(0)_PAD );
    Properties:
    {
    }

Port 15 generates interrupt for logical port:
    logicalport: Name =\USBUART:Dp\
        PORT MAP (
            in_clock_en => tmpOE__SEVEN_A_net_0 ,
            in_reset => zero ,
            out_clock_en => tmpOE__SEVEN_A_net_0 ,
            out_reset => zero ,
            interrupt => \USBUART:Net_1010\ ,
            in_clock => ClockBlock_BUS_CLK );
        Properties:
        {
            drive_mode = "000"
            ibuf_enabled = "0"
            id = "beca5e2d-f70f-4900-a4db-7eca1ed3126e/618a72fc-5ddd-4df5-958f-a3d55102db42"
            init_dr_st = "1"
            input_buffer_sel = "00"
            input_clk_en = 0
            input_sync = "1"
            input_sync_mode = "0"
            intr_mode = "10"
            invert_in_clock = 0
            invert_in_clock_en = 0
            invert_in_reset = 0
            invert_out_clock = 0
            invert_out_clock_en = 0
            invert_out_reset = 0
            io_voltage = ""
            layout_mode = "CONTIGUOUS"
            oe_conn = "0"
            oe_reset = 0
            oe_sync = "0"
            output_clk_en = 0
            output_clock_mode = "0"
            output_conn = "0"
            output_mode = "0"
            output_reset = 0
            output_sync = "0"
            ovt_hyst_trim = "0"
            ovt_needed = "0"
            ovt_slew_control = "00"
            pa_in_clock = -1
            pa_in_clock_en = -1
            pa_in_reset = -1
            pa_out_clock = -1
            pa_out_clock_en = -1
            pa_out_reset = -1
            pin_aliases = ""
            pin_mode = "I"
            por_state = 4
            port_alias_group = ""
            port_alias_required = 0
            sio_group_cnt = 0
            sio_hifreq = "00000000"
            sio_hyst = "1"
            sio_ibuf = "00000000"
            sio_info = "00"
            sio_obuf = "00000000"
            sio_refsel = "00000000"
            sio_vohsel = "00000000"
            sio_vtrip = "00000000"
            slew_rate = "0"
            spanning = 0
            sw_only = 0
            use_annotation = "0"
            vtrip = "00"
            width = 1
        }
    and contains the following IO cells:
[IoId=6]: 
Pin : Name = \USBUART:Dp(0)\
    Attributes:
        In Group/Port: True
        In Sync Option: SYNC
        Out Sync Option: AUTO
        Interrupt generated: True
        Interrupt mode: FALLING
        Drive mode: HI_Z_ANALOG
        VTrip: CMOS
        Slew: FAST
        Input Sync needed: True
        Output Sync needed: False
        SC shield enabled: False
        POR State: ANY
        LCD Mode: COMMON
        Register Mode: RegComb
        CaSense Mode: NEITHER
        Treat as pin: False
        Is OE Registered: False
        Uses Analog: True
        Can contain Digital: True
        Is SIO: False
        SIO Output Buf: NONREGULATED
        SIO Input Buf: SINGLE_ENDED
        SIO HiFreq: LOW
        SIO Hyst: DISABLED
        SIO Vtrip: MULTIPLIER_0_5
        SIO Multiplier Index: 0
        SIO RefSel: VCC_IO
        Required Capabilities: USB_D_PLUS
        Initial Value: 1
        IO Voltage: 0
    PORT MAP (
        pa_out => \USBUART:Dp(0)\__PA ,
        analog_term => \USBUART:Net_1000\ ,
        pad => \USBUART:Dp(0)_PAD\ );
    Properties:
    {
    }

[IoId=7]: 
Pin : Name = \USBUART:Dm(0)\
    Attributes:
        In Group/Port: True
        In Sync Option: AUTO
        Out Sync Option: AUTO
        Interrupt generated: False
        Interrupt mode: NONE
        Drive mode: HI_Z_ANALOG
        VTrip: EITHER
        Slew: FAST
        Input Sync needed: False
        Output Sync needed: False
        SC shield enabled: False
        POR State: ANY
        LCD Mode: COMMON
        Register Mode: RegComb
        CaSense Mode: NEITHER
        Treat as pin: True
        Is OE Registered: False
        Uses Analog: True
        Can contain Digital: False
        Is SIO: False
        SIO Output Buf: NONREGULATED
        SIO Input Buf: SINGLE_ENDED
        SIO HiFreq: LOW
        SIO Hyst: DISABLED
        SIO Vtrip: MULTIPLIER_0_5
        SIO Multiplier Index: 0
        SIO RefSel: VCC_IO
        Required Capabilities: USB_D_MINUS
        Initial Value: 0
        IO Voltage: 0
    PORT MAP (
        pa_out => \USBUART:Dm(0)\__PA ,
        analog_term => \USBUART:Net_597\ ,
        pad => \USBUART:Dm(0)_PAD\ );
    Properties:
    {
    }

ARM group 0: empty
CAN group 0: empty
Cache group 0: empty
CapSense group 0: empty
Clock group 0: 
    Clock Block @ F(Clock,0): 
    clockblockcell: Name =ClockBlock
        PORT MAP (
            imo => ClockBlock_IMO ,
            pllout => ClockBlock_PLL_OUT ,
            ilo => ClockBlock_ILO ,
            clk_100k => ClockBlock_100k ,
            clk_1k => ClockBlock_1k ,
            clk_32k => ClockBlock_32k ,
            xtal => ClockBlock_XTAL ,
            clk_32k_xtal => ClockBlock_XTAL_32KHZ ,
            clk_sync => ClockBlock_MASTER_CLK ,
            clk_bus_glb => ClockBlock_BUS_CLK ,
            clk_bus => ClockBlock_BUS_CLK_local ,
            dclk_glb_0 => \TFT_SPI:Net_276\ ,
            dclk_0 => \TFT_SPI:Net_276_local\ ,
            dclk_glb_1 => Net_2605 ,
            dclk_1 => Net_2605_local ,
            dclk_glb_2 => \JOYSTICK_ADC_XY:clock\ ,
            dclk_2 => \JOYSTICK_ADC_XY:clock_local\ ,
            dclk_glb_3 => \UART_LOG:Net_9\ ,
            dclk_3 => \UART_LOG:Net_9_local\ ,
            dclk_glb_4 => Net_2007 ,
            dclk_4 => Net_2007_local );
        Properties:
        {
        }
Comparator group 0: empty
DFB group 0: empty
DSM group 0: empty
Decimator group 0: empty
EMIF group 0: empty
I2C group 0: empty
LCD group 0: empty
LVD group 0: empty
PICU group 0: empty
PM group 0: empty
SC group 0: empty
SPC group 0: empty
Timer group 0: 
    Timer Block @ F(Timer,0): 
    timercell: Name =\TFT_BackLight:PWMHW\
        PORT MAP (
            clock => Net_2007 ,
            enable => __ONE__ ,
            tc => \TFT_BackLight:Net_63\ ,
            cmp => wTFT_LED ,
            irq => \TFT_BackLight:Net_54\ );
        Properties:
        {
            cy_registers = ""
        }
USB group 0: 
    USB Block @ F(USB,0): 
    usbcell: Name =\USBUART:USB\
        PORT MAP (
            dp => \USBUART:Net_1000\ ,
            dm => \USBUART:Net_597\ ,
            sof_int => Net_1894 ,
            arb_int => \USBUART:Net_1889\ ,
            usb_int => \USBUART:Net_1876\ ,
            ept_int_8 => \USBUART:ep_int_8\ ,
            ept_int_7 => \USBUART:ep_int_7\ ,
            ept_int_6 => \USBUART:ep_int_6\ ,
            ept_int_5 => \USBUART:ep_int_5\ ,
            ept_int_4 => \USBUART:ep_int_4\ ,
            ept_int_3 => \USBUART:ep_int_3\ ,
            ept_int_2 => \USBUART:ep_int_2\ ,
            ept_int_1 => \USBUART:ep_int_1\ ,
            ept_int_0 => \USBUART:ep_int_0\ ,
            ord_int => \USBUART:Net_95\ ,
            dma_req_7 => \USBUART:dma_request_7\ ,
            dma_req_6 => \USBUART:dma_request_6\ ,
            dma_req_5 => \USBUART:dma_request_5\ ,
            dma_req_4 => \USBUART:dma_request_4\ ,
            dma_req_3 => \USBUART:dma_request_3\ ,
            dma_req_2 => \USBUART:dma_request_2\ ,
            dma_req_1 => \USBUART:dma_request_1\ ,
            dma_req_0 => \USBUART:dma_request_0\ ,
            dma_termin => \USBUART:dma_terminate\ );
        Properties:
        {
            cy_registers = ""
        }
VIDAC group 0: empty
OpAmp group 0: empty
CsAbuf group 0: empty
Vref group 0: 
    Vref Block @ F(Vref,13): 
    vrefcell: Name =\JOYSTICK_ADC_XY:SAR:vRef_Vdda_1\
        PORT MAP (
            vout => \JOYSTICK_ADC_XY:SAR:Net_235\ );
        Properties:
        {
            autoenable = 1
            guid = "4720866E-BC14-478d-B8A0-3E44F38CADAC"
            ignoresleep = 0
            name = "Vdda/2"
        }
LPF group 0: empty
SAR group 0: 
    SAR Block @ F(SAR,0): 
    sarcell: Name =\JOYSTICK_ADC_XY:SAR:ADC_SAR\
        PORT MAP (
            vplus => \JOYSTICK_ADC_XY:Net_2803\ ,
            vminus => \JOYSTICK_ADC_XY:SAR:Net_126\ ,
            ext_pin => \JOYSTICK_ADC_XY:SAR:Net_209\ ,
            vrefhi_out => \JOYSTICK_ADC_XY:SAR:Net_126\ ,
            vref => \JOYSTICK_ADC_XY:SAR:Net_235\ ,
            clk_udb => \JOYSTICK_ADC_XY:clock_local\ ,
            irq => \JOYSTICK_ADC_XY:SAR:Net_252\ ,
            next => Net_1995 ,
            data_out_udb_11 => \JOYSTICK_ADC_XY:SAR:Net_207_11\ ,
            data_out_udb_10 => \JOYSTICK_ADC_XY:SAR:Net_207_10\ ,
            data_out_udb_9 => \JOYSTICK_ADC_XY:SAR:Net_207_9\ ,
            data_out_udb_8 => \JOYSTICK_ADC_XY:SAR:Net_207_8\ ,
            data_out_udb_7 => \JOYSTICK_ADC_XY:SAR:Net_207_7\ ,
            data_out_udb_6 => \JOYSTICK_ADC_XY:SAR:Net_207_6\ ,
            data_out_udb_5 => \JOYSTICK_ADC_XY:SAR:Net_207_5\ ,
            data_out_udb_4 => \JOYSTICK_ADC_XY:SAR:Net_207_4\ ,
            data_out_udb_3 => \JOYSTICK_ADC_XY:SAR:Net_207_3\ ,
            data_out_udb_2 => \JOYSTICK_ADC_XY:SAR:Net_207_2\ ,
            data_out_udb_1 => \JOYSTICK_ADC_XY:SAR:Net_207_1\ ,
            data_out_udb_0 => \JOYSTICK_ADC_XY:SAR:Net_207_0\ ,
            eof_udb => \JOYSTICK_ADC_XY:Net_3830\ );
        Properties:
        {
            cy_registers = ""
        }
ANAIF group 0: empty
PHUB group 0: empty

Blocks not positioned by the digital component placer:
    Amux Block @ <No Location>: 
    amuxcell: Name =\JOYSTICK_ADC_XY:AMuxHw_2\
        PORT MAP (
            muxin_63 => Net_1991 ,
            muxin_62 => Net_1990 ,
            muxin_61 => Net_1989 ,
            muxin_60 => Net_1988 ,
            muxin_59 => Net_1987 ,
            muxin_58 => Net_1986 ,
            muxin_57 => Net_1985 ,
            muxin_56 => Net_1984 ,
            muxin_55 => Net_1983 ,
            muxin_54 => Net_1982 ,
            muxin_53 => Net_1981 ,
            muxin_52 => Net_1980 ,
            muxin_51 => Net_1979 ,
            muxin_50 => Net_1978 ,
            muxin_49 => Net_1977 ,
            muxin_48 => Net_1975 ,
            muxin_47 => Net_1950 ,
            muxin_46 => Net_1974 ,
            muxin_45 => Net_1947 ,
            muxin_44 => Net_1945 ,
            muxin_43 => Net_1972 ,
            muxin_42 => Net_1941 ,
            muxin_41 => Net_1940 ,
            muxin_40 => Net_1971 ,
            muxin_39 => Net_1937 ,
            muxin_38 => Net_1936 ,
            muxin_37 => Net_1970 ,
            muxin_36 => Net_1933 ,
            muxin_35 => Net_1932 ,
            muxin_34 => Net_1969 ,
            muxin_33 => Net_1929 ,
            muxin_32 => Net_1928 ,
            muxin_31 => Net_1968 ,
            muxin_30 => Net_1925 ,
            muxin_29 => Net_1923 ,
            muxin_28 => Net_1967 ,
            muxin_27 => Net_1919 ,
            muxin_26 => Net_1918 ,
            muxin_25 => Net_1966 ,
            muxin_24 => Net_1915 ,
            muxin_23 => Net_1914 ,
            muxin_22 => Net_1965 ,
            muxin_21 => Net_1911 ,
            muxin_20 => Net_1910 ,
            muxin_19 => Net_1964 ,
            muxin_18 => Net_1907 ,
            muxin_17 => Net_1906 ,
            muxin_16 => Net_1963 ,
            muxin_15 => Net_1903 ,
            muxin_14 => Net_1902 ,
            muxin_13 => Net_1993 ,
            muxin_12 => Net_1961 ,
            muxin_11 => Net_1960 ,
            muxin_10 => Net_1992 ,
            muxin_9 => Net_1957 ,
            muxin_8 => Net_1956 ,
            muxin_7 => Net_1976 ,
            muxin_6 => Net_1953 ,
            muxin_5 => Net_1952 ,
            muxin_4 => Net_1973 ,
            muxin_3 => Net_1943 ,
            muxin_2 => Net_1924 ,
            muxin_1 => Net_1408 ,
            muxin_0 => Net_646 ,
            hw_ctrl_en_63 => \JOYSTICK_ADC_XY:AMuxHw_2_Decoder_one_hot_63\ ,
            hw_ctrl_en_62 => \JOYSTICK_ADC_XY:AMuxHw_2_Decoder_one_hot_62\ ,
            hw_ctrl_en_61 => \JOYSTICK_ADC_XY:AMuxHw_2_Decoder_one_hot_61\ ,
            hw_ctrl_en_60 => \JOYSTICK_ADC_XY:AMuxHw_2_Decoder_one_hot_60\ ,
            hw_ctrl_en_59 => \JOYSTICK_ADC_XY:AMuxHw_2_Decoder_one_hot_59\ ,
            hw_ctrl_en_58 => \JOYSTICK_ADC_XY:AMuxHw_2_Decoder_one_hot_58\ ,
            hw_ctrl_en_57 => \JOYSTICK_ADC_XY:AMuxHw_2_Decoder_one_hot_57\ ,
            hw_ctrl_en_56 => \JOYSTICK_ADC_XY:AMuxHw_2_Decoder_one_hot_56\ ,
            hw_ctrl_en_55 => \JOYSTICK_ADC_XY:AMuxHw_2_Decoder_one_hot_55\ ,
            hw_ctrl_en_54 => \JOYSTICK_ADC_XY:AMuxHw_2_Decoder_one_hot_54\ ,
            hw_ctrl_en_53 => \JOYSTICK_ADC_XY:AMuxHw_2_Decoder_one_hot_53\ ,
            hw_ctrl_en_52 => \JOYSTICK_ADC_XY:AMuxHw_2_Decoder_one_hot_52\ ,
            hw_ctrl_en_51 => \JOYSTICK_ADC_XY:AMuxHw_2_Decoder_one_hot_51\ ,
            hw_ctrl_en_50 => \JOYSTICK_ADC_XY:AMuxHw_2_Decoder_one_hot_50\ ,
            hw_ctrl_en_49 => \JOYSTICK_ADC_XY:AMuxHw_2_Decoder_one_hot_49\ ,
            hw_ctrl_en_48 => \JOYSTICK_ADC_XY:AMuxHw_2_Decoder_one_hot_48\ ,
            hw_ctrl_en_47 => \JOYSTICK_ADC_XY:AMuxHw_2_Decoder_one_hot_47\ ,
            hw_ctrl_en_46 => \JOYSTICK_ADC_XY:AMuxHw_2_Decoder_one_hot_46\ ,
            hw_ctrl_en_45 => \JOYSTICK_ADC_XY:AMuxHw_2_Decoder_one_hot_45\ ,
            hw_ctrl_en_44 => \JOYSTICK_ADC_XY:AMuxHw_2_Decoder_one_hot_44\ ,
            hw_ctrl_en_43 => \JOYSTICK_ADC_XY:AMuxHw_2_Decoder_one_hot_43\ ,
            hw_ctrl_en_42 => \JOYSTICK_ADC_XY:AMuxHw_2_Decoder_one_hot_42\ ,
            hw_ctrl_en_41 => \JOYSTICK_ADC_XY:AMuxHw_2_Decoder_one_hot_41\ ,
            hw_ctrl_en_40 => \JOYSTICK_ADC_XY:AMuxHw_2_Decoder_one_hot_40\ ,
            hw_ctrl_en_39 => \JOYSTICK_ADC_XY:AMuxHw_2_Decoder_one_hot_39\ ,
            hw_ctrl_en_38 => \JOYSTICK_ADC_XY:AMuxHw_2_Decoder_one_hot_38\ ,
            hw_ctrl_en_37 => \JOYSTICK_ADC_XY:AMuxHw_2_Decoder_one_hot_37\ ,
            hw_ctrl_en_36 => \JOYSTICK_ADC_XY:AMuxHw_2_Decoder_one_hot_36\ ,
            hw_ctrl_en_35 => \JOYSTICK_ADC_XY:AMuxHw_2_Decoder_one_hot_35\ ,
            hw_ctrl_en_34 => \JOYSTICK_ADC_XY:AMuxHw_2_Decoder_one_hot_34\ ,
            hw_ctrl_en_33 => \JOYSTICK_ADC_XY:AMuxHw_2_Decoder_one_hot_33\ ,
            hw_ctrl_en_32 => \JOYSTICK_ADC_XY:AMuxHw_2_Decoder_one_hot_32\ ,
            hw_ctrl_en_31 => \JOYSTICK_ADC_XY:AMuxHw_2_Decoder_one_hot_31\ ,
            hw_ctrl_en_30 => \JOYSTICK_ADC_XY:AMuxHw_2_Decoder_one_hot_30\ ,
            hw_ctrl_en_29 => \JOYSTICK_ADC_XY:AMuxHw_2_Decoder_one_hot_29\ ,
            hw_ctrl_en_28 => \JOYSTICK_ADC_XY:AMuxHw_2_Decoder_one_hot_28\ ,
            hw_ctrl_en_27 => \JOYSTICK_ADC_XY:AMuxHw_2_Decoder_one_hot_27\ ,
            hw_ctrl_en_26 => \JOYSTICK_ADC_XY:AMuxHw_2_Decoder_one_hot_26\ ,
            hw_ctrl_en_25 => \JOYSTICK_ADC_XY:AMuxHw_2_Decoder_one_hot_25\ ,
            hw_ctrl_en_24 => \JOYSTICK_ADC_XY:AMuxHw_2_Decoder_one_hot_24\ ,
            hw_ctrl_en_23 => \JOYSTICK_ADC_XY:AMuxHw_2_Decoder_one_hot_23\ ,
            hw_ctrl_en_22 => \JOYSTICK_ADC_XY:AMuxHw_2_Decoder_one_hot_22\ ,
            hw_ctrl_en_21 => \JOYSTICK_ADC_XY:AMuxHw_2_Decoder_one_hot_21\ ,
            hw_ctrl_en_20 => \JOYSTICK_ADC_XY:AMuxHw_2_Decoder_one_hot_20\ ,
            hw_ctrl_en_19 => \JOYSTICK_ADC_XY:AMuxHw_2_Decoder_one_hot_19\ ,
            hw_ctrl_en_18 => \JOYSTICK_ADC_XY:AMuxHw_2_Decoder_one_hot_18\ ,
            hw_ctrl_en_17 => \JOYSTICK_ADC_XY:AMuxHw_2_Decoder_one_hot_17\ ,
            hw_ctrl_en_16 => \JOYSTICK_ADC_XY:AMuxHw_2_Decoder_one_hot_16\ ,
            hw_ctrl_en_15 => \JOYSTICK_ADC_XY:AMuxHw_2_Decoder_one_hot_15\ ,
            hw_ctrl_en_14 => \JOYSTICK_ADC_XY:AMuxHw_2_Decoder_one_hot_14\ ,
            hw_ctrl_en_13 => \JOYSTICK_ADC_XY:AMuxHw_2_Decoder_one_hot_13\ ,
            hw_ctrl_en_12 => \JOYSTICK_ADC_XY:AMuxHw_2_Decoder_one_hot_12\ ,
            hw_ctrl_en_11 => \JOYSTICK_ADC_XY:AMuxHw_2_Decoder_one_hot_11\ ,
            hw_ctrl_en_10 => \JOYSTICK_ADC_XY:AMuxHw_2_Decoder_one_hot_10\ ,
            hw_ctrl_en_9 => \JOYSTICK_ADC_XY:AMuxHw_2_Decoder_one_hot_9\ ,
            hw_ctrl_en_8 => \JOYSTICK_ADC_XY:AMuxHw_2_Decoder_one_hot_8\ ,
            hw_ctrl_en_7 => \JOYSTICK_ADC_XY:AMuxHw_2_Decoder_one_hot_7\ ,
            hw_ctrl_en_6 => \JOYSTICK_ADC_XY:AMuxHw_2_Decoder_one_hot_6\ ,
            hw_ctrl_en_5 => \JOYSTICK_ADC_XY:AMuxHw_2_Decoder_one_hot_5\ ,
            hw_ctrl_en_4 => \JOYSTICK_ADC_XY:AMuxHw_2_Decoder_one_hot_4\ ,
            hw_ctrl_en_3 => \JOYSTICK_ADC_XY:AMuxHw_2_Decoder_one_hot_3\ ,
            hw_ctrl_en_2 => \JOYSTICK_ADC_XY:AMuxHw_2_Decoder_one_hot_2\ ,
            vout => \JOYSTICK_ADC_XY:Net_2803\ );
        Properties:
        {
            api_type = 2
            connect_mode = 1
            cy_registers = ""
            hw_control = 1
            init_mux_sel = "0000000000000000000000000000000000000000000000000000000000000000"
            muxin_width = 64
            one_active = 1
        }
</CYPRESSTAG>
<CYPRESSTAG name="Port Configuration Details">

------------------------------------------------------------
Port Configuration report
------------------------------------------------------------
     |     |       | Interrupt |                  |                    | 
Port | Pin | Fixed |      Type |       Drive Mode |               Name | Connections
-----+-----+-------+-----------+------------------+--------------------+-------------------------------------------------------------------
   0 |   0 |     * |      NONE |      HI_Z_ANALOG |      JOYSTICK_X(0) | In(\JOYSTICK_ADC_XY:AMuxHw_2_Decoder_one_hot_0\), Analog(Net_646)
     |   1 |     * |      NONE |      HI_Z_ANALOG |      JOYSTICK_Y(0) | In(\JOYSTICK_ADC_XY:AMuxHw_2_Decoder_one_hot_1\), Analog(Net_1408)
     |   2 |     * |      NONE |     HI_Z_DIGITAL | BUTTON_JOYSTICK(0) | FB(Net_1897)
     |   3 |     * |      NONE |     HI_Z_DIGITAL |        BUTTON_1(0) | FB(Net_664)
     |   4 |     * |      NONE |     HI_Z_DIGITAL |        BUTTON_2(0) | FB(Net_665)
     |   6 |     * |      NONE |         CMOS_OUT |         LED_red(0) | 
     |   7 |     * |      NONE |         CMOS_OUT |       LED_green(0) | 
-----+-----+-------+-----------+------------------+--------------------+-------------------------------------------------------------------
   1 |   0 |     * |      NONE |         CMOS_OUT |        SEVEN_DP(0) | In(Net_1836)
     |   1 |     * |      NONE |         CMOS_OUT |         SEVEN_G(0) | In(Net_1834)
     |   2 |     * |      NONE |         CMOS_OUT |         SEVEN_F(0) | In(Net_1832)
     |   3 |     * |      NONE |         CMOS_OUT |         SEVEN_E(0) | In(Net_1830)
     |   4 |     * |      NONE |         CMOS_OUT |         SEVEN_D(0) | In(Net_1828)
     |   5 |     * |      NONE |         CMOS_OUT |         SEVEN_C(0) | In(Net_1826)
     |   6 |     * |      NONE |         CMOS_OUT |         SEVEN_B(0) | In(Net_1824)
     |   7 |     * |      NONE |         CMOS_OUT |         SEVEN_A(0) | In(Net_1822)
-----+-----+-------+-----------+------------------+--------------------+-------------------------------------------------------------------
   2 |   0 |     * |      NONE |         CMOS_OUT |      LED_yellow(0) | 
     |   3 |     * |      NONE |         CMOS_OUT |           RGB_B(0) | In(Net_429)
     |   4 |     * |      NONE |         CMOS_OUT |           RGB_G(0) | In(Net_481)
     |   5 |     * |      NONE |         CMOS_OUT |           RGB_R(0) | In(Net_403)
-----+-----+-------+-----------+------------------+--------------------+-------------------------------------------------------------------
   3 |   3 |     * |      NONE |         CMOS_OUT |          TFT_CS(0) | 
     |   4 |     * |      NONE |         CMOS_OUT |         TFT_RES(0) | 
     |   5 |     * |      NONE |         CMOS_OUT |    SEVEN_SELECT(0) | 
-----+-----+-------+-----------+------------------+--------------------+-------------------------------------------------------------------
  12 |   2 |     * |      NONE |         CMOS_OUT |         TFT_LED(0) | In(wTFT_LED)
     |   3 |     * |      NONE |         CMOS_OUT |          TFT_DC(0) | 
     |   4 |     * |      NONE |         CMOS_OUT |         TFT_SCL(0) | In(wTFT_SCL)
     |   5 |     * |      NONE |         CMOS_OUT |         TFT_SDA(0) | In(wTFT_SDA)
     |   6 |     * |      NONE |     HI_Z_DIGITAL |        DEBUG_RX(0) | FB(Net_1845)
     |   7 |     * |      NONE |         CMOS_OUT |        DEBUG_TX(0) | In(Net_1844)
-----+-----+-------+-----------+------------------+--------------------+-------------------------------------------------------------------
  15 |   6 |     * |   FALLING |      HI_Z_ANALOG |    \USBUART:Dp(0)\ | Analog(\USBUART:Net_1000\)
     |   7 |     * |      NONE |      HI_Z_ANALOG |    \USBUART:Dm(0)\ | Analog(\USBUART:Net_597\)
-------------------------------------------------------------------------------------------------------------------------------------------
</CYPRESSTAG>
</CYPRESSTAG>
</CYPRESSTAG>
Digital component placer commit/Report: Elapsed time ==> 0s.207ms
Digital Placement phase: Elapsed time ==> 6s.187ms
</CYPRESSTAG>
<CYPRESSTAG name="Digital Routing">
"C:\Program Files (x86)\Cypress\PSoC Creator\4.4\PSoC Creator\bin/sjrouter.exe" --xml-path "C:\Program Files (x86)\Cypress\PSoC Creator\4.4\PSoC Creator\dev\psoc5/psoc5lp/route_arch-rrg.cydata" --vh2-path "electronicClock_r.vh2" --pcf-path "electronicClock.pco" --des-name "electronicClock" --dsf-path "electronicClock.dsf" --sdc-path "electronicClock.sdc" --lib-path "electronicClock_r.lib"
Routing successful.
Digital Routing phase: Elapsed time ==> 4s.905ms
</CYPRESSTAG>
<CYPRESSTAG name="Bitstream Generation">
Bitstream Generation phase: Elapsed time ==> 0s.168ms
</CYPRESSTAG>
<CYPRESSTAG name="Bitstream Verification">
Bitstream Verification phase: Elapsed time ==> 0s.031ms
</CYPRESSTAG>
<CYPRESSTAG name="Static timing analysis">
Warning: sta.M0019: electronicClock_timing.html: Warning-1366: Setup time violation found in a path from clock ( TFT_SPI_IntClock ) to clock ( TFT_SPI_IntClock ). (File=C:\Users\91819\Documents\HDA_Sem2\EAA\Assignments\Assignment2_digitalClock\electronicClock.cydsn\electronicClock.cydsn\electronicClock_timing.html)
Timing report is in electronicClock_timing.html.
Static timing analysis phase: Elapsed time ==> 0s.650ms
</CYPRESSTAG>
<CYPRESSTAG name="Data reporting">
Data reporting phase: Elapsed time ==> 0s.296ms
</CYPRESSTAG>
<CYPRESSTAG name="Database update...">
Design database save phase: Elapsed time ==> 0s.276ms
</CYPRESSTAG>
cydsfit: Elapsed time ==> 15s.584ms
</CYPRESSTAG>
Fitter phase: Elapsed time ==> 15s.584ms
API generation phase: Elapsed time ==> 3s.137ms
Dependency generation phase: Elapsed time ==> 0s.015ms
Cleanup phase: Elapsed time ==> 0s.000ms
