--------------- Rebuild Started: 06/18/2022 12:37:57 Project: electronicClock, Configuration: ARM GCC 5.4-2016-q2-update Debug ---------------
Deleting file ".\CortexM3\ARM_GCC_541\Debug\swc_clock.o"
Deleting file ".\CortexM3\ARM_GCC_541\Debug\tsk_control.o"
Deleting file ".\CortexM3\ARM_GCC_541\Debug\tsk_io.o"
Deleting file ".\CortexM3\ARM_GCC_541\Debug\main.o"
Deleting file ".\CortexM3\ARM_GCC_541\Debug\logging.o"
Deleting file ".\CortexM3\ARM_GCC_541\Debug\tft.o"
Deleting file ".\CortexM3\ARM_GCC_541\Debug\trcKernelPort.o"
Deleting file ".\CortexM3\ARM_GCC_541\Debug\trcSnapshotRecorder.o"
Deleting file ".\CortexM3\ARM_GCC_541\Debug\trcStreamingRecorder.o"
Deleting file ".\CortexM3\ARM_GCC_541\Debug\button.o"
Deleting file ".\CortexM3\ARM_GCC_541\Debug\joystick.o"
Deleting file ".\CortexM3\ARM_GCC_541\Debug\led.o"
Deleting file ".\CortexM3\ARM_GCC_541\Debug\seven.o"
Deleting file ".\CortexM3\ARM_GCC_541\Debug\rte.o"
Deleting file ".\CortexM3\ARM_GCC_541\Debug\sc_clock.o"
Deleting file ".\CortexM3\ARM_GCC_541\Debug\sc_clock_type.o"
Deleting file ".\CortexM3\ARM_GCC_541\Debug\sc_event.o"
Deleting file ".\CortexM3\ARM_GCC_541\Debug\sc_event_type.o"
Deleting file ".\CortexM3\ARM_GCC_541\Debug\sp_common.o"
Deleting file ".\CortexM3\ARM_GCC_541\Debug\cyfitter_cfg.o"
Deleting file ".\CortexM3\ARM_GCC_541\Debug\cymetadata.o"
Deleting file ".\CortexM3\ARM_GCC_541\Debug\ErikaOS_1_ee_activate.o"
Deleting file ".\CortexM3\ARM_GCC_541\Debug\ErikaOS_1_ee_alcancel.o"
Deleting file ".\CortexM3\ARM_GCC_541\Debug\ErikaOS_1_ee_alget.o"
Deleting file ".\CortexM3\ARM_GCC_541\Debug\ErikaOS_1_ee_algetbase.o"
Deleting file ".\CortexM3\ARM_GCC_541\Debug\ErikaOS_1_ee_alsetabs.o"
Deleting file ".\CortexM3\ARM_GCC_541\Debug\ErikaOS_1_ee_alsetrel.o"
Deleting file ".\CortexM3\ARM_GCC_541\Debug\ErikaOS_1_ee_altick.o"
Deleting file ".\CortexM3\ARM_GCC_541\Debug\ErikaOS_1_ee_chaintas.o"
Deleting file ".\CortexM3\ARM_GCC_541\Debug\ErikaOS_1_ee_evclear.o"
Deleting file ".\CortexM3\ARM_GCC_541\Debug\ErikaOS_1_ee_evget.o"
Deleting file ".\CortexM3\ARM_GCC_541\Debug\ErikaOS_1_ee_evset.o"
Deleting file ".\CortexM3\ARM_GCC_541\Debug\ErikaOS_1_ee_evwait.o"
Deleting file ".\CortexM3\ARM_GCC_541\Debug\ErikaOS_1_ee_force_schedule.o"
Deleting file ".\CortexM3\ARM_GCC_541\Debug\ErikaOS_1_ee_getcountervalue.o"
Deleting file ".\CortexM3\ARM_GCC_541\Debug\ErikaOS_1_ee_getelapsedvalue.o"
Deleting file ".\CortexM3\ARM_GCC_541\Debug\ErikaOS_1_ee_gettaskid.o"
Deleting file ".\CortexM3\ARM_GCC_541\Debug\ErikaOS_1_ee_gettaskstate.o"
Deleting file ".\CortexM3\ARM_GCC_541\Debug\ErikaOS_1_ee_iparam.o"
Deleting file ".\CortexM3\ARM_GCC_541\Debug\ErikaOS_1_ee_irqendin.o"
Deleting file ".\CortexM3\ARM_GCC_541\Debug\ErikaOS_1_ee_lockres.o"
Deleting file ".\CortexM3\ARM_GCC_541\Debug\ErikaOS_1_ee_lookup.o"
Deleting file ".\CortexM3\ARM_GCC_541\Debug\ErikaOS_1_ee_rq_exchg.o"
Deleting file ".\CortexM3\ARM_GCC_541\Debug\ErikaOS_1_ee_rq_first.o"
Deleting file ".\CortexM3\ARM_GCC_541\Debug\ErikaOS_1_ee_rq_inser.o"
Deleting file ".\CortexM3\ARM_GCC_541\Debug\ErikaOS_1_ee_schedule.o"
Deleting file ".\CortexM3\ARM_GCC_541\Debug\ErikaOS_1_ee_semgetvalue.o"
Deleting file ".\CortexM3\ARM_GCC_541\Debug\ErikaOS_1_ee_sempost.o"
Deleting file ".\CortexM3\ARM_GCC_541\Debug\ErikaOS_1_ee_semtrywait.o"
Deleting file ".\CortexM3\ARM_GCC_541\Debug\ErikaOS_1_ee_semwait.o"
Deleting file ".\CortexM3\ARM_GCC_541\Debug\ErikaOS_1_ee_shtdown.o"
Deleting file ".\CortexM3\ARM_GCC_541\Debug\ErikaOS_1_ee_startos.o"
Deleting file ".\CortexM3\ARM_GCC_541\Debug\ErikaOS_1_ee_terminat.o"
Deleting file ".\CortexM3\ARM_GCC_541\Debug\ErikaOS_1_ee_thendin.o"
Deleting file ".\CortexM3\ARM_GCC_541\Debug\ErikaOS_1_ee_tnterm.o"
Deleting file ".\CortexM3\ARM_GCC_541\Debug\ErikaOS_1_ee_tstub.o"
Deleting file ".\CortexM3\ARM_GCC_541\Debug\ErikaOS_1_ee_ulockallres.o"
Deleting file ".\CortexM3\ARM_GCC_541\Debug\ErikaOS_1_ee_ulockres.o"
Deleting file ".\CortexM3\ARM_GCC_541\Debug\ErikaOS_1_cortex_mx_ee_context.o"
Deleting file ".\CortexM3\ARM_GCC_541\Debug\ErikaOS_1_cortex_mx_ee_system_timer.o"
Deleting file ".\CortexM3\ARM_GCC_541\Debug\ErikaOS_1_cortex_mx_ee_utils.o"
Deleting file ".\CortexM3\ARM_GCC_541\Debug\ErikaOS_1_ee_gnu_change_context_isr.o"
Deleting file ".\CortexM3\ARM_GCC_541\Debug\ErikaOS_1_ee_gnu_irq_stack.o"
Deleting file ".\CortexM3\ARM_GCC_541\Debug\ErikaOS_1_ee_gnu_multi_context.o"
Deleting file ".\CortexM3\ARM_GCC_541\Debug\ErikaOS_1_ee_gnu_oo.o"
Deleting file ".\CortexM3\ARM_GCC_541\Debug\ErikaOS_1_common_ee_hal_structs.o"
Deleting file ".\CortexM3\ARM_GCC_541\Debug\ErikaOS_1_eecfg.o"
Deleting file ".\CortexM3\ARM_GCC_541\Debug\SEVEN_A.o"
Deleting file ".\CortexM3\ARM_GCC_541\Debug\SEVEN_B.o"
Deleting file ".\CortexM3\ARM_GCC_541\Debug\SEVEN_C.o"
Deleting file ".\CortexM3\ARM_GCC_541\Debug\SEVEN_D.o"
Deleting file ".\CortexM3\ARM_GCC_541\Debug\SEVEN_E.o"
Deleting file ".\CortexM3\ARM_GCC_541\Debug\SEVEN_F.o"
Deleting file ".\CortexM3\ARM_GCC_541\Debug\SEVEN_G.o"
Deleting file ".\CortexM3\ARM_GCC_541\Debug\SEVEN_DP.o"
Deleting file ".\CortexM3\ARM_GCC_541\Debug\SEVEN_SELECT.o"
Deleting file ".\CortexM3\ARM_GCC_541\Debug\SEVEN_reg.o"
Deleting file ".\CortexM3\ARM_GCC_541\Debug\SEVEN_reg_PM.o"
Deleting file ".\CortexM3\ARM_GCC_541\Debug\BUTTON_1.o"
Deleting file ".\CortexM3\ARM_GCC_541\Debug\isr_Button.o"
Deleting file ".\CortexM3\ARM_GCC_541\Debug\BUTTON_2.o"
Deleting file ".\CortexM3\ARM_GCC_541\Debug\LED_red.o"
Deleting file ".\CortexM3\ARM_GCC_541\Debug\LED_yellow.o"
Deleting file ".\CortexM3\ARM_GCC_541\Debug\LED_green.o"
Deleting file ".\CortexM3\ARM_GCC_541\Debug\UART_LOG.o"
Deleting file ".\CortexM3\ARM_GCC_541\Debug\UART_LOG_PM.o"
Deleting file ".\CortexM3\ARM_GCC_541\Debug\UART_LOG_INT.o"
Deleting file ".\CortexM3\ARM_GCC_541\Debug\UART_LOG_BOOT.o"
Deleting file ".\CortexM3\ARM_GCC_541\Debug\RGB_PWM_red.o"
Deleting file ".\CortexM3\ARM_GCC_541\Debug\RGB_PWM_red_PM.o"
Deleting file ".\CortexM3\ARM_GCC_541\Debug\PWM_Clock.o"
Deleting file ".\CortexM3\ARM_GCC_541\Debug\RGB_PWM_green.o"
Deleting file ".\CortexM3\ARM_GCC_541\Debug\RGB_PWM_green_PM.o"
Deleting file ".\CortexM3\ARM_GCC_541\Debug\RGB_PWM_blue.o"
Deleting file ".\CortexM3\ARM_GCC_541\Debug\RGB_PWM_blue_PM.o"
Deleting file ".\CortexM3\ARM_GCC_541\Debug\RGB_R.o"
Deleting file ".\CortexM3\ARM_GCC_541\Debug\RGB_G.o"
Deleting file ".\CortexM3\ARM_GCC_541\Debug\RGB_B.o"
Deleting file ".\CortexM3\ARM_GCC_541\Debug\USBUART.o"
Deleting file ".\CortexM3\ARM_GCC_541\Debug\USBUART_audio.o"
Deleting file ".\CortexM3\ARM_GCC_541\Debug\USBUART_boot.o"
Deleting file ".\CortexM3\ARM_GCC_541\Debug\USBUART_cdc.o"
Deleting file ".\CortexM3\ARM_GCC_541\Debug\USBUART_cls.o"
Deleting file ".\CortexM3\ARM_GCC_541\Debug\USBUART_descr.o"
Deleting file ".\CortexM3\ARM_GCC_541\Debug\USBUART_drv.o"
Deleting file ".\CortexM3\ARM_GCC_541\Debug\USBUART_episr.o"
Deleting file ".\CortexM3\ARM_GCC_541\Debug\USBUART_hid.o"
Deleting file ".\CortexM3\ARM_GCC_541\Debug\USBUART_pm.o"
Deleting file ".\CortexM3\ARM_GCC_541\Debug\USBUART_std.o"
Deleting file ".\CortexM3\ARM_GCC_541\Debug\USBUART_vnd.o"
Deleting file ".\CortexM3\ARM_GCC_541\Debug\USBUART_midi.o"
Deleting file ".\CortexM3\ARM_GCC_541\Debug\USBUART_msc.o"
Deleting file ".\CortexM3\ARM_GCC_541\Debug\BUTTON_JOYSTICK.o"
Deleting file ".\CortexM3\ARM_GCC_541\Debug\isr_Button_Joystick.o"
Deleting file ".\CortexM3\ARM_GCC_541\Debug\JOYSTICK_X.o"
Deleting file ".\CortexM3\ARM_GCC_541\Debug\JOYSTICK_Y.o"
Deleting file ".\CortexM3\ARM_GCC_541\Debug\JOYSTICK_ADC_XY.o"
Deleting file ".\CortexM3\ARM_GCC_541\Debug\JOYSTICK_ADC_XY_PM.o"
Deleting file ".\CortexM3\ARM_GCC_541\Debug\JOYSTICK_ADC_XY_INT.o"
Deleting file ".\CortexM3\ARM_GCC_541\Debug\TFT_SPI.o"
Deleting file ".\CortexM3\ARM_GCC_541\Debug\TFT_SPI_PM.o"
Deleting file ".\CortexM3\ARM_GCC_541\Debug\TFT_SPI_INT.o"
Deleting file ".\CortexM3\ARM_GCC_541\Debug\TFT_SCL.o"
Deleting file ".\CortexM3\ARM_GCC_541\Debug\TFT_DC.o"
Deleting file ".\CortexM3\ARM_GCC_541\Debug\TFT_RES.o"
Deleting file ".\CortexM3\ARM_GCC_541\Debug\TFT_CS.o"
Deleting file ".\CortexM3\ARM_GCC_541\Debug\TFT_LED.o"
Deleting file ".\CortexM3\ARM_GCC_541\Debug\TFT_SDA.o"
Deleting file ".\CortexM3\ARM_GCC_541\Debug\TFT_BackLight.o"
Deleting file ".\CortexM3\ARM_GCC_541\Debug\TFT_BackLight_PM.o"
Deleting file ".\CortexM3\ARM_GCC_541\Debug\CLK_LED.o"
Deleting file ".\CortexM3\ARM_GCC_541\Debug\UART_LOG_IntClock.o"
Deleting file ".\CortexM3\ARM_GCC_541\Debug\USBUART_Dm.o"
Deleting file ".\CortexM3\ARM_GCC_541\Debug\USBUART_Dp.o"
Deleting file ".\CortexM3\ARM_GCC_541\Debug\JOYSTICK_ADC_XY_SAR.o"
Deleting file ".\CortexM3\ARM_GCC_541\Debug\JOYSTICK_ADC_XY_SAR_INT.o"
Deleting file ".\CortexM3\ARM_GCC_541\Debug\JOYSTICK_ADC_XY_SAR_PM.o"
Deleting file ".\CortexM3\ARM_GCC_541\Debug\JOYSTICK_ADC_XY_IntClock.o"
Deleting file ".\CortexM3\ARM_GCC_541\Debug\JOYSTICK_ADC_XY_TempBuf_dma.o"
Deleting file ".\CortexM3\ARM_GCC_541\Debug\JOYSTICK_ADC_XY_FinalBuf_dma.o"
Deleting file ".\CortexM3\ARM_GCC_541\Debug\JOYSTICK_ADC_XY_IRQ.o"
Deleting file ".\CortexM3\ARM_GCC_541\Debug\TFT_SPI_IntClock.o"
Deleting file ".\CortexM3\ARM_GCC_541\Debug\Cm3Start.o"
Deleting file ".\CortexM3\ARM_GCC_541\Debug\CyBootAsmGnu.o"
Deleting file ".\CortexM3\ARM_GCC_541\Debug\CyDmac.o"
Deleting file ".\CortexM3\ARM_GCC_541\Debug\CyFlash.o"
Deleting file ".\CortexM3\ARM_GCC_541\Debug\CyLib.o"
Deleting file ".\CortexM3\ARM_GCC_541\Debug\cyPm.o"
Deleting file ".\CortexM3\ARM_GCC_541\Debug\CySpc.o"
Deleting file ".\CortexM3\ARM_GCC_541\Debug\cyutils.o"
Deleting file ".\CortexM3\ARM_GCC_541\Debug\cy_em_eeprom.o"
Deleting file ".\CortexM3\ARM_GCC_541\Debug\electronicClock.hex"
Deleting file ".\CortexM3\ARM_GCC_541\Debug\electronicClock.elf"
Deleting file ".\CortexM3\ARM_GCC_541\Debug\electronicClock.map"
Deleting file ".\electronicClock.cycdx"
Deleting file ".\electronicClock.svd"
Deleting file ".\electronicClock.rpt"
Deleting file ".\electronicClock_timing.html"
Deleting file ".\CortexM3\ARM_GCC_541\Debug\.deps\SOURCE_C__ARM_GCC_GENERIC.P"
Deleting file ".\CortexM3\ARM_GCC_541\Debug\.deps\SOURCE_ASM__ARM_GCC_GENERIC.P"
cydsfit.exe -.appdatapath "C:\Users\91819\AppData\Local\Cypress Semiconductor\PSoC Creator\4.4" -.fdsnotice -.fdswarpdepfile=warp_dependencies.txt -.fdselabdepfile=elab_dependencies.txt -.fdsbldfile=generated_files.txt -.fdsreffile=referenced_files.txt -p C:\Users\91819\Documents\HDA_Sem2\EAA\Lab\Workspace01\Workspace01\electronicClock.cydsn\electronicClock.cyprj -d CY8C5888AXI-LP096 -s C:\Users\91819\Documents\HDA_Sem2\EAA\Lab\Workspace01\Workspace01\electronicClock.cydsn\Generated_Source\PSoC5 -- -yv2 -q10 -ygs -o2 -v3 -.fftcfgtype=LE
Elaborating Design...
ADD: sdb.M0065: information: Analog terminal "vdac_ref" on ADC_SAR_SEQ_v2_10 is unconnected.
 * C:\Program Files (x86)\Cypress\PSoC Creator\4.4\PSoC Creator\psoc\content\CyComponentLibrary\CyComponentLibrary.cylib\ADC_SAR_SEQ_v2_10\PSoC5\ADC_SAR_SEQ_v2_10.cysch (Signal: vdac_ref)
 * C:\Program Files (x86)\Cypress\PSoC Creator\4.4\PSoC Creator\psoc\content\CyComponentLibrary\CyComponentLibrary.cylib\ADC_SAR_SEQ_v2_10\PSoC5\ADC_SAR_SEQ_v2_10.cysch (Shape_798)
 * C:\Program Files (x86)\Cypress\PSoC Creator\4.4\PSoC Creator\psoc\content\CyComponentLibrary\CyComponentLibrary.cylib\ADC_SAR_SEQ_v2_10\PSoC5\ADC_SAR_SEQ_v2_10.cysch (Shape_885)
ADD: fit.M0032: warning: Clock Warning: (TFT_SPI_IntClock's accuracy range '72 MHz +/- 0.25%, (71.82 MHz - 72.18 MHz)' is not within the specified tolerance range '66 MHz +/- 5%, (62.7 MHz - 69.3 MHz)'.).
 * C:\Program Files (x86)\Cypress\PSoC Creator\4.4\PSoC Creator\psoc\content\CyComponentLibrary\CyComponentLibrary.cylib\SPI_Master_v2_50\SPI_Master_v2_50.cysch (Instance:IntClock)
 * C:\Users\91819\Documents\HDA_Sem2\EAA\Lab\Workspace01\Workspace01\electronicClock.cydsn\electronicClock.cydwr (TFT_SPI_IntClock)
HDL Generation...
Synthesis...
Tech Mapping...
Analog Placement...
Info: apr.M0002: Analog signal "Net_1924" is connected to one terminal only. (App=cydsfit)
Info: apr.M0002: Analog signal "Net_1943" is connected to one terminal only. (App=cydsfit)
Info: apr.M0002: Analog signal "Net_1973" is connected to one terminal only. (App=cydsfit)
Info: apr.M0002: Analog signal "Net_1952" is connected to one terminal only. (App=cydsfit)
Info: apr.M0002: Analog signal "Net_1953" is connected to one terminal only. (App=cydsfit)
Info: apr.M0002: Analog signal "Net_1976" is connected to one terminal only. (App=cydsfit)
Info: apr.M0002: Analog signal "Net_1956" is connected to one terminal only. (App=cydsfit)
Info: apr.M0002: Analog signal "Net_1957" is connected to one terminal only. (App=cydsfit)
Info: apr.M0002: Analog signal "Net_1992" is connected to one terminal only. (App=cydsfit)
Info: apr.M0002: Analog signal "Net_1960" is connected to one terminal only. (App=cydsfit)
Info: apr.M0002: Analog signal "Net_1961" is connected to one terminal only. (App=cydsfit)
Info: apr.M0002: Analog signal "Net_1993" is connected to one terminal only. (App=cydsfit)
Info: apr.M0002: Analog signal "Net_1902" is connected to one terminal only. (App=cydsfit)
Info: apr.M0002: Analog signal "Net_1903" is connected to one terminal only. (App=cydsfit)
Info: apr.M0002: Analog signal "Net_1963" is connected to one terminal only. (App=cydsfit)
Info: apr.M0002: Analog signal "Net_1906" is connected to one terminal only. (App=cydsfit)
Info: apr.M0002: Analog signal "Net_1907" is connected to one terminal only. (App=cydsfit)
Info: apr.M0002: Analog signal "Net_1964" is connected to one terminal only. (App=cydsfit)
Info: apr.M0002: Analog signal "Net_1910" is connected to one terminal only. (App=cydsfit)
Info: apr.M0002: Analog signal "Net_1911" is connected to one terminal only. (App=cydsfit)
Info: apr.M0002: Analog signal "Net_1965" is connected to one terminal only. (App=cydsfit)
Info: apr.M0002: Analog signal "Net_1914" is connected to one terminal only. (App=cydsfit)
Info: apr.M0002: Analog signal "Net_1915" is connected to one terminal only. (App=cydsfit)
Info: apr.M0002: Analog signal "Net_1966" is connected to one terminal only. (App=cydsfit)
Info: apr.M0002: Analog signal "Net_1918" is connected to one terminal only. (App=cydsfit)
Info: apr.M0002: Analog signal "Net_1919" is connected to one terminal only. (App=cydsfit)
Info: apr.M0002: Analog signal "Net_1967" is connected to one terminal only. (App=cydsfit)
Info: apr.M0002: Analog signal "Net_1923" is connected to one terminal only. (App=cydsfit)
Info: apr.M0002: Analog signal "Net_1925" is connected to one terminal only. (App=cydsfit)
Info: apr.M0002: Analog signal "Net_1968" is connected to one terminal only. (App=cydsfit)
Info: apr.M0002: Analog signal "Net_1928" is connected to one terminal only. (App=cydsfit)
Info: apr.M0002: Analog signal "Net_1929" is connected to one terminal only. (App=cydsfit)
Info: apr.M0002: Analog signal "Net_1969" is connected to one terminal only. (App=cydsfit)
Info: apr.M0002: Analog signal "Net_1932" is connected to one terminal only. (App=cydsfit)
Info: apr.M0002: Analog signal "Net_1933" is connected to one terminal only. (App=cydsfit)
Info: apr.M0002: Analog signal "Net_1970" is connected to one terminal only. (App=cydsfit)
Info: apr.M0002: Analog signal "Net_1936" is connected to one terminal only. (App=cydsfit)
Info: apr.M0002: Analog signal "Net_1937" is connected to one terminal only. (App=cydsfit)
Info: apr.M0002: Analog signal "Net_1971" is connected to one terminal only. (App=cydsfit)
Info: apr.M0002: Analog signal "Net_1940" is connected to one terminal only. (App=cydsfit)
Info: apr.M0002: Analog signal "Net_1941" is connected to one terminal only. (App=cydsfit)
Info: apr.M0002: Analog signal "Net_1972" is connected to one terminal only. (App=cydsfit)
Info: apr.M0002: Analog signal "Net_1945" is connected to one terminal only. (App=cydsfit)
Info: apr.M0002: Analog signal "Net_1947" is connected to one terminal only. (App=cydsfit)
Info: apr.M0002: Analog signal "Net_1974" is connected to one terminal only. (App=cydsfit)
Info: apr.M0002: Analog signal "Net_1950" is connected to one terminal only. (App=cydsfit)
Info: apr.M0002: Analog signal "Net_1975" is connected to one terminal only. (App=cydsfit)
Info: apr.M0002: Analog signal "Net_1977" is connected to one terminal only. (App=cydsfit)
Info: apr.M0002: Analog signal "Net_1978" is connected to one terminal only. (App=cydsfit)
Info: apr.M0002: Analog signal "Net_1979" is connected to one terminal only. (App=cydsfit)
Info: apr.M0002: Analog signal "Net_1980" is connected to one terminal only. (App=cydsfit)
Info: apr.M0002: Analog signal "Net_1981" is connected to one terminal only. (App=cydsfit)
Info: apr.M0002: Analog signal "Net_1982" is connected to one terminal only. (App=cydsfit)
Info: apr.M0002: Analog signal "Net_1983" is connected to one terminal only. (App=cydsfit)
Info: apr.M0002: Analog signal "Net_1984" is connected to one terminal only. (App=cydsfit)
Info: apr.M0002: Analog signal "Net_1985" is connected to one terminal only. (App=cydsfit)
Info: apr.M0002: Analog signal "Net_1986" is connected to one terminal only. (App=cydsfit)
Info: apr.M0002: Analog signal "Net_1987" is connected to one terminal only. (App=cydsfit)
Info: apr.M0002: Analog signal "Net_1988" is connected to one terminal only. (App=cydsfit)
Info: apr.M0002: Analog signal "Net_1989" is connected to one terminal only. (App=cydsfit)
Info: apr.M0002: Analog signal "Net_1990" is connected to one terminal only. (App=cydsfit)
Info: apr.M0002: Analog signal "Net_1991" is connected to one terminal only. (App=cydsfit)
Log: apr.M0058: The analog placement iterative improvement is 35% done. (App=cydsfit)
Log: apr.M0058: The analog placement iterative improvement is 80% done. (App=cydsfit)
Analog Routing...
Analog Code Generation...
Digital Placement...
Digital Routing...
Bitstream Generation...
Bitstream Verification...
Static timing analysis...
Warning: sta.M0019: electronicClock_timing.html: Warning-1366: Setup time violation found in a path from clock ( TFT_SPI_IntClock ) to clock ( TFT_SPI_IntClock ). (File=C:\Users\91819\Documents\HDA_Sem2\EAA\Lab\Workspace01\Workspace01\electronicClock.cydsn\electronicClock_timing.html)
API Generation...
Dependency Generation...
Cleanup...
arm-none-eabi-gcc.exe -mcpu=cortex-m3 -mthumb -I.\source\asw -I.\source\bsw -I.\source\bsw\TraceRecorder -I.\source\bsw\TraceRecorder\config -I.\source\bsw\TraceRecorder\include -I.\source\bsw\TraceRecorder\streamport -I.\source\bsw\LabBoard -I.\source\bsw\Services -I.\source\bsw\tft -I.\source\bsw\tft\fonts -I.\asw -I.\bsw -I.\rte -I.\bsw\LabBoard -I.\bsw\TraceRecorder\config -I.\bsw\TraceRecorder\include -I.\bsw\TraceRecorder\streamport -I.\bsw\Services -I.\bsw\tft -I.\bsw\tft\fonts -I. -IGenerated_Source\PSoC5 -Wa,-alh=.\CortexM3\ARM_GCC_541\Debug/swc_clock.lst -g -D DEBUG -D CY_CORE_ID=0 -Wall -ffunction-sections -ffat-lto-objects -Og -c asw\swc_clock.c -o .\CortexM3\ARM_GCC_541\Debug\swc_clock.o
In file included from .\rte/sp_common.h:21:0,
                 from asw\swc_clock.c:22:
.\rte/sc_clock.h: In function 'RTE_SC_CLOCK_setStatus':
.\rte/sc_clock.h:211:11: warning: comparison between pointer and integer
   if (NULL!=signal->pSigCfg->evOnError && NULL != pTaskArray){
           ^
.\rte/sc_clock.h: In function 'RTE_SC_CLOCK_set':
.\rte/sc_clock.h:313:12: warning: comparison between pointer and integer
    if (NULL!=signal->pSigCfg->evOnUpdate && NULL != pTaskArray){
            ^
In file included from .\rte/sp_common.h:23:0,
                 from asw\swc_clock.c:22:
.\rte/sc_event.h: In function 'RTE_SC_EVENT_setStatus':
.\rte/sc_event.h:211:11: warning: comparison between pointer and integer
   if (NULL!=signal->pSigCfg->evOnError && NULL != pTaskArray){
           ^
.\rte/sc_event.h: In function 'RTE_SC_EVENT_set':
.\rte/sc_event.h:313:12: warning: comparison between pointer and integer
    if (NULL!=signal->pSigCfg->evOnUpdate && NULL != pTaskArray){
            ^
arm-none-eabi-gcc.exe -mcpu=cortex-m3 -mthumb -I.\source\asw -I.\source\bsw -I.\source\bsw\TraceRecorder -I.\source\bsw\TraceRecorder\config -I.\source\bsw\TraceRecorder\include -I.\source\bsw\TraceRecorder\streamport -I.\source\bsw\LabBoard -I.\source\bsw\Services -I.\source\bsw\tft -I.\source\bsw\tft\fonts -I.\asw -I.\bsw -I.\rte -I.\bsw\LabBoard -I.\bsw\TraceRecorder\config -I.\bsw\TraceRecorder\include -I.\bsw\TraceRecorder\streamport -I.\bsw\Services -I.\bsw\tft -I.\bsw\tft\fonts -I. -IGenerated_Source\PSoC5 -Wa,-alh=.\CortexM3\ARM_GCC_541\Debug/tsk_control.lst -g -D DEBUG -D CY_CORE_ID=0 -Wall -ffunction-sections -ffat-lto-objects -Og -c asw\tsk_control.c -o .\CortexM3\ARM_GCC_541\Debug\tsk_control.o
arm-none-eabi-gcc.exe -mcpu=cortex-m3 -mthumb -I.\source\asw -I.\source\bsw -I.\source\bsw\TraceRecorder -I.\source\bsw\TraceRecorder\config -I.\source\bsw\TraceRecorder\include -I.\source\bsw\TraceRecorder\streamport -I.\source\bsw\LabBoard -I.\source\bsw\Services -I.\source\bsw\tft -I.\source\bsw\tft\fonts -I.\asw -I.\bsw -I.\rte -I.\bsw\LabBoard -I.\bsw\TraceRecorder\config -I.\bsw\TraceRecorder\include -I.\bsw\TraceRecorder\streamport -I.\bsw\Services -I.\bsw\tft -I.\bsw\tft\fonts -I. -IGenerated_Source\PSoC5 -Wa,-alh=.\CortexM3\ARM_GCC_541\Debug/tsk_io.lst -g -D DEBUG -D CY_CORE_ID=0 -Wall -ffunction-sections -ffat-lto-objects -Og -c asw\tsk_io.c -o .\CortexM3\ARM_GCC_541\Debug\tsk_io.o
arm-none-eabi-gcc.exe -mcpu=cortex-m3 -mthumb -I.\source\asw -I.\source\bsw -I.\source\bsw\TraceRecorder -I.\source\bsw\TraceRecorder\config -I.\source\bsw\TraceRecorder\include -I.\source\bsw\TraceRecorder\streamport -I.\source\bsw\LabBoard -I.\source\bsw\Services -I.\source\bsw\tft -I.\source\bsw\tft\fonts -I.\asw -I.\bsw -I.\rte -I.\bsw\LabBoard -I.\bsw\TraceRecorder\config -I.\bsw\TraceRecorder\include -I.\bsw\TraceRecorder\streamport -I.\bsw\Services -I.\bsw\tft -I.\bsw\tft\fonts -I. -IGenerated_Source\PSoC5 -Wa,-alh=.\CortexM3\ARM_GCC_541\Debug/main.lst -g -D DEBUG -D CY_CORE_ID=0 -Wall -ffunction-sections -ffat-lto-objects -Og -c asw\main.c -o .\CortexM3\ARM_GCC_541\Debug\main.o
asw\main.c: In function 'Functsk_event':
asw\main.c:123:14: warning: unused variable 'delayInMs' [-Wunused-variable]
     uint32_t delayInMs = 0;
              ^
arm-none-eabi-gcc.exe -mcpu=cortex-m3 -mthumb -I.\source\asw -I.\source\bsw -I.\source\bsw\TraceRecorder -I.\source\bsw\TraceRecorder\config -I.\source\bsw\TraceRecorder\include -I.\source\bsw\TraceRecorder\streamport -I.\source\bsw\LabBoard -I.\source\bsw\Services -I.\source\bsw\tft -I.\source\bsw\tft\fonts -I.\asw -I.\bsw -I.\rte -I.\bsw\LabBoard -I.\bsw\TraceRecorder\config -I.\bsw\TraceRecorder\include -I.\bsw\TraceRecorder\streamport -I.\bsw\Services -I.\bsw\tft -I.\bsw\tft\fonts -I. -IGenerated_Source\PSoC5 -Wa,-alh=.\CortexM3\ARM_GCC_541\Debug/logging.lst -g -D DEBUG -D CY_CORE_ID=0 -Wall -ffunction-sections -ffat-lto-objects -Og -c bsw\Services\logging.c -o .\CortexM3\ARM_GCC_541\Debug\logging.o
bsw\Services\logging.c: In function 'LOG_Init':
bsw\Services\logging.c:54:1: warning: control reaches end of non-void function [-Wreturn-type]
 }
 ^
arm-none-eabi-gcc.exe -mcpu=cortex-m3 -mthumb -I.\source\asw -I.\source\bsw -I.\source\bsw\TraceRecorder -I.\source\bsw\TraceRecorder\config -I.\source\bsw\TraceRecorder\include -I.\source\bsw\TraceRecorder\streamport -I.\source\bsw\LabBoard -I.\source\bsw\Services -I.\source\bsw\tft -I.\source\bsw\tft\fonts -I.\asw -I.\bsw -I.\rte -I.\bsw\LabBoard -I.\bsw\TraceRecorder\config -I.\bsw\TraceRecorder\include -I.\bsw\TraceRecorder\streamport -I.\bsw\Services -I.\bsw\tft -I.\bsw\tft\fonts -I. -IGenerated_Source\PSoC5 -Wa,-alh=.\CortexM3\ARM_GCC_541\Debug/tft.lst -g -D DEBUG -D CY_CORE_ID=0 -Wall -ffunction-sections -ffat-lto-objects -Og -c bsw\tft\tft.c -o .\CortexM3\ARM_GCC_541\Debug\tft.o
In file included from Generated_Source\PSoC5/cyfitter_cfg.h:20:0,
                 from Generated_Source\PSoC5/project.h:17,
                 from .\bsw\Services/ringbuffer.h:29,
                 from .\bsw\Services/logging.h:35,
                 from bsw\tft\tft.c:24:
Generated_Source\PSoC5/cytypes.h:1372:0: warning: "LO8" redefined
 #define LO8(x)                  ((uint8) ((x) & 0xFFu))
 ^
In file included from bsw\tft\TFT.h:29:0,
                 from bsw\tft\tft.c:20:
.\bsw/global.h:306:0: note: this is the location of the previous definition
  # define LO8(x)   ((uint8_t) ((x) & 0xFFu))
 ^
In file included from Generated_Source\PSoC5/cyfitter_cfg.h:20:0,
                 from Generated_Source\PSoC5/project.h:17,
                 from .\bsw\Services/ringbuffer.h:29,
                 from .\bsw\Services/logging.h:35,
                 from bsw\tft\tft.c:24:
Generated_Source\PSoC5/cytypes.h:1373:0: warning: "HI8" redefined
 #define HI8(x)                  ((uint8) ((uint16)(x) >> 8))
 ^
In file included from bsw\tft\TFT.h:29:0,
                 from bsw\tft\tft.c:20:
.\bsw/global.h:311:0: note: this is the location of the previous definition
  # define HI8(x)   ((uint8_t) ((uint16_t)(x) >> 8))
 ^
In file included from Generated_Source\PSoC5/cyfitter_cfg.h:20:0,
                 from Generated_Source\PSoC5/project.h:17,
                 from .\bsw\Services/ringbuffer.h:29,
                 from .\bsw\Services/logging.h:35,
                 from bsw\tft\tft.c:24:
Generated_Source\PSoC5/cytypes.h:1376:0: warning: "LO16" redefined
 #define LO16(x)                 ((uint16) ((x) & 0xFFFFu))
 ^
In file included from bsw\tft\TFT.h:29:0,
                 from bsw\tft\tft.c:20:
.\bsw/global.h:316:0: note: this is the location of the previous definition
  # define LO16(x)   ((uint16_t) ((x) & 0xFFFFu))
 ^
In file included from Generated_Source\PSoC5/cyfitter_cfg.h:20:0,
                 from Generated_Source\PSoC5/project.h:17,
                 from .\bsw\Services/ringbuffer.h:29,
                 from .\bsw\Services/logging.h:35,
                 from bsw\tft\tft.c:24:
Generated_Source\PSoC5/cytypes.h:1377:0: warning: "HI16" redefined
 #define HI16(x)                 ((uint16) ((uint32)(x) >> 16))
 ^
In file included from bsw\tft\TFT.h:29:0,
                 from bsw\tft\tft.c:20:
.\bsw/global.h:321:0: note: this is the location of the previous definition
  # define HI16(x)   ((uint16_t) ((uint32_t)(x) >> 16))
 ^
arm-none-eabi-gcc.exe -mcpu=cortex-m3 -mthumb -I.\source\asw -I.\source\bsw -I.\source\bsw\TraceRecorder -I.\source\bsw\TraceRecorder\config -I.\source\bsw\TraceRecorder\include -I.\source\bsw\TraceRecorder\streamport -I.\source\bsw\LabBoard -I.\source\bsw\Services -I.\source\bsw\tft -I.\source\bsw\tft\fonts -I.\asw -I.\bsw -I.\rte -I.\bsw\LabBoard -I.\bsw\TraceRecorder\config -I.\bsw\TraceRecorder\include -I.\bsw\TraceRecorder\streamport -I.\bsw\Services -I.\bsw\tft -I.\bsw\tft\fonts -I. -IGenerated_Source\PSoC5 -Wa,-alh=.\CortexM3\ARM_GCC_541\Debug/trcKernelPort.lst -g -D DEBUG -D CY_CORE_ID=0 -Wall -ffunction-sections -ffat-lto-objects -Og -c bsw\TraceRecorder\trcKernelPort.c -o .\CortexM3\ARM_GCC_541\Debug\trcKernelPort.o
In file included from .\bsw\TraceRecorder\include/trcRecorder.h:83:0,
                 from .\bsw\TraceRecorder\include/ERIKAPorting.h:24,
                 from bsw\TraceRecorder\trcKernelPort.c:45:
bsw\TraceRecorder\trcKernelPort.c: In function 'FuncTzCtrl':
bsw\TraceRecorder\trcKernelPort.c:161:39: warning: passing argument 1 of 'trcUARTReceive' from incompatible pointer type [-Wincompatible-pointer-types]
    status = TRC_STREAM_PORT_READ_DATA(&msg, sizeof(TracealyzerCommandType), (int32_t*)&bytes);
                                       ^
.\bsw\TraceRecorder\streamport/trcStreamingPort.h:144:83: note: in definition of macro 'TRC_STREAM_PORT_READ_DATA'
 #define TRC_STREAM_PORT_READ_DATA(_ptrData, _size, _ptrBytesRead)  trcUARTReceive(_ptrData, _size, _ptrBytesRead)
                                                                                   ^
In file included from .\bsw\TraceRecorder\include/trcRecorder.h:83:0,
                 from .\bsw\TraceRecorder\include/ERIKAPorting.h:24,
                 from bsw\TraceRecorder\trcKernelPort.c:45:
.\bsw\TraceRecorder\streamport/trcStreamingPort.h:103:9: note: expected 'uint8_t * {aka unsigned char *}' but argument is of type 'TracealyzerCommandType * {aka struct <anonymous> *}'
 int32_t trcUARTReceive(uint8_t* p_data, uint32_t size, int32_t* p_NumBytes);
         ^
In file included from .\bsw\TraceRecorder\include/trcRecorder.h:83:0,
                 from .\bsw\TraceRecorder\include/ERIKAPorting.h:24,
                 from bsw\TraceRecorder\trcKernelPort.c:45:
bsw\TraceRecorder\trcKernelPort.c: In function 'vTraceEnable':
bsw\TraceRecorder\trcKernelPort.c:377:39: warning: passing argument 1 of 'trcUARTReceive' from incompatible pointer type [-Wincompatible-pointer-types]
    status = TRC_STREAM_PORT_READ_DATA(&msg, sizeof(TracealyzerCommandType), (int32_t*)&bytes);
                                       ^
.\bsw\TraceRecorder\streamport/trcStreamingPort.h:144:83: note: in definition of macro 'TRC_STREAM_PORT_READ_DATA'
 #define TRC_STREAM_PORT_READ_DATA(_ptrData, _size, _ptrBytesRead)  trcUARTReceive(_ptrData, _size, _ptrBytesRead)
                                                                                   ^
In file included from .\bsw\TraceRecorder\include/trcRecorder.h:83:0,
                 from .\bsw\TraceRecorder\include/ERIKAPorting.h:24,
                 from bsw\TraceRecorder\trcKernelPort.c:45:
.\bsw\TraceRecorder\streamport/trcStreamingPort.h:103:9: note: expected 'uint8_t * {aka unsigned char *}' but argument is of type 'TracealyzerCommandType * {aka struct <anonymous> *}'
 int32_t trcUARTReceive(uint8_t* p_data, uint32_t size, int32_t* p_NumBytes);
         ^
arm-none-eabi-gcc.exe -mcpu=cortex-m3 -mthumb -I.\source\asw -I.\source\bsw -I.\source\bsw\TraceRecorder -I.\source\bsw\TraceRecorder\config -I.\source\bsw\TraceRecorder\include -I.\source\bsw\TraceRecorder\streamport -I.\source\bsw\LabBoard -I.\source\bsw\Services -I.\source\bsw\tft -I.\source\bsw\tft\fonts -I.\asw -I.\bsw -I.\rte -I.\bsw\LabBoard -I.\bsw\TraceRecorder\config -I.\bsw\TraceRecorder\include -I.\bsw\TraceRecorder\streamport -I.\bsw\Services -I.\bsw\tft -I.\bsw\tft\fonts -I. -IGenerated_Source\PSoC5 -Wa,-alh=.\CortexM3\ARM_GCC_541\Debug/trcSnapshotRecorder.lst -g -D DEBUG -D CY_CORE_ID=0 -Wall -ffunction-sections -ffat-lto-objects -Og -c bsw\TraceRecorder\trcSnapshotRecorder.c -o .\CortexM3\ARM_GCC_541\Debug\trcSnapshotRecorder.o
arm-none-eabi-gcc.exe -mcpu=cortex-m3 -mthumb -I.\source\asw -I.\source\bsw -I.\source\bsw\TraceRecorder -I.\source\bsw\TraceRecorder\config -I.\source\bsw\TraceRecorder\include -I.\source\bsw\TraceRecorder\streamport -I.\source\bsw\LabBoard -I.\source\bsw\Services -I.\source\bsw\tft -I.\source\bsw\tft\fonts -I.\asw -I.\bsw -I.\rte -I.\bsw\LabBoard -I.\bsw\TraceRecorder\config -I.\bsw\TraceRecorder\include -I.\bsw\TraceRecorder\streamport -I.\bsw\Services -I.\bsw\tft -I.\bsw\tft\fonts -I. -IGenerated_Source\PSoC5 -Wa,-alh=.\CortexM3\ARM_GCC_541\Debug/trcStreamingRecorder.lst -g -D DEBUG -D CY_CORE_ID=0 -Wall -ffunction-sections -ffat-lto-objects -Og -c bsw\TraceRecorder\trcStreamingRecorder.c -o .\CortexM3\ARM_GCC_541\Debug\trcStreamingRecorder.o
In file included from .\bsw\TraceRecorder\include/trcRecorder.h:84:0,
                 from bsw\TraceRecorder\trcStreamingRecorder.c:45:
bsw\TraceRecorder\trcStreamingRecorder.c: In function 'vTraceStoreISREnd':
.\bsw\TraceRecorder\include/trcKernelPort.h:1414:34: warning: implicit declaration of function 'prvTraceGetCurrentTaskId' [-Wimplicit-function-declaration]
 #define TRACE_GET_CURRENT_TASK() prvTraceGetCurrentTaskId()
                                  ^
bsw\TraceRecorder\trcStreamingRecorder.c:614:55: note: in expansion of macro 'TRACE_GET_CURRENT_TASK'
    prvTraceStoreEvent1(PSF_EVENT_TS_RESUME, (uint32_t)TRACE_GET_CURRENT_TASK());
                                                       ^
bsw\TraceRecorder\trcStreamingRecorder.c: In function 'prvSetRecorderEnabled':
bsw\TraceRecorder\trcStreamingRecorder.c:805:14: warning: assignment makes pointer from integer without a cast [-Wint-conversion]
  currentTask = TRACE_GET_CURRENT_TASK();
              ^
In file included from .\bsw\TraceRecorder\include/trcRecorder.h:83:0,
                 from bsw\TraceRecorder\trcStreamingRecorder.c:45:
bsw\TraceRecorder\trcStreamingRecorder.c: In function 'prvPagedEventBufferTransfer':
bsw\TraceRecorder\trcStreamingRecorder.c:1755:6: warning: pointer targets in passing argument 1 of 'trcUARTTransmit' differ in signedness [-Wpointer-sign]
      &EventBuffer[pageToTransfer * (TRC_CFG_PAGED_EVENT_BUFFER_PAGE_SIZE) + bytesTransferredTotal],
      ^
.\bsw\TraceRecorder\streamport/trcStreamingPort.h:147:85: note: in definition of macro 'TRC_STREAM_PORT_WRITE_DATA'
 #define TRC_STREAM_PORT_WRITE_DATA(_ptrData, _size, _ptrBytesSent)  trcUARTTransmit(_ptrData, _size, _ptrBytesSent)
                                                                                     ^
In file included from .\bsw\TraceRecorder\include/trcRecorder.h:83:0,
                 from bsw\TraceRecorder\trcStreamingRecorder.c:45:
.\bsw\TraceRecorder\streamport/trcStreamingPort.h:112:9: note: expected 'uint8_t * {aka unsigned char *}' but argument is of type 'char *'
 int32_t trcUARTTransmit(uint8_t* p_data, uint32_t size, int32_t* p_NumBytes);
         ^
arm-none-eabi-gcc.exe -mcpu=cortex-m3 -mthumb -I.\source\asw -I.\source\bsw -I.\source\bsw\TraceRecorder -I.\source\bsw\TraceRecorder\config -I.\source\bsw\TraceRecorder\include -I.\source\bsw\TraceRecorder\streamport -I.\source\bsw\LabBoard -I.\source\bsw\Services -I.\source\bsw\tft -I.\source\bsw\tft\fonts -I.\asw -I.\bsw -I.\rte -I.\bsw\LabBoard -I.\bsw\TraceRecorder\config -I.\bsw\TraceRecorder\include -I.\bsw\TraceRecorder\streamport -I.\bsw\Services -I.\bsw\tft -I.\bsw\tft\fonts -I. -IGenerated_Source\PSoC5 -Wa,-alh=.\CortexM3\ARM_GCC_541\Debug/button.lst -g -D DEBUG -D CY_CORE_ID=0 -Wall -ffunction-sections -ffat-lto-objects -Og -c bsw\LabBoard\button.c -o .\CortexM3\ARM_GCC_541\Debug\button.o
arm-none-eabi-gcc.exe -mcpu=cortex-m3 -mthumb -I.\source\asw -I.\source\bsw -I.\source\bsw\TraceRecorder -I.\source\bsw\TraceRecorder\config -I.\source\bsw\TraceRecorder\include -I.\source\bsw\TraceRecorder\streamport -I.\source\bsw\LabBoard -I.\source\bsw\Services -I.\source\bsw\tft -I.\source\bsw\tft\fonts -I.\asw -I.\bsw -I.\rte -I.\bsw\LabBoard -I.\bsw\TraceRecorder\config -I.\bsw\TraceRecorder\include -I.\bsw\TraceRecorder\streamport -I.\bsw\Services -I.\bsw\tft -I.\bsw\tft\fonts -I. -IGenerated_Source\PSoC5 -Wa,-alh=.\CortexM3\ARM_GCC_541\Debug/joystick.lst -g -D DEBUG -D CY_CORE_ID=0 -Wall -ffunction-sections -ffat-lto-objects -Og -c bsw\LabBoard\joystick.c -o .\CortexM3\ARM_GCC_541\Debug\joystick.o
arm-none-eabi-gcc.exe -mcpu=cortex-m3 -mthumb -I.\source\asw -I.\source\bsw -I.\source\bsw\TraceRecorder -I.\source\bsw\TraceRecorder\config -I.\source\bsw\TraceRecorder\include -I.\source\bsw\TraceRecorder\streamport -I.\source\bsw\LabBoard -I.\source\bsw\Services -I.\source\bsw\tft -I.\source\bsw\tft\fonts -I.\asw -I.\bsw -I.\rte -I.\bsw\LabBoard -I.\bsw\TraceRecorder\config -I.\bsw\TraceRecorder\include -I.\bsw\TraceRecorder\streamport -I.\bsw\Services -I.\bsw\tft -I.\bsw\tft\fonts -I. -IGenerated_Source\PSoC5 -Wa,-alh=.\CortexM3\ARM_GCC_541\Debug/led.lst -g -D DEBUG -D CY_CORE_ID=0 -Wall -ffunction-sections -ffat-lto-objects -Og -c bsw\LabBoard\led.c -o .\CortexM3\ARM_GCC_541\Debug\led.o
arm-none-eabi-gcc.exe -mcpu=cortex-m3 -mthumb -I.\source\asw -I.\source\bsw -I.\source\bsw\TraceRecorder -I.\source\bsw\TraceRecorder\config -I.\source\bsw\TraceRecorder\include -I.\source\bsw\TraceRecorder\streamport -I.\source\bsw\LabBoard -I.\source\bsw\Services -I.\source\bsw\tft -I.\source\bsw\tft\fonts -I.\asw -I.\bsw -I.\rte -I.\bsw\LabBoard -I.\bsw\TraceRecorder\config -I.\bsw\TraceRecorder\include -I.\bsw\TraceRecorder\streamport -I.\bsw\Services -I.\bsw\tft -I.\bsw\tft\fonts -I. -IGenerated_Source\PSoC5 -Wa,-alh=.\CortexM3\ARM_GCC_541\Debug/seven.lst -g -D DEBUG -D CY_CORE_ID=0 -Wall -ffunction-sections -ffat-lto-objects -Og -c bsw\LabBoard\seven.c -o .\CortexM3\ARM_GCC_541\Debug\seven.o
arm-none-eabi-gcc.exe -mcpu=cortex-m3 -mthumb -I.\source\asw -I.\source\bsw -I.\source\bsw\TraceRecorder -I.\source\bsw\TraceRecorder\config -I.\source\bsw\TraceRecorder\include -I.\source\bsw\TraceRecorder\streamport -I.\source\bsw\LabBoard -I.\source\bsw\Services -I.\source\bsw\tft -I.\source\bsw\tft\fonts -I.\asw -I.\bsw -I.\rte -I.\bsw\LabBoard -I.\bsw\TraceRecorder\config -I.\bsw\TraceRecorder\include -I.\bsw\TraceRecorder\streamport -I.\bsw\Services -I.\bsw\tft -I.\bsw\tft\fonts -I. -IGenerated_Source\PSoC5 -Wa,-alh=.\CortexM3\ARM_GCC_541\Debug/rte.lst -g -D DEBUG -D CY_CORE_ID=0 -Wall -ffunction-sections -ffat-lto-objects -Og -c rte\rte.c -o .\CortexM3\ARM_GCC_541\Debug\rte.o
In file included from Generated_Source\PSoC5/cyfitter_cfg.h:20:0,
                 from Generated_Source\PSoC5/project.h:17,
                 from rte\rte.h:81,
                 from rte\rte.c:23:
Generated_Source\PSoC5/cytypes.h:1372:0: warning: "LO8" redefined
 #define LO8(x)                  ((uint8) ((x) & 0xFFu))
 ^
In file included from rte\rte.h:80:0,
                 from rte\rte.c:23:
.\bsw/global.h:306:0: note: this is the location of the previous definition
  # define LO8(x)   ((uint8_t) ((x) & 0xFFu))
 ^
In file included from Generated_Source\PSoC5/cyfitter_cfg.h:20:0,
                 from Generated_Source\PSoC5/project.h:17,
                 from rte\rte.h:81,
                 from rte\rte.c:23:
Generated_Source\PSoC5/cytypes.h:1373:0: warning: "HI8" redefined
 #define HI8(x)                  ((uint8) ((uint16)(x) >> 8))
 ^
In file included from rte\rte.h:80:0,
                 from rte\rte.c:23:
.\bsw/global.h:311:0: note: this is the location of the previous definition
  # define HI8(x)   ((uint8_t) ((uint16_t)(x) >> 8))
 ^
In file included from Generated_Source\PSoC5/cyfitter_cfg.h:20:0,
                 from Generated_Source\PSoC5/project.h:17,
                 from rte\rte.h:81,
                 from rte\rte.c:23:
Generated_Source\PSoC5/cytypes.h:1376:0: warning: "LO16" redefined
 #define LO16(x)                 ((uint16) ((x) & 0xFFFFu))
 ^
In file included from rte\rte.h:80:0,
                 from rte\rte.c:23:
.\bsw/global.h:316:0: note: this is the location of the previous definition
  # define LO16(x)   ((uint16_t) ((x) & 0xFFFFu))
 ^
In file included from Generated_Source\PSoC5/cyfitter_cfg.h:20:0,
                 from Generated_Source\PSoC5/project.h:17,
                 from rte\rte.h:81,
                 from rte\rte.c:23:
Generated_Source\PSoC5/cytypes.h:1377:0: warning: "HI16" redefined
 #define HI16(x)                 ((uint16) ((uint32)(x) >> 16))
 ^
In file included from rte\rte.h:80:0,
                 from rte\rte.c:23:
.\bsw/global.h:321:0: note: this is the location of the previous definition
  # define HI16(x)   ((uint16_t) ((uint32_t)(x) >> 16))
 ^
rte\rte.c: In function 'RTE_ProcessCyclicTable':
rte\rte.c:71:1: warning: control reaches end of non-void function [-Wreturn-type]
 }
 ^
rte\rte.c: In function 'RTE_ProcessEventTable':
rte\rte.c:92:1: warning: control reaches end of non-void function [-Wreturn-type]
 }
 ^
arm-none-eabi-gcc.exe -mcpu=cortex-m3 -mthumb -I.\source\asw -I.\source\bsw -I.\source\bsw\TraceRecorder -I.\source\bsw\TraceRecorder\config -I.\source\bsw\TraceRecorder\include -I.\source\bsw\TraceRecorder\streamport -I.\source\bsw\LabBoard -I.\source\bsw\Services -I.\source\bsw\tft -I.\source\bsw\tft\fonts -I.\asw -I.\bsw -I.\rte -I.\bsw\LabBoard -I.\bsw\TraceRecorder\config -I.\bsw\TraceRecorder\include -I.\bsw\TraceRecorder\streamport -I.\bsw\Services -I.\bsw\tft -I.\bsw\tft\fonts -I. -IGenerated_Source\PSoC5 -Wa,-alh=.\CortexM3\ARM_GCC_541\Debug/sc_clock.lst -g -D DEBUG -D CY_CORE_ID=0 -Wall -ffunction-sections -ffat-lto-objects -Og -c rte\sc_clock.c -o .\CortexM3\ARM_GCC_541\Debug\sc_clock.o
arm-none-eabi-gcc.exe -mcpu=cortex-m3 -mthumb -I.\source\asw -I.\source\bsw -I.\source\bsw\TraceRecorder -I.\source\bsw\TraceRecorder\config -I.\source\bsw\TraceRecorder\include -I.\source\bsw\TraceRecorder\streamport -I.\source\bsw\LabBoard -I.\source\bsw\Services -I.\source\bsw\tft -I.\source\bsw\tft\fonts -I.\asw -I.\bsw -I.\rte -I.\bsw\LabBoard -I.\bsw\TraceRecorder\config -I.\bsw\TraceRecorder\include -I.\bsw\TraceRecorder\streamport -I.\bsw\Services -I.\bsw\tft -I.\bsw\tft\fonts -I. -IGenerated_Source\PSoC5 -Wa,-alh=.\CortexM3\ARM_GCC_541\Debug/sc_clock_type.lst -g -D DEBUG -D CY_CORE_ID=0 -Wall -ffunction-sections -ffat-lto-objects -Og -c rte\sc_clock_type.c -o .\CortexM3\ARM_GCC_541\Debug\sc_clock_type.o
arm-none-eabi-gcc.exe -mcpu=cortex-m3 -mthumb -I.\source\asw -I.\source\bsw -I.\source\bsw\TraceRecorder -I.\source\bsw\TraceRecorder\config -I.\source\bsw\TraceRecorder\include -I.\source\bsw\TraceRecorder\streamport -I.\source\bsw\LabBoard -I.\source\bsw\Services -I.\source\bsw\tft -I.\source\bsw\tft\fonts -I.\asw -I.\bsw -I.\rte -I.\bsw\LabBoard -I.\bsw\TraceRecorder\config -I.\bsw\TraceRecorder\include -I.\bsw\TraceRecorder\streamport -I.\bsw\Services -I.\bsw\tft -I.\bsw\tft\fonts -I. -IGenerated_Source\PSoC5 -Wa,-alh=.\CortexM3\ARM_GCC_541\Debug/sc_event.lst -g -D DEBUG -D CY_CORE_ID=0 -Wall -ffunction-sections -ffat-lto-objects -Og -c rte\sc_event.c -o .\CortexM3\ARM_GCC_541\Debug\sc_event.o
arm-none-eabi-gcc.exe -mcpu=cortex-m3 -mthumb -I.\source\asw -I.\source\bsw -I.\source\bsw\TraceRecorder -I.\source\bsw\TraceRecorder\config -I.\source\bsw\TraceRecorder\include -I.\source\bsw\TraceRecorder\streamport -I.\source\bsw\LabBoard -I.\source\bsw\Services -I.\source\bsw\tft -I.\source\bsw\tft\fonts -I.\asw -I.\bsw -I.\rte -I.\bsw\LabBoard -I.\bsw\TraceRecorder\config -I.\bsw\TraceRecorder\include -I.\bsw\TraceRecorder\streamport -I.\bsw\Services -I.\bsw\tft -I.\bsw\tft\fonts -I. -IGenerated_Source\PSoC5 -Wa,-alh=.\CortexM3\ARM_GCC_541\Debug/sc_event_type.lst -g -D DEBUG -D CY_CORE_ID=0 -Wall -ffunction-sections -ffat-lto-objects -Og -c rte\sc_event_type.c -o .\CortexM3\ARM_GCC_541\Debug\sc_event_type.o
arm-none-eabi-gcc.exe -mcpu=cortex-m3 -mthumb -I.\source\asw -I.\source\bsw -I.\source\bsw\TraceRecorder -I.\source\bsw\TraceRecorder\config -I.\source\bsw\TraceRecorder\include -I.\source\bsw\TraceRecorder\streamport -I.\source\bsw\LabBoard -I.\source\bsw\Services -I.\source\bsw\tft -I.\source\bsw\tft\fonts -I.\asw -I.\bsw -I.\rte -I.\bsw\LabBoard -I.\bsw\TraceRecorder\config -I.\bsw\TraceRecorder\include -I.\bsw\TraceRecorder\streamport -I.\bsw\Services -I.\bsw\tft -I.\bsw\tft\fonts -I. -IGenerated_Source\PSoC5 -Wa,-alh=.\CortexM3\ARM_GCC_541\Debug/sp_common.lst -g -D DEBUG -D CY_CORE_ID=0 -Wall -ffunction-sections -ffat-lto-objects -Og -c rte\sp_common.c -o .\CortexM3\ARM_GCC_541\Debug\sp_common.o
In file included from rte\sp_common.h:21:0,
                 from rte\sp_common.c:13:
rte\sc_clock.h: In function 'RTE_SC_CLOCK_setStatus':
rte\sc_clock.h:211:11: warning: comparison between pointer and integer
   if (NULL!=signal->pSigCfg->evOnError && NULL != pTaskArray){
           ^
rte\sc_clock.h: In function 'RTE_SC_CLOCK_set':
rte\sc_clock.h:313:12: warning: comparison between pointer and integer
    if (NULL!=signal->pSigCfg->evOnUpdate && NULL != pTaskArray){
            ^
In file included from rte\sp_common.h:23:0,
                 from rte\sp_common.c:13:
rte\sc_event.h: In function 'RTE_SC_EVENT_setStatus':
rte\sc_event.h:211:11: warning: comparison between pointer and integer
   if (NULL!=signal->pSigCfg->evOnError && NULL != pTaskArray){
           ^
rte\sc_event.h: In function 'RTE_SC_EVENT_set':
rte\sc_event.h:313:12: warning: comparison between pointer and integer
    if (NULL!=signal->pSigCfg->evOnUpdate && NULL != pTaskArray){
            ^
rte\sp_common.c: At top level:
rte\sp_common.c:103:30: warning: initialization makes integer from pointer without a cast [-Wint-conversion]
    /* resource           */  NULL,
                              ^
rte\sp_common.c:103:30: note: (near initialization for 'SO_DISPLAY_cfg.resource')
rte\sp_common.c:145:30: warning: initialization discards 'const' qualifier from pointer target type [-Wdiscarded-array-qualifiers]
    /* task list onUpdate */  &so_event_updTasks,
                              ^
arm-none-eabi-gcc.exe -mcpu=cortex-m3 -mthumb -I.\source\asw -I.\source\bsw -I.\source\bsw\TraceRecorder -I.\source\bsw\TraceRecorder\config -I.\source\bsw\TraceRecorder\include -I.\source\bsw\TraceRecorder\streamport -I.\source\bsw\LabBoard -I.\source\bsw\Services -I.\source\bsw\tft -I.\source\bsw\tft\fonts -I.\asw -I.\bsw -I.\rte -I.\bsw\LabBoard -I.\bsw\TraceRecorder\config -I.\bsw\TraceRecorder\include -I.\bsw\TraceRecorder\streamport -I.\bsw\Services -I.\bsw\tft -I.\bsw\tft\fonts -I. -IGenerated_Source\PSoC5 -Wa,-alh=.\CortexM3\ARM_GCC_541\Debug/cyfitter_cfg.lst -g -D DEBUG -D CY_CORE_ID=0 -Wall -ffunction-sections -ffat-lto-objects -Og -c Generated_Source\PSoC5\cyfitter_cfg.c -o .\CortexM3\ARM_GCC_541\Debug\cyfitter_cfg.o
arm-none-eabi-gcc.exe -mcpu=cortex-m3 -mthumb -I.\source\asw -I.\source\bsw -I.\source\bsw\TraceRecorder -I.\source\bsw\TraceRecorder\config -I.\source\bsw\TraceRecorder\include -I.\source\bsw\TraceRecorder\streamport -I.\source\bsw\LabBoard -I.\source\bsw\Services -I.\source\bsw\tft -I.\source\bsw\tft\fonts -I.\asw -I.\bsw -I.\rte -I.\bsw\LabBoard -I.\bsw\TraceRecorder\config -I.\bsw\TraceRecorder\include -I.\bsw\TraceRecorder\streamport -I.\bsw\Services -I.\bsw\tft -I.\bsw\tft\fonts -I. -IGenerated_Source\PSoC5 -Wa,-alh=.\CortexM3\ARM_GCC_541\Debug/cymetadata.lst -g -D DEBUG -D CY_CORE_ID=0 -Wall -ffunction-sections -ffat-lto-objects -Og -c Generated_Source\PSoC5\cymetadata.c -o .\CortexM3\ARM_GCC_541\Debug\cymetadata.o
arm-none-eabi-gcc.exe -mcpu=cortex-m3 -mthumb -I.\source\asw -I.\source\bsw -I.\source\bsw\TraceRecorder -I.\source\bsw\TraceRecorder\config -I.\source\bsw\TraceRecorder\include -I.\source\bsw\TraceRecorder\streamport -I.\source\bsw\LabBoard -I.\source\bsw\Services -I.\source\bsw\tft -I.\source\bsw\tft\fonts -I.\asw -I.\bsw -I.\rte -I.\bsw\LabBoard -I.\bsw\TraceRecorder\config -I.\bsw\TraceRecorder\include -I.\bsw\TraceRecorder\streamport -I.\bsw\Services -I.\bsw\tft -I.\bsw\tft\fonts -I. -IGenerated_Source\PSoC5 -Wa,-alh=.\CortexM3\ARM_GCC_541\Debug/ErikaOS_1_ee_activate.lst -g -D DEBUG -D CY_CORE_ID=0 -Wall -ffunction-sections -ffat-lto-objects -Og -c Generated_Source\PSoC5\ErikaOS_1_ee_activate.c -o .\CortexM3\ARM_GCC_541\Debug\ErikaOS_1_ee_activate.o
arm-none-eabi-gcc.exe -mcpu=cortex-m3 -mthumb -I.\source\asw -I.\source\bsw -I.\source\bsw\TraceRecorder -I.\source\bsw\TraceRecorder\config -I.\source\bsw\TraceRecorder\include -I.\source\bsw\TraceRecorder\streamport -I.\source\bsw\LabBoard -I.\source\bsw\Services -I.\source\bsw\tft -I.\source\bsw\tft\fonts -I.\asw -I.\bsw -I.\rte -I.\bsw\LabBoard -I.\bsw\TraceRecorder\config -I.\bsw\TraceRecorder\include -I.\bsw\TraceRecorder\streamport -I.\bsw\Services -I.\bsw\tft -I.\bsw\tft\fonts -I. -IGenerated_Source\PSoC5 -Wa,-alh=.\CortexM3\ARM_GCC_541\Debug/ErikaOS_1_ee_alcancel.lst -g -D DEBUG -D CY_CORE_ID=0 -Wall -ffunction-sections -ffat-lto-objects -Og -c Generated_Source\PSoC5\ErikaOS_1_ee_alcancel.c -o .\CortexM3\ARM_GCC_541\Debug\ErikaOS_1_ee_alcancel.o
arm-none-eabi-gcc.exe -mcpu=cortex-m3 -mthumb -I.\source\asw -I.\source\bsw -I.\source\bsw\TraceRecorder -I.\source\bsw\TraceRecorder\config -I.\source\bsw\TraceRecorder\include -I.\source\bsw\TraceRecorder\streamport -I.\source\bsw\LabBoard -I.\source\bsw\Services -I.\source\bsw\tft -I.\source\bsw\tft\fonts -I.\asw -I.\bsw -I.\rte -I.\bsw\LabBoard -I.\bsw\TraceRecorder\config -I.\bsw\TraceRecorder\include -I.\bsw\TraceRecorder\streamport -I.\bsw\Services -I.\bsw\tft -I.\bsw\tft\fonts -I. -IGenerated_Source\PSoC5 -Wa,-alh=.\CortexM3\ARM_GCC_541\Debug/ErikaOS_1_ee_alget.lst -g -D DEBUG -D CY_CORE_ID=0 -Wall -ffunction-sections -ffat-lto-objects -Og -c Generated_Source\PSoC5\ErikaOS_1_ee_alget.c -o .\CortexM3\ARM_GCC_541\Debug\ErikaOS_1_ee_alget.o
arm-none-eabi-gcc.exe -mcpu=cortex-m3 -mthumb -I.\source\asw -I.\source\bsw -I.\source\bsw\TraceRecorder -I.\source\bsw\TraceRecorder\config -I.\source\bsw\TraceRecorder\include -I.\source\bsw\TraceRecorder\streamport -I.\source\bsw\LabBoard -I.\source\bsw\Services -I.\source\bsw\tft -I.\source\bsw\tft\fonts -I.\asw -I.\bsw -I.\rte -I.\bsw\LabBoard -I.\bsw\TraceRecorder\config -I.\bsw\TraceRecorder\include -I.\bsw\TraceRecorder\streamport -I.\bsw\Services -I.\bsw\tft -I.\bsw\tft\fonts -I. -IGenerated_Source\PSoC5 -Wa,-alh=.\CortexM3\ARM_GCC_541\Debug/ErikaOS_1_ee_algetbase.lst -g -D DEBUG -D CY_CORE_ID=0 -Wall -ffunction-sections -ffat-lto-objects -Og -c Generated_Source\PSoC5\ErikaOS_1_ee_algetbase.c -o .\CortexM3\ARM_GCC_541\Debug\ErikaOS_1_ee_algetbase.o
arm-none-eabi-gcc.exe -mcpu=cortex-m3 -mthumb -I.\source\asw -I.\source\bsw -I.\source\bsw\TraceRecorder -I.\source\bsw\TraceRecorder\config -I.\source\bsw\TraceRecorder\include -I.\source\bsw\TraceRecorder\streamport -I.\source\bsw\LabBoard -I.\source\bsw\Services -I.\source\bsw\tft -I.\source\bsw\tft\fonts -I.\asw -I.\bsw -I.\rte -I.\bsw\LabBoard -I.\bsw\TraceRecorder\config -I.\bsw\TraceRecorder\include -I.\bsw\TraceRecorder\streamport -I.\bsw\Services -I.\bsw\tft -I.\bsw\tft\fonts -I. -IGenerated_Source\PSoC5 -Wa,-alh=.\CortexM3\ARM_GCC_541\Debug/ErikaOS_1_ee_alsetabs.lst -g -D DEBUG -D CY_CORE_ID=0 -Wall -ffunction-sections -ffat-lto-objects -Og -c Generated_Source\PSoC5\ErikaOS_1_ee_alsetabs.c -o .\CortexM3\ARM_GCC_541\Debug\ErikaOS_1_ee_alsetabs.o
arm-none-eabi-gcc.exe -mcpu=cortex-m3 -mthumb -I.\source\asw -I.\source\bsw -I.\source\bsw\TraceRecorder -I.\source\bsw\TraceRecorder\config -I.\source\bsw\TraceRecorder\include -I.\source\bsw\TraceRecorder\streamport -I.\source\bsw\LabBoard -I.\source\bsw\Services -I.\source\bsw\tft -I.\source\bsw\tft\fonts -I.\asw -I.\bsw -I.\rte -I.\bsw\LabBoard -I.\bsw\TraceRecorder\config -I.\bsw\TraceRecorder\include -I.\bsw\TraceRecorder\streamport -I.\bsw\Services -I.\bsw\tft -I.\bsw\tft\fonts -I. -IGenerated_Source\PSoC5 -Wa,-alh=.\CortexM3\ARM_GCC_541\Debug/ErikaOS_1_ee_alsetrel.lst -g -D DEBUG -D CY_CORE_ID=0 -Wall -ffunction-sections -ffat-lto-objects -Og -c Generated_Source\PSoC5\ErikaOS_1_ee_alsetrel.c -o .\CortexM3\ARM_GCC_541\Debug\ErikaOS_1_ee_alsetrel.o
arm-none-eabi-gcc.exe -mcpu=cortex-m3 -mthumb -I.\source\asw -I.\source\bsw -I.\source\bsw\TraceRecorder -I.\source\bsw\TraceRecorder\config -I.\source\bsw\TraceRecorder\include -I.\source\bsw\TraceRecorder\streamport -I.\source\bsw\LabBoard -I.\source\bsw\Services -I.\source\bsw\tft -I.\source\bsw\tft\fonts -I.\asw -I.\bsw -I.\rte -I.\bsw\LabBoard -I.\bsw\TraceRecorder\config -I.\bsw\TraceRecorder\include -I.\bsw\TraceRecorder\streamport -I.\bsw\Services -I.\bsw\tft -I.\bsw\tft\fonts -I. -IGenerated_Source\PSoC5 -Wa,-alh=.\CortexM3\ARM_GCC_541\Debug/ErikaOS_1_ee_altick.lst -g -D DEBUG -D CY_CORE_ID=0 -Wall -ffunction-sections -ffat-lto-objects -Og -c Generated_Source\PSoC5\ErikaOS_1_ee_altick.c -o .\CortexM3\ARM_GCC_541\Debug\ErikaOS_1_ee_altick.o
arm-none-eabi-gcc.exe -mcpu=cortex-m3 -mthumb -I.\source\asw -I.\source\bsw -I.\source\bsw\TraceRecorder -I.\source\bsw\TraceRecorder\config -I.\source\bsw\TraceRecorder\include -I.\source\bsw\TraceRecorder\streamport -I.\source\bsw\LabBoard -I.\source\bsw\Services -I.\source\bsw\tft -I.\source\bsw\tft\fonts -I.\asw -I.\bsw -I.\rte -I.\bsw\LabBoard -I.\bsw\TraceRecorder\config -I.\bsw\TraceRecorder\include -I.\bsw\TraceRecorder\streamport -I.\bsw\Services -I.\bsw\tft -I.\bsw\tft\fonts -I. -IGenerated_Source\PSoC5 -Wa,-alh=.\CortexM3\ARM_GCC_541\Debug/ErikaOS_1_ee_chaintas.lst -g -D DEBUG -D CY_CORE_ID=0 -Wall -ffunction-sections -ffat-lto-objects -Og -c Generated_Source\PSoC5\ErikaOS_1_ee_chaintas.c -o .\CortexM3\ARM_GCC_541\Debug\ErikaOS_1_ee_chaintas.o
arm-none-eabi-gcc.exe -mcpu=cortex-m3 -mthumb -I.\source\asw -I.\source\bsw -I.\source\bsw\TraceRecorder -I.\source\bsw\TraceRecorder\config -I.\source\bsw\TraceRecorder\include -I.\source\bsw\TraceRecorder\streamport -I.\source\bsw\LabBoard -I.\source\bsw\Services -I.\source\bsw\tft -I.\source\bsw\tft\fonts -I.\asw -I.\bsw -I.\rte -I.\bsw\LabBoard -I.\bsw\TraceRecorder\config -I.\bsw\TraceRecorder\include -I.\bsw\TraceRecorder\streamport -I.\bsw\Services -I.\bsw\tft -I.\bsw\tft\fonts -I. -IGenerated_Source\PSoC5 -Wa,-alh=.\CortexM3\ARM_GCC_541\Debug/ErikaOS_1_ee_evclear.lst -g -D DEBUG -D CY_CORE_ID=0 -Wall -ffunction-sections -ffat-lto-objects -Og -c Generated_Source\PSoC5\ErikaOS_1_ee_evclear.c -o .\CortexM3\ARM_GCC_541\Debug\ErikaOS_1_ee_evclear.o
arm-none-eabi-gcc.exe -mcpu=cortex-m3 -mthumb -I.\source\asw -I.\source\bsw -I.\source\bsw\TraceRecorder -I.\source\bsw\TraceRecorder\config -I.\source\bsw\TraceRecorder\include -I.\source\bsw\TraceRecorder\streamport -I.\source\bsw\LabBoard -I.\source\bsw\Services -I.\source\bsw\tft -I.\source\bsw\tft\fonts -I.\asw -I.\bsw -I.\rte -I.\bsw\LabBoard -I.\bsw\TraceRecorder\config -I.\bsw\TraceRecorder\include -I.\bsw\TraceRecorder\streamport -I.\bsw\Services -I.\bsw\tft -I.\bsw\tft\fonts -I. -IGenerated_Source\PSoC5 -Wa,-alh=.\CortexM3\ARM_GCC_541\Debug/ErikaOS_1_ee_evget.lst -g -D DEBUG -D CY_CORE_ID=0 -Wall -ffunction-sections -ffat-lto-objects -Og -c Generated_Source\PSoC5\ErikaOS_1_ee_evget.c -o .\CortexM3\ARM_GCC_541\Debug\ErikaOS_1_ee_evget.o
arm-none-eabi-gcc.exe -mcpu=cortex-m3 -mthumb -I.\source\asw -I.\source\bsw -I.\source\bsw\TraceRecorder -I.\source\bsw\TraceRecorder\config -I.\source\bsw\TraceRecorder\include -I.\source\bsw\TraceRecorder\streamport -I.\source\bsw\LabBoard -I.\source\bsw\Services -I.\source\bsw\tft -I.\source\bsw\tft\fonts -I.\asw -I.\bsw -I.\rte -I.\bsw\LabBoard -I.\bsw\TraceRecorder\config -I.\bsw\TraceRecorder\include -I.\bsw\TraceRecorder\streamport -I.\bsw\Services -I.\bsw\tft -I.\bsw\tft\fonts -I. -IGenerated_Source\PSoC5 -Wa,-alh=.\CortexM3\ARM_GCC_541\Debug/ErikaOS_1_ee_evset.lst -g -D DEBUG -D CY_CORE_ID=0 -Wall -ffunction-sections -ffat-lto-objects -Og -c Generated_Source\PSoC5\ErikaOS_1_ee_evset.c -o .\CortexM3\ARM_GCC_541\Debug\ErikaOS_1_ee_evset.o
arm-none-eabi-gcc.exe -mcpu=cortex-m3 -mthumb -I.\source\asw -I.\source\bsw -I.\source\bsw\TraceRecorder -I.\source\bsw\TraceRecorder\config -I.\source\bsw\TraceRecorder\include -I.\source\bsw\TraceRecorder\streamport -I.\source\bsw\LabBoard -I.\source\bsw\Services -I.\source\bsw\tft -I.\source\bsw\tft\fonts -I.\asw -I.\bsw -I.\rte -I.\bsw\LabBoard -I.\bsw\TraceRecorder\config -I.\bsw\TraceRecorder\include -I.\bsw\TraceRecorder\streamport -I.\bsw\Services -I.\bsw\tft -I.\bsw\tft\fonts -I. -IGenerated_Source\PSoC5 -Wa,-alh=.\CortexM3\ARM_GCC_541\Debug/ErikaOS_1_ee_evwait.lst -g -D DEBUG -D CY_CORE_ID=0 -Wall -ffunction-sections -ffat-lto-objects -Og -c Generated_Source\PSoC5\ErikaOS_1_ee_evwait.c -o .\CortexM3\ARM_GCC_541\Debug\ErikaOS_1_ee_evwait.o
arm-none-eabi-gcc.exe -mcpu=cortex-m3 -mthumb -I.\source\asw -I.\source\bsw -I.\source\bsw\TraceRecorder -I.\source\bsw\TraceRecorder\config -I.\source\bsw\TraceRecorder\include -I.\source\bsw\TraceRecorder\streamport -I.\source\bsw\LabBoard -I.\source\bsw\Services -I.\source\bsw\tft -I.\source\bsw\tft\fonts -I.\asw -I.\bsw -I.\rte -I.\bsw\LabBoard -I.\bsw\TraceRecorder\config -I.\bsw\TraceRecorder\include -I.\bsw\TraceRecorder\streamport -I.\bsw\Services -I.\bsw\tft -I.\bsw\tft\fonts -I. -IGenerated_Source\PSoC5 -Wa,-alh=.\CortexM3\ARM_GCC_541\Debug/ErikaOS_1_ee_force_schedule.lst -g -D DEBUG -D CY_CORE_ID=0 -Wall -ffunction-sections -ffat-lto-objects -Og -c Generated_Source\PSoC5\ErikaOS_1_ee_force_schedule.c -o .\CortexM3\ARM_GCC_541\Debug\ErikaOS_1_ee_force_schedule.o
arm-none-eabi-gcc.exe -mcpu=cortex-m3 -mthumb -I.\source\asw -I.\source\bsw -I.\source\bsw\TraceRecorder -I.\source\bsw\TraceRecorder\config -I.\source\bsw\TraceRecorder\include -I.\source\bsw\TraceRecorder\streamport -I.\source\bsw\LabBoard -I.\source\bsw\Services -I.\source\bsw\tft -I.\source\bsw\tft\fonts -I.\asw -I.\bsw -I.\rte -I.\bsw\LabBoard -I.\bsw\TraceRecorder\config -I.\bsw\TraceRecorder\include -I.\bsw\TraceRecorder\streamport -I.\bsw\Services -I.\bsw\tft -I.\bsw\tft\fonts -I. -IGenerated_Source\PSoC5 -Wa,-alh=.\CortexM3\ARM_GCC_541\Debug/ErikaOS_1_ee_getcountervalue.lst -g -D DEBUG -D CY_CORE_ID=0 -Wall -ffunction-sections -ffat-lto-objects -Og -c Generated_Source\PSoC5\ErikaOS_1_ee_getcountervalue.c -o .\CortexM3\ARM_GCC_541\Debug\ErikaOS_1_ee_getcountervalue.o
arm-none-eabi-gcc.exe -mcpu=cortex-m3 -mthumb -I.\source\asw -I.\source\bsw -I.\source\bsw\TraceRecorder -I.\source\bsw\TraceRecorder\config -I.\source\bsw\TraceRecorder\include -I.\source\bsw\TraceRecorder\streamport -I.\source\bsw\LabBoard -I.\source\bsw\Services -I.\source\bsw\tft -I.\source\bsw\tft\fonts -I.\asw -I.\bsw -I.\rte -I.\bsw\LabBoard -I.\bsw\TraceRecorder\config -I.\bsw\TraceRecorder\include -I.\bsw\TraceRecorder\streamport -I.\bsw\Services -I.\bsw\tft -I.\bsw\tft\fonts -I. -IGenerated_Source\PSoC5 -Wa,-alh=.\CortexM3\ARM_GCC_541\Debug/ErikaOS_1_ee_getelapsedvalue.lst -g -D DEBUG -D CY_CORE_ID=0 -Wall -ffunction-sections -ffat-lto-objects -Og -c Generated_Source\PSoC5\ErikaOS_1_ee_getelapsedvalue.c -o .\CortexM3\ARM_GCC_541\Debug\ErikaOS_1_ee_getelapsedvalue.o
arm-none-eabi-gcc.exe -mcpu=cortex-m3 -mthumb -I.\source\asw -I.\source\bsw -I.\source\bsw\TraceRecorder -I.\source\bsw\TraceRecorder\config -I.\source\bsw\TraceRecorder\include -I.\source\bsw\TraceRecorder\streamport -I.\source\bsw\LabBoard -I.\source\bsw\Services -I.\source\bsw\tft -I.\source\bsw\tft\fonts -I.\asw -I.\bsw -I.\rte -I.\bsw\LabBoard -I.\bsw\TraceRecorder\config -I.\bsw\TraceRecorder\include -I.\bsw\TraceRecorder\streamport -I.\bsw\Services -I.\bsw\tft -I.\bsw\tft\fonts -I. -IGenerated_Source\PSoC5 -Wa,-alh=.\CortexM3\ARM_GCC_541\Debug/ErikaOS_1_ee_gettaskid.lst -g -D DEBUG -D CY_CORE_ID=0 -Wall -ffunction-sections -ffat-lto-objects -Og -c Generated_Source\PSoC5\ErikaOS_1_ee_gettaskid.c -o .\CortexM3\ARM_GCC_541\Debug\ErikaOS_1_ee_gettaskid.o
arm-none-eabi-gcc.exe -mcpu=cortex-m3 -mthumb -I.\source\asw -I.\source\bsw -I.\source\bsw\TraceRecorder -I.\source\bsw\TraceRecorder\config -I.\source\bsw\TraceRecorder\include -I.\source\bsw\TraceRecorder\streamport -I.\source\bsw\LabBoard -I.\source\bsw\Services -I.\source\bsw\tft -I.\source\bsw\tft\fonts -I.\asw -I.\bsw -I.\rte -I.\bsw\LabBoard -I.\bsw\TraceRecorder\config -I.\bsw\TraceRecorder\include -I.\bsw\TraceRecorder\streamport -I.\bsw\Services -I.\bsw\tft -I.\bsw\tft\fonts -I. -IGenerated_Source\PSoC5 -Wa,-alh=.\CortexM3\ARM_GCC_541\Debug/ErikaOS_1_ee_gettaskstate.lst -g -D DEBUG -D CY_CORE_ID=0 -Wall -ffunction-sections -ffat-lto-objects -Og -c Generated_Source\PSoC5\ErikaOS_1_ee_gettaskstate.c -o .\CortexM3\ARM_GCC_541\Debug\ErikaOS_1_ee_gettaskstate.o
arm-none-eabi-gcc.exe -mcpu=cortex-m3 -mthumb -I.\source\asw -I.\source\bsw -I.\source\bsw\TraceRecorder -I.\source\bsw\TraceRecorder\config -I.\source\bsw\TraceRecorder\include -I.\source\bsw\TraceRecorder\streamport -I.\source\bsw\LabBoard -I.\source\bsw\Services -I.\source\bsw\tft -I.\source\bsw\tft\fonts -I.\asw -I.\bsw -I.\rte -I.\bsw\LabBoard -I.\bsw\TraceRecorder\config -I.\bsw\TraceRecorder\include -I.\bsw\TraceRecorder\streamport -I.\bsw\Services -I.\bsw\tft -I.\bsw\tft\fonts -I. -IGenerated_Source\PSoC5 -Wa,-alh=.\CortexM3\ARM_GCC_541\Debug/ErikaOS_1_ee_iparam.lst -g -D DEBUG -D CY_CORE_ID=0 -Wall -ffunction-sections -ffat-lto-objects -Og -c Generated_Source\PSoC5\ErikaOS_1_ee_iparam.c -o .\CortexM3\ARM_GCC_541\Debug\ErikaOS_1_ee_iparam.o
arm-none-eabi-gcc.exe -mcpu=cortex-m3 -mthumb -I.\source\asw -I.\source\bsw -I.\source\bsw\TraceRecorder -I.\source\bsw\TraceRecorder\config -I.\source\bsw\TraceRecorder\include -I.\source\bsw\TraceRecorder\streamport -I.\source\bsw\LabBoard -I.\source\bsw\Services -I.\source\bsw\tft -I.\source\bsw\tft\fonts -I.\asw -I.\bsw -I.\rte -I.\bsw\LabBoard -I.\bsw\TraceRecorder\config -I.\bsw\TraceRecorder\include -I.\bsw\TraceRecorder\streamport -I.\bsw\Services -I.\bsw\tft -I.\bsw\tft\fonts -I. -IGenerated_Source\PSoC5 -Wa,-alh=.\CortexM3\ARM_GCC_541\Debug/ErikaOS_1_ee_irqendin.lst -g -D DEBUG -D CY_CORE_ID=0 -Wall -ffunction-sections -ffat-lto-objects -Og -c Generated_Source\PSoC5\ErikaOS_1_ee_irqendin.c -o .\CortexM3\ARM_GCC_541\Debug\ErikaOS_1_ee_irqendin.o
arm-none-eabi-gcc.exe -mcpu=cortex-m3 -mthumb -I.\source\asw -I.\source\bsw -I.\source\bsw\TraceRecorder -I.\source\bsw\TraceRecorder\config -I.\source\bsw\TraceRecorder\include -I.\source\bsw\TraceRecorder\streamport -I.\source\bsw\LabBoard -I.\source\bsw\Services -I.\source\bsw\tft -I.\source\bsw\tft\fonts -I.\asw -I.\bsw -I.\rte -I.\bsw\LabBoard -I.\bsw\TraceRecorder\config -I.\bsw\TraceRecorder\include -I.\bsw\TraceRecorder\streamport -I.\bsw\Services -I.\bsw\tft -I.\bsw\tft\fonts -I. -IGenerated_Source\PSoC5 -Wa,-alh=.\CortexM3\ARM_GCC_541\Debug/ErikaOS_1_ee_lockres.lst -g -D DEBUG -D CY_CORE_ID=0 -Wall -ffunction-sections -ffat-lto-objects -Og -c Generated_Source\PSoC5\ErikaOS_1_ee_lockres.c -o .\CortexM3\ARM_GCC_541\Debug\ErikaOS_1_ee_lockres.o
arm-none-eabi-gcc.exe -mcpu=cortex-m3 -mthumb -I.\source\asw -I.\source\bsw -I.\source\bsw\TraceRecorder -I.\source\bsw\TraceRecorder\config -I.\source\bsw\TraceRecorder\include -I.\source\bsw\TraceRecorder\streamport -I.\source\bsw\LabBoard -I.\source\bsw\Services -I.\source\bsw\tft -I.\source\bsw\tft\fonts -I.\asw -I.\bsw -I.\rte -I.\bsw\LabBoard -I.\bsw\TraceRecorder\config -I.\bsw\TraceRecorder\include -I.\bsw\TraceRecorder\streamport -I.\bsw\Services -I.\bsw\tft -I.\bsw\tft\fonts -I. -IGenerated_Source\PSoC5 -Wa,-alh=.\CortexM3\ARM_GCC_541\Debug/ErikaOS_1_ee_lookup.lst -g -D DEBUG -D CY_CORE_ID=0 -Wall -ffunction-sections -ffat-lto-objects -Og -c Generated_Source\PSoC5\ErikaOS_1_ee_lookup.c -o .\CortexM3\ARM_GCC_541\Debug\ErikaOS_1_ee_lookup.o
arm-none-eabi-gcc.exe -mcpu=cortex-m3 -mthumb -I.\source\asw -I.\source\bsw -I.\source\bsw\TraceRecorder -I.\source\bsw\TraceRecorder\config -I.\source\bsw\TraceRecorder\include -I.\source\bsw\TraceRecorder\streamport -I.\source\bsw\LabBoard -I.\source\bsw\Services -I.\source\bsw\tft -I.\source\bsw\tft\fonts -I.\asw -I.\bsw -I.\rte -I.\bsw\LabBoard -I.\bsw\TraceRecorder\config -I.\bsw\TraceRecorder\include -I.\bsw\TraceRecorder\streamport -I.\bsw\Services -I.\bsw\tft -I.\bsw\tft\fonts -I. -IGenerated_Source\PSoC5 -Wa,-alh=.\CortexM3\ARM_GCC_541\Debug/ErikaOS_1_ee_rq_exchg.lst -g -D DEBUG -D CY_CORE_ID=0 -Wall -ffunction-sections -ffat-lto-objects -Og -c Generated_Source\PSoC5\ErikaOS_1_ee_rq_exchg.c -o .\CortexM3\ARM_GCC_541\Debug\ErikaOS_1_ee_rq_exchg.o
arm-none-eabi-gcc.exe -mcpu=cortex-m3 -mthumb -I.\source\asw -I.\source\bsw -I.\source\bsw\TraceRecorder -I.\source\bsw\TraceRecorder\config -I.\source\bsw\TraceRecorder\include -I.\source\bsw\TraceRecorder\streamport -I.\source\bsw\LabBoard -I.\source\bsw\Services -I.\source\bsw\tft -I.\source\bsw\tft\fonts -I.\asw -I.\bsw -I.\rte -I.\bsw\LabBoard -I.\bsw\TraceRecorder\config -I.\bsw\TraceRecorder\include -I.\bsw\TraceRecorder\streamport -I.\bsw\Services -I.\bsw\tft -I.\bsw\tft\fonts -I. -IGenerated_Source\PSoC5 -Wa,-alh=.\CortexM3\ARM_GCC_541\Debug/ErikaOS_1_ee_rq_first.lst -g -D DEBUG -D CY_CORE_ID=0 -Wall -ffunction-sections -ffat-lto-objects -Og -c Generated_Source\PSoC5\ErikaOS_1_ee_rq_first.c -o .\CortexM3\ARM_GCC_541\Debug\ErikaOS_1_ee_rq_first.o
arm-none-eabi-gcc.exe -mcpu=cortex-m3 -mthumb -I.\source\asw -I.\source\bsw -I.\source\bsw\TraceRecorder -I.\source\bsw\TraceRecorder\config -I.\source\bsw\TraceRecorder\include -I.\source\bsw\TraceRecorder\streamport -I.\source\bsw\LabBoard -I.\source\bsw\Services -I.\source\bsw\tft -I.\source\bsw\tft\fonts -I.\asw -I.\bsw -I.\rte -I.\bsw\LabBoard -I.\bsw\TraceRecorder\config -I.\bsw\TraceRecorder\include -I.\bsw\TraceRecorder\streamport -I.\bsw\Services -I.\bsw\tft -I.\bsw\tft\fonts -I. -IGenerated_Source\PSoC5 -Wa,-alh=.\CortexM3\ARM_GCC_541\Debug/ErikaOS_1_ee_rq_inser.lst -g -D DEBUG -D CY_CORE_ID=0 -Wall -ffunction-sections -ffat-lto-objects -Og -c Generated_Source\PSoC5\ErikaOS_1_ee_rq_inser.c -o .\CortexM3\ARM_GCC_541\Debug\ErikaOS_1_ee_rq_inser.o
arm-none-eabi-gcc.exe -mcpu=cortex-m3 -mthumb -I.\source\asw -I.\source\bsw -I.\source\bsw\TraceRecorder -I.\source\bsw\TraceRecorder\config -I.\source\bsw\TraceRecorder\include -I.\source\bsw\TraceRecorder\streamport -I.\source\bsw\LabBoard -I.\source\bsw\Services -I.\source\bsw\tft -I.\source\bsw\tft\fonts -I.\asw -I.\bsw -I.\rte -I.\bsw\LabBoard -I.\bsw\TraceRecorder\config -I.\bsw\TraceRecorder\include -I.\bsw\TraceRecorder\streamport -I.\bsw\Services -I.\bsw\tft -I.\bsw\tft\fonts -I. -IGenerated_Source\PSoC5 -Wa,-alh=.\CortexM3\ARM_GCC_541\Debug/ErikaOS_1_ee_schedule.lst -g -D DEBUG -D CY_CORE_ID=0 -Wall -ffunction-sections -ffat-lto-objects -Og -c Generated_Source\PSoC5\ErikaOS_1_ee_schedule.c -o .\CortexM3\ARM_GCC_541\Debug\ErikaOS_1_ee_schedule.o
arm-none-eabi-gcc.exe -mcpu=cortex-m3 -mthumb -I.\source\asw -I.\source\bsw -I.\source\bsw\TraceRecorder -I.\source\bsw\TraceRecorder\config -I.\source\bsw\TraceRecorder\include -I.\source\bsw\TraceRecorder\streamport -I.\source\bsw\LabBoard -I.\source\bsw\Services -I.\source\bsw\tft -I.\source\bsw\tft\fonts -I.\asw -I.\bsw -I.\rte -I.\bsw\LabBoard -I.\bsw\TraceRecorder\config -I.\bsw\TraceRecorder\include -I.\bsw\TraceRecorder\streamport -I.\bsw\Services -I.\bsw\tft -I.\bsw\tft\fonts -I. -IGenerated_Source\PSoC5 -Wa,-alh=.\CortexM3\ARM_GCC_541\Debug/ErikaOS_1_ee_semgetvalue.lst -g -D DEBUG -D CY_CORE_ID=0 -Wall -ffunction-sections -ffat-lto-objects -Og -c Generated_Source\PSoC5\ErikaOS_1_ee_semgetvalue.c -o .\CortexM3\ARM_GCC_541\Debug\ErikaOS_1_ee_semgetvalue.o
arm-none-eabi-gcc.exe -mcpu=cortex-m3 -mthumb -I.\source\asw -I.\source\bsw -I.\source\bsw\TraceRecorder -I.\source\bsw\TraceRecorder\config -I.\source\bsw\TraceRecorder\include -I.\source\bsw\TraceRecorder\streamport -I.\source\bsw\LabBoard -I.\source\bsw\Services -I.\source\bsw\tft -I.\source\bsw\tft\fonts -I.\asw -I.\bsw -I.\rte -I.\bsw\LabBoard -I.\bsw\TraceRecorder\config -I.\bsw\TraceRecorder\include -I.\bsw\TraceRecorder\streamport -I.\bsw\Services -I.\bsw\tft -I.\bsw\tft\fonts -I. -IGenerated_Source\PSoC5 -Wa,-alh=.\CortexM3\ARM_GCC_541\Debug/ErikaOS_1_ee_sempost.lst -g -D DEBUG -D CY_CORE_ID=0 -Wall -ffunction-sections -ffat-lto-objects -Og -c Generated_Source\PSoC5\ErikaOS_1_ee_sempost.c -o .\CortexM3\ARM_GCC_541\Debug\ErikaOS_1_ee_sempost.o
arm-none-eabi-gcc.exe -mcpu=cortex-m3 -mthumb -I.\source\asw -I.\source\bsw -I.\source\bsw\TraceRecorder -I.\source\bsw\TraceRecorder\config -I.\source\bsw\TraceRecorder\include -I.\source\bsw\TraceRecorder\streamport -I.\source\bsw\LabBoard -I.\source\bsw\Services -I.\source\bsw\tft -I.\source\bsw\tft\fonts -I.\asw -I.\bsw -I.\rte -I.\bsw\LabBoard -I.\bsw\TraceRecorder\config -I.\bsw\TraceRecorder\include -I.\bsw\TraceRecorder\streamport -I.\bsw\Services -I.\bsw\tft -I.\bsw\tft\fonts -I. -IGenerated_Source\PSoC5 -Wa,-alh=.\CortexM3\ARM_GCC_541\Debug/ErikaOS_1_ee_semtrywait.lst -g -D DEBUG -D CY_CORE_ID=0 -Wall -ffunction-sections -ffat-lto-objects -Og -c Generated_Source\PSoC5\ErikaOS_1_ee_semtrywait.c -o .\CortexM3\ARM_GCC_541\Debug\ErikaOS_1_ee_semtrywait.o
arm-none-eabi-gcc.exe -mcpu=cortex-m3 -mthumb -I.\source\asw -I.\source\bsw -I.\source\bsw\TraceRecorder -I.\source\bsw\TraceRecorder\config -I.\source\bsw\TraceRecorder\include -I.\source\bsw\TraceRecorder\streamport -I.\source\bsw\LabBoard -I.\source\bsw\Services -I.\source\bsw\tft -I.\source\bsw\tft\fonts -I.\asw -I.\bsw -I.\rte -I.\bsw\LabBoard -I.\bsw\TraceRecorder\config -I.\bsw\TraceRecorder\include -I.\bsw\TraceRecorder\streamport -I.\bsw\Services -I.\bsw\tft -I.\bsw\tft\fonts -I. -IGenerated_Source\PSoC5 -Wa,-alh=.\CortexM3\ARM_GCC_541\Debug/ErikaOS_1_ee_semwait.lst -g -D DEBUG -D CY_CORE_ID=0 -Wall -ffunction-sections -ffat-lto-objects -Og -c Generated_Source\PSoC5\ErikaOS_1_ee_semwait.c -o .\CortexM3\ARM_GCC_541\Debug\ErikaOS_1_ee_semwait.o
arm-none-eabi-gcc.exe -mcpu=cortex-m3 -mthumb -I.\source\asw -I.\source\bsw -I.\source\bsw\TraceRecorder -I.\source\bsw\TraceRecorder\config -I.\source\bsw\TraceRecorder\include -I.\source\bsw\TraceRecorder\streamport -I.\source\bsw\LabBoard -I.\source\bsw\Services -I.\source\bsw\tft -I.\source\bsw\tft\fonts -I.\asw -I.\bsw -I.\rte -I.\bsw\LabBoard -I.\bsw\TraceRecorder\config -I.\bsw\TraceRecorder\include -I.\bsw\TraceRecorder\streamport -I.\bsw\Services -I.\bsw\tft -I.\bsw\tft\fonts -I. -IGenerated_Source\PSoC5 -Wa,-alh=.\CortexM3\ARM_GCC_541\Debug/ErikaOS_1_ee_shtdown.lst -g -D DEBUG -D CY_CORE_ID=0 -Wall -ffunction-sections -ffat-lto-objects -Og -c Generated_Source\PSoC5\ErikaOS_1_ee_shtdown.c -o .\CortexM3\ARM_GCC_541\Debug\ErikaOS_1_ee_shtdown.o
arm-none-eabi-gcc.exe -mcpu=cortex-m3 -mthumb -I.\source\asw -I.\source\bsw -I.\source\bsw\TraceRecorder -I.\source\bsw\TraceRecorder\config -I.\source\bsw\TraceRecorder\include -I.\source\bsw\TraceRecorder\streamport -I.\source\bsw\LabBoard -I.\source\bsw\Services -I.\source\bsw\tft -I.\source\bsw\tft\fonts -I.\asw -I.\bsw -I.\rte -I.\bsw\LabBoard -I.\bsw\TraceRecorder\config -I.\bsw\TraceRecorder\include -I.\bsw\TraceRecorder\streamport -I.\bsw\Services -I.\bsw\tft -I.\bsw\tft\fonts -I. -IGenerated_Source\PSoC5 -Wa,-alh=.\CortexM3\ARM_GCC_541\Debug/ErikaOS_1_ee_startos.lst -g -D DEBUG -D CY_CORE_ID=0 -Wall -ffunction-sections -ffat-lto-objects -Og -c Generated_Source\PSoC5\ErikaOS_1_ee_startos.c -o .\CortexM3\ARM_GCC_541\Debug\ErikaOS_1_ee_startos.o
In file included from Generated_Source\PSoC5\ErikaOS_1_ee_startos.c:332:0:
Generated_Source\PSoC5\ErikaOS_1_ee_startos.c: In function 'EE_oo_StartOS':
Generated_Source\PSoC5\CyLib.h:59:15: warning: unused variable 'cydelay_32k_ms' [-Wunused-variable]
 extern uint32 cydelay_32k_ms;
               ^
Generated_Source\PSoC5\CyLib.h:58:15: warning: unused variable 'cydelay_freq_mhz' [-Wunused-variable]
 extern uint8  cydelay_freq_mhz;
               ^
Generated_Source\PSoC5\CyLib.h:57:15: warning: unused variable 'cydelay_freq_khz' [-Wunused-variable]
 extern uint32 cydelay_freq_khz;
               ^
Generated_Source\PSoC5\CyLib.h:56:15: warning: unused variable 'cydelay_freq_hz' [-Wunused-variable]
 extern uint32 cydelay_freq_hz;
               ^
Generated_Source\PSoC5\CyLib.h:44:22: warning: unused variable 'CyResetStatus' [-Wunused-variable]
 extern uint8 CYXDATA CyResetStatus;
                      ^
In file included from Generated_Source\PSoC5\cyPm.h:25:0,
                 from Generated_Source\PSoC5\CyLib.h:29,
                 from Generated_Source\PSoC5\ErikaOS_1_ee_startos.c:332:
Generated_Source\PSoC5\CyFlash.h:28:14: warning: unused variable 'dieTemperature' [-Wunused-variable]
 extern uint8 dieTemperature[CY_FLASH_DIE_TEMP_DATA_SIZE];
              ^
In file included from Generated_Source\PSoC5\CyFlash.h:24:0,
                 from Generated_Source\PSoC5\cyPm.h:25,
                 from Generated_Source\PSoC5\CyLib.h:29,
                 from Generated_Source\PSoC5\ErikaOS_1_ee_startos.c:332:
Generated_Source\PSoC5\CySpc.h:28:14: warning: unused variable 'SpcLockState' [-Wunused-variable]
 extern uint8 SpcLockState;
              ^
In file included from Generated_Source\PSoC5\CyLib.h:26:0,
                 from Generated_Source\PSoC5\ErikaOS_1_ee_startos.c:332:
Generated_Source\PSoC5\cytypes.h:487:25: warning: typedef 'int8' locally defined but not used [-Wunused-local-typedefs]
 typedef signed   char   int8;
                         ^
Generated_Source\PSoC5\cytypes.h:488:25: warning: typedef 'int16' locally defined but not used [-Wunused-local-typedefs]
 typedef signed   short  int16;
                         ^
Generated_Source\PSoC5\cytypes.h:489:25: warning: typedef 'int32' locally defined but not used [-Wunused-local-typedefs]
 typedef signed   long   int32;
                         ^
Generated_Source\PSoC5\cytypes.h:490:25: warning: typedef 'float32' locally defined but not used [-Wunused-local-typedefs]
 typedef          float  float32;
                         ^
Generated_Source\PSoC5\cytypes.h:494:34: warning: typedef 'float64' locally defined but not used [-Wunused-local-typedefs]
     typedef               double float64;
                                  ^
Generated_Source\PSoC5\cytypes.h:495:34: warning: typedef 'int64' locally defined but not used [-Wunused-local-typedefs]
     typedef          long long   int64;
                                  ^
Generated_Source\PSoC5\cytypes.h:496:34: warning: typedef 'uint64' locally defined but not used [-Wunused-local-typedefs]
     typedef unsigned long long   uint64;
                                  ^
Generated_Source\PSoC5\cytypes.h:501:25: warning: typedef 'char8' locally defined but not used [-Wunused-local-typedefs]
 typedef          char   char8;
                         ^
Generated_Source\PSoC5\cytypes.h:654:33: warning: typedef 'reg8' locally defined but not used [-Wunused-local-typedefs]
 typedef volatile uint8  CYXDATA reg8;
                                 ^
Generated_Source\PSoC5\cytypes.h:655:33: warning: typedef 'reg16' locally defined but not used [-Wunused-local-typedefs]
 typedef volatile uint16 CYXDATA reg16;
                                 ^
Generated_Source\PSoC5\cytypes.h:656:33: warning: typedef 'reg32' locally defined but not used [-Wunused-local-typedefs]
 typedef volatile uint32 CYXDATA reg32;
                                 ^
In file included from Generated_Source\PSoC5\CyLib.h:29:0,
                 from Generated_Source\PSoC5\ErikaOS_1_ee_startos.c:332:
Generated_Source\PSoC5\cyPm.h:267:3: warning: typedef 'CY_PM_CLOCK_BACKUP_STRUCT' locally defined but not used [-Wunused-local-typedefs]
 } CY_PM_CLOCK_BACKUP_STRUCT;
   ^
Generated_Source\PSoC5\cyPm.h:315:3: warning: typedef 'CY_PM_BACKUP_STRUCT' locally defined but not used [-Wunused-local-typedefs]
 } CY_PM_BACKUP_STRUCT;
   ^
arm-none-eabi-gcc.exe -mcpu=cortex-m3 -mthumb -I.\source\asw -I.\source\bsw -I.\source\bsw\TraceRecorder -I.\source\bsw\TraceRecorder\config -I.\source\bsw\TraceRecorder\include -I.\source\bsw\TraceRecorder\streamport -I.\source\bsw\LabBoard -I.\source\bsw\Services -I.\source\bsw\tft -I.\source\bsw\tft\fonts -I.\asw -I.\bsw -I.\rte -I.\bsw\LabBoard -I.\bsw\TraceRecorder\config -I.\bsw\TraceRecorder\include -I.\bsw\TraceRecorder\streamport -I.\bsw\Services -I.\bsw\tft -I.\bsw\tft\fonts -I. -IGenerated_Source\PSoC5 -Wa,-alh=.\CortexM3\ARM_GCC_541\Debug/ErikaOS_1_ee_terminat.lst -g -D DEBUG -D CY_CORE_ID=0 -Wall -ffunction-sections -ffat-lto-objects -Og -c Generated_Source\PSoC5\ErikaOS_1_ee_terminat.c -o .\CortexM3\ARM_GCC_541\Debug\ErikaOS_1_ee_terminat.o
arm-none-eabi-gcc.exe -mcpu=cortex-m3 -mthumb -I.\source\asw -I.\source\bsw -I.\source\bsw\TraceRecorder -I.\source\bsw\TraceRecorder\config -I.\source\bsw\TraceRecorder\include -I.\source\bsw\TraceRecorder\streamport -I.\source\bsw\LabBoard -I.\source\bsw\Services -I.\source\bsw\tft -I.\source\bsw\tft\fonts -I.\asw -I.\bsw -I.\rte -I.\bsw\LabBoard -I.\bsw\TraceRecorder\config -I.\bsw\TraceRecorder\include -I.\bsw\TraceRecorder\streamport -I.\bsw\Services -I.\bsw\tft -I.\bsw\tft\fonts -I. -IGenerated_Source\PSoC5 -Wa,-alh=.\CortexM3\ARM_GCC_541\Debug/ErikaOS_1_ee_thendin.lst -g -D DEBUG -D CY_CORE_ID=0 -Wall -ffunction-sections -ffat-lto-objects -Og -c Generated_Source\PSoC5\ErikaOS_1_ee_thendin.c -o .\CortexM3\ARM_GCC_541\Debug\ErikaOS_1_ee_thendin.o
arm-none-eabi-gcc.exe -mcpu=cortex-m3 -mthumb -I.\source\asw -I.\source\bsw -I.\source\bsw\TraceRecorder -I.\source\bsw\TraceRecorder\config -I.\source\bsw\TraceRecorder\include -I.\source\bsw\TraceRecorder\streamport -I.\source\bsw\LabBoard -I.\source\bsw\Services -I.\source\bsw\tft -I.\source\bsw\tft\fonts -I.\asw -I.\bsw -I.\rte -I.\bsw\LabBoard -I.\bsw\TraceRecorder\config -I.\bsw\TraceRecorder\include -I.\bsw\TraceRecorder\streamport -I.\bsw\Services -I.\bsw\tft -I.\bsw\tft\fonts -I. -IGenerated_Source\PSoC5 -Wa,-alh=.\CortexM3\ARM_GCC_541\Debug/ErikaOS_1_ee_tnterm.lst -g -D DEBUG -D CY_CORE_ID=0 -Wall -ffunction-sections -ffat-lto-objects -Og -c Generated_Source\PSoC5\ErikaOS_1_ee_tnterm.c -o .\CortexM3\ARM_GCC_541\Debug\ErikaOS_1_ee_tnterm.o
arm-none-eabi-gcc.exe -mcpu=cortex-m3 -mthumb -I.\source\asw -I.\source\bsw -I.\source\bsw\TraceRecorder -I.\source\bsw\TraceRecorder\config -I.\source\bsw\TraceRecorder\include -I.\source\bsw\TraceRecorder\streamport -I.\source\bsw\LabBoard -I.\source\bsw\Services -I.\source\bsw\tft -I.\source\bsw\tft\fonts -I.\asw -I.\bsw -I.\rte -I.\bsw\LabBoard -I.\bsw\TraceRecorder\config -I.\bsw\TraceRecorder\include -I.\bsw\TraceRecorder\streamport -I.\bsw\Services -I.\bsw\tft -I.\bsw\tft\fonts -I. -IGenerated_Source\PSoC5 -Wa,-alh=.\CortexM3\ARM_GCC_541\Debug/ErikaOS_1_ee_tstub.lst -g -D DEBUG -D CY_CORE_ID=0 -Wall -ffunction-sections -ffat-lto-objects -Og -c Generated_Source\PSoC5\ErikaOS_1_ee_tstub.c -o .\CortexM3\ARM_GCC_541\Debug\ErikaOS_1_ee_tstub.o
arm-none-eabi-gcc.exe -mcpu=cortex-m3 -mthumb -I.\source\asw -I.\source\bsw -I.\source\bsw\TraceRecorder -I.\source\bsw\TraceRecorder\config -I.\source\bsw\TraceRecorder\include -I.\source\bsw\TraceRecorder\streamport -I.\source\bsw\LabBoard -I.\source\bsw\Services -I.\source\bsw\tft -I.\source\bsw\tft\fonts -I.\asw -I.\bsw -I.\rte -I.\bsw\LabBoard -I.\bsw\TraceRecorder\config -I.\bsw\TraceRecorder\include -I.\bsw\TraceRecorder\streamport -I.\bsw\Services -I.\bsw\tft -I.\bsw\tft\fonts -I. -IGenerated_Source\PSoC5 -Wa,-alh=.\CortexM3\ARM_GCC_541\Debug/ErikaOS_1_ee_ulockallres.lst -g -D DEBUG -D CY_CORE_ID=0 -Wall -ffunction-sections -ffat-lto-objects -Og -c Generated_Source\PSoC5\ErikaOS_1_ee_ulockallres.c -o .\CortexM3\ARM_GCC_541\Debug\ErikaOS_1_ee_ulockallres.o
arm-none-eabi-gcc.exe -mcpu=cortex-m3 -mthumb -I.\source\asw -I.\source\bsw -I.\source\bsw\TraceRecorder -I.\source\bsw\TraceRecorder\config -I.\source\bsw\TraceRecorder\include -I.\source\bsw\TraceRecorder\streamport -I.\source\bsw\LabBoard -I.\source\bsw\Services -I.\source\bsw\tft -I.\source\bsw\tft\fonts -I.\asw -I.\bsw -I.\rte -I.\bsw\LabBoard -I.\bsw\TraceRecorder\config -I.\bsw\TraceRecorder\include -I.\bsw\TraceRecorder\streamport -I.\bsw\Services -I.\bsw\tft -I.\bsw\tft\fonts -I. -IGenerated_Source\PSoC5 -Wa,-alh=.\CortexM3\ARM_GCC_541\Debug/ErikaOS_1_ee_ulockres.lst -g -D DEBUG -D CY_CORE_ID=0 -Wall -ffunction-sections -ffat-lto-objects -Og -c Generated_Source\PSoC5\ErikaOS_1_ee_ulockres.c -o .\CortexM3\ARM_GCC_541\Debug\ErikaOS_1_ee_ulockres.o
arm-none-eabi-gcc.exe -mcpu=cortex-m3 -mthumb -I.\source\asw -I.\source\bsw -I.\source\bsw\TraceRecorder -I.\source\bsw\TraceRecorder\config -I.\source\bsw\TraceRecorder\include -I.\source\bsw\TraceRecorder\streamport -I.\source\bsw\LabBoard -I.\source\bsw\Services -I.\source\bsw\tft -I.\source\bsw\tft\fonts -I.\asw -I.\bsw -I.\rte -I.\bsw\LabBoard -I.\bsw\TraceRecorder\config -I.\bsw\TraceRecorder\include -I.\bsw\TraceRecorder\streamport -I.\bsw\Services -I.\bsw\tft -I.\bsw\tft\fonts -I. -IGenerated_Source\PSoC5 -Wa,-alh=.\CortexM3\ARM_GCC_541\Debug/ErikaOS_1_cortex_mx_ee_context.lst -g -D DEBUG -D CY_CORE_ID=0 -Wall -ffunction-sections -ffat-lto-objects -Og -c Generated_Source\PSoC5\ErikaOS_1_cortex_mx_ee_context.c -o .\CortexM3\ARM_GCC_541\Debug\ErikaOS_1_cortex_mx_ee_context.o
arm-none-eabi-gcc.exe -mcpu=cortex-m3 -mthumb -I.\source\asw -I.\source\bsw -I.\source\bsw\TraceRecorder -I.\source\bsw\TraceRecorder\config -I.\source\bsw\TraceRecorder\include -I.\source\bsw\TraceRecorder\streamport -I.\source\bsw\LabBoard -I.\source\bsw\Services -I.\source\bsw\tft -I.\source\bsw\tft\fonts -I.\asw -I.\bsw -I.\rte -I.\bsw\LabBoard -I.\bsw\TraceRecorder\config -I.\bsw\TraceRecorder\include -I.\bsw\TraceRecorder\streamport -I.\bsw\Services -I.\bsw\tft -I.\bsw\tft\fonts -I. -IGenerated_Source\PSoC5 -Wa,-alh=.\CortexM3\ARM_GCC_541\Debug/ErikaOS_1_cortex_mx_ee_system_timer.lst -g -D DEBUG -D CY_CORE_ID=0 -Wall -ffunction-sections -ffat-lto-objects -Og -c Generated_Source\PSoC5\ErikaOS_1_cortex_mx_ee_system_timer.c -o .\CortexM3\ARM_GCC_541\Debug\ErikaOS_1_cortex_mx_ee_system_timer.o
arm-none-eabi-gcc.exe -mcpu=cortex-m3 -mthumb -I.\source\asw -I.\source\bsw -I.\source\bsw\TraceRecorder -I.\source\bsw\TraceRecorder\config -I.\source\bsw\TraceRecorder\include -I.\source\bsw\TraceRecorder\streamport -I.\source\bsw\LabBoard -I.\source\bsw\Services -I.\source\bsw\tft -I.\source\bsw\tft\fonts -I.\asw -I.\bsw -I.\rte -I.\bsw\LabBoard -I.\bsw\TraceRecorder\config -I.\bsw\TraceRecorder\include -I.\bsw\TraceRecorder\streamport -I.\bsw\Services -I.\bsw\tft -I.\bsw\tft\fonts -I. -IGenerated_Source\PSoC5 -Wa,-alh=.\CortexM3\ARM_GCC_541\Debug/ErikaOS_1_cortex_mx_ee_utils.lst -g -D DEBUG -D CY_CORE_ID=0 -Wall -ffunction-sections -ffat-lto-objects -Og -c Generated_Source\PSoC5\ErikaOS_1_cortex_mx_ee_utils.c -o .\CortexM3\ARM_GCC_541\Debug\ErikaOS_1_cortex_mx_ee_utils.o
arm-none-eabi-gcc.exe -mcpu=cortex-m3 -mthumb -I.\source\asw -I.\source\bsw -I.\source\bsw\TraceRecorder -I.\source\bsw\TraceRecorder\config -I.\source\bsw\TraceRecorder\include -I.\source\bsw\TraceRecorder\streamport -I.\source\bsw\LabBoard -I.\source\bsw\Services -I.\source\bsw\tft -I.\source\bsw\tft\fonts -I.\asw -I.\bsw -I.\rte -I.\bsw\LabBoard -I.\bsw\TraceRecorder\config -I.\bsw\TraceRecorder\include -I.\bsw\TraceRecorder\streamport -I.\bsw\Services -I.\bsw\tft -I.\bsw\tft\fonts -I. -IGenerated_Source\PSoC5 -Wa,-alh=.\CortexM3\ARM_GCC_541\Debug/ErikaOS_1_common_ee_hal_structs.lst -g -D DEBUG -D CY_CORE_ID=0 -Wall -ffunction-sections -ffat-lto-objects -Og -c Generated_Source\PSoC5\ErikaOS_1_common_ee_hal_structs.c -o .\CortexM3\ARM_GCC_541\Debug\ErikaOS_1_common_ee_hal_structs.o
arm-none-eabi-gcc.exe -mcpu=cortex-m3 -mthumb -I.\source\asw -I.\source\bsw -I.\source\bsw\TraceRecorder -I.\source\bsw\TraceRecorder\config -I.\source\bsw\TraceRecorder\include -I.\source\bsw\TraceRecorder\streamport -I.\source\bsw\LabBoard -I.\source\bsw\Services -I.\source\bsw\tft -I.\source\bsw\tft\fonts -I.\asw -I.\bsw -I.\rte -I.\bsw\LabBoard -I.\bsw\TraceRecorder\config -I.\bsw\TraceRecorder\include -I.\bsw\TraceRecorder\streamport -I.\bsw\Services -I.\bsw\tft -I.\bsw\tft\fonts -I. -IGenerated_Source\PSoC5 -Wa,-alh=.\CortexM3\ARM_GCC_541\Debug/ErikaOS_1_eecfg.lst -g -D DEBUG -D CY_CORE_ID=0 -Wall -ffunction-sections -ffat-lto-objects -Og -c Generated_Source\PSoC5\ErikaOS_1_eecfg.c -o .\CortexM3\ARM_GCC_541\Debug\ErikaOS_1_eecfg.o
Generated_Source\PSoC5\ErikaOS_1_eecfg.c:1943:62: warning: initialization from incompatible pointer type [-Wincompatible-pointer-types]
         { (EE_OO_AUTOSTART_TASK_MODE_OSDEFAULTAPPMODE_SIZE), EE_oo_autostart_task_mode_OSDEFAULTAPPMODE}
                                                              ^
Generated_Source\PSoC5\ErikaOS_1_eecfg.c:1943:62: note: (near initialization for 'EE_oo_autostart_task_data[0].task')
arm-none-eabi-gcc.exe -mcpu=cortex-m3 -mthumb -I.\source\asw -I.\source\bsw -I.\source\bsw\TraceRecorder -I.\source\bsw\TraceRecorder\config -I.\source\bsw\TraceRecorder\include -I.\source\bsw\TraceRecorder\streamport -I.\source\bsw\LabBoard -I.\source\bsw\Services -I.\source\bsw\tft -I.\source\bsw\tft\fonts -I.\asw -I.\bsw -I.\rte -I.\bsw\LabBoard -I.\bsw\TraceRecorder\config -I.\bsw\TraceRecorder\include -I.\bsw\TraceRecorder\streamport -I.\bsw\Services -I.\bsw\tft -I.\bsw\tft\fonts -I. -IGenerated_Source\PSoC5 -Wa,-alh=.\CortexM3\ARM_GCC_541\Debug/SEVEN_A.lst -g -D DEBUG -D CY_CORE_ID=0 -Wall -ffunction-sections -ffat-lto-objects -Og -c Generated_Source\PSoC5\SEVEN_A.c -o .\CortexM3\ARM_GCC_541\Debug\SEVEN_A.o
arm-none-eabi-gcc.exe -mcpu=cortex-m3 -mthumb -I.\source\asw -I.\source\bsw -I.\source\bsw\TraceRecorder -I.\source\bsw\TraceRecorder\config -I.\source\bsw\TraceRecorder\include -I.\source\bsw\TraceRecorder\streamport -I.\source\bsw\LabBoard -I.\source\bsw\Services -I.\source\bsw\tft -I.\source\bsw\tft\fonts -I.\asw -I.\bsw -I.\rte -I.\bsw\LabBoard -I.\bsw\TraceRecorder\config -I.\bsw\TraceRecorder\include -I.\bsw\TraceRecorder\streamport -I.\bsw\Services -I.\bsw\tft -I.\bsw\tft\fonts -I. -IGenerated_Source\PSoC5 -Wa,-alh=.\CortexM3\ARM_GCC_541\Debug/SEVEN_B.lst -g -D DEBUG -D CY_CORE_ID=0 -Wall -ffunction-sections -ffat-lto-objects -Og -c Generated_Source\PSoC5\SEVEN_B.c -o .\CortexM3\ARM_GCC_541\Debug\SEVEN_B.o
arm-none-eabi-gcc.exe -mcpu=cortex-m3 -mthumb -I.\source\asw -I.\source\bsw -I.\source\bsw\TraceRecorder -I.\source\bsw\TraceRecorder\config -I.\source\bsw\TraceRecorder\include -I.\source\bsw\TraceRecorder\streamport -I.\source\bsw\LabBoard -I.\source\bsw\Services -I.\source\bsw\tft -I.\source\bsw\tft\fonts -I.\asw -I.\bsw -I.\rte -I.\bsw\LabBoard -I.\bsw\TraceRecorder\config -I.\bsw\TraceRecorder\include -I.\bsw\TraceRecorder\streamport -I.\bsw\Services -I.\bsw\tft -I.\bsw\tft\fonts -I. -IGenerated_Source\PSoC5 -Wa,-alh=.\CortexM3\ARM_GCC_541\Debug/SEVEN_C.lst -g -D DEBUG -D CY_CORE_ID=0 -Wall -ffunction-sections -ffat-lto-objects -Og -c Generated_Source\PSoC5\SEVEN_C.c -o .\CortexM3\ARM_GCC_541\Debug\SEVEN_C.o
arm-none-eabi-gcc.exe -mcpu=cortex-m3 -mthumb -I.\source\asw -I.\source\bsw -I.\source\bsw\TraceRecorder -I.\source\bsw\TraceRecorder\config -I.\source\bsw\TraceRecorder\include -I.\source\bsw\TraceRecorder\streamport -I.\source\bsw\LabBoard -I.\source\bsw\Services -I.\source\bsw\tft -I.\source\bsw\tft\fonts -I.\asw -I.\bsw -I.\rte -I.\bsw\LabBoard -I.\bsw\TraceRecorder\config -I.\bsw\TraceRecorder\include -I.\bsw\TraceRecorder\streamport -I.\bsw\Services -I.\bsw\tft -I.\bsw\tft\fonts -I. -IGenerated_Source\PSoC5 -Wa,-alh=.\CortexM3\ARM_GCC_541\Debug/SEVEN_D.lst -g -D DEBUG -D CY_CORE_ID=0 -Wall -ffunction-sections -ffat-lto-objects -Og -c Generated_Source\PSoC5\SEVEN_D.c -o .\CortexM3\ARM_GCC_541\Debug\SEVEN_D.o
arm-none-eabi-gcc.exe -mcpu=cortex-m3 -mthumb -I.\source\asw -I.\source\bsw -I.\source\bsw\TraceRecorder -I.\source\bsw\TraceRecorder\config -I.\source\bsw\TraceRecorder\include -I.\source\bsw\TraceRecorder\streamport -I.\source\bsw\LabBoard -I.\source\bsw\Services -I.\source\bsw\tft -I.\source\bsw\tft\fonts -I.\asw -I.\bsw -I.\rte -I.\bsw\LabBoard -I.\bsw\TraceRecorder\config -I.\bsw\TraceRecorder\include -I.\bsw\TraceRecorder\streamport -I.\bsw\Services -I.\bsw\tft -I.\bsw\tft\fonts -I. -IGenerated_Source\PSoC5 -Wa,-alh=.\CortexM3\ARM_GCC_541\Debug/SEVEN_E.lst -g -D DEBUG -D CY_CORE_ID=0 -Wall -ffunction-sections -ffat-lto-objects -Og -c Generated_Source\PSoC5\SEVEN_E.c -o .\CortexM3\ARM_GCC_541\Debug\SEVEN_E.o
arm-none-eabi-gcc.exe -mcpu=cortex-m3 -mthumb -I.\source\asw -I.\source\bsw -I.\source\bsw\TraceRecorder -I.\source\bsw\TraceRecorder\config -I.\source\bsw\TraceRecorder\include -I.\source\bsw\TraceRecorder\streamport -I.\source\bsw\LabBoard -I.\source\bsw\Services -I.\source\bsw\tft -I.\source\bsw\tft\fonts -I.\asw -I.\bsw -I.\rte -I.\bsw\LabBoard -I.\bsw\TraceRecorder\config -I.\bsw\TraceRecorder\include -I.\bsw\TraceRecorder\streamport -I.\bsw\Services -I.\bsw\tft -I.\bsw\tft\fonts -I. -IGenerated_Source\PSoC5 -Wa,-alh=.\CortexM3\ARM_GCC_541\Debug/SEVEN_F.lst -g -D DEBUG -D CY_CORE_ID=0 -Wall -ffunction-sections -ffat-lto-objects -Og -c Generated_Source\PSoC5\SEVEN_F.c -o .\CortexM3\ARM_GCC_541\Debug\SEVEN_F.o
arm-none-eabi-gcc.exe -mcpu=cortex-m3 -mthumb -I.\source\asw -I.\source\bsw -I.\source\bsw\TraceRecorder -I.\source\bsw\TraceRecorder\config -I.\source\bsw\TraceRecorder\include -I.\source\bsw\TraceRecorder\streamport -I.\source\bsw\LabBoard -I.\source\bsw\Services -I.\source\bsw\tft -I.\source\bsw\tft\fonts -I.\asw -I.\bsw -I.\rte -I.\bsw\LabBoard -I.\bsw\TraceRecorder\config -I.\bsw\TraceRecorder\include -I.\bsw\TraceRecorder\streamport -I.\bsw\Services -I.\bsw\tft -I.\bsw\tft\fonts -I. -IGenerated_Source\PSoC5 -Wa,-alh=.\CortexM3\ARM_GCC_541\Debug/SEVEN_G.lst -g -D DEBUG -D CY_CORE_ID=0 -Wall -ffunction-sections -ffat-lto-objects -Og -c Generated_Source\PSoC5\SEVEN_G.c -o .\CortexM3\ARM_GCC_541\Debug\SEVEN_G.o
arm-none-eabi-gcc.exe -mcpu=cortex-m3 -mthumb -I.\source\asw -I.\source\bsw -I.\source\bsw\TraceRecorder -I.\source\bsw\TraceRecorder\config -I.\source\bsw\TraceRecorder\include -I.\source\bsw\TraceRecorder\streamport -I.\source\bsw\LabBoard -I.\source\bsw\Services -I.\source\bsw\tft -I.\source\bsw\tft\fonts -I.\asw -I.\bsw -I.\rte -I.\bsw\LabBoard -I.\bsw\TraceRecorder\config -I.\bsw\TraceRecorder\include -I.\bsw\TraceRecorder\streamport -I.\bsw\Services -I.\bsw\tft -I.\bsw\tft\fonts -I. -IGenerated_Source\PSoC5 -Wa,-alh=.\CortexM3\ARM_GCC_541\Debug/SEVEN_DP.lst -g -D DEBUG -D CY_CORE_ID=0 -Wall -ffunction-sections -ffat-lto-objects -Og -c Generated_Source\PSoC5\SEVEN_DP.c -o .\CortexM3\ARM_GCC_541\Debug\SEVEN_DP.o
arm-none-eabi-gcc.exe -mcpu=cortex-m3 -mthumb -I.\source\asw -I.\source\bsw -I.\source\bsw\TraceRecorder -I.\source\bsw\TraceRecorder\config -I.\source\bsw\TraceRecorder\include -I.\source\bsw\TraceRecorder\streamport -I.\source\bsw\LabBoard -I.\source\bsw\Services -I.\source\bsw\tft -I.\source\bsw\tft\fonts -I.\asw -I.\bsw -I.\rte -I.\bsw\LabBoard -I.\bsw\TraceRecorder\config -I.\bsw\TraceRecorder\include -I.\bsw\TraceRecorder\streamport -I.\bsw\Services -I.\bsw\tft -I.\bsw\tft\fonts -I. -IGenerated_Source\PSoC5 -Wa,-alh=.\CortexM3\ARM_GCC_541\Debug/SEVEN_SELECT.lst -g -D DEBUG -D CY_CORE_ID=0 -Wall -ffunction-sections -ffat-lto-objects -Og -c Generated_Source\PSoC5\SEVEN_SELECT.c -o .\CortexM3\ARM_GCC_541\Debug\SEVEN_SELECT.o
arm-none-eabi-gcc.exe -mcpu=cortex-m3 -mthumb -I.\source\asw -I.\source\bsw -I.\source\bsw\TraceRecorder -I.\source\bsw\TraceRecorder\config -I.\source\bsw\TraceRecorder\include -I.\source\bsw\TraceRecorder\streamport -I.\source\bsw\LabBoard -I.\source\bsw\Services -I.\source\bsw\tft -I.\source\bsw\tft\fonts -I.\asw -I.\bsw -I.\rte -I.\bsw\LabBoard -I.\bsw\TraceRecorder\config -I.\bsw\TraceRecorder\include -I.\bsw\TraceRecorder\streamport -I.\bsw\Services -I.\bsw\tft -I.\bsw\tft\fonts -I. -IGenerated_Source\PSoC5 -Wa,-alh=.\CortexM3\ARM_GCC_541\Debug/SEVEN_reg.lst -g -D DEBUG -D CY_CORE_ID=0 -Wall -ffunction-sections -ffat-lto-objects -Og -c Generated_Source\PSoC5\SEVEN_reg.c -o .\CortexM3\ARM_GCC_541\Debug\SEVEN_reg.o
arm-none-eabi-gcc.exe -mcpu=cortex-m3 -mthumb -I.\source\asw -I.\source\bsw -I.\source\bsw\TraceRecorder -I.\source\bsw\TraceRecorder\config -I.\source\bsw\TraceRecorder\include -I.\source\bsw\TraceRecorder\streamport -I.\source\bsw\LabBoard -I.\source\bsw\Services -I.\source\bsw\tft -I.\source\bsw\tft\fonts -I.\asw -I.\bsw -I.\rte -I.\bsw\LabBoard -I.\bsw\TraceRecorder\config -I.\bsw\TraceRecorder\include -I.\bsw\TraceRecorder\streamport -I.\bsw\Services -I.\bsw\tft -I.\bsw\tft\fonts -I. -IGenerated_Source\PSoC5 -Wa,-alh=.\CortexM3\ARM_GCC_541\Debug/SEVEN_reg_PM.lst -g -D DEBUG -D CY_CORE_ID=0 -Wall -ffunction-sections -ffat-lto-objects -Og -c Generated_Source\PSoC5\SEVEN_reg_PM.c -o .\CortexM3\ARM_GCC_541\Debug\SEVEN_reg_PM.o
arm-none-eabi-gcc.exe -mcpu=cortex-m3 -mthumb -I.\source\asw -I.\source\bsw -I.\source\bsw\TraceRecorder -I.\source\bsw\TraceRecorder\config -I.\source\bsw\TraceRecorder\include -I.\source\bsw\TraceRecorder\streamport -I.\source\bsw\LabBoard -I.\source\bsw\Services -I.\source\bsw\tft -I.\source\bsw\tft\fonts -I.\asw -I.\bsw -I.\rte -I.\bsw\LabBoard -I.\bsw\TraceRecorder\config -I.\bsw\TraceRecorder\include -I.\bsw\TraceRecorder\streamport -I.\bsw\Services -I.\bsw\tft -I.\bsw\tft\fonts -I. -IGenerated_Source\PSoC5 -Wa,-alh=.\CortexM3\ARM_GCC_541\Debug/BUTTON_1.lst -g -D DEBUG -D CY_CORE_ID=0 -Wall -ffunction-sections -ffat-lto-objects -Og -c Generated_Source\PSoC5\BUTTON_1.c -o .\CortexM3\ARM_GCC_541\Debug\BUTTON_1.o
arm-none-eabi-gcc.exe -mcpu=cortex-m3 -mthumb -I.\source\asw -I.\source\bsw -I.\source\bsw\TraceRecorder -I.\source\bsw\TraceRecorder\config -I.\source\bsw\TraceRecorder\include -I.\source\bsw\TraceRecorder\streamport -I.\source\bsw\LabBoard -I.\source\bsw\Services -I.\source\bsw\tft -I.\source\bsw\tft\fonts -I.\asw -I.\bsw -I.\rte -I.\bsw\LabBoard -I.\bsw\TraceRecorder\config -I.\bsw\TraceRecorder\include -I.\bsw\TraceRecorder\streamport -I.\bsw\Services -I.\bsw\tft -I.\bsw\tft\fonts -I. -IGenerated_Source\PSoC5 -Wa,-alh=.\CortexM3\ARM_GCC_541\Debug/isr_Button.lst -g -D DEBUG -D CY_CORE_ID=0 -Wall -ffunction-sections -ffat-lto-objects -Og -c Generated_Source\PSoC5\isr_Button.c -o .\CortexM3\ARM_GCC_541\Debug\isr_Button.o
arm-none-eabi-gcc.exe -mcpu=cortex-m3 -mthumb -I.\source\asw -I.\source\bsw -I.\source\bsw\TraceRecorder -I.\source\bsw\TraceRecorder\config -I.\source\bsw\TraceRecorder\include -I.\source\bsw\TraceRecorder\streamport -I.\source\bsw\LabBoard -I.\source\bsw\Services -I.\source\bsw\tft -I.\source\bsw\tft\fonts -I.\asw -I.\bsw -I.\rte -I.\bsw\LabBoard -I.\bsw\TraceRecorder\config -I.\bsw\TraceRecorder\include -I.\bsw\TraceRecorder\streamport -I.\bsw\Services -I.\bsw\tft -I.\bsw\tft\fonts -I. -IGenerated_Source\PSoC5 -Wa,-alh=.\CortexM3\ARM_GCC_541\Debug/BUTTON_2.lst -g -D DEBUG -D CY_CORE_ID=0 -Wall -ffunction-sections -ffat-lto-objects -Og -c Generated_Source\PSoC5\BUTTON_2.c -o .\CortexM3\ARM_GCC_541\Debug\BUTTON_2.o
arm-none-eabi-gcc.exe -mcpu=cortex-m3 -mthumb -I.\source\asw -I.\source\bsw -I.\source\bsw\TraceRecorder -I.\source\bsw\TraceRecorder\config -I.\source\bsw\TraceRecorder\include -I.\source\bsw\TraceRecorder\streamport -I.\source\bsw\LabBoard -I.\source\bsw\Services -I.\source\bsw\tft -I.\source\bsw\tft\fonts -I.\asw -I.\bsw -I.\rte -I.\bsw\LabBoard -I.\bsw\TraceRecorder\config -I.\bsw\TraceRecorder\include -I.\bsw\TraceRecorder\streamport -I.\bsw\Services -I.\bsw\tft -I.\bsw\tft\fonts -I. -IGenerated_Source\PSoC5 -Wa,-alh=.\CortexM3\ARM_GCC_541\Debug/LED_red.lst -g -D DEBUG -D CY_CORE_ID=0 -Wall -ffunction-sections -ffat-lto-objects -Og -c Generated_Source\PSoC5\LED_red.c -o .\CortexM3\ARM_GCC_541\Debug\LED_red.o
arm-none-eabi-gcc.exe -mcpu=cortex-m3 -mthumb -I.\source\asw -I.\source\bsw -I.\source\bsw\TraceRecorder -I.\source\bsw\TraceRecorder\config -I.\source\bsw\TraceRecorder\include -I.\source\bsw\TraceRecorder\streamport -I.\source\bsw\LabBoard -I.\source\bsw\Services -I.\source\bsw\tft -I.\source\bsw\tft\fonts -I.\asw -I.\bsw -I.\rte -I.\bsw\LabBoard -I.\bsw\TraceRecorder\config -I.\bsw\TraceRecorder\include -I.\bsw\TraceRecorder\streamport -I.\bsw\Services -I.\bsw\tft -I.\bsw\tft\fonts -I. -IGenerated_Source\PSoC5 -Wa,-alh=.\CortexM3\ARM_GCC_541\Debug/LED_yellow.lst -g -D DEBUG -D CY_CORE_ID=0 -Wall -ffunction-sections -ffat-lto-objects -Og -c Generated_Source\PSoC5\LED_yellow.c -o .\CortexM3\ARM_GCC_541\Debug\LED_yellow.o
arm-none-eabi-gcc.exe -mcpu=cortex-m3 -mthumb -I.\source\asw -I.\source\bsw -I.\source\bsw\TraceRecorder -I.\source\bsw\TraceRecorder\config -I.\source\bsw\TraceRecorder\include -I.\source\bsw\TraceRecorder\streamport -I.\source\bsw\LabBoard -I.\source\bsw\Services -I.\source\bsw\tft -I.\source\bsw\tft\fonts -I.\asw -I.\bsw -I.\rte -I.\bsw\LabBoard -I.\bsw\TraceRecorder\config -I.\bsw\TraceRecorder\include -I.\bsw\TraceRecorder\streamport -I.\bsw\Services -I.\bsw\tft -I.\bsw\tft\fonts -I. -IGenerated_Source\PSoC5 -Wa,-alh=.\CortexM3\ARM_GCC_541\Debug/LED_green.lst -g -D DEBUG -D CY_CORE_ID=0 -Wall -ffunction-sections -ffat-lto-objects -Og -c Generated_Source\PSoC5\LED_green.c -o .\CortexM3\ARM_GCC_541\Debug\LED_green.o
arm-none-eabi-gcc.exe -mcpu=cortex-m3 -mthumb -I.\source\asw -I.\source\bsw -I.\source\bsw\TraceRecorder -I.\source\bsw\TraceRecorder\config -I.\source\bsw\TraceRecorder\include -I.\source\bsw\TraceRecorder\streamport -I.\source\bsw\LabBoard -I.\source\bsw\Services -I.\source\bsw\tft -I.\source\bsw\tft\fonts -I.\asw -I.\bsw -I.\rte -I.\bsw\LabBoard -I.\bsw\TraceRecorder\config -I.\bsw\TraceRecorder\include -I.\bsw\TraceRecorder\streamport -I.\bsw\Services -I.\bsw\tft -I.\bsw\tft\fonts -I. -IGenerated_Source\PSoC5 -Wa,-alh=.\CortexM3\ARM_GCC_541\Debug/UART_LOG.lst -g -D DEBUG -D CY_CORE_ID=0 -Wall -ffunction-sections -ffat-lto-objects -Og -c Generated_Source\PSoC5\UART_LOG.c -o .\CortexM3\ARM_GCC_541\Debug\UART_LOG.o
arm-none-eabi-gcc.exe -mcpu=cortex-m3 -mthumb -I.\source\asw -I.\source\bsw -I.\source\bsw\TraceRecorder -I.\source\bsw\TraceRecorder\config -I.\source\bsw\TraceRecorder\include -I.\source\bsw\TraceRecorder\streamport -I.\source\bsw\LabBoard -I.\source\bsw\Services -I.\source\bsw\tft -I.\source\bsw\tft\fonts -I.\asw -I.\bsw -I.\rte -I.\bsw\LabBoard -I.\bsw\TraceRecorder\config -I.\bsw\TraceRecorder\include -I.\bsw\TraceRecorder\streamport -I.\bsw\Services -I.\bsw\tft -I.\bsw\tft\fonts -I. -IGenerated_Source\PSoC5 -Wa,-alh=.\CortexM3\ARM_GCC_541\Debug/UART_LOG_PM.lst -g -D DEBUG -D CY_CORE_ID=0 -Wall -ffunction-sections -ffat-lto-objects -Og -c Generated_Source\PSoC5\UART_LOG_PM.c -o .\CortexM3\ARM_GCC_541\Debug\UART_LOG_PM.o
arm-none-eabi-gcc.exe -mcpu=cortex-m3 -mthumb -I.\source\asw -I.\source\bsw -I.\source\bsw\TraceRecorder -I.\source\bsw\TraceRecorder\config -I.\source\bsw\TraceRecorder\include -I.\source\bsw\TraceRecorder\streamport -I.\source\bsw\LabBoard -I.\source\bsw\Services -I.\source\bsw\tft -I.\source\bsw\tft\fonts -I.\asw -I.\bsw -I.\rte -I.\bsw\LabBoard -I.\bsw\TraceRecorder\config -I.\bsw\TraceRecorder\include -I.\bsw\TraceRecorder\streamport -I.\bsw\Services -I.\bsw\tft -I.\bsw\tft\fonts -I. -IGenerated_Source\PSoC5 -Wa,-alh=.\CortexM3\ARM_GCC_541\Debug/UART_LOG_INT.lst -g -D DEBUG -D CY_CORE_ID=0 -Wall -ffunction-sections -ffat-lto-objects -Og -c Generated_Source\PSoC5\UART_LOG_INT.c -o .\CortexM3\ARM_GCC_541\Debug\UART_LOG_INT.o
arm-none-eabi-gcc.exe -mcpu=cortex-m3 -mthumb -I.\source\asw -I.\source\bsw -I.\source\bsw\TraceRecorder -I.\source\bsw\TraceRecorder\config -I.\source\bsw\TraceRecorder\include -I.\source\bsw\TraceRecorder\streamport -I.\source\bsw\LabBoard -I.\source\bsw\Services -I.\source\bsw\tft -I.\source\bsw\tft\fonts -I.\asw -I.\bsw -I.\rte -I.\bsw\LabBoard -I.\bsw\TraceRecorder\config -I.\bsw\TraceRecorder\include -I.\bsw\TraceRecorder\streamport -I.\bsw\Services -I.\bsw\tft -I.\bsw\tft\fonts -I. -IGenerated_Source\PSoC5 -Wa,-alh=.\CortexM3\ARM_GCC_541\Debug/UART_LOG_BOOT.lst -g -D DEBUG -D CY_CORE_ID=0 -Wall -ffunction-sections -ffat-lto-objects -Og -c Generated_Source\PSoC5\UART_LOG_BOOT.c -o .\CortexM3\ARM_GCC_541\Debug\UART_LOG_BOOT.o
arm-none-eabi-gcc.exe -mcpu=cortex-m3 -mthumb -I.\source\asw -I.\source\bsw -I.\source\bsw\TraceRecorder -I.\source\bsw\TraceRecorder\config -I.\source\bsw\TraceRecorder\include -I.\source\bsw\TraceRecorder\streamport -I.\source\bsw\LabBoard -I.\source\bsw\Services -I.\source\bsw\tft -I.\source\bsw\tft\fonts -I.\asw -I.\bsw -I.\rte -I.\bsw\LabBoard -I.\bsw\TraceRecorder\config -I.\bsw\TraceRecorder\include -I.\bsw\TraceRecorder\streamport -I.\bsw\Services -I.\bsw\tft -I.\bsw\tft\fonts -I. -IGenerated_Source\PSoC5 -Wa,-alh=.\CortexM3\ARM_GCC_541\Debug/RGB_PWM_red.lst -g -D DEBUG -D CY_CORE_ID=0 -Wall -ffunction-sections -ffat-lto-objects -Og -c Generated_Source\PSoC5\RGB_PWM_red.c -o .\CortexM3\ARM_GCC_541\Debug\RGB_PWM_red.o
arm-none-eabi-gcc.exe -mcpu=cortex-m3 -mthumb -I.\source\asw -I.\source\bsw -I.\source\bsw\TraceRecorder -I.\source\bsw\TraceRecorder\config -I.\source\bsw\TraceRecorder\include -I.\source\bsw\TraceRecorder\streamport -I.\source\bsw\LabBoard -I.\source\bsw\Services -I.\source\bsw\tft -I.\source\bsw\tft\fonts -I.\asw -I.\bsw -I.\rte -I.\bsw\LabBoard -I.\bsw\TraceRecorder\config -I.\bsw\TraceRecorder\include -I.\bsw\TraceRecorder\streamport -I.\bsw\Services -I.\bsw\tft -I.\bsw\tft\fonts -I. -IGenerated_Source\PSoC5 -Wa,-alh=.\CortexM3\ARM_GCC_541\Debug/RGB_PWM_red_PM.lst -g -D DEBUG -D CY_CORE_ID=0 -Wall -ffunction-sections -ffat-lto-objects -Og -c Generated_Source\PSoC5\RGB_PWM_red_PM.c -o .\CortexM3\ARM_GCC_541\Debug\RGB_PWM_red_PM.o
arm-none-eabi-gcc.exe -mcpu=cortex-m3 -mthumb -I.\source\asw -I.\source\bsw -I.\source\bsw\TraceRecorder -I.\source\bsw\TraceRecorder\config -I.\source\bsw\TraceRecorder\include -I.\source\bsw\TraceRecorder\streamport -I.\source\bsw\LabBoard -I.\source\bsw\Services -I.\source\bsw\tft -I.\source\bsw\tft\fonts -I.\asw -I.\bsw -I.\rte -I.\bsw\LabBoard -I.\bsw\TraceRecorder\config -I.\bsw\TraceRecorder\include -I.\bsw\TraceRecorder\streamport -I.\bsw\Services -I.\bsw\tft -I.\bsw\tft\fonts -I. -IGenerated_Source\PSoC5 -Wa,-alh=.\CortexM3\ARM_GCC_541\Debug/PWM_Clock.lst -g -D DEBUG -D CY_CORE_ID=0 -Wall -ffunction-sections -ffat-lto-objects -Og -c Generated_Source\PSoC5\PWM_Clock.c -o .\CortexM3\ARM_GCC_541\Debug\PWM_Clock.o
arm-none-eabi-gcc.exe -mcpu=cortex-m3 -mthumb -I.\source\asw -I.\source\bsw -I.\source\bsw\TraceRecorder -I.\source\bsw\TraceRecorder\config -I.\source\bsw\TraceRecorder\include -I.\source\bsw\TraceRecorder\streamport -I.\source\bsw\LabBoard -I.\source\bsw\Services -I.\source\bsw\tft -I.\source\bsw\tft\fonts -I.\asw -I.\bsw -I.\rte -I.\bsw\LabBoard -I.\bsw\TraceRecorder\config -I.\bsw\TraceRecorder\include -I.\bsw\TraceRecorder\streamport -I.\bsw\Services -I.\bsw\tft -I.\bsw\tft\fonts -I. -IGenerated_Source\PSoC5 -Wa,-alh=.\CortexM3\ARM_GCC_541\Debug/RGB_PWM_green.lst -g -D DEBUG -D CY_CORE_ID=0 -Wall -ffunction-sections -ffat-lto-objects -Og -c Generated_Source\PSoC5\RGB_PWM_green.c -o .\CortexM3\ARM_GCC_541\Debug\RGB_PWM_green.o
arm-none-eabi-gcc.exe -mcpu=cortex-m3 -mthumb -I.\source\asw -I.\source\bsw -I.\source\bsw\TraceRecorder -I.\source\bsw\TraceRecorder\config -I.\source\bsw\TraceRecorder\include -I.\source\bsw\TraceRecorder\streamport -I.\source\bsw\LabBoard -I.\source\bsw\Services -I.\source\bsw\tft -I.\source\bsw\tft\fonts -I.\asw -I.\bsw -I.\rte -I.\bsw\LabBoard -I.\bsw\TraceRecorder\config -I.\bsw\TraceRecorder\include -I.\bsw\TraceRecorder\streamport -I.\bsw\Services -I.\bsw\tft -I.\bsw\tft\fonts -I. -IGenerated_Source\PSoC5 -Wa,-alh=.\CortexM3\ARM_GCC_541\Debug/RGB_PWM_green_PM.lst -g -D DEBUG -D CY_CORE_ID=0 -Wall -ffunction-sections -ffat-lto-objects -Og -c Generated_Source\PSoC5\RGB_PWM_green_PM.c -o .\CortexM3\ARM_GCC_541\Debug\RGB_PWM_green_PM.o
arm-none-eabi-gcc.exe -mcpu=cortex-m3 -mthumb -I.\source\asw -I.\source\bsw -I.\source\bsw\TraceRecorder -I.\source\bsw\TraceRecorder\config -I.\source\bsw\TraceRecorder\include -I.\source\bsw\TraceRecorder\streamport -I.\source\bsw\LabBoard -I.\source\bsw\Services -I.\source\bsw\tft -I.\source\bsw\tft\fonts -I.\asw -I.\bsw -I.\rte -I.\bsw\LabBoard -I.\bsw\TraceRecorder\config -I.\bsw\TraceRecorder\include -I.\bsw\TraceRecorder\streamport -I.\bsw\Services -I.\bsw\tft -I.\bsw\tft\fonts -I. -IGenerated_Source\PSoC5 -Wa,-alh=.\CortexM3\ARM_GCC_541\Debug/RGB_PWM_blue.lst -g -D DEBUG -D CY_CORE_ID=0 -Wall -ffunction-sections -ffat-lto-objects -Og -c Generated_Source\PSoC5\RGB_PWM_blue.c -o .\CortexM3\ARM_GCC_541\Debug\RGB_PWM_blue.o
arm-none-eabi-gcc.exe -mcpu=cortex-m3 -mthumb -I.\source\asw -I.\source\bsw -I.\source\bsw\TraceRecorder -I.\source\bsw\TraceRecorder\config -I.\source\bsw\TraceRecorder\include -I.\source\bsw\TraceRecorder\streamport -I.\source\bsw\LabBoard -I.\source\bsw\Services -I.\source\bsw\tft -I.\source\bsw\tft\fonts -I.\asw -I.\bsw -I.\rte -I.\bsw\LabBoard -I.\bsw\TraceRecorder\config -I.\bsw\TraceRecorder\include -I.\bsw\TraceRecorder\streamport -I.\bsw\Services -I.\bsw\tft -I.\bsw\tft\fonts -I. -IGenerated_Source\PSoC5 -Wa,-alh=.\CortexM3\ARM_GCC_541\Debug/RGB_PWM_blue_PM.lst -g -D DEBUG -D CY_CORE_ID=0 -Wall -ffunction-sections -ffat-lto-objects -Og -c Generated_Source\PSoC5\RGB_PWM_blue_PM.c -o .\CortexM3\ARM_GCC_541\Debug\RGB_PWM_blue_PM.o
arm-none-eabi-gcc.exe -mcpu=cortex-m3 -mthumb -I.\source\asw -I.\source\bsw -I.\source\bsw\TraceRecorder -I.\source\bsw\TraceRecorder\config -I.\source\bsw\TraceRecorder\include -I.\source\bsw\TraceRecorder\streamport -I.\source\bsw\LabBoard -I.\source\bsw\Services -I.\source\bsw\tft -I.\source\bsw\tft\fonts -I.\asw -I.\bsw -I.\rte -I.\bsw\LabBoard -I.\bsw\TraceRecorder\config -I.\bsw\TraceRecorder\include -I.\bsw\TraceRecorder\streamport -I.\bsw\Services -I.\bsw\tft -I.\bsw\tft\fonts -I. -IGenerated_Source\PSoC5 -Wa,-alh=.\CortexM3\ARM_GCC_541\Debug/RGB_R.lst -g -D DEBUG -D CY_CORE_ID=0 -Wall -ffunction-sections -ffat-lto-objects -Og -c Generated_Source\PSoC5\RGB_R.c -o .\CortexM3\ARM_GCC_541\Debug\RGB_R.o
arm-none-eabi-gcc.exe -mcpu=cortex-m3 -mthumb -I.\source\asw -I.\source\bsw -I.\source\bsw\TraceRecorder -I.\source\bsw\TraceRecorder\config -I.\source\bsw\TraceRecorder\include -I.\source\bsw\TraceRecorder\streamport -I.\source\bsw\LabBoard -I.\source\bsw\Services -I.\source\bsw\tft -I.\source\bsw\tft\fonts -I.\asw -I.\bsw -I.\rte -I.\bsw\LabBoard -I.\bsw\TraceRecorder\config -I.\bsw\TraceRecorder\include -I.\bsw\TraceRecorder\streamport -I.\bsw\Services -I.\bsw\tft -I.\bsw\tft\fonts -I. -IGenerated_Source\PSoC5 -Wa,-alh=.\CortexM3\ARM_GCC_541\Debug/RGB_G.lst -g -D DEBUG -D CY_CORE_ID=0 -Wall -ffunction-sections -ffat-lto-objects -Og -c Generated_Source\PSoC5\RGB_G.c -o .\CortexM3\ARM_GCC_541\Debug\RGB_G.o
arm-none-eabi-gcc.exe -mcpu=cortex-m3 -mthumb -I.\source\asw -I.\source\bsw -I.\source\bsw\TraceRecorder -I.\source\bsw\TraceRecorder\config -I.\source\bsw\TraceRecorder\include -I.\source\bsw\TraceRecorder\streamport -I.\source\bsw\LabBoard -I.\source\bsw\Services -I.\source\bsw\tft -I.\source\bsw\tft\fonts -I.\asw -I.\bsw -I.\rte -I.\bsw\LabBoard -I.\bsw\TraceRecorder\config -I.\bsw\TraceRecorder\include -I.\bsw\TraceRecorder\streamport -I.\bsw\Services -I.\bsw\tft -I.\bsw\tft\fonts -I. -IGenerated_Source\PSoC5 -Wa,-alh=.\CortexM3\ARM_GCC_541\Debug/RGB_B.lst -g -D DEBUG -D CY_CORE_ID=0 -Wall -ffunction-sections -ffat-lto-objects -Og -c Generated_Source\PSoC5\RGB_B.c -o .\CortexM3\ARM_GCC_541\Debug\RGB_B.o
arm-none-eabi-gcc.exe -mcpu=cortex-m3 -mthumb -I.\source\asw -I.\source\bsw -I.\source\bsw\TraceRecorder -I.\source\bsw\TraceRecorder\config -I.\source\bsw\TraceRecorder\include -I.\source\bsw\TraceRecorder\streamport -I.\source\bsw\LabBoard -I.\source\bsw\Services -I.\source\bsw\tft -I.\source\bsw\tft\fonts -I.\asw -I.\bsw -I.\rte -I.\bsw\LabBoard -I.\bsw\TraceRecorder\config -I.\bsw\TraceRecorder\include -I.\bsw\TraceRecorder\streamport -I.\bsw\Services -I.\bsw\tft -I.\bsw\tft\fonts -I. -IGenerated_Source\PSoC5 -Wa,-alh=.\CortexM3\ARM_GCC_541\Debug/USBUART.lst -g -D DEBUG -D CY_CORE_ID=0 -Wall -ffunction-sections -ffat-lto-objects -Og -c Generated_Source\PSoC5\USBUART.c -o .\CortexM3\ARM_GCC_541\Debug\USBUART.o
arm-none-eabi-gcc.exe -mcpu=cortex-m3 -mthumb -I.\source\asw -I.\source\bsw -I.\source\bsw\TraceRecorder -I.\source\bsw\TraceRecorder\config -I.\source\bsw\TraceRecorder\include -I.\source\bsw\TraceRecorder\streamport -I.\source\bsw\LabBoard -I.\source\bsw\Services -I.\source\bsw\tft -I.\source\bsw\tft\fonts -I.\asw -I.\bsw -I.\rte -I.\bsw\LabBoard -I.\bsw\TraceRecorder\config -I.\bsw\TraceRecorder\include -I.\bsw\TraceRecorder\streamport -I.\bsw\Services -I.\bsw\tft -I.\bsw\tft\fonts -I. -IGenerated_Source\PSoC5 -Wa,-alh=.\CortexM3\ARM_GCC_541\Debug/USBUART_audio.lst -g -D DEBUG -D CY_CORE_ID=0 -Wall -ffunction-sections -ffat-lto-objects -Og -c Generated_Source\PSoC5\USBUART_audio.c -o .\CortexM3\ARM_GCC_541\Debug\USBUART_audio.o
arm-none-eabi-gcc.exe -mcpu=cortex-m3 -mthumb -I.\source\asw -I.\source\bsw -I.\source\bsw\TraceRecorder -I.\source\bsw\TraceRecorder\config -I.\source\bsw\TraceRecorder\include -I.\source\bsw\TraceRecorder\streamport -I.\source\bsw\LabBoard -I.\source\bsw\Services -I.\source\bsw\tft -I.\source\bsw\tft\fonts -I.\asw -I.\bsw -I.\rte -I.\bsw\LabBoard -I.\bsw\TraceRecorder\config -I.\bsw\TraceRecorder\include -I.\bsw\TraceRecorder\streamport -I.\bsw\Services -I.\bsw\tft -I.\bsw\tft\fonts -I. -IGenerated_Source\PSoC5 -Wa,-alh=.\CortexM3\ARM_GCC_541\Debug/USBUART_boot.lst -g -D DEBUG -D CY_CORE_ID=0 -Wall -ffunction-sections -ffat-lto-objects -Og -c Generated_Source\PSoC5\USBUART_boot.c -o .\CortexM3\ARM_GCC_541\Debug\USBUART_boot.o
arm-none-eabi-gcc.exe -mcpu=cortex-m3 -mthumb -I.\source\asw -I.\source\bsw -I.\source\bsw\TraceRecorder -I.\source\bsw\TraceRecorder\config -I.\source\bsw\TraceRecorder\include -I.\source\bsw\TraceRecorder\streamport -I.\source\bsw\LabBoard -I.\source\bsw\Services -I.\source\bsw\tft -I.\source\bsw\tft\fonts -I.\asw -I.\bsw -I.\rte -I.\bsw\LabBoard -I.\bsw\TraceRecorder\config -I.\bsw\TraceRecorder\include -I.\bsw\TraceRecorder\streamport -I.\bsw\Services -I.\bsw\tft -I.\bsw\tft\fonts -I. -IGenerated_Source\PSoC5 -Wa,-alh=.\CortexM3\ARM_GCC_541\Debug/USBUART_cdc.lst -g -D DEBUG -D CY_CORE_ID=0 -Wall -ffunction-sections -ffat-lto-objects -Og -c Generated_Source\PSoC5\USBUART_cdc.c -o .\CortexM3\ARM_GCC_541\Debug\USBUART_cdc.o
arm-none-eabi-gcc.exe -mcpu=cortex-m3 -mthumb -I.\source\asw -I.\source\bsw -I.\source\bsw\TraceRecorder -I.\source\bsw\TraceRecorder\config -I.\source\bsw\TraceRecorder\include -I.\source\bsw\TraceRecorder\streamport -I.\source\bsw\LabBoard -I.\source\bsw\Services -I.\source\bsw\tft -I.\source\bsw\tft\fonts -I.\asw -I.\bsw -I.\rte -I.\bsw\LabBoard -I.\bsw\TraceRecorder\config -I.\bsw\TraceRecorder\include -I.\bsw\TraceRecorder\streamport -I.\bsw\Services -I.\bsw\tft -I.\bsw\tft\fonts -I. -IGenerated_Source\PSoC5 -Wa,-alh=.\CortexM3\ARM_GCC_541\Debug/USBUART_cls.lst -g -D DEBUG -D CY_CORE_ID=0 -Wall -ffunction-sections -ffat-lto-objects -Og -c Generated_Source\PSoC5\USBUART_cls.c -o .\CortexM3\ARM_GCC_541\Debug\USBUART_cls.o
arm-none-eabi-gcc.exe -mcpu=cortex-m3 -mthumb -I.\source\asw -I.\source\bsw -I.\source\bsw\TraceRecorder -I.\source\bsw\TraceRecorder\config -I.\source\bsw\TraceRecorder\include -I.\source\bsw\TraceRecorder\streamport -I.\source\bsw\LabBoard -I.\source\bsw\Services -I.\source\bsw\tft -I.\source\bsw\tft\fonts -I.\asw -I.\bsw -I.\rte -I.\bsw\LabBoard -I.\bsw\TraceRecorder\config -I.\bsw\TraceRecorder\include -I.\bsw\TraceRecorder\streamport -I.\bsw\Services -I.\bsw\tft -I.\bsw\tft\fonts -I. -IGenerated_Source\PSoC5 -Wa,-alh=.\CortexM3\ARM_GCC_541\Debug/USBUART_descr.lst -g -D DEBUG -D CY_CORE_ID=0 -Wall -ffunction-sections -ffat-lto-objects -Og -c Generated_Source\PSoC5\USBUART_descr.c -o .\CortexM3\ARM_GCC_541\Debug\USBUART_descr.o
arm-none-eabi-gcc.exe -mcpu=cortex-m3 -mthumb -I.\source\asw -I.\source\bsw -I.\source\bsw\TraceRecorder -I.\source\bsw\TraceRecorder\config -I.\source\bsw\TraceRecorder\include -I.\source\bsw\TraceRecorder\streamport -I.\source\bsw\LabBoard -I.\source\bsw\Services -I.\source\bsw\tft -I.\source\bsw\tft\fonts -I.\asw -I.\bsw -I.\rte -I.\bsw\LabBoard -I.\bsw\TraceRecorder\config -I.\bsw\TraceRecorder\include -I.\bsw\TraceRecorder\streamport -I.\bsw\Services -I.\bsw\tft -I.\bsw\tft\fonts -I. -IGenerated_Source\PSoC5 -Wa,-alh=.\CortexM3\ARM_GCC_541\Debug/USBUART_drv.lst -g -D DEBUG -D CY_CORE_ID=0 -Wall -ffunction-sections -ffat-lto-objects -Og -c Generated_Source\PSoC5\USBUART_drv.c -o .\CortexM3\ARM_GCC_541\Debug\USBUART_drv.o
arm-none-eabi-gcc.exe -mcpu=cortex-m3 -mthumb -I.\source\asw -I.\source\bsw -I.\source\bsw\TraceRecorder -I.\source\bsw\TraceRecorder\config -I.\source\bsw\TraceRecorder\include -I.\source\bsw\TraceRecorder\streamport -I.\source\bsw\LabBoard -I.\source\bsw\Services -I.\source\bsw\tft -I.\source\bsw\tft\fonts -I.\asw -I.\bsw -I.\rte -I.\bsw\LabBoard -I.\bsw\TraceRecorder\config -I.\bsw\TraceRecorder\include -I.\bsw\TraceRecorder\streamport -I.\bsw\Services -I.\bsw\tft -I.\bsw\tft\fonts -I. -IGenerated_Source\PSoC5 -Wa,-alh=.\CortexM3\ARM_GCC_541\Debug/USBUART_episr.lst -g -D DEBUG -D CY_CORE_ID=0 -Wall -ffunction-sections -ffat-lto-objects -Og -c Generated_Source\PSoC5\USBUART_episr.c -o .\CortexM3\ARM_GCC_541\Debug\USBUART_episr.o
arm-none-eabi-gcc.exe -mcpu=cortex-m3 -mthumb -I.\source\asw -I.\source\bsw -I.\source\bsw\TraceRecorder -I.\source\bsw\TraceRecorder\config -I.\source\bsw\TraceRecorder\include -I.\source\bsw\TraceRecorder\streamport -I.\source\bsw\LabBoard -I.\source\bsw\Services -I.\source\bsw\tft -I.\source\bsw\tft\fonts -I.\asw -I.\bsw -I.\rte -I.\bsw\LabBoard -I.\bsw\TraceRecorder\config -I.\bsw\TraceRecorder\include -I.\bsw\TraceRecorder\streamport -I.\bsw\Services -I.\bsw\tft -I.\bsw\tft\fonts -I. -IGenerated_Source\PSoC5 -Wa,-alh=.\CortexM3\ARM_GCC_541\Debug/USBUART_hid.lst -g -D DEBUG -D CY_CORE_ID=0 -Wall -ffunction-sections -ffat-lto-objects -Og -c Generated_Source\PSoC5\USBUART_hid.c -o .\CortexM3\ARM_GCC_541\Debug\USBUART_hid.o
arm-none-eabi-gcc.exe -mcpu=cortex-m3 -mthumb -I.\source\asw -I.\source\bsw -I.\source\bsw\TraceRecorder -I.\source\bsw\TraceRecorder\config -I.\source\bsw\TraceRecorder\include -I.\source\bsw\TraceRecorder\streamport -I.\source\bsw\LabBoard -I.\source\bsw\Services -I.\source\bsw\tft -I.\source\bsw\tft\fonts -I.\asw -I.\bsw -I.\rte -I.\bsw\LabBoard -I.\bsw\TraceRecorder\config -I.\bsw\TraceRecorder\include -I.\bsw\TraceRecorder\streamport -I.\bsw\Services -I.\bsw\tft -I.\bsw\tft\fonts -I. -IGenerated_Source\PSoC5 -Wa,-alh=.\CortexM3\ARM_GCC_541\Debug/USBUART_pm.lst -g -D DEBUG -D CY_CORE_ID=0 -Wall -ffunction-sections -ffat-lto-objects -Og -c Generated_Source\PSoC5\USBUART_pm.c -o .\CortexM3\ARM_GCC_541\Debug\USBUART_pm.o
arm-none-eabi-gcc.exe -mcpu=cortex-m3 -mthumb -I.\source\asw -I.\source\bsw -I.\source\bsw\TraceRecorder -I.\source\bsw\TraceRecorder\config -I.\source\bsw\TraceRecorder\include -I.\source\bsw\TraceRecorder\streamport -I.\source\bsw\LabBoard -I.\source\bsw\Services -I.\source\bsw\tft -I.\source\bsw\tft\fonts -I.\asw -I.\bsw -I.\rte -I.\bsw\LabBoard -I.\bsw\TraceRecorder\config -I.\bsw\TraceRecorder\include -I.\bsw\TraceRecorder\streamport -I.\bsw\Services -I.\bsw\tft -I.\bsw\tft\fonts -I. -IGenerated_Source\PSoC5 -Wa,-alh=.\CortexM3\ARM_GCC_541\Debug/USBUART_std.lst -g -D DEBUG -D CY_CORE_ID=0 -Wall -ffunction-sections -ffat-lto-objects -Og -c Generated_Source\PSoC5\USBUART_std.c -o .\CortexM3\ARM_GCC_541\Debug\USBUART_std.o
arm-none-eabi-gcc.exe -mcpu=cortex-m3 -mthumb -I.\source\asw -I.\source\bsw -I.\source\bsw\TraceRecorder -I.\source\bsw\TraceRecorder\config -I.\source\bsw\TraceRecorder\include -I.\source\bsw\TraceRecorder\streamport -I.\source\bsw\LabBoard -I.\source\bsw\Services -I.\source\bsw\tft -I.\source\bsw\tft\fonts -I.\asw -I.\bsw -I.\rte -I.\bsw\LabBoard -I.\bsw\TraceRecorder\config -I.\bsw\TraceRecorder\include -I.\bsw\TraceRecorder\streamport -I.\bsw\Services -I.\bsw\tft -I.\bsw\tft\fonts -I. -IGenerated_Source\PSoC5 -Wa,-alh=.\CortexM3\ARM_GCC_541\Debug/USBUART_vnd.lst -g -D DEBUG -D CY_CORE_ID=0 -Wall -ffunction-sections -ffat-lto-objects -Og -c Generated_Source\PSoC5\USBUART_vnd.c -o .\CortexM3\ARM_GCC_541\Debug\USBUART_vnd.o
arm-none-eabi-gcc.exe -mcpu=cortex-m3 -mthumb -I.\source\asw -I.\source\bsw -I.\source\bsw\TraceRecorder -I.\source\bsw\TraceRecorder\config -I.\source\bsw\TraceRecorder\include -I.\source\bsw\TraceRecorder\streamport -I.\source\bsw\LabBoard -I.\source\bsw\Services -I.\source\bsw\tft -I.\source\bsw\tft\fonts -I.\asw -I.\bsw -I.\rte -I.\bsw\LabBoard -I.\bsw\TraceRecorder\config -I.\bsw\TraceRecorder\include -I.\bsw\TraceRecorder\streamport -I.\bsw\Services -I.\bsw\tft -I.\bsw\tft\fonts -I. -IGenerated_Source\PSoC5 -Wa,-alh=.\CortexM3\ARM_GCC_541\Debug/USBUART_midi.lst -g -D DEBUG -D CY_CORE_ID=0 -Wall -ffunction-sections -ffat-lto-objects -Og -c Generated_Source\PSoC5\USBUART_midi.c -o .\CortexM3\ARM_GCC_541\Debug\USBUART_midi.o
arm-none-eabi-gcc.exe -mcpu=cortex-m3 -mthumb -I.\source\asw -I.\source\bsw -I.\source\bsw\TraceRecorder -I.\source\bsw\TraceRecorder\config -I.\source\bsw\TraceRecorder\include -I.\source\bsw\TraceRecorder\streamport -I.\source\bsw\LabBoard -I.\source\bsw\Services -I.\source\bsw\tft -I.\source\bsw\tft\fonts -I.\asw -I.\bsw -I.\rte -I.\bsw\LabBoard -I.\bsw\TraceRecorder\config -I.\bsw\TraceRecorder\include -I.\bsw\TraceRecorder\streamport -I.\bsw\Services -I.\bsw\tft -I.\bsw\tft\fonts -I. -IGenerated_Source\PSoC5 -Wa,-alh=.\CortexM3\ARM_GCC_541\Debug/USBUART_msc.lst -g -D DEBUG -D CY_CORE_ID=0 -Wall -ffunction-sections -ffat-lto-objects -Og -c Generated_Source\PSoC5\USBUART_msc.c -o .\CortexM3\ARM_GCC_541\Debug\USBUART_msc.o
arm-none-eabi-gcc.exe -mcpu=cortex-m3 -mthumb -I.\source\asw -I.\source\bsw -I.\source\bsw\TraceRecorder -I.\source\bsw\TraceRecorder\config -I.\source\bsw\TraceRecorder\include -I.\source\bsw\TraceRecorder\streamport -I.\source\bsw\LabBoard -I.\source\bsw\Services -I.\source\bsw\tft -I.\source\bsw\tft\fonts -I.\asw -I.\bsw -I.\rte -I.\bsw\LabBoard -I.\bsw\TraceRecorder\config -I.\bsw\TraceRecorder\include -I.\bsw\TraceRecorder\streamport -I.\bsw\Services -I.\bsw\tft -I.\bsw\tft\fonts -I. -IGenerated_Source\PSoC5 -Wa,-alh=.\CortexM3\ARM_GCC_541\Debug/BUTTON_JOYSTICK.lst -g -D DEBUG -D CY_CORE_ID=0 -Wall -ffunction-sections -ffat-lto-objects -Og -c Generated_Source\PSoC5\BUTTON_JOYSTICK.c -o .\CortexM3\ARM_GCC_541\Debug\BUTTON_JOYSTICK.o
arm-none-eabi-gcc.exe -mcpu=cortex-m3 -mthumb -I.\source\asw -I.\source\bsw -I.\source\bsw\TraceRecorder -I.\source\bsw\TraceRecorder\config -I.\source\bsw\TraceRecorder\include -I.\source\bsw\TraceRecorder\streamport -I.\source\bsw\LabBoard -I.\source\bsw\Services -I.\source\bsw\tft -I.\source\bsw\tft\fonts -I.\asw -I.\bsw -I.\rte -I.\bsw\LabBoard -I.\bsw\TraceRecorder\config -I.\bsw\TraceRecorder\include -I.\bsw\TraceRecorder\streamport -I.\bsw\Services -I.\bsw\tft -I.\bsw\tft\fonts -I. -IGenerated_Source\PSoC5 -Wa,-alh=.\CortexM3\ARM_GCC_541\Debug/isr_Button_Joystick.lst -g -D DEBUG -D CY_CORE_ID=0 -Wall -ffunction-sections -ffat-lto-objects -Og -c Generated_Source\PSoC5\isr_Button_Joystick.c -o .\CortexM3\ARM_GCC_541\Debug\isr_Button_Joystick.o
arm-none-eabi-gcc.exe -mcpu=cortex-m3 -mthumb -I.\source\asw -I.\source\bsw -I.\source\bsw\TraceRecorder -I.\source\bsw\TraceRecorder\config -I.\source\bsw\TraceRecorder\include -I.\source\bsw\TraceRecorder\streamport -I.\source\bsw\LabBoard -I.\source\bsw\Services -I.\source\bsw\tft -I.\source\bsw\tft\fonts -I.\asw -I.\bsw -I.\rte -I.\bsw\LabBoard -I.\bsw\TraceRecorder\config -I.\bsw\TraceRecorder\include -I.\bsw\TraceRecorder\streamport -I.\bsw\Services -I.\bsw\tft -I.\bsw\tft\fonts -I. -IGenerated_Source\PSoC5 -Wa,-alh=.\CortexM3\ARM_GCC_541\Debug/JOYSTICK_X.lst -g -D DEBUG -D CY_CORE_ID=0 -Wall -ffunction-sections -ffat-lto-objects -Og -c Generated_Source\PSoC5\JOYSTICK_X.c -o .\CortexM3\ARM_GCC_541\Debug\JOYSTICK_X.o
arm-none-eabi-gcc.exe -mcpu=cortex-m3 -mthumb -I.\source\asw -I.\source\bsw -I.\source\bsw\TraceRecorder -I.\source\bsw\TraceRecorder\config -I.\source\bsw\TraceRecorder\include -I.\source\bsw\TraceRecorder\streamport -I.\source\bsw\LabBoard -I.\source\bsw\Services -I.\source\bsw\tft -I.\source\bsw\tft\fonts -I.\asw -I.\bsw -I.\rte -I.\bsw\LabBoard -I.\bsw\TraceRecorder\config -I.\bsw\TraceRecorder\include -I.\bsw\TraceRecorder\streamport -I.\bsw\Services -I.\bsw\tft -I.\bsw\tft\fonts -I. -IGenerated_Source\PSoC5 -Wa,-alh=.\CortexM3\ARM_GCC_541\Debug/JOYSTICK_Y.lst -g -D DEBUG -D CY_CORE_ID=0 -Wall -ffunction-sections -ffat-lto-objects -Og -c Generated_Source\PSoC5\JOYSTICK_Y.c -o .\CortexM3\ARM_GCC_541\Debug\JOYSTICK_Y.o
arm-none-eabi-gcc.exe -mcpu=cortex-m3 -mthumb -I.\source\asw -I.\source\bsw -I.\source\bsw\TraceRecorder -I.\source\bsw\TraceRecorder\config -I.\source\bsw\TraceRecorder\include -I.\source\bsw\TraceRecorder\streamport -I.\source\bsw\LabBoard -I.\source\bsw\Services -I.\source\bsw\tft -I.\source\bsw\tft\fonts -I.\asw -I.\bsw -I.\rte -I.\bsw\LabBoard -I.\bsw\TraceRecorder\config -I.\bsw\TraceRecorder\include -I.\bsw\TraceRecorder\streamport -I.\bsw\Services -I.\bsw\tft -I.\bsw\tft\fonts -I. -IGenerated_Source\PSoC5 -Wa,-alh=.\CortexM3\ARM_GCC_541\Debug/JOYSTICK_ADC_XY.lst -g -D DEBUG -D CY_CORE_ID=0 -Wall -ffunction-sections -ffat-lto-objects -Og -c Generated_Source\PSoC5\JOYSTICK_ADC_XY.c -o .\CortexM3\ARM_GCC_541\Debug\JOYSTICK_ADC_XY.o
arm-none-eabi-gcc.exe -mcpu=cortex-m3 -mthumb -I.\source\asw -I.\source\bsw -I.\source\bsw\TraceRecorder -I.\source\bsw\TraceRecorder\config -I.\source\bsw\TraceRecorder\include -I.\source\bsw\TraceRecorder\streamport -I.\source\bsw\LabBoard -I.\source\bsw\Services -I.\source\bsw\tft -I.\source\bsw\tft\fonts -I.\asw -I.\bsw -I.\rte -I.\bsw\LabBoard -I.\bsw\TraceRecorder\config -I.\bsw\TraceRecorder\include -I.\bsw\TraceRecorder\streamport -I.\bsw\Services -I.\bsw\tft -I.\bsw\tft\fonts -I. -IGenerated_Source\PSoC5 -Wa,-alh=.\CortexM3\ARM_GCC_541\Debug/JOYSTICK_ADC_XY_PM.lst -g -D DEBUG -D CY_CORE_ID=0 -Wall -ffunction-sections -ffat-lto-objects -Og -c Generated_Source\PSoC5\JOYSTICK_ADC_XY_PM.c -o .\CortexM3\ARM_GCC_541\Debug\JOYSTICK_ADC_XY_PM.o
arm-none-eabi-gcc.exe -mcpu=cortex-m3 -mthumb -I.\source\asw -I.\source\bsw -I.\source\bsw\TraceRecorder -I.\source\bsw\TraceRecorder\config -I.\source\bsw\TraceRecorder\include -I.\source\bsw\TraceRecorder\streamport -I.\source\bsw\LabBoard -I.\source\bsw\Services -I.\source\bsw\tft -I.\source\bsw\tft\fonts -I.\asw -I.\bsw -I.\rte -I.\bsw\LabBoard -I.\bsw\TraceRecorder\config -I.\bsw\TraceRecorder\include -I.\bsw\TraceRecorder\streamport -I.\bsw\Services -I.\bsw\tft -I.\bsw\tft\fonts -I. -IGenerated_Source\PSoC5 -Wa,-alh=.\CortexM3\ARM_GCC_541\Debug/JOYSTICK_ADC_XY_INT.lst -g -D DEBUG -D CY_CORE_ID=0 -Wall -ffunction-sections -ffat-lto-objects -Og -c Generated_Source\PSoC5\JOYSTICK_ADC_XY_INT.c -o .\CortexM3\ARM_GCC_541\Debug\JOYSTICK_ADC_XY_INT.o
arm-none-eabi-gcc.exe -mcpu=cortex-m3 -mthumb -I.\source\asw -I.\source\bsw -I.\source\bsw\TraceRecorder -I.\source\bsw\TraceRecorder\config -I.\source\bsw\TraceRecorder\include -I.\source\bsw\TraceRecorder\streamport -I.\source\bsw\LabBoard -I.\source\bsw\Services -I.\source\bsw\tft -I.\source\bsw\tft\fonts -I.\asw -I.\bsw -I.\rte -I.\bsw\LabBoard -I.\bsw\TraceRecorder\config -I.\bsw\TraceRecorder\include -I.\bsw\TraceRecorder\streamport -I.\bsw\Services -I.\bsw\tft -I.\bsw\tft\fonts -I. -IGenerated_Source\PSoC5 -Wa,-alh=.\CortexM3\ARM_GCC_541\Debug/TFT_SPI.lst -g -D DEBUG -D CY_CORE_ID=0 -Wall -ffunction-sections -ffat-lto-objects -Og -c Generated_Source\PSoC5\TFT_SPI.c -o .\CortexM3\ARM_GCC_541\Debug\TFT_SPI.o
arm-none-eabi-gcc.exe -mcpu=cortex-m3 -mthumb -I.\source\asw -I.\source\bsw -I.\source\bsw\TraceRecorder -I.\source\bsw\TraceRecorder\config -I.\source\bsw\TraceRecorder\include -I.\source\bsw\TraceRecorder\streamport -I.\source\bsw\LabBoard -I.\source\bsw\Services -I.\source\bsw\tft -I.\source\bsw\tft\fonts -I.\asw -I.\bsw -I.\rte -I.\bsw\LabBoard -I.\bsw\TraceRecorder\config -I.\bsw\TraceRecorder\include -I.\bsw\TraceRecorder\streamport -I.\bsw\Services -I.\bsw\tft -I.\bsw\tft\fonts -I. -IGenerated_Source\PSoC5 -Wa,-alh=.\CortexM3\ARM_GCC_541\Debug/TFT_SPI_PM.lst -g -D DEBUG -D CY_CORE_ID=0 -Wall -ffunction-sections -ffat-lto-objects -Og -c Generated_Source\PSoC5\TFT_SPI_PM.c -o .\CortexM3\ARM_GCC_541\Debug\TFT_SPI_PM.o
arm-none-eabi-gcc.exe -mcpu=cortex-m3 -mthumb -I.\source\asw -I.\source\bsw -I.\source\bsw\TraceRecorder -I.\source\bsw\TraceRecorder\config -I.\source\bsw\TraceRecorder\include -I.\source\bsw\TraceRecorder\streamport -I.\source\bsw\LabBoard -I.\source\bsw\Services -I.\source\bsw\tft -I.\source\bsw\tft\fonts -I.\asw -I.\bsw -I.\rte -I.\bsw\LabBoard -I.\bsw\TraceRecorder\config -I.\bsw\TraceRecorder\include -I.\bsw\TraceRecorder\streamport -I.\bsw\Services -I.\bsw\tft -I.\bsw\tft\fonts -I. -IGenerated_Source\PSoC5 -Wa,-alh=.\CortexM3\ARM_GCC_541\Debug/TFT_SPI_INT.lst -g -D DEBUG -D CY_CORE_ID=0 -Wall -ffunction-sections -ffat-lto-objects -Og -c Generated_Source\PSoC5\TFT_SPI_INT.c -o .\CortexM3\ARM_GCC_541\Debug\TFT_SPI_INT.o
arm-none-eabi-gcc.exe -mcpu=cortex-m3 -mthumb -I.\source\asw -I.\source\bsw -I.\source\bsw\TraceRecorder -I.\source\bsw\TraceRecorder\config -I.\source\bsw\TraceRecorder\include -I.\source\bsw\TraceRecorder\streamport -I.\source\bsw\LabBoard -I.\source\bsw\Services -I.\source\bsw\tft -I.\source\bsw\tft\fonts -I.\asw -I.\bsw -I.\rte -I.\bsw\LabBoard -I.\bsw\TraceRecorder\config -I.\bsw\TraceRecorder\include -I.\bsw\TraceRecorder\streamport -I.\bsw\Services -I.\bsw\tft -I.\bsw\tft\fonts -I. -IGenerated_Source\PSoC5 -Wa,-alh=.\CortexM3\ARM_GCC_541\Debug/TFT_SCL.lst -g -D DEBUG -D CY_CORE_ID=0 -Wall -ffunction-sections -ffat-lto-objects -Og -c Generated_Source\PSoC5\TFT_SCL.c -o .\CortexM3\ARM_GCC_541\Debug\TFT_SCL.o
arm-none-eabi-gcc.exe -mcpu=cortex-m3 -mthumb -I.\source\asw -I.\source\bsw -I.\source\bsw\TraceRecorder -I.\source\bsw\TraceRecorder\config -I.\source\bsw\TraceRecorder\include -I.\source\bsw\TraceRecorder\streamport -I.\source\bsw\LabBoard -I.\source\bsw\Services -I.\source\bsw\tft -I.\source\bsw\tft\fonts -I.\asw -I.\bsw -I.\rte -I.\bsw\LabBoard -I.\bsw\TraceRecorder\config -I.\bsw\TraceRecorder\include -I.\bsw\TraceRecorder\streamport -I.\bsw\Services -I.\bsw\tft -I.\bsw\tft\fonts -I. -IGenerated_Source\PSoC5 -Wa,-alh=.\CortexM3\ARM_GCC_541\Debug/TFT_DC.lst -g -D DEBUG -D CY_CORE_ID=0 -Wall -ffunction-sections -ffat-lto-objects -Og -c Generated_Source\PSoC5\TFT_DC.c -o .\CortexM3\ARM_GCC_541\Debug\TFT_DC.o
arm-none-eabi-gcc.exe -mcpu=cortex-m3 -mthumb -I.\source\asw -I.\source\bsw -I.\source\bsw\TraceRecorder -I.\source\bsw\TraceRecorder\config -I.\source\bsw\TraceRecorder\include -I.\source\bsw\TraceRecorder\streamport -I.\source\bsw\LabBoard -I.\source\bsw\Services -I.\source\bsw\tft -I.\source\bsw\tft\fonts -I.\asw -I.\bsw -I.\rte -I.\bsw\LabBoard -I.\bsw\TraceRecorder\config -I.\bsw\TraceRecorder\include -I.\bsw\TraceRecorder\streamport -I.\bsw\Services -I.\bsw\tft -I.\bsw\tft\fonts -I. -IGenerated_Source\PSoC5 -Wa,-alh=.\CortexM3\ARM_GCC_541\Debug/TFT_RES.lst -g -D DEBUG -D CY_CORE_ID=0 -Wall -ffunction-sections -ffat-lto-objects -Og -c Generated_Source\PSoC5\TFT_RES.c -o .\CortexM3\ARM_GCC_541\Debug\TFT_RES.o
arm-none-eabi-gcc.exe -mcpu=cortex-m3 -mthumb -I.\source\asw -I.\source\bsw -I.\source\bsw\TraceRecorder -I.\source\bsw\TraceRecorder\config -I.\source\bsw\TraceRecorder\include -I.\source\bsw\TraceRecorder\streamport -I.\source\bsw\LabBoard -I.\source\bsw\Services -I.\source\bsw\tft -I.\source\bsw\tft\fonts -I.\asw -I.\bsw -I.\rte -I.\bsw\LabBoard -I.\bsw\TraceRecorder\config -I.\bsw\TraceRecorder\include -I.\bsw\TraceRecorder\streamport -I.\bsw\Services -I.\bsw\tft -I.\bsw\tft\fonts -I. -IGenerated_Source\PSoC5 -Wa,-alh=.\CortexM3\ARM_GCC_541\Debug/TFT_CS.lst -g -D DEBUG -D CY_CORE_ID=0 -Wall -ffunction-sections -ffat-lto-objects -Og -c Generated_Source\PSoC5\TFT_CS.c -o .\CortexM3\ARM_GCC_541\Debug\TFT_CS.o
arm-none-eabi-gcc.exe -mcpu=cortex-m3 -mthumb -I.\source\asw -I.\source\bsw -I.\source\bsw\TraceRecorder -I.\source\bsw\TraceRecorder\config -I.\source\bsw\TraceRecorder\include -I.\source\bsw\TraceRecorder\streamport -I.\source\bsw\LabBoard -I.\source\bsw\Services -I.\source\bsw\tft -I.\source\bsw\tft\fonts -I.\asw -I.\bsw -I.\rte -I.\bsw\LabBoard -I.\bsw\TraceRecorder\config -I.\bsw\TraceRecorder\include -I.\bsw\TraceRecorder\streamport -I.\bsw\Services -I.\bsw\tft -I.\bsw\tft\fonts -I. -IGenerated_Source\PSoC5 -Wa,-alh=.\CortexM3\ARM_GCC_541\Debug/TFT_LED.lst -g -D DEBUG -D CY_CORE_ID=0 -Wall -ffunction-sections -ffat-lto-objects -Og -c Generated_Source\PSoC5\TFT_LED.c -o .\CortexM3\ARM_GCC_541\Debug\TFT_LED.o
arm-none-eabi-gcc.exe -mcpu=cortex-m3 -mthumb -I.\source\asw -I.\source\bsw -I.\source\bsw\TraceRecorder -I.\source\bsw\TraceRecorder\config -I.\source\bsw\TraceRecorder\include -I.\source\bsw\TraceRecorder\streamport -I.\source\bsw\LabBoard -I.\source\bsw\Services -I.\source\bsw\tft -I.\source\bsw\tft\fonts -I.\asw -I.\bsw -I.\rte -I.\bsw\LabBoard -I.\bsw\TraceRecorder\config -I.\bsw\TraceRecorder\include -I.\bsw\TraceRecorder\streamport -I.\bsw\Services -I.\bsw\tft -I.\bsw\tft\fonts -I. -IGenerated_Source\PSoC5 -Wa,-alh=.\CortexM3\ARM_GCC_541\Debug/TFT_SDA.lst -g -D DEBUG -D CY_CORE_ID=0 -Wall -ffunction-sections -ffat-lto-objects -Og -c Generated_Source\PSoC5\TFT_SDA.c -o .\CortexM3\ARM_GCC_541\Debug\TFT_SDA.o
arm-none-eabi-gcc.exe -mcpu=cortex-m3 -mthumb -I.\source\asw -I.\source\bsw -I.\source\bsw\TraceRecorder -I.\source\bsw\TraceRecorder\config -I.\source\bsw\TraceRecorder\include -I.\source\bsw\TraceRecorder\streamport -I.\source\bsw\LabBoard -I.\source\bsw\Services -I.\source\bsw\tft -I.\source\bsw\tft\fonts -I.\asw -I.\bsw -I.\rte -I.\bsw\LabBoard -I.\bsw\TraceRecorder\config -I.\bsw\TraceRecorder\include -I.\bsw\TraceRecorder\streamport -I.\bsw\Services -I.\bsw\tft -I.\bsw\tft\fonts -I. -IGenerated_Source\PSoC5 -Wa,-alh=.\CortexM3\ARM_GCC_541\Debug/TFT_BackLight.lst -g -D DEBUG -D CY_CORE_ID=0 -Wall -ffunction-sections -ffat-lto-objects -Og -c Generated_Source\PSoC5\TFT_BackLight.c -o .\CortexM3\ARM_GCC_541\Debug\TFT_BackLight.o
arm-none-eabi-gcc.exe -mcpu=cortex-m3 -mthumb -I.\source\asw -I.\source\bsw -I.\source\bsw\TraceRecorder -I.\source\bsw\TraceRecorder\config -I.\source\bsw\TraceRecorder\include -I.\source\bsw\TraceRecorder\streamport -I.\source\bsw\LabBoard -I.\source\bsw\Services -I.\source\bsw\tft -I.\source\bsw\tft\fonts -I.\asw -I.\bsw -I.\rte -I.\bsw\LabBoard -I.\bsw\TraceRecorder\config -I.\bsw\TraceRecorder\include -I.\bsw\TraceRecorder\streamport -I.\bsw\Services -I.\bsw\tft -I.\bsw\tft\fonts -I. -IGenerated_Source\PSoC5 -Wa,-alh=.\CortexM3\ARM_GCC_541\Debug/TFT_BackLight_PM.lst -g -D DEBUG -D CY_CORE_ID=0 -Wall -ffunction-sections -ffat-lto-objects -Og -c Generated_Source\PSoC5\TFT_BackLight_PM.c -o .\CortexM3\ARM_GCC_541\Debug\TFT_BackLight_PM.o
arm-none-eabi-gcc.exe -mcpu=cortex-m3 -mthumb -I.\source\asw -I.\source\bsw -I.\source\bsw\TraceRecorder -I.\source\bsw\TraceRecorder\config -I.\source\bsw\TraceRecorder\include -I.\source\bsw\TraceRecorder\streamport -I.\source\bsw\LabBoard -I.\source\bsw\Services -I.\source\bsw\tft -I.\source\bsw\tft\fonts -I.\asw -I.\bsw -I.\rte -I.\bsw\LabBoard -I.\bsw\TraceRecorder\config -I.\bsw\TraceRecorder\include -I.\bsw\TraceRecorder\streamport -I.\bsw\Services -I.\bsw\tft -I.\bsw\tft\fonts -I. -IGenerated_Source\PSoC5 -Wa,-alh=.\CortexM3\ARM_GCC_541\Debug/CLK_LED.lst -g -D DEBUG -D CY_CORE_ID=0 -Wall -ffunction-sections -ffat-lto-objects -Og -c Generated_Source\PSoC5\CLK_LED.c -o .\CortexM3\ARM_GCC_541\Debug\CLK_LED.o
arm-none-eabi-gcc.exe -mcpu=cortex-m3 -mthumb -I.\source\asw -I.\source\bsw -I.\source\bsw\TraceRecorder -I.\source\bsw\TraceRecorder\config -I.\source\bsw\TraceRecorder\include -I.\source\bsw\TraceRecorder\streamport -I.\source\bsw\LabBoard -I.\source\bsw\Services -I.\source\bsw\tft -I.\source\bsw\tft\fonts -I.\asw -I.\bsw -I.\rte -I.\bsw\LabBoard -I.\bsw\TraceRecorder\config -I.\bsw\TraceRecorder\include -I.\bsw\TraceRecorder\streamport -I.\bsw\Services -I.\bsw\tft -I.\bsw\tft\fonts -I. -IGenerated_Source\PSoC5 -Wa,-alh=.\CortexM3\ARM_GCC_541\Debug/UART_LOG_IntClock.lst -g -D DEBUG -D CY_CORE_ID=0 -Wall -ffunction-sections -ffat-lto-objects -Og -c Generated_Source\PSoC5\UART_LOG_IntClock.c -o .\CortexM3\ARM_GCC_541\Debug\UART_LOG_IntClock.o
arm-none-eabi-gcc.exe -mcpu=cortex-m3 -mthumb -I.\source\asw -I.\source\bsw -I.\source\bsw\TraceRecorder -I.\source\bsw\TraceRecorder\config -I.\source\bsw\TraceRecorder\include -I.\source\bsw\TraceRecorder\streamport -I.\source\bsw\LabBoard -I.\source\bsw\Services -I.\source\bsw\tft -I.\source\bsw\tft\fonts -I.\asw -I.\bsw -I.\rte -I.\bsw\LabBoard -I.\bsw\TraceRecorder\config -I.\bsw\TraceRecorder\include -I.\bsw\TraceRecorder\streamport -I.\bsw\Services -I.\bsw\tft -I.\bsw\tft\fonts -I. -IGenerated_Source\PSoC5 -Wa,-alh=.\CortexM3\ARM_GCC_541\Debug/USBUART_Dm.lst -g -D DEBUG -D CY_CORE_ID=0 -Wall -ffunction-sections -ffat-lto-objects -Og -c Generated_Source\PSoC5\USBUART_Dm.c -o .\CortexM3\ARM_GCC_541\Debug\USBUART_Dm.o
arm-none-eabi-gcc.exe -mcpu=cortex-m3 -mthumb -I.\source\asw -I.\source\bsw -I.\source\bsw\TraceRecorder -I.\source\bsw\TraceRecorder\config -I.\source\bsw\TraceRecorder\include -I.\source\bsw\TraceRecorder\streamport -I.\source\bsw\LabBoard -I.\source\bsw\Services -I.\source\bsw\tft -I.\source\bsw\tft\fonts -I.\asw -I.\bsw -I.\rte -I.\bsw\LabBoard -I.\bsw\TraceRecorder\config -I.\bsw\TraceRecorder\include -I.\bsw\TraceRecorder\streamport -I.\bsw\Services -I.\bsw\tft -I.\bsw\tft\fonts -I. -IGenerated_Source\PSoC5 -Wa,-alh=.\CortexM3\ARM_GCC_541\Debug/USBUART_Dp.lst -g -D DEBUG -D CY_CORE_ID=0 -Wall -ffunction-sections -ffat-lto-objects -Og -c Generated_Source\PSoC5\USBUART_Dp.c -o .\CortexM3\ARM_GCC_541\Debug\USBUART_Dp.o
arm-none-eabi-gcc.exe -mcpu=cortex-m3 -mthumb -I.\source\asw -I.\source\bsw -I.\source\bsw\TraceRecorder -I.\source\bsw\TraceRecorder\config -I.\source\bsw\TraceRecorder\include -I.\source\bsw\TraceRecorder\streamport -I.\source\bsw\LabBoard -I.\source\bsw\Services -I.\source\bsw\tft -I.\source\bsw\tft\fonts -I.\asw -I.\bsw -I.\rte -I.\bsw\LabBoard -I.\bsw\TraceRecorder\config -I.\bsw\TraceRecorder\include -I.\bsw\TraceRecorder\streamport -I.\bsw\Services -I.\bsw\tft -I.\bsw\tft\fonts -I. -IGenerated_Source\PSoC5 -Wa,-alh=.\CortexM3\ARM_GCC_541\Debug/JOYSTICK_ADC_XY_SAR.lst -g -D DEBUG -D CY_CORE_ID=0 -Wall -ffunction-sections -ffat-lto-objects -Og -c Generated_Source\PSoC5\JOYSTICK_ADC_XY_SAR.c -o .\CortexM3\ARM_GCC_541\Debug\JOYSTICK_ADC_XY_SAR.o
arm-none-eabi-gcc.exe -mcpu=cortex-m3 -mthumb -I.\source\asw -I.\source\bsw -I.\source\bsw\TraceRecorder -I.\source\bsw\TraceRecorder\config -I.\source\bsw\TraceRecorder\include -I.\source\bsw\TraceRecorder\streamport -I.\source\bsw\LabBoard -I.\source\bsw\Services -I.\source\bsw\tft -I.\source\bsw\tft\fonts -I.\asw -I.\bsw -I.\rte -I.\bsw\LabBoard -I.\bsw\TraceRecorder\config -I.\bsw\TraceRecorder\include -I.\bsw\TraceRecorder\streamport -I.\bsw\Services -I.\bsw\tft -I.\bsw\tft\fonts -I. -IGenerated_Source\PSoC5 -Wa,-alh=.\CortexM3\ARM_GCC_541\Debug/JOYSTICK_ADC_XY_SAR_INT.lst -g -D DEBUG -D CY_CORE_ID=0 -Wall -ffunction-sections -ffat-lto-objects -Og -c Generated_Source\PSoC5\JOYSTICK_ADC_XY_SAR_INT.c -o .\CortexM3\ARM_GCC_541\Debug\JOYSTICK_ADC_XY_SAR_INT.o
arm-none-eabi-gcc.exe -mcpu=cortex-m3 -mthumb -I.\source\asw -I.\source\bsw -I.\source\bsw\TraceRecorder -I.\source\bsw\TraceRecorder\config -I.\source\bsw\TraceRecorder\include -I.\source\bsw\TraceRecorder\streamport -I.\source\bsw\LabBoard -I.\source\bsw\Services -I.\source\bsw\tft -I.\source\bsw\tft\fonts -I.\asw -I.\bsw -I.\rte -I.\bsw\LabBoard -I.\bsw\TraceRecorder\config -I.\bsw\TraceRecorder\include -I.\bsw\TraceRecorder\streamport -I.\bsw\Services -I.\bsw\tft -I.\bsw\tft\fonts -I. -IGenerated_Source\PSoC5 -Wa,-alh=.\CortexM3\ARM_GCC_541\Debug/JOYSTICK_ADC_XY_SAR_PM.lst -g -D DEBUG -D CY_CORE_ID=0 -Wall -ffunction-sections -ffat-lto-objects -Og -c Generated_Source\PSoC5\JOYSTICK_ADC_XY_SAR_PM.c -o .\CortexM3\ARM_GCC_541\Debug\JOYSTICK_ADC_XY_SAR_PM.o
arm-none-eabi-gcc.exe -mcpu=cortex-m3 -mthumb -I.\source\asw -I.\source\bsw -I.\source\bsw\TraceRecorder -I.\source\bsw\TraceRecorder\config -I.\source\bsw\TraceRecorder\include -I.\source\bsw\TraceRecorder\streamport -I.\source\bsw\LabBoard -I.\source\bsw\Services -I.\source\bsw\tft -I.\source\bsw\tft\fonts -I.\asw -I.\bsw -I.\rte -I.\bsw\LabBoard -I.\bsw\TraceRecorder\config -I.\bsw\TraceRecorder\include -I.\bsw\TraceRecorder\streamport -I.\bsw\Services -I.\bsw\tft -I.\bsw\tft\fonts -I. -IGenerated_Source\PSoC5 -Wa,-alh=.\CortexM3\ARM_GCC_541\Debug/JOYSTICK_ADC_XY_IntClock.lst -g -D DEBUG -D CY_CORE_ID=0 -Wall -ffunction-sections -ffat-lto-objects -Og -c Generated_Source\PSoC5\JOYSTICK_ADC_XY_IntClock.c -o .\CortexM3\ARM_GCC_541\Debug\JOYSTICK_ADC_XY_IntClock.o
arm-none-eabi-gcc.exe -mcpu=cortex-m3 -mthumb -I.\source\asw -I.\source\bsw -I.\source\bsw\TraceRecorder -I.\source\bsw\TraceRecorder\config -I.\source\bsw\TraceRecorder\include -I.\source\bsw\TraceRecorder\streamport -I.\source\bsw\LabBoard -I.\source\bsw\Services -I.\source\bsw\tft -I.\source\bsw\tft\fonts -I.\asw -I.\bsw -I.\rte -I.\bsw\LabBoard -I.\bsw\TraceRecorder\config -I.\bsw\TraceRecorder\include -I.\bsw\TraceRecorder\streamport -I.\bsw\Services -I.\bsw\tft -I.\bsw\tft\fonts -I. -IGenerated_Source\PSoC5 -Wa,-alh=.\CortexM3\ARM_GCC_541\Debug/JOYSTICK_ADC_XY_TempBuf_dma.lst -g -D DEBUG -D CY_CORE_ID=0 -Wall -ffunction-sections -ffat-lto-objects -Og -c Generated_Source\PSoC5\JOYSTICK_ADC_XY_TempBuf_dma.c -o .\CortexM3\ARM_GCC_541\Debug\JOYSTICK_ADC_XY_TempBuf_dma.o
arm-none-eabi-gcc.exe -mcpu=cortex-m3 -mthumb -I.\source\asw -I.\source\bsw -I.\source\bsw\TraceRecorder -I.\source\bsw\TraceRecorder\config -I.\source\bsw\TraceRecorder\include -I.\source\bsw\TraceRecorder\streamport -I.\source\bsw\LabBoard -I.\source\bsw\Services -I.\source\bsw\tft -I.\source\bsw\tft\fonts -I.\asw -I.\bsw -I.\rte -I.\bsw\LabBoard -I.\bsw\TraceRecorder\config -I.\bsw\TraceRecorder\include -I.\bsw\TraceRecorder\streamport -I.\bsw\Services -I.\bsw\tft -I.\bsw\tft\fonts -I. -IGenerated_Source\PSoC5 -Wa,-alh=.\CortexM3\ARM_GCC_541\Debug/JOYSTICK_ADC_XY_FinalBuf_dma.lst -g -D DEBUG -D CY_CORE_ID=0 -Wall -ffunction-sections -ffat-lto-objects -Og -c Generated_Source\PSoC5\JOYSTICK_ADC_XY_FinalBuf_dma.c -o .\CortexM3\ARM_GCC_541\Debug\JOYSTICK_ADC_XY_FinalBuf_dma.o
arm-none-eabi-gcc.exe -mcpu=cortex-m3 -mthumb -I.\source\asw -I.\source\bsw -I.\source\bsw\TraceRecorder -I.\source\bsw\TraceRecorder\config -I.\source\bsw\TraceRecorder\include -I.\source\bsw\TraceRecorder\streamport -I.\source\bsw\LabBoard -I.\source\bsw\Services -I.\source\bsw\tft -I.\source\bsw\tft\fonts -I.\asw -I.\bsw -I.\rte -I.\bsw\LabBoard -I.\bsw\TraceRecorder\config -I.\bsw\TraceRecorder\include -I.\bsw\TraceRecorder\streamport -I.\bsw\Services -I.\bsw\tft -I.\bsw\tft\fonts -I. -IGenerated_Source\PSoC5 -Wa,-alh=.\CortexM3\ARM_GCC_541\Debug/JOYSTICK_ADC_XY_IRQ.lst -g -D DEBUG -D CY_CORE_ID=0 -Wall -ffunction-sections -ffat-lto-objects -Og -c Generated_Source\PSoC5\JOYSTICK_ADC_XY_IRQ.c -o .\CortexM3\ARM_GCC_541\Debug\JOYSTICK_ADC_XY_IRQ.o
arm-none-eabi-gcc.exe -mcpu=cortex-m3 -mthumb -I.\source\asw -I.\source\bsw -I.\source\bsw\TraceRecorder -I.\source\bsw\TraceRecorder\config -I.\source\bsw\TraceRecorder\include -I.\source\bsw\TraceRecorder\streamport -I.\source\bsw\LabBoard -I.\source\bsw\Services -I.\source\bsw\tft -I.\source\bsw\tft\fonts -I.\asw -I.\bsw -I.\rte -I.\bsw\LabBoard -I.\bsw\TraceRecorder\config -I.\bsw\TraceRecorder\include -I.\bsw\TraceRecorder\streamport -I.\bsw\Services -I.\bsw\tft -I.\bsw\tft\fonts -I. -IGenerated_Source\PSoC5 -Wa,-alh=.\CortexM3\ARM_GCC_541\Debug/TFT_SPI_IntClock.lst -g -D DEBUG -D CY_CORE_ID=0 -Wall -ffunction-sections -ffat-lto-objects -Og -c Generated_Source\PSoC5\TFT_SPI_IntClock.c -o .\CortexM3\ARM_GCC_541\Debug\TFT_SPI_IntClock.o
arm-none-eabi-gcc.exe -mcpu=cortex-m3 -mthumb -I.\source\asw -I.\source\bsw -I.\source\bsw\TraceRecorder -I.\source\bsw\TraceRecorder\config -I.\source\bsw\TraceRecorder\include -I.\source\bsw\TraceRecorder\streamport -I.\source\bsw\LabBoard -I.\source\bsw\Services -I.\source\bsw\tft -I.\source\bsw\tft\fonts -I.\asw -I.\bsw -I.\rte -I.\bsw\LabBoard -I.\bsw\TraceRecorder\config -I.\bsw\TraceRecorder\include -I.\bsw\TraceRecorder\streamport -I.\bsw\Services -I.\bsw\tft -I.\bsw\tft\fonts -I. -IGenerated_Source\PSoC5 -Wa,-alh=.\CortexM3\ARM_GCC_541\Debug/Cm3Start.lst -g -D DEBUG -D CY_CORE_ID=0 -Wall -ffunction-sections -ffat-lto-objects -Og -c Generated_Source\PSoC5\Cm3Start.c -o .\CortexM3\ARM_GCC_541\Debug\Cm3Start.o
arm-none-eabi-gcc.exe -mcpu=cortex-m3 -mthumb -I.\source\asw -I.\source\bsw -I.\source\bsw\TraceRecorder -I.\source\bsw\TraceRecorder\config -I.\source\bsw\TraceRecorder\include -I.\source\bsw\TraceRecorder\streamport -I.\source\bsw\LabBoard -I.\source\bsw\Services -I.\source\bsw\tft -I.\source\bsw\tft\fonts -I.\asw -I.\bsw -I.\rte -I.\bsw\LabBoard -I.\bsw\TraceRecorder\config -I.\bsw\TraceRecorder\include -I.\bsw\TraceRecorder\streamport -I.\bsw\Services -I.\bsw\tft -I.\bsw\tft\fonts -I. -IGenerated_Source\PSoC5 -Wa,-alh=.\CortexM3\ARM_GCC_541\Debug/CyDmac.lst -g -D DEBUG -D CY_CORE_ID=0 -Wall -ffunction-sections -ffat-lto-objects -Og -c Generated_Source\PSoC5\CyDmac.c -o .\CortexM3\ARM_GCC_541\Debug\CyDmac.o
arm-none-eabi-gcc.exe -mcpu=cortex-m3 -mthumb -I.\source\asw -I.\source\bsw -I.\source\bsw\TraceRecorder -I.\source\bsw\TraceRecorder\config -I.\source\bsw\TraceRecorder\include -I.\source\bsw\TraceRecorder\streamport -I.\source\bsw\LabBoard -I.\source\bsw\Services -I.\source\bsw\tft -I.\source\bsw\tft\fonts -I.\asw -I.\bsw -I.\rte -I.\bsw\LabBoard -I.\bsw\TraceRecorder\config -I.\bsw\TraceRecorder\include -I.\bsw\TraceRecorder\streamport -I.\bsw\Services -I.\bsw\tft -I.\bsw\tft\fonts -I. -IGenerated_Source\PSoC5 -Wa,-alh=.\CortexM3\ARM_GCC_541\Debug/CyFlash.lst -g -D DEBUG -D CY_CORE_ID=0 -Wall -ffunction-sections -ffat-lto-objects -Og -c Generated_Source\PSoC5\CyFlash.c -o .\CortexM3\ARM_GCC_541\Debug\CyFlash.o
arm-none-eabi-gcc.exe -mcpu=cortex-m3 -mthumb -I.\source\asw -I.\source\bsw -I.\source\bsw\TraceRecorder -I.\source\bsw\TraceRecorder\config -I.\source\bsw\TraceRecorder\include -I.\source\bsw\TraceRecorder\streamport -I.\source\bsw\LabBoard -I.\source\bsw\Services -I.\source\bsw\tft -I.\source\bsw\tft\fonts -I.\asw -I.\bsw -I.\rte -I.\bsw\LabBoard -I.\bsw\TraceRecorder\config -I.\bsw\TraceRecorder\include -I.\bsw\TraceRecorder\streamport -I.\bsw\Services -I.\bsw\tft -I.\bsw\tft\fonts -I. -IGenerated_Source\PSoC5 -Wa,-alh=.\CortexM3\ARM_GCC_541\Debug/CyLib.lst -g -D DEBUG -D CY_CORE_ID=0 -Wall -ffunction-sections -ffat-lto-objects -Og -c Generated_Source\PSoC5\CyLib.c -o .\CortexM3\ARM_GCC_541\Debug\CyLib.o
arm-none-eabi-gcc.exe -mcpu=cortex-m3 -mthumb -I.\source\asw -I.\source\bsw -I.\source\bsw\TraceRecorder -I.\source\bsw\TraceRecorder\config -I.\source\bsw\TraceRecorder\include -I.\source\bsw\TraceRecorder\streamport -I.\source\bsw\LabBoard -I.\source\bsw\Services -I.\source\bsw\tft -I.\source\bsw\tft\fonts -I.\asw -I.\bsw -I.\rte -I.\bsw\LabBoard -I.\bsw\TraceRecorder\config -I.\bsw\TraceRecorder\include -I.\bsw\TraceRecorder\streamport -I.\bsw\Services -I.\bsw\tft -I.\bsw\tft\fonts -I. -IGenerated_Source\PSoC5 -Wa,-alh=.\CortexM3\ARM_GCC_541\Debug/cyPm.lst -g -D DEBUG -D CY_CORE_ID=0 -Wall -ffunction-sections -ffat-lto-objects -Og -c Generated_Source\PSoC5\cyPm.c -o .\CortexM3\ARM_GCC_541\Debug\cyPm.o
arm-none-eabi-gcc.exe -mcpu=cortex-m3 -mthumb -I.\source\asw -I.\source\bsw -I.\source\bsw\TraceRecorder -I.\source\bsw\TraceRecorder\config -I.\source\bsw\TraceRecorder\include -I.\source\bsw\TraceRecorder\streamport -I.\source\bsw\LabBoard -I.\source\bsw\Services -I.\source\bsw\tft -I.\source\bsw\tft\fonts -I.\asw -I.\bsw -I.\rte -I.\bsw\LabBoard -I.\bsw\TraceRecorder\config -I.\bsw\TraceRecorder\include -I.\bsw\TraceRecorder\streamport -I.\bsw\Services -I.\bsw\tft -I.\bsw\tft\fonts -I. -IGenerated_Source\PSoC5 -Wa,-alh=.\CortexM3\ARM_GCC_541\Debug/CySpc.lst -g -D DEBUG -D CY_CORE_ID=0 -Wall -ffunction-sections -ffat-lto-objects -Og -c Generated_Source\PSoC5\CySpc.c -o .\CortexM3\ARM_GCC_541\Debug\CySpc.o
arm-none-eabi-gcc.exe -mcpu=cortex-m3 -mthumb -I.\source\asw -I.\source\bsw -I.\source\bsw\TraceRecorder -I.\source\bsw\TraceRecorder\config -I.\source\bsw\TraceRecorder\include -I.\source\bsw\TraceRecorder\streamport -I.\source\bsw\LabBoard -I.\source\bsw\Services -I.\source\bsw\tft -I.\source\bsw\tft\fonts -I.\asw -I.\bsw -I.\rte -I.\bsw\LabBoard -I.\bsw\TraceRecorder\config -I.\bsw\TraceRecorder\include -I.\bsw\TraceRecorder\streamport -I.\bsw\Services -I.\bsw\tft -I.\bsw\tft\fonts -I. -IGenerated_Source\PSoC5 -Wa,-alh=.\CortexM3\ARM_GCC_541\Debug/cyutils.lst -g -D DEBUG -D CY_CORE_ID=0 -Wall -ffunction-sections -ffat-lto-objects -Og -c Generated_Source\PSoC5\cyutils.c -o .\CortexM3\ARM_GCC_541\Debug\cyutils.o
arm-none-eabi-gcc.exe -mcpu=cortex-m3 -mthumb -I.\source\asw -I.\source\bsw -I.\source\bsw\TraceRecorder -I.\source\bsw\TraceRecorder\config -I.\source\bsw\TraceRecorder\include -I.\source\bsw\TraceRecorder\streamport -I.\source\bsw\LabBoard -I.\source\bsw\Services -I.\source\bsw\tft -I.\source\bsw\tft\fonts -I.\asw -I.\bsw -I.\rte -I.\bsw\LabBoard -I.\bsw\TraceRecorder\config -I.\bsw\TraceRecorder\include -I.\bsw\TraceRecorder\streamport -I.\bsw\Services -I.\bsw\tft -I.\bsw\tft\fonts -I. -IGenerated_Source\PSoC5 -Wa,-alh=.\CortexM3\ARM_GCC_541\Debug/cy_em_eeprom.lst -g -D DEBUG -D CY_CORE_ID=0 -Wall -ffunction-sections -ffat-lto-objects -Og -c Generated_Source\PSoC5\cy_em_eeprom.c -o .\CortexM3\ARM_GCC_541\Debug\cy_em_eeprom.o
arm-none-eabi-as.exe -mcpu=cortex-m3 -mthumb -I. -IGenerated_Source\PSoC5 -alh=.\CortexM3\ARM_GCC_541\Debug/ErikaOS_1_ee_gnu_change_context_isr.lst -g -W -o .\CortexM3\ARM_GCC_541\Debug\ErikaOS_1_ee_gnu_change_context_isr.o Generated_Source\PSoC5\ErikaOS_1_ee_gnu_change_context_isr.s
arm-none-eabi-as.exe -mcpu=cortex-m3 -mthumb -I. -IGenerated_Source\PSoC5 -alh=.\CortexM3\ARM_GCC_541\Debug/ErikaOS_1_ee_gnu_irq_stack.lst -g -W -o .\CortexM3\ARM_GCC_541\Debug\ErikaOS_1_ee_gnu_irq_stack.o Generated_Source\PSoC5\ErikaOS_1_ee_gnu_irq_stack.s
arm-none-eabi-as.exe -mcpu=cortex-m3 -mthumb -I. -IGenerated_Source\PSoC5 -alh=.\CortexM3\ARM_GCC_541\Debug/ErikaOS_1_ee_gnu_multi_context.lst -g -W -o .\CortexM3\ARM_GCC_541\Debug\ErikaOS_1_ee_gnu_multi_context.o Generated_Source\PSoC5\ErikaOS_1_ee_gnu_multi_context.s
arm-none-eabi-as.exe -mcpu=cortex-m3 -mthumb -I. -IGenerated_Source\PSoC5 -alh=.\CortexM3\ARM_GCC_541\Debug/ErikaOS_1_ee_gnu_oo.lst -g -W -o .\CortexM3\ARM_GCC_541\Debug\ErikaOS_1_ee_gnu_oo.o Generated_Source\PSoC5\ErikaOS_1_ee_gnu_oo.s
arm-none-eabi-as.exe -mcpu=cortex-m3 -mthumb -I. -IGenerated_Source\PSoC5 -alh=.\CortexM3\ARM_GCC_541\Debug/CyBootAsmGnu.lst -g -W -o .\CortexM3\ARM_GCC_541\Debug\CyBootAsmGnu.o Generated_Source\PSoC5\CyBootAsmGnu.s
arm-none-eabi-ar.exe -rs .\CortexM3\ARM_GCC_541\Debug\electronicClock.a .\CortexM3\ARM_GCC_541\Debug\ErikaOS_1_ee_activate.o .\CortexM3\ARM_GCC_541\Debug\ErikaOS_1_ee_alcancel.o .\CortexM3\ARM_GCC_541\Debug\ErikaOS_1_ee_alget.o .\CortexM3\ARM_GCC_541\Debug\ErikaOS_1_ee_algetbase.o .\CortexM3\ARM_GCC_541\Debug\ErikaOS_1_ee_alsetabs.o .\CortexM3\ARM_GCC_541\Debug\ErikaOS_1_ee_alsetrel.o .\CortexM3\ARM_GCC_541\Debug\ErikaOS_1_ee_altick.o .\CortexM3\ARM_GCC_541\Debug\ErikaOS_1_ee_chaintas.o .\CortexM3\ARM_GCC_541\Debug\ErikaOS_1_ee_evclear.o .\CortexM3\ARM_GCC_541\Debug\ErikaOS_1_ee_evget.o .\CortexM3\ARM_GCC_541\Debug\ErikaOS_1_ee_evset.o .\CortexM3\ARM_GCC_541\Debug\ErikaOS_1_ee_evwait.o .\CortexM3\ARM_GCC_541\Debug\ErikaOS_1_ee_force_schedule.o .\CortexM3\ARM_GCC_541\Debug\ErikaOS_1_ee_getcountervalue.o .\CortexM3\ARM_GCC_541\Debug\ErikaOS_1_ee_getelapsedvalue.o .\CortexM3\ARM_GCC_541\Debug\ErikaOS_1_ee_gettaskid.o .\CortexM3\ARM_GCC_541\Debug\ErikaOS_1_ee_gettaskstate.o .\CortexM3\ARM_GCC_541\Debug\ErikaOS_1_ee_iparam.o .\CortexM3\ARM_GCC_541\Debug\ErikaOS_1_ee_irqendin.o .\CortexM3\ARM_GCC_541\Debug\ErikaOS_1_ee_lockres.o .\CortexM3\ARM_GCC_541\Debug\ErikaOS_1_ee_lookup.o .\CortexM3\ARM_GCC_541\Debug\ErikaOS_1_ee_rq_exchg.o .\CortexM3\ARM_GCC_541\Debug\ErikaOS_1_ee_rq_first.o .\CortexM3\ARM_GCC_541\Debug\ErikaOS_1_ee_rq_inser.o .\CortexM3\ARM_GCC_541\Debug\ErikaOS_1_ee_schedule.o .\CortexM3\ARM_GCC_541\Debug\ErikaOS_1_ee_semgetvalue.o .\CortexM3\ARM_GCC_541\Debug\ErikaOS_1_ee_sempost.o .\CortexM3\ARM_GCC_541\Debug\ErikaOS_1_ee_semtrywait.o .\CortexM3\ARM_GCC_541\Debug\ErikaOS_1_ee_semwait.o .\CortexM3\ARM_GCC_541\Debug\ErikaOS_1_ee_shtdown.o .\CortexM3\ARM_GCC_541\Debug\ErikaOS_1_ee_startos.o .\CortexM3\ARM_GCC_541\Debug\ErikaOS_1_ee_terminat.o .\CortexM3\ARM_GCC_541\Debug\ErikaOS_1_ee_thendin.o .\CortexM3\ARM_GCC_541\Debug\ErikaOS_1_ee_tnterm.o .\CortexM3\ARM_GCC_541\Debug\ErikaOS_1_ee_tstub.o .\CortexM3\ARM_GCC_541\Debug\ErikaOS_1_ee_ulockallres.o .\CortexM3\ARM_GCC_541\Debug\ErikaOS_1_ee_ulockres.o .\CortexM3\ARM_GCC_541\Debug\ErikaOS_1_cortex_mx_ee_context.o .\CortexM3\ARM_GCC_541\Debug\ErikaOS_1_cortex_mx_ee_system_timer.o .\CortexM3\ARM_GCC_541\Debug\ErikaOS_1_cortex_mx_ee_utils.o .\CortexM3\ARM_GCC_541\Debug\ErikaOS_1_common_ee_hal_structs.o .\CortexM3\ARM_GCC_541\Debug\ErikaOS_1_eecfg.o .\CortexM3\ARM_GCC_541\Debug\SEVEN_A.o .\CortexM3\ARM_GCC_541\Debug\SEVEN_B.o .\CortexM3\ARM_GCC_541\Debug\SEVEN_C.o .\CortexM3\ARM_GCC_541\Debug\SEVEN_D.o .\CortexM3\ARM_GCC_541\Debug\SEVEN_E.o .\CortexM3\ARM_GCC_541\Debug\SEVEN_F.o .\CortexM3\ARM_GCC_541\Debug\SEVEN_G.o .\CortexM3\ARM_GCC_541\Debug\SEVEN_DP.o .\CortexM3\ARM_GCC_541\Debug\SEVEN_SELECT.o .\CortexM3\ARM_GCC_541\Debug\SEVEN_reg.o .\CortexM3\ARM_GCC_541\Debug\SEVEN_reg_PM.o .\CortexM3\ARM_GCC_541\Debug\BUTTON_1.o .\CortexM3\ARM_GCC_541\Debug\isr_Button.o .\CortexM3\ARM_GCC_541\Debug\BUTTON_2.o .\CortexM3\ARM_GCC_541\Debug\LED_red.o .\CortexM3\ARM_GCC_541\Debug\LED_yellow.o .\CortexM3\ARM_GCC_541\Debug\LED_green.o .\CortexM3\ARM_GCC_541\Debug\UART_LOG.o .\CortexM3\ARM_GCC_541\Debug\UART_LOG_PM.o .\CortexM3\ARM_GCC_541\Debug\UART_LOG_INT.o .\CortexM3\ARM_GCC_541\Debug\UART_LOG_BOOT.o .\CortexM3\ARM_GCC_541\Debug\RGB_PWM_red.o .\CortexM3\ARM_GCC_541\Debug\RGB_PWM_red_PM.o .\CortexM3\ARM_GCC_541\Debug\PWM_Clock.o .\CortexM3\ARM_GCC_541\Debug\RGB_PWM_green.o .\CortexM3\ARM_GCC_541\Debug\RGB_PWM_green_PM.o .\CortexM3\ARM_GCC_541\Debug\RGB_PWM_blue.o .\CortexM3\ARM_GCC_541\Debug\RGB_PWM_blue_PM.o .\CortexM3\ARM_GCC_541\Debug\RGB_R.o .\CortexM3\ARM_GCC_541\Debug\RGB_G.o .\CortexM3\ARM_GCC_541\Debug\RGB_B.o .\CortexM3\ARM_GCC_541\Debug\USBUART.o .\CortexM3\ARM_GCC_541\Debug\USBUART_audio.o .\CortexM3\ARM_GCC_541\Debug\USBUART_boot.o .\CortexM3\ARM_GCC_541\Debug\USBUART_cdc.o .\CortexM3\ARM_GCC_541\Debug\USBUART_cls.o .\CortexM3\ARM_GCC_541\Debug\USBUART_descr.o .\CortexM3\ARM_GCC_541\Debug\USBUART_drv.o .\CortexM3\ARM_GCC_541\Debug\USBUART_episr.o .\CortexM3\ARM_GCC_541\Debug\USBUART_hid.o .\CortexM3\ARM_GCC_541\Debug\USBUART_pm.o .\CortexM3\ARM_GCC_541\Debug\USBUART_std.o .\CortexM3\ARM_GCC_541\Debug\USBUART_vnd.o .\CortexM3\ARM_GCC_541\Debug\USBUART_midi.o .\CortexM3\ARM_GCC_541\Debug\USBUART_msc.o .\CortexM3\ARM_GCC_541\Debug\BUTTON_JOYSTICK.o .\CortexM3\ARM_GCC_541\Debug\isr_Button_Joystick.o .\CortexM3\ARM_GCC_541\Debug\JOYSTICK_X.o .\CortexM3\ARM_GCC_541\Debug\JOYSTICK_Y.o .\CortexM3\ARM_GCC_541\Debug\JOYSTICK_ADC_XY.o .\CortexM3\ARM_GCC_541\Debug\JOYSTICK_ADC_XY_PM.o .\CortexM3\ARM_GCC_541\Debug\JOYSTICK_ADC_XY_INT.o .\CortexM3\ARM_GCC_541\Debug\TFT_SPI.o .\CortexM3\ARM_GCC_541\Debug\TFT_SPI_PM.o .\CortexM3\ARM_GCC_541\Debug\TFT_SPI_INT.o .\CortexM3\ARM_GCC_541\Debug\TFT_SCL.o .\CortexM3\ARM_GCC_541\Debug\TFT_DC.o .\CortexM3\ARM_GCC_541\Debug\TFT_RES.o .\CortexM3\ARM_GCC_541\Debug\TFT_CS.o .\CortexM3\ARM_GCC_541\Debug\TFT_LED.o .\CortexM3\ARM_GCC_541\Debug\TFT_SDA.o .\CortexM3\ARM_GCC_541\Debug\TFT_BackLight.o .\CortexM3\ARM_GCC_541\Debug\TFT_BackLight_PM.o .\CortexM3\ARM_GCC_541\Debug\CLK_LED.o .\CortexM3\ARM_GCC_541\Debug\UART_LOG_IntClock.o .\CortexM3\ARM_GCC_541\Debug\USBUART_Dm.o .\CortexM3\ARM_GCC_541\Debug\USBUART_Dp.o .\CortexM3\ARM_GCC_541\Debug\JOYSTICK_ADC_XY_SAR.o .\CortexM3\ARM_GCC_541\Debug\JOYSTICK_ADC_XY_SAR_INT.o .\CortexM3\ARM_GCC_541\Debug\JOYSTICK_ADC_XY_SAR_PM.o .\CortexM3\ARM_GCC_541\Debug\JOYSTICK_ADC_XY_IntClock.o .\CortexM3\ARM_GCC_541\Debug\JOYSTICK_ADC_XY_TempBuf_dma.o .\CortexM3\ARM_GCC_541\Debug\JOYSTICK_ADC_XY_FinalBuf_dma.o .\CortexM3\ARM_GCC_541\Debug\JOYSTICK_ADC_XY_IRQ.o .\CortexM3\ARM_GCC_541\Debug\TFT_SPI_IntClock.o .\CortexM3\ARM_GCC_541\Debug\CyDmac.o .\CortexM3\ARM_GCC_541\Debug\CyFlash.o .\CortexM3\ARM_GCC_541\Debug\CyLib.o .\CortexM3\ARM_GCC_541\Debug\cyPm.o .\CortexM3\ARM_GCC_541\Debug\CySpc.o .\CortexM3\ARM_GCC_541\Debug\cyutils.o .\CortexM3\ARM_GCC_541\Debug\cy_em_eeprom.o .\CortexM3\ARM_GCC_541\Debug\ErikaOS_1_ee_gnu_change_context_isr.o .\CortexM3\ARM_GCC_541\Debug\ErikaOS_1_ee_gnu_irq_stack.o .\CortexM3\ARM_GCC_541\Debug\ErikaOS_1_ee_gnu_multi_context.o .\CortexM3\ARM_GCC_541\Debug\ErikaOS_1_ee_gnu_oo.o .\CortexM3\ARM_GCC_541\Debug\CyBootAsmGnu.o
arm-none-eabi-ar.exe: creating .\CortexM3\ARM_GCC_541\Debug\electronicClock.a
arm-none-eabi-gcc.exe -Wl,--start-group -o C:\Users\91819\Documents\HDA_Sem2\EAA\Lab\Workspace01\Workspace01\electronicClock.cydsn\CortexM3\ARM_GCC_541\Debug\electronicClock.elf .\CortexM3\ARM_GCC_541\Debug\swc_clock.o .\CortexM3\ARM_GCC_541\Debug\tsk_control.o .\CortexM3\ARM_GCC_541\Debug\tsk_io.o .\CortexM3\ARM_GCC_541\Debug\main.o .\CortexM3\ARM_GCC_541\Debug\logging.o .\CortexM3\ARM_GCC_541\Debug\tft.o .\CortexM3\ARM_GCC_541\Debug\trcKernelPort.o .\CortexM3\ARM_GCC_541\Debug\trcSnapshotRecorder.o .\CortexM3\ARM_GCC_541\Debug\trcStreamingRecorder.o .\CortexM3\ARM_GCC_541\Debug\button.o .\CortexM3\ARM_GCC_541\Debug\joystick.o .\CortexM3\ARM_GCC_541\Debug\led.o .\CortexM3\ARM_GCC_541\Debug\seven.o .\CortexM3\ARM_GCC_541\Debug\rte.o .\CortexM3\ARM_GCC_541\Debug\sc_clock.o .\CortexM3\ARM_GCC_541\Debug\sc_clock_type.o .\CortexM3\ARM_GCC_541\Debug\sc_event.o .\CortexM3\ARM_GCC_541\Debug\sc_event_type.o .\CortexM3\ARM_GCC_541\Debug\sp_common.o .\CortexM3\ARM_GCC_541\Debug\cyfitter_cfg.o .\CortexM3\ARM_GCC_541\Debug\cymetadata.o .\CortexM3\ARM_GCC_541\Debug\Cm3Start.o .\CortexM3\ARM_GCC_541\Debug\electronicClock.a "C:\Program Files (x86)\Cypress\PSoC Creator\4.4\PSoC Creator\psoc\content\cycomponentlibrary\CyComponentLibrary.cylib\CortexM3\ARM_GCC_541\Debug\CyComponentLibrary.a" -mcpu=cortex-m3 -mthumb -L Generated_Source\PSoC5 -Wl,-Map,.\CortexM3\ARM_GCC_541\Debug/electronicClock.map -T Generated_Source\PSoC5\cm3gcc.ld -specs=nano.specs -Wl,--gc-sections -g -ffunction-sections -Og -ffat-lto-objects -Wl,--end-group
cyelftool.exe -C C:\Users\91819\Documents\HDA_Sem2\EAA\Lab\Workspace01\Workspace01\electronicClock.cydsn\CortexM3\ARM_GCC_541\Debug\electronicClock.elf --flash_row_size 256 --flash_size 262144 --flash_offset 0x00000000
No ELF section .cychecksum found, creating one
Application checksum calculated and stored in ELF section .cychecksum
Checksum calculated and stored in ELF section .cymeta
cyelftool.exe -S C:\Users\91819\Documents\HDA_Sem2\EAA\Lab\Workspace01\Workspace01\electronicClock.cydsn\CortexM3\ARM_GCC_541\Debug\electronicClock.elf
Flash used: 13270 of 262144 bytes (5.1%).
SRAM used: 5225 of 65536 bytes (8.0%). Stack: 2048 bytes. Heap: 128 bytes.
--------------- Rebuild Succeeded: 06/18/2022 12:38:46 ---------------
